:020000040000FA
:10000000C08D002015300100115B0200013001009D
:10001000013001000130010001300100000000004A
:100020000000000000000000000000008D31010011
:100030000130010000000000293101000130010001
:1000400055330100A38A02005533010055330100E6
:10005000553301005533010055330100553301007C
:10006000B98A020055330100553301008D8A020020
:10007000553301005533010055330100553301005C
:10008000553301005533010055330100553301004C
:10009000553301005533010055330100553301003C
:1000A000553301005533010055330100553301002C
:1000B000553301005533010055330100553301001C
:1000C000553301005533010055330100553301000C
:0C00D00055330100553301005533010089
:1000E00080EA101404F0F01480EA0410604081EA01
:1000F000111404F0F01481EA0411614082EA121430
:1001000004F0F01482EA0412624083EA131404F04B
:10011000F01483EA0413634080EA102404F47F445B
:1001200080EA0420604081EA112404F47F4481EADB
:100130000421614082EA122404F47F4482EA04220A
:10014000624083EA132404F47F4483EA0423634077
:1001500081EA500404F0553480EA4400614083EAA7
:10016000520404F0553482EA4402634082EA900467
:1001700004F0333480EA8400624083EA910404F09E
:10018000333481EA84016340704700BF82EA9004FF
:1001900004F0333480EA8400624083EA910404F07E
:1001A000333481EA8401634081EA500404F0553419
:1001B00080EA4400614083EA520404F0553482EA44
:1001C0004402634080EA102404F47F4480EA04205F
:1001D000604081EA112404F47F4481EA04216140F3
:1001E00082EA122404F47F4482EA0422624083EA11
:1001F000132404F47F4483EA0423634080EA101448
:1002000004F0F01480EA0410604081EA111404F054
:10021000F01481EA0411614082EA121404F0F0142F
:1002200082EA0412624083EA131404F0F01483EAB1
:1002300004136340704700BF2DE9F14F94464FEA25
:10024000930B8A68CB6808684968FFF749FF0BF190
:10025000060E33E083EA134480EA134582EA13472B
:1002600046BA96EA3444604000F00F1684EA063439
:1002700020F00F1684EA161054BA94EA0106724070
:1002800002F00F1486EA043622F00F1486EA1412E4
:100290004CBA6540694001F00F1485EA043521F03D
:1002A0000F1485EA14115CBA67407B4003F00F1409
:1002B00087EA043723F00F1487EA1413BCE8F00030
:1002C0006040694072407B4000F0E03400F010353F
:1002D00000F00F3040EA540040EAC50080EA900484
:1002E00004F0332480EA8400604001F0E03401F03F
:1002F000103501F00F3141EA540141EAC50181EAAC
:10030000910404F0332481EA8401614002F0E03476
:1003100002F0103502F00F3242EA540242EAC502FE
:1003200082EA920404F0332482EA8402624003F0F9
:10033000E03403F0103503F00F3343EA540343EA8B
:10034000C50383EA930404F0332483EA84036340FF
:1003500081EA324787EA134581EA354690EA060486
:1003600084EA034B82EA1B4280EA044484EA05449F
:1003700083EA144A85EA14448BEA044B84EA37443E
:1003800081EA0B4181EA164104EA0A00454082EA0B
:1003900004082BEA080041408AEA0B0602EA06003C
:1003A00084EA34438AEA3A4603EA0607784045403D
:1003B000414088EA38478BEA3B4007EA000985EA72
:1003C000090583EA0709464006EA0906714085EAFD
:1003D000010005EA3546464006EA314181EA3041EE
:1003E00081EA364606EA304686EA3546344008EA6F
:1003F000010886EA01052A4086EA364003405A4051
:1004000081EA31431F407C4080EA030709EA07097B
:1004100088EA0908544088EA020806EA0A0601EA5E
:100420000B018AEA0B0215408AEA3A421040454025
:100430008BEA3B4003405E404240174079404D40CC
:100440004E40E443F64386EA18435D4085EA0540A2
:1004500083EA134386EA034183EA384284EA11437C
:1004600083EA04435FEA3343BEF1010E3FF6F2AE86
:100470001ED4BCE8F0006040694072407B4020BC64
:10048000FFF784FE28606960AA60EB60BDE8F08F2A
:100490002DE9E0414FF2F00280EA1031114080EA8C
:1004A0000130484041088208C3084FF0000E4FE772
:1004B00000F0113001F0113102F0113203F011336C
:1004C00040EA410040EA820040EAC3004FF2F002F5
:1004D00080EA1031114080EA01304840BDE8E081F7
:1004E0002DE9F04F02F11C050646074600EB850892
:1004F00051F8040B043A46F8040BF9D14FF0010C03
:10050000FFF7C6FF5FEA302080EA0C001ECF4140B3
:100510004A4053405C401EC62000464517D04FEA73
:100520004C0C1CF4807F18BFACF1E50C2C2DE7D0EF
:100530003C2D06D1FFF7ACFF06CF41404A4006C62E
:10054000100006CF41404A4006C61000D8E736E901
:100550000F00FFF7C5FD043D86E80F00F7D1BDE8A9
:10056000F08F00BF2DE9F14F03F11C0402EB840C66
:100570004FEA930B8A68CB6808684968FFF7B0FDBB
:100580003CE9F0006040694072407B400BF1060E90
:100590004EE083EA134480EA134582EA134746BAE1
:1005A00096EA3444604000F00F1684EA063420F0E6
:1005B0000F1684EA161054BA94EA0106724002F04B
:1005C0000F1486EA043622F00F1486EA14124CBA8D
:1005D0006540694001F00F1485EA043521F00F14DD
:1005E00085EA14115CBA67407B4003F00F1487EA78
:1005F000043723F00F1487EA141344BA44404DBA69
:100600004D4056BA56405FBA5F4087EA174886EABF
:10061000174B84EA17464FEA38488BEA1B4485EAB1
:100620001B4788EA1B4580EA3440694072407B40A2
:1006300000F0703400F0803500F00F3040EA4400E4
:1006400040EAD50080EA900404F0332480EA840074
:10065000604001F0703401F0803501F00F3141EA63
:10066000440141EAD50181EA910404F0332481EA8E
:100670008401614002F0703402F0803502F00F32E4
:1006800042EA440242EAD50282EA920404F03324A8
:1006900082EA8402624003F0703403F0803503F094
:1006A0000F3343EA440343EAD50383EA930404F097
:1006B000332483EA84036340C943DB4381EA0004B3
:1006C00083EA044686EA020183EA014382EA33456B
:1006D00083EA14435C4084EA00077FEA040A8AEA5A
:1006E000024A8AEA010B87EA11488AEA374A80EA15
:1006F000060181EA1A418AEA030A04EA0A0045402F
:1007000088EA040707EA0B0041408AEA0B0608EA78
:10071000060084EA34428AEA3A4602EA060358406E
:100720004540414087EA37438BEA3B4003EA0009F2
:1007300085EA090582EA0309464006EA090671408E
:1007400085EA010005EA3546464006EA314181EA7C
:10075000304181EA364606EA304686EA354634407C
:100760000F4086EA010508EA050886EA364002409D
:1007700088EA020881EA314213405C4080EA0203C1
:1007800009EA030987EA0907674088EA040806EAD4
:100790000A0601EA0B018AEA0B0425408AEA3A4478
:1007A000204045408BEA3B4B02EA0B02564084EA6C
:1007B0000B04234059406E40694087EA364080EA86
:1007C000384080EA060380EA104481EA134585EA4E
:1007D000344585EA17427D4082EA354180EA05408A
:1007E0003CE9F0006040694072407B40BEF1010E80
:1007F0003FF6CFAE20BCFFF7C9FC28606960AA6055
:10080000EB60BDE8F08F00BFFFF76ABE2DE9F0078F
:1008100091E8F807B2E802105B1854EB0C04B2E858
:1008200002104D4156EB0C06B2E802104F4158EB56
:100830000C08B2E8021059EB01095AEB0C0A80E8E7
:10084000F80780410130BDE8F00770472DE9F00757
:1008500091E8F807B2E802105B1A74EB0C04B2E8F6
:1008600002108D4176EB0C06B2E802108F4178EB56
:100870000C08B2E8021079EB01097AEB0C0A80E867
:10088000F80780414042BDE8F00770472DE9F007C6
:10089000524290E87800B1E880071740DB1918EA67
:1008A000020854EB080419EA020955EB09051AEA93
:1008B000020A56EB0A0678C090E87800B1E8800793
:1008C00017407B4118EA020854EB080419EA0209B0
:1008D00055EB09051AEA020A56EB0A0678C0804170
:1008E0000130BDE8F00770472DE9F007524290E86B
:1008F0007800B1E880071740DB1B18EA020874EBA8
:10090000080419EA020975EB09051AEA020A76EBEE
:100910000A0678C090E87800B1E880071740BB412C
:1009200018EA020874EB080419EA020975EB0905D4
:100930001AEA020A76EB0A0678C080414042BDE816
:10094000F00770472DE9F00152424FF0040890E89B
:10095000300091E8C000A31B1340E41AF618EB1B0B
:100960001340ED1AFF1830C0C0C1B8F10108EED134
:10097000BDE8F001704700BF00B592E8DC072DE943
:10098000DC07B1E8805702B4A7FB02510A95A8FB27
:10099000020BE7FB6310E9FB62B00B91A8FB03516C
:1009A000EAFB6201E7FB64B5E7FB6605E8FB661559
:1009B000CDF830B0A9FB03B6EAFB6316ECFB635637
:1009C000E8FB640BE9FB641BEAFB645BECFB646B18
:1009D0000D90ACFB0230059CEEFB6250E9FB6460BD
:1009E000EAFB64B0E7FB6431E8FB6451069CE8FB7A
:1009F0006461E9FB64B1EAFB64010E93A7FB043276
:100A0000079CE7FB6462E8FB64B2E9FB6402EAFB73
:100A10006412049CE9FB6453EAFB6463089CE7FBF3
:100A200064B3E8FB6403E9FB6413EAFB64230F95FA
:100A30005DF8049B99E80006DDF80080A9FB0854E6
:100A4000EAFB68B4DDF81080ECFB6804EEFB681488
:100A5000E9FB6824EAFB6834DDF80480EEFB686596
:100A6000E9FB68B5EAFB6805DDF81480ECFB681566
:100A7000EEFB6825E9FB6835EAFB68450F96DDF873
:100A80000880AEFB0876E9FB6806EAFB6816DDF82D
:100A90001880ECFB6826EEFB6836E9FB6846EAFB4B
:100AA0006856DDF80C80ECFB68B7EEFB6807E9FBE5
:100AB0006817EAFB6827DDF81C80ECFB6837EEFB63
:100AC0006847E9FB6857EAFB686708B000BD00BFEC
:100AD0002DE9F14F87B0FFF74FFFDDF81C8008F1DB
:100AE000200888E8FF00FFBC87E87F08BDE8F08F9A
:100AF00000B591E89857A3FB03520195A3FB0401AD
:100B0000E3FB6420E3FB67100292A3FB0752E3FBC5
:100B10006802E4FB6415E3FB6805E3FB69250391C8
:100B2000A4FB07B6E3FB6926E3FB6A56E4FB670B0D
:100B3000E4FB682BE3FB6A5BE3FB6C6B0490A4FBB8
:100B40000810E4FB6950E3FB6C60E3FB6EB0E7FB6D
:100B50006721E4FB6951E4FB6A61E3FB6EB1E4FBEE
:100B60006E010592A7FB0832E4FB6A62E4FB6CB2FB
:100B7000E4FB6E02E7FB6E12E7FB6853E7FB696379
:100B8000E4FB6CB3E7FB6C03E7FB6E13E8FB6E233F
:100B90000695A7FB0954E7FB6AB4E7FB6C04E8FB86
:100BA0006C14E8FB6E24E9FB6E34E8FB6865E7FB38
:100BB0006AB5E8FB6A05E8FB6C15E9FB6C25E9FB07
:100BC0006E35EAFB6E450796A8FB0976E8FB6A06D8
:100BD000E9FB6A16E9FB6C26EAFB6C36EAFB6E461B
:100BE000ECFB6E56E8FB69B7E9FB6907E9FB6A179E
:100BF000EAFB6A27EAFB6C37ECFB6C47ECFB6E57B1
:100C0000EEFB6E6700BD00BF2DE9F14F87B0FFF727
:100C10006FFFDDF81C8008F1200888E8FF00FFBCAA
:100C200087E87F08BDE8F08F30B44FF0000310F87C
:100C3000014B11F8015B013A84EA050443EA04031D
:100C4000F5D1A3F101034FEAD37030BC704700BF68
:100C50004FF0000310F8012B013943EA0203F9D1E8
:100C6000A3F101034FEAD370704700BF30B411F80D
:100C7000014B12F8015B6C4000F8014B013BF6D1CF
:100C800030BC70472DE9F00791E8F807B2E8021090
:100C90005B1854EB0C04B2E802104D4156EB0C0605
:100CA000B2E802104F4158EB0C08B2E8021059EBC1
:100CB00001095AEB0C0A8941B3F1FF3374F1FF3497
:100CC00075F1FF3576F1000677F1000778F100083D
:100CD00079F101097AF1FF3A51F100015B184C41B9
:100CE0004D4156F1000657F1000758F1000859EB45
:100CF000D1795AEB010A80E8F807BDE8F0077047A0
:100D00002DE9F00791E8F807B2E802105B1A74EBDE
:100D10000C04B2E802108D4176EB0C06B2E802102A
:100D20008F4178EB0C08B2E8021079EB01097AEBFD
:100D30000C0A89415B184C414D4156F1000657F1B0
:100D4000000758F1000859EBD1795AEB010A80E805
:100D5000F807BDE8F007704718EB040859EB0509E0
:100D60005AEB060A5BEB070B5FF0000C4CF1000C32
:100D700018EB050859EB06095AEB070A5BEB070B62
:100D800050EB0C005FF0000C51EB0C0152EB0C022D
:100D900063414CF1000CB8EB070879F100097AF1D6
:100DA000000A7BEB040BA841B141A241B3416CF1B5
:100DB000000CBBEB050BB041B941AA41BB416CF142
:100DC000000C4CF001068CF0020718EB060859EBFA
:100DD0006C095AEB6C0A7BEB6C0B70EB6C0471EBDF
:100DE0006C0572EB670653EB6C076CEB6C0C18EB45
:100DF0000C0059EB0C015AEB0C025BF1000354F1AF
:100E0000000455F1000556EBDC7657EB0C077047F4
:100E10002DE9F14F87B0FFF7AFFDDDF81080DDF869
:100E20001490DDF818A0FFF797FFBDE8000FFFF75B
:100E300093FF03B05DF8048B88E8FF00BDE8F08FF6
:100E40002DE9F14F87B0FFF753FEDDF81080DDF894
:100E50001490DDF818A0FFF77FFFBDE8000FFFF743
:100E60007BFF03B05DF8048B88E8FF00BDE8F08FDE
:100E7000064B074A5B7802604FF41A728280C37196
:100E80000822002382710372704700BFB81B002044
:100E90004FF10000064B074A5B7A02604FF49072F4
:100EA0008280C3710822FF2382710372704700BFE2
:100EB000B81B002067EC0000F8B5C41D002824F022
:100EC0000704054614BF2046002000F0E7FA071E7D
:100ED00002DA6FF00B00F8BD254EB1887088F37907
:100EE000B2790331033089B280B20BF04AFD002899
:100EF000EFDB737831783C4403341944002D24F03F
:100F0000030400FB01F114BF2046002000F04AFC5E
:100F100023180DB9002BDCDB717A184679B1033345
:100F2000002D23F0030414BF20460020728900F036
:100F3000ABFC0028CDDB20440DB90028C9DB317A99
:100F400091B1737A83B1C41D002D24F0070414BF3E
:100F50002046002003F03EFC0028BADB0DB1002043
:100F6000B9E72018B7D5B4E7002DF8D1B3E700BF33
:100F7000B81B00201FB572B6194BDD68EDB9BFF381
:100F80004F8F1849184BCA6802F4E0621343CB60D4
:100F9000BFF34F8F00BFFDE72346B2FBF6F25C1CA8
:100FA000002AF9D104AEDCB256FA83F303F80C2C14
:100FB0000A2234B901A8A847E1E7024600230A261D
:100FC000EDE7631E04AEDCB256FA83F3B0FBF2F633
:100FD00002FB1600303003F80C0C3046E9E700BF86
:100FE000B81B002000ED00E00400FA0507B50A4B2D
:100FF000DA88ADF8002068469A885B88ADF804204E
:10100000ADF8023001F074FE18B1FC219C20FFF70E
:10101000B1FF03B05DF804FBB81B002038B50546EE
:1010200040B30AF0C7FC10B94FF0FF3038BD0AF0EA
:1010300029F8B0F5FA7FF7D8104C1148E56000F0B8
:10104000A7F9002323744FF4807323801B2363804C
:10105000A38040F20323E3804FF4847323811F2392
:101060006381EFF3108472B600F0E4FC04B962B659
:101070000020DBE76FF01500D8E700BFB81B0020A9
:10108000ED0F000010B5002840D1234C237C032B2A
:1010900039D059B1002A3CD00239052936D8DFE8C9
:1010A00001F0031227352A2D137863700020FFF713
:1010B00003FF0028B7BF0123022323746FF00B0046
:1010C000A8BF237410BD13791BB353790BB31188D8
:1010D000FB291ED853881B3B9BB2E02B19D81A2939
:1010E00017D91368C4F802300C4B92889A80DDE758
:1010F00013786372DAE713886381D7E71388FF2BCD
:1011000007D82372D2E74FF0FF30DBE76FF02C00F7
:10111000D8E76FF01500D5E7B81B0020BA1B0020F8
:10112000F8B50D46064620B319B311F0070420D1D7
:10113000114F3B7C012B02D16FF00B00F8BD032B4C
:1011400002D14FF0FF30F9E700F060F80028F8D046
:101150002846FFF7B1FE0028EEDB0EF05DF83046C2
:10116000214601F059FEFFF741FF03233B7420465F
:10117000E4E76FF01500E1E7B81B002010B5064C5E
:10118000237C032B03D101F05FFE02F02BFE0BF05A
:10119000F9FC0020207410BDB81B002050B1074B93
:1011A00003F1140253F8041B40F8041B9342F9D1D5
:1011B000002070476FF01500704700BF6BFD020004
:1011C00008B501F0F3FDBDE808400249012000F038
:1011D0005DB900BF950E000008B501F0FBFDBDE84C
:1011E00008400249002000F051B900BF710E000014
:1011F000024B02681A600020704700BFCC1B002021
:10120000014B1B68184700BFCC1B0020024B18681D
:10121000003818BF01207047CC1B00202DE9F74390
:10122000264E0446071D2548376002F0F3FD0228CC
:10123000054607D1214920460AF056FF284603B04B
:10124000BDE8F0830428F9D13378072B18D13E206C
:1012500000F04AF878B9F378327901A943EA022319
:101260006846ADF800300BF062F90028DBD053215E
:101270000820FFF77FFE052000F076F80028EAD06E
:10128000314620460AF05FFFB0F5817F01D372211D
:10129000EEE70028C7D094F8008094F8029040460A
:1012A00000F022F80028BED0B8F13E0FC6D1484663
:1012B00000F05AF80028C1D1B5E700BFD01B0020CC
:1012C000074B4FF0FF3141F6FF72C3E900120549A9
:1012D0000022C1E900221F21C3E90212704700BFAA
:1012E000C0100020141C00203F280CD801380B4BE4
:1012F000C0F3421200F01F0053F8223023FA00F02E
:1013000000F001007047FF2806D04038C0F34212B9
:10131000034B00F01F00EFE701207047C0100020D2
:10132000141C00200146074B006849681A4603C296
:1013300040F48C221A6041F0107242F4FF625A604D
:10134000704700BFC01000200246024B0068516881
:1013500003C37047141C00200246024B006851680A
:1013600003C37047C8100020382800F1FF33DBB2F8
:101370001FBF064A590902EB810203F01F031DBF7C
:101380009068D84000F0010000207047C010002095
:10139000014B1860704700BF1C1C002010B5FFF700
:1013A0008FFF0BF0B0FD034B1B68044603B1984759
:1013B000204610BD1C1C0020F0B50C88C37C0288A0
:1013C000A5B2C4F30E0404F118060233865B1A4476
:1013D000334497B213FA82F3013B4288B3FBF7F32D
:1013E00013FB07439BB29A42044A93BF22EA0503C8
:1013F0002A4013439BB20B80F0BD00BF0080FFFF6B
:101400004A1E062A08B50346084604D84FF4D1718F
:101410001520FFF7AFFD094A914202D940F2A3110E
:10142000F6E711B903B1196008BD2BB11B680022A2
:10143000C3E901211A1D1A600430F5E7FAFFFF7FA6
:1014400010B5114B00EB41041A786389B3FBF2F33A
:1014500003FB0223013A1A44B2F5706F02798078D7
:1014600028BF00231A440B18B2FBF0F100FB112136
:101470005B1AB3FBF0F100FB113313446FEA4343F3
:101480006FEA5343638110BD201C0020024B03EB25
:1014900080035960704700BF201C00202DE9F04FE9
:1014A00010F0070A85B0054604D040F261111720FC
:1014B000FFF760FD524F07F10C06B1460446B046F7
:1014C00057F8043B8DF80BA03BB101A898479DF855
:1014D0000A30082B01D9E821E9E79DF80B1041BB40
:1014E00005B131604F4506F10406E9D1002D6FD0FA
:1014F000DFF81091002289F800209646022758F85C
:1015000027A0013FBAF1000F55D09AF804609AF86D
:1015100002C0FF2E60D039460023481C38D19C44BD
:10152000BCF1FF0F3FD90AB189F800E040F2271162
:10153000BDE79DF80AC06046022838BF02204B1D57
:101540005A0004EB4303441E2344BDF8084064449E
:10155000013CCCF1000C04EA0C044042B4F5803F9D
:1015600003EA000301D3F821A1E775B19A1A01201B
:10157000326091701480D0709DF80C001071019849
:1015800010814FEA104CA2F806C004FB0134A9E711
:1015900058F8210028B190F804B0B34504BF807812
:1015A0001B180139B9E7DBB2E6458AF804303CBFC5
:1015B0005FFA8CFE01227B1CA1D10AB189F800E000
:1015C000022640F6FF6A58F82670B7B9013EFAD2F3
:1015D000601B05B0BDE8F08F0023E5E707EB410392
:1015E0003846A3F80AA0FFF72BFF09F10109BB78E1
:1015F0005FFA89F18B42F1D8E8E74FF00009F6E78E
:10160000241C0020201C002038B54FF6FF730380F7
:10161000184B03EB810302461869A8B1847803795B
:10162000B3FBF4F104FB1133DBB2194600EB4105C7
:10163000B5F90A50002D0EDB0131B1FBF4F504FBC6
:101640001511C9B28B42F1D1002038BD6381BDE8CC
:1016500038400BF072B900EB41046389C3F30E0309
:101660001380C278002AF1D14FF4D5711720FFF70B
:1016700081FC00BF201C00201C4B03EB810370B5D4
:101680001C69054644B3030404D54FF4DC711720EC
:10169000FFF770FC014620460BF031F9FF280146A8
:1016A00004D02046BDE870400BF047B9A078B5FBE8
:1016B000F0F300FB1353DBB219460A1D04EB42069C
:1016C000B6F90260002E09DB0131B1FBF0F200FB3C
:1016D0001211C9B28B42F0D1002070BD8B4201D0F3
:1016E0000023E37004EB42025580DAE7201C00205F
:1016F000094B03EB810310B51C69014620460BF032
:10170000FEF8FF28014604D02046BDE810400BF04B
:1017100014B9002010BD00BF201C0020F8B5104BEC
:1017200003EB810307461C69014620460BF0E7F8EE
:10173000FF28054611D0E288238953EA024606D0E5
:10174000014620460BF0F9F801463846B0472046DE
:101750002946FFF775FE0020F8BD0520FCE700BF15
:10176000201C002038B50E4B827903EB820304461F
:10177000186908B9052038BD8278E1799142F9D21B
:101780004B1CE37100EB41035D89B3F90A30002B78
:10179000F3DBA5800BF0D1F820600020EBE700BF61
:1017A000201C002070B5044610F003000E4603D044
:1017B0004E211820FFF7DEFBFFF722FE054624B17D
:1017C000034831460460FFF71BFE284670BD00BF8A
:1017D0003C1C00202DE9F14FDFF870B09DF828A0E7
:1017E0009DF82C901E46DBF8003007460D469046CB
:1017F0001BB960211820FFF7BDFB52460921404666
:101800000AF0FAFE4A4684B2092130460AF0F4FE94
:1018100014FA80F1DBF800000BF045F8386018B9D5
:10182000286001B0BDE8F08F04442C60386853464E
:10183000414609220AF0A3FE28684B460922314698
:1018400001B0BDE8F04F0AF09ABE00BF3C1C00207A
:1018500070B50E4604460AF0E2FE054630460AF030
:10186000DEFE044B2A1821461868BDE870400BF0D4
:101870003FB800BF3C1C0020024B186808B10BF0B9
:1018800006B870473C1C00201F2AF8B504461346D2
:101890000ED89200033222F00303B3F5803F2DD21D
:1018A000184DACB1A00710D05F210920FFF762FBF3
:1018B000FF2B4FEA420204D9FF339A42A8BF1A46CF
:1018C000E8E77C2AB8BF7C22E4E729706C602B81B2
:1018D00022F003022823120403FB01F001276B68A6
:1018E000120C0025EEB2B14200D8F8BD14B1261892
:1018F0001F705E60104401352833F3E74FF0FF306E
:10190000F3E700BF401C002070B5154A15785368F6
:101910000021C8B2854203D8AB210920FFF72AFB7A
:101920001C46184614F8286B01310EB92346F0E71F
:1019300000219970128999610124D96159685C70FC
:10194000920803F11E0403F1260524F8022FA54294
:1019500043F8041F1144F8D100234361037070BDA4
:10196000401C00204B782DE9F04106460C4602F061
:10197000040702F0FB05E3B1A5BBFF23A3707B08BE
:1019800004EB57073A7D032A02D1022D18BF013319
:10199000E2180121117503F10C0104EB830300220D
:1019A00024F811205B68A2703360B2803046BDE835
:1019B000F081002DE1D101234B701D4B8D611B89FE
:1019C000CD6101F11E0249689B08204604F1260CF6
:1019D00022F8023F944540F8041F1944F8D100232F
:1019E0006361CAE7D1F80480142200216170A01855
:1019F0000AF04CFA0E4B1B89B3F5FF7F0FD25A0841
:101A00009B1A9BB208EB0301C4F804802384A160F5
:101A10006284C4F80C80A3842161E284ADE7B3F54D
:101A2000EE6F4FF0FF02EBD940F27263EAE700BFBE
:101A3000401C0020134B012200214FF0FF309A6020
:101A4000C3F80012C3F80803C3F80015C3F804254F
:101A50009A60C3F80803C3F80015C3F804250A49BF
:101A60000A4A03F580334FF40040C3F80825C1F853
:101A70008000BFF34F8FBFF36F8FC1F88001C3F8B1
:101A80000825704700F0004000E100E00000F63F4C
:101A90000A46192302F8033B0448C368C1F803301F
:101AA0000369536043699360704700BF4C1C00207A
:101AB000024B5A8C02435A845B6A18474C1C002024
:101AC000014B00215B6A18474C1C002010B5154CD7
:101AD00005F0B0FF05F0F4FA208DFFF7F1FF237E4B
:101AE00063B12246104952F80C3BE36063685360CF
:101AF00004F11900A36893600CF024FA0B4B228DBB
:101B000093E8030002F096FE236B188802F018FE9B
:101B1000A36B94F8341094F835009847002384F8A8
:101B20003C3010BD4C1C0020911A0000781C002095
:101B3000034B93F83C300BB1FFF7C8BF704700BFB1
:101B40004C1C002070B51E4C256B636C95F88C20E6
:101B5000236494F8483095F86910064603EB820038
:101B60002EB9FF2803D195F868308B4201D005F0DB
:101B7000E9FD95F88C30E3B1E06C05F0FBFF012343
:101B800084F86830D5F8E8302366E16CD5F8EC309D
:101B9000206C636605F070FA16B9304606F03EF820
:101BA00095F86810002006F08DF8022384F83C3088
:101BB00070BD206C05F0DEFF05F082FAECE700BF97
:101BC0004C1C002008B5094B93F83C20022A04D095
:101BD00040F24F212720FFF7CDF9DA7A42F00102D7
:101BE000DA72BDE80840FFF771BF00BF4C1C00204F
:101BF000032810B50A4B044605D15A6FD278022A41
:101C000001D1002010BD986F0AF08BFD0028F9D19A
:101C1000032CF6D001F0DCFA80F00100C0B2F1E74D
:101C20004C1C00202DE9F043484C94F83C30012B2B
:101C300085B005468846DFB204D040F20451272023
:101C4000FFF798F9266B616F02A80AF09DFF96F8DE
:101C50007C309DF808903BB1002186F87C10042070
:101C6000FFF726FF86F87E70B9F1030F27D0BDF885
:101C70000C30002B18BF022796F88C3086F8827043
:101C8000BBB1236BD6F8E82093F8690022660127E0
:101C9000D6F8EC20626684F868700AF092FF94F837
:101CA00048902B4900220346009238464A4605F0E8
:101CB0005FF96DB105B0BDE8F043FFF707BF96F8D7
:101CC00082301BB9616F0220FFF7F2FE0327D3E7D2
:101CD000B8F1000FEED0E36F284698470028E9D00E
:101CE00094F83430002BE5D194F8803023B194F887
:101CF0008100FFF77DFF0546606C0CF098F8D4F882
:101D00008430B3B9B4F88830B3FA83F35B09628CDA
:101D1000910710D5626F137803F00303032BC9D129
:101D2000D378022BC6D1002005B0BDE8F043FFF701
:101D300009BF0123EBE7002ABCD1012814BF00230F
:101D400003F001032B43EED1B4E700BF4C1C00208D
:101D50009C1C002010B5094CD4F8843023B940F203
:101D6000F6412720FFF706F9B4F88820216C0332EA
:101D700018460AF0CBF8206410BD00BF4C1C0020B0
:101D800010B5064B93F83C2002F0FF0422B91C76F4
:101D900002F048FD204610BD0C24FBE74C1C00203F
:101DA0000A4B0B4A70B506460D461A60FFF7E8FF6E
:101DB00018B1F4212720FFF7DDF8064C012104F1CA
:101DC0008A000CF024F86664E56470BD08110020F8
:101DD000DC2500004C1C0020024B012283F88D20E2
:101DE000704700BF4C1C0020F0B5794C85B002AEA6
:101DF00086E8030094F83C100A9F01F0FF0511B932
:101E00000AB103B127B940F283112720FFF7B2F8D6
:101E100096E8030004F12C0C8CE8030084F88D5044
:101E200084F8345084F88E5084F8355084F88F50FC
:101E300084F8905065842585256BE3676262A7630B
:101E400005F0C4FC05F03CF995F9700005F048FD7B
:101E50006E6AE86905F04AFD304605F07DFE95F8AA
:101E60009C0005F04DFD236B93F89F310BB105F0FD
:101E70009BFC0CF01BFC95F8692000F17901012016
:101E800005F0C4FD534B186805F06CFE2B69A36781
:101E9000514A6B69C4F8943005F5807105F1F0037F
:101EA00053F8040B42F8040B8B42F9D1D5F800210A
:101EB000C4F869205A68494B5A60236B93F886200E
:101EC00093F86860A2F12501012903D993F88710DE
:101ED00025295FD193F83E322BB1012E03D0012B7F
:101EE0000CBF0126022605F13007314638460CF0BA
:101EF000B9F831460BF0DFFDAB8F95F869108342DE
:101F000028BF0346384684F898300CF094F895F8CA
:101F1000691095F88C70B5F84460042908BF032156
:101F20000BF0C9FD0FB9043080B2864228BF0646C7
:101F300095F88C30F6B284F8996084F84860A3B1C3
:101F4000D5F8E83095F8690023660127D5F8EC301C
:101F5000636684F868700AF034FE0022034600923B
:101F60001D493246384605F003F80120FFF7EAFD27
:101F7000002323606360A360B5F8803063802B8802
:101F8000238095F89C302371EB6E0BB101221A600F
:101F900005B0F0BD203A012A0DD823290DD093F8C1
:101FA000263113F0010202D19B079CD50222012E9B
:101FB00018BF164697E7232905D193F8262193F8F1
:101FC00061301340EDE7032E08BF04268BE700BF06
:101FD0004C1C0020081100209C1C0020B51C002077
:101FE00008B50C4B93F83C201AB9BDE80840FFF740
:101FF0006DBD93F83C20022A04D040F23121272005
:10200000FEF7B8FF1B6BD3F8B001BDE8084005F040
:10201000CDBD00BF4C1C0020014B1876704700BF9F
:102020004C1C0020014B93F88F0070474C1C002083
:10203000024B93F82900C0F3C00070474C1C0020ED
:10204000014B93F88E0070474C1C00202DE9F043A3
:10205000314D85B004460F4602A8296C2E6B0AF05C
:1020600093FD14F00109BDF80C8004F0020428D09F
:10207000002385F89A3094B1FFF76CFE0DF102024F
:1020800001A9D5F894000AF0F8FB01980AF0DBFBEF
:10209000012238604146D5F894000AF083FBB9F17B
:1020A000000F0BD0D6E93A32013342F10002C6E903
:1020B0003A3296F88430013386F8843005B0BDE8B2
:1020C000F08395F89A30032B20D801A252F823F020
:1020D00077200000E1200000FB200000FB20000032
:1020E000002CEBD0FFF736FED5F8940000224146D5
:1020F00005B0BDE8F0430AF055BB002CDED0D5F8A2
:10210000940005B0BDE8F0430AF0B3BB40F2A24131
:102110002720FEF72FFF00BF4C1C00202DE9F04FB9
:10212000A94C002389B0CDE9043394F83C30266BE8
:10213000022B8046894604D040F28B512720FEF7BF
:1021400019FF216C06A80AF01FFD96F88C30B8F133
:10215000000F00F028819DF819B0BDF81C70002B0D
:1021600039D004F0C5FFB0BB6FB196F8843003F0EE
:1021700001035B450BD1012384F83530FFF7A6FC42
:1021800009B0BDE8F08FA4F88870002006E0A4F83C
:102190008870D4F8940039460AF0E4FA238D9DF84B
:1021A0001A20C4F8840043F40073238596F8833022
:1021B00003F001039A4263D0256B95F88230002B1F
:1021C0003DD0022B13D1A06F04A90AF074FA38B9DC
:1021D00040F23B41B2E7A4F88870002FD5D0D8E791
:1021E000D5E93832013342F10002C5E9383295F8B9
:1021F0007E30002185F8821023B185F87E101020F2
:10220000FFF756FC95F87D30A3B14FF0000A85F832
:102210007DA000F0C7FF10B940F252418EE7514651
:102220000820FFF745FCD5E93832013342F10002BE
:10223000C5E9383295F88330013385F88330238D32
:1022400043F4006323854FF0000A96F8843003F0CE
:1022500001035B4544D19DF81830256B022B11D842
:10226000EBB995F88430013385F88430002F37D0EE
:10227000D5E93A32013342F10002C5E93A322FE0A2
:10228000C246E2E7032BECD1238D216C012043F4FD
:10229000805385F87C002385FFF70AFCE1E7002FD7
:1022A000DFD0238D95F88C5043F48053238505F0BF
:1022B000FBF9042894F8993006D1002D0CBF1F2299
:1022C0001B22934228BF1346BB4262D3D4F884300A
:1022D00033B194F88D30002B74D02020FFF7F0FB41
:1022E000002796F88B309BB1D6F8E03096F868005E
:1022F00023660025D6F8E430636684F868500AF057
:1023000060FC324900950346FB22284604F030FE6B
:10231000B9F1000F5CD1638C94F88E10180708D5C2
:10232000626F137803F00303032B02D1D378022BDF
:102330004ED001294CD8E36F01209847002847D0A0
:1023400094F83430002B43D11FB105A90120FFF7C9
:102350007DFE256B002395F88C208DF80D3094F8C8
:10236000483095F8681003EB8203FF2B03D195F8F2
:1023700069308B4202D0FF2005F0E4F995F88230F5
:10238000032B00F21781DFE813F07A00A500FC00B0
:102390000D0194F83430012043F0100384F83430F8
:1023A00007F010FD9CE70BB104F0DEFE94F88E30D0
:1023B000013384F88E30238D002743F48063238516
:1023C000BA468EE747468CE74C1C00209C1C002038
:1023D00005F084FC002F4DD14FF00109238D5A06E2
:1023E00006D44020FFF76CFB238D43F04003238588
:1023F000BAF1000F0DD0B4F80720B4F8053013433C
:10240000B6F8802013431EBFB4F809300133A4F896
:102410000930B8F1000F00F0D580B4F80530013371
:10242000A4F80530002384F88E30694802F076F96C
:10243000049830B10AF007FA216B0022027201F011
:102440002DFD059B33B1216B00221A720C220598D9
:1024500001F0F2FCB9F1000F7FF490AE238D1B0662
:102460003FF58EAE8020FFF72BFB238D43F08003DA
:10247000238585E605A90320FFF7E8FDACE794F87E
:102480009830ADF80E305348A5F8583000F07AFE79
:1024900028B1012385F87D3084F890301CE0A06FCE
:1024A0000DF10D020DF10E010AF0E0F8606788B140
:1024B00095F8C73073B99DF80D302BB90380837040
:1024C000606F01210BF0A3FC636FBDF80E205A7002
:1024D0000123E1E7404B6367D4F874B095F883209B
:1024E0009BF80000D20002F0080200F0F30313434F
:1024F00095F88420920002F0040213438BF8003018
:1025000000F00300FFF774FB9BF8003023F010038A
:1025100043EA00138BF8003095F88B30606F002B86
:102520004BD04378002B48D0E06C05F023FB002310
:1025300084F86830D5F8E0302366616FD5F8E43070
:10254000E06C636604F05EFD95F86910012005F00B
:10255000B9FB0125606F84F88F500BF068FC636F46
:1025600084F880001B7884F83C5003F0030384F85F
:102570008130002F3FF432AF05A90220FFF766FD3E
:102580002CE7B5F85830A06FADF80E300DF10D0204
:102590000DF10E010AF06AF86067002898D140F248
:1025A000F121CBE50B4800F0EDFD002890D140F281
:1025B000FB21C3E540F20931C0E505F0DBFA04F088
:1025C0007FFDC1E7B4F807300133A4F807302CE7EA
:1025D000781C0020C01C0020D61C0020C51B000059
:1025E0001D210000251C0000311B0000F0B5070C68
:1025F000A7F5AA42144B543A012A03EA90231FD9A3
:1026000027F4004042F6AA22801A18BF01200022B7
:10261000162116461F2487EA060562EA05050135DC
:1026200010D0DD03ADB245EA5606E503ADB201397F
:1026300045EA52024FEA53034FEA5404EBD1F0BD8E
:102640000020E4E70020FAE7E0FF3F00304BF0B560
:102650005A88B0F85C70B0F85A609D88974228BFDD
:102660001746964228BF16461B2E85B00C462ED024
:10267000B5F5A47F2DD040F648039D4201A928BF9F
:102680001D460AF003FBBDF80A30BB4228BF3B469B
:10269000E380BDF80C30AB4228BF2B462381BDF848
:1026A0000630B34228BF33466380BDF80830AB42E2
:1026B00028BF2B46A380FF232370E3881B3B9BB2DC
:1026C000E02B08D940F2EE613920FEF753FC1B2FB6
:1026D000CED105B0F0BD63881B3B9BB2E02B02D985
:1026E0004FF4DE61F0E72389A3F5A4739BB2B3F541
:1026F000E06F02D940F2F261E6E7A388A3F5A47384
:102700009BB2B3F5E06FE4D940F2F461DCE700BFBF
:10271000E81C002010B501210020FEF7E9FF044667
:1027200070B90121FEF7A8FF044620B940F29131AB
:102730003920FEF71FFC034B93F906100CF065FAE5
:10274000204610BDE81C002008B50BF01CF900F075
:10275000E5FE00F0A7FB0BF0CDFB02F04DF801F019
:1027600049F9094B00221A60084B1B214FF4A47051
:1027700098801A805980064B064818605A829A75CC
:1027800099805A749A8208BD0C110020E81C002020
:102790001421002003021B00044B41F64C52C3E9F4
:1027A00002221B221A74FFF7CFBF00BF14210020A2
:1027B00073B5244DAB680363234B836104460CF06F
:1027C000DFF8064600F05EFB830654BF1B236B88D0
:1027D000A4F85A3058BF1A461C4B297C1B6848BFC6
:1027E000AA88A4F85C2084F8381066871BB194F995
:1027F000701020889847164E204631460BF07DF920
:1028000001236A886978E385AB88019116F8121C68
:102810000091033303329BB292B204F1140104F12C
:102820001000FEF7D7FF236923B940F2C5613920B4
:10283000FEF7A0FB636913B940F2C661F7E7002019
:1028400002B070BD1421002000093D0010110020CD
:1028500026210020F7B504460D460CF009FA0028A1
:102860006DD020460CF0E0FA38B1B5F80130013BEC
:102870007F2B02D9122003B0F0BD20460CF0D8FA0D
:1028800008B90C20F7E720460CF070F90028F8D1C1
:1028900020460CF0ABF906460028F2D1204603F0A2
:1028A000A3F90028E6D0B5F80170E97842F2107378
:1028B00020465F430CF0A4FA20460CF0ADFA014626
:1028C00048B93A46204602F03FFBB0B341F69D417D
:1028D0003920FEF74FFB31460DF10600FEF794FE5E
:1028E000054608B90D20C6E7314600F0D1FFBDF816
:1028F00006302B80204629460CF0A4FA20460CF026
:102900009DFA88B9216A20460CF09AFA01462846B9
:10291000FFF74EFF3A462946204602F015FB0246D5
:1029200020B14FF4E651D3E70121F0E7054B9B6856
:102930001BB105F58D712846984700209BE7422082
:1029400099E700BFE81C0020024B1B6803B1184741
:102950000C2070470C110020034B5A8802801B7812
:1029600083700020704700BF1421002037B58378A2
:102970001A2B054608D8042B04D9144A22FA03F36B
:10298000DB0705D412241AE0292B01D03B2BF9D107
:102990002888B0F5706FF5D269460BF043F888B916
:1029A000019B93F8182102F0FF046AB9AA7883F812
:1029B0001921FF2283F8182168460BF076FA204689
:1029C00003B030BD0224FAE70C24F8E720003804F5
:1029D0000188A1F11B039BB2E02B0CD84288A2F521
:1029E000A4739BB244F24810834204D8034B0020E6
:1029F00059809A8070471220704700BFE81C002061
:102A0000034B5A889B88028043800020704700BF98
:102A1000E81C002038B50278447802F0010354EA3B
:102A2000030102F0020201D1112038BDBAB9857844
:102A3000002DF9D0002B18BF002400E01D462046D1
:102A40000AF0CFF80028EFD028460AF0CAF800288C
:102A5000EAD0054B00209C74DD749882E5E7002BDA
:102A6000ECD000242546EAE71421002013B50088A5
:102A700069460AF0D7FF18B10224204602B010BD03
:102A8000019A92F8DC31DBB292F8A820002AF3D147
:102A900013F0FB0FF0D0019890F82A310BB13A24D3
:102AA000EBE790F8D23003F0FF04002BF7D190F859
:102AB000C9309B0706D1FF2380F82A3168460BF006
:102AC000F4F9DAE70249CA300BF03CFAD5E700BF67
:102AD0001FE60000F7B50778EF2F05460C460FD824
:102AE00090F901204378002A0ADB8278900707D109
:102AF00013F010001DD1990603F0030202D51AB19C
:102B0000122442E0032AFBD01E07F9D42979EA787F
:102B1000EE7942EA0122697942EA0142A97941EA61
:102B200006212E7A41EA06418A42E9D81F2A0FD8A7
:102B3000E6E713F0600FE3D103F00702052A05D0A2
:102B400003F00F010D22CA40D107D9D51A07DDD5F0
:102B50006A7A013A062AD3D8AA7A032AD0D813F07F
:102B6000040102D1023A012A03D8EA7A012AC7D81D
:102B700011B9AA7C032AC3D82A7D48B1012ABFD142
:102B80002A7E012ABCD830B91124204603B0F0BDFA
:102B9000022AF5D1B4E7DB0712D46B782A7D03F063
:102BA0001803082B11D1022AEED101213846FEF775
:102BB0009FFD064678B10BF0D9FFB8B10C24E4E7CD
:102BC00000F024F90028E8D1DEE7022AEDD02B7FBF
:102BD000002BEAD0D8E701213846FEF74DFD064626
:102BE00040B3154B93F906100CF00FF830460CF07B
:102BF00010F929462070E87430460CF055F8EB7E49
:102C00000446002BC1D00028BFD1316B0246684674
:102C1000FEF7A8FE306B2246012109F0FAFE316B67
:102C200068460422FEF79EFE306B2246214609F0DC
:102C3000F0FEAAE70724A8E7E81C002030B50279D7
:102C4000042A8BB003464FD84088B0F5804F4BD84C
:102C500026498D5C114400244A79ADF8004042F0C9
:102C6000100242EA45028D7AC97B8DF8084042EA9B
:102C7000850242EAC10202F01F028DF80020BDF871
:102C80000020ADF809201A888DF80B208DF80E0071
:102C9000120A000A8DF80C208DF80D408DF80F00F7
:102CA0008DF810405A7B8DF811205A798DF812203A
:102CB0009A79D3F807008DF81320B3F80B209B7B8B
:102CC0008DF81A307F2305908DF81B3069464FF040
:102CD000011302A8CDE90734ADF818208DF824407F
:102CE000FFF7F8FE0BB030BD1220FBE714B902006D
:102CF0000278034672B1427862B142881A2A09D931
:102D000082881A2A06D9044A006810609B8893803A
:102D1000002070471220704714210020024B0268E7
:102D20009A600020704700BF142100200378A3F1AF
:102D30000A02112A9DBF024A002013741220704714
:102D40001421002008B5052000F090F804F060F888
:102D5000014B024A9A6008BDE81C00204D26000085
:102D600008B502F029FF02F0DBF9BDE80840014890
:102D700002F00CBFF41C002010B50B4A01231446CE
:102D800082F8023102F020FF0CF004FA0AF0F9FD9B
:102D900004F203112046FFF703F8002009F0D5FDE7
:102DA000BDE8104001F02EB8F41C002010B5064C10
:102DB000064904F502700AF0A4FC04F50370044906
:102DC000BDE810400AF09DBCF41C00201411002046
:102DD0001C11002010B5094C094904F502700AF0D5
:102DE00090FC04F5037007490AF08BFC04F50470AD
:102DF0000549BDE810400AF084BC00BFF41C002067
:102E0000241100202C11002034110020014B93F8D4
:102E100002017047F41C002010B5074C00F0CEFFF3
:102E2000D4F808020AF065FCFFF7B6FC01F0FCF8E4
:102E3000012384F8143210BDF41C0020014B93F8D8
:102E400014027047F41C002010B5074CD4F80C0293
:102E50000AF04FFCD4F810020AF04BFCFFF774FCA8
:102E6000002384F8143210BDF41C0020C208044969
:102E700000F0070001238340885C03438B547047B4
:102E8000D0100020014BD3E900017047D010002082
:102E9000034B1868C0F30020400040F00100704769
:102EA000D010002008B508F0EDF8084A002332F8E9
:102EB0002310814205D302EB83029378044A1370F6
:102EC00008BD01330C2BF2D10023F7E728B902002B
:102ED000091F002010B544682388A4F8683194F8CD
:102EE000683084F86711012B06D0022B04D04FF410
:102EF00061710620FEF73EF884F86A3194F8693073
:102F0000012B01D0022BF2D184F86B31044904F576
:102F1000AF700BF017F8002384F8243110BD00BF08
:102F20007DD70000406808490388A0F85A3190F81E
:102F3000603080F85C3190F8613080F85D3100F2EB
:102F400051100AF0F9BF00BF93D700002DE9F043FC
:102F50008946097999F80580456801F0070108F06C
:102F600007084B1E08F1FF3202EA08020B40134328
:102F700095F8872095F88660232A85B004463BD1D2
:102F800005F18707FBB940460AF044FC00283DD014
:102F900095F86830984239D095F8262118EA020F42
:102FA00011D0212E32D095F8612018EA020F2DD1D0
:102FB0000138013B4D4AC0B2DBB2032B105C20D874
:102FC000D35C834222D995F82431012B53D11E21A1
:102FD0002046FFF77FFF212E51D16368182283F826
:102FE0000921092283F8862093F8C230002B3ED1B4
:102FF0004FF43171AE2007E0212E75D105F186071F
:10300000C0E74FF40F710620FDF7B4FF08460AF041
:1030100001FC38B195F86930834203D095F8273127
:103020001942D0D0B9F8066003AB00932846334666
:1030300042460AF0FCFB6368054678BB93F82421FE
:10304000012A28D101462046FFF744FF3D706368FE
:1030500003F18702974202D1002283F88720636838
:1030600003F1870297423BD120460BF087F80020FE
:1030700005B0BDE8F083002385F82431ABE70023D9
:1030800020463B700BF07AF81821204605B0BDE8C9
:10309000F0430BF09BB883F82401D8E7B3F8802005
:1030A000A3F83C62013EB61AB6B247F6FD729642EC
:1030B00006D9282283F8A920204601F02DF9CEE771
:1030C00093F887200D2A02D00A3A012A01D82A2231
:1030D000F0E7BDF80C20A3F83E2225233B70BEE7A5
:1030E000002283F8C220C2E70220C1E758B90200DB
:1030F000044B002283F822204FF6FF729A84DA8470
:103100001A8570470A1F0020054B9A8C824201BF26
:10311000002283F822204FF6FF729A84704700BF86
:103120000A1F0020014BD884704700BF0A1F0020EF
:10313000084B998C4FF6FF72914206D193F82220EA
:10314000012A04D00360012070470023036000209F
:10315000704700BF0A1F0020064B93F82220012A67
:103160001FBF0120DA8C83F822009A8408BF002058
:10317000704700BF0A1F0020014B1885704700BF31
:103180000A1F0020064B0246198D988C884205D1F3
:1031900093F8220018B11360012070470020704797
:1031A0000A1F0020094B998C1A8D914201D00020F2
:1031B00070474FF6FF729A8493F82220002AF6D0C7
:1031C000002283F822200120704700BF0A1F002040
:1031D000054B998C1A8D914203BF93F82200B0FAE7
:1031E00080F04009012070470A1F002050B90A4AA8
:1031F0001346012003F8010B0868C2F801008A8811
:103200009A807047012805D1034B0A689A608A8822
:10321000D8719A81704700BF341F002050B90B4B02
:10322000187888B1D3F80120B3F805300A608B8094
:1032300001207047012806D1044BD87920B19A6843
:103240000A609B89F3E70020704700BF341F00200D
:1032500010B9044B18787047012806BF014BD87984
:1032600000207047341F0020F7B500238A888DF8AE
:103270000600ADF8042008680B4A8DF80730019D60
:103280001478014602F5A872D8B2844201D8082009
:1032900008E052F8087F5668AE4208BF8F4203F13B
:1032A0000103F1D103B0F0BD481F002030B5094B38
:1032B00001465C78002203F20113D0B2844201D8A7
:1032C000082005E013F8015F8D4202F10102F4D1FC
:1032D00030BD00BF481F0020F8B52D4C6378013B7E
:1032E000DBB22218834292F80251637030D01A0187
:1032F0000101961C8F1C2644274406F1100C56F839
:1033000004EB47F804EB6645F9D18232823122445E
:10331000214402F1100652F8047B41F8047BB242CA
:10332000F9D1E118221891F8026182F802610626AB
:103330007343704303F5857300F58570E618E35811
:1033400023502718B388BB8091F83A3182F83A317C
:103350002846FFF7ABFF082818D12378013BDBB2E2
:103360009D42237012D02B3304EBC30393E8030078
:1033700005F12B0204EBC20282E803002078FFF77C
:1033800095FF08281CBF241884F80251F8BD00BF1F
:10339000481F0020F0B5254D95F8984189B0224688
:1033A00005F29911684608F0B1FD214668460AF019
:1033B00009FB0446B8B300EB4001C9B202A8FDF70F
:1033C0001FFF631E95F8A161DBB2012495F89811E7
:1033D00005E0721CB2FBF1F001FB1022D6B206F13F
:1033E00020020DEB020010F8202C002AF1D103EB93
:1033F00043012031694406EB46022A4411F8187C47
:1034000082F8A27111F8177C11F8161C82F8A371CA
:1034100082F8A41100F8204C013BAA19DBB2FF2B63
:1034200082F89941D2D109B0F0BD00BF481F0020F9
:1034300070B5064688B00C46002A4ED0294A92F84C
:10344000A131D01890F8991119B9FF212820FDF762
:1034500091FD03EB43011144013391F8A251E57052
:1034600091F8A35191F8A41161710021257180F8A0
:10347000991192F89811B3FBF1F001FB103382F827
:10348000A13192F8C23123B9174902F5DD700AF073
:1034900056FD657905F03F0545F0400565710D2243
:1034A0000021684608F0F2FCE3788DF80F302379AC
:1034B0008DF80E3004AA0423694630468DF80D506D
:1034C00008F042FB9DF81F3023709DF81E3063709A
:1034D0009DF81D30A37008B070BD03216018FDF782
:1034E0008FFED6E7481F002095330000044B5A7822
:1034F000824286BF1B1893F84A010020704700BF24
:10350000481F0020044B5A78824286BF1B1893F84C
:1035100042010020704700BF481F0020064B0022D8
:103520004FF461711A8083F8C32183F8C421A3F892
:10353000C61183F8C2217047481F00202DE9F047CB
:103540008246894617469846FFF78EFE08280546AC
:10355000064603D0FFF7AAFE082860D1324C6378F4
:10356000072B5ED8082D15D12678731C072E2370E3
:1035700003D96C212820FDF7FDFC06F12B02D9F8B8
:10358000000044F8320004EBC203B9F804209A802A
:1035900083F806A065786B1C290163704B1C07F14A
:1035A0001002234412F8010D03F8010FBA42F9D1B9
:1035B000813108F11003214413F8012D01F8012F86
:1035C0009845F9D1102140460AF039FA25441021D6
:1035D00085F8420138460AF032FA85F802616678C9
:1035E00085F84A010023114885F83A3131460AF03E
:1035F000E9F90128054607D80D4831460AF0E2F9F5
:10360000002818BF0135EDB284F8985100252846EE
:1036100084F8A151FFF7BEFE2846BDE8F0871220CE
:10362000FBE70720F9E700BF481F00208A200020A1
:103630009220002010B5064B5878013840B200287F
:1036400000DA10BDC4B22046FFF746FE601EF5E763
:10365000481F0020014B83F8C3017047481F00201A
:10366000014B93F8C3017047481F0020431E9BB2D3
:103670004AF2B71293429DBF024BA3F8C601012044
:1036800000207047481F0020014BB3F8C601704767
:10369000481F002030B50A4B5C7884420ED918448C
:1036A00090F802012B3003EBC004A5790D7053F89C
:1036B00030001060A3889380012030BD0020FCE71B
:1036C000481F00200246074810B590F8C34124B1B6
:1036D000417821B1023003F0C1FB204610BD0C46F9
:1036E000FBE700BF481F00202DE9F74F2F4C9A46FB
:1036F000637883428046894656D9231893F842510D
:1037000085F00105F9B193F84A31E3B945F00207B4
:103710000135BAF1000F18D1FA070AD5062101FBCD
:10372000084104EB0810524601F585718230FFF71D
:103730007FFEBB0734D504EB0810524649460230E1
:10374000FFF776FE2CE02F46E3E794F8A1614FF0F7
:10375000010B002DE0D0A319019393F8991199B9A9
:103760000092DAB100F030FC06EB46012144019BE7
:1037700081F8A2014FEA102C009A81F8A3C1000C35
:1037800081F8A40183F899B194F898310136B6FB19
:10379000F3F103FB1166F6B2013DDAE747F00407E7
:1037A000384603B0BDE8F08F0027F9E7481F002036
:1037B000074B5A78824209D91A1892F842212AB93D
:1037C000062202FB003000F585707047002070472C
:1037D000481F0020064B5A78824281BF1B1893F87D
:1037E0003A01B0FA80F0400998BF0020704700BF4E
:1037F000481F0020F8B50E460746062130461546FC
:103800000AF01DF9044670B10C4B0022587803F2FF
:103810003913D1B2884202D801242046F8BD03F8FA
:10382000015F0132F5E7314638460AF0E7F808282B
:10383000F3D0024B034483F83A51EDE7481F0020D0
:1038400030B50024A0F84040B0F8444042F2107572
:103850004C43B4FBF2F4A0F84440541E05FB034370
:10386000B3FBF2F3A0F84230084BB3FBF2F30133A1
:10387000A0F84830838F05FB0344436BB4FBF2F49C
:1038800059438463B1FBF2F1416330BD005A6202D7
:1038900070B504460D4659BB4FF41A7208F0F6FA9B
:1038A000012384F88E306FF0360384F8D930042376
:1038B00084F8DA306FF03B0384F8DB306F2384F850
:1038C000DC306FF03C0384F8DD306FF07F0384F868
:1038D000DF302B2384F8D830FE2384F80E317F2389
:1038E00084F88530202384F8DE5084F8F73170BDE9
:1038F000012923D10023A0F8B43180F8AB318269CB
:1039000040F6B833A0F8B4301146438C7830FFF756
:1039100097FF104B1B68062B01D001330CD10E4BC7
:103920001B68063B083307D9E069FEF75FFE18B94C
:10393000012384F89F31DAE70023FAE70229D6D180
:10394000B0F84A32D0F844228169BDE8704078303E
:10395000FFF776BF7024002074240020034B80F80A
:1039600070101B680BB10088184770473C1100208D
:103970000B2808B504D940F2C7112920FDF7FAFA3F
:10398000014B33F8100008BD5CB90200074B93F9F6
:1039900000301844142804DC10F17F0F03DB40B220
:1039A0007047142070476FF07E0070471021002090
:1039B00007B57F230DF107008DF8073004F06AF991
:1039C00003469DF9070053B1094B5B785B4240FA0F
:1039D00083F0142806DC10F17F0F05DB40B203B042
:1039E0005DF804FB1420FAE76FF07E00F7E700BFF4
:1039F00010210020024B00221A705A70704700BF3D
:103A00001021002003464078B0B1DB783F2B0BD863
:103A10000A4AD35C03F07F0290420CD08CBF012095
:103A2000002000EAD310704703F10A02D2B2022A42
:103A300001D8B63BECE70120704700BF74B9020023
:103A40003F2908B5C17005D80C4B5B5C03F07F03C0
:103A5000437008BD01F10A03DBB2022B04D8074B07
:103A60000B4413F8B63CF1E7FF2904D040F2434180
:103A70002A20FDF77FFA0123EAE700BF74B90200AC
:103A80002DE9F347894669461546984609F0CAFF6D
:103A9000044620B9019E35B9012386F88D300120F6
:103AA00002B0BDE8F08737692946384608F088FD3E
:103AB00001460028F4D0164B5B88AB4225D338462C
:103AC00008F0BDFE96F88D300480002B0CBF4946EF
:103AD0000221824684700AF09AF941462A460AF188
:103AE000030008F013FA2946384608F0A4FD18B977
:103AF0007E212B20FDF73EFA68460AF0D6F9019B9D
:103B0000A3F8A24186F88D40C9E72046C8E700BF68
:103B100014210020024B987DC04300F00100704743
:103B200014210020044B987DC0F3400080F0010078
:103B300000F00100704700BF1421002083230B70A8
:103B4000014B1B78CB7070472C2100202DE9F84FDA
:103B5000D0F80480D8F8146030460D4608F061FEB5
:103B6000044618B9FF211020FDF704FA014630463B
:103B700008F065FEB4F800B01FFA8BF98246B9F17F
:103B8000000F02D140F20311EDE71E4B1B68C71C6A
:103B90008BB9B8F80030AB8000236B72A5F806B083
:103BA0009AF8003003F00303012B0FD0022B0DD045
:103BB00040F21D11D7E7B8F800004A463946984749
:103BC00004460028E5D12046BDE8F88F2B72304628
:103BD00008F03BFE044610B94FF49371C3E7B9F106
:103BE000FB0F02D940F23511BDE7286810B94FF438
:103BF0009B71B8E74A46394608F088F9304608F024
:103C00007FFDE0E7401100202DE9F347DFF8508108
:103C10008246894605270026D9F8103053B11B7A11
:103C20001BB980211020FDF7A5F9D9F81040B4B9CF
:103C3000002071E0D9F80440237A012BF8D0EFF38B
:103C4000108372B6D9F804201268C9F8042003B9A9
:103C500062B6C9F81040237A0BB9A621E2E7257AAB
:103C6000EDB227726B1E0B2B6AD8DFE803F06606F5
:103C70001C3463693D6969696958636813B94FF415
:103C8000D771CFE72046514698470420EFF31082C2
:103C900072B6237A052BD9B25CD12672C9F81060AE
:103CA000B2B962B614E0636813B940F2B711B9E76C
:103CB0005146204698470346C3F30723012BADF82E
:103CC0000400C0B23FD0022BE0D10023C9F810306D
:103CD0000028A1D020E0636813B940F2BF11A1E72A
:103CE000204698470020D1E763680BB9B52199E7D2
:103CF0000B228AF8002019881869AAF803100122FB
:103D000000248AF802208AF805208AF8064008F084
:103D1000F7FCC9F81040042002B0BDE8F087D8F8DD
:103D20000030514620469847034660B1C9F81060FC
:103D30000220F1E74FF4FB7174E740F2F91171E7EB
:103D40004FF4FE716EE725720028E5D1002B7FF459
:103D500063AF6DE711B940F21D2163E700209FE7D3
:103D60004411002038B5134C14220021201D08F006
:103D70008DF801252574142204F10803002104F1B3
:103D80001800C4E9013308F081F884F8245004F1E4
:103D90001C03C4E90633084A0023E362236384F862
:103DA0003430C4F83530C4F8393084F83D3013600D
:103DB00038BD00BF2C2100204011002010B5084C58
:103DC0002378FF2B04D04FF4A0711020FDF7D2F818
:103DD00007F000FF2070BDE81040FFF7C3BF00BF31
:103DE000DD10002010B5034C207807F00DFFFF23F5
:103DF000237010BDDD100020014B187807F014BFB0
:103E0000DD100020014B024A1A6070474411002067
:103E10004D3B000010B506490446FFF7F5FE28B9F2
:103E200020460449BDE81040FFF7EEBE10BD00BFBC
:103E3000442100203021002010B51346027A22B11F
:103E400040F299211020FDF795F80A46BDE8104090
:103E5000014601480AF050B830210020044890F88B
:103E600034301BB903492C300AF063B8704700BFE7
:103E70002C210020EBDE00000346064890F83E208F
:103E80003AB190F83D2022B900F8353B02490AF0DA
:103E900050B870472C2100203D3B000010B50A4669
:103EA000037A23B140F2A1211020FDF763F8014607
:103EB000BDE81040014807230AF01EB84421002045
:103EC0001346027A0AB1037270470A460146014856
:103ED0000AF012B8302100201B234FF01B128384FC
:103EE000038482618382C260038539B94FF4A4736D
:103EF000034AC3844384C261C3820261704700BF26
:103F0000480148010346F0B4B3F85420B3F84840E0
:103F1000B3F84460DF8FB3F84250944228BF144690
:103F20000846B3F84C20B3F85610DC878A4228BF05
:103F30000A46B3F84610A3F84220914238BF114612
:103F4000A64238BF2646A742A3F84460A3F846100D
:103F50001FD1AA1A18BF0122B3F84A50B3F8504033
:103F6000B3F852709E8FB3F84010A54228BF254683
:103F7000B3F84E409D87BC4228BF3C46AE42A3F8F2
:103F8000404002D1A14200D12AB1F0BC034909F05E
:103F9000D9BF0122E0E7F0BC704700BF4BDF000053
:103FA0000B8BA2F80B304B8BA2F80D308B8BA2F849
:103FB0000F30CB8BA2F809000249A2F8113010464D
:103FC00009F0BABF9BDF0000094AD2E90003434071
:103FD00083EAB01181EA43214FEAF3435360054B72
:103FE000116058434FEAF06000EB8000704700BF5B
:103FF0006C210020BB79379E094AD2E90003434077
:1040000083EAB01181EA43214FEAF3435360054B41
:10401000116058434FEAF06000EB8000704700BF2A
:10402000E0100020BB79379E10B50A4C09480821E2
:10403000FDF7E6F8D4E900321343F7D0064CFFF75A
:10404000DBFF2060FFF7D8FF236860601843F6D0DD
:1040500010BD00BFE01000206C210020174B184A53
:104060009A60184A5A60184A1A60184A9A62184A9E
:10407000DA62184ADA60184A9A61184A1A63184ACA
:104080001A62184ADA64184A9A64184A5A62184B33
:10409000184A9A60184A5A62184ADA62184A1A612B
:1040A000184A5A61184A9A61184A1A63184A9A6457
:1040B000184ADA64184A9A63704700BF4811002012
:1040C00061E2000091E20000FDE2000063E4000014
:1040D000B7E4000041440000CDE400008546000044
:1040E000254500009BE50000B7E500006D45000098
:1040F000541200207DE200006DE50000EFE40000B6
:1041000093E4000013E50000C54400003DE6000014
:10411000E5E50000D7E5000053E50000044B054A43
:104120005A65054B054A1A65054A5A65704700BF2E
:1041300048110020B1E300005412002097E3000072
:104140000FE40000054B064A9A65064A1A66064BBC
:10415000064A9A65064ADA65704700BF4811002092
:10416000B1D800004D2F000054120020FBD70000F2
:1041700063D90000252A034610B5084618D8012A3D
:1041800019D9023A232A16D8DFE802F01A15252495
:1041900024311533152439434715154B24245E5E0D
:1041A000747415151515151515151515157B868EB1
:1041B000FF2A00F0818040F2DD415120FCF7DAFE59
:1041C0001A785B68012A02D193F8103101E093F864
:1041D0001931037110BD5968D1F8BE214260D1F880
:1041E000C22182605B68D3F80431C360F2E75B6888
:1041F000EAE70146BDE81040184600F00DBA592222
:1042000042710022102382716A220371C27103720B
:10421000E0E75B6893F80A31DBE7BDE8104000F0A7
:10422000EBB95A681B784BB992F8103133B192F858
:104230000D31037192F80C314371CBE792F80B31D9
:10424000037192F80A31F7E75B68B3F85420027102
:10425000120A4271B3F812218271120AC271B3F8C4
:1042600050200272120A4272B3F8103183721B0A94
:10427000C372AFE75B6893F82621027193F8273188
:10428000DAE7124A1468002CA4D001461A4623200B
:104290002346BDE8104018470C4A1468002C99D0FA
:1042A00001461A462420F3E7084A1468002C91D0EE
:1042B00001461A462520EBE75B68BDE8104093F8FD
:1042C0003722D3F8381209F0B6BD00BF60130020C2
:1042D0003F2803D8064B53F82000704700F10A032B
:1042E000DBB2022B01D8B638F4E70020704700BFDC
:1042F000481100203F2803D8064B53F82000704790
:1043000000F10A03DBB2022B01D8B638F4E7002033
:10431000704700BF54120020F7B545682E69044667
:104320004FF6FF770DF102010DF101023046ADF8B5
:10433000027008F09BF901A9304608F0BCF940B1C1
:10434000019808F080FA616800220272FFF7A6FD6A
:10435000E8E7044905F1A00003B0BDE8F04009F02A
:10436000EBBD00BFEFE10000F0B5044685B00D469F
:10437000FF2600F8856C10F8863CF3B1184F3B78A7
:104380001BB148211F20FCF7F5FD0C21381DFCF75F
:1043900037FF3E70002304F8853C2A46072302F8C5
:1043A000033BD4F80930C5F80330D4F80D3053601E
:1043B000D4F81130936005B0F0BD01A80C21FCF7D2
:1043C0001FFFA4F51373039AC3F8042101AB03CBB9
:1043D00044F88E0C44F88A1C04F8866CDAE700BFB7
:1043E0007421002010B5054C23782BB90C21201D19
:1043F000FCF706FFFF23237010BD00BF74210020CF
:10440000024690F8C631BBB990F8C73103F0FF01FE
:104410000BB100207047094B18780028F9D01970AB
:10442000D968C2F80411043303CBC2F8BE01C2F844
:10443000C211FF2382F8C631012070477421002089
:1044400038B5426892F8873004460D463BB1132BCD
:1044500005D0113B0B2B8CBF0120082038BD92F8F2
:10446000C83013B9204609F07FFE6268D5F80E30D7
:10447000C2F8B631D5F81230C2F8BA316368D5F84F
:104480001620C3F800211A88A3F855226A68C3F8D9
:104490005722AA68C3F85B226368AA89A3F85F223F
:1044A0006368002583F8C6516068054900F51370FC
:1044B00009F03FFD6368152283F887202846CDE781
:1044C0006943000038B5436893F887201C2A0446E6
:1044D00004D04FF4DE711F20FCF74CFD93F8C81098
:1044E0001D88002283F8C72003F5C97069B10B4904
:1044F00083F8C820A3F89C5183F89B2109F019FD8B
:104500006368002283F8872038BD012283F89B115D
:10451000A3F89C51024983F89E21EFE74FE4000085
:1045200041E4000038B54568AB6F13F0010417D1C2
:104530004A680C4B896813400B4AC5F8D830C3F35E
:10454000076343F008030A4085F8DB30C5F8DC2038
:1045500009F00AFEAB6F43F00103AB67204638BD9C
:104560000120FCE72FC904F76FDB008008B5406825
:1045700090F88630042B28D14B688A68C0F8D83070
:10458000C3F3076343F0080380F8DB300023C0F86F
:10459000DC2080F8C23080F8863090F8743103F067
:1045A000FF020BB1002008BD0388A0F8763180F827
:1045B00075214B68C0F878318B68C0F87C310449AC
:1045C00000F5B67009F0B5FCECE70120EBE700BFA1
:1045D00031E50000406890F8743153B90388A0F8C1
:1045E00076311A2380F87531024900F5B67009F06A
:1045F000A0BC704731E5000010B50446FEF742FC50
:10460000034A044B02400B406260A36010BD00BF30
:104610002FC904F76FDB008037B50C464568FEF7FD
:1046200031FC084A084B0A4095F8D8100192034023
:1046300000930B408DF800306B4603CB6060A160A7
:1046400003B030BD6FDB00802FC904F738B5DB0441
:10465000154604D5037D13B10023436338BD446B75
:104660000134446309F0CBFF836B9C42F6D30023F3
:10467000436303492846BDE8384009F063BC00BFE6
:104680008DE5000038B5446894F88630012B054666
:1046900002D0A36F98073CD494F8C9309A0715D478
:1046A0000A7984F8D320B1F80520A4F8D420B1F811
:1046B0000720A4F8D620D80743F0020284F8C920C6
:1046C0000FD5154904F1CA0009F03CFC94F8C93033
:1046D000D90711D4A36F9A0708D555214020FCF7BC
:1046E00049FC94F82A31002BEBD1EFE743F00203A9
:1046F000A367284609F038FD94F88630012B4FF067
:10470000000301D0002038BD84F8863084F8C23020
:10471000F8E70120F7E700BF1FE6000070B5456825
:104720000446FFF745F9054B85F885001B680146EF
:104730001BB12046BDE87040184770BD68130020CB
:10474000024B1B6803B11847704700BF6413002079
:10475000F0B51F4D2B78002414709BB1013B6D68A0
:10476000DBB21E1B012E0FDC05EBC40655F83470BE
:1047700076688E4208BF874227D0B84271EB0606A2
:1047800012D214700020F0BD1E19771005EBC70E71
:1047900055F837C0DEF804708445C6F347068F41EC
:1047A0002CBF33463446DCE705EBC30455F83350E1
:1047B00064688C4208BF854206D0A84271EB0404AD
:1047C00028BF01331370DDE71C4614700120DAE7BF
:1047D0009421002010F0070208B503D0632148207F
:1047E000FCF7C8FB18B1034B197258601A70C80067
:1047F00008BD00BF94210020014B00221A707047B1
:10480000942100200A46822302F8033B04480368EF
:10481000C1F803304368536083689360704700BFFA
:104820009D21002002481622002107F02FBB00BF67
:104830009D21002082B002AB03E903000B48437DB9
:1048400093B1530610D50A880280D1F81822B1F826
:1048500080304260D1F81C220549826043800222E8
:104860000C3002B0FFF72CBB02B070479D21002036
:1048700005480000094B53F8203070B503F5234379
:104880000C461646A1334FF47A72B3FBF2F503F0EF
:1048900079FB34442C44204470BD00BF84BA02002C
:1048A0002DE9F04F8DB09A4690F869300293044696
:1048B0008946069208F060FF834694F87300FFF77C
:1048C00057F8834409F0F2FE94F887300393069B6F
:1048D0001FFA8BFB00F1500783BB94F8DC31032BEC
:1048E0002CD1039B0D2B29D1B4F83C324B4525D15B
:1048F000D4F8E431C4F8D031A369B4F8B421C4F8D1
:10490000D431B4F82A321344C4F8D831204602F026
:104910004FFAD4E99023A262B4F83E22A285D4F8DB
:104920004822226241F64B529342A3618CBF00237E
:10493000012384F87230022384F8DC31B4F8285261
:10494000B4F88080A9EB05052DB204F5FC73A9EB42
:104950000808002D04930FFA88F818DAD4E98423A4
:10496000C4E98823012345460493CA4B1B7813B13D
:1049700006F07CFB70B9002694F8DC31032B00F2C2
:10498000DE81DFE813F06C006601BD008B01CDF81D
:1049900010A0EAE7B4F8C831012BECD994F8DC3167
:1049A000022BE8D094F8F661002EE4D194F873005D
:1049B000FEF7DEFF94F8DC3100F5C86B012B1FFA1F
:1049C0008BFBD9B23ED194F88A20A36A032A32D154
:1049D000D4F8D42113445946D4F8D401079306F0EF
:1049E00009FBD4F8D061079BD4F8D821C4F8D001D2
:1049F000861B59461846564306F0FCFAD4F8E031B7
:104A0000C4F8E001C31A5946A0691E4406F0F2FA40
:104A1000B4F8B431D4F8D82143445B1B9B1AD4F8C2
:104A2000E421013B821A02FB03660123C4F8E4017E
:104A300084F8F631A0E73046079309F073F8079B36
:104A40000344C8E7A069594606F0D4FAB4F8B46143
:104A5000D4F8E4314644761BC31A5E43E5E70121EE
:104A6000002009F05FF88046A06A5946404406F0ED
:104A7000C1FA5946C4F8E001A06906F0BBFA09A9D9
:104A8000C4F8E4010AA803F039F9099B0093D4E9BA
:104A90008801DDE90A2305F097F90290204609F024
:104AA0001DFEA16AD4F82C2294F869008D1803F039
:104AB00071FAD4F8E011029B203D6D1AED1B4544BC
:104AC00000F52340ED1AA1304FF47A73B0FBF3F0F8
:104AD000A38D30312D1A03EB410194F869003A4659
:104AE000FFF7C8FED4F82C32EB1A2230B3F5917FD1
:104AF000C4F8E80159D240F2FC413020FCF73AFA00
:104B0000A36AD4F8D4015946184406F073FA5946FA
:104B1000C4F8E001A06906F06DFAC4F8E40120468B
:104B200009F0DCFDA36AD4F8D4511D44B4F8B431C3
:104B3000002B40F08A80BAF1000F00F0868094F8D4
:104B4000690003F027FAD4F8E011D4F8183294F889
:104B500069206D1A203D1D44D4E984BC4E4B53F8A6
:104B60002220A5EB0B054FF47A7302F2E732B2FB79
:104B7000F3F21544ED1B00F52340A130B0FBF3F038
:104B80002D1AD4F8D821D4F8D03194F8690002FB5A
:104B90000313A18D303301EB43013A46FFF76AFE60
:104BA0000123C4F8E80184F8DC31A369D4F8E421D6
:104BB000E73B9B1ADF1B002384F8F831D4E98832E5
:104BC0008742A5EB060528BF07465B1942F10002A4
:104BD000C4E98232C4F8B07104F1300009F029FA56
:104BE000D4E98223C4E98823B4F8A031A4F8289238
:104BF000A3EB09031BB2002BD4BF002201225200F9
:104C000084F80022039A38440D2AC4F8FC0100F00D
:104C10009980BAF1000F40F0988094F8DC31002BB5
:104C200000F0B080A169D4F8E43104F5FC70C91A31
:104C300008F011FF80B2002800F0A480169B03B199
:104C4000188001200DB0BDE8F08FD4F8E0116D1A86
:104C500097E7D4F8E411A369B4F8B421D4F8D801E3
:104C6000D4F8D0C15B1A5D43D4F8E0314244121A43
:104C70003033013A0CFB003301FB0233A18D94F871
:104C800069003A4601EB4301FFF7F4FDC4F8E8017F
:104C90008BE700BFC021002084BA0200D4F8E4E111
:104CA000A369A3EB0E035D4394F88630252B03D054
:104CB00094F88730252B0CD1B4F83C32A9EB0303D0
:104CC0001B0406D4029A94F83F32002B18BF1A46F0
:104CD0000292049BB4F8B4C143B3BCF1000F25D1D8
:104CE000D4E98623D4E98401904271EB030302D313
:104CF0004FF4AA6101E794F869102C4B53F8213066
:104D0000D4E98401CDE904010498203A121A03F28F
:104D1000E7314FF47A7B03F52343B1FBFBF10A44FF
:104D2000A133B3FBFBF3D21AD21B15440CEB0801E1
:104D30000EFB01F1303102983A464900A4E74FF4E6
:104D4000AD61DAE6BAF1000F1CD0B4F8C80118B3AF
:104D5000B4F8CA1194F8CC21A4F8CA1101FB0222BC
:104D6000904201F101050DDD002B0BDD002384F8DD
:104D70000032A4F8CA51FFF727F900F0070001300C
:104D800084F8CC0194F8F70104F5FC7104F014FEEA
:104D900020B940F2B151B0E60146DBE7069B83F053
:104DA000010384F8F43100204CE700BF84BA02000C
:104DB000F7B5044618B9E2213020FCF7DBF80729E3
:104DC00000F2BC80DFE801F00484464641BA33B704
:104DD00004F0DEFFC4E94001204601F02DF8D4F8CC
:104DE000F400CB3804F0D0FE10B940F27B21E3E7A9
:104DF00020460AF019F80546F8B90146204609F0A0
:104E00003CFF00F1E506D4F8F400B04209D2301AB4
:104E1000322838BF3220032104F0D8FE051E18BF07
:104E20000125C4F8F46020460AF018F83DB1204688
:104E300003B0BDE8F0400AF012B80025F3E7D4E96A
:104E40004023C4E93A2303B0F0BD03B0BDE8F0400D
:104E500002F060BF09F01CFF002384F8F930074618
:104E60000E4604F0E3FC0722A7FB023502FB0655C1
:104E7000D4F8EC200192D4F8E8209B18019A45EB75
:104E80000205D4F8CC2032B157EA060203D098428A
:104E900071EB050216D2022284F8F820D4F808211A
:104EA000D4F80CC1121A6CEB010C94F818E1BEF1A5
:104EB000000F09D1012A7CF1000E11DA204600F022
:104EC000C3FF05E00122E7E7012A7CF1000CF5DBD6
:104ED00094F8C80004F0C4FC002384F81031B2E751
:104EE000984271EB050E0ED23E430CD01B1A65EBB7
:104EF00001019A427CEB010005DB012B71F10000FE
:104F0000A4BF1A468C460F4994F8C8000123914269
:104F100084F811314FF0000384F8F03073EB0C0388
:104F2000B8BF0A4604F1F00104F05CFF00288AD102
:104F300040F2EF6140E74FF480713DE74FF482713A
:104F40003AE700BF0040420F2DE9F04104460E460B
:104F5000154690F8103103F0FF071BB10C273846B7
:104F6000BDE8F0810146474804F08CFC20288046CB
:104F7000F4D05722394604F1C90006F087FF84F8BF
:104F8000C880C4F8CC60FF2384F8103136B1FFF735
:104F900033F800F00700013086F8CC0102234FF00F
:104FA0000008A4F8F83084F8F08006F075F800F1F5
:104FB0009E06204609F038FFB6B20146002839D0D7
:104FC00008F0DAFB00F5CD6189B2284606F012F848
:104FD0002844C4F8F40004F029FC301841F1000121
:104FE000C4E94001012084F8D000A4F8268009F02B
:104FF000DAFFE53D2D1AC4F8D4504FF0FF356FF0BD
:105000000041D4E94023C4E942510025C4E93823D2
:10501000C4E93A2394F8C80084F8115142F210729E
:1050200004F1F00104F0DEFE38BB40F2EB11302059
:10503000FBF7A0FF204609F020FEDFF84C80E530AA
:10504000C4F8F400B8F8020048B1E08C38B1FEF7BB
:10505000D3FFB8F80230B0FBF3F202FB13000644B2
:1050600004F0E4FB361841F10001C4E94061002D71
:10507000C3D0AD1941F10001C3E72946204609F02C
:10508000F0FE6CE7B14D0000C0210020F0B5002318
:1050900085B0CDE9003301238DF806306846FCF772
:1050A00061FB70B11D4E012333710027CDE90277FA
:1050B00002A8FCF757FB0546C8B10023337105B0C1
:1050C000F0BD009809F025FCE8E790F8F70104F03E
:1050D00007FD94F8F70104F03DFE94F8F70184F819
:1050E000DC5104F0BDFB202384F8F731DEE7029B9E
:1050F000002BDDD093F8F721202AD9D018884FF65D
:10510000FF739842D9D02946FCF7F2FA04460028EA
:10511000DBD140F237113020FBF72CFFC0210020FB
:10512000054B002201215A7119701A7142F2107256
:105130005A80FFF7ABBF00BFC0210020014B587160
:10514000704700BFC021002008B502F0B3FA044B3D
:105150009A6882422ABF1879002080F0010008BDB9
:10516000C02100202DE9F3470446062900F2DA8029
:10517000DFE801F0048673838A8FD300D0E98401CD
:10518000D4E98623904271EB030354D294F8F631AC
:10519000002B50D094F8DC31032B4CD109F086FA67
:1051A00094F869A0814608F0E7FA064694F873007F
:1051B000FEF7DEFB064494F87300FEF7D9FBD4E952
:1051C0008423D4F81872D4F8B05180465046BF1AE0
:1051D00002F0D8FE554A52F82A20A5F1500302F5F4
:1051E0002342A1324FF47A71B2FBF1F29B1AA3EB86
:1051F00009031B1A09F1790909EB5309B6B2603B9F
:1052000008F5C86873431FFA88F8B3FBF8F36033F6
:105210005A08A9EB53039F4202D391444F4501D949
:1052200005F02AFFA069314605F0E4FE0023C4F82A
:10523000E40184F8F6313E4B1B7903F0FF0263B9B9
:105240000092B4F8A41101232046FFF729FB38B1DE
:1052500040F21E713020FBF78DFE042384F8DC3110
:1052600002F03AFC04F0E6FAB4F88020A4F8F22147
:105270000023A4F82A3284F8F53102B0BDE8F087A3
:10528000032380F8DC31F8E70AF02FF8C4E986013F
:10529000F3E790F86900264F09F010FAB530D4F81A
:1052A000E431A56995288CBF0020C0F19600C21892
:1052B000954288BFED1A7B798CBF2D1A00251BB94A
:1052C000236B9D4228BF1D4604F13000D4F8B06125
:1052D00008F0AFFE0644022004F032FDAD1B25EAC3
:1052E000E575854228BF05460221284604F06EFC7C
:1052F00000B92E44012340F245123146204608F001
:10530000F5FED4F8B031B860A069184404F03CFC54
:105310000028B2D140F2A3319CE702B0BDE8F047CB
:1053200009F0DCB940F2ED7194E700BF84BA0200E5
:10533000C02100202DE970430C4615466ABB024689
:10534000174994F8C80004F0C7FA20B940F2FD717B
:105350003020FBF70FFE02F0ADF9D4E94089064694
:1053600084F8D05084F810510121D4F8CC00FEF715
:105370008FFAD4F8CC00C0E9848994F8C83080F85A
:10538000F731C0E98889C0F82C6209F097FA02F079
:10539000A3FBBDE8704304F04DBA40F61801D7E70F
:1053A000F7E60000014B5880704700BFC021002085
:1053B000074A03461068D3F85120C0F80320B3F819
:1053C0005520A0F8072093F8501008F0A5BC00BFA6
:1053D000CC21002070B504460E466588407F15F04C
:1053E0000401134618BF04F15F013246FEF77CF951
:1053F0004107054621D4C2070BD5012384F850305C
:10540000607FFEF7D5F90368C4F851308388A4F8AB
:105410005530AB0701D4012070BD094B1868D4F892
:105420005F30012184F85E10C0F80930B4F86330B1
:10543000A0F80D3008F079FCEDE70020ECE700BFA4
:10544000CC21002038B5C38D0F4D0133C3F30E03BB
:10545000C385AB7C04462BB102F00EFC01F030FD9D
:105460000023AB7400232B7194F871302BB1012110
:105470002046BDE8384009F0F8BA637C13B1E28DEC
:105480009A42F4D20021F3E7CC21002010B5094C58
:105490002379012B02D02379022B05D1A37C1BB1E8
:1054A00002F0EAFB01F00CFDE069BDE81040FFF7F7
:1054B000C9BF00BFCC21002070B5294C2379012B36
:1054C00007D02379022B04D040F65C412D20FBF756
:1054D00051FDA0B90125A37C1BB102F0CDFB01F069
:1054E000EFFC002D3AD0E06909F038FA002830D0FE
:1054F00002F0A0FA236ABDE870409B681847216853
:10550000E26911F8095B02F15103E80992F85020B1
:1055100008F03AFA0028DDD02068002108F02AFCC3
:105520000028D7D02379E069012B05D02379022BFD
:1055300002D040F63541C9E72379226A03F180435E
:105540005269013B05F00F0152F823309847054698
:10555000C1E7E069BDE87040FFF774BF70BD00BFF0
:10556000CC210020074A0346D06903B909B9FFF7E7
:1055700069BF1379126A03F180431269033B52F841
:1055800023301847CC2100202DE9F043032985B0B2
:105590000546174607D14388980723D400242046A0
:1055A00005B0BDE8F083428890F87030D107DBB2D7
:1055B000F4D5002BF2D14FF00108DFF8D49099F820
:1055C0001260C6B108F024FA0828387016D002AA72
:1055D0000DF10701FEF75EF838B940F6D4612D20D1
:1055E000FBF7C8FC4FF00208E7E79DF8070002A9A7
:1055F00009F052F806463B78082B08D1D9F800107C
:1056000011F8030BC0F3801009F046F80646D9F8EC
:10561000001095F8572011F8030B05F15803C0F35B
:10562000801008F0B1F9D9F80010044611F8030B06
:10563000C0F3801008F0E2F98146FEF7CBF840B1E4
:10564000B9F1080F1BD04846FDF750FF80F0010369
:10565000D8B23A78082A14D01CB96C7FA21A5442E6
:1056600054416A8853079AD4002897D176B9EC7CC4
:10567000444518BF002C0CBF012400248FE70020F4
:10568000E7E780F001022240D4B2EAE7344686E739
:10569000CC2100202DE9F04F85B008230DF1070241
:1056A000052104468DF80730FFF76EFF064620B946
:1056B0000026304605B0BDE8F08F744F3968FA7C9B
:1056C00011F8030B07F11403C0F3801008F05CF924
:1056D00080460028ECD13B68216A184691F88E205C
:1056E00010F8035B02EA551202F0010281F88E20E5
:1056F000D3F80320C1F803208288A1F807201D46B3
:10570000226A15F81F1BC1F380119170D3F81F0096
:10571000029002A928790871D3F80F00D061587D52
:105720001D7D000440EA0520DD7C28435062B3F86B
:10573000190082F8728040F2E24909FB00F09061A2
:105740009D7DC5EB451005EB800505EB85056D00DE
:105750009585B3F8170009FB00F09062B3F81B00C1
:105760001084B3F81D00508493F8243003F01F0018
:105770005B0982F89A0082F87330256A94F912A0C6
:1057800005F18E0008F024FA40F20113A5F8683004
:105790004FF0FF0B85F86AB0414605F13000FEF787
:1057A0009BFB51462846FEF7D9F8236A84F87B8094
:1057B0001A88A4F87C2084F899B04FF6FF72A4F8F8
:1057C0009A209A69B2FBF9F2A4F892201A8CA4F8F4
:1057D00094205A8CA4F8962093F8732084F898208B
:1057E000227F9DF8070004F186015AB394F85020F7
:1057F000012A27D194F8562002F0C002402A21D174
:10580000D4F85120C4F88620B4F855208A809A78BC
:1058100084F87F20082803F1030504F18C01D3F8F4
:10582000033004F1800227D0C4F88C30AB888B8021
:1058300004F17F01FDF72EFF40B940F6BB312D206A
:10584000FBF798FB0022C4F88620DFE794F87F304E
:1058500043F0020384F87F3004F172000C4908F031
:1058600068FB0C4B206A1B6800223A71002B3FF446
:1058700020AF214698471CE7C4F88030AB8893805E
:105880000023C4F88C308B80E6E700BFCC210020D9
:1058900091EB000070130020032973B5044604D077
:1058A000052952D0012002B070BD08230DF1070276
:1058B0008DF80730FFF768FE0028F3D0237C274DD2
:1058C00003B39DF8070094F8BE30DBB9237884F861
:1058D000BF30082804F1C10228D004F1C001FDF74F
:1058E000D9FE20B940F64A712D20FBF743FB94F80E
:1058F000C03043F0020384F8C030194904F1B60007
:1059000008F017FB2B68062204265A701E702046EA
:10591000FFF74EFD286894F84020E16B08F01BFA71
:1059200028682E7102F026F90020BCE7286803469B
:1059300013F8031BC1F3801184F8C010D0F80310D2
:10594000C4F8C1109B889380D7E7064B1B68002BD7
:10595000EAD0984780F00100C0B2A4E7CC21002033
:1059600079EB00006C130020F8B504460F4619B31C
:1059700000F12805284609F0EFFAA0B963881A0754
:105980002ED5284609F0FFFA0646284609F0E4FA23
:10599000301AC0B209F007FB474A9368034428460F
:1059A000936009F0B5FA284609F0B7FA01F0A8FFAC
:1059B0002179252001F0C6FE3F4E94F85E20306824
:1059C0000023037043706388103B0D2B64D8DFE81D
:1059D00003F05F635B0C6340636363636363634013
:1059E0002046BDE8F840FFF72DBD06234370202375
:1059F00003702046FFF7DCFC638823F008039BB2AA
:105A0000152B05D094F83820616B306808F094F9B4
:105A1000306802F0AFF8032321793371002001F0E0
:105A200099FF054607B9F06063881B0704D509F0A4
:105A3000B7FA0544C4F8D8506388103B0D2B36D80C
:105A4000DFE803F038352F2F352F3535353535352F
:105A5000352F0C2343700346212103F8091B52B153
:105A6000D4F85F20C0F80920B4F863209A8001219F
:105A700008F05BF9BDE7A26DC0F80920B4F85C201E
:105A80009A8094F85710F3E7062303704370B0E749
:105A9000022303700623F9E740F236612D20FBF75D
:105AA00069FA21790120BDE8F84002F00BB940F60F
:105AB000CF41F3E7F8BD00BFCC21002038B54388C3
:105AC000102B044604D1BDE838400121FFF74CBF3C
:105AD0000B4DAB7C23B101F0D9F9402002F0C0F8A6
:105AE000286802F047F8608810F0040002D121799C
:105AF00002F0E8F8002002F091F801232B7138BD84
:105B0000CC210020024B0121D869FFF72DBF00BF37
:105B1000CC21002010B5134CA37C1BB102F0ACF8D3
:105B200001F0CEF9E06908F019FF70B12379012B7B
:105B300010D12379226AE069D26803F18043013BE6
:105B4000BDE8104052F823301847E069BDE8104026
:105B5000FFF778BC2379022BEBD040F65E312D2085
:105B6000FBF708FACC21002010B50748037903F0B1
:105B7000FF0433B918222146043006F087F9204685
:105B800010BD0C24FBE700BFCC21002010B5094C50
:105B9000002323712060FFF7E7FF20B140F2EF21DF
:105BA0002D20FBF7E7F9236A13B940F2F221F7E75A
:105BB00010BD00BFCC210020014B024A1A62704781
:105BC000CC210020945E0000034B044A1A60044B71
:105BD000044A1A60704700BF6C13002095560000FD
:105BE0007013002035530000F8B5057DAF1E044644
:105BF000FFB2002D3AD0012F2DD800F1580190F8B6
:105C0000570007F0FBFE0828064624D0FDF77AFC73
:105C100010BB023D18BF0125012F8CBF00270127B3
:105C200084F8505027776677FDF72EFD054603F080
:105C3000FDFD174B0022E5FB0301C4E9120184F8C6
:105C40005E2011462046FFF7C5FB70B940F27A414D
:105C50002D20FBF78FF90826022D09D104F15101FF
:105C60000020FDF7DBFA80B90020F8BD0826F5E733
:105C7000E37E002BF8D0D4F81530C4F85130B4F8D6
:105C80001930A4F855300125C6E70025C4E700BF48
:105C900040420F00F0B5464E327985B0044602F01E
:105CA000FF0312B90278FF2A04D140F6B9112D2062
:105CB000FBF760F93382B3607371B37180F87130B0
:105CC0003C4B00933C4B01933C4B0293336A684638
:105CD0005B68039301F046FF01F078FD01F0CCFF13
:105CE00001F0EEF8364801F001FE04F128053548D0
:105CF00001F032FF284609F00BF9284609F00DF9AA
:105D000001F0FEFD2179252001F01CFD94F912001F
:105D100001F0E6FD04F13401206B06F09FFE04F172
:105D20003C010746206B06F0C0FE0546E7B194F83B
:105D30002430CBB1B4F92E50ED43ED0F237F13B9CE
:105D400063885B0709D5D4E912126FF000439A42C9
:105D500008BFB1F1FF3F0ED1A5B930680330FDF7A0
:105D6000B1FCB07405B0F0BD002DE7D094F825501B
:105D7000002DDFD1E2E703F059FDD4E91223904270
:105D80009941E9D3012229462046FFF723FB50B170
:105D9000FDF77AFC054603F049FD0B4BE5FB0301DB
:105DA000C4E91201D9E7002DD7D040F6F6117EE7FD
:105DB000CC210020155B0000B9540000655500009F
:105DC000D6BE898E5555550040420F0073B5044626
:105DD000FFF760FF00212046FFF7C6FDA36E0BB161
:105DE00001221A606388DB0720D50023104E256A44
:105DF000CDE90033FF23F3746846FBF7B3FCA8B981
:105E0000009CA542F8D06A7A607A05F10A0304F191
:105E10000A0107F0B9FD0028EED0A378F374D4F896
:105E200003007061034BB4F807209A8002B070BD84
:105E3000CC210020E0210020024BD8611B6A1B68A6
:105E4000184700BFCC21002043881B0710B504462B
:105E500011D5036A0A493C2280F87B201B88A0F8F0
:105E60007C30FF2380F899304FF6FF73A0F89A300A
:105E7000723008F05EF8FF2384F8713010BD00BF67
:105E800091EB0000E3EB0000BD5A0000E9EB0000DD
:105E900099580000CD5D00008D540000055B0000A6
:105EA000845E0000885E0000905E000001380228D9
:105EB00008B503D9C3212F20FBF75CF813290A4B3F
:105EC00005D811290CD8102907D0D121F3E71529BD
:105ED000FBD103EB4003D88801E033F8100008BD84
:105EE00003EB40039889FAE7F8B902000C4A1178ED
:105EF000034689B9906833B9B0F85810828F91423F
:105F00000AD8FFF721B993891B0707D590F88800B5
:105F1000073818BF012070470020704701207047E4
:105F2000F02100202D4AF8B5948903461C43402BEC
:105F30009068948104D10421BDE8F840FFF712B9BC
:105F4000802B01D10521F7E703F00304032C04D1D2
:105F500040F6C3213120FBF70DF813F0020418BFFF
:105F60001161DD0705D55161C97806290DD00B29CE
:105F700017D02CB11169C97805291DD00B2927D05C
:105F80009B0644BF08231370F8BD90F887101829AA
:105F9000EFD1002600270121C0E9386780F88B1077
:105FA000E7E790F88710122901BF002180F88B10D5
:105FB000012180F8C810DCE790F887101629DFD19E
:105FC00000240025C0E93A45012180F88C10D7E76C
:105FD00090F887101129D3D10021F6E7F021002095
:105FE00073B504464068836F13F0300F0D4646D1F9
:105FF00009891A2903D96B89B3F5A47F06D2E978F8
:10600000204602B0BDE8704008F0E0B8AA881A2A1D
:10601000F5D9EE88B6F5A47FF1D30096303008F0BC
:106020001AF8184B9A8992070ED51B69DB78142B46
:106030000AD16268936F43F010039367204608F01B
:1060400093F8002002B070BD636893F886201D2A83
:10605000EFD093F81B31002BEBD1636893F81A3122
:10606000002BE6D16268936F114643F020039367DB
:1060700031F8300B02F59F72FDF792FFDEE7012049
:10608000E0E700BFF021002037B5044601A8FDF786
:106090004FF820B940F6A3013120FAF76BFF222216
:1060A0000021019805F0F2FE019D0321284607F02A
:1060B000AEFE2B7823F010032B7001982146FDF7DC
:1060C000BFFC019905482246FEF754F8FDF744F855
:1060D00010B940F6AD01DFE703B030BDF421002078
:1060E000264B70B59C6894F83E5294F83F62002DA0
:1060F0003DD194F86810002E3BD194F8693084F8B3
:10610000681084F86930FF2384F86A301C4B1B68E0
:106110000BB12046984794F82431012B01D0354328
:1061200003D018480021FCF7D5FE04F130063046B4
:1061300007F07FFF04F2351105462046FDF7E2FE29
:1061400020460621FFF70EF8304607F072FF854221
:10615000044610D203F0E8FD0146601B322838BF28
:10616000322003F033FDB0FA80F0400970BD2946BB
:10617000C1E73346C3E70120F8E700BFF021002064
:1061800080130020F421002010B5154B1B691979EC
:10619000436893F88620092A09D193F809218A4295
:1061A00005D1002283F8862083F8C22010BD9A6FA3
:1061B00012F0080406D022F00802BDE810409A67E9
:1061C00007F0DCBFFF2905D1332283F8862083F84E
:1061D0003442EBE740F24C513120FAF7CBFE00BFDE
:1061E000F0210020F8B50D79A5F10E03DBB2152BD7
:1061F00004460DD8012606FA03F740F25122174251
:1062000008D14268152B92F8862028D0082B08D098
:106210000020F8BD024631462846BDE8F84008F0A7
:10622000C6BE212A01D02E2AF2D1204607F093FFC4
:10623000636893F88720222AEAD093F8D92022F0C5
:10624000010283F8D920626892F8D93023F008035C
:1062500082F8D9301A212046FCF73CFED8E7282ADC
:10626000D6D1034B1B68002BD2D09847D0E700BF94
:106270007C1300202DE9F041A0F10E040029E4B2C6
:1062800008BF1F21172C13460AD80126A64040F24A
:1062900051273E4207D116F4600F23D1082C07D0B6
:1062A0000020BDE8F081BDE8F041002108F07FBE8C
:1062B000546894F88620212A08D11846FCF70AFE73
:1062C000002384F8863084F8C230E9E72E2AE7D12B
:1062D00094F88720A2F120010629F1D92E2AEFD0C7
:1062E0002A21EAE7054A1468002CD9D00A4601465B
:1062F00018462346BDE8F041184700BF7813002038
:106300002DE9F7437F4D0646AC68002840F0A48095
:10631000AB891A0724D594F80E31FE2B04D140F234
:10632000CF513120FAF726FEFE2384F80E3194F87F
:1063300087301A2B06D184F8C700281D07F01EFFEE
:1063400084F8876094F88630202B33D0332B3FD0ED
:1063500094F88830072B02BF02232B7684F80E3185
:10636000AB89DB073DD4AB895F0700F1AB809907B0
:1063700040F1B280AB68012283F80F212B69DF78EE
:106380000D2F00F0A680112F00F0B180072F00F034
:10639000B0803846FDF7AEFF0346002840F09A80F3
:1063A000FF2F40F0A880AA68332182F8861082F877
:1063B000340291E094F88730A3F12002062A05D92F
:1063C0002E2B03D0212384F88630C1E72E23FAE751
:1063D000012384F83532002384F8863084F8C230F3
:1063E000B6E7D5F80890D5F8148099F88730113BB6
:1063F0000B2B0BD898F80330023BDBB2092B7DD86E
:1064000040F2333222FA03F3D80777D54046FDF73E
:10641000F9FA98F8037020B939463B4807F0D6FEE0
:1064200049E0012F01D9162F30D199F8860007F0E5
:10643000BAFE40B199F88630202B04D0212B07D129
:106440002E2389F886303846FDF742FF03462AE0BE
:10645000162F14BF022620262B781B0712D594F87E
:106460008730113B0B2B4BD9002501A90320019547
:10647000FBF7ECFD019B2BB11D720C22019821460C
:10648000FDF7DAFC304603B0BDE8F083112F0ED0E3
:1064900005D8072F14D00D2FD5D11C4B08E0142F91
:1064A000D1D11B4B1B681BB998F80310B5E7194BEA
:1064B00069691548984700283FF455AF0646CBE771
:1064C000154BF5E794F88820062A04BF01222A76A6
:1064D0004DE7124B0C489847AB89DA06BCD594F8C7
:1064E00087300A2BB8D10B2384F88730B4E70C4BE4
:1064F000F0E70C4BEEE740F2C25112E70826ABE79B
:106500000820C0E7F0210020F4210020EDF0000079
:106510007413002035F10000E56100007DF00000FB
:106520009BF00000896100002DE9F74FB64F0E4641
:10653000B989BC688D0556BFB4F8B8200023013274
:1065400004F1780A804646BFA4F8B83084F8AF3129
:10655000A4F8B820504608F0B8FD30B10B4604F559
:10656000967221465046FEF771F8BB8903F4C0636A
:106570002BB194F88A30002B47D0032B4CD094F8E1
:106580008A20BB89012A04D1180544BF022284F85D
:106590008A20B8F1000F40F0958059065DBFB4F82D
:1065A000C821013292B24246A4F8C82103F00A027F
:1065B0000A2A0DD13A69D278022A09D123F00803B8
:1065C0003046BB81FFF79CFE08233043C6B2BB8137
:1065D0003046FFF795FEBD6895F80E313043FE2B2F
:1065E000C6B23CD1DEBB95F88830063B012B36D9CC
:1065F00095F81831ABB195F81931A5F8BC6085F85C
:1066000010310122022128462BE1012184F88A1051
:106610002046FEF7A7FDB2E7022384F88A30012165
:10662000F6E795F88790A9F110095FFA89F9B9F1B1
:106630000C0F40F2ED80AB6FDA0702D5324609212C
:10664000E1E7980740F1938032460C21284608F094
:10665000FCFC95F8C93043F0010385F8C930B4F863
:10666000A83194F8AC510133A4F8A831002D00F002
:10667000FD81FBF7DDFC10B10023A4F8A83194F8EC
:106680008A10012940F2278294F88830072B40F0C5
:106690000582B4F8B830022B40F21D82B4F8BA502B
:1066A0000135ADB2B4F880302B44A4F8A03194F891
:1066B000AD31002B00F013820123B4F88020134485
:1066C000A4F8A431BB89BD685B065FBFB5F8B431DF
:1066D000B5F8A6219B189BB248BF0023A5F8B4319A
:1066E00095F8183123B995F88830063B012B06D868
:1066F000B5F8BC30B5F8A6211344A5F8BC3095F820
:10670000C21031B1B5F8BE30B5F8A6211344A5F8D2
:10671000BE3095F9C620002AC1BFB5F8C430B5F81F
:10672000A6011B18A5F8C43095F8A93063B9B8F1D3
:10673000000F40F065823B7E022B40F0178295F8F7
:106740001031062B18BF162395F8A82022B92F4820
:1067500085F8A930FDF7E0FD284608F024FD002368
:1067600084F8AB3103B0BDE8F04FFCF71BBD59070F
:1067700002D53246132146E71A0706D595F80831A7
:1067800085F81031324607213DE713F0300F35D040
:1067900095F81B31002B4AD195F81A31CBB195F8F9
:1067A0008730252B05F58D7105F23E2224D095F812
:1067B0008630A3F1250043424341284607F03DFCC3
:1067C000AB6F23F0200343F01003AB67002385F881
:1067D0001A31AB6FDA062AD505F235112846FDF7D6
:1067E00091FBB5F85230A5F81031B5F85630A5F840
:1067F00012310022152106E70123DEE75B0616D5DC
:1068000000222421FFE600BFF0210020F421002017
:10681000D7F808B09BF88730113B0B2B0ED8DFE878
:1068200003F01D0D0D0D232C0D0D0D0D0D55B8682C
:1068300090F88730222B4FD0312B4AD095F88630F4
:10684000002B59D195F88730103B0C2B5CD995F86B
:10685000B630002B58D001221221D4E600220B21A1
:10686000584608F0F2FBFAE65846FDF7C9FD002845
:106870003FF4F5AE00220421F2E79BF83032012B01
:1068800008D100220521584608F0DFFB00238BF8D1
:106890003032E4E69BF83032022BD9B27FF4DFAE1F
:1068A0009BF8C85025B106238BF810310022EAE787
:1068B00003210622B34807F070FC9BF8D83013F090
:1068C000040F2A460CBF0D211121DCE7002206210E
:1068D000C6E700221121C4E790F82431022B02D12F
:1068E00000221721BDE790F82431012BA6D190F8A2
:1068F0002531002BF4D0A1E7092B05D195F80931FA
:1069000085F8103101223EE7B9F10C0F7FF6A7AEF2
:10691000D7F8089099F886B0BBF1000F40F08C8052
:1069200099F82B313BB101220E21484608F08DFB2E
:1069300089F82BB1ADE799F82A3193B199F8C9B02C
:106940001BF003030DD101220C2148464BF0010B33
:10695000019308F07AFB89F8C9B0019B89F82A31C4
:1069600097E799F81A3133B399F81B311BBB99F8A3
:106970008730252B09F58D7109F23E2219D099F83F
:106980008630A3F1250043424341484607F055FBBA
:10699000002389F81A3101221421484608F055FBDA
:1069A000B9F85230A9F81031B9F85630A9F81231B7
:1069B00055E60123E9E799F82431012B4BD199F8E9
:1069C0002531002B47D199F88730A3F12002062A00
:1069D00041D92E2B3FD099F86800012806D0022813
:1069E00004D04FF461710620FAF7C4FA99F86910DF
:1069F000012901D00229F4D1022899F826210BD0CF
:106A0000012A14BF0022012242B90A3B042B13D9E8
:106A100001221621484624E7022AF2E7022999F8C2
:106A2000272116D0012A14BF00220122002AECD00F
:106A300054480021FCF74EFA95F88630002B7FF47D
:106A40000EAE95F83432002B3FF409AE0122FF213F
:106A5000D9E5022AE7E74C4B1B68002BECD04948EC
:106A60009847FE280146E7D00122D3E7FBF7DAFA80
:106A700008B1A4F8A851FBF7E3FA00283FF4FFADF2
:106A800094F8AF310133DBB2022B84F8AF3182BF0F
:106A90000023A4F8A83184F8AF31F0E594F8B630BB
:106AA0001BB194F886300F2B15D1B4F8BA50B4F856
:106AB000B8305046ED1A033D08F007FB68B1D4F832
:106AC000B030D4F8AC20033B9B1A9D42A8BF1D46B2
:106AD000012D3FF7E6AD0125E4E52B46F5E7012D55
:106AE0007FF6EAAD94F8873013B10B2B7FF4E4AD59
:106AF00094F88630002B7FF4DFAD94F88830002BBB
:106B00007FF4DAAD02297FF4D7AD94F8AF31002BD2
:106B10007FF4D2AD2069B4F82E9005F0FBFD00287B
:106B20003FF4CAAD94F80E31FE2B7FF4C5ADB4F836
:106B3000A231012B7FF6C0ADB4F8A821238C9A4274
:106B4000BFF4BAAD9B1A9BB2013DADB2B5FBF9F5EE
:106B50009D4228BF1D4619FB05F3003D03F10103CB
:106B600018BF01259BB284F8AA51A6E5012B0DD1CF
:106B700095F88930002B7FF4E7AD00212846FEF719
:106B8000F1FAECE5F4210020841300205EB1F00658
:106B900034D4310734D4B20634D4B30734D140F6F8
:106BA0004421312020E739B1B5F8BE10B5F8C03026
:106BB000994201D32223C7E5002A05DDB5F8C42098
:106BC000B5F8C0309A42F5D2B5F8BC20B5F8BA3065
:106BD0009A420AD295F88A20B5F8B83052B1B5F881
:106BE000BA209A42C9D80823AEE595F81831002B8F
:106BF000E0D1EFE7052BC0D93E23A5E51E23A3E591
:106C00003D23A1E523239FE52A239DE5634B73B52F
:106C10000025012604461E7198609D811D701D7619
:106C2000FF2380F8AB310088FCF77CFA2088FCF762
:106C3000A3FAB4F8A231E3B194F80E31FE2B18D1C7
:106C400094F81831ABB194F88830063BB34210D9B0
:106C500094F81931A4F8BC50204684F8103132461B
:106C6000022108F0F2F984F8AA510220FFF70CFA89
:106C700003E094F80E01FE28F8D1B4F8A611B4F898
:106C8000A821E38D013989B2B1FBF3F31344A4F8D1
:106C9000A831B4F8B83004F178060B44A4F8B83041
:106CA000304608F012FA20B1D4F8AC300B44C4F8E6
:106CB000AC30B4F8A231012B9CBF0133A4F8A2314F
:106CC000002509B184F8AF5194F8873084F8AA51AF
:106CD000A3F10A02012A1DD8B4F88030B4F83C228E
:106CE0009B1A19042FD404F23E2104F18E0006F001
:106CF0006FFF84F88750FF2384F8C330B4F8A621CF
:106D00002146304606F0AAFF98B340F6C81131205C
:106D1000FAF730F9252B16D1B4F83C22B4F88030BC
:106D20009B1A1A040FD484F88750FFF7D9F901464B
:106D300030B984F8240102B0BDE87040FFF7F4BB1D
:106D400084F82451DAE794F8863003F0FD03252B0C
:106D5000D4D1B4F88030B4F83C229B1A1B04CDD4B3
:106D6000002384F88630FFF7BBF901460028C5D11F
:106D7000E1E70B4B0B49009303C90B4B0B4AFBF7A5
:106D800033F894F88730113B0B2B04D802B0BDE8E0
:106D90007040FBF721B802B070BD00BFF0210020A9
:106DA00029650000F4210020ED5E0000255F000051
:106DB000D0F844328269934210B5044604D1D0F829
:106DC0004812026A914215D02288A4F88A2140F222
:106DD000E242B3FBF2F3A4F88C31B4F84832A4F8E1
:106DE0008E31B4F84A320949A4F8903104F5C070E4
:106DF00007F0A8F802212046FCF74AFD002384F89A
:106E00008730032384F88A3010BD00BFDDE2000024
:106E100008B5FDF783F9024B024A1A6008BD00BFAE
:106E200074130020E15F0000064BD3F8000138B175
:106E3000D3F8040120B1D3F80801B0FA80F040097A
:106E4000704700BF00F00040034B00221A705A70D8
:106E500010229A70704700BF0B22002070B50646C2
:106E6000022014460D4600F0ADF9064B01221A70BF
:106E7000054B033CC3F81045C3F80865C3F8045537
:106E800070BD00BF0B22002000F0004008B50220BA
:106E900000F098F9084B01221A70084B0022C3F841
:106EA0000021C3F80421C3F8082103F580334FF40F
:106EB0000002C3F8042508BD0B22002000F00040AA
:106EC0000E4A08B5137883B10D4B4FF40001C3F897
:106ED0000815FFF7A9FF68B101235370094BD3F8D8
:106EE0000034DBB2937000231370BDE8084000202B
:106EF00000F068B950701023F4E700BF0B220020A7
:106F000000F0014000F00040094B1A7862B1094BD3
:106F1000D3F8002152B1D3F8040140B1D3F80801ED
:106F2000B0FA80F0400970475878704702207047E7
:106F30000B22002000F0004008B5074B1A783AB148
:106F4000FFF772FF30B1054BD3F80004C0B208BDA3
:106F50009878FCE71020FAE70B22002000F00040B0
:106F6000024B00221A705A709A7070470E2200204D
:106F70002DE9F041044601201E460F46904600F0E0
:106F800021F904F0030040EA0643184D18482E7119
:106F900043F08073C0F80435164BC0F808751B68C1
:106FA000062B07D001331EBFD0F8183568F307034E
:106FB000C0F81835104B114AC3F8082514F0FB0F20
:106FC00001BF0F4AC3F89825FC3AC3F89C2501225B
:106FD000022C6A70EC7007D8054B2A700021C3F8A8
:106FE0000011C3F800121A60BDE8F0810E220020E3
:106FF00000F000407024002000F001400000020278
:1070000000F1004070B5194C637823B94FF4077153
:107010003C20F9F7AFFF164BC3F80C15C3F8100569
:10702000E5780122A270C5B924780CB9E321EFE715
:10703000104CC3F804514FF40035C4F80455D3F88C
:10704000006116B15A60C4F808550B7803704B788C
:10705000043343708B78837070BD00212270C3F8B5
:107060000411C3F800221A60F6E700BF0E220020C8
:1070700000F0004000F001400E4A08B5537823B9F3
:107080004FF412713C20F9F775FF0B4BC3F80C1548
:107090000121C3F810059170127812B940F20F1156
:1070A000F0E70022C3F80421044B4FF00072C3F84C
:1070B000042508BD0E22002000F0004000F0014031
:1070C000084B1A784AB10849084AC1F80825002235
:1070D000C1F89825C1F89C251A7000225A709A7040
:1070E000704700BF0E22002000F0014000000202A5
:1070F000194B1B7870B523B940F28A213C20F9F76F
:1071000039FF164CD4F80431BBB90223C4F8043358
:10711000134B144E1D691A6942F0100205F0100558
:107120001A61D4F804317BB125B90D4A136923F0F3
:10713000100313610223C4F80833084BD3F800048A
:10714000003818BF012070BD4FF40043C6F88031ED
:1071500008F0A1FAE5E700BF0E22002000F0004091
:1071600000ED00E000E100E0014B01229A60704771
:1071700000F0004008B50A4BD3F80025032A04BFED
:1071800001229A600022C3F80025C3F80025FFF70A
:1071900097FF044B4FF40002C3F8082508BD00BF59
:1071A00000F0004000F00140054B4FF40042C3F8EE
:1071B0008020BFF34F8FBFF36F8FFFF7DBBF00BFA0
:1071C00000E100E010B50446FFF7D4FF012C06D023
:1071D000022C0CD054B18C213D20F9F7CBFE0B4B87
:1071E0000222C3F800250A4AC3F8142510BD074B34
:1071F0000322C3F80025064AC3F8142503F580339B
:107200004FF40002C3F80425F0E700BF00F000408F
:1072100013220020044B1868062818BFB0F1FF3F66
:107220000CBF0120002070477024002008B5FFF734
:10723000F1FF38B1044B1868063810F1080F94BFFD
:107240000020012008BD00BF7424002008B5FFF70E
:10725000E1FF38B1044B1868063810F1080F8CBFF5
:107260000020012008BD00BF74240020064B00222E
:10727000C3F80021C3F80C21C3F81021C3F804217E
:10728000C3F80821704700BF00100040024B0022E5
:107290001A809A701A7170472023002038B5144D57
:1072A00095F83D200346084622B940F6B2113E202B
:1072B000F9F760FE6BB9012AAC6B95F83C1005D16B
:1072C00000F086FE20442B6BC01A38BD08F017F87A
:1072D000F8E7012B0AD1012AAC6B95F83C1002D1DA
:1072E00000F068FEEEE708F015F8EBE70020EAE7AB
:1072F0002023002008B5094B012883F82400084BFF
:1073000006D0022808D040F6EC613E20F9F732FEA4
:107310000322C3F8102508BD0422FAE72023002029
:107320000010004008B5144B93F84A30D90720D517
:107330009A070ED5114BD3F8002242F00102C3F890
:107340000022D3F8500500F0F600023818BF0120E3
:1073500008BD5B070DD50A4B0A4AC3F8AC25A3F557
:10736000B833D3F8403123B140F28A713E20F9F7A7
:1073700001FE0120ECE700BF2023002000100040A8
:1073800000F001400810004008B570B9104B2831DA
:10739000D96018460F4900F0C3FE0130012816D904
:1073A00040F66D013E20F9F7E5FD01280CD1084BB0
:1073B0002931D9601846074900F0B8FE013001288C
:1073C00005D940F67701EDE740F67B01EAE708BD15
:1073D000E810002018BA020008B50C4B9B78012B6E
:1073E00009D100F0A9FE013001280ED940F6042190
:1073F0003E20F9F7BFFD022B07D100F0A3FE0130BC
:10740000012802D940F60A21F2E708BD2023002016
:10741000094B0A4A1B8DB3F5166F3ABFA3F6381312
:1074200043F48073A3F5166300F07F00C2F80835BB
:10743000C2F85405704700BF202300200010004010
:1074400037B50D460446FFF755FF2846FFF7E0FF26
:107450001B4A01AB92F925202946204600F0FAFD8F
:107460009DF8050000F074FE20B140F255713E20F9
:10747000F9F780FD9DF9040000F094FD114A40F2F7
:107480000313C2F8343540F25B63C2F83835FFF7B6
:10749000CDFE90B14FF08053D2F88825D3F8203339
:1074A000022C22F4FE420CBFC3F30663C3F306238F
:1074B00042EA0323034AC2F8883503B030BD00BF57
:1074C000202300200010004010B50C46FFF712FFEB
:1074D0002046FFF79DFF0F4A0023C2F81C31D2F867
:1074E000003243F48873C2F8003240F20313C2F84A
:1074F000343540F25B63C2F83835FFF797FE40B988
:10750000FFF7A4FE28B9D2F8683543F4C023C2F8C7
:10751000683510BD00100040F8B5414C0D461646C8
:107520000746002847D10123A3702378012B2BD1D4
:107530003C4B33F812304FF47A7203F5FA73B3FB15
:10754000F2F3CD1A236B384A384E1D44384BC6F837
:107550004055C2F8A835236C43F4002323644FF44C
:107560000023C2F804352378002B47D194F84A3021
:1075700043F0020384F84A30FFF7D4FE04460028A3
:1075800043D100242046F8BD104694F82610FFF79A
:1075900057FF284B33F816304FF47A7203F5FA731D
:1075A000B3FBF2F3ED1A2378002BCBD11E4B224A0A
:1075B000C3F8AC25C6E701281BD10223A3702378AA
:1075C000012B0AD11C4B0022C3F81C21D3F8002246
:1075D00042F48872C3F80022B4E794F826101046EB
:1075E000FFF772FF2378293D002BABD10E4B134AD6
:1075F000DEE74FF413613E20F9F7BCFC012BBBD151
:1076000094F84A3043F00403B4E70123F364D6F856
:107610004C35AB42B5DA29463846FFF7B5FEB1E73F
:107620002023002096BA020000F0014000800040B4
:107630004081004090BA0200001000400410004059
:1076400008B560221148002104F020FCFFF71EFE5F
:107650000F4B1B6823F004020A2A05D0102B03D01D
:10766000082B0ED1402200E024220A48FF2104F01A
:107670000DFC4FF080430022C3F8082EC3F8102EF3
:1076800008BD0D2BEED03822EFE700BF20230020ED
:1076900070240020000E0040024B0344187E00F5C9
:1076A0001660704718BA0200014B93F83C0070470F
:1076B00020230020024B986B1B6BC01A704700BF41
:1076C000202300200A4B93F83C20D3E90C30C01A49
:1076D000084B03EB82031B6CC01A074B53F8223094
:1076E0004FF47A7203F2F313B3FBF2F3C01A70474C
:1076F0002023002018BA020084BA020008B50F4AFD
:1077000092F83C10012906D0022914D040F2C6217B
:107710003E20F9F72FFC40F6B830D2E90C239B1A33
:10772000074A02EB8102126C9B1A4FF47A72B0FB8B
:10773000F2F0184408BD4FF4FA60EEE72023002071
:1077400018BA0200FF2808B504D940F2E5213E200E
:10775000F9F710FC124B0129A3F8480004D00229C4
:1077600019D040F24131F2E700230E4A43F480136E
:1077700040F0007043F4847340F44030C2F8143594
:10778000C2F81805D2F8503503F0F703032B05D1E2
:107790004FF45671DBE74FF08073E6E708BD00BF9A
:1077A000202300200010004008B5FFF73FFD50B136
:1077B000054AD2F8743723F0807323F0010343F0B5
:1077C0008073C2F8743708BD001000403D4B0222A0
:1077D00070B5C3F88020BFF34F8FBFF36F8F3A4A65
:1077E0000023C2F8FC3F0123C2F8FC3FFFF72EFD47
:1077F00028B1D2F83C3743F48063C2F83C37FFF736
:1078000009FD58B1D2F83C3723F0004323F0FF03C1
:1078100043F0004343F09603C2F83C37FFF706FD00
:10782000294C38B1D4F8403723F47F4343F4B053A4
:10783000C4F84037254BC4F8783700F09BFC38B1CA
:107840004FF08053D3F830335A1C18BFC4F84C376C
:107850004FF010231C4C1A6E1D4D531C1EBFD4F844
:107860008C3562F31743C4F88C350123C4F83035E6
:1078700085F824300323C4F8103540F20123C4F8FE
:1078800050360226134BC4F80062187C00F078FCD6
:10789000114B124AC3F804250023AB87AB6385F86C
:1078A0004A3002F087FA074B28631022C3F8806140
:1078B000C4F804231E602B6E03B19847BDE87040E6
:1078C00000F022BC00E100E0001000402C00008924
:1078D00020230020E810002000F001400000020CEE
:1078E000014B83F82500704720230020034B020E34
:1078F0000002C3F82425C3F81C057047001000409F
:10790000044B054A034482F826001B7E03F51663E8
:107910001385704718BA02002023002010B50446D2
:107920000068FFF7E3FF094B6268C3F83C25207A43
:10793000FFF7E6FF617A6089FFF704FF607AFFF7DF
:10794000D9FC034B227B83F8252010BD001000409A
:1079500020230020F8B5294C94F84A30DA0706466F
:107960000F4604D440F6BE013E20F9F703FB244D38
:10797000D5F8002243F0020342F00102C5F80022CC
:1079800084F84A3020BB012394F82610A3703846AF
:10799000FFF756FDA378012B02D040F6CA01E3E7BA
:1079A000184AD3642B60174BD3F84C553046294600
:1079B000FFF7EAFC236BED1AEEB9134B33F81730DF
:1079C0004FF47A7203F5FA73B3FBF2F35819F8BD6A
:1079D0000128E8D1022394F82610A3703846FFF757
:1079E00073FDA378022B02D040F6D201BCE7054B11
:1079F000DE646E60D7E705F12900E8E72023002068
:107A0000001000400080004090BA020008B5FFF767
:107A100083FD58B9064BC3F84005A3F5E0430122A6
:107A20001A610220BDE80840FCF726BA08BD00BF75
:107A30000080004037B5244B2449D3F80443022288
:107A40004FF0FF30C3F80803C1F880212049C3F884
:107A50000022002281F84A201E49C1F8402501F584
:107A6000B8314FF46025C1F80855D3F85015C9B2A4
:107A700004F01004D1B18DF80700C3F810210122E1
:107A80001A619DF8072012B1D3F810213AB19DF880
:107A900007305BB940F6F2113E20F9F76BFA9DF81A
:107AA0000720013AD2B28DF80720EAE7FFF794FCED
:107AB00005490023C1F81031FFF7E8FB14B110238A
:107AC000C1F8043303B030BD0010004000E100E015
:107AD000202300200080004038B51B4D0024C5F84D
:107AE0004845C5F84445C5F84045C5F84C45FFF73D
:107AF000A1FF00F00FFB154B15491A6C1C6442F0F6
:107B0000446242F40032C1F80825C3E90D441C77F1
:107B1000104BC5F848450222C5F84445C5F8404514
:107B2000C5F84C45C5F84841C5F84441C5F8404141
:107B3000C5F84C41C3F88020BFF34F8FBFF36F8F60
:107B4000C3F8802138BD00BF008000402023002002
:107B500000F0014000E100E0014BC3F83C05704734
:107B60000010004010B50FC8014C84E80F0010BD94
:107B70008423002008B50B4BC3F804050A4B93F887
:107B80004A20586442F0010283F84A20FFF7CAFBFA
:107B900030B9FFF74FFFBDE808400320FCF76CB990
:107BA00008BD00BF0010004020230020174B1A6BB7
:107BB00010449A6B824210B5154C09D30220FCF791
:107BC0005BF90023C4F84035124B01221A610DE025
:107BD00001221A7718626264D4F844150531814293
:107BE00005D30C4BD3F804110029EFD010BD0022AF
:107BF000C4F84421C4F844051A6C42F480021A64A3
:107C0000054B4FF48002C3F80425EFE72023002042
:107C1000008000400010004000F0014010B50E4C04
:107C2000034694F83D0094F83C1002220128227784
:107C30004FF0960094F824200BD100F0D5F9074AB4
:107C400020620023C2F84431A36B0344C2F84435D8
:107C500010BD00F0E3F9F2E720230020008000408F
:107C6000044BC3F86005D3F8002242F04002C3F889
:107C70000022704700100040054BD3F8002222F08C
:107C80004002C3F800220022C3F86025704700BFFD
:107C9000001000400A4A0146D2F81C0182B068B1C7
:107CA000D2F8483503F07F035B420B700023C2F823
:107CB0001C31D2F81C310193019B012002B07047A6
:107CC000001000400022044B90421A7014BF0222A0
:107CD0000122D9705A70704720230020054B0022E2
:107CE000C3F84025044AD2F85035DBB20BB101236A
:107CF00013617047008000400010004030B5044B15
:107D0000D3E914459B6DC0E900450B6030BD00BF51
:107D1000202300202DE9F047954D964C0123EB647C
:107D2000D5F84C25236BB4F84870A2EB030802F099
:107D300047F8C4F85880C4E91401FFF74DFB8E4B97
:107D4000226CC3F8082500218C4A2164D2F8003245
:107D500023F48E7323F00103C2F80032237F84F8EA
:107D60004A1023B1D5F844315B1A18BF0123A1781A
:107D700001290AD1D2F80C51002D43D17F4BD3F801
:107D80001031A3B145F0100511E0022938D17B4A2A
:107D9000D2F80C51D2F80024003D18BF01256D0027
:107DA000D10758BF45F0040533B345F00105FFF78F
:107DB0005DFAEA06A37803D5012B08BF45F020053C
:107DC0006B4A94F80190D2F84815A163D2F8442583
:107DD00084F83D3094F82430626384F83C30B9F183
:107DE000000F11D1FFF752FA84F81C90EE0740F112
:107DF000A280636E984763E015F00B0FD7D1BDE703
:107E00000025BBE70825D2E715F0110F0ED1237925
:107E10002678B9F1010A18BF4FF0010A012B67D08B
:107E2000022B7AD02BB14FF4456169E0FFF702FED7
:107E3000DCE796215046FFF731FA0146FFF726FAB4
:107E4000012E74D1B9F1010F14BF252337239844B3
:107E5000884567D90220FCF70FF8484B1E61A80738
:107E60006BD5FFF7E3F9E0B9FFF7F0F9C8B9434B79
:107E7000D3F85034D90114D51A0705D013F0F00FF8
:107E800002D013F4706F0CD13C4AC3F304410129B2
:107E9000D2F8542405D1012A03D0C3F34253022B54
:107EA000A7D9636C5B78BB4288BF45F00405C5F376
:107EB000800080F00100A36E314600F00100984779
:107EC000A378022B12D1237F83B1022B284A43D1FE
:107ED000A36B216A0B44C2F84435236C43F480033E
:107EE0002364254B4FF48002C3F80425BDE8F087D6
:107EF0002348FFF713FD94F83D3023B940F6B50150
:107F00003E20F9F737F8012B04D1FFF7F7FBA369FF
:107F1000C11893E7FFF7D6FBF9E71948FFF7FEFC16
:107F2000A1698BE7124B26700022C3F84021E2784A
:107F30005046FFF76BFD002691E715F0280F05F07E
:107F4000200105D0B1FA81F1E36E49093046B6E768
:107F5000EB06B5D5236F4DE7012B02D040F6AF51AC
:107F6000CEE7236AA16B8B42B5D84FF45B61C7E7BC
:107F7000008000402023002000F00140001000405D
:107F800028230020024B03EB8003186C704700BFCE
:107F900018BA0200024B03EB8003D86C704700BF95
:107FA00018BA0200024BC0B2C3F80C05704700BFFC
:107FB00000100040054B33F8113002384FF47A724C
:107FC00003F2E733B3FBF2F3184470477CBA0200C4
:107FD000044B4FF47A7233F81130B3FBF2F30133F0
:107FE000184470477CBA020038B51D460A4B33F876
:107FF000114003EB820305359B681C4404F6B7343B
:108000004FF47A7303FB00441046B4FBF3F4FFF71C
:10801000B9FF2544284438BD7CBA020070B5064635
:1080200008461546FFF7B6FF094B03EB85039C682E
:108030004FF47A7304F6B73403FB0644241A284637
:10804000B4FBF3F4FFF79EFF0530204470BD00BF82
:108050007CBA02002DE9F04F264C87B007469846BF
:108060000D46164602F0F2FB2378BB42814611D141
:108070006378AB420ED194F90230B3420AD1E3786F
:10808000834207D1A388A8F8003094F9060007B00E
:10809000BDE8F08F7B1EDBB2032B0DD8164A12F819
:1080A00003A029460DF117033246504602F0D4FBD7
:1080B00038B14121A92002E040F2FE410620F8F744
:1080C00059FF039028469DF917B0FFF7E5FA039A88
:1080D0000092034652464146584600F03FF8B8F831
:1080E0000030A071A38027706570A67084F803909B
:1080F000CBE700BF001100209CBA0200014B1B68B7
:108100001B68184788130020014B1B685B681847E1
:1081100088130020014B1B689B68184788130020B8
:10812000014B1B681B69184788130020014B1B6813
:108130005B69184788130020014B1B689B6918472F
:1081400088130020014B1B68DB6918478813002047
:10815000014B1B689B6A18478813002030B4044CFD
:108160009DF8085024680295E468A44630BC604736
:1081700088130020014B1878704700BFAC2A0020FC
:1081800010B500220C49134640FA02F4E40744BF3C
:10819000CA545C1C02F1010248BFE3B2042AF3D1C5
:1081A000054AFF24D118032B01D9107110BD0133EA
:1081B00001F8014BDBB2F6E7B82A002008B5074802
:1081C00001F0F6F9054800F039F801F099FE01F0E8
:1081D0007BFE00F0A1FC012008BD00BFBC240020F4
:1081E00008B501F0C1F901F02FFF01F00BFFBDE868
:1081F000084000F0ADBC00BF02F01EB801F00ABAA2
:1082000010B5EFF3108472B601F004FA04B962B647
:1082100010BD00BF01F010BA02F0ECB802F082B954
:1082200002F094B902F0E2B902F0E6B902F0A6B8A1
:1082300008B52721032003F039FB00BF024B18606B
:1082400000221A719A607047C424002070B582B071
:108250001E4C2379012B11D0DAB2022A0BD1A0686F
:108260000DF1070100F08CFC0023A36023719DF841
:10827000070002B070BD012002B070BDA0680DF112
:10828000070100F073FCA5686B7DDB07ECD5AB7FC5
:10829000042BE9D001F014FA06460028E4D001F0DE
:1082A00015FA2A69B3682E686D68961945F10005BC
:1082B00000220A3342F100021B1842EB0102B342D2
:1082C000AA41D1D3A06800F03FFDCDE7C42400202F
:1082D000837F0BB10020704710B50A684B688C682B
:1082E000D1F80CC0C0F80CC08460026043600A6919
:1082F0004B694361012402618477054B1A792AB9DD
:1083000098601C7101F078F9204610BDFFF790FFCE
:10831000C424002070B5044682B00D4601F0D0F9A7
:10832000A37F012B17D02B686A68A9680646E86806
:10833000E060A160236062606A692B69626101226A
:108340002361A2770DF10701204600F00FFC2EB14A
:10835000012002B070BD002002B070BD024B0421AC
:10836000186807F03FF9F3E7C424002070B504460D
:1083700082B00D4601F0A4F9A37F012B1CD02B681D
:108380006A68A9680646E868E060A16023606260E8
:108390006A692B69626101222361A27720460DF18F
:1083A000070100F0E3FB084C4EB12068062107F0FE
:1083B00019F9012002B070BD002002B070BD206824
:1083C000042107F00FF9F0E7C4240020024B062136
:1083D000186807F007B900BFC424002010B5EFF3F8
:1083E000108472B601F06CF938B1064B062118689A
:1083F00007F0F8F804B962B610BDC921032003F0F4
:1084000055FA00BFC424002010B5084B1A7952B9A0
:108410000446986002221A7101F0EEF8A07FB0FACB
:1084200080F0400910BDFFF703FF00BFC424002007
:1084300038B5837FC3B1044609E0A37F042B09D07C
:10844000A37F012B11D007F026F9A37F63B1A37F8F
:10845000032BF2D1EFF3108572B6204600F0AEFB8D
:1084600005B962B6A37F2BB938BD4FF489710320DB
:1084700003F01CFA40F20D11032003F017FA00BFBD
:1084800038B5194B1A7962BB0446986002221A71FA
:1084900001F0B2F8A37F5BB938BDA37F032B0BD0EB
:1084A000A37F042B08D0A37F012B15D007F0F3F88E
:1084B000A37F002BF1D1EFE7EFF3108572B62046D2
:1084C00000F07CFB05B962B6A37F002BE4D040F23C
:1084D0000D11032003F0EAF94FF48971032003F032
:1084E000E5F9FFF7A5FE00BFC424002010B582B057
:1084F0000DF1070100F044FB044601F0E1F810B172
:10850000204602B010BD40F22F11032003F0CEF937
:1085100070B50D46044601F0D9F8A4680346E41886
:1085200041F1000628463346224600F09FFBA04258
:1085300071EB06034FF000050CD3001B6FF0010335
:1085400061EB0601834275EB010100D370BD4FF072
:10855000FF3070BD284670BDF8B504460E46EFF3F7
:10856000108572B601F0B2F8A468241841F1000732
:1085700030463B46224600F079FBA04271EB0703F0
:108580004FF000060ED3001B6FF0010361EB0701F3
:10859000834276EB010102D305B962B6F8BD4FF014
:1085A000FF30F9E73046F7E72DE9F04185680C46E2
:1085B000002349195B4113B10020BDE8F081174643
:1085C000064601F083F82A1841F100033846A51841
:1085D00043F1000800F04AFBA84271EB0801EBD31D
:1085E00001F02AFE00F0E8FAB36837752344012051
:1085F000B360BDE8F08100BF2DE9F843EFF31088C8
:1086000072B6846863184FF000035B4133B10020F9
:10861000B8F1000F00D162B6BDE8F88317460D46E9
:10862000064601F053F8221841F100033846AC1811
:1086300043F1000900F01AFBA04271EB0901E6D3F7
:1086400001F0FAFD00F0B8FAB36837752B44012049
:10865000B360DDE7837F012B01D00020704700F07D
:1086600019BC00BFD0E90001704700BF0069704726
:1086700001F02CB810B5EFF3108472B601F026F8B3
:1086800004B962B610BD00BF80687047007D7047B6
:10869000F8B50369002B4ED1044601F0CDFD054627
:1086A0000E4602F0DDFC78B3D4E90003643546F1F0
:1086B0000006A84273EB060223D3C4E90003EFF3DC
:1086C000108672B600F0FCFF054698B100F0FEFF80
:1086D000AB6800220B3342F100021B1842EB010190
:1086E000D4E90002834271EB02053CBF0346114608
:1086F000C4E9003106B962B62046BDE8F84000F092
:108700004BBB28463346D8E702F0C6FC074600F0CC
:10871000F3FFB8422168626838BF3846963546F1A3
:108720000006401946F10003884273EB02053CBF86
:1087300008461346C1E740F2D511032003F0B6F80E
:10874000F8B5254C00222260EFF3108172B6636801
:1087500023606260A26009B962B623686BB300252A
:108760009A79032AA3F1180028D01F6877B3BA7941
:10877000042AA7F1180384464FF000060FD1818B1D
:108780009A8B521A12049A6944BF0CF118061846C3
:1087900042B19C46A2F118039A7F042AEFD09B7F36
:1087A000032B15D196B133681B683360C368857796
:1087B000022198472368002BD2D1F8BD196853F8DD
:1087C0000C2C9D71216001219047F3E72760EDE7B4
:1087D00063219F2003F06AF8D02400202DE9F84F90
:1087E0003A4B4FF00008C2F80080D3F80CE0BEF11D
:1087F000000F5ED0AEF1180CE1469246D9F8185041
:10880000002D45D0DCF8004055F8186CDCF8042049
:1088100055F8147CA64277EB0203A5F1180E50D34D
:10882000844272EB01030BD2DCF810301B1942F1C9
:10883000000298421C4671EB02033CBF04460A4604
:10884000864277EB01030BD255F8083C9B1947F1A0
:10885000000798421E4671EB07033CBF06460F46D1
:10886000DCF808300A3348F1000B1B1942EB0B020D
:108870009E4277EB02020BD29CF8143015F8042CC0
:108880009A4209D00ED3F146D9F81850002DB9D12B
:10889000E6467046BDE8F88FAB88BCF81C209B1AF2
:1088A0001B04F0D509F11803CAF80030D9F81830C4
:1088B00013B97046BDE8F88FF446A3F1180EF146DF
:1088C000E2E7BF219F2002F0F1FF00BFD02400208B
:1088D0002DE9F043224EF4686CB30025A846042726
:1088E000AE46234653E906C2844572EB010924686B
:1088F00023D253F8089C19EB0C0C42F1000284457A
:108900008A411AD2FDB12A6812682A609F71726882
:1089100083F800E083F801E083F802E083F803E0E5
:108920007AB1B2681360B3604FF00108002CD8D15F
:10893000B8F1000F0DD1BDE8F0831D46002CD0D159
:10894000F6E77360EFE7F268002ADFD01268F260A2
:10895000DCE7044BBDE8F043187803F065B900BFCD
:10896000D0240020D11300202DE9F04F684B04687B
:10897000D3F80C8085B0054682838A464068B8F1FA
:10898000000F00F0BA800026A8F11802B446D2E920
:1089900000366F7D9C4270EB060107F00107C1466F
:1089A0002AD3F7B192F814C0297D8C4519D8916863
:1089B000C91846F1000311F10A0843F1000E4445BD
:1089C00070EB0E0657D22E69361940F1000CB045F7
:1089D0007EEB0C0B01D24646F4468E427CEB030C38
:1089E0004FD39369944673B1A3F11802D2E90036CC
:1089F0009C4270EB0601D4D2C846002F00F085805F
:108A00001346624602E0C846002F57D0AE683619BA
:108A100040F10009002B65D0CDE90082D3E9007157
:108A200016F10A0C49F10002BC458A4158D31A7D5F
:108A300095F814C0944519D39A68D21941F10001F0
:108A400012F10A0841F1000E444570EB0E0751D2B5
:108A50002F693F1940F1000CB8457EEB0C0B01D299
:108A60004746F44697427CEB010C0AD39B69002BE6
:108A700036D0183BD2E7264684468E427CEB030C68
:108A8000AFD2234A0423AB77516800232B766B7651
:108A9000AB76EB7605F118021D4B002933D09B68AD
:108AA0001A601C4B1A4918788A6003F0BDF800253B
:108AB0008AF8005005B0BDE8F08F9369294641F867
:108AC000183F916103AA00210020FFF787FE2D1AAD
:108AD000B5FA85F56D098AF8005005B0BDE8F08F4C
:108AE000DDE90082002AE8D12B46094A43F8188FB5
:108AF000D360E7E727468446B4E76B7DDB07F3D511
:108B00004246434682E75A60CBE76246EAE700BF47
:108B1000D0240020D113002010B50A4C2378FF2B5D
:108B20000AD1094803F056F8084B20700022DA6099
:108B30005A609A601A8210BD4FF484719F2002F02F
:108B4000B5FE00BFD113002041870000D0240020D3
:108B500010B5054C2078FF2800D110BD03F054F863
:108B6000FF23237010BD00BFD1130020034B1A8ACE
:108B700002F1010CA3F810C0F6E600BFD0240020DB
:108B800030B583B004460D4601AA00210020FFF74E
:108B900025FE0346E31AB3FA83F35B0905482B70FD
:108BA00004F1180106F044FD10B10023A377012061
:108BB00003B030BDDC2400208AE600BF70B5154E3E
:108BC0007368054600F11801BBB17368002423B92E
:108BD00013E01A681C4682B113469942F9D10CB1D0
:108BE000AA6922607268914204BF1B687360B3680F
:108BF00099420AD00023AB7770BD064806F018FDF5
:108C00000028F9D00023AB77F6E70023B460AB77F8
:108C1000F2E700BFD024002030B5054683B00C46F3
:108C2000FFF756FE01AA28462146FFF7D7FD28B1D7
:108C3000054B00F118025A6103B030BD024B0246E9
:108C40005A6103B030BD00BFD024002010B5064CDF
:108C5000616904F10C0006F0EBFC18B160690023B7
:108C60001838636110BD00BFD02400201C49C968BA
:108C700039B3A1F1180C9CF8141081421DD870B5BD
:108C8000DCE9004112F10A0543F1000EAC4271EB40
:108C90000E0620D2DCF81060341941F10001AC421C
:108CA00071EB0E0115D2DCF8181071B1A1F1180C9E
:108CB0009CF814108142F6D8E2E7DCF8181000297D
:108CC000D7D14FF0FF30014670474FF0FF300146DB
:108CD00070BD2C467146B4F10A0041F1FF3170BD00
:108CE000D024002010B5837F022B06D0837F012B78
:108CF00002D0837F042B1DD110BD437D13F00203EE
:108D000013D103210E4A81775468037600F11801CC
:108D100043768376C3765CB193681960094B9160A2
:108D2000BDE81040187802F07FBF0023837710BDA4
:108D30005160F3E74FF4FB719F2002F0B7FD00BFD5
:108D4000D0240020D113002070B5114D00F1180679
:108D50000446314605F10C0006F06AFC98B1042384
:108D6000A3776A68002323766376A376E37642B11D
:108D7000AB681E60074BAE601878BDE8704002F02B
:108D800053BF6E60F6E74FF400719F2002F08EFD36
:108D9000D0240020D11300202DE9F04F066983B0C4
:108DA000002E70D1D0E900158368077DEFF31084A1
:108DB00072B6DFF8DCC0DCF80C20002A5CD013F1BE
:108DC0000A0EBCF81080CDF8048046F10006183A6F
:108DD000B046D2E9003611EB0E0A45EB08099A4578
:108DE00079EB060C48D38B4276EB050C28D3D2F8EE
:108DF00010C01CEB030C46F1000BD4457BEB090BB8
:108E000034BF4FF0010C4FF0000CBCF1000F13D039
:108E100092F814C0BC4526D034BF4FF0010C4FF07F
:108E2000000CBCF1000F07D013F10A01936846F162
:108E30000005591845F100059269EAB1183AC8E7EA
:108E4000D2F808A013F10A0C46F100091AEB0C0C39
:108E500049F10009614575EB090934BF4FF0010C78
:108E60004FF0000CD1E7B2F81CC0DDF80490ACEB79
:108E7000090CCCF3C03CD4E704B962B6C0E90015D4
:108E800003B0BDE8F08F40F21F219F2002F00EFDDD
:108E9000D024002070B5054682B00C4601AA0021FE
:108EA0000020AE8BFFF79AFC0346EB1AB3FA83F36C
:108EB0005B0910488DF8033005F1180106F0B8FB86
:108EC00098B10023AB77A446BCE80F002C460FC432
:108ED0009CE80300324684E8030028460DF10301B4
:108EE000FFF742FD012002B070BD40F24A219F20F1
:108EF00002F0DCFCDC240020024B0521186806F09F
:108F000071BB00BFE8240020042970B512D00CD931
:108F100005292ED1194E757905F0FD05012D11D0C9
:108F200040F2BF11B02002F0C1FC0239012920D863
:108F3000002070BDFFF78AF90028F9D00F4B0122FD
:108F40001A71F5E70446B0790028E9D1B36898476B
:108F5000D6E90401B3690A4AB571323841F1FF31EB
:108F6000C01841F1000101F0F1F8064B2360022026
:108F700070BD40F2C911B02002F098FCE824002036
:108F8000F98E0000E9920000054BD86910B1C36862
:108F90000621184710B540F28D21B02002F086FC62
:108FA000E82400202DE9F8431646002B6AD0D3E9C7
:108FB0000089804579EB01033CBF89468046474FD5
:108FC00004460D4640464946C7E9088901F08AFB38
:108FD0003B8DB8EB040403F1640369EB0505002243
:108FE000A342AA410FDBBB6903F5E1739C4275F113
:108FF000000519DA3A4A4046494601F0A7F8394BCC
:109000003360BDE8F883BA797B791AB39A1E012AD6
:109010001AD9B9690022012B01F5E171BA7144D066
:109020008C4275F10005E5DB01F068FB02F012F8F7
:10903000BB692B4AB8EB030069F1000101F086F827
:10904000294B3360BDE8F883BB68012098470023B3
:10905000BB717B79BA69012B02F5E172114624D00C
:10906000032BDDD1944275F1000522DA388D1C4ABC
:10907000B8EB000069F1000101F068F81B4B3360A8
:10908000BDE8F883154FBB791BB17B79023B012BFF
:1090900020D90023BB7101F031FB01F0DBFF01F0AF
:1090A00023FB134B3360BDE8F8838C4275F1000558
:1090B000DCDB01F023FB01F0CDFF388DBB6983427F
:1090C000B7D2B8EB0000064A69F1000101F03EF8A2
:1090D000084B95E7BB6801209847DAE7E8240020B1
:1090E000F98E0000E994000099930000F9900000C7
:1090F0003994000069940000042970B5044612D028
:109100000CD9052931D11B4E757905F0FD05012DCE
:109110001DD04FF40D71B02002F0C8FB02390129B7
:1091200023D8002070BDFFF791F80028F9D001F096
:1091300071F801F081F806460D46FFF76DFD2246F5
:10914000034629463046FFF72DFF022070BDB07957
:109150000028DED1B3689847D6E90801064AB57100
:1091600000F0F4FF054B2360EFE74FF40F71B020E0
:1091700002F09CFBE8240020F98E0000E994000036
:1091800002392DE9F04104292DD8DFE801F0030967
:10919000292C0C00164A5379003B18BF0123937108
:1091A0000020BDE8F081044600F09CFF01F044F887
:1091B0000E460746FFF730FD0D4D8046E869FFF784
:1091C00091FD2246384631464346002400260027BA
:1091D000C5E90867EC61FFF7E5FE0220BDE8F08114
:1091E000FFF734F8DCE740F2EF11B02002F05EFB4D
:1091F000E82400202DE9F04F364E96F80690B56928
:1092000083B08046B9F1000F32D1737903F0FD03CA
:10921000012B3ED001F010F8431941F10002044641
:109220000F461846114601930092FFF7F5FC0028FF
:109230003BD0D0E900ABAA457BF10001DDE900237A
:1092400019D200200146C6E90832234A00F07EFF09
:109250005046594601F046FAB9F1000F02D0338D5D
:109260009D421CD01D4BC8F8003003B0BDE8F08F04
:109270004FF00009CEE7BAEB05006BF10001844224
:1092800077EB01033CBF04460F46631947F1000228
:10929000D9E7328D9542994638BF1546BAE7104B4B
:1092A000C8F8003003B0BDE8F08FB3791BB1737913
:1092B000023B012B09D90023B37101F015FA094BC8
:1092C000C8F8003003B0BDE8F08FB36801209847BC
:1092D000F1E700BFE8240020F98E00009993000018
:1092E0006994000039940000023970B503294AD806
:1092F000DFE801F005022407254B00221A71002047
:1093000070BD044601F002FA08B3214D2E796EBB00
:10931000FFF79CFC50B3E861C5E90B6600F0D6FE90
:10932000E869022383773146C3689847D5E9080185
:10933000FFF742FC174B2360022070BDFEF786FF4B
:109340000028DCD0124B01221A710020D8E700203F
:109350000021FFF761FC08B1FFF7F6FC01F0CEF940
:1093600001F078FE2046FFF745FFE5E700F064FFD7
:1093700006460D46FFF750FC224603462946304676
:10938000FFF710FED8E740F2A511B02002F08EFAE8
:10939000E824002081910000042938B5044621D03A
:1093A0001BD905293BD1204D01F0A0F901F04CFE5D
:1093B0006B7903F0FD03012B1ED000F03DFFAB697C
:1093C0001A4A323B65EB0505181845EB010100F020
:1093D000BDFE174B2360022038BD023901291ED87B
:1093E000002038BDFEF732FF0028F9D000F012FF50
:1093F0002046FFF7FFFEEEE7AB79002BDDD100F052
:109400001BFF2A8DAB699B1AC5E904011818074A8E
:1094100041F1000100F09AFE064B2360DBE740F2C9
:109420006B11B02002F042FAE8240020F98E00000F
:10943000E9920000098F0000032910B506D8012920
:109440000AD840F21711B02002F030FA0429F8D1FE
:109450000446FEF7FBFE08B9002010BD2046FFF7CA
:10946000C9FE022010BD00BF042970B5044612D009
:109470000CD905292CD1194E757905F0FD05012D62
:1094800014D040F23311B02002F010FA0239012951
:109490001ED8002070BDFEF7D9FE0028F9D000F0DC
:1094A000B9FE2046FFF7A6FE022070BDB079002865
:1094B000E7D1B3689847B369306A716A084AB571F1
:1094C000C01A61F1000100F041FE064B2360EBE79A
:1094D00040F23B11B02002F0E9F900BFE82400207F
:1094E000F98E000099930000042970B504461FD03E
:1094F00019D905292FD1FFF7A9FBF8B1184D00267E
:10950000E861C5E90B6600F0E1FDE86902238377B5
:109510003146C3689847D5E90801FFF74DFB114B69
:109520002360022070BD0239012914D8002070BDCB
:10953000FEF78CFE0028F9D000F06CFE00F07CFEF7
:1095400006460D46FFF768FB22460346294630468D
:10955000FFF728FDE5E740F21721B02002F0A6F959
:10956000E82400208191000010B5EFF3108472B65A
:109570000B4B0C4A1B681B6893420DD00A4A93425E
:109580000AD00A4A934207D001F0B8F801F062FD10
:1095900001F0AAF800F03EFE04B962B610BD00BFAB
:1095A000E824002039940000699400009993000099
:1095B00010B5054A054C026000232060637101F07C
:1095C0006BFD3230A06110BD39940000E82400200A
:1095D00008B5074B074A19680968914202D1323031
:1095E000986108BD40F27221B02002F05FF900BF1F
:1095F000E82400203994000010B5EFF3108472B60F
:10960000034B0421186805F0EDFF04B962B610BDE4
:10961000E824002008B5064BDB6923B1BDE808400B
:10962000044A00F093BD40F29321B02002F03EF9CD
:10963000E8240020898F000008B5064BDB691BB1C8
:10964000BDE8084000F0E6BD40F29921B02002F0EC
:109650002DF900BFE824002008B5054BDA690AB1EE
:10966000D86208BD40F29F21B02002F01FF900BF70
:10967000E824002008B5054BDA690AB1186308BD73
:1096800040F2A521B02002F011F900BFE82400202B
:10969000044B1B6B03B1184710B540F2AB21B0204F
:1096A00002F004F9E8240020044BDB6A03B11847F8
:1096B00010B540F2B121B02002F0F8F8E824002003
:1096C000014BD869704700BFE824002008B5054B5E
:1096D000DA6912B1D3E9080108BD4FF42F71B02047
:1096E00002F0E4F8E8240020024B323158719A600D
:1096F00019857047E8240020044A537903F0FD03DC
:10970000012B0CBF108D0020704700BFE824002003
:10971000054B1B681BB1D3E908200521104710B584
:109720007621452002F0C2F820250020054B1B6859
:109730001BB1D3E908200421104710B57021452042
:1097400002F0B4F8202500202DE9F0412A4E2B4AE2
:1097500006F10803C31ADB1002FB03F305460F46AC
:10976000DBB206EB43045A0094F80835C9B93368F4
:10977000ABBBD6F84835B3BB06F5A16313443060E4
:109780001F48C6F84835FFF767FF1E48FFF772FF0E
:10979000D6F848355BB3FEF76BFF94F80935804681
:1097A0002BB9D5E908303946BDE8F0411847FEF736
:1097B00033FD18F12008A8EB0000C6F84C0500F0B6
:1097C0008BFD0028FBD0104B0022C3F8A82539469A
:1097D000C3F8AC25D5E90830BDE8F04118478E2123
:1097E000452002F063F88F21452002F05FF84FF426
:1097F000F671452002F05AF820250020CDCCCCCCC3
:109800002D9700001197000000F00140FFF724BFE2
:10981000FFF730BF044B0021402203F5A16019601F
:10982000C3F8481502F032BB20250020FEF7E4BC47
:10983000704700BF08B5084B1A684AB100210748B5
:109840001960C3F84815D060BDE80840FEF7BEBDFA
:10985000C121452002F02AF8202500204997000068
:109860001F280AD8064B03EB400393F8082522B1C2
:10987000002283F80825012070470020704700BFB0
:109880002025002070B50023114C0D4602E0013365
:10989000202B19D004EB430C9CF8082502F0FF01A3
:1098A000002AF4D1DEB2FF228CF8082503EB8303F3
:1098B00004EBC304C4E90A050648202200EBC300F8
:1098C00002F0E4FA304670BD1E46304670BD00BF5F
:1098D00020250020282500201F2812D810B40A4B6C
:1098E00003EB400494F8084544B100EB800003EB1F
:1098F000C003C3E90A12012010BC7047002010BC4D
:1099000070470020704700BF2025002030B50A783E
:1099100087B00023CDE90033CDE90233CDE904332C
:109920000D460446002A3ED1D1E90401203841F118
:10993000FF316B7A9DF815200191C3F340035B0062
:1099400022F0030243F0010313438DF815306B68D6
:10995000174A297A8DF8141020330293154B03937C
:1099600053680090C3F308038BB1103B5BB2002B2C
:1099700013DB03F1604303F5614393F800335B09A4
:109980002BB969462046FEF7C5FC07B030BD6946D5
:109990002046FEF79DFC07B030BD03F00F031A44CC
:1099A000137D5B09ECE7FEF727FC2B690493C0E706
:1099B00000ED00E0499700001F285CD830B5044650
:1099C00087B0344A02EB400292F8083513B9002000
:1099D00007B030BD4B7A0D46C3F3800181F0010121
:1099E00082F809150022CDE90022CDE90222CDE955
:1099F00004222A78002A46D128696969203841F171
:109A0000FF319DF815200191C3F340035B0022F064
:109A1000030243F0010313438DF815306B681E4AAF
:109A2000297A8DF81410203302931C4B039353684A
:109A30000090C3F30803A3B1103B5BB2002B1CDB07
:109A400003F1604303F5614393F800335B0943B9C5
:109A5000134804EB8404694600EBC400FEF75AFC8B
:109A6000B6E70F4804EB8404694600EBC400FEF738
:109A70002FFC07B030BD0020704703F00F031A44DD
:109A8000137D5B09E3E7FEF7B7FB2B6904936B7A61
:109A9000B7E700BF2025002000ED00E04997000057
:109AA000282500200D4A5368C3F308036BB1103B0F
:109AB0005BB2002B0BDB03F1604303F5614393F8CA
:109AC00000335B090BB9FEF711BDFEF79DBC03F037
:109AD0000F031A44137D5B09F4E700BF00ED00E0BB
:109AE000124A5368C3F3080393B1103B5BB2002BD7
:109AF00015DB03F1604303F5614393F800335B0921
:109B000033B90B4B00EB800003EBC000FEF7EEBC5B
:109B1000074B00EB800003EBC000FEF775BC03F0C1
:109B20000F031A44137D5B09EAE700BF00ED00E074
:109B30002825002010B5027886B0FAB9D0E90431A2
:109B4000044640680592203B00F1200041F1FF31BE
:109B500000930290237A8DF814306846CDE90322F1
:109B60000191FEF795FDDDE9003220334FF0010051
:109B700042F10002C4E9043206B010BD4FF4AA71EC
:109B8000452001F093FE00BF0C4BD3F8483510B5CB
:109B900073B10446FEF76CFD20344FF0000343F12F
:109BA0000003201843EB0101FEF728FB012010BD44
:109BB0004FF4F671452001F079FE00BF202500200A
:109BC00008B54FF4BA71452001F070FE10B50B4C8A
:109BD0000A46D4F8481559B1034619462068FEF7DD
:109BE000E3FC08B9022010BDFEF714FB002010BDF5
:109BF00040F27911452001F059FE00BF20250020D8
:109C000010B51D4C6368C3F3080386B053B3103B13
:109C10005BB2002B0A4628DB03F1604303F5614386
:109C200093F800335B09EBB91169547A203900913C
:109C30005169CDE90433C4F340045368127A8DF8B6
:109C4000142041F1FF310D4A01916400203344F0AA
:109C500001046946CDE902328DF81540FEF7FAFCA1
:109C600006B010BD002006B010BD03F00F031C4469
:109C7000237D5B09D7E700BF00ED00E049970000B6
:109C80001F2805D8244B03EB400393F808350BB984
:109C9000002070470A4621494B68C3F30803002B94
:109CA000F6D0103B5BB2002B2FDB03F1604303F5D2
:109CB000614393F800335B09002BE9D110B5D2E979
:109CC000044186B0CDE9043392F809C0144B00EB8F
:109CD0008000203C03EBC000CCF3400C5368127AA8
:109CE0008DF8142041F1FF310E4A01914FEA4C0CDE
:109CF0004CF0010C20336946CDE9023200948DF816
:109D000015C0FEF7A7FC06B010BD03F00F03194401
:109D10000B7D5B09D0E700BF2025002000ED00E0AF
:109D20002825002049970000044BD3F8482512B19C
:109D30001868FEF7ABBC0220704700BF202500204A
:109D4000024B01461868FEF7E3BB00BF2025002048
:109D5000FEF76EBB1F2808B50ED80C4B03EB400274
:109D600092F808256AB1083300EB800003EBC000CD
:109D7000BDE80840FEF75CBB40F2E511452001F06C
:109D800095FD4FF4F371452001F090FD2025002052
:109D900008B5074BD3F848352BB1FEF769FC2030E6
:109DA00041F1000108BD4FF4F671452001F07EFD40
:109DB00020250020014BD3F84C05704720250020BA
:109DC000FEF72EBA704700BFFEF728BAFEF72ABA90
:109DD000FEF72ABA08B5FFF787FC002008BD00BFD0
:109DE00000F0AABC10B50C7886B064BB0492D1E92F
:109DF00004320594203B164C009342F1FF324B7A1B
:109E0000019200EB800E04EB40020834C3F3400CD7
:109E100004EBCE00C3F380034C68097A8DF814106C
:109E200083F001030B4982F8093520344FF000021A
:109E3000CDE902416CF3410269468DF81520FEF729
:109E400047FA06B010BD40F23121452001F02EFD49
:109E5000202500204997000070B4EFF3108672B6F9
:109E600017490D78ADB1174BD3F80445D3F84831F5
:109E70004FF6FF7294421FD0E3B147F6FE739C4247
:109E800018D84B68013306B962B6C0E9004370BC0C
:109E900070470C4AD2F80445D2F8043153B14B68EC
:109EA00001334B60C2F80451D2F80445D2F80431B2
:109EB000002BF4D14B68E6E7002BFBD11C46F9E7F9
:109EC000702A002000B0004010B50A4C0022227415
:109ED0002277094B094801215960C3F84025C3F88E
:109EE00040214FF400221961C0F8082501F0EAFE74
:109EF000206210BD702A00200080004000F0014068
:109F00003749384BF0B44D6A374C002201204A6083
:109F100058609860C3F80843C3F84843C3F8042165
:109F2000C3F84021C3F84421C3F84821002D55D07F
:109F30002E4C2F4EC4F8A8652E4AC4F8AC55C4F870
:109F40005C394FF40023C4F804350523C2F84035CA
:109F50001060D2F84031002BFBD0244800230124AC
:109F60004FF40025C0F808555460D460C2F8403161
:109F7000C2F84035C0F8A835C0F8AC35C0F8AC35EB
:109F80000B7833B391F82840184816491A4E1B4DE8
:109F9000E30003F1804303F5F8330122A2404FF6BA
:109FA000FF774FF48024C0F80825C1F84443C1F876
:109FB0004875C1F80443C3F81065C3F81455C0F8D8
:109FC00004250F4B4FF40062C3F88021F0BC1A60E7
:109FD0007047044B0222C3F80423F2E71860CFE76E
:109FE000702A002000B000400200070000F001408D
:109FF000408100400080004048B1004008B000406F
:10A0000000E100E00D4B0E4A30B4012000210D4C60
:10A0100058604FF40025C3F84015C3F840114FF4C1
:10A0200080711861C4F80855C2F88011C2F8801018
:10A03000BFF34F8FBFF36F8F30BC7047008000407D
:10A0400000E100E000F0014030B41B4A1B4C1C4D05
:10A050001C4800230121636051609160C2F80853DD
:10A06000C2F84853C2F80431C2F84031C2F8443152
:10A07000C2F848312278C0F8A835C0F8AC3572B1C2
:10A0800094F828209140D20002F1804202F5F83283
:10A09000C2F81035C2F81435C0F8081523700A4B01
:10A0A0004FF40062C3F88021C3F88020BFF34F8FC4
:10A0B000BFF36F8F30BC704700B00040702A0020A3
:10A0C0000200070000F0014000E100E0044B4FF007
:10A0D00080411A6A0123C1F808351360704700BF38
:10A0E000702A002010B4144C1449154A0023C4F8F7
:10A0F000A8350120C4F8AC354FF0FF344860086142
:10A10000C1F808430F4891684FF48074C0F880414B
:10A1100041B10D494FF48030C1F808031374C1F800
:10A1200040319360126A10BC4FF080410023C1F8A7
:10A1300008351360704700BF00F001400080004008
:10A14000702A002000E100E000B0004070B52E4C05
:10A15000A36888B0002B51D10DF10B03009304AB21
:10A16000A26003AA01F040F89DF80B300F2B06D92E
:10A17000DDE90432013342F10002CDE9043206A8E0
:10A18000FFF76AFE069B2678079800220533DDE973
:10A19000041542F10002B6B94FF08076E0FB0632BA
:10A1A000994275EB020220D30B0E43EA052321F0FE
:10A1B0007F41164A4FF48030C2F84015E360C2F880
:10A1C000040308B070BD4FF48036E0FB06329942BC
:10A1D00075EB020209D30B0C4FF6FF7289B243EA0A
:10A1E0000543002908BF1146E3E7FF232374084B0A
:10A1F0004FF40062C3F8002108B070BD40F2612145
:10A20000052001F053FB00BF702A002000B0004081
:10A2100000E100E0064B9A684AB106494FF48032EB
:10A22000C1F8082300221A74C1F840219A607047CF
:10A23000702A002000B0004038B5EFF3108572B6E8
:10A2400021490C78BCB1214BD3F80405D3F848312F
:10A250004FF6FF7290422ED05BB347F6FE739842E2
:10A2600027D84C680134CDB100F07AFF184D002199
:10A27000E4FB050138BD154AD2F80405D2F80431D3
:10A2800053B14B6801334B60C2F80441D2F8040566
:10A29000D2F80431002BF4D14C681DB962B60B78AA
:10A2A000002BE1D10B4D00F05BFF0021E4FB050129
:10A2B00038BD4C68D7E7002BFBD14C680DB9284658
:10A2C000ECE7034D1846EEE7702A002000B000408E
:10A2D00080841E000080841E70B5EFF3108672B675
:10A2E000224C217891B1224BD3F80405D3F84831A0
:10A2F0004FF6FF72904230D06BB347F6FE73984230
:10A3000029D865680135A6B11A4E17E0184AD2F867
:10A310000405D2F8043153B1636801336360C2F8B5
:10A320000411D2F80405D2F80431002BF4D1656889
:10A330001EB962B62378002BE6D10F4E00F010FF55
:10A34000D4E90C120023E5FB0603884293412CBF9D
:10A350000120002070BD6568D5E7002BFBD1656842
:10A360000EB93046E5E7034E1846E7E7702A0020AD
:10A3700000B0004080841E000080841E194B1A48E3
:10A3800010B5012200214FF400245A60C3F8401593
:10A39000C3F840111A61C0F80845D3F8040520F04D
:10A3A0000300C3F80405D3F8080540F003001021AA
:10A3B000C3F8080591FAA1F1B1FA81F109290CDC81
:10A3C0000A48C3F810154FF48074DA60C0F8804171
:10A3D00004605A60DA601A6010BD05484FF473716A
:10A3E00001F05AFA0080004000F0014000E100E076
:10A3F00028C602002DE9F047444D454E01210023B7
:10A400004FF4002284B06960C5F84035C5F840318A
:10A410002961C6F80825D5F8042522F00302C5F8FD
:10A420000425D5F8082542F00302C5F808251022B6
:10A4300092FAA2F2B2FA82F2092A62DCC5F8102579
:10A44000344ADFF8D480E9604FF48070C2F88001AC
:10A450001060324A6960E960C6F8A82598F80020C3
:10A46000C6F8AC5502A85AB3019304E00123C6F81C
:10A4700008A56B60EB60FFF7EFFCDDE90243DDF858
:10A4800004904FF4002A4FF48037C6F804A5E3FB8C
:10A490000749FFF7E1FCDDE902320199E2FB0731F0
:10A4A000494508BFA342E1D1601C49F1000100F019
:10A4B00065FE02460B46C8E90C2304B0BDE8F087F0
:10A4C000019204E00123C6F808A56B60EB60FFF77A
:10A4D000C3FCDDE90243DDF804904FF4002A4FF09D
:10A4E0008077C6F804A5E3FB0749FFF7B5FCDDE973
:10A4F00002320199E2FB0731894508BF9C42E1D154
:10A50000D2E707484FF4737101F0C6F900800040AC
:10A5100000F0014000E100E0702A002000B100409E
:10A5200028C6020010B5029C201841F10001801AD3
:10A5300061EB0301B0F1004F71F1000100DA10BDD1
:10A5400040F23131052001F0B1F900BF38B5EFF329
:10A55000108572B621490C78BCB1214BD3F80405A3
:10A56000D3F848314FF6FF7290422ED05BB347F6D6
:10A57000FE73984227D84C680134CDB100F0F0FD4D
:10A58000184D0021E4FB050138BD154AD2F8040539
:10A59000D2F8043153B14B6801334B60C2F8044127
:10A5A000D2F80405D2F80431002BF4D14C681DB95F
:10A5B00062B60B78002BE1D10B4D00F0D1FD0021EC
:10A5C000E4FB050138BD4C68D7E7002BFBD14C6894
:10A5D0000DB92846ECE7034D1846EEE7702A002037
:10A5E00000B0004080841E000080841E014B586132
:10A5F000704700BF702A0020F0B5304C636989B005
:10A60000002B55D0EFF3108572B60DF10B030093BC
:10A6100003AA04AB00F0E8FD9DF80B300F2B06D920
:10A62000DDE90432013342F10002CDE9043206A82B
:10A63000FFF712FC069B2778079E05334FF00002B8
:10A64000DDE9041042F10002C7B94FF08077E6FB64
:10A650000732994270EB020222D30B0E43EA002329
:10A6600021F07F41164AA3614FF40033C2F844152C
:10A67000C2F8043305B962B609B0F0BD4FF48037B3
:10A68000E6FB0732994270EB020209D30B0C4FF63E
:10A69000FF7289B243EA0043002908BF1146E1E78F
:10A6A000FF232377074B4FF40062C3F80021E1E753
:10A6B00040F24131052001F0F9F800BF702A002076
:10A6C00000B0004000E100E0014B1878704700BF87
:10A6D000702A0020024B01221A7083F8280070476C
:10A6E000702A0020704700BF704700BF024B012254
:10A6F000C3F84423704700BF00B00040024B012262
:10A70000C3F84823704700BF00B0004008B500F010
:10A71000A7FC30B9074A936B0133312B936304D8FC
:10A7200008BD044B00229A6308BD4FF462710520F6
:10A7300001F0BCF8702A0020014B5862704700BF3E
:10A74000702A002010B53F4C237882B0002B55D0E2
:10A750003D4BD3F8042352035BD43B4BE168D3F861
:10A760000423D00334D5D3F84031002B30D06368B4
:10A7700099425DD800232374334AA168C2F840315E
:10A780004FF48030C2F80803002955D0A3608847F1
:10A790002D4BA169D3F80423920324D5D3F8443177
:10A7A0000BB363688B423FD300222277264B61694B
:10A7B000C3F844214FF40030C3F8080300293BD00C
:10A7C0008847214BD3F840310193019B02B010BD63
:10A7D0006268237C002BCDD19142D9D91A4B00223B
:10A7E000C3F84021D4E76268237F002BDCD18A4282
:10A7F000E7D2154B0022C3F84421E2E7124AD2F80F
:10A8000004110029A9D0C2F80431636801336360E0
:10A81000A3E7D3F84821002A9FD00022C3F848219B
:10A8200063680133636098E7237F002BE1D0BBE7C7
:10A83000237C002BD2D09DE740F2CA31052001F0E5
:10A8400035F800BF702A002000B00040014B187D91
:10A85000704700BF98230020042810B511D883B199
:10A8600004280CBF10242824A1420AD2064C54F814
:10A87000200018B141568A42A8BF0A461A7000202B
:10A8800010BD6FF01500FBE79823002030B503469C
:10A89000114890F91C209A4219DD90F924209A421F
:10A8A00017DA9A1A846AA05C0C4A15569D420DD09C
:10A8B0000E32002918BF01309442C0B206D129B12E
:10A8C000013BDBB2012B01D80130C0B230BD0D20FD
:10A8D000FCE70020FAE700BF98230020A0BA02009E
:10A8E00008B5054B93F91C30984203DAFFF7CEFF09
:10A8F000024B1B56184608BD98230020A0BA020040
:10A9000008B5184B93F82C20FAB9012283F82C20B3
:10A91000154A1268A2F10800082803D8134901411A
:10A92000C90709D5911F092910D9013212D04FF456
:10A93000DF71742000F0BAFF0D4A9A62D8221A62C1
:10A9400083F8242008229A611A7708BD094A0A412F
:10A95000D207ECD4084A9A62D8221A6283F82420DB
:10A960000422F0E79823002070240020DEFEFFFF81
:10A97000DBBA0200EEFCFFFFAEBA020010F0FF00EF
:10A9800008B508D14FF0804301225A60C3F8000196
:10A99000034B187008BD8421B52000F087FF00BF6D
:10A9A000C5230020014B01221A707047C5230020E7
:10A9B00008B548B94FF08043D3F8003113B9044BC0
:10A9C000187808BD0120FCE7D021B52000F06EFF0B
:10A9D000C5230020044B1868062818BFB0F1FF3FBC
:10A9E0000CBF0120002070477024002008B5094BDF
:10A9F0001A680A2A02D1084B1B6823B1FFF7EAFF45
:10AA000008B9082A04D14FF080430222C3F8342C3D
:10AA100008BD00BF7024002074240020F8B50F4E3C
:10AA20000127375404460D4604F0CDFC60B934B913
:10AA30004FF08043B7707560C3F80473F8BD4FF4EE
:10AA400094716D2000F032FF002DF7D01CB9204624
:10AA5000A8477460F2E740F24311F2E7C8230020F0
:10AA6000044B191800228A7003EB80011A544A60C3
:10AA7000704700BFC823002010B5034CA08100F030
:10AA800045FCE08110BD00BFC8230020014B188A9F
:10AA9000704700BFC8230020014B9889704700BF52
:10AAA000C823002010B5EFF3108472B6064B0344A0
:10AAB0009A7C0132D2B29A749B7C012B01D104F0B2
:10AAC00076FC04B962B610BDC823002010B504F0AE
:10AAD000A2FC04F078FC4FF08044084940B1FFF735
:10AAE00085FF0123236104230B7500234B7510BDE3
:10AAF00003230B750123C4F80433F6E7C8230020B1
:10AB000010B5EFF3108472B6094B03449A7C22B956
:10AB100040F267216D2000F0C9FE9A7C013AD2B262
:10AB20009A749B7C0BB9FFF729FF04B962B610BD7C
:10AB3000C8230020024B187D003818BF0120704741
:10AB4000C823002073B51B4DEB7D63B9686A00F024
:10AB5000030004F050FC30B1EFF3108372B62A7D8D
:10AB60001AB103B962B602B070BD01222A7503B9E9
:10AB700062B64FF080430822C3F808234FF42073D5
:10AB8000ADF80630BDF80640A4B2631E9BB2ADF826
:10AB90000630002CF6D14FF080460748C6F80C412D
:10ABA00004F05BFD85F82940FFF790FF0823C6F805
:10ABB0000433D8E7C8230020F02300202DE9F34711
:10ABC000484CA37D002B00F08A800323ADF80430AD
:10ABD0004FF08043D3F80051F5B9D3F80481B8F1B0
:10ABE000000F09D04FF080430022C3F80421022255
:10ABF000C3F80823FFF7A6FF94F829603A484FF0FE
:10AC00008047F6B2D7F80C8104F02BFD48B340F230
:10AC100053316D2000F04AFE00258DF804500122CA
:10AC2000D3F80481C3F808230DF10409271DA61CDD
:10AC300019F8010B03280AD0337843B13B684FF071
:10AC4000000A86F800A013B19847C7F800A06B1C53
:10AC5000022B07F1040706F101064FF00105E7D1C9
:10AC6000BDE745B1237D032B05D104232375FFF7F1
:10AC7000BDFE01233B61B8F1000F1FD04FF08043B0
:10AC80000022C3F80C21237D042B02D040F279313D
:10AC9000BFE7164B1A680A2A02D1154B1B6823B16D
:10ACA000FFF798FE08B9082A04D14FF0804300222C
:10ACB000C3F8342C0223237504F0B0FB4EB10023FB
:10ACC00084F82930237D022B01D1FFF7FFFE04F029
:10ACD000A5FB054802B0BDE8F04704F0D1BC02B0C6
:10ACE000BDE8F087C8230020F02300207024002056
:10ACF0007424002010B5054C606A00F0030004F0D5
:10AD00007AFB0028F8D0002010BD00BFC823002027
:10AD1000F8B5054650B10278042A07D8437842B9FD
:10AD2000013B1F2B02D88378212B07D96FF0150028
:10AD300076E0002BFAD18378002BF7D17B4B0127EB
:10AD4000C3F88070BFF34F8FBFF36F8F4FF0804613
:10AD5000C3F88071764C0B23C6F808330023C6F87D
:10AD60000031C6F80431C6F80C31A374E374AB8823
:10AD7000238204F02BFB08B12770A774D6F80C24AB
:10AD8000D6F80C34D20303D5DF0701D5FFF70AFE4E
:10AD90004FF4AF60FFF770FE2B78A978E3750022BF
:10ADA000626221766275042B4DD8DFE803F005035B
:10ADB0003A484A000123636204F00FFB00284DD09B
:10ADC00004F012FB636A03F00303984246D1AB79A7
:10ADD000002B3DD1FFF78EFF237E6BB12B785BB943
:10ADE00004F0F1FA054600F0B9FE6FF00043002DC3
:10ADF00000F09980C4E907034FF08043D3F80C2496
:10AE0000D3F80C34D20303D5DB0701D5FFF7CAFD15
:10AE1000464A012300202075A375C2F880311360D3
:10AE2000F8BD04F0F8FA4FF08043D3F80C14D3F8CF
:10AE30000C24CE03F9D5D007F7D50223BBE73D4B51
:10AE4000B9E73D4BB7E740F22E516D2000F02EFDE3
:10AE50004FF080430222C3F80423BDE74FF0804344
:10AE60000122DA600022C3F80421626AC3F81825BF
:10AE7000324A1368A3F10E01012904D90A2B02D02A
:10AE8000FFF7A8FD48B14FF080534FF08041D3F851
:10AE90004432C3F34233C1F83C351368A3F10E02C8
:10AEA000012A04D90A2B02D0FFF794FD20B14FF0FC
:10AEB00080430122C3F84C254FF0804301229A6061
:10AEC0000222C3F80423AA79002A85D1D3F80423E7
:10AED000910702D440F2E141B7E7194A16691169B6
:10AEE00041F010011161D3F8043106F010060BB9DE
:10AEF00004F0D3FB4FF08047D7F8043183B1FFF75C
:10AF0000F9FE26B90E4A136923F0100313614FF0BE
:10AF100080430222C3F808230022C3F804215BE720
:10AF200004F0B9FBE8E7C4E9073065E700E100E0B9
:10AF3000C82300200100020001000300702400204B
:10AF400000ED00E010B50D4C04F1280004F089FB81
:10AF500048B9237D022B01D1FFF7B8FDBDE81040B1
:10AF6000074804F08DBB074A012384F82930BDE867
:10AF70001040C2F8003104F04EBA00BFC8230020D0
:10AF8000F023002000E100E038B50C4B0C461979A5
:10AF900019B18D216F2000F089FC60B95D790DB188
:10AFA000002038BD01225A71FFF77CFD214628465A
:10AFB000FFF734FDF4E76FF01500F2E7F42300200B
:10AFC00038B50B4D2B7904461BB1A4216F2000F03E
:10AFD0006DFC50B96B790BB9002038BDFFF740FD0F
:10AFE00020466C71FFF78CFDF6E76FF01500F4E773
:10AFF000F423002010B501B3F0B14FF0FF33104A35
:10B000001C46E0FB0134944203D9E5216F2000F097
:10B010004DFC1A0D42EA0432C3F30F10094B00EB4A
:10B0200002404FF22444B2FBF4F103FB1100B0FBE9
:10B03000F4F040EA0140013010BD0846FCE700BFD3
:10B040003F420F00000024F4014B9B68184700BFEB
:10B05000F4230020014BDB68184700BFF4230020D5
:10B06000014B1B69184700BFF4230020014B1B6AEA
:10B07000184700BFF4230020014BDB69184700BFCD
:10B08000F4230020034B1A790AB9FFF7FFBC988D0F
:10B09000704700BFF4230020034B1A790AB9FFF769
:10B0A000FBBC988A704700BFF4230020024B1B7939
:10B0B0000BB9FFF747BD7047F4230020014B9B6994
:10B0C000184700BFF423002010B5144C2379A3B116
:10B0D000636A9847002806DB94F82E3023B10123D9
:10B0E00084F83230002010BDFFF7E8FF0028F6DAC0
:10B0F00040F2A5116F2000F0D9FB094BA361094B69
:10B10000E361094B2362094BA360094BE360094BE0
:10B110002361FFF7FDFD0028E1D0E4E7F4230020E0
:10B12000F5AC000045AF000035AB000017F400009F
:10B130001DF4000023F4000038B5084B1D790446C7
:10B1400025B140F2F9116F2000F0B0FBFEF740FA94
:10B150002046FFF791FC284638BD00BFF4230020AD
:10B1600043F60952C0F3080302FB03F3400A03F558
:10B17000807302FB00F000EB5320704710B5C0F362
:10B180004E22C0F30804000E40EA012043F60953A2
:10B19000090E03FB04F403FB02F24FEA401E4B01CD
:10B1A000BEEB000E43EAD06304F5807402EB542238
:10B1B00063EB01044FEA841C4FEA8E13B3EB0E03DA
:10B1C0004CEA9E6C6CEB040C4FEACC0C4CEA537CC2
:10B1D000DB001B1841EB0C01D803C903101841EA2E
:10B1E000534141F1000110BD2DE9F04180460C466C
:10B1F00017461E46FFF768FAD0B13D4B9C426FD808
:10B200003C493D484FEA585242EAC422A1FB02435E
:10B21000C8F34F149B0B04EB024400FB1344A1FB47
:10B220000414A40B44EA0344344B03FB148819E0D0
:10B23000334B9C4258D82F492F484FEA587242EA64
:10B24000C402A1FB0243C8F34F349B0B04EB02443E
:10B2500000FB1344A1FB0414A40B44EA0344294B50
:10B2600003FB148848F237624FEA583302FB03F3BA
:10B270001B0C43F60952244D02FB138101FB05F51B
:10B280006D0D05FB02F205EB432502F574530833FF
:10B29000B1EB532F21D802F58072A1EB5221C9B234
:10B2A000069B1970FFF710FA58B123045D194FEA95
:10B2B000144444F10004C6E90054C7F80080BDE816
:10B2C000F08123065D194FEA142444F10004C6E915
:10B2D0000054C7F80080BDE8F08101350021DFE7A8
:10B2E0009D219B2000F0E2FAA6219B2000F0DEFACF
:10B2F0007F841E0083DE1B43000024F480841E0034
:10B30000FF7F841E0080841E6F0C0100420B48F2F8
:10B31000376303FB02F2120C43F6095C084B0CFB8B
:10B32000120101FB03F303F586336E335B0D0CFB57
:10B3300003FC5002B1EB5C2F88BF0130184470470A
:10B340006F0C0100034610B3007888B91A79012AFE
:10B350001ED85A79012A1BD89A680E49643A8A4243
:10B3600016D8D8680C4B98422CBF0020012070479B
:10B3700001280CD11A79012A09D85A79012A06D84C
:10B38000DA680449643A8A4201D89868EAE70020FA
:10B39000704700BF3C8601000040420FF8B50446EC
:10B3A00020B94FF4DC716A2000F080FA90F82C503C
:10B3B000072900F2FF80DFE801F004B65D5D8D979C
:10B3C000A1A890F82A30033B012B02D940F2C31107
:10B3D000E9E7052380F82A30002380F82D30037830
:10B3E0009BB32378012B3DD1FEF7D2FC94F8286063
:10B3F00063686362C4E90601BEBB734B0122DA6075
:10B40000C3F84065C3F84061C3F84465C3F84461BC
:10B41000C3F84865C3F84861C3F84C65C3F84C618C
:10B420006A4B4FF48072C3F880213146204604F005
:10B4300015F8236A3146284698470146204600F011
:10B44000F1F8022840F0B980F8BDFEF7EFF90646A2
:10B450000F46FEF79DFC1F3647F1000786428F41DD
:10B46000F3D3BEE7D4E90401C0E72046BDE8F840C5
:10B4700000F0AEB890F82A30DA1E012A02D940F264
:10B48000FB1190E790F828202AB121462846BDE814
:10B49000F84003F0C9BF042B14BF01230223022983
:10B4A00080F82A30036A0AD10521284698470028E7
:10B4B000CAD00378002BC7D04FF4047173E706217C
:10B4C000284698470028BFD00378002BBCD040F214
:10B4D000152168E790F82A30052B02D04FF4077148
:10B4E00061E7036A0221A6E790F82A30052B02D013
:10B4F00040F2222157E7036A01219CE790F82A30A5
:10B50000052BB2D04FF40A714DE790F82A30052B85
:10B5100002D040F22D2146E7036A0A2128469847C7
:10B520004FF40C713FE790F82A30052B07D090F8C4
:10B5300029200AB1032B02D04FF40D7133E794F8A0
:10B540002820002AA1D194F82D3093B1022384F849
:10B550002A3084F82D20236A08212846984700289D
:10B560003FF472AF0378002B3FF46EAF4FF41071CD
:10B5700019E794F8292062B194F82B0084F8293057
:10B580002146FEF719FA00287FF45EAF40F245210C
:10B5900009E7022384F82A300721236A28469847BE
:10B5A00000283FF451AF0378002B3FF44DAF4FF428
:10B5B0001371F8E640F25121F5E60128236A0CBF29
:10B5C0000421032137E700BF0080004000E100E0D4
:10B5D00070B50446FEF72AF9D4E90632656A50339D
:10B5E00042F100025B1942F1000205F5DF6540F20D
:10B5F000F966B5FBF6F55B1942F1000283428A4118
:10B6000003D207212046FFF7C9FE054C236813B17A
:10B61000984700232360BDE87040FEF70BB900BFD8
:10B620002824002070B504460D4639B9012380F85E
:10B630002D30FFF7CDFF0226304670BD0E78032E69
:10B640006AD801A353F826F037B6000059B60000B7
:10B65000BBB6000077B600004868C72801D80026AE
:10B66000EAE70421FEF7B2FA0028F8D1696820461B
:10B6700003F0F4FEE0E790F82860F6B94D6828463C
:10B68000FFF760FE002847D02B78C3B90122227053
:10B690002B79003B18BF012363726B79002B14BF19
:10B6A000042302232372AB686F336360EB6823616A
:10B6B000032384F82A3084F829202046B9E794F837
:10B6C0002A30052B04D04FF4CF716A2000F0EEF839
:10B6D00026702B7994F82B00003B18BF012363726E
:10B6E0006B79002B14BF042302232372EB68A96833
:10B6F0006F336360D4E906325B1842EBE172C4E950
:10B700000432042384F82A302146FEF755F9002834
:10B71000D3D14FF4D071D8E7012384F82D30CCE792
:10B720002DE9F8438846074688B300F035F84FF016
:10B73000000905465FFA89F6B54203D86FF00B00A1
:10B74000BDE8F883304600F02DF890F82A4009F162
:10B750000109002CEED1304600F024F8054604859E
:10B7600080F82A4080F82C6001460A48FEF78AF8E3
:10B77000202885F82B0002D16FF02200E0E701239A
:10B780002F6285F82A30204688F80060D8E76FF0ED
:10B790001500D5E79DB30000014B1879704700BF35
:10B7A0002C240020044B1A79824283BF1B6830226C
:10B7B00002FB0030002070472C2400200A4610F0C5
:10B7C000030110B50AD1074C2271206008B900208E
:10B7D00010BD30235A4300F059FBF8E76FF00D001D
:10B7E000F6E700BF2C240020BFF34F8F0549064B1E
:10B7F000CA6802F4E0621343CB60BFF34F8F00BF0F
:10B80000FDE700BF00ED00E00400FA05094B01224E
:10B810005A604FF0FF32C3F80823074B4FF48042C1
:10B82000C3F88020BFF34F8FBFF36F8FC3F8802121
:10B83000704700BF00E0004000E100E0094B01223A
:10B840005A604FF0FF32C3F80823074B4FF4805281
:10B85000C3F88020BFF34F8FBFF36F8FC3F88021F1
:10B86000704700BF00C0004000E100E0084B00222C
:10B87000C3F8FC2F0122C3F8FC2F064B0222C3F8A9
:10B880008020BFF34F8FBFF36F8FC3F880217047C5
:10B890000010004000E100E008B572B6024B5B68A2
:10B8A00003B19847FFF7A0FF342400201FB572B6FC
:10B8B000134B5D6895B9FFF797FF2346B2FBF6F28D
:10B8C0005C1C002AF9D104AEDCB256FA83F303F80B
:10B8D0000C2C0A2234B901A8A847ECE70246002341
:10B8E0000A26EDE7631E04AEDCB256FA83F3B0FB22
:10B8F000F2F602FB1600303003F80C0C3046E9E794
:10B9000034240020F8B51F4E337805460C46174600
:10B91000A3BB00F0CBF9FEF7F3FF77603472FFF7BB
:10B92000A5FFFFF78BFFFFF771FF174B002D14BF2B
:10B9300028461846FFF7C8FB0546E8B9FDF76AFF39
:10B94000FFF7B4FB03F0A1FDFCF738FC18B9BE21EA
:10B950001120FFF7ABFF002C0CDB04F01F02640981
:10B96000A40004F1604404F5614401239340C4F849
:10B9700080312360012333702846F8BD4FF0FF3536
:10B98000FAE700BF342400200CBB0200074B93F9F8
:10B990000830002B09DB5A09012103F01F039940ED
:10B9A00002F14003024A42F8231070473424002079
:10B9B00000E100E0014B1878704700BF34240020FC
:10B9C0002DE9F047DFF8CC90334C344D344F82B042
:10B9D0000246012699F800805FFA88F8FF2389F86B
:10B9E0000030B8F1000F01D089F80130EFF3108179
:10B9F00072B600236660C4F80031C4F80431C4F89C
:10BA00000425266039B962B605E0D4F8043133B9AB
:10BA10002B69DB0621D4D4F80031002BF5D0D4F803
:10BA20000431002BE2D1B8F1000F13D199F80130A5
:10BA3000DBB289F8018003204FF48041C4F8080389
:10BA4000C4F80481C4F80081C7F8801189F8008027
:10BA5000002BBFD102B0BDE8F0874FF48043C7F898
:10BA60008031EFF3108A72B60323C4F80433D4F89C
:10BA7000003113B9D4F804311BB1BAF1000FCAD1A7
:10BA8000C1E7019203F007FE019ABAF1000FC2D19B
:10BA9000B9E700BF4024002000E0004000ED00E0D6
:10BAA00000E100E070B51446DA078CB01D4686460A
:10BAB0008C4633D5C36842681BBA0093CB681BBA67
:10BAC000049383681BBA019303681BBA03938B68C2
:10BAD00012BA1BBA029205934A680B6812BA1BBAD3
:10BAE0006E46069207933046FFF76AFFAB070DD507
:10BAF000DDE90A10DDE9083200BA09BA12BA1BBA48
:10BB000020606160A260E3600CB070BD08AD0FCD35
:10BB100020606160A260E3600CB070BDDEF80410CC
:10BB2000DEF80820DEF80C300068EE46AEE80F00C4
:10BB3000DCF80000DCF80410DCF80820DCF80C303D
:10BB40006E46AEE80F00CEE710B5002482B0CDE916
:10BB50000044FFF7A7FF02B010BD00BF1A4B4FF41F
:10BB6000805270B5C3F88020BFF34F8FBFF36F8F43
:10BB7000164C174D0021C4F80011C3F880212E691E
:10BB80002B6943F010032B610123C4F8043306F042
:10BB900010062360D4F800319BB11EB92B6923F045
:10BBA00010032B610123D4F808056360C4F808333F
:10BBB0000023C4F80031044B4FF48052C3F88021B5
:10BBC00070BD03F068FDE5E700E100E000C0004063
:10BBD00000ED00E00B4938B5042301EBC3021579F1
:10BBE00005F0FF042DB1013BF7D240216920FFF79A
:10BBF0005DFE41F833000121547194711171D8B286
:10BC000038BD00BF44240020042808B503D94721CB
:10BC10006920FFF74BFE034B03EBC00300221A71B0
:10BC200008BD00BF44240020042808B503D95021D2
:10BC30006920FFF73BFE094B03EBC0000379012BA2
:10BC400001D05121F4E7437982790133DBB29A4282
:10BC500018BF4371BDE80840FFF798BE4424002098
:10BC600038B5114D052495F8281005EBC1031A7954
:10BC7000012A09D158799A79904205D05A79D2B2DD
:10BC80009A7155F83130984795F828300133DBB276
:10BC9000052B04F1FF3428BF002314F0FF0485F8BE
:10BCA0002830E0D138BD00BF442400204FF080523E
:10BCB000034BD2F830111960D2F834215A60704722
:10BCC00070240020084B1B68083B082B0AD840F260
:10BCD000211222FA03F313F0010F044B044818BF9A
:10BCE00018467047024870477024002000E7014062
:10BCF0000C050040144B1B68062B03D0013301D008
:10BD000020BF7047EFF3108072B6104A13691169B3
:10BD100041F0100111610E49D1F80021D1F8041150
:10BD20000A4303F0100300D040BF20BF00BF00BF94
:10BD300000BF00BF23B9054A136923F01003136144
:10BD400000B962B6704700BF7024002000ED00E02B
:10BD500000E100E0914270B53FD2B2FA82F33BB10C
:10BD6000C3F1200420FA04F49940214398409A40FA
:10BD7000150CB1FBF5FC05FB1C1E4FEA0E4E030C27
:10BD800084B20EEB10401FFA82FE0CFB0EF68642C8
:10BD900006D9361A964294BF01260226ACEB060C51
:10BDA00003EB01430CFB1233B3FBF5F005FB10333F
:10BDB00004EB034400FB0EFEA6454FEA0C4C09D9E8
:10BDC000AEEB040E964594BF4FF0010E4FF0020EFD
:10BDD000A0EB0E0040EA0C0070BD73219620FFF727
:10BDE00065FD00BF2DE9F8431C4652EA040349D023
:10BDF000074615460E4684B9914204D2FFF7AAFFC2
:10BE00002146BDE8F88321463046FFF7A3FF0446EC
:10BE10002A46384604FB1561F0E74FF00108B4FAF2
:10BE200084F908FA09F3A3FB021220FA08F003FBD5
:10BE3000042240EAC67026FA08F1FFF78BFFC9F129
:10BE40001F0230FA02F34FF0000C08D140461946A9
:10BE5000AF42A6413CBF18466146BDE8F8835A1E72
:10BE600061466CEB0C0C05FB0CFE02FB04EE184665
:10BE70001346A5FB0228BA1A0EEB080766EB070665
:10BE80001746E5E7A6219620FFF710FD10F0030FF7
:10BE9000C9B2034607D0BAB303F8011B13F0030F6E
:10BEA00002F1FF32F7D170B5032A01EB012404EB54
:10BEB00004441ED9161FB508032E05F1010521D92A
:10BEC0004FEA550E03EBCE0E9C46CCE900440CF134
:10BED000080CF445F9D115F0010F04D025F0010547
:10BEE00003EB85052C6026F003060433334402F08F
:10BEF000030232B1012A197003D0022A597018BF07
:10BF0000997070BD1D46EDE7704700BF844641EA59
:10BF1000000313F003037DD1403A51D3F0B4F0C9CC
:10BF2000F0C0F0C9F0C0F0C9F0C0F0C9F0C0403AAC
:10BF3000F5D2F0BC44E0403A42D300BF51F8043B94
:10BF400040F8043B51F8043B40F8043B51F8043BF3
:10BF500040F8043B51F8043B40F8043B51F8043BE3
:10BF600040F8043B51F8043B40F8043B51F8043BD3
:10BF700040F8043B51F8043B40F8043B51F8043BC3
:10BF800040F8043B51F8043B40F8043B51F8043BB3
:10BF900040F8043B51F8043B40F8043B51F8043BA3
:10BFA00040F8043B51F8043B40F8043B51F8043B93
:10BFB00040F8043B51F8043B40F8043B403ABDD202
:10BFC000303211D351F8043B40F8043B51F8043BA4
:10BFD00040F8043B51F8043B40F8043B51F8043B63
:10BFE00040F8043B103AEDD20C3205D351F8043B33
:10BFF00040F8043B043AF9D2043208D0D2071CBFFF
:10C0000011F8013B00F8013B01D30B880380604627
:10C01000704700BF082A14D38B078CD010F003039D
:10C0200089D0C3F10403D21ADB071CBF11F8013B0E
:10C0300000F8013BFFF47FAF31F8023B20F8023BF0
:10C0400079E7043AD8D3013A11F8013B00F8013BF3
:10C05000F9D20B7803704B7843708B78837060460D
:10C06000704700BF53B94AB9002908BF00281CBF58
:10C070004FF0FF314FF0FF3000F00CB8ADF1080C7D
:10C080006DE904CE03F035FBDDF804E0DDE90223C1
:10C0900004B07047704700BFF6F754BE01F022BBF2
:10C0A00001F023BB01F01BBB1FB5014601A800F046
:10C0B00006F801A801F003FF05B05DF804FB0B884A
:10C0C000C3F30B0383804B88C380002343724B78F8
:10C0D000C3F30113012B03D09A1E534253415B005B
:10C0E000043103720160704710B58B880370437888
:10C0F00003F0F00343708A88C2F3032213434370B2
:10C10000CA888270CA8803F0CF03120A4370C270D3
:10C110000A7A120102F03002134303F03F03437026
:10C120004A7A43EA821343700C460968043081421C
:10C1300005D0E288FB2A28BFFB22FFF7E7FEE08854
:10C140000430C0B210BD70B50B78192B05460C46F3
:10C1500012D8CBB1013B182B16D8DFE803F01A2612
:10C1600015999FA5ABB1B5B7C7CD1515152ABBC19C
:10C17000D1D7DDE3E9EFF500822B4FF0FF0200F0AD
:10C18000E980832B00F0EA8040F26721C720F4F7B2
:10C19000F1FE0C230B70082363706678023632467A
:10C1A00021462846FFF7B2FE49E01A230B7001230F
:10C1B000F2E72920F5F7D8F830B13E232370222387
:10C1C00063702923A370E8E70A20F5F7CDF83E2332
:10C1D00005F1080204F108012B7090B30A23AB703B
:10C1E000E378EB70A3882B71A3881B0A6B71A3798A
:10C1F000AB71E379EB71A368AB608B889380D4F863
:10C200000E30C5F80E30638A6B8263696B61238BD5
:10C210002B83638BAB76638B1B0AEB76A38B2B771D
:10C22000A38B1B0A6B77E38BAB77E38B1B0AEB7754
:10C2300094F8203085F820301F266E700236304684
:10C2400070BD0123AB70E378EB70A3882B71A388DA
:10C250001B0A6B71A379AB71E37903F00103EB71F6
:10C26000A368AB608B889380638BAB73638B1B0A73
:10C27000EB73A38B2B74A38B1B0A6B74E38BAB74D4
:10C28000E38B1B0AEB7494F820302B751326D4E74C
:10C290003E230B7004234B70142393E73E230B7053
:10C2A0000C234B7004238DE73E230B700A234B7045
:10C2B000032387E73E230B700D234B70052381E793
:10C2C00005232370042367E70823FAE730230B7064
:10C2D000032361E73E230B700B234B70072371E7A9
:10C2E0003E230B7006234B700C236BE713230B705C
:10C2F0008B789B0001334FE757230B7002234BE7EA
:10C300003E230B7006234B7012235BE73E230B701A
:10C3100009234B70132355E73E230B7005234B7005
:10C3200020234FE73E230B7009234B70212349E75D
:10C33000FF230B700B234B70A22343E7FF230B70EB
:10C3400005234B70A3233DE7FF230B700D234B7098
:10C35000802337E70A700D22627033E70A700222E9
:10C36000FAE708B510B96FF0150008BDFFF79CFE9D
:10C370000028F8D00020F8E710B50C4648B141B1CC
:10C38000F4F74CFF002820700CBF6FF02200002053
:10C3900010BD6FF01500FBE708B5F4F7C3FF0020F0
:10C3A00008BD00F032BE08B5F4F7CEFF002008BD8E
:10C3B00001F00EB901F01CB9034602221A709A70FE
:10C3C0009B225A716B229A717022DA7125221A729D
:10C3D00037225A72792200209A726FF01A0258702E
:10C3E000D8701871DA72704700F05CBE70B5044600
:10C3F00002F02FFF012805461AD1601C02F030FF21
:10C40000B0B1A37963F03F03A3710020F6F720FFDA
:10C41000E61D38B1102200213046FFF737FD2570A8
:10C42000002070BD304602F02EFF0028F2D0F6E763
:10C430000025F4E710B5102204460021FFF726FD81
:10C4400004F11003102200211846FFF71FFD02F02F
:10C4500033FF0020F6F7FCFE20B1204602F013FF68
:10C46000002010BD02F0F5FE0028F6D0F8E710B568
:10C470000446FFF773FBB0F5007F09DA10F5007F83
:10C4800008DD031EB8BF03339B102370002010BDCE
:10C490007F23FAE76FF07E03F7E70120704701F092
:10C4A00008B90078003818BF012000F002BFF6F785
:10C4B00035BC8178008801F0C8B801F0E3B837B521
:10C4C00005460C4600880DF1060100F0F7FE2B88AA
:10C4D0002380BDF80630638003B030BDF6F726BC7C
:10C4E00001F005B900F07FBD00F0D1BD08B5F4F74B
:10C4F00033FF002008BDF6F72FBA00F00CBF00F0A4
:10C50000E2BDF6F79BBB00F0AEBD01F000B800F055
:10C51000CABF01F011B800F0E3BD00F0DCBE00F0CE
:10C52000ADBD00F06CBD03880B8001F036B8038808
:10C530000B8001F040B800F0FABDF6F761BAF6F7EB
:10C5400047BA00F0E5BC00F006BD00F03ABD00F0CF
:10C5500046BD00F026BD00F01BBD00F016BE00F089
:10C560003FBEF6F757BA00F079BE00F06BBD00F0A1
:10C570001CBE01F0A7B8F6F7F9B9F6F777BAF8B527
:10C58000941C0C446343B3F5004FA8BF4FF0FF3336
:10C590000E4610F00301054617469CB203D0B021A9
:10C5A0001420F4F7E7FCB4F5004F01D9B121F7E707
:10C5B00014220430FFF76AFCEF746C802E80F8BD03
:10C5C00038B50388C48805898B42C4F30E0203D2B0
:10C5D000D1211420F4F7CEFC84EA0503C3F30E0343
:10C5E0000BB9AC4206D102F118030122C152827488
:10C5F000184438BD1846FCE7023101444A43B2F5FD
:10C60000004FA8BF4FF0FF3290B21B3020F0030064
:10C61000B0F5004F34BF00B24FF0FF307047408894
:10C620001B3020F00300B0F5004F34BF00B24FF0D4
:10C63000FF3080B2704738B503888B4203D2F721B0
:10C640001420F4F797FC857C65B1C388C3F30E030F
:10C650001833C25A8A4207D3C152811DF4F7ACFE87
:10C6600000238374284638BD0025FBE70346F0B558
:10C670009E88DD88B4B2A54200F11800C6F30E060C
:10C6800016D05F89DD7C845B3D4402353544E41B74
:10C6900028440D88A4B2A54288BF0C805989B1FAFC
:10C6A00081F14FEA511188BF25461170DD81F0BD3F
:10C6B00000252846FAE7F8B58288C3890026044693
:10C6C0000D4692B20E60CBB1C2F30E024189183210
:10C6D00087180B44825A9BB29342438104D94FF48A
:10C6E000A2711420F4F746FC04D1011DF4F764FE96
:10C6F00046812F600023E3810120F8BD1846FCE746
:10C70000838802899BB29A42014602D00831F4F72D
:10C7100053BE70478388C0889BB2C31A58425841A1
:10C720007047828873B5C48895B2AC42C2F30E02DA
:10C7300002F1180212D04189C689835A31449942C4
:10C740000EDB0DF10601ADF80650F4F735FEBDF82D
:10C750000600001B18BF012002B070BD0020FBE7DF
:10C760000120F9E770B5C488068984EA0602C2F39D
:10C770000E020346C4F30E0518300AB9B4420FD1B5
:10C780009C891A880CB1465B921B914207DCDA7CCB
:10C790002C440232224410440A461A8270BD002200
:10C7A0001046FAE7F8B5038A002B38D08B4236D30F
:10C7B000C488858900F11803C4F30E041E1995B9C5
:10C7C0001D55757085891E5B0D44ADB23144858160
:10C7D0001953D2B1811DF4F7EFFD002383810023AB
:10C7E00003820120F8BD1E5BAE4204D04FF4F67107
:10C7F0001420F4F7BFFBC57C878A264402353544F4
:10C800005E195F53857DB570DCE7C27C254402323A
:10C810002A4499189B5A83828B788375DFE700201E
:10C82000E0E78388C2889BB29A4206D0428922B947
:10C83000C3F30E0318331844704700207047C37CBD
:10C840000233C81870470230704738B58388C288F1
:10C850009BB29A4209D043893BB9C5893DB9011DB4
:10C86000F4F7AAFDC581012038BD0020FCE7184679
:10C87000FAE7002383810382704703881380C3880B
:10C88000C3F30E03183303440B60808970470368B9
:10C89000002223B9C0E90132031D036070475968C3
:10C8A0001B680A44F5E7072970B5034604D84FF41E
:10C8B000EC711520F4F75EFB0068C0B144681A689B
:10C8C0008C42064610D0106860B901F10805AC42F0
:10C8D0000DD3546850501868651A54180068656084
:10C8E000505002E01346E9E714681C60304670BD02
:10C8F0000023C1E9003203680B600160704730B566
:10C9000090B18478B1FBF4F304FB131300EB430202
:10C9100052898A4201D1D8B230BDC27822B900F121
:10C920000803D0B2844201D8FF20F5E733F8025F54
:10C930008D4202F10102F4D1EEE7827803880532DC
:10C940004B4303EB42031844704737B50024CDE94D
:10C95000004405468DF806006846ADF80440F4F73B
:10C9600001FFBDF8044008B103B030BD29462046A0
:10C97000F4F7D4FE0028EFD040F215211720F4F789
:10C98000F9FA70B50D4609211E46FFF735FE32460D
:10C99000044609212846FFF72FFE40EA04031B0442
:10C9A00054BF00194FF0FF3070BD01230370704772
:10C9B000F8B50C4684F001046400054611461E4695
:10C9C000E4B2FF23837003191B7D012B06D0631C87
:10C9D000DCB250FA83F31B7D012B0AD105EB44072F
:10C9E0003B8B3A8C9819904205DD2C4400233B8305
:10C9F00023750020F8BD05EB8404324660681844B6
:10CA0000FFF784FA3B8B1E443E830023AB7001206A
:10CA1000F0E781F00101490010B5C9B2FF2383702E
:10CA200043181C7D012C07D10C3120F81120022263
:10CA30001A750023837010BD0131CBB250FA81F119
:10CA40000C7D012C05D10C3320F8132002230B752B
:10CA5000EFE74FF48C710920F4F78CFA30B50246F9
:10CA6000837803F0FF00F3B9137D022B19D0537DB7
:10CA7000022B15D10346012089B1D5180C330024AF
:10CA80002C7522F81340131803241C7502EB800345
:10CA90005B680B6000F10C0332F813308B800120CF
:10CAA00030BD0123E8E70020FAE730B5034682787D
:10CAB00002F0FF00E2B99A7D022A17D0DC7D022C39
:10CAC00013D1032281B11D190C340020287523F8DD
:10CAD000140098180324047503EB82000C3240689C
:10CAE00033F8123008608B80012030BD0324E9E761
:10CAF0000020FAE7037D012B01D1008B7047437DB5
:10CB0000012B0CBF408B00207047837D012B01D18E
:10CB1000808B7047C37D012B0CBFC08B00207047FA
:10CB2000038B23B9408B003818BF012070470120C8
:10CB30007047838B23B9C08B003818BF0120704722
:10CB400001207047027D022A01D1008B7047437D8E
:10CB5000022B01D1408B7047032AF6D0032BF9D06A
:10CB600000207047827D022A01D1808B7047C37DEF
:10CB7000022B01D1C08B7047032AF6D0032BF9D0CA
:10CB800000207047F4F756BF2DE9F04104460846EF
:10CB90000D4691F8008001F046F90746284601F05D
:10CBA0003EF90646284601F042F908F003086B7882
:10CBB000E07084F800806770A670A3802046BDE80E
:10CBC000F081012808B506D0022806D040F29D4128
:10CBD0000620F4F7CFF9002008BD0120FCE7F4F7A8
:10CBE00075BF10B5044638B1F6F752F924EA0000D3
:10CBF000B0FA80F0400910BD0120FCE707B5002322
:10CC0000CDE9003301238DF806306846F4F7AAFD1C
:10CC100008B1002004E0009801F0A8FF0028F4D03B
:10CC200003B05DF804FB1FB50022009240F68813A4
:10CC300003A9FBF793FA05B05DF804FB38B5054688
:10CC400002F016F8F0B1284601F090FF08B9002074
:10CC500038BD284601F05AFE0446284601F059FE28
:10CC6000054688B9002CF2D02088F6F74DFA2088C6
:10CC70002946F4F753FD0028E9D041F6E341392075
:10CC8000F4F778F94220E3E70C20E1E72DE9F843D7
:10CC90000F46B0F85A60B0F85C50804601F070FE64
:10CCA0000221044600F007FF02218146204600F0E1
:10CCB00002FF4E4528BF4E46B6B21B2E38BF1B267C
:10CCC000FB2E28BFFB26854228BF0546ADB21B2D93
:10CCD00038BF1B25FB2DB8F800303B8028BFFB2553
:10CCE000B4F5A47F38BF4FF4A47440F648039C42C7
:10CCF00028BF1C467E80FD80BC803C81BDE8F88357
:10CD00002DE9F04186B0054601A9008800F08AFEB1
:10CD1000044600286FD1029A92F84631D91E4B4240
:10CD20004B418DF80230936F98064ABF9DF8023050
:10CD3000234683F001038DF8033092F8D8309B0628
:10CD400003D49DF80330002B5BD0EB881B3B9BB2D8
:10CD5000E02B58D82989A1F5A4739BB244F248105E
:10CD6000834250D86B881B3B9BB2E02B4BD8AA88E0
:10CD7000A2F5A4739BB2834245D840F64807B94256
:10CD800043D8BA4241D8029E4FF0FF0886F81B8173
:10CD90009DF802309BBB03A93046FFF777FF6A88F6
:10CDA000BDF81230BDF81410E888934228BF13462E
:10CDB000A6F82031BDF80E30AA88B94228BF3946FE
:10CDC000834228BF0346A6F81C31BDF810302889DD
:10CDD000BB4228BF3B46834228BF03468A42A6F88F
:10CDE0001E31134628BF0B46A6F8223186F81A8159
:10CDF000002386F81B31204606B0BDE8F0813A24B6
:10CE0000F6E71A24F7E71224F5E71124F3E710B543
:10CE1000FFF7F4FE60B1F5F77DFC044602F000F880
:10CE200040B9204601F0F8FF80F00100C0B210BD0B
:10CE30000120FCE70020FAE72DE9F04385B0064623
:10CE40008846008802A900F0EDFD054640BB039C22
:10CE500094F8593103F0FF051BB1B8F1020518BF72
:10CE6000012594F88730222B94F8D93043EAD30374
:10CE70000CBF85F001094FF00009DB0702D4B9F1BE
:10CE8000000F3BD0B77817B9F6F702F80746F078ED
:10CE9000B0BBF5F7FDFF3FB9B9F1000F29D1092566
:10CEA000284605B0BDE8F0830028F5D0FF2384F8BC
:10CEB00025310DBB94F8243103F0FF05E3B984F864
:10CEC000270184F8248184F82671B3788DF8043022
:10CED000F3788DF805303379727901A943EA02239A
:10CEE0002046ADF8063000F008FE002384F8253116
:10CEF000D6E700200746D9E73A25F6E71A25CFE717
:10CF0000002FD3D1C8E708B5F5F79EFF002008BD74
:10CF100010B50378012B044601D9122010BDFFF78C
:10CF20006DFE58B9207810F0FD000DD104F1170303
:10CF3000E21D611CBDE81040F6F700BBF6F790FB60
:10CF40000028EFD00C20E9E7A37903F0C003C02B41
:10CF5000E3D10120EAE710B50378012B04460DD890
:10CF6000FFF74CFE60B9214611F8010B00F0FD00FF
:10CF7000003818BF012000F032FD38B9122010BD72
:10CF8000F6F76EFB0028EED00C20F8E70020F6E75D
:10CF900008B50088F6F76AFB00280CBF3020002097
:10CFA00008BD38B50546FFF729FE044638B928788C
:10CFB000003818BF0120F6F74DFB204638BD0C2085
:10CFC000FCE708B5FFF71AFE18B9F6F733FB0020A7
:10CFD00008BDF6F745FB0028F7D00C20F8E708233A
:10CFE0000370002070471022027041F26A03C27081
:10CFF0005922A0F801308280C3800020704708B514
:10D000000821F4F7FDF8002008BD73B506460D466B
:10D010000088694600F006FD044688B9B3785BB91C
:10D02000019B93F97000A87033882B80F6F7AEFC53
:10D03000A870204602B070BD7F20FFF7F4FDF2E734
:10D040000224F6E710B504466FF07F00FFF7EBFD12
:10D05000F6F79CFC20707F20FFF7E5FDF6F796FCC5
:10D060006070002010BD10B50446F5F753FB01F0C9
:10D07000D0FEF6F78BFC2070002010BD08B50A46E4
:10D08000072300F11001FEF75FFD002008BD10B579
:10D09000014604460020F6F7C1F808B92060A080D8
:10D0A000002010BD10B50446F5F7C8FE28B90020D1
:10D0B0002146F6F79BF8002010BDFFF7A8FE0028D8
:10D0C000F5D10C20F8E710B50446FFF7A0FE28B113
:10D0D00001202146F6F78AF8002010BD0C20FCE75D
:10D0E000F7B50C4605466946008800F09BFCA21C7B
:10D0F000034690B9019901F18F0781F8C330386870
:10D100001060387910712888208091F8C36006F08B
:10D11000FF00002EF1D103B0F0BD0023C4F80230AF
:10D120000220137123706370F5E7FFF7E9BD1FB5A7
:10D13000838844F29022934217D840F648029342E3
:10D1400028BF13460288ADF804204088ADF80600D9
:10D15000ADF80A000A8001A8ADF80830ADF80C302F
:10D16000FFF7CEFD05B05DF804FB1220FAE737B5F6
:10D170000D46694600F056FC044618B90198294648
:10D18000FFF784FD204603B030BD10B503466FF0B5
:10D1900004040020482108221C7058709970DA702D
:10D1A0001C7158719971DA7110BD10B50446FFF702
:10D1B00025FD78B92146E27911F8010B00F0FD0058
:10D1C000003818BF0120F6F715FB80F00100400081
:10D1D000C0B210BDF6F744FA0028EBD00C20F8E7F7
:10D1E00037B505460C460088694600F01BFCD8B9E7
:10D1F000019B83F86A0093F86820012A06D0022A6E
:10D2000004D04FF461710620F3F7B4FEA27093F8D6
:10D210006920012A01D0022AF3D1E27093F86A2032
:10D22000002AE6D12B88238003B030BD10B5838857
:10D23000022B044610D8C078FFF7D3FC08B91120A0
:10D2400010BDA078FFF7CDFC0028F8D020460121C2
:10D25000BDE81040FFF7F0BD1220F1E737B5837845
:10D26000C178027903F0010451EA040503F00203D6
:10D270001DD052EA03051AD0002C18BF0021002B44
:10D2800018BF00228DF80320037842788DF8021031
:10D2900043EA0223ADF8003043798279684643EAD5
:10D2A0000223ADF80430FFF7C1FF03B030BD1120F9
:10D2B000FBE708B5F4F7B0FE002008BD13B50C4637
:10D2C000694600F0AFFB20B9019BB3F88030013311
:10D2D000238002B010BD07B50088694600F0A2FBAC
:10D2E00038B99DF80020019B012A05D093F82B2125
:10D2F0006AB103B05DF804FB93F8DC21D2B293F875
:10D30000A81011B912F0FB0FF0D10220F1E7FF22B3
:10D3100083F82B21EDE710B50446F5F7B3FD206047
:10D320006160002010BD2DE9F34105464778007883
:10D330000121F4F7DDF9044600285ED001F059FD23
:10D34000EE78864228BF0646042FB6B22FD1002EB3
:10D3500039D1204601F072FD6B78032B37D107F0ED
:10D36000FD08B8F1010F44D1204601F067FD002807
:10D370003CD1012F08BF4FF00208216B424668469E
:10D38000F4F7F0FA6A68206B33460121FFF710FBCF
:10D39000002834D06B78023B012B2CD8206BFFF790
:10D3A000A9FB01210246206BFFF733FB23E0206B32
:10D3B000FFF7A0FB304480B21F2804D8FB1E012BCE
:10D3C000C7D9002EC5D1122002B0BDE8F0810028D7
:10D3D000F9D1042BC3D1204601F0C8FB0028F2D0BC
:10D3E000206BFFF79DFB0028B9D1ECE74FF0000858
:10D3F000C3E7042FC6D10020E6E74220E4E7072078
:10D40000E2E72DE9F3410746457890F8038000787C
:10D410000121F4F76DF9044600283CD001F000FD2D
:10D420000028206B08BF4FF00008FFF76EFB00EBF1
:10D430000806B6B21F2E30D8042D2ED0032D0CD1E5
:10D44000204601F0FBFC20BB012D14BF0522062263
:10D45000216B6846F4F786FA08E0B8F1000F1CD09B
:10D46000204601F083FBD0B9012DE9D07A68206B0A
:10D4700043460021FFF79CFA98B1023D012D04D8E4
:10D48000206B32460021FFF7C4FA002002B0BDE84D
:10D49000F0810422DCE74220F8E71220F6E70C20B6
:10D4A000F4E70720F2E713B50446F5F733F94FF434
:10D4B0004073ADF8003000238DF80230684614F850
:10D4C000013B8DF803300194FFF79BFF02B010BDC4
:10D4D00038B5012105460078F4F70AF90446A0B1F1
:10D4E00001F044FB28B92046691C01F0D4FB002060
:10D4F00038BD204601F094FC08B10C20F8E7204626
:10D5000001F08AFC0028EED0F7E74220F0E713B5DF
:10D510000446F5F7FFF814F8013B8DF803304FF49B
:10D520004073ADF80030684600238DF80230019456
:10D53000FFF7F9FE02B010BD73B50546F5F7EAF83E
:10D540002B78044663B100230DF1010101208DF811
:10D550000030F5F763FE18B16846FFF7B9FF88B9E8
:10D56000002620468DF8006001F05EFC2B788DF8D7
:10D570000360C001012BADF8010005D169462046CA
:10D58000F5F768F902B070BD2BB9204602B0BDE8CE
:10D590007040FFF753BB1220F4E710B5002104469A
:10D5A0000088F4F7A5F820B1A11CBDE8104001F0F7
:10D5B00007BE022010BD08B500880021F4F798F8D6
:10D5C00020B1BDE80840002101F0FABD022008BDED
:10D5D00037B505460C460088694600F023FA28B99D
:10D5E0002B882380019BB3F8B430638003B030BD37
:10D5F00037B503880B80044698B2638813B91220AC
:10D6000003B030BD694600F00DFA0028F8D16588F6
:10D61000019B42F21072A9B29C695143DA8D6243B8
:10D620001C8C04FB02229142E9D39A699C699442C2
:10D63000FBD10022C3F8AC20621E0A44A3F8B45008
:10D64000B2FBF4F2C3F8B020DAE710B50C460021C3
:10D65000F4F74EF890B1022C12D804F00102C4F392
:10D66000400480F8AD2180F8AC4112B190F8AA31A5
:10D670000BB9002010BD01F093F9FAE70220F9E799
:10D680001220F7E710B504460078FF280AD00121E0
:10D69000F4F72EF858B16378A27843EA0223C384E2
:10D6A000002010BDB4F80100F7F77CFEF8E7422037
:10D6B000F7E708B50078003818BF0120F7F73EFDFE
:10D6C000002008BD10B50446F5F724F86178C1F3D1
:10D6D000400201F0010101F0C7FB002010BD06204F
:10D6E000F5F7C4BB0820F5F7C1BB01F093BD1220CC
:10D6F000704710B5044604B910BD236898476468A4
:10D70000F9E703680BB9016070471A465B6813B10B
:10D710008A42FAD170478A4218BF5160704708B5F3
:10D720000020FFF712F9F4F7A7F8F5F7E1FCF4F79A
:10D7300027FB20B140F221119320F3F71BFC08BD19
:10D7400008B5F7F7A3FCF8F70FFA20B140F2411142
:10D750009320F3F70FFCBDE808400120FFF7F5B870
:10D7600008B5FFF7EDFF01F013FD20B14FF4AB71E9
:10D770009320F3F7FFFB08BDFDF784BC0B46122294
:10D7800003F8032BD0F80920C1F80320427B1A715B
:10D79000704737B504460D46F6F7BCF918B36FF479
:10D7A000A873E01802210388ADF8003034F8ED3C8E
:10D7B000ADF80230684634F8EB3CADF80430FFF7C2
:10D7C0003BFB18B14221AE20F3F7D4FBADF80000CB
:10D7D0009DF80030002063F307009DF8013063F3EB
:10D7E0000F2003B030BD18232B70D4F80930C5F8D2
:10D7F00003300423ADF80030EAE708B5436893F836
:10D8000086201AB18521AE20F3F7B4FB202283F8DD
:10D81000862008BD034610F0010007D19A0704D402
:10D82000C3F380039B00D8B27047022070472DE9F4
:10D83000F84F0746104692461D46FFF7EBFF83461A
:10D840000846FFF7E7FF4BEA0006F6B2003E0A9CE7
:10D850008846814618BF0126F5F71AFB10EA0A0A26
:10D8600018BFDA46F5F714FB97F8683010EA08019C
:10D8700018BF4946534508BF4FF0000A84F800A07E
:10D8800097F869308B4208BF002161705AEA0101A4
:10D890000BD1B7F88030013DED1AADB247F6FD73FC
:10D8A0009D428CBF002606F001063046BDE8F88F89
:10D8B00070B5446894F88750A5F12003062B0646FE
:10D8C0004DD92E2D4BD0002D47D194F88630252BE5
:10D8D00045D00B7913F0070335D04A7912F00702CF
:10D8E00031D084F8612084F8603094F8253113BB7E
:10D8F00094F82431012B1ED094F8693094F86020FC
:10D90000D91E012998BF04239A4222D194F8683085
:10D91000DA1E012A94F8612098BF04239A4218D194
:10D920000223B4F8642084F82431B4F86630A4F8F3
:10D930002621A4F82831222384F88730304600F0CD
:10D9400013FC284670BD3046C978BDE8704000F031
:10D950003DBC3046F5F7E6FAEDE70125F1E7202575
:10D96000EFE708B5436893F88720222A05D022B153
:10D9700040F2EA31AE20F3F7FDFA232283F8872044
:10D9800008BDF5F7B5BB704730B542401C78087844
:10D990005D7860404C786C4020449D788C786C4079
:10D9A0002044DD78CC786C4020441D790C795B797B
:10D9B00049796C4020444B4018441044B0FA80F040
:10D9C000400930BD024600200139C9B2FF2900D10B
:10D9D0007047535C83F001030344D8B2F4E708B501
:10D9E000F5F742FC082807D0F5F760FC082803D0BB
:10D9F000F5F772FC012008BD0020FCE708B5F5F73B
:10DA000033FC082803D0BDE80840F5F74FBC08BD3B
:10DA100008B501F00CFC18B1BDE80840F9F78CBA64
:10DA2000082008BD10B50C460021F3F761FE6060C8
:10DA300018B101232370002010BD0220FCE701442F
:10DA40000023884203D1B3FA83F04009704710F8ED
:10DA5000012B1343F5E7F8B5D0E9047605460C46EB
:10DA6000FCF768F820B940F207112920F3F782FA91
:10DA7000ECB1D5E90423D21B63EB0603012A73F151
:10DA800000014FF0000114DB6FF00100904299415A
:10DA900002DA40F21111E8E7631E1344B3FBF4F31A
:10DAA0005C43E41946F10006C5E904461C462046DD
:10DAB000F8BD0C46FBE7CB1E012B10D803290CBF89
:10DAC00096234FF4167303F5BC730CBF102240224B
:10DAD000984210D9C01A90FBF2F080B27047022928
:10DAE00004D13C2807D980100F38F6E7702802D9F6
:10DAF000C0100E38F1E70020704738B50D460446D7
:10DB0000F5F7C6F92B78002B08BF034684F864307C
:10DB10006B78002B08BF034684F865306B88A4F847
:10DB2000663038BD012908B5034606D002290CD05D
:10DB300040F289112920F3F71DFA40F6C41040F293
:10DB4000E242002B08BF104608BD40F6C410FBE7B8
:10DB500007B5002301A80193FAF7D0FA019810F055
:10DB6000030018BF012003B05DF804FBC2B292FAB3
:10DB7000A2F2030A93FAA3F31B0E100E40EA03204D
:10DB8000704770B50131C9B20530002210F8013F6D
:10DB90008B4216D310F8054C0023012505FA03F635
:10DBA00026421CBF01F1FF31C9B269B10133082B14
:10DBB000F4D10132D2B2052AE8D199214620F3F7F7
:10DBC000D9F9C91AC9B2F4E703EBC200C0B270BDFB
:10DBD0000B6870B5C0F801300B7903F01F03437177
:10DBE00000230446C3720546461D15F8010F00F0D8
:10DBF000A1FA6871E37AB5421844E072F5D170BDBC
:10DC000070B581EA11418CB20546C17A032682EAD9
:10DC10000400FFF7ABFF013E00EB0010221816F0E6
:10DC2000FF0690B2F5D144402522B4FBF2F302FB8B
:10DC30001343C3F3C4022A44D8B2567803F007034F
:10DC4000012202FA03F31E4207D161432846C1F3C1
:10DC50000741BDE87040FFF794BF70BDF8B590F87C
:10DC600021506B1E242B044654D80AB90020F8BD5D
:10DC7000807D18B1012844D01F20F8E794F82330A4
:10DC800094F8221002FB01322523B2FBF3F103FBCF
:10DC90001123DBB204EBD30284F82330D17D03F0EF
:10DCA00007060122B240114202D084F82430DDE799
:10DCB000B3FBF5F205FB1233013303F0FF0304F16C
:10DCC0001B0111F8012F934218D811F8055C0022AE
:10DCD000012606FA02F72F4208D0013B13F0FF039A
:10DCE00004D102EBC00284F82420BFE70132082AE5
:10DCF000EFD10130C0B20528E3D1BDE79B1ADBB2FA
:10DD0000F7E72289C96904F11600FFF779FF84F863
:10DD10002400ABE71220AAE70378890123F040032F
:10DD200001F040010B4303707047037803F07F0359
:10DD300043EAC113037070471F2A38B505461446DD
:10DD400003D9B7212A20F3F715F909300634FEF775
:10DD5000DDF86C7038BD1F2A38B50546144603D966
:10DD6000D9212A20F3F706F909300634FEF7CEF858
:10DD70006C7038BD037803F00F03032B02463ED0CE
:10DD8000052B42D1C37F90F82000034392F8210075
:10DD9000034392F82200034392F8230000F01F008F
:10DDA000184333D05378222B2FD1B2F81930B1B1A8
:10DDB000B3F5506F13D940F607518B4225D8B2F80E
:10DDC0001B30B3F5FA7F20D2B2F81D000A3880B2BA
:10DDD00040F6764398428CBF002001207047991F7F
:10DDE00089B240F67A4081420FD8917D481E0728BB
:10DDF0000BD8994209D2B2F817109942DEE7407861
:10DE0000A0F10C0358425841704700207047037836
:10DE100001F0030123F003030B4303707047007804
:10DE2000C0F3800070470078C0F3C00070470078EE
:10DE3000C0F3001070471B2A08B504D940F24D41C9
:10DE40002A20F3F797F84270BDE808400330FEF748
:10DE50005DB8B0F80730B1B1B3F5506F13D940F6E3
:10DE6000075293421FD8B0F80930B3F5FA7F1AD29F
:10DE7000B0F80B000A3880B240F6764398428CBF67
:10DE80000020012070479A1F92B240F67A418A42E0
:10DE900009D80279511E072905D89A4203D2B0F851
:10DEA00005209A42DEE700207047406890F8AA31CA
:10DEB00023B1002380F8AA3100F072BD704708B585
:10DEC000017A19B101290AD0002008BD0368C2886F
:10DED00002218088F5F7D4FD20B10120F5E7036821
:10DEE000C288F6E7F5F7BAFFF7E702230B700123C4
:10DEF0008B707047F5F736BF10B521B94FF410712C
:10DF00001020F3F737F84A600B72EFF3108472B603
:10DF1000031D0B6042681AB1127A012A08BF036020
:10DF200003681960016004B962B6BDE81040F5F7F6
:10DF300063BF0222F5F780BF0322F5F77DBF0422FD
:10DF4000F5F77ABF0222F5F7BBBF11230B706FF410
:10DF50009A7318440388A1F80330838FA1F8053021
:10DF6000B0F84030A1F80730C38FA1F80930B0F8FD
:10DF70004230A1F80B307047012908B503D10E30AB
:10DF8000C00080B208BD022902D10F308000F8E73E
:10DF90004FF42E710620F2F7EDFF30B587B004463E
:10DFA0000D46F5F7BFFD90B3A4F59F74694624882C
:10DFB0002046FFF7DCF820B14FF484712C20F2F7F3
:10DFC000D9FFBDF80630ADF80E30BDF80830ADF819
:10DFD0001030BDF80230ADF8123003A8BDF804309F
:10DFE000ADF80C40ADF81430FFF79FF810B140F2D7
:10DFF0001111E3E7ADF80C009DF80C30002063F33D
:10E0000007009DF80D3063F30F2007B030BD2B469D
:10E01000172203F8032BD4F80920C5F80320D4F8FD
:10E020000D205A60B4F811201A810423ADF80C3089
:10E03000E2E740687047C08A704710B58A880B894C
:10E04000CC884988A0F85010A0F85440A0F852207D
:10E05000A0F8563010BD8383BDF8003001834283A1
:10E06000C383704738B5C58B438C04469D42007A04
:10E0700028BF1D46FFF780FF6389AB4228BF2B46B0
:10E08000984238BF184680B238BD2DE9F0410646A7
:10E090000F468089194698461446FFF76DFF4146A2
:10E0A00005463046FFF7DEFF854228BF05469DF84E
:10E0B0001810B08AFFF760FFF38A834228BF034637
:10E0C000ADB2A01D15FA83F338441844BDE8F081C1
:10E0D00007B590F86930009390F8683000229621D7
:10E0E0003030FFF7D2FF03B05DF804FB38B50D46C2
:10E0F00019461446FFF7ECFF96342044A84294BF1B
:10E10000281A002038BD38B50D4611460446FFF7E1
:10E11000DFFF2844606338BD8369006B984228BFE5
:10E12000184601F19C0383423DBF401A9C384008C9
:10E130000020704700F05503400800F055000344EC
:10E1400003F033009B0803F03303034403F00F0094
:10E1500000EB131070474368002283F8862083F891
:10E16000C220A3F8BE20704743680022A3F8C42051
:10E1700093F8C620013283F8C620704708B542687C
:10E1800092F8C630013B5BB2002B82F8C63003DA4E
:10E1900052214A20F2F7EEFE08BD436883F80B11C6
:10E1A00083F80A217047A0F10A03042B0CD9A0F1CF
:10E1B0004303012B08D9A0F120032E2818BF062BFA
:10E1C00094BF012000207047012070474268936F80
:10E1D00010B513F0080408D143F00803936782F8E0
:10E1E0000811FFF7C1FF204610BD0120FCE730F801
:10E1F000023CF7B530F8A07C05460E4673B101220B
:10E2000068468DF80020ADF80170ADF80330F4F7E2
:10E210009BFB18B195216320F2F7ACFE0823002484
:10E220003370B470A6F803706B7A55F88C0C737168
:10E23000FEF770FA08B9BA21EDE73846F4F764FF43
:10E2400021463846F3F76AFA4FF4017303F00402EB
:10E25000204662F307001B0A63F30F2003B0F0BDF2
:10E26000436893F88820063A012A81BF0A7983F827
:10E270008920062283F8882000207047426892F89F
:10E280008830063B012B84BF072382F88830704713
:10E2900070B5426892F88750F5B9B1F80930B2F814
:10E2A0008060A2F83C32013B9B1B9BB247F6FD7697
:10E2B000B34206D9282382F8A930F6F72DF828466C
:10E2C00070BD4B68C2F83E320B7A82F84232436826
:10E2D0000A2283F88720F2E70125F0E70B460622A1
:10E2E00003F8032BD0F80920C1F80320D0F80D2043
:10E2F0005A60427C1A720023CB70704770B5436835
:10E3000093F8875006460C46002D42D129462046F8
:10E31000FFF79FFD28B9E1783046BDE87040FFF770
:10E3200055BF7268B4F80D30B2F88010A2F83C32D4
:10E33000013B5B1A9BB247F6FD718B4207D928233C
:10E3400082F8A9303046F5F7E7FF284670BDB4F8EB
:10E35000073040F2E2414B43C2F844322379C3EB29
:10E36000431003EB800303EB83035B00A2F83E3210
:10E37000B4F805304B43C2F84032B4F80930A2F883
:10E380004832B4F80B30A2F84A320D2382F88730B5
:10E39000DBE70125D9E708B5436893F886201AB171
:10E3A0002621A320F2F7E6FD1D2283F8862008BD72
:10E3B00073B5456895F886301D3B022B06460C4622
:10E3C00023D809891A2919D96389B3F5A47F15D3EC
:10E3D000A2881A2A12D9E088B0F5A47F0ED3009043
:10E3E00005F13000FFF737FE7168284601F235115C
:10E3F000F5F788FD70680621F6F7B4FE002085F871
:10E40000C20085F8860002B070BD0120FBE74268BB
:10E41000936FD90610B5044603D4B021A320F2F7B8
:10E42000A9FD990601D5B121F8E723F01003936700
:10E43000FFF7A4FE60680621BDE81040F6F792BE23
:10E4400009230B70D0F80930C1F8023070470B4631
:10E450000A2203F8022BB0F809204A80C27A9A7087
:10E46000704738B5436893F88740054634B1113C8E
:10E470000B2C8CBF01240824204638BD93F88C3027
:10E48000002BF9D0FFF770FE6B68112283F887200C
:10E49000F2E708B5436893F88720152A04D04FF4B3
:10E4A000BD711F20F2F766FD012283F8C7201622F6
:10E4B00083F8872008BD436893F88720122A03BF9A
:10E4C0001322002083F887200220704710B543688C
:10E4D00093F88730182B044607D1FFF74FFE636887
:10E4E0001C2283F88720002010BD0220FCE708B51D
:10E4F000436893F88720112A04D040F2A3111F200B
:10E50000F2F738FD012283F8C720122283F8872012
:10E5100008BD08B5436893F88720162A04D040F256
:10E52000AB111F20F2F726FD182283F8872008BDC3
:10E530000B46052203F8032BD0F80920C1F803206D
:10E54000D0F80D205A60B0F811201A81C27C9A725E
:10E55000704708B5436893F886201AB1DD211C2066
:10E56000F2F708FD042283F8862008BD426808B54A
:10E57000936FD90703D4EB211C20F2F7FBFC23F0A7
:10E5800001039367BDE80840FFF7F8BD0C23A0F531
:10E5900096700B7003884B807047436893F8862011
:10E5A0000F2A01BF002283F8B62083F8C22083F827
:10E5B00086200020704738B54568AB6F13F004041F
:10E5C00007D1FFF7D1FDAB6F43F00403AB672046E3
:10E5D00038BD0120FCE74268936F23F00403936782
:10E5E000FFF7CCBD08B5436893F886201AB17021B7
:10E5F0004B20F2F7BFFC0F2283F8862008BD10B530
:10E60000D0E90D42A24206D30B8CC98D05334B4392
:10E61000121B934202D3012380F83E3010BD012328
:10E620000B7000238B7030F8CA3CA1F80330437A9A
:10E630004B714389CB8083890B81704710B5446847
:10E6400094F8C9309A070ED494F886301BB174211F
:10E650004020F2F78FFC012284F8862084F8C22043
:10E66000A4F8BE3010BDA36F9B0705D5FFF786FD4C
:10E67000A36F23F00203A367002384F82A31F1E794
:10E6800010B50B794C790A68012843EA042108BFC8
:10E6900041F48031104610BD07B5FFF7F1FF0DF1D1
:10E6A0000702F6F755F803B05DF804FB08B5FFF76D
:10E6B0004FFA002814BF1420002008BD10B5F9F748
:10E6C00069FC0446FFF7F2FF04F55F43D0304FF4D6
:10E6D0007A724133B3FBF2F3184410BD10B504460F
:10E6E00090F86900FFF7EAFF012201462046BDE8E5
:10E6F0001040FFF708BD7FB5044618B9AA213020A5
:10E70000F2F738FC072900F2D780DFE801F004C9EE
:10E7100033332ED5C1D390F8F431B0F88020DBB17B
:10E72000B0F8F231934208BFB0F8A4319A1AA0F8B9
:10E73000A621A4F88030D4E982232046C4E98423AA
:10E74000F8F764FA94F8AB31002B00F09F8004B026
:10E75000BDE8704000F025BDB0F8F0319B1AA0F87C
:10E76000A631B0F8F0319BB2E3E704B0BDE87040E9
:10E77000F9F7D0BAFBF75AF8D4E98423801A61EB91
:10E780000301012871F1000302DA40F23C61B6E7AF
:10E790006FF0010383424FF000038B4102DA40F235
:10E7A0003D61ACE7A3690BB1B0FBF3F394F88710BC
:10E7B000B4F8F2210D2932D10132A4F8F221B4F8D3
:10E7C0002A32B4F880500133A4F82A32B4F8BA30AF
:10E7D0001D44B4F8B830013DED1AADB202AEB4F844
:10E7E000F2116B1A180435D4002300961A462046FD
:10E7F000F6F756F8012849D1B4F8F221B4F8A0117F
:10E80000BDF808301344521A12049BB204D5EA1A18
:10E8100012F4004F18BF0B46A4F8F231DFE7B4F84A
:10E8200080100B449BB2D11A0D044DBF013301324D
:10E8300093B29BB2A4F8F23194F8F531002BBED11B
:10E84000B4F8A431B4F8F221934204BF0133A4F820
:10E85000F231B4E794F88A300394002B14BF0823F4
:10E860003E2384F8A930304601238DF80830F5F7AF
:10E8700053FD204600F097FC002384F8DC3194F827
:10E88000F701FAF7EDFF202384F8F73104B070BDEB
:10E890000120FBF797FA04B0BDE87040FEF79FB97E
:10E8A00090F8DC31042B01D0D02128E7002380F838
:10E8B000DC31EBE7D62122E7DA2120E713B500238C
:10E8C00080F8DC31A0F828321A4600931946044635
:10E8D000F5F7E6FF20B140F21D213020F2F74AFBA8
:10E8E000012384F8DC31C4F8D801C4F8D001A4F8BD
:10E8F000F201A4F8F00184F8F501B4F88030A4F82E
:10E900002A02013BA4F8803002B010BDD0F8CC0040
:10E91000704710B5044690F81031EBB1FF2380F832
:10E920001831012100F09DFA94F81031A3B194F848
:10E93000C800FBF7D5F894F8C800FBF70BFA94F879
:10E94000C800FAF78DFF20B940F209213020F2F714
:10E9500011FB002384F81031002010BD08B590F899
:10E96000182142B990F8D02042B1D0E9353199420E
:10E9700002D9F7F769FA0022104608BD0122FBE729
:10E9800010B50446FFF792FE00F2DB112046FFF7B8
:10E99000C3FB40F64803984228BF184680B210BD1A
:10E9A0007FB5044690F8AB3103F0FF05002B5AD138
:10E9B00090F8DC31032B56D1FAF738FFD4E98423E1
:10E9C000801A61EB0301012871F100034BDB6FF04A
:10E9D0000103834275EB010104DA40F2E551302076
:10E9E000F2F7C8FAA269B4F880300AB1B0FBF2F2CB
:10E9F000013313449BB2A4F8F031B4F8F021B4F819
:10EA0000A4319B1A1BB2002B2DDD94F8F701FBF704
:10EA100067F840B3FF2384F8F531B4F8BA30B4F89E
:10EA200080501D44B4F8B830013DED1AADB20DF17F
:10EA30000E06B4F8F031EB1A1B0414D4B4F8F0113C
:10EA400000960023012289B22046F5F729FF01280C
:10EA500009D1B4F8F031BDF80E2012FA83F39BB25D
:10EA6000A4F8F031E5E704B070BD70B5044621B1FB
:10EA7000012977D040F6280171E000F009F994F8F7
:10EA8000113105460E46DBB150EA010318D0D4E936
:10EA90003832D4E94001C01A61EB020133462A46FC
:10EAA000FDF7A0F905FB01F300FB0633A5FB00020F
:10EAB0001344D4E93821121843EB0103C4E9382385
:10EAC000E08C30B1F5F780FAE38CB0FBF3F202FB97
:10EAD0001300D4E93832ED1846EB02062D184FF03A
:10EAE000000346F100060222C4E93856C4E9405644
:10EAF00084F8F030A4F8F82084F8113194F8183133
:10EB000003F0FF01DBB9D4E942026FF000439A42FF
:10EB100008BFB0F1FF3F18D02046D4E9405600F0BE
:10EB2000ACF8D4E94232E5305B1B62EB06021B1AFB
:10EB300062F10002002A08DA2046F7F785F9F8F7B3
:10EB4000CBFFBDE87040FAF775BE94F8C80004F139
:10EB5000F001FAF731FF0028F1D14FF4EA613020DB
:10EB6000F2F708FA002380F8D030E8E790F81001B7
:10EB7000003818BF012070470B46142203F8032BFE
:10EB8000D0F80920C1F80320D0F80D205A60704752
:10EB900038B50B46102203F8032B0C4600F109028E
:10EBA000293052F8041B43F8041B8242F9D1127831
:10EBB0001A70A5880123A37100212846F2F798FD59
:10EBC00070B1E37863B10088F4F79EFA002128461B
:10EBD000F2F7A4FD20B140F22B212D20F2F7CAF963
:10EBE00038BD0121F6F7C0BEFFF7FBBF90F87A30C1
:10EBF0000BB10120704790F8B22002F0FF03002A09
:10EC0000F7D190F8A4201846704737B504460D4652
:10EC10004FF490720021FDF739F9FF23237013237D
:10EC2000638042F21073E384F2F76EFE0022014625
:10EC300020636846F2F796FE206B00220121FDF763
:10EC4000E8FE216B68460422F2F78CFE0022206B5E
:10EC50001146FDF7DEFE04F12800A57403B0BDE8FF
:10EC6000304000F03AB9FF23086B0B70FDF79DBEF2
:10EC70000078FF3818BF0120704710B504462830CF
:10EC800000F081F961882822F7F710F96D3010BD86
:10EC9000D0E9020170470B68C0F815308B88A0F8E6
:10ECA00019300123C37670472DE9F04F06460C4614
:10ECB00007460FCE91B006AD0FC50FCE0FC596E833
:10ECC00003000DF1100885E80300404600F005F947
:10ECD000667894F8149094F80AA094F800B006F0BE
:10ECE0007F05B9F1010F2E4607D0B9F1020F04D00C
:10ECF00040F29A310620F2F73DF9617A404600F081
:10ED0000F3F8237D227F022B08BF617D02F101020F
:10ED100006BF0131C9B20121D2B2404600F0E6F887
:10ED200015F0080362D14046019300F02CF9282227
:10ED30003146F7F7BBF8E578019B00F2D72220793E
:10ED400045EA0025607940F2712145EA00454D43CE
:10ED5000B2FBF1F24A43AA420AD9E079A57945EA21
:10ED60000025207A45EA00454D43954228BF1546C7
:10ED7000227E0393531E5A425A41A17C386B029162
:10ED80000192FDF7DFFE386BFDF7ECFE039B019A65
:10ED90000299ADF81A6008958DF828208DF82B108F
:10EDA0008DF82CA08DF818B08DF81C90099306AE44
:10EDB0000FCE3D460FC50FCE0FC596E8030085E880
:10EDC000030098E80300B862B985E37A03F0FD0315
:10EDD000003B18BF012387F85730E368BB65238ADF
:10EDE000A7F85C30002011B0BDE8F08F00252B465D
:10EDF000BEE7438813F0040F0CBF1F2000207047AC
:10EE00004FF40043C38543881D2B08BF0021417484
:10EE1000704790F912007047408800F00100704779
:10EE20008078C0F3400070478078C0F3C00070471E
:10EE300008B5006BFDF77DFE012008BD012070477D
:10EE40000120704790F8503001624B72D0F8513079
:10EE5000C1F80A30B0F85530CB8170477047F6F7EB
:10EE6000F1BA80F87010704780F8241080F82520DF
:10EE700070478278034612F0010002D0D978C907A2
:10EE800010D5900702D5D97889070AD512F0040069
:10EE900008D0D878C0F3800080F001008000C0B2B4
:10EEA000704702207047C0F34002C0F38003134450
:10EEB00000F0010018447047022808B507D0042864
:10EEC00007D0012807D039212E20F2F753F8262049
:10EED00008BD2720FCE72520FAE70023C0F8023010
:10EEE00001234370037070478170704710B5427002
:10EEF000017080781446FFF7D6FF10FB01F010FB7D
:10EF000004F2FE2A03DD5C212E20F2F733F810BD57
:10EF10000023C37043710371704710B50446FFF7B7
:10EF2000A8FF637962780133DBB29A4263710FD133
:10EF3000E378A1780343DBB29942E37008BF2379F9
:10EF40004FF0000208BF0133627104BFE270237109
:10EF5000BDE81040FFF7B0BF38B501468078FFF735
:10EF6000A2FF0446C8784D78FFF79DFF0A790B7819
:10EF70009B1A13FB05F34A7913FB04F39B1A00FB5E
:10EF80001530C0B238BD08B501468078FFF78BFF59
:10EF90004B780A7813FB02F313FB00F0C0B208BDF4
:10EFA00040F2EF20704740F25A335843704738B56B
:10EFB00053680E3814460D4693F8862009283FD82A
:10EFC000DFE800F0053E3E3E0F3E173E3E26042A97
:10EFD00005D12046FFF7BFF82046F5F7FBFA0020E1
:10EFE00038BD0F2AFBD120460021BDE83840FFF78D
:10EFF000D4BA1D2AF3D12046FFF7ADF8002DEED08C
:10F00000626892F8D83023F0200382F8D830E6E71F
:10F0100093F88720232AE2D1002583F887502046E1
:10F02000FFF7ACF8636893F82431012B03D129462C
:10F030002046F3F74FFF6368002283F82421CEE7D0
:10F0400040F256213120F1F795FF08B590F80E31C6
:10F05000FE2B04D040F6B3013120F1F78BFF0023E3
:10F0600080F80E1180F80F3112B9A0F8C42008BD45
:10F07000A0F8BE30012380F8C230F8E708B5436835
:10F0800093F88720162A04D040F252513120F1F72C
:10F0900071FF1A2283F8872008BD08B5436893F8EA
:10F0A0008720312A06D1002283F88720BDE8084056
:10F0B000FFF764B8162A03D11A2283F8872008BD07
:10F0C00040F267513120F1F755FF037D63B9C37BEF
:10F0D000A3F11002032A07D990F8500028B11C2B85
:10F0E0008CBF002001207047012070470246406815
:10F0F000097990F886301D2B14D00BD8042B13D02F
:10F100000F2B13D090F88730232B0CBF1720FE2035
:10F11000F7F7B0B8282B0BD02E2B01D0212BF1D133
:10F120001620F5E71420F3E70E20F1E71220EFE7B1
:10F130002320EDE7024640680B4690F8D81041F0D6
:10F14000040180F8D81059791879F7F793B838B5D1
:10F150000C460546D1E90401F2F77AFB94F8F70171
:10F1600020280FD0FAF7BCFC94F8F701FAF7F2FD6B
:10F1700094F8F701FAF774FB20B940F61D1131201D
:10F18000F1F7F8FE28460221BDE83840F2F7C6BA8A
:10F190000020704708B5F4F761FFBDE80840F5F7B7
:10F1A00021B9F2F71DBF0022A0F8862080F88A203E
:10F1B00090F8AB3113B10221F5F7D4BF0321FBE77F
:10F1C00038B50446084694F8303213B10C25284669
:10F1D00038BD94F88730153B012BF7D894F854329A
:10F1E00003F0FF05002BF1D191B194F8C63123B99A
:10F1F00040F699213120F1F7BDFE052304F1F0021C
:10F2000004F5DB71FCF7A0FC012384F83032DEE763
:10F210000223FAE7F4F796BF08B5F8F711FAF7F703
:10F22000C3FFF7F711FEBDE80840F7F799BE08B530
:10F23000C821F7F769FE022807D1013911F0FF0153
:10F24000F7D1EB213B20F1F795FE431E5842584180
:10F2500008BD4FF08053D3F8A00000F001007047C4
:10F260004FF08053D3F8A420D3F8A830511C9BB2A0
:10F2700003D14FF6FF718B4203D0026083800120DF
:10F280007047002070474FF0805330B5D3F890504E
:10F29000D3F89440D3F89810D3F89C2005EA0403DF
:10F2A0000B40134001331FBF056044608160C260A2
:10F2B0000CBF0020012030BD4FF0805330B5D3F893
:10F2C0008050D3F88440D3F88810D3F88C2005EA16
:10F2D00004030B40134001331FBF0560446081608D
:10F2E000C2600CBF0020012030BD10B5F8F7EAF96C
:10F2F0000446FAF74DFD201841F1000110BD10B58C
:10F3000004460846F8F746FE4FF47A73B0FBF3F074
:10F31000201A10BD10B504460846F8F73BFE023C23
:10F3200000F2E7334FF47A72B3FBF2F3E01A10BD48
:10F3300008B5FCF7BBFCBDE80840FBF7E1BA801A52
:10F3400000F3070038B540B20D4659B21446FBF73A
:10F35000C7FA002328706B70204440B238BD0023E8
:10F36000036070477047002070474FF0FF307047D0
:10F370004FF0FF30704770474FF0FF30704700206C
:10F380007047002070470023037070479DF80030DD
:10F390000022FFF7D4BF4FF0FF30704700207047C6
:10F3A0004FF0FF3070474FF0FF3070477047C0B2EA
:10F3B00008B520B94FF0804301221A6008BD5121E1
:10F3C000B520FCF773FA0020FBF7F2BA4FF0804348
:10F3D000D3F8080400F0010070474FF08043D3F8E1
:10F3E000140400F0010070474FF08043D3F81C0470
:10F3F00000F0030070474FF08042D2F81834D2F882
:10F400001824C3F3004302F00302824214BF002019
:10F4100003F0010070470020FBF744BB0020FBF71E
:10F420006FBB0020FBF7C4BA38B5054691F82B0036
:10F430000C46FAF715FA18B9F6216A20FCF736FAE5
:10F440000023238584F82A300921236A2846984717
:10F4500018B103780BB1FA21EFE738BD08B5426A5D
:10F46000034611441A785962012AA1F1500006D1CD
:10F47000FAF78AFB40B9DA216A20FCF717FAFAF7A3
:10F4800083FB08B9DF21F7E708BD70B5FCF784F905
:10F49000002405462646E0B2854200D870BDFCF740
:10F4A00081F90134068580F82A60F4E7F8B504464E
:10F4B0000D46FCF771F900270646F8B2864204D8DB
:10F4C000082D0CD96FF0150008E0FCF76BF990F8E7
:10F4D0002A300137002BF0D04FF0FF30F8BD2CB1AF
:10F4E00029462046BDE8F840FCF768B92146204689
:10F4F000F8E710B50446FCF755F9014688B190F8D5
:10F5000028308BB990F82A3073B1013B012B04D815
:10F510002046FFF789FF002010BD012380F8283026
:10F52000F9E76FF00100F7E76FF02200F4E770B53C
:10F530000D46FCF737F90446002848D090F82A60B9
:10F54000731E012B49D8002D44D02846FBF7FAFE44
:10F5500000283FD02B78FBB9012323702B79003B87
:10F5600018BF012363726B79002B14BF042302239D
:10F570002372AB686F336360EB682361032394F8F5
:10F580002B0084F82A302146FAF716FA40BB40F2E5
:10F59000E2216A20FCF78AF9022E1ED10023237093
:10F5A0002B79003B18BF012363726B79002B18BFC6
:10F5B00004262672EB68A9686F336360D4E90632CB
:10F5C0005B1842EBE172C4E904320423D7E76FF021
:10F5D000010070BD6FF01500FBE76FF02200F8E747
:10F5E0000020F6E7F8B5037904461BB11B219D20E6
:10F5F000FCF75CF94679017126B901234371217941
:10F6000009B96171F8BD276826712046B8470228FC
:10F610000546F4D103212046B84708B12F21E6E77B
:10F6200023682946204698470028E8D03021DEE7A5
:10F6300003460068884204D109B10A681A60084686
:10F64000704728B97047884202D10A681A60F6E705
:10F65000034600680028F6D1704703460020187062
:10F660007047EFF3108272B603780121DBB20170AC
:10F6700002B962B6012B0CBF6FF022000020704768
:10F68000EFF3108372B60022027003B962B6002055
:10F690007047FCF7E5BAFCF72DBBFCF72BBB002845
:10F6A0000CBF6FF015000020704700207047072343
:10F6B000037000207047002070470020704710F84A
:10F6C000012B11F8013B012A28BF9A42F7D0D01A2A
:10F6D0007047034611F8012B03F8012B002AF9D1DA
:10F6E0007047034613F8012B002AFBD1181A013882
:10F6F00070472DE9F04786468C460846089E154619
:10F7000074461946002B40F0C2808542B2FA82F25C
:10F7100045D94AB1C2F1200300FA02FC2EFA03F3E4
:10F72000954043EA0C0C94404FEA154EA8B2BCFB3E
:10F73000FEF8230C0EFB18CC08FB00F943EA0C433F
:10F74000994528D9EB1808F1FF3704D2994502D919
:10F75000A8F102072B44A3EB0903A4B2B3FBFEFC00
:10F760000EFB1C330CFB00F044EA0344A04214D906
:10F770002C190CF1FF3304D2A04202D9ACF10203E0
:10F780002C44241A43EA07401EB1D44000233460BD
:10F790007360BDE8F0874746DDE76346F1E792BB5B
:10F7A000431B01214FEA154EAFB2B3FBFEFC200C08
:10F7B0000EFB1C330CFB07F840EA0343984562D963
:10F7C000EB180CF1FF3004D2984502D9ACF10200DD
:10F7D0002B44A3EB0803A4B2B3FBFEFC0EFB1C33CB
:10F7E0000CFB07F744EA0344A7424ED92C190CF14D
:10F7F000FF3304D2A74202D9ACF102032C44E41B2C
:10F8000043EA0040C0E7C2F1200320FA03F195402B
:10F8100090402EFA03F303434FEA154EAFB2B1FB0B
:10F82000FEFC0EFB1C10190C0CFB07F841EA004112
:10F83000884504FA02F422D969180CF1FF3004D289
:10F84000884502D9ACF102002944A1EB08019BB222
:10F85000B1FBFEFC0EFB1C110CFB07F743EA014356
:10F860009F420ED9EB180CF1FF3104D29F4202D90E
:10F87000ACF102012B44DB1B41EA004192E76046F8
:10F88000E3E76146F7E76046A3E76346B7E78342ED
:10F8900006D916B9002108467BE7C6E900E0F9E77A
:10F8A000B3FA83F78FB9834201D3724508D8BEEB10
:10F8B000020460EB030301209C461EB9002168E7A7
:10F8C0003846FAE7C6E9004CF8E7C7F1200CBB4020
:10F8D00022FA0CF41C432EFA0CF120FA0CF3B84077
:10F8E00001434FEA14490EFA07F5B3FBF9F81FFA82
:10F8F00084FE09FB18300B0C08FB0EFA43EA0043A8
:10F900009A4502FA07F240D9E31808F1FF3004D211
:10F910009A4502D9A8F102002344A3EB0A0389B255
:10F92000B3FBF9F809FB183308FB0EFE41EA03416B
:10F930008E452CD9611808F1FF3304D28E4502D9C7
:10F94000A8F10203214443EA0040A0FB0298A1EB86
:10F950000E014145CE46434602D306D14D4504D261
:10F96000B9EB020E68EB04030138002EA6D0B5EB0C
:10F970000E0261EB030101FA0CFC22FA07F34CEAD8
:10F980000303F940C6E9003198E74046C5E743461E
:10F99000D9E7000000000000F0B5002285B0114654
:10F9A00040F6034005F062FA0446002859D104F0FD
:10F9B000AFFF214603AA41F2030005F057FA0446BF
:10F9C00000284ED1039AB84DD168D1F80100D1F882
:10F9D000051005F1780303C3104603F051FF2146DB
:10F9E00003AA41F2010005F041FA0446002838D18B
:10F9F0000398C3685A7885F870205A88A5F8722051
:10FA00001A7985F87120B3F80720A5F87420B3F8A7
:10FA10000530A5F8763003F033FF214603AA41F202
:10FA2000020005F023FA0446D8B9039FFA6805F1ED
:10FA30008006531C413218685968344603C40833A1
:10FA400093422646F7D1384603F01AFF95F87C30EA
:10FA50005B0609D4954A9648012116F0ABFA6FF07F
:10FA60001204204605B0F0BD03AA002142F20300B3
:10FA700005F0FCF904460028F3D1039A8D4BD168B8
:10FA8000D1F80100D1F8051003C3104603F0F8FEC9
:10FA9000214603AA42F2020005F0E8F904460028D4
:10FAA000DFD1039EF468B4F801309AB292B1E278E3
:10FAB00082B1A5F80431E378032B06D0032200922B
:10FAC0007B487D4A022115F04BFEE2787B481146C7
:10FAD00019F017FF304603F0D3FE95F87C601F2322
:10FAE00016F02006A5F8203119D14FF0FF304FF065
:10FAF000FF3104F035FF0446002800F0C8800221E1
:10FB00000C3016F0BBF801230370467021463246D4
:10FB100040F66D4005F0AAF904460028A1D195F8F9
:10FB20009C301F0712D503AA002142F21C0005F0E9
:10FB30009DF90446002894D10398C368D3F80120A6
:10FB4000D3F80530C5E9382303F09AFE95F8D8308C
:10FB50009E0626D50DF10A0102A805F067FA0446B3
:10FB600000287FF47EAF4FF0FF304FF0FF3104F0FC
:10FB7000F7FE0646002800F08A8004210C3016F0BB
:10FB80007DF8BDF808300380BDF80A304380224676
:10FB9000314642F2240005F069F9044600287FF45A
:10FBA00060AF95F8D8305C0610D503AA002142F268
:10FBB0002A0005F05BF9044600287FF452AF039851
:10FBC000C3685B7885F8223103F05AFE4FF0FF30AE
:10FBD0004FF0FF3104F0C4FE0446002857D008213E
:10FBE0000C3016F04BF895F8D81011F0400F024683
:10FBF00040F2022308BF032388074CBF43F02C00C8
:10FC000043F00C0095F8D9308F0648BF40F0400013
:10FC100013F0090F18BF40F40060CE0748BF40F052
:10FC20001000002116F0EAF92146002242F20100FC
:10FC300005F01CF9044600287FF413AF95F87C30DA
:10FC4000B5F80411980625D4C9B903AA41F20500F4
:10FC500005F00CF9044600287FF403AFB5F8043131
:10FC6000039C4BB9E368B3F80120A5F804219A88F6
:10FC70001248114619F045FE204603F001FE4FF0F0
:10FC8000FF304FF0FF3104F06BFE0446D0B96FF047
:10FC90006804E6E60029F2D1094A0548012116F078
:10FCA00089F96FF00404DCE6E813002042DF02006B
:10FCB000F4B60200C014002066DF0200F014002039
:10FCC000ACDF020008210C3015F0D8FF95F8D830D1
:10FCD000D907024632D432484FF0005116F08EF95F
:10FCE0002146002240F6014005F0C0F804460028F5
:10FCF0007FF4B7AE014603AA4FF6014005F0B6F80F
:10FD00000446F8B1274A2848022116F053F916F0A4
:10FD1000A3FB044600287FF4A4AE07F04FFB044683
:10FD200000287FF49EAEEB79002B3FF49AAE0821B9
:10FD30001E4816F041F904F00BFF92E616A1D1E936
:10FD40000001CBE7039803F09BFD214603AA4FF681
:10FD5000024005F08BF8044608B1154AD3E7039832
:10FD6000C368B3F80130A5F8C13003F089FD95F8F8
:10FD7000C1305B07CBD503AA21464FF6034005F0FF
:10FD800075F808B10B4ABEE70398C3685B7885F83D
:10FD9000C03003F075FDBAE79088000200800020B3
:10FDA00010880002CFDF0200F4B60200BC1400206D
:10FDB000F3DF02001CE00200F0B585B00D461646E8
:10FDC0001F4903AA1F4615F093FD002835D0039C58
:10FDD000002C32D1B5F5A26F0BD01A481A4A009503
:10FDE0004FF4A263012115F0BBFC6FF0150005B0C4
:10FDF000F0BD16492A463846B0470028F7DB144DB7
:10FE000012482C702346512101FB03F2825C1AB187
:10FE10002A780132D2B22A700133102BF4D10D4A64
:10FE20000848022115F089FC2B78DBB205480A4A04
:10FE3000022115F08BFC0020D9E76FF00100D6E716
:10FE400070CA02009CB7020064C70200CD4E0020B9
:10FE5000DD5300209EC70200B7C7020008B51F4A45
:10FE60001F48022115F069FC00F0B6FA00F0ECFC26
:10FE70001C4815F073FD034620B11B4A18480121A8
:10FE800015F064FC15F02DFD034620B1174A144807
:10FE9000012115F05BFC164B1A78164BA2B9012212
:10FEA0001A70154A0E48022115F047FC134A0C48F7
:10FEB000022115F042FC00F0F3FA4FF0FF314FF051
:10FEC000FF3019F0FFFEF8E705221A700C4A0448CB
:10FED000022115F032FC00F0B7FAE7E7D7C70200BD
:10FEE0009CB7020058150020EAC7020017C802009C
:10FEF000DD530020E153002035C8020073C8020022
:10FF000050C80200024B06221A7000F0C9BA00BFA6
:10FF1000E15300202DE9F04F89B000AF15469B4614
:10FF2000B7F84820002B00F0D780002A40F0D78097
:10FF30006C4E3378052B0DD03378062B0AD06A48E7
:10FF40006A4A012114F091FA6FF002002437BD468D
:10FF5000BDE8F08FDFF8988198F800409CB9654AB9
:10FF60006148022114F081FA63484FF4A2622146ED
:10FF70001AF016FF614B1C70614B1C80012388F83E
:10FF800000300623337000235E48DFF874A14FF47D
:10FF9000803210F0C9FA05EB0B037B6015F8013BCA
:10FFA0003B2B40F08980BAF80030574A57495648F1
:10FFB0000026D65407F11C021AF060FF53497861FD
:10FFC00007F11C0230461AF059FF5049386107F119
:10FFD0001C0230461AF052FF4C49F86007F11C022F
:10FFE00030461AF04BFF7B69B860002B5ED03B694E
:10FFF000002B5BD0FB68002B58D0002856D03F4B1D
:020000040001F9
:1000000093F80090B9F10F0F50D8DFF8EC8009EBAE
:10001000C90404EBC404314608EB040051221AF071
:10002000BFFE512202FB09F2012308F80230E31857
:100030004344184679697B6127221AF0DBFE04F1FC
:1000400029003969172240441AF0D4FE04F1410016
:10005000F968072240441AF0CDFE04F14900B9685E
:10006000072240441AF0C6FE6C468AB06A467B6995
:10007000D361274940F201331384264BC2E90519A5
:1000800042F8103F184833464FF4125101F0C0FEB9
:100090001A4A13780133A54613700023AAF80030DA
:1000A0007B68AB427FF47AAF58464FE71A4A0E4856
:1000B000012114F0DAF9F0E70D2B03D8174A1A41A1
:1000C000D207EDD5BAF800207E2A9FBF511CAAF8AE
:1000D00000100D498B54E3E76FF00C0036E76FF02A
:1000E000060033E7E1530020F4B70200BFC8020066
:1000F00073590020F2C80200E2530020F258002099
:100100009C4E0020C02A0020F35800202FC9020076
:1001100031C902000400000144C90200FEDBFFFFF8
:1001200080B50C4A0C4B00AF88B0012908BF1346BC
:100130006A460A49C2E905134FF400739383084BDA
:1001400042F8103F074800234FF4E45101F060FEED
:10015000BD4680BD61C9020069C9020072C90200C2
:1001600003000001F4B70200B0B5154A154B00AF0B
:100170000C1E6D4688B008BF13466A461249C2E994
:1001800005134FF400739383104B42F8103F10484F
:1001900000234FF4E45101F03BFEAD465CB10D4B42
:1001A00001221A700C4B1A78042A02D01A78062AF7
:1001B00001D105221A7000F073F9BD46B0BD00BF31
:1001C0008BC9020087C902008EC90200030000012A
:1001D000F4B70200DF530020E153002030B50F4D8B
:1001E0000FCD89B003AC0FC42B68236001240C4BE6
:1001F0000C490094022203A805F0D4FD034630B157
:10020000094A0A48214615F0A1FA09B030BD084A4A
:100210000648032114F029F9F7E700BF00B90200EE
:1002200060BE020068BE0200ABC90200F4B7020063
:10023000D2C9020038B52A4B2A4900241C70512229
:10024000234602FB03F0085C08B10134E4B2013339
:10025000102BF6D104BB244A2448022114F005F9DE
:100260004FF4A26200211F481AF09AFD802200215B
:100270001F481AF095FD1F4A1C48002313801E4A90
:1002800013701E4B05221A7002211D4A14F0EDF85E
:10029000BDE8384000F004B91A4A14481A4D02214A
:1002A00014F0E3F80F4919484FF4A2621AF06AFDFE
:1002B000174B2C7000221A70144916484FF4A26292
:1002C00002F02EF9034628B1134A0121074815F020
:1002D0003DFAC5E72B78DBB2104A0221F6E700BFF2
:1002E00073590020E253002005CA0200F4B702004F
:1002F000F35800209C4E0020F2580020E1530020CB
:10030000B4CA020030CA0200DD530020CD4E0020E6
:10031000DE53002069CA020076CA02008BCA0200BE
:1003200010B50B4631B10C4A0C48BDE81040012114
:1003300015F00CBA0A4B094801221A700221094A29
:1003400014F093F8084B1B78042B03D1BDE8104040
:10035000FFF7D8BD10BD00BFD6CA0200F4B7020037
:10036000E0530020F5CA0200E1530020114A08B50D
:100370000B4600211170104A1048032115F0E6F9D0
:100380000F4B1B785BB10F490F480E2202F0C8F8E3
:10039000034648B10D4A0948012115F0D7F9BDE8D7
:1003A00008400B4810F01CB80A4A0448032114F016
:1003B0005CF8F4E7E053002008CB0200F4B7020039
:1003C000BE4E0020BF4E002031CB02003ECB0200CB
:1003D000904200205FCB020010B5002004F070FEB8
:1003E000034630B10F4A1048BDE81040012115F016
:1003F000ADB90E4806F0CAFF034620B10C4A0A48C0
:10040000012115F0A3F90B490B4819F04AFB0B49E0
:100410000B4819F0F9FABDE810400A4A02480221D7
:1004200014F023B87FCB0200F4B70200741500204B
:100430009ECB020035020100C02A0020DD01010030
:1004400090420020CACB020030B50F4D0FCD89B0CD
:1004500003AC0FC42B68236001240C4B0C4900949F
:10046000022203A805F09EFC034630B1094A0A485F
:10047000214615F06BF909B030BD084A0648022143
:1004800013F0F3FFF7E700BF00B9020060BE0200FF
:1004900068BE020008CC0200F4B702002DCC0200B6
:1004A0002DE9F0413D4B1B78013B00AF062B0AD8EC
:1004B000DFE803F0040C0E1014125700384A3948D4
:1004C000022113F0E0FFBD46BDE8F081364AF6E7B1
:1004D000364AF4E7364AF2E7364AF0E7DFF8D880E2
:1004E00098F800300BB9354AE9E7354D354E2A7892
:1004F00098F800309A4224BF00232B702C7804EB2C
:10050000C40404EBC40404F129003044FFF7E9F803
:10051000032884BF04F12503C0182B7898F8001035
:1005200098BF29486D468CB088BF8019DBB2C9B22C
:100530006A460133C2E90631631C3344C2E908301C
:10054000224B9362DFF888C0224BC2F814C042F8F5
:10055000103F144800234FF4625101F059FCAD469E
:10056000B1E7174B19786C4688B0C9B26A461A4B86
:1005700053610120512313FB010312490B44936182
:100580004FF400739383154B42F8103F0548002346
:100590004FF4E45101F03CFCA54694E7E153002000
:1005A000BCCC020004B80200F9CC02001ACD020053
:1005B00056CD020083CD0200DD530020B4CD0200F1
:1005C000DE530020CD4E00201FD702000204030599
:1005D000DACD02000600000204CE02000300000192
:1005E0002DE9F04100AF19F0FAFB4FF47A73274A76
:1005F000A0FB034503FB0155D2E90032E40B44EABA
:100600004544E41A22484FEAD53565EB020519F056
:1006100054FAB4F57A7F75F100034FF000060ADA58
:100620001C4A1D4813780133137043F234320023FF
:100630000FF07AFF23E0B4F57A7142F2283245F1E7
:10064000FF33914273F100031CD2E84688B06A463A
:10065000124BD561C2E90534042342F8103F10481B
:1006600033464FF4025101F0D3FB0E4B0A481E7083
:10067000084BC5461E7019F020FAFFF711FFBD4662
:10068000BDE8F081024800220023D1E7502B002072
:10069000F02A002074590020202B00201DCE0200DB
:1006A00004B80200DE53002010B5C3880B2B1DD107
:1006B0008368012B16D119F092FB4FF47A72A0FBDC
:1006C000020302FB01310A4CC00B40EA4140C90B56
:1006D000C4E900014FF4A022BDE810400548002302
:1006E0000FF022BFBDE81040FFF77ABF10BD00BF7A
:1006F000502B0020F02A0020164D174A08B5284636
:10070000022113F0C0FE4FF4A262002113481AF038
:1007100047FB134B134800241C70134B1C70134BE6
:100720001C7015F0E1F8124815F0DEF8114920466A
:1007300004F03EF9FFF7B4FE0F4A0221284613F0F9
:10074000A2FE4FF48030002119F0BCFA204600F0E0
:100750006FFC00BF04B8020051CE0200CD4E002055
:10076000DD53002069CA0200DE530020DF53002061
:1007700031CB0200A7D7020071CE020008B5064BAC
:100780001B78062B06D1BDE80840044A0448012125
:1007900013F079BEFFF7B0FFE1530020AFCE0200A7
:1007A00004B8020037B51F4D1F4C2B78013B052BB9
:1007B00014D8DFE803F003130D1317341B4A1C4849
:1007C000022113F060FE03232B70FFF769FE05E0A2
:1007D00004232B70FFF764FEFFF736FE002323701F
:1007E00003B030BD134803782BB9134A10480221D7
:1007F00013F049FEF2E7114923780A7800781A4489
:10080000B2FBF0F500FB1522D2B20A700A78D2B220
:100810000748009202210A4A14F0A2FFD5E7094ACC
:10082000E4E700BFE153002074590020DFCE02004E
:1008300004B80200DD530020FECE0200DE5300208B
:1008400021CF020052CF020008B50749074819F02E
:1008500028F90749074819F024F9BDE80840064A75
:100860000648022113F00FBEA5070100202B00202F
:100870007D070100F02A002083CF020004B80200A7
:100880002DE9F04F91B08407009302F00403029326
:10089000C2F3C20303F10103DDF868800392054649
:1008A0000E46059340F0BA81041D30B1072909D8DE
:1008B0006FF01B0011B0BDE8F08F01F00706344463
:1008C000C6F10806009B4FF00009591E4FF0040ABC
:1008D0004FF0FF330193CDF810904F46CB4653466F
:1008E0000DB1009A22600598002800F3E88098482E
:1008F000009A824203D397488242C0F0E080039A74
:10090000A4EB050E92074FEA9E0000F103810F2F22
:1009100000F2B180002D00F0058107F140020DEBDF
:10092000020C019A0CF8200C0CF8102C04980130E1
:100930000490E7E07A285DD84B280ED8472859D88C
:1009400029282DD8252852D054D820287AD02338C9
:10095000D0F1000B4BEB000B74E04C382E2849D83B
:10096000DFE800F070484848484848484848484848
:100970004B484848484848484859484B4B595959AA
:10098000704B6D487048184B184848827F4B484858
:100990004B487F0000204FF0000B4FF0040A38E076
:1009A0002A38C0B2012202FA00F010EA0E0F49D133
:1009B00010F0625C2FD110EA020B43D06046013C7C
:1009C0005444B4FBFAF40AFB04F4002D61D0A3EB09
:1009D000050CA444B4453FF66BAF002868D1042B46
:1009E00047D158F8043B2360043404232AE0019AD9
:1009F000013A01924FF0000B24E011F8010C6C2831
:100A000034D111F8023C00206C2B8346C5D14FF045
:100A1000080A5346D3E708F1070828F00708073407
:100A2000F8E802AB24F0070435B106982044B04240
:100A30003FF63EAFC4E900AB08344FF0000B4FF077
:100A4000080A534611F8010F002878D0BBF1000FB7
:100A50007FF470AF2528F5D1019B013301934FF04E
:100A6000010B4FF0040AECE7584694E70020834658
:100A7000A5E7082B02D06FF015001BE708F1070867
:100A800028F00708F8E80223C4E900230834082303
:100A9000D8E768B9042B02D108F10408A4E7082BB1
:100AA000E9D108F1070828F0070808F10808EDE780
:100AB000059A013A059258F8042B009210E7039A20
:100AC000900720D5A4EB050E4FEA9E004FF0010CD5
:100AD000BEF5007FCFD20F2FCDD8F5B107F1400280
:100AE0000DEB020EC0B2019A0EF8200C0EF8102C7D
:100AF000BCF1000F3FF41AAF60F07F000EF8200C3D
:100B000009F101090137C5F10802043406924FF6D4
:100B1000DA7E97E74FF0000CDAE7BCF1000F01D066
:100B20000136EFE7029802360028EBD10098CDE9B4
:100B30000631FEF7D6FDDDE906310644E2E7631B28
:100B4000B3F5806F97D23DB9A6F10804E018B1E67D
:100B500008B2020094FD0200029A28609B082B70E4
:100B60009DF81030C2B1EB7085F80290B9F1000F1A
:100B700005D008A80022C5F1010C97420ED1C5F19D
:100B800001030DF120084FF0000A01930DF1300B25
:100B9000574512D1601B8DE66B70E5E710F8013BFD
:100BA000190608D50CEB040EB64503F07F033FF69B
:100BB0007FAE04F8013B0132DFE7B9F1000F03D04B
:100BC00098F90020002A17DB029BD3B11AF80B20FA
:100BD00004F8012B0022019B18191044B0423FF683
:100BE00067AE98F8000004F8010B009903922046C4
:100BF0001AF0C8F8039A14440AF1010A08F101082E
:100C0000C6E798F8002055F822300093029B45F87B
:100C100022300098FEF765FD421CDCE76FF00D0006
:100C200048E600BF2DE9F04F97B000AF90F802A062
:100C3000D7F880B03B62CBF3C0030446FA62BB61D5
:100C4000894641B9457800780AEB800020444D453B
:100C500017D8A0EB0409E378FB61BAF1000F02D0CA
:100C60001BF0010F16D1FB6953BBFB6A1BB13A6A3B
:100C70004946204698474D4628465C37BD46BDE864
:100C8000F08F461C3046FEF72CFD0130304409F150
:100C90000109DCE7237862687A62FA6A990079616F
:100CA00004EB8301002A40F000814D460E4601EB23
:100CB0000A094FF000084E454CD101EB0A0610E03E
:100CC0001BF0020FD1D023789A007A6162687A62B1
:100CD000FA6A04EB8301002A77D14D4601EB0A063C
:100CE00090461BF0050F0CBF02230123FB62FB693A
:100CF00006EB430A0BF00203BB625645BCD016F864
:100D0000021B16F8013C54F82390994B994502D3E5
:100D1000984B994536D3BB69002B40D0786A13F0C5
:100D200025FE00283BD0E9468AB06A46924B5361C3
:100D30007B6AC2E906314FF4007313848F4B42F88B
:100D4000103F8F4800234FF4125101F061F8023D2B
:100D5000CD46D2E716F8013BF96254F82300FEF7BE
:100D6000C0FCD7F88430F96A01304BB1D7F888302D
:100D700098453EBFD7F8843023F8180008F10108E1
:100D8000054498E7BB6923B1786A13F0EFFD0028AA
:100D9000C9D11BF0010F05D1FB6AED1AADE7BB6AA3
:100DA000002BAAD04846FEF79CFCD7F8843053B1FC
:100DB000D7F8883098453FBFD7F88420431C22F8E5
:100DC000183008F10108054497E7BAF1000F72D016
:100DD0001BF0040672D0D046002607F148005246A8
:100DE0003B61B96219F0CEFFB96A3B6901EB0A02B7
:100DF000BA62FA69F9695200FA60BA6A02EB410212
:100E00003A610BF00202BA603A69B96A8A4257D174
:100E100062787A621BF0020F32440CBF4FEA58012D
:100E200000211BF0010FD2B240F09F801BF0040F95
:100E300014BF40460020BB616270A070E1703A6A46
:100E40007969FB6A20469847051EFFF615AFBB6916
:100E500023707B6A6370FB69E37041463A6AFB6A00
:100E600084F802A007F148009847B0F10008C0F2EA
:100E7000BB807B693A6AA9EB0A01C91AFB68C91AE7
:100E8000D7E90A0398470028C0F2B080A84408EBCD
:100E900000054FF0000B07F1380AB34572D300216B
:100EA0003A6AFB6A08469847E6E656464FF000085D
:100EB00007F1380093E75646D04697E7B04695E7E6
:100EC000BA6A12F8021BBA6212F8015C284A54F896
:100ED0002500904202D3274A90421ED3BA6932B10C
:100EE000786A7B6013F042FD7B6800288CD1BA6879
:100EF00002BB08F1280207F1300C08F1010094440C
:100F000007F1580252FA80F008F102080CF8101CA0
:100F10005FFA88F800F8105C76E7BA693AB1786A47
:100F20007B6013F023FD7B6800287FF46DAF1BF01E
:100F3000010F09D006F1280207F13000711C1618C4
:100F400006F8205CCEB25FE71BF0040F3FF45CAF05
:100F500008F1280207F1300008F1010102EB000856
:100F600008F8105C5FFA81F84EE7002063E700BFE5
:100F700008B2020094FD0200D0CF0200040000017C
:100F80003CB702001BF80A3087F8373054F823903A
:100F9000D7F884302BB3D7F888309B4521D2D7F8C7
:100FA000843033F81B803A6AFB6A012107F137006D
:100FB000984700281ADB0544B8F1000F06D14846CF
:100FC000FEF78FFB00F101081FFA88F83A6AFB6A06
:100FD000414648469847002808DB05440BF1010BC1
:100FE0005BE74FF00008DEE7454645E6054643E689
:100FF000014B1860704700BFAC15002080B5054656
:101000000E46174698460FF019FE03461AF0F2F8FE
:10101000DFF81890044649F8003042463046394619
:10102000A84754F8090002F069F800BF0800000062
:1010300008B50446EFF31183402383F31288BFF30E
:101040006F8F72B60CF0B0FC204602F055FC0348DE
:1010500013F0B5FC14F075FDFCE700BF84D002006E
:101060002DE9F047058B04462807904611D4022944
:1010700005F0070540F0CC80204613F09DFF78B1C5
:101080000138218B042811D8DFE800F0C2106D85EB
:10109000950001290CBF45F0100545F0200525837A
:1010A00088F31188BFF36F8FBDE8F08701F0070A5E
:1010B000AA4500F0A5800027B9463E46A368002B4C
:1010C00000F0BC8041F00801218388F31188BFF350
:1010D0006F8FA168002900F0BA800D68002900F028
:1010E000B680D1F80480334652462046C047002DD2
:1010F00076D02B6829461D46F0E701F007035A1FFA
:10110000012A1BD8002221F00701062B276889B28B
:10111000C4E9002209D13B4603E0628B01326283BD
:101120001B68002BF9D141F002012183204613F006
:1011300043FF00287AD041F0200176E0042B0AD149
:1011400021F0070189B22183204613F035FF10B149
:1011500041F020012183218B01F0070AAA454FD0DD
:101160000027B946AAE7236921F0070141F00601EB
:10117000062DD3F8009021832DD1B9F1000F3FD077
:1011800041F00801218388F31188BFF36F8F3A493A
:101190002046C84729E021F00701236941F00401F6
:1011A00089B2042DD3F804902183E6D000273E466F
:1011B0004FF0040A82E721F00701236941F005019D
:1011C00089B2052DD3F808902183D6D000273E465A
:1011D0004FF0050A72E700273E464FF0060A6DE71A
:1011E0002B4687E7B9F1000FD1D1EFF311884023E7
:1011F00083F31288BFF36F8F238B23F008032383BD
:10120000258BEA062ED525F01003238305F007056C
:101210006669218B002EBFF670AF00232768C4E9F2
:10122000003321F0070141F001012183218B01F0FE
:10123000070AAA454FF000097FF440AF002F9CD069
:1012400041F00801218388F31188BFF36F8F002FCD
:10125000C8D03D68394633465246204613F0D8FE82
:101260002F46F4E7AB067FF51BAF25F02003238361
:1012700005F0070500E700BF3D5002002DE9F743E8
:101280000F4606460821C06ADFF8509013F0E7FFCA
:101290003C68241A80463C6004EA0905AC4203D845
:1012A000002003B0BDE8F08308236A46214630469B
:1012B00013F069FF0028F4D16946304613F0D9FFD6
:1012C00040B1BDF80230BDF804203C6005EA0905D4
:1012D00013441D44A4EB0804E0E700BF0000FFFF37
:1012E00073B504460821C06A124E13F0B8FF4FF6DA
:1012F000FF726368ADF800208DF80620E2681918C7
:1013000033401344181A002560606846ADF8021097
:10131000ADF8045013F096FF6946204614F069F8C2
:101320002046211D13F068FF636828463340A36000
:1013300002B070BD0000FFFF2DE9F04704468AB0FF
:1013400000F11407384618F026FAA06A8368DB68B3
:101350009847E06248B99349934813F07CFF6FF0D7
:10136000150528460AB0BDE8F087A06A8368DB68E7
:1013700098470368013B1F2B01D98C49ECE7E368D0
:10138000B3F5803F08D94FF4803200928648884AEE
:10139000012114F0E5F9E2E7A06A216807AA16F036
:1013A000D2FD08B18349D7E7E5682DB1089BB5FBAD
:1013B000F3F203FB12550DB17F49CDE7238A012BD0
:1013C00001D87E49C8E7E36A029593F805904FF08B
:1013D000FF334FF0FF3238460EF0F6FCE06A08218A
:1013E00013F03DFFA8460646238A1FFA85FA5345A7
:1013F00008D8238A434523D138460EF05DFD6FF0AF
:101400002C05AEE7E1682B04891B13FA81F14A46EB
:1014100008232046029113F0C4FE78B102A92046A9
:1014200013F0EAFE08F10108029908234A46204613
:101430001FFA88F813F0B5FE0028DAD00135D3E79B
:1014400053450BD1029908234A46891B204613F0C5
:10145000A8FE18B902A9204613F0CEFE02A9204624
:10146000FFF70CFF054618B138460EF025FD78E76A
:10147000029B63604FEA13484FEA0848C4F80880AB
:10148000D4E9011399420FD3082303AA204613F08D
:101490007AFE05460028E7D103AB13F8012B9145EE
:1014A00035D10135082DF8D163681B0C1B0402A946
:1014B0002046029313F0A0FEE36802994A462046B4
:1014C00013F06FFE051ECFDB636800F0898006EB2A
:1014D00003084FF6FF79E368CDF808801FFA88F219
:1014E0009B1B9A422FD300236168002B44D0090C28
:1014F00009040291204602A913F07EFE02992046BB
:1015000013F087FE0546002D00F08680ACE703A9A6
:10151000204613F0AEFE626810B9921B6260AFE71E
:10152000BDF81050BDF80E10E06AC4F808802944D8
:1015300013F095FE40449042A060EED1002DECD017
:101540006FF01C0579E0082305AA4146204613F0F8
:101550001AFE0546002887D105A9204613F089FE0A
:1015600030B1BDF814304B4502D1BDF818300BB185
:10157000B044B0E70123B7E7204613F04AFE054622
:1015800000287FF471AF63680D4AE16813400B4493
:10159000A3EB460363601340A360204613F051FFA2
:1015A000B0E700BFC1D0020064B70200E3D0020080
:1015B00000D1020029D1020041D1020055D1020020
:1015C0000000FFFF5B1A4A46204613F0EAFD051EA5
:1015D000FFF64AAF08D0E26AA36812681344A3601A
:1015E000D4E901318B42EDD86168E36801EB460232
:1015F0009A4288D1DFF85080A26801EA08039A4233
:1016000081D0204613F005FE054600287FF42CAF5C
:10161000636803EA0803A360E368A288A3EB4603B8
:101620009A4206D038460EF047FC0123A3740025E9
:1016300097E6204613F0EEFE054638460EF03CFCD9
:10164000002DF2D08DE600BF0000FFFF2DE9F04F26
:101650001D4691B0837C0291044600924BB96449C7
:10166000644813F0F8FD6FF00C06304611B0BDE889
:10167000F08FC26A0821104613F0F1FD294601904F
:10168000104613F0ECFDE368019AA3EB8203AB4232
:101690000746C0F0A9801DB1009B002B00F0A4807C
:1016A0006368059306AA05A92046DDF814A013F087
:1016B0001DFE06460028D8D1BDF81830029A934284
:1016C00006D06268059B9A42ECD1002D36D1CCE75A
:1016D00006A9204613F0CDFD0028F2D0BDF81A80EF
:1016E000BDF81C3045B39D4228D1E36ADDF800B057
:1016F0001B684FEA1A4A5B424FEA0A4A03F020038A
:10170000D0440393AA46DDF80C90D14528BFD146BA
:101710004B4608AA4146204613F035FD00284AD121
:101720004A4608A9584619F043FB38B9BAEB090AEA
:10173000C844CB44E7D198E7002B96D0002F3DD189
:10174000B84604F1140A4FF0FF324FF0FF33504611
:101750000EF03AFB238A9E4243D0A168626808EBF0
:1017600001039A422FD3029BADF82030FF238DF85E
:101770002630009AADF822102B462046ADF82450B2
:1017800013F0FEFD29460746E06A13F068FDA368E2
:101790000344A36057B908A813F054FD08A92046D4
:1017A00013F027FE002814BF07462F4650460EF0C0
:1017B00083FB3E4659E7C1DC064656E7019B1F44C2
:1017C0001FFA87F8BDE72046FFF78AFD0746002885
:1017D000ECD1204613F035FE07460028E6D101364D
:1017E000B8E76FF01B07E1E76FF015063DE700BFB4
:1017F000ADD0020064B702002DE9FF471E46837C8E
:10180000BDF8309004460F46904643B92C482D4908
:1018100013F021FD6FF00C0004B0BDE8F087C06A42
:10182000082113F01CFDE368A3EB4003B34243D34C
:10183000D4F804A0CDF804A000254D455146DDF8AC
:1018400004A009D9636853451ED1BDF80830BB42D6
:101850001AD06FF00100DFE702AA01A9204613F0B9
:1018600045FD0028D8D1BDF80830BB4206D102A9F9
:10187000204613F0FEFC08B10135ADB26268019B51
:101880009A42DAD15146E0E7BDF80C30002BE0D0A7
:10189000A945DED8BDF80A00090CB3424FEA014160
:1018A00028BF334601444246204613F06CFC002812
:1018B000B2D1BDF80C00AFE76FF01500ACE700BF88
:1018C00064B70200ADD002002DE9F047DFF8588080
:1018D000044607464FF0010914B93846BDE8F087C1
:1018E00094FAA4F5B5FA85F509FA05F32E0108EB8B
:1018F00005156FEA030A24EA03042B7B002BEBD0C7
:1019000058F806301B694BB94644042273682846D0
:10191000196807EA0A0713F0A0FEDDE72846984792
:101920000028D9D1F0E700BF0CB8020030B510494B
:10193000104889B0002218F09AFA0F4D0F49002282
:101940000023CDE9062300240E23CDE90334CDE99D
:1019500001440B4B00944FF4407228460EF0AAFE4F
:10196000084928460EF020FE204609B030BD00BFD1
:101970008919010018300020582B0020C05F00207A
:10198000B51C01007FD1020001480EF017BB00BF5B
:101990003C1A00202DE9F047804621480F4613F0FD
:1019A0003CFE0646002833D000252846BDE8F087D7
:1019B000237B83B12368DB680BB1204698476368BB
:1019C00083F8069023681B69D3B9636804221968F9
:1019D000204613F042FE013610345445E8D3B8F1E6
:1019E000000FE2D0002DDFD02846FFF76DFF05463F
:1019F000002FF7D000214FF4A47018F063F9F1E73D
:101A0000204698470028E0D009FA06F31D43E2E794
:101A1000044CDFF814A005464FF00109DDE700BFD4
:101A2000B04200200CB802001CB80200014B53F871
:101A3000200070478CBE020008B5034608462BB153
:101A4000044A136000F07AFC002008BD6FF0150016
:101A5000FBE700BFB015002010B5044C237813B984
:101A600003480EF0ABFA0123237010BD7559002016
:101A70003C1A002010B504460B4813F0CEFD5CB1B3
:101A8000BFF35B8F094B53E8001F013943E8001295
:101A9000002AF8D1BFF35B8F054818F0F4F9054828
:101AA000BDE810400EF08ABAA8420020AC420020E7
:101AB000183000203C1A00200020064BBFF35B8F3B
:101AC000014653E8000F43E80012002AF9D1BFF3A2
:101AD0005B8F7047A842002070B5FFF7EDFF084C00
:101AE000084E0546B44200D370BD63685B792BB1E4
:101AF00023685B6813B12946204698471034F1E704
:101B00000CB802001CB8020010B5044C0449204671
:101B100013F072F8034B1C6010BD00BF10190020B9
:101B200078BE0200A04200200D4A0E48002310B5E6
:101B300013700D4A13600D4A4FF400411360FFF714
:101B40007BFFFFF7E1FF0A4B0A4918468B4200D39F
:101B500010BD1A1A5C681211013222711033F5E7B8
:101B60007659002017560200A8420020AC420020FF
:101B70000CB802001CB802000146002201480023F4
:101B800013F05BB810190020014813F0F4B800BF3F
:101B900010190020024B0146186813F040B900BF2D
:101BA000A0420020014813F075B900BF10190020B1
:101BB00070B5294B187800284DD0FFF7E5FF054692
:101BC000002845D1254B264C1B68002B19DD18F049
:101BD00006F94FF47A72A0FB020302FB0131C30B3A
:101BE000D4E9002043EA41439B1A4FEAD13140F245
:101BF000E93261EB0001934271F1000101D3FFF77B
:101C00006BFFD4E9003213F57A7342F10002C4E9A4
:101C10000032BDE87040FFF7C5BF63685B7923B150
:101C2000236829461B68204698471034B442F4D3F1
:101C30002846FFF7AFFFBFF35B8F0A4B53E8001F47
:101C4000013943E80012002AF8D1BFF35B8FB9E7EE
:101C5000054C064EEAE770BD75590020A8420020E9
:101C600010300020AC4200200CB802001CB802006A
:101C700070B50D4D297861B90120FFF78BFE0B4C33
:101C80000B4EB44206D3FFF793FF0028FBD101238C
:101C90002B7070BD63685B791BB1236820469B681D
:101CA00098471034EDE700BF765900200CB80200C9
:101CB0001CB8020000212DE9F0470846FFF76AFE34
:101CC000044658B340F267684FF0000919F092FAE1
:101CD0001B4B1C4A1B58136033B11B4B1B68092B51
:101CE00002DD1A480EF06AF9194FDFF860A00025EE
:101CF00044B12046FFF7E8FD044618B94FF0FF381D
:101D00004FF0FF39FFF754FF064628B9B5B94246F0
:101D10004B4650460EF08CF93546E9E74FF0FF3858
:101D20004FF0FF39D2E72B689B691BB100221146A7
:101D3000284698471035BD42F5D3E8E7054DFAE748
:101D400008000000A4420020AC4200203C1A002001
:101D50001CB802000CB8020013B5184813F05DFC63
:101D6000174B1B7873B1EFF31184402383F3128870
:101D7000BFF36F8FFFF71CFF84F31188BFF36F8FE2
:101D800002B010BD0F4B1B68002BF9D050B90022D8
:101D90000023CDE900230C484FF4004200230FF04C
:101DA00069FAEDE70928EBD1074818F06CF8074805
:101DB00002B0BDE810400EF001B900BFAC420020F7
:101DC00076590020A4420020183000203C1A002040
:101DD00010B5064B1B68044698472146A06004488E
:101DE00012F0AAFFBDE81040FFF7B6BFB015002003
:101DF00010190020044A054B9B1AB1EBD30F34BFD6
:101E000052F8310000207047B4B602000CB802004E
:101E10002DE9F04F8FB004AFC1F34A28B8600D46EA
:101E200091467B600C0DB8F1000F63D0002607F1DE
:101E300014034FF0040B4FF00A0AC7F80C80C7E9EF
:101E400007667E620193CDF808B0CDF800A007F1D7
:101E50001C03F96832464846FEF7E4FEB0F5006F11
:101E600003461CD36C468AB0D9F8041004AB26484C
:101E7000C3E9050140F2FF71D9611A464FF40071C0
:101E80001984224B42F8103F214833464FF4125137
:101E9000FFF7BEFFA5462C37BD46BDE8F08FC0F367
:101EA0000A0804F11700184420F0070080083B607E
:101EB000FFF762FE68F35325044690B13B68154A6C
:101EC000C7E9083600F1100107F11403F961CDE903
:101ED00000A3CDF808B0F96807F11C034846FEF7E7
:101EE000A1FE68F353257B68B9682A46204613F0A3
:101EF000D4FBD0E704F1170020F007008008FFF7BB
:101F00003BFE0446EDE700BF94D10200040000014F
:101F10008CB702006D5602002DE9F04F87B0DDE965
:101F20001279DDE9105A0446039193469846BFB1F1
:101F3000CDF800903B46524610210020CDF8149079
:101F4000FEF79EFCB0F5006F06460AD3184A194802
:101F500040F2FF73022107B0BDE8F04F13F0F6BB6B
:101F60003E4605F11700304420F0070004F0070456
:101F70008008FFF701FE0BF0070BE40044EA8B1426
:101F800044EA462444EA0554054640B13FB1CDF841
:101F900000903B46524631461030FEF771FC0399E3
:101FA00043462246284607B0BDE8F04F13F075BB04
:101FB000D3D102008CB70200406820B1034BC01A95
:101FC00040F3CF0070474FF0FF307047B4B60200C7
:101FD0000EB403B503AB014653F8042B0448019338
:101FE00001F040FB02B05DF804EB03B0704700BFA6
:101FF000AF570200CA0605D48B064CBF02490349FD
:10200000FFF7E6BF704700BF0CD202000BD2020000
:102010002DE9F04F89B09B46149B06939DF84CA088
:10202000159B0593169B179E049304460D469046F8
:10203000BAF1000F00F09D8006F48073079313F04F
:102040000AFB06F00209024600283ED091492046CC
:10205000FFF7BEFF0746B9F1000F08D016F0440F96
:1020600035D18D492A462046FFF7B2FF074406F0D6
:10207000010353B1894B8A4953F82A20894B2046E2
:10208000002A08BF1A46FFF7A3FF06F48073002B4F
:1020900049D006F00803002B63D1B8F1000F66D0D9
:1020A000814942462046FFF793FF0546069B3D4483
:1020B000002B6DD1049B002B73D1F30700F1E4805A
:1020C00031462046FFF796FFD8E00746C3E7774B37
:1020D00018680028CAD0764B4FF47A791B68B5FB94
:1020E000F3F54FF46163B5FBF0F100FB115509FB0B
:1020F00005F54FF03C0CB1FBF3F203FB1211B5FBFD
:10210000F0FEB1FBFCF300FB1E550CFB131109FBA9
:1021100005F50091B5FBF0F56649CDE901E52046EE
:10212000FFF756FFA2E706F00803EBB1624B6349E5
:1021300053F82A202046FFF74BFF0546B8F1000F61
:1021400005D0594942462046FFF742FF0544BBF1FE
:10215000000FABD05A495A462046FFF739FF0544D5
:10216000A4E74FF0000BE1E706F00805E6E7454677
:102170009CE7BBF1010F069B06D1002B64D1049BA9
:10218000002B7BD000250CE0002BF8D04D485CE004
:102190004D48069B4D49224612F0B7FB049B002B8D
:1021A00068D0DFF82C81DFF82C91049F3146102F86
:1021B000204628BF1027FFF71DFF4FF0000B5D459D
:1021C00045DC059B49461A782046FFF701FF4FF092
:1021D000010B1BF0070F03D141462046FFF7F8FE25
:1021E0005F453BD9059B494613F80B202046FFF776
:1021F000EFFE0BF1010BBBF1100FEAD1364920467F
:102200004FF0000BFFF7E4FE5A46059B9A5CA2F1E3
:1022100020015F2928BF2E2230492046FFF7D8FE33
:102220000BF1010BBBF1100F1DD01BF0070F03D1F9
:1022300041462046FFF7CCFE5F455A46E5D8414669
:102240002046FFF7C5FEEBE71F485546A1E741468C
:102250002046FFF7BDFE0BF1010BB0E720492046F9
:10226000FFF7B6FEC5E7059B3B440593049BDB1BCC
:1022700004939AD1BAF1000F7FF41FAF204609B042
:10228000BDE8F04F13F086BA064A05492046FFF72D
:102290009FFE15E713D2020017D202009CBE020077
:1022A0001ACE02000ED202003CD20200B842002038
:1022B000B442002020D20200B0BE020040D2020090
:1022C00046D20200E5570200AF5702006536010012
:1022D00053D202004BD202002FC9020055D2020095
:1022E00051D2020073B542F20F738B4228BF0B46E6
:1022F00005680F4A04460521684610F011FF63681F
:102300000C495B6806460B22284613F035FA6368D1
:102310003246694628465B6813F02EFA6368064920
:102320005B681B22284613F027FA02B070BD00BF7D
:10233000BDFB020074D2020058D20200074A0021FD
:102340000123904206D8064A01B901231360054BC8
:102350001860704740085B000121F2E740420F001F
:10236000B4420020B8420020014B01221A7070478D
:1023700077590020014B002019607047D04200209F
:102380000148FFF7AFBF00BFE0BE020010B5064B2B
:1023900018680C46FFF74AFB21460346BDE810408B
:1023A00002480F22184700BFD0420020E0BE0200C2
:1023B000F8B5094D094B0A4ED5E9004701221A70BC
:1023C0000CB92C60F8BD214630463A4600F01EF8A4
:1023D000241A0644F4E700BFC442002078590020C4
:1023E0007959002010B9074B18707047064B1B78BD
:1023F0001BB141F2883017F002B9A420002117F078
:1024000061BC00BF77590020785900202DE9F047C2
:10241000DFF878901E4F80460E46042499F800504D
:10242000A5B917F0DFF832468246414628460DF03E
:1024300059F90546504617F0DDF8E5B101233B7028
:1024400099F8003073B93046BDE8F087324641460E
:1024500000200DF047F90546EFE72046FFF7C2FFE1
:10246000651E2C4600200DF0C7F90028EBD03B7804
:10247000002BF2D1E7E73B78002BE4D0013C20466B
:10248000FFF7B0FF3B78002BC8D1DCE7785900207C
:1024900077590020014B036000207047F0BE020016
:1024A00070B5104B1C680D46B4B10F4B1968002372
:1024B0008B4202DB6FF0010070BD224612F8106BF8
:1024C000864202D001331446F2E7E06817F0B3F811
:1024D00028B12C600020EFE76FF00C00ECE76FF004
:1024E0001200E9E7D0150020F0BE020010B588B058
:1024F000436802938368C068CDE903320A68002309
:10250000CDE906230C4601AA0449059315F01FFDE9
:10251000079808B9059B236008B010BD6D580200EC
:102520002DE9F0410C4B1C6805460E4617467CB160
:1025300000F06CF963682046D3F8108032463B46C1
:102540002946C047044600F06BF92046BDE8F081FB
:102550006FF00104F9E700BFD442002000230360BC
:10256000044B5A6812B9C3E9000070471060586004
:10257000704700BFD8420020014B1860704700BF71
:10258000D442002030B585B00023CDE902330546A2
:10259000019000F03BF9094B1C6844B9284600F053
:1025A000D5F8044600F03CF9204605B030BD63681C
:1025B00020461B6801A998472468EEE7D84200200E
:1025C0001FB5CDE90101039200F020F9074B1C680B
:1025D00024B900F025F9204604B010BD63682046F8
:1025E0001B6801A998472468F2E700BFD842002081
:1025F000024B0022C3E90022704700BFD8420020EE
:10260000024B0022C3E90022FFF7F2BFE0420020A4
:102610002DE9F74307460C4609B100230B601F4D17
:10262000DFF87C9000264D450FD31E4B1D6885B307
:1026300055F8188C01AA41463846183D13F058F950
:1026400010B3D6B914BB2E461EE0D5F8008001AAFF
:102650004146384613F04CF950B116B954B92E46DC
:1026600006E031680022404613F042F90028F5D117
:102670001835D8E7019B2360F1E731680022404616
:1026800013F036F90028DDD1AD69D0E7019B236056
:10269000D9E7304603B0BDE8F08300BF60B8020060
:1026A000F0B80200E04200202DE9F04784B002AF0C
:1026B0000446D7F8289078600D4616469846B9F13A
:1026C000000F07D0D9F8001031BBD9F804A0BAF137
:1026D000000F28D1391D2046FFF79AFF08B3D0F824
:1026E0000C907868434632462946C847C8B16D46C3
:1026F0008AB002AA124BD061C2E905344FF40073CC
:102700001384104B42F8103F0F4800234FF411512F
:10271000FFF77EFBAD4604E03A1D13F0E9F8002810
:10272000D3D1002007E0D9F80830009378684346F9
:1027300032462946D0470837BD46BDE8F08700BF7E
:10274000B0D2020004000001D4B702002DE9F04726
:10275000DFF8AC90DFF8ACA080464FF000470026D1
:10276000294C3D464C450DD3DAF80040002C42D0B0
:10277000183CB8F1000F25D122695ABBA469F5E7CE
:102780002F46EDE7B8F1000F03D122694AB918349A
:10279000E8E720680022414613F0AAF80028F4D1A7
:1027A000F5E76368BB4205DDAF4209D09D42A8BF93
:1027B0001D46ECE7EBD19047002E08BF0646E6E742
:1027C0001D46E4E720680022414613F091F80028F6
:1027D000D2D1D3E76368BB4205DDBD4209D09D423B
:1027E000A8BF1D46CAE7C9D19047002E08BF0646BC
:1027F000C4E71D46C2E7AF42C2D13046BDE8F0870C
:10280000F0B80200E042002060B8020003484FF038
:10281000FF324FF0FF330DF0D7BA00BFF819002098
:1028200001480DF049BB00BFF8190020F8B5194C5C
:10283000194E05460F46B4420DD3184EFFF7E6FF7A
:1028400034687CB1286854F8181C183CFCF737FF32
:10285000C8B1A469F5E721682868FCF730FFA8B182
:102860001834E8E700226F60AA61726805F1180366
:1028700032B9C6E900330024FFF7D2FF2046F8BD85
:1028800013607360F7E76FF01004F5E76FF0100462
:10289000F4E700BF60B80200F0B80200E042002098
:1028A00038B5094DFFF7B2FF2B783BB9FFF7A8FE0B
:1028B00000F06AF8044610B901232B700024FFF7DA
:1028C000AFFF204638BD00BF895900202DE9F047F1
:1028D000048FDFF8B0A0013498B006468946A4B250
:1028E00000F10807651EADB2B5F5004F47D04A2389
:1028F00005AA2946384612F075FE04F57F543F3488
:10290000A4B28046214601230DF10B02384612F095
:1029100069FEB8F1000F014610DC002810DC338F8F
:10292000AB4209D132466B1E22F8383F4FF40041CA
:1029300002233846FEF78AFE2C46D3E7002808DC3F
:102940002946384612F04AFE2146384612F046FE25
:10295000E5E708F160030DEB0308002308F84C3CA1
:102960005246CDF8009003AB05A80397ADF8104090
:10297000FFF79AFE0028DFD018B0BDE8F0870020EE
:10298000FAE700BF675902007FB50125694628466E
:102990000195FFF785FD044660BB02AA01A9284600
:1029A00012F086FF044610B110F10C0F22D10399EA
:1029B000B1F5803F23D2009A00239468184608445A
:1029C00084421AD30133082BF9D10E4D69612B8350
:1029D0005368AB602846D368EB6313F05CF8044699
:1029E00040B9094E6E602846FFF7B8FD28466E6074
:1029F000FFF7C2FD204604B070BD9BB2E5E76FF063
:102A00002004F7E7E8420020B415002008B5044888
:102A100011F0D5FFBDE80840024811F0D0BF00BF5B
:102A2000D5D202000AD3020008B50348034A0021A8
:102A3000121A13F065F808BDB81B0020885F00204B
:102A40000748084A084908B5121A13F05BF8074806
:102A5000074A0849BDE80840121A13F053B800BFEE
:102A6000C0100020B81B00209CFD0200B810002000
:102A7000C010002094FD02002DE9F047064600AF8B
:102A80000C46002936D0E9468AB0D1E90012A36885
:102A90006D462148A8464FF0050AC5E90501C5E97C
:102AA000072348F810AF1D48424600234FF4215138
:102AB000FFF7AEF9CD46D4E903126369AD46184875
:102AC000C5F810A0C5E90501C5E90723134800238F
:102AD00042464FF42151FFF79BF9CD46E369114A75
:102AE0000E48012112F032FEA3690F4A0B48012162
:102AF00012F02CFE012E07D1EFF305830B4A074895
:102B0000103B314612F022FE214630460CF0A4FE66
:102B1000BD46BDE8F08700BF38D30200CCB7020045
:102B200067D3020096D30200A5D30200D3D30200DC
:102B300030BFFFF7FDBF00BF2DE9F0410B4EDFF8BE
:102B4000308006EB0807CC1B054632460949204673
:102B500018F018F9A01942460021083C18F020F995
:102B6000C5F8A84007F10800BDE8F08100000000AA
:102B700008000000FCB80200054B5A699B689A42A5
:102B80001FBF044A536843F080535360704700BF2F
:102B90006447002000ED00E070B5294C06460D4664
:102BA0002848294912F0BBFFA36AD9043CD525481F
:102BB000264912F0B4FF1720A36A1A0504D521484C
:102BC000234912F0ACFF18201D4CA36A9B0512D5B7
:102BD0001C48204912F0A3FFA36BA26A100409D578
:102BE0001D4A1848012112F0B1FD1EB1A36A23F459
:102BF0000043A3621920124CA36A590504D5114859
:102C0000164912F08CFF1A20A36ADA050ED50D487A
:102C1000134912F084FF1B20094A936A43F47F434F
:102C2000936200232B7070BD1620C5E7A36A9B0436
:102C3000F2D504480B4912F072FF1C20ECE700BFEC
:102C400000ED00E0CCB70200E6D30200FCD30200A6
:102C50000DD4020020D4020039D402004ED4020068
:102C600069D4020081D4020010B5204C20492148CB
:102C700012F055FFA36A990136D51E481E4912F07D
:102C80004EFF1E20A36ADA0104D51A481B4912F030
:102C900046FF1F20154CA36A1B0304D5154818498D
:102CA00012F03DFF2120A36A590304D511481549AC
:102CB00012F035FF22200D4CA36A9A0304D50D486B
:102CC000114912F02CFF2320A36ADB0304D5094825
:102CD0000E4912F024FF2420044A936A6FEA03434A
:102CE0006FEA1343936210BD1D20CBE700ED00E0B7
:102CF000B0D40200CCB70200C8D40200DBD402007A
:102D0000F5D4020013D5020038D5020052D50200D6
:102D10002DE9F843364D80468946364836491746F0
:102D200012F0FDFEAB6ADE0627D53449314812F0B9
:102D3000F6FE1124AB6A1D0704D531492D4812F067
:102D4000EEFE12242A4DAB6A980718D52D49294862
:102D500012F0E5FE6E6BAB6A190646D52A4A254885
:102D60003346012112F0F2FCB9F1000F03D0AB6A37
:102D700023F08003AB62132403E01024DAE76FF042
:102D800015061B4DAB6ADA0704D52049194812F025
:102D9000C6FE1424AB6A9B0604D51D49154812F0E3
:102DA000BEFE1524124B9A6AD50602D49A6A900781
:102DB0000AD55B68190507D54146304600F080FA10
:102DC00010B180F309880224094B9A6A920642BF27
:102DD0005A6A22F400525A629A6A42F0FF029A62D8
:102DE00000233B702046BDE8F8836FF01506C2E76C
:102DF00000ED00E0CCB702007DD5020093D50200C3
:102E00000DD40200C6D50200DED50200F4D50200C2
:102E100081D402002DE9F041664B8AB0D3F80480DA
:102E200000AF0446C8F30805002686F31188BFF3F7
:102E30006F8F02F07F43B3F17F4F07D102F00C0395
:102E4000082B12D15C495D4812F069FE0026344619
:102E50000023FB71EB1E092B00F28A80DFE803F0F0
:102E60000A80837C88888888888610074CBF0C4637
:102E70000126EDE7524951484E4D12F050FE002315
:102E8000FB71EB6A9A0705D54E494C4812F047FE94
:102E9000002332E0EB6A002B01DA4B49F5E7EB6ADD
:102EA0005B00F5D54949454812F039FE6B69A269C6
:102EB00043F480736B61BFF34F8FBFF36F8F6B6908
:102EC00032F8022C23F480736B61BFF34F8FBFF392
:102ED0006F8F4DF602739A4208D0AB6ADBB273B3C0
:102EE000FA1D01212046FFF713FF37E02368384A17
:102EF0003248012112F02AFC2368FA79DAB907F185
:102F0000080504F1200C206861682A4603C20834D1
:102F100064451546F7D17A6A002E45D0C2F3080100
:102F200021B96FEA52226FEA42227A6207F1080160
:102F30001846FFF7A1FD2837BD46BDE8F081AB6A12
:102F400013F47F4F04D0F91D0120FFF725FE05E0A3
:102F5000AB6AB3F5803F9BD3FFF786FE0346CCE711
:102F6000FA1D0021BEE7F91D0020EEE719498CE7A4
:102F7000194A1A4B18F4F87FE8468AB018BF13466E
:102F80006A461749C2E905134FF400731384103DD4
:102F9000144BD56142F8103F084800234FF41151FB
:102FA000FEF736FFC54673E722F4FF7222F00102F6
:102FB000BBE700BF00ED00E041D60200CCB7020045
:102FC0006CD6020083D60200A4D60200B2D602005C
:102FD000D1D60200EDD6020028D6020013D6020098
:102FE00011D7020004000001044B5A6942F010029C
:102FF0005A615A6922F008025A61704700ED00E0F8
:10300000EFF30880EFF3098101B57246FFF702FF85
:1030100001BD00BF002080F31488BFF36F8F1148FB
:1030200080F308880020104908700BF0F1FB0020A5
:103030000E490860BFF34F8F00F02EF8402080F358
:1030400011880B484FF40461401880F30988EFF3AE
:1030500014800221084380F31488BFF36F8F00F0BF
:10306000FFF80000C08D0020865F002094ED00E096
:10307000007C00200749D1F890200023C2F30722EA
:103080001846934200DB7047C1F89830C1F8A000A1
:103090000133F6E700ED00E008B572B6002383F3D4
:1030A0001388FFF7E7FF144B4FF0FF32C3F880207F
:1030B000C3F88420C3F88820C3F88C20C3F890207C
:1030C000C3F89420C3F89820C3F89C20C3F880214B
:1030D000C3F88421C3F88821C3F88C21C3F8902158
:1030E000C3F89421C3F89821C3F89C2162B6BFF3BA
:1030F0004F8FBFF36F8F08BD00E100E0084B9B6866
:1031000083420BD1EFF3058343B1064B5A6842F07B
:1031100080525A605A6A22F400425A620DF094BDFD
:103120006447002000ED00E015498A684FF0300048
:103130001044EFF3098C80E8F01F402080F31288E0
:10314000BFF36F8F0F4F4FF000664A698A603E6091
:10315000D2F8A8000C4C2060D2F8AC000023C2F8D2
:10316000AC3080F3118804B5104600F011F9BDE8C9
:10317000044002F1300090E8F01F8CF3098870479A
:103180006447002004ED00E0284300201EF0040FF7
:103190000CBFEFF30880EFF30980816911F8021C7E
:1031A0000229FFD001B5724612F0AEFC01BD00BF8E
:1031B00040B2002807DB044A4109012300F01F0048
:1031C000834042F82130704700E100E040B200281F
:1031D0000CDB4309064900F01F0020330122824026
:1031E00041F82320BFF34F8FBFF36F8F704700BFAD
:1031F00000E100E0054B420900F01F0053F82220D7
:10320000012303FA00F01040704700BF00E100E026
:1032100040B2D30754BF023100210028ACBF00F1F7
:103220006040074A4FEA4113ACBF00F5614000F02F
:103230000F00DBB2B4BF135480F80033704700BFF7
:1032400014ED00E0044B054A23F07F039360BFF3C5
:103250004F8FBFF36F8F70470000000000ED00E05C
:1032600008B5FFF7EFFF074AD2F8883023F4700360
:10327000C2F88830FFF7D8FBFFF7E2FB00F05EF8FA
:103280000CF012FC00ED00E042F8203C009B42F8FC
:103290001C3C0A49019B42F8183C029B42F8143C32
:1032A00021F001014FF0807342F8043C42F8081C01
:1032B0000023203A0265C0F8AC307047FD0F0100D2
:1032C0000A4A0346906878B113F1160FD0F89800B7
:1032D00005D0A0F140029A4205D8834203D2814230
:1032E00028BF002070470020704700BF64470020BF
:1032F00008B515460C4A0D4B9060D0F8A8201A600E
:103300000E4600F045F82C4686F309880020044B51
:1033100098472046002100220023024C204700004D
:10332000355B0200FD0F01006447002028430020A8
:10333000014B10221A61704700ED00E004480023A1
:103340004021C2180133272B82F80013F9D17047AE
:1033500000E100E008B5EFF30583064A103B02EBFD
:10336000C30152F8330049688847BDE80840FFF7B9
:1033700003BC00BF18B40200024B034A03480121FA
:1033800000F08CB8000001200000002014BF0200F3
:10339000D0F89820054B403A1A60054A4021C3E90D
:1033A00001121846012100F083B800BF2C43002011
:1033B00000000B1508B503461048D0F89020C2F362
:1033C0000722013A934207D90D480E4A012112F013
:1033D000BDF96FF0150008BDC0F898300A6822F0FA
:1033E0001F021A4342F01002C0F89C208A6842F083
:1033F0000102C0F8A0201846EDE700BF00ED00E094
:10340000ACB7020028D70200F0B50E4685B01F46C3
:1034100004460025B5420DDA606810B397B1431E2B
:1034200018420AD0104A11482B46012112F08EF999
:103430006FF01502104605B0F0BD1F28F2D92168C3
:103440000B42EFD12368019312F097FBA36801A907
:103450000343D0B20393FFF7ADFF10F1160FE7D08F
:10346000421C01350C34D5E74ED70200ACB7020040
:10347000044B0522C3F89420BFF34F8FBFF36F8F27
:10348000704700BF00ED00E0BFF35F8F024B0022EA
:10349000C3F89420704700BF00ED00E010B5034C66
:1034A00001232278FFF7B0FF207010BD8A59002059
:1034B00008B50B4A00231278FFF7A6FF10F1160F8C
:1034C00007D0084A0021D2F89030C3F3072398426E
:1034D00000DB08BDC2F89800C2F8A0100130F2E786
:1034E0008A59002000ED00E02DE9F0435748584983
:1034F000D0F890300D68C3F307239D4285B000F2E9
:10350000A180FFF7C1FF49680022954201F10C013B
:103510001AD1504C504F25706846FEF7BBFFDFF8BC
:103520003C81DFF83C9106460025AE421FD123784E
:1035300046490020D1F89020C2F3072293427BDB5A
:10354000FFF796FF00204CE0C0F8982051F80C3CA3
:1035500023F01F03134343F01003C0F89C3051F8CD
:10356000043C43F00103C0F8A0300132CDE70098DD
:1035700000EB05114FEA051CCB683B40B3F5000F8B
:1035800044D00AD8B3F5001F2ED0B3F5800F34D045
:10359000B3F5801F10D00135C7E7B3F1807F3ED06F
:1035A000B3F1007FF7D150F80C3088684A6812F008
:1035B000E4FA40F4802009E050F80C3088684A684A
:1035C00012F0DBFA40F0885040F43020039001A95B
:1035D0002078CDE90123FFF7EDFE002828DA6FF00F
:1035E000150005B0BDE8F08350F80C3088684A68D3
:1035F00012F0C3FA40EA0800E8E750F80C30886897
:103600004A6812F0BAFA40EA0900DFE750F80C30D5
:1036100088684A6812F0B1FA40F08270D6E750F834
:103620000C3088684A6812F0A8FA40F08870CDE73C
:10363000237801332370AEE7C1F89830C1F8A000B9
:10364000013377E74FF0FF30CBE700BF00ED00E03C
:1036500020BF02008A5900200000F0FF000008117E
:1036600000000202F0B587B007460E46144600215E
:10367000102268461D4617F093FB02238DF8023096
:103680002A46054B019321466846CDE904760FF0A2
:1036900075FE07B0F0BD00BF9B5B020008B5024895
:1036A0000FF01EFDFEE700BF80D7020008B5024BF9
:1036B0001B689847002008BD38430020034B044A8C
:1036C0001860937843F002039370704738430020EA
:1036D000D415002008B50649064821F00701C1F1BC
:1036E000005202F5803211F0B8F8002008BD00BF8A
:1036F000EBA200203C43002070B54169867A0B4D57
:10370000044659B1437ADB0706D42C2303FB065346
:103710005B6A1B689B689847002363612C202146E5
:1037200006FB0050BDE8704016F0DDB8841A00209A
:10373000024B2C2202FB0030704700BF841A00208D
:10374000827A064B2C2101FB02339A6A1B7F1B33C2
:10375000801A23F00303B0FBF3F07047841A0020B3
:1037600038B5074B827A2C2404FB02335B6AD3E919
:1037700001240C601568FFF7E3FF04FB005038BD1F
:10378000841A00202DE9F04385B005466846039170
:1037900090461C4616F025FBDDE90067EFF3118922
:1037A000402383F31288BFF36F8F6B8B002B41D0C4
:1037B0002A8B9A4225D90022002328460CF0CCFB04
:1037C0000446F0B189F31188BFF36F8F039B002B80
:1037D00041D032463B46684616F028FBA27A264B7B
:1037E0002C2101FB023320465B6A1B6803A91D687C
:1037F000DDE90023A847606170BB2046FFF77CFF2E
:1038000024E0698B4B1E6B8389F31188BFF36F8FA4
:103810002B7F2A8BAC6A1B3323F00303521A02FB63
:103820000344154B154AEB1A9B105343A3722B7F8D
:10383000E372CBE789F31188BFF36F8F23464246CB
:1038400028460CF089FB04460028BFD100242046FE
:1038500005B0BDE8F0836361012300252381039B4C
:103860006382E27A6560294604F1180017F098FA3D
:1038700063692582E360EAE7841A0020A38B2EBAED
:1038800070B50D4C2C2500B970BD037A4668002B2D
:10389000FAD0013BDBB20372002BF5D1C360436069
:1038A000837A05FB03431B6A13B198473046EAE766
:1038B000FFF722FFFAE700BF841A0020044A012321
:1038C000C2F840354FF080420020C2F8783570478A
:1038D00000E0014048B1054B054A1B68B3FBF2F319
:1038E0005843044B43F0010318477047B8180020B1
:1038F00040420F0050BB0200BFF34F8F0549064BFB
:10390000CA6802F4E0621343CB60BFF34F8F00BF7D
:10391000FDE700BF00ED00E00400FA0508B504482B
:10392000044A3F23C0E900230BF0AEF8002008BD95
:1039300048430020FFFF01000E4B402970B528BF0F
:1039400040210D4C46181D46B04203F1020304D13C
:10395000002305F81130074870BD02781209A25CF7
:1039600003F8022C10F8012B02F00F02A25C03F8FE
:10397000012CE9E7A9590020FFD7020030B50378F0
:103980008BB0044607AD032B21D8DFE803F0021A01
:103990001C1E12492846FBF79CFE0595637804938C
:1039A000A3780393E37802932379019363790093D7
:1039B000A3790B4A0B481E210FF0B2FB09480BB04C
:1039C00030BD0949E6E70949E4E70949E2E7094A60
:1039D0000A2128460FF0A4FBDFE700BFBAD7020098
:1039E000DCD702008B590020C1D70200C8D70200E3
:1039F000D2D70200A8F202002DE9F341234DBFF314
:103A00005B8F98462B68BFF35B8F1746DA07044637
:103A100020D538B91E4A1F48012111F08EFE6FF0E3
:103A2000010018E001A911F087FF1B49024620465A
:103A300017F0CEF90028F2D1BFF35B8F2B68BFF3EC
:103A40005B8FC3F3C0061B0708D5144A1148022137
:103A500011F073FE002002B0BDE8F081A5F1D4049E
:103A6000072221464046B84706280AD80C4A09488A
:103A7000012111F062FE45F8D46CE671C4F80360D0
:103A8000E8E70723B0FBF3F0E071E3E7BC140020A4
:103A900017D802002CB70200CFD7020038D8020096
:103AA0005CD802002DE9F04188B09C79DDF83880BF
:103AB0005D791E79DF7893F802C093F801E01B78F6
:103AC000B8F1000F0ED0CDE90638CDE904CE13468B
:103AD000CDE90267CDE90045084A0FF021FB08B0A7
:103AE000BDE8F081CDE905E3CDE9037C1346CDE9DE
:103AF0000156034A00940FF013FBF0E781D802004F
:103B0000A5D8020010B5FEF7CBFE044628B1044A42
:103B100003460121034811F019FE204610BD00BFE5
:103B2000C6D802002CB7020070B504468CB01E4601
:103B30001546A2B129B10A4602A8042111F0C3F921
:103B400002A900912B462246242103A8FFF7AAFFD1
:103B5000109A314603A8FEF7E3FC0CB070BD034693
:103B6000044A242103A80FF0DBFA0028F0DA6FF0F2
:103B70001500F2E7EBD8020007B50B4B0B48DA79DA
:103B8000C2EBC202009200221146FFF7CDFF0346AE
:103B900038B1074A0748012103B05DF804EB11F082
:103BA000D5BD03B05DF804FBE8130020CFD70200B9
:103BB000F1D802002CB7020030B504468DB015468E
:103BC00092B129B10A4602A8042111F07CF902A998
:103BD00000912B462246242103A8FFF763FF03A888
:103BE00011F082FE0DB030BD0346054A242103A822
:103BF0000FF096FA0028F2DA6FF01500F2E700BF36
:103C0000EBD8020007B5009313460A460146034865
:103C1000FFF78AFF03B05DF804FB00BF46F0020027
:103C20000A4601460148FFF7C7BF00BF46F0020041
:103C300007B5009313460A4601460348FFF774FF91
:103C400003B05DF804FB00BF40F002000A460146E5
:103C50000148FFF7B1BF00BF40F0020007B5009375
:103C600013460A4601460348FFF75EFF03B05DF8BE
:103C700004FB00BF63EF02000A4601460148FFF75C
:103C80009BBF00BF63EF020007B50022034600910F
:103C900003481146FFF748FF03B05DF804FB00BF7F
:103CA00038F0020008B502480CF09AFB002008BD6D
:103CB00054160020F8B51E4DBFF35B8F2B68BFF381
:103CC0005B8F13F0010F2E462FD015F8CD3CA5F1D8
:103CD000D4078BB901F068FE044630B1154A164886
:103CE000012111F02AFD2046F8BDFB7923B901F02E
:103CF0006BFE04460028F1D1BFF35B8F2B68BFF346
:103D00005B8F5A0701D400F023FFBFF35B8F56E8A7
:103D1000003F23F4006246E800210029F7D1BFF3F9
:103D20005B8F1B0501D5FFF7BDFF0024DBE700BF5C
:103D3000BC1400200CD902002CB7020007B5009378
:103D400013460A4601460348FFF7EEFE03B05DF84E
:103D500004FB00BFC3F402000A4601460148FFF716
:103D60002BBF00BFC3F4020030B50B4D0B4B87B027
:103D7000002428460393CDE9044415F08CFE03ABE0
:103D80000093284606490A234FF4E8620CF02EFB04
:103D9000204607B030BD00BF503000203FD90200A0
:103DA00000630020014601480CF060BB5030002049
:103DB0000146014815F044BE503000200378012B25
:103DC00030B513D0022B27D07BB9194B0A4603F12B
:103DD000100453F8045B42F8045BA342F9D11B784A
:103DE000137043884B731B0A8B7330BD104B0A460C
:103DF00003F1100453F8045B42F8045BA342F9D1C9
:103E00001B78137043684B73C3F307221B0CCB73EF
:103E10001B0A8A730B74E8E700F1100350F8042BB7
:103E200041F8042B9842F9D103780B70DDE700BF0D
:103E300048D9020010B512F037F815F08EFE0E4C7E
:103E400030B1BFF35B8F2368BFF35B8F7BB910BDCD
:103E50000CF000FEBFF35B8F2368BFF35B8F1BB9D1
:103E6000BDE810400CF00ABE0A209847F8E7BDE80C
:103E700010400A20184700BF5043002038B50446C0
:103E8000084811F09BFE054648B1631EDBB21F2BAC
:103E900096BF054A0021D15C0C3011F0FEFE284689
:103EA00038BD00BF601B002059D90200054BBFF38D
:103EB0005B8F53E8002F43E800010029F9D1BFF3DD
:103EC0005B8F7047504300200F2810B50CD80D2889
:103ED0000CD90A4811F072FE044618B104210C30C6
:103EE00011F0DBFE204610BD1328F2D009B10448C2
:103EF000F0E7BDE810400220FFF7C0BF8C1B002098
:103F0000DC1A0020C368034A1B780348022112F020
:103F100062B800BF88D90200F4B60200F8B50646C0
:103F20000F4603F005F9044640B18378012B24D0F5
:103F3000132112F079FB204602F0B8FC39463046D6
:103F400007F0D6FC054628BB3946304606F03CF95A
:103F5000144B1B6823B31C6804B10C3C53F8043C9D
:103F600013B1394630469847D4B12346E4689B687C
:103F7000A4B10C3C002BF4D1F7E70023D0F8A450F7
:103F8000C0F8A430132112F04FFB204602F08EFC43
:103F9000002DD3D0284613F08CFED5E7002BE0D1BE
:103FA000F8BD00BFC843002070B5C6683378B6F8C6
:103FB000014083B90F21204602F0A0FDF3780546A9
:103FC00050B90A4A118831B96FEA04506FEA1050AB
:103FD0001080074A137070BD0373012102F0A6FC24
:103FE0002846BDE8704002F061BC00BF9E4E002034
:103FF0002A5A002070B5C3681D78BDB9B3F80160B6
:104000000F21304602F07AFD044638B93346084A9B
:104010000848BDE87040012111F0DDBF294602F0DB
:1040200085FC2046BDE8704002F040BC70BD00BF7A
:10403000B0D90200F4B6020010B5C368B3F801406D
:104040000121204602F05AFD38B92346054A0648A8
:10405000BDE81040012111F0BEBFBDE8104002F0E4
:1040600025BC00BFD6D90200F4B6020010B5C36863
:104070001C880121204602F041FD38B92346054A3B
:104080000548BDE81040012111F0A5BFBDE8104072
:1040900002F00CBCD6D90200F4B6020010B5012122
:1040A0000C3011F01BFEBDE810400378024A0348B3
:1040B000012111F090BF00BFFAD90200F4B602004E
:1040C000014610B5084811F07DFD0849084815F073
:1040D000B7FC031E06DABDE81040064A0648012177
:1040E00011F079BF10BD00BF3415002074160020F8
:1040F000283100201CDA0200F4B6020010B5084C8A
:104100000146062294F86F0003F064F838B994F879
:104110006F000449BDE81040052203F05BB810BDF4
:10412000E8130020A0D70200024A0348012111F041
:1041300041BF00BF39DA0200F4B6020070B5C568AD
:10414000B5F801600121304602F0D8FC044638B9C8
:1041500033460D4A0D48BDE87040012111F03BBFC8
:104160002B783BB9D5F80330C0F89930D5F8073033
:10417000C0F89D30201D4FF4803111F01DFF204606
:10418000BDE8704002F092BBD6D90200F4B602003E
:10419000B0B50B460D8A00AF04462946D868FFF734
:1041A000CBFB8AB06A46094BC2E9053440F20243B0
:1041B0009384074BC2E9075042F8103F054800239B
:1041C0004FF43251FDF724FEBD46B0BD53DA020074
:1041D00005000001F4B60200B0B53C2800AF04466B
:1041E0001AD101F0DBFD6FF48071103011F0FAFE8E
:1041F0000020FFF783FF054630B9124A124801211B
:1042000011F0D8FEBD46B0BD0473002102F08EFB54
:10421000284602F04BFBF5E76D468AB06A460B4B29
:10422000C2E905300A4BD36140F201331384094BD4
:1042300042F8103F044800234FF41251FDF7E8FD07
:10424000AD46DFE775DA0200F4B6020096DA020046
:104250000DD20200040000012DE9F74FDFF81CA188
:10426000BFF35B8F80468946174600235AE8004F0C
:104270004AE80032002AF9D1BFF35B8F264644B9E1
:104280003F4A40484346012103B0BDE8F04F11F0DA
:10429000A2BE2046FFF754FA3B4D4FF00C0B0BFB30
:1042A0000050438843451FD02046FFF749FA0BFBD7
:1042B00000504388354A009332484346012111F0AB
:1042C0004FFABFF35B8F5AE8003F4AE80062002ACA
:1042D000F9D1BFF35B8F002B4DD01E46304603B0A3
:1042E000BDE8F04FFFF7CCBAA74208D0204611F046
:1042F00060FC3A8AF96804F10C0011F0C5FC204614
:10430000FFF71EFA0C2707FB00504368ABB1B9F169
:10431000000F12D12046FFF713FA07FB00500121CE
:104320004268D2E90003127A03F01F07B9405B0923
:10433000DAB100EB830011F03FFE2046FFF700FAF0
:104340000C2707FB00508368002BC7D02046FFF7DF
:10435000F7F9784305F800902046FFF7F1F907FBDD
:104360000055A8680BF02AFEB8E7C94300EB8300AC
:1043700011F038FEE1E703B0BDE8F08F3015002002
:10438000B2DA0200F4B6020054430020DADA020086
:1043900037B502EBC303044608469A4202D16FF0D8
:1043A0005E0010E0114611F8085BA54211D1038AA6
:1043B0005178994209D90848084A0094012111F01E
:1043C000CFF96FF0150003B030BD53689847002057
:1043D000F9E70A46E1E700BFF4B602000DDB020090
:1043E0002DE9F8430C460CF035FBE168238A0A7886
:1043F000022A71D0042A0BD013463C483C4A0121C2
:1044000011F0E9FD2046FFF73BFA6FF015040AE0D2
:10441000022B0DD8374A3548012111F0DCFD20462A
:10442000FFF72EFA00240CF029FB2046BDE8F883A4
:1044300048783E280AD1032B01D12F4AEBE7CB78ED
:10444000012B01D00A2B47D1032604E011F0A0FD77
:104450000646F0073ED504F10C05284611F056FC3F
:10446000012107462846B4F8109011F02FFC0221D4
:10447000284611F033FC804600783E2816D1E368C8
:104480001B78012B2CD00A2B2AD002251B4A1C4951
:104490001C4841F2451310F09FFA002383F3118862
:1044A000BFF36F8F0323184602DF04E011F070FDA5
:1044B000C1070546EAD5144A98F8000006232146AC
:1044C00011F0ACFDAA070DD56369A4F8109013FA9A
:1044D00087F7E760B307A5D52046FFF7F1FDA1E711
:1044E0000325E8E72046FFF7CBF9F3E7F4B602002F
:1044F000D5DB02002FDB02004BDB02006BDB02008E
:104500009FDB0200B8DB02008CBF020010B5012166
:1045100004460C3011F0E2FB2146034A0078BDE866
:104520001040022311F07ABDBCBF020073B53E48B3
:1045300011F05DFB0446002873D000F10C052846FD
:1045400011F0D4FB0228034603D0042847D0374A91
:1045500003E0238A032B05D8354A3648012111F0A0
:104560003AFD13E00421284611F0B8FBFF234288EE
:1045700006882376238AC6F30B009A42608309D00B
:104580002C48009201212C4A11F0EAF82046FFF74E
:1045900077F912E00F2102F0B1FA054610B9638BEA
:1045A000264ADAE702F0D0FA320B20762146284676
:1045B00002F002F9284602F079F9214BD3F84C3188
:1045C0007BB32049204815F03BFA031E29DA1F4A25
:1045D0001848012102B0BDE8704011F0FCBC28462B
:1045E000022111F07BFB054600783E2812D011F025
:1045F000CFFC10F002060DD1154A1649164840F6B8
:10460000A84310F0E9F986F31188BFF36F8F0323F5
:10461000184602DF114A28780623214611F0FEFCD5
:10462000B4E702B070BD00BF341500207EDC02008C
:10463000E9DB0200F4B602000ADC02002EDC020014
:10464000E813002074160020283100201CDA020034
:104650006BDB020050DC0200B8DB0200CCBF0200C2
:1046600010B5012104460C3011F038FB2146034AF5
:104670000078BDE81040082311F0D0BCFCBF020058
:10468000F8B5012100AF04460C3011F027FB067885
:10469000114A002321463046FFF77AFE5F3019D1D8
:1046A000258AE0682946FFF747F96C468AB06A46D2
:1046B0000A4BC2E9053640F202439384084BC2E933
:1046C000075042F8103F074800234FF43251FDF7DE
:1046D0009FFBA546BD46F8BD3CC0020092DC02002F
:1046E00005000001F4B602002DE9F04F83B0D0F8C8
:1046F0000C80018A98F80040012303EB84038B426D
:1047000000AF63D96D468AB06A463348C2E90731C3
:104710000523C2E9050442F8103F304800234FF456
:104720002151FDF775FBAD460C37BD46BDE8F08F56
:104730002B4A2A484B46012111F04DFC013598F8CF
:1047400000309D42F0DA08EB85030F21B3F80190A9
:10475000B3F80360484602F0D1F904460028E7D0D8
:1047600000F1C00936B1636943B91C485A460121BA
:1047700011F020FC204602F099F8DFE7A1691A68E1
:1047800062618B4208BFA26120467B6001F0B2FFEC
:104790000BF014FC7B68C3F800A0226A9AB9C4E944
:1047A0000733BFF35B8F59E8003F013B49E8003214
:1047B000002AF8D1BFF35B8F00212046013E01F0B3
:1047C000A5FFB6B2CEE713602362EAE70025DFF863
:1047D00014B0AA46B3E700BFC4DC0200F4B602007E
:1047E000EFDC02000BDD020073B5C568B5F80160AF
:1047F0000121304602F082F9044640B93E4A3F4862
:104800003346012102B0BDE8704011F0E4BB2B78C3
:104810001A2B00F1040619D1C378012B50D14FF4A3
:104820008041304611F0C8FB42040FD4D4F88C30DC
:1048300000936946D4F894300193204602F0C8FFF3
:10484000204602B0BDE8704002F030B82B78BBBB08
:10485000B5F803302A4940F2E2425343C4F88830A5
:10486000B5F80520A4F89020B5F80720A4F8922008
:10487000A3F5EA520C3A8A4204D9224A1F4802217F
:1048800011F0A9FBB4F89030B3F5FA7F04D31E4AB7
:104890001A48022111F09FFBB4F89230A3F10A02EA
:1048A00092B240F676418A4204D9184A134802214E
:1048B00011F091FB6FF48051304611F093FB17E03B
:1048C000BFF35B8F6368BFF35B8FDB04F2D52B789C
:1048D000202BEFD194F89830002BEBD0013B84F8DB
:1048E00098304FF42032002304F140000BF0E8FD33
:1048F000204602F009FBA3E7D6D90200F4B6020075
:1049000095F03C0022DD020049DD020070DD02006E
:10491000094BBFF35B8F1A68BFF35B8F02F00B028A
:10492000BFF35B8F53E8001F43E800200028F9D154
:10493000BFF35B8F704700BFBC14002010B5C1E906
:1049400000239DF808300B720C46FEF7F9FE034B6E
:104950000C2202FB00335C6010BD00BF54430020FA
:10496000F8B502460B46104811F028F90446C0B1CC
:1049700004210C3011F077F92046FEF7E1FE0B4DD3
:104980000C2707FB0050002646802046FEF7D8FE85
:1049900007FB005086602046FEF7D2FE07FB00555D
:1049A0006E602046F8BD00BF341B00205443002039
:1049B00037B504460D468DF80700A0B929B10B495B
:1049C0000722284616F0F4F940B909490DF107020B
:1049D000002006F0F5FE002003B030BD2946204639
:1049E000FFF79CFAF7E76FF01500F5E7A7D702008D
:1049F000DB5F020029289ABF014B185C0920704731
:104A0000D6E0020070B5C368B3F801601D780F21CD
:104A1000304602F073F8044638B93346184A19484C
:104A2000BDE87040012111F0D6BA65B12846FFF704
:104A3000E1FF29460246204602F026FB2046BDE85B
:104A4000704001F033BF8678012EEFD106F0CEFD25
:104A5000204611F085FA0028E8D10520FFF7CAFFAB
:104A600005210246204602F00FFB3146064A054862
:104A700011F0A0FA0521204611F0D6FDDEE700BFB7
:104A8000B0D90200F4B602009CDD02002DE9F0412D
:104A9000C668B6F8017035780F21384602F02EF856
:104AA000044638B93B46214A2148BDE8F04101217E
:104AB00011F091BA45B12846FFF79CFF29460246FE
:104AC000204602F0E1FA08E0F278C37A934209D175
:104AD000184A1748022111F07EFA2046BDE8F0413D
:104AE00001F0E4BE8378C272012B05D00020FFF7ED
:104AF00081FF00210246E3E70AB106F077FD204678
:104B000011F02EFA0028F1D10520FFF773FF0521DF
:104B10000246204602F0B8FA074A0548012111F082
:104B200049FA0521204611F07FFDD6E7B0D90200F1
:104B3000F4B60200C2DD02009CDD0200034B014618
:104B4000D3F86C0182689268104700BFE813002018
:104B50000148042111F030BABC140020004870470D
:104B6000A8CC020001480BF03BBC00BF641600203B
:104B700070B505460C4659B94FF0FF304FF0FF3184
:104B8000FFF7EEFE044618B96FF06805284670BDC1
:104B90002046FEF7D5FD194B0C2202FB0033A61868
:104BA00030465D8011F0B2F803280BD9032130465E
:104BB00011F07BF80580238A033B83700121304686
:104BC00011F07BF840F635439D420FD12046FFF7A8
:104BD000B5FF05460028D9D00346094A09480121F6
:104BE00011F0F9F92046FEF74BFECFE706482146C3
:104BF00014F06EFE0025FFF7B5FFC7E75443002011
:104C0000F1DD0200F4B602003C150020F0B5C568E5
:104C10002F88BCB287B00121204601F06FFF064605
:104C200040B9284A28482346012107B0BDE8F04092
:104C300011F0D1B902ACD5F80220D5F806300194B4
:104C40006989009112F030FF48B34FF0FF304FF008
:104C5000FF31FFF785FE054648B91C4A1A48012175
:104C600011F0A8F9304601F021FE07B0F0BD122185
:104C70000C3011F003F80346224623F8027B06AFFE
:104C8000144603CCBC4218605960224603F1080365
:104C9000F6D1294642F21A00FFF76AFFE2E74FF029
:104CA000FF304FF0FF31FFF75BFE04460028D4D001
:104CB00002210C3010F0E2FF2146078042F21B0077
:104CC000EAE700BFD6D90200F4B6020013DE020004
:104CD00073B5C368D9789A781E8842EA0122ADF884
:104CE000002059791A7942EA0122ADF80220D979D7
:104CF0009A7942EA0122ADF804201A7A5B7AB4B2BA
:104D000042EA032301212046ADF8063001F0F6FE09
:104D1000054658B91D481E4A0121234611F05BF98A
:104D20000221204611F0D2F902B070BD694602F0AE
:104D30003FF938B91E21204611F0C8F9284601F084
:104D4000B5FDF1E74FF0FF304FF0FF31FFF708FE00
:104D500004460028F2D00E210C3010F08FFF002303
:104D60000680C0F80A30BDF800304380BDF802303C
:104D70008380BDF80430C380BDF80630038121462E
:104D800042F22000FFF7F4FED8E700BFF4B60200BD
:104D9000D6D9020038B502460B462B4DD5F8541132
:104DA00009B9002038BD05F598700BF041F90028CD
:104DB000F7D10022002305F5AA700BF0CDF80446C8
:104DC00068B9224A2249234840F6B8430FF004FE4E
:104DD00084F31188BFF36F8F0323184602DFD5F8E1
:104DE00048315BB11C4A1D48012111F0E3F8D5F8A8
:104DF0004801FEF745FD0023C5F84831204610F074
:104E00000CFFC5F848012046FFF798FE0346C8B1DD
:104E1000134A1248012111F0DEF812480BF0CEF8C7
:104E20002046FEF78DFC104B0C2202FB0033588805
:104E300018B122461F21FFF70FFA2046FEF720FD8A
:104E4000FFF790FE0120ADE7E81300206BDB0200C6
:104E50007CD90200B8DB02002ADE0200F4B60200B0
:104E6000F1DD020018150020544300202DE9F04F19
:104E700087B0064600AF90460C4671B94FF0FF3040
:104E80004FF0FF31FFF76CFD044668B96FF068051D
:104E900028461C37BD46BDE8F08F887AFEF748FCEF
:104EA000534B834240F09D8001220021384614F08C
:104EB00028FD2046FEF744FCDFF838B10C2303FB45
:104EC00000B08760204610F0A8FE01463046FFF78C
:104ED0004FFE054618B12046FEF7D2FCD8E716F083
:104EE00089F9454B1A58454B9A421ED1444814F053
:104EF00004FD002182464FF4A020FFF74BFF8146BE
:104F000088B9404A404941484FF4F9730FF064FDB5
:104F10003F4831460FF060FD89F31188BFF36F8F72
:104F20000323184602DF5445E0D14FF4A0220023AA
:104F300038460BF07DF8814698B14FF4FC73314A46
:104F4000344932480FF048FD33484A4631460FF0A5
:104F500043FD002383F31188BFF36F8F03231846AB
:104F600002DF2046FEF7ECFB0C2358431BF80090B1
:104F7000B9F1000F2ED06D468AB06A46274BC2F8B1
:104F80001C90C2E90536264B136240F2024393841B
:104F9000244B42F8103F244800234FF43251FCF7D1
:104FA00037FF2046AD46A9F10909FEF769FCB9F1C2
:104FB000090F0CD8DFE809F0180B0B08050B0B0BD9
:104FC0000B156FF00B0563E76FF00C0560E76FF0F2
:104FD00004055DE7B8F1000F3FF47DAFC8F800406D
:104FE00056E76FF0150553E76FF06E0550E700BF09
:104FF000341B00205443002008000000E040002043
:105000003C1500206BDB020045DE0200B8DB02002D
:105010004DDE02006DDE020076DE0200BBDE020025
:105020000DD2020005000001F4B6020073B5064679
:105030000D4601AA002142F22F00FFF717FF044698
:1050400038B1154A1548012110F0B4FF204602B0CE
:1050500070BD0198C368B3F801203280B3F8033003
:105060002B80FEF70DFC3388A3F11B02E02A04D944
:105070000B4A0A48022110F0AEFF2B88A3F5A47258
:1050800092B244F248118A42E0D9064A034802210A
:1050900010F0A1FFDAE700BFDADE0200F4B602008A
:1050A000FADE02001FDF020010B5FAF775FC034BB1
:1050B0001B6813B1BDE81040184710BD78430020AD
:1050C00073B52D4D0646D5F86C0114F0B4FA48B905
:1050D0002A4A2B48012110F06DFF6FF01204204680
:1050E00002B070BD6FF0020105F1D40010F07AFF3C
:1050F000012110F061FFC3073AD4FEF703FD044617
:105100000028ECD11F4B1E600122114605F5987056
:1051100014F0F7FB05F5AA7014F0CEFB1A4814F052
:10512000BAFC1A49184800946FF0070340F6980239
:105130000BF05CF9164914480BF036FAD5F86C01FF
:10514000144983681B689847044630B10346124AE5
:105150000B48012110F03FFFC1E726B902B0BDE8BE
:105160007040FAF719BC05F1C4000BF039F9B6E745
:105170006FF07704B3E700BFE813002045E00200BA
:10518000F4B602007843002028310020806A002015
:105190005DE00200E143010066E002002DE9F04716
:1051A00084B05C4BB0F80190198849F47042914288
:1051B0004FF0000608BF1E80054608BF564B00AFE3
:1051C00008BF1E7800F0FEFAEB78012B08BF534BA6
:1051D00005F1040840460CBF93F86F40002410F01E
:1051E0005FFE414670B307F1080010F04EFED5F89F
:1051F0001130C7F80130B5F81530A7F805304FF079
:10520000010AEB78012B32D04046FEF7B7FB6C4623
:1052100088B06A46424BC2E905304FF4007393836D
:10522000404B42F8103F40484FF4E2510023FCF756
:10523000EFFD1321A546484610F064FF1037BD4628
:10524000BDE8F087204611F0C8F803460068B86052
:105250009A889B796868BA81BB73B8F8042098F87B
:10526000063095F804A03860BA80BB71C9E707F131
:105270000800FEF743FF04460028C5D00346B5F8F2
:10528000012023F8702BB868BA7BB98920679A711E
:105290009980B5F8173040F2E2425343C4F88830A1
:1052A000B5F81930A4F89030B5F81B30A4F8923056
:1052B000EB78E3700022012B22731AD187F800A04B
:1052C000BA88BB793868A4F87B2084F87D30C4F8AC
:1052D000770000F063FD237A1049C3EBC3035A182B
:1052E000CB58C4F87E309388A4F88230937984F840
:1052F00084300721204601F019FB26B126730121D5
:10530000204601F013FB204601F05AFC204601F034
:10531000CDFA93E79E4E00202A5A0020E813002081
:1053200082E0020003000001F4B6020000B5C36889
:10533000187889B020B109B05DF804EBFEF74CBFD6
:10534000B3F80120ADF80120DA788DF800008DF86F
:105350000320B3F80B20ADF81720B3F80D20ADF8FB
:105360001920B3F80F20ADF81B205A7C8DF81D20B2
:10537000586801901A899B7A8DF80A30094BADF86C
:10538000082068461A689B88CDF80B20ADF80F30CE
:10539000CDF81120ADF81530FFF700FF09B05DF82A
:1053A00004FB00BFB4D7020038B5042104460C301A
:1053B00010F094FC034640885D7818B119782246B5
:1053C000FEF74AFF35B104480AF0F8FDBDE8384061
:1053D000FFF7C8BB38BD00BF18150020B0B50321CA
:1053E000044600AF0C3010F079FCE3680578B0F8A3
:1053F0000100197840F63543984216D16C468AB0C0
:105400006A46104BC2E905310F4BD36140F20133BC
:1054100013840E4B42F8103F0D4800234FF41251F5
:10542000FCF7F6FCA546BD46B0BD10B12246FEF71E
:1054300013FF002DF7D007480AF0C0FDFFF792FBDD
:10544000F1E700BF9EE002000DD20200040000015F
:10545000F4B6020018150020F8B50A4DEF7906469B
:105460000024E3B29F4202D86FF0010007E0294612
:10547000304610F0DCFE0735631C08B12046F8BD4D
:105480001C46EEE7E813002037B504460D46B9B1D7
:105490001649284610F0CBFE90B91548C4EBC40459
:1054A0002946204410F0CDFE124810F0D1FE4307EB
:1054B00003D5FEF7F7FB10F08AFC002003B030BDE7
:1054C000684610F0D4FC0028F8D16846FFF7C4FF06
:1054D0000028F5DA064BC4EBC4001844694610F006
:1054E000B0FE002DE0D001462846DBE7A7D702003A
:1054F000E8130020BC14002070B51A4E0622314675
:10550000054615F055FC38B34FF0FF304FF0FF3132
:10551000FFF726FA044608B3062229460C3010F09D
:10552000B3FB2146002242F20500FFF79FFC044630
:1055300048B110F10D0F04D10B4A0C48022110F0B4
:105540007EFE204670BD33462A6843F86929AA8842
:10555000B280012283F868200024F2E76FF068042B
:10556000EFE700BF5114002051E10200FCB6020039
:10557000084BBFF35B8F53E800CF4CF4806C43E8DB
:1055800000C2002AF7D1BFF35B8F037A194301727F
:10559000704700BFBC140020F7B50021044602226A
:1055A000084601F017FE064648B120460121FFF7E4
:1055B000DFFF304603B0BDE8F04001F077B93B4D66
:1055C00001463B4800F0E4FB95F823317BB13046BF
:1055D00010F081FE58B1374A0221374810F02FFEF3
:1055E0003648002103B0BDE8F04000F0D1BB95F88B
:1055F000232195F822319A4218D1314A2E480221AE
:1056000010F01DFE0022114642F22900FFF72EFC89
:1056100010B12C4A0121E0E795F82331013385F8D8
:105620002331237A43F004032372D9E72246671C0F
:1056300012F82A0B394610F011FE064610B1224A24
:1056400001210EE095F82331013385F82331237AC7
:1056500043F00403237295F8A7305B0708D41B4A74
:105660000221154810F0EBFD012010F034FEB7E7E1
:105670003946684610F0E5FD01234FF0FF304FF04A
:10568000FF318DF80730FFF76BF9044660B108224F
:1056900069460C3010F0F8FA3246214642F24E00CC
:1056A000FFF7E4FB0028DFD0094AC9E7E813002030
:1056B000A363020060E10200FCB60200096302007D
:1056C00085E10200B6E10200D6E10200F6E1020047
:1056D00020E2020000212DE9F041022204460846A2
:1056E00001F078FD054640B120460221FFF740FF5A
:1056F0002846BDE8F04101F0D9B801462A4800F03B
:1057000047FB284610F0E7FD284D064688B1284A99
:1057100003460121274810F019F895F8233113B1F9
:10572000012010F0D8FDBDE8F0412348002100F031
:105730002FBB95F8233195F822219A420CD2013BD8
:1057400085F82331237A1D4923F00403024623728E
:10575000022006F057F8E0E74FF0FF304FF0FF313E
:10576000FFF7FEF804F10108074668B107210C3085
:1057700010F084FA414610F064FD3246394642F298
:105780002800FFF773FB28B10D4A0A48012110F0E9
:1057900056FDC2E795F82331013B85F82331237A82
:1057A00023F004032372B8E7A3630200E813002088
:1057B0003BE20200FCB6020009630200C162020083
:1057C00068E202000A4BBFF35B8F53E8002F22F41C
:1057D000806143E800100028F7D1BFF35B8F5305C9
:1057E00004D504490022022006F00CB8704700BF1F
:1057F000BC140020396402001FB50023CDE9023338
:1058000001908DF80C1001AA0349022005F0FAFF5F
:10581000029805B05DF804FB7963020010B40346FA
:1058200070B10A4991F8224191F823210CB19442B8
:1058300008D2013281F823211A7A42F004021A7246
:1058400010BC704710BCFFF7A7BE00BFE8130020D4
:1058500010B4034698B10B4C94F8221194F823210C
:1058600029B101318A4203DC10BCFFF733BF12B10A
:10587000013A84F823211A7A22F004021A7210BC29
:10588000704700BFE813002070B50446B1B9C0B13D
:105890001F4910F0CCFCA0B92046FFF7DDFD002821
:1058A0002FDA2378012B04D1A37903F0C003C02B96
:1058B00007D0184A1848012110F0C1FC6FF01500FC
:1058C00070BD164DEB79012B1ED005F1D40010F000
:1058D000BFFCC30707D4002CF0D00D49204610F0C0
:1058E000A6FC0028EAD1EE792146731C3046EB7104
:1058F000FFF7CAFD08B93046E2E7EB79013BEB71EF
:10590000DEE76FF07700DBE76FF00B00D8E700BF52
:10591000A7D702008DE20200FCB60200E8130020C7
:105920002DE9F341044640B91A4A1B48022110F000
:1059300086FC002002B0BDE8F08101AA002141F2FE
:105940000900FFF793FA054608B1144AEDE7019EF6
:105950001349D6F80C8008F101070622384615F0E5
:1059600027FA28B10F490622384615F021FA18B94E
:105970003046FDF785FFDCE7D8F80130C4F8013088
:10598000BB88A4F8053030462570FDF779FF01206B
:10599000D0E700BFBBE20200FCB60200D4E2020086
:1059A000B4D70200AED7020007B56846FFF7B8FFCC
:1059B000044BD87118B169460020FFF765FD03B0AC
:1059C0005DF804FBE8130020F0B5304DEC7989B0A8
:1059D000002C53D195F8C26016F0010610D12C4A64
:1059E0002C48022110F02BFCEC7116260024012714
:1059F000EB79E0B298422CD3002B3FD000203BE063
:105A00006A4621464FF60940FFF730FA08B1224AAC
:105A1000E6E7DDF800C0DCF80C104B7823B96046EF
:105A2000FDF72EFF1D4ADBE78B1C02AA01F11204D1
:105A300018685968174603C70833A3423A46F7D196
:105A4000186838609B88BB806046FDF719FF3446B4
:105A5000CAE708AB06FB0033694653F8182C33F845
:105A6000143CCDF80120ADF805308DF80070FFF73B
:105A70000BFD01340028BBD009B0F0BD0021084661
:105A800009B0BDE8F040FFF7FFBE00BFE8130020FB
:105A9000F2E20200FCB602001EE302003EE3020056
:105AA0002DE9F0410D4617461C46064650B14BB154
:105AB0000A03037811D56D0708D52E4A2E48012117
:105AC00010F0BDFB6FF01500BDE8F08110F099FCFF
:105AD0000028F9D101232370F6E7A9072ED0274823
:105AE0000FB1AA0608D4C3EBC302825C012A13D00B
:105AF00002B922700020E7E790F8D820510635D58A
:105B0000C3EBC302825C012A06D002B9227023785B
:105B100043F002032370EDE74FF00108072111FB6A
:105B200003810144304610F064FC0028CCD184F895
:105B30000080002FDED0AB06DCD5E8E76A0712D57F
:105B40000E49C3EBC3028E5C012E09D1072212FB62
:105B50000363194410F04DFC0028B5D12670EAE724
:105B6000002EE8D1FAE710F04CFCB3E76FF08500A7
:105B7000AAE700BF67E30200FCB60200E8130020BA
:105B80002DE9F74F8A4601904FF0FF314FF0FF307B
:105B9000FEF7E6FE044600284ED020210C3010F01F
:105BA0006DF82022002180464FF0000915F0F8F82A
:105BB000DAF8007008F1010B4D46DAF8042091453F
:105BC00009D3019888F800500022214603B0BDE8AF
:105BD000F04FFFF74BB97A7897F800C0A81C8118EE
:105BE0001F2915D9BCF1090FC0F11F0201D1002AEC
:105BF0000CDC134A134801210FF09FFD2046FDF7EE
:105C00003FFE6FF0150003B0BDE8F08F4FF0080CB9
:105C1000D6B2711C0BF80510691CC9B202360BF81C
:105C200001C079685BFA80F02E4415F0ABF8F5B24C
:105C300009F101090837C0E76FF06800E3E700BF2A
:105C40008CE30200B4B60200F8B545686905064663
:105C500035D4046914B115F0030330D0194F3078EE
:105C6000FB7983422BD9C0EBC00017490722384487
:105C700015F09EF8A8B115F0030306D197F870202F
:105C8000082A02D8B2689F2A19D915F0300F09D016
:105C9000ACB1EA060AD405F46035B5F5603018BF3A
:105CA0000120F8BDEB0601D4002CF4D1D6E9022383
:105CB0009A4204D81F2A02D9B3F5804FEBD90020AD
:105CC000EFE700BFE8130020A7D70200F7B5CDE942
:105CD0000001694642F208009DF8207016461D46F4
:105CE000FFF74EFF044668B97FB9BFF35B8F0C4BDB
:105CF00053E8001F41F0040143E80012002AF7D1E5
:105D0000BFF35B8F204603B0F0BD694642F2090045
:105D1000CDE90065FFF734FF0028E6D00446F1E73F
:105D200010140020F8B50446164B14F8097B83F8CC
:105D30006F7005460E4607221349204615F038F8C5
:105D400070B91249384601F0C7F9044610B96FF02E
:105D50000B00F8BD052100F0E9FD34600020F8E7F4
:105D60002146384601F0FEF940B92146287801F075
:105D7000B3F904460028EAD00621ECE76FF01500DD
:105D8000E7E700BFE8130020A7D70200A0D7020072
:105D900003460148184700BF001400200048704720
:105DA000001400202DE9F04F8E4ED0F810B089B0CD
:105DB0009A460023BBEB03040546304618BF012476
:105DC000039310F05AFB0F464107914640F1EA80D9
:105DD0002846FFF739FF60B96FF0150438460023F5
:105DE00040F20111994540F0E680204609B0BDE837
:105DF000F08F284610F01CFB80460028ECD0A6F15E
:105E0000AC0010F03AFBC205C0F3002300F1CD80D6
:105E1000CDE90533CDF81B30AB686868ADF81030BC
:105E2000EB68ADF8123010F019FB8DF81D00BFF3D0
:105E30005B8F56E8003F23F4807346E80032002A67
:105E4000F7D1BFF35B8F2A7806F8BC2C06F8652CD7
:105E5000696822460DF11503A6F1BC00FFF720FE8C
:105E600004460028BAD1A6F1B303BBF1000F11D04C
:105E70002A69116846F8B31C9188998092799A71C1
:105E80006B689E074AD1980502D4BAF1000F59D029
:105E900002230BE0544A116846F8B31C91889279AA
:105EA00099809A716B689C07EDD05B468DF8143031
:105EB0004FF0FF304FF0FF31FEF752FD044600284F
:105EC00076D00F2204A90C300FF0DEFE214600220E
:105ED00042F20600FEF7CAFF044600287FF47EAFB8
:105EE000BBF1000F32D06B6899073BD13F480121CD
:105EF00010F0E4FA044600283CD03D4A3D48012118
:105F00000FF01BFC039D002D3FF468AF28460021D5
:105F100000F00CFD284600F0C9FC5FE713F0100FFD
:105F20000CBF012304238DF814302B691A68CDF8B7
:105F300016209A88ADF81A209B798DF81C304FF006
:105F40000008B5E703238DF81430F8E7129BCDF86D
:105F50000080524649463846FFF7B8FE04460028FE
:105F6000C1D03BE7214803A9FFF7DCFE0446002827
:105F7000BCD033E7039808B100F098FC6A681E486B
:105F800012F0030218BF0122092110F07CFA4246E8
:105F90000A2110F078FA6A680C21C2F3800210F02E
:105FA00072FA1BE76FF00A0418E76FF0770415E741
:105FB0006FF0680412E702888A4204D1426812B185
:105FC0001278D20702D4013308300BE70B490C4892
:105FD00013F067FD4FF47022002309480AF0A4FA79
:105FE00003E700BFBC140020A7D702000014002064
:105FF000A5E30200B4B60200101400208160010085
:106000001814002010B5184810F080FA174810F046
:1060100034FA0346DA05C0F3002023D5134810F004
:106020002CFA830515D512491248072214F0C0FE38
:1060300011490346087E93B91049052201F0CAF8B8
:10604000044630B10021017300F070FC204600F0DE
:106050002DFCBDE810400448002110F02FBA0622A4
:106060002131EBE710BD00BF001400201014002008
:10607000A7D7020009140020E8130020A0D70200CF
:1060800010B5FFF7BFFF034630B1044A0448BDE82E
:10609000104002210FF05ABB10BD00BFC0E3020048
:1060A000B4B6020070B59AB0414B02931822002199
:1060B00003A814F075FE44F2010309A8099310F037
:1060C00028FA099B049369463A4B059302A814F0F9
:1060D00060FA034638B3384A384801210FF036FBDE
:1060E0001F25374BBFF35B8F53E8001F21F00101E1
:1060F00043E80012002AF7D1BFF35B8F314E0AF05C
:10610000A9FC3468002C4BD0002DA4F104042E4DC2
:1061100018BF002523680BB1284698476468002CF7
:106120003ED0043CF6E701AB0098412209A914F0E7
:1061300002F9034608B1254ACEE7254A0DF12503A9
:106140000DF1650153F8040B42F8040B8B42F9D1B1
:1061500001AB20490098202214F09BF8034608B1B7
:106160001D4AB9E700980BF0BBFD054610B11B4A6C
:106170000346B1E71649144810F0D8F91848203101
:1061800010F0D4F9BFF35B8F164B53E8001F41F0BA
:10619000100143E80012002AF7D1BFF35B8FA0E79C
:1061A0000023C6E900330AF069FC1AB070BD00BFD5
:1061B0001271000100000209E6E30200E4B60200E9
:1061C0007C430020844300208B5A002004E402001A
:1061D0004B5A00202B5A002027E402004BE4020017
:1061E000AB5A0020BC14002030B5A7B004233D22D8
:1061F000002116A8159314F0D3FD324B06931822F4
:10620000002107A814F0CCFD44F201030DA80D9362
:1062100010F07FF90D9B08932B4B09932B4904AB8E
:10622000202206A80BF09EFD034600B3284A294809
:1062300001210FF08BFA6FF004040AF00BFC264BDF
:106240001D6885B100201860244BBFF35B8F53E8B5
:10625000001F21F0020143E80012002AF7D1BFF32A
:106260005B8F44B3A8470AF009FC27B030BD1C4B34
:106270000DF1550203F14000194653F8044B42F862
:10628000044B8342F9D105AB02932023CDE90013DF
:106290000D480499412315AA14F02DF9034608B1BD
:1062A000104AC4E704980BF01BFD04460028C4D034
:1062B0000D4A0346BBE70DA8094910F037F90DA8B0
:1062C000D0E700BF12710001000002092B5A002024
:1062D0006BE40200E4B60200804300207C4300200F
:1062E0004B5A0020A1E40200BDE4020008B50449B5
:1062F000402214F05DFDB0FA80F0400908BD00BFF7
:1063000025E5020010B59AB0182204461B4B0293F3
:10631000002103A814F044FD4FF4804309A8099319
:1063200010F0F7F8099B0493154B059321460423BD
:106330000DF125008DF8243010F0F8F804F120015B
:106340000DF1450010F0F2F801AB412209A902A8B5
:106350000BF008FD044602A814F093F92CB901983B
:106360000BF0BEFC01201AB010BD0648064A2346B9
:1063700001210FF0EBF90020F5E700BF1241000109
:1063800000000209E4B60200DAE4020010B50028B9
:106390003FD0234A136823B1043B98423CD05B684A
:1063A000F9E7204BBFF35B8F1968BFF35B8F890759
:1063B00007D51D481D4A02210FF0BFF96FF00F00ED
:1063C00010BD14684460011D5068116000B951602F
:1063D000BFF35B8F53E8002F42F0010143E8001048
:1063E0000028F7D1BFF35B8FD30701D50020E7E783
:1063F0000F4BBFF35B8F53E8001F21F0100143E800
:106400000012002AF7D1BFF35B8F0A48FDF7D0FCDA
:10641000ECE76FF01500D3E76FF07700D0E700BF2F
:10642000844300207C430020E4B60200FEE4020026
:10643000BC14002094160020054BBFF35B8F1B6833
:106440000448BFF35B8F13F0100F08BF00207047A4
:10645000BC1400208B5A002070B505461E48036806
:106460008B4232D0BFF35B8F1C4B1B68BFF35B8F3B
:10647000DA062DD5036813B16FF00F0070BD184A0E
:10648000BFF35B8F1368BFF35B8FDB07F4D4BFF3FD
:106490005B8F52E8003F43F0020442E80046002EC2
:1064A000F7D1BFF35B8F13F00204E5D101600D4813
:1064B000294610F03BF80C4805F1200110F036F8A1
:1064C0000A48FDF775FC2046D8E76FF07700D5E75E
:1064D0006FF07C00D2E700BF80430020BC14002096
:1064E0007C4300204B5A00206B5A00208416002069
:1064F00070B50C4B1C68054644B154F81C3C1C3C60
:1065000013B1297B28469847E469F5E7064C074E06
:10651000B44200D370BD236813B1297B2846984745
:106520002034F5E7C04300205CB602009CB60200B0
:1065300010B50446FDF704F9044901EB00112046AB
:106540000FF0EFFCBDE81040FEF70CBB8C430020C1
:1065500070B5D1E9015600220446C1E9012206487E
:1065600013F0B6F93DB1314620462B466FF06D026F
:10657000BDE87040184770BD6C1A002030B54FF46C
:10658000806185B0044604300FF0F6FF40054AD420
:10659000BFF35B8F6368254DBFF35B8F13F4803FC0
:1065A00030D095F8D930D90710D5022300211A46EA
:1065B000009120460FF004FE034620B11C4A1D48FE
:1065C00001210FF0D7FF637B072B2CD195F8D83032
:1065D0009B0628D50FF04CFD28B30DF10E0103A842
:1065E000FEF724FDF8B9BDF80E20BDF80C102046CA
:1065F0000FF0C7FD0346B0B10F4A0E4801210FF05E
:10660000B9FF10E095F8D8301A07CAD520460FF028
:106610009DFD034620B1094A064801210FF0AAFF5B
:10662000637B072BBDD005B030BD00BFE813002051
:106630008DE50200CCB60200A4E502006CE5020084
:1066400070B505460F480022002309F0F1FCB8B9E7
:106650000D4B1C6834B154F8143C1C3C03B19847F2
:10666000E469F7E7094C0A4EB44204D32846BDE872
:10667000704009F0B5BEA36803B198472034F3E732
:1066800070BD00BF541A0020C04300205CB6020059
:106690009CB602002DE9F843DFF8548004464027F9
:1066A0000025EFF3118387F31288BFF36F8FE16941
:1066B00029B983F31188BFF36F8FBDE8F883206A8F
:1066C0000A68E261814208BF226283F31188BFF346
:1066D0006F8FD1E901694046C1E9015513F0F8F81F
:1066E0001EB1002249462046B047FEF73BFAD8E7E4
:1066F0006C1A00200448B0F80431002B00F58470B7
:1067000008BF0020704700BFE813002030B50446E2
:1067100014F070FD0D4A0D460D490858D2F8B81016
:1067200088428BB005D120460BB0BDE83040FFF762
:10673000B1BF24342146104613F082F91DB16946D9
:10674000204613F08DF90BB030BD00BFE0400020B3
:106750000800000038B5002204468A4202D1002415
:10676000204638BD04F1C8030120BFF35B8F53E816
:10677000005F002D04D143E8000CBCF1000FF6D1FE
:10678000BFF35B8F02D0D0340244E6E7002CE6D0A2
:10679000C8220021204614F003FB04F14000044904
:1067A00013F07FF9034904F1240013F02DF9D7E722
:1067B00085720100A3650200F7B516460D4601215A
:1067C0000446FFF7A3FF012E23D0022E50D12369E8
:1067D0003BB13048304A01210EF0AFFF20460FF0A8
:1067E000FEFE256121690B8A012B51D9CA681288E6
:1067F000043292B293424BD341D9264800920121F0
:10680000264A0EF0ADFF204603B0BDE8F0400FF081
:10681000E6BE206940B9224A1E4831460EF08DFF7F
:1068200020460FF0DCFE01E02F8A2FB9284603B086
:10683000BDE8F040FDF724B80C300FF06BFA87424A
:106840000CD9184A134831460EF077FF216900220F
:10685000204600F091FF00232361E7E720692A8AA0
:10686000E9680C300FF010FA2846FDF709F8B9E78F
:106870000D4A0848334601210FF07CFED0E7002383
:1068800001222046236103B0BDE8F04000F074BF50
:1068900003B0F0BDCCB60200C0E5020040E6020045
:1068A000DDE50200FBE5020022E6020008B5C83083
:1068B000BFF35B8F50E8003F013B40E80032002A05
:1068C000F8D1BFF35B8F3BB9044809F077FBBDE813
:1068D0000840034809F084BD08BD00BF541A0020D9
:1068E000B416002010B504460FF082FE0AF0B2F88C
:1068F0000C4BD3F8243104F1BC012BB90A480FF03A
:106900001FFE0AF0BBF806E0994208D10AF0B6F87B
:106910002046FFF7CBFFBDE81040FEF723B91B6808
:10692000EBE700BFE81300200C150020F8B5467B0C
:106930008E4200AF04460D461AD1082E96BF554B25
:10694000554B53F826306C4688B06A465349C2E925
:1069500005134FF400739383514B42F8103F514895
:1069600000234FF4E451FBF753FAA546BD46F8BDAA
:1069700041730EB90FF03CFE637B082B00F286805A
:1069800001A252F823F000BFDD690100336A010063
:106990006D6901006D6901006D6901006D6901009B
:1069A0006D690100AD6901006D6901003E4800217B
:1069B0000AF098FC0023C4E90D33E378012BD5D10C
:1069C000A378012B04BF032384F898304FF42032BE
:1069D000002304F1400009F073FDC7E7082EC5D875
:1069E000DFE806F02005171C1C1C1720200004F10E
:1069F0004005284613F061F801212046FFF786FE86
:106A000020460FF0ECFD00220023284609F08CFD03
:106A1000ACE7237B13B12046FFF76AFD2046FFF762
:106A200045FFA3E7214A2B461E4802210FF0A2FD95
:106A30009CE7237B3E2B0FD16D4688B06A461C4BEA
:106A4000C2E90534032342F8103F164800234FF4EF
:106A5000C451FBF7DDF9AD46164D05F58476616945
:106A600011B9FEF77FF881E7A2690B686361914273
:106A700008BFA3612046FFF76BFDB5F80431002B7A
:106A800014BF3046002009F099FAE8E70A4A2B467D
:106A9000CAE700BF50C002005BE6020065E60200E4
:106AA00003000001CCB60200C416002076E6020006
:106AB0008DE60200E8130020B4E60200F8B50746B0
:106AC00009480D4616460FF093FD044650B18378F1
:106AD0001F4203D1BDE8F840FFF7E8BE3146A847A2
:106AE0002046F7E7F8BD00BF00320020024900222F
:106AF0000120FFF7E3BF00BF9765020070B50546B0
:106B00000E480E460FF074FD0446A0B1437B012BE6
:106B100002D0073B012B0CD82388AB4208D1A378C5
:106B20001E4209D1064A07482B4602210FF022FDDA
:106B30002046FFF7BBFE0024204670BD0032002037
:106B4000D0E60200CCB60200034BC01A034B001182
:106B50005843C0B2704700BF00320020C54EECC49D
:106B600070B51C46144305460E460DD00F4914F06F
:106B700041FBD1F8B8400E4909588C4206D10D4A64
:106B80000D4802210EF0D9FD002213460B49002DBD
:106B900014BF284608460FF011F8044618B1711DBD
:106BA0000C300FF060F8204670BD00BFE0400020C0
:106BB00008000000E7E60200CCB60200841A0020BC
:106BC00010B50446054809F00BFC204600F01AFDFC
:106BD0002046BDE81040FFF78BBC00BFA416002084
:106BE0002DE9F04F87B000AF0023FB607B61BE4B07
:106BF0005A8B3AB1BD4DD5F824413CB91C37BD463E
:106C0000BDE8F08F1B68002BF4D1F7E754F8BC39CE
:106C100003B1BC3BB649002601E01C461346B5F85B
:106C20000421002A00F05E81D5F810214AB904F150
:106C3000BC06002BE2D0D3F8BC20002AEDD0BC3A31
:106C4000EBE70A68002AF2D0D4F8A820002AEED098
:106C5000D4F8AC20002AEAD0D4F8B020002AE6D03C
:106C6000637B072B6AD120469047002866D0BFF38C
:106C70005B8FD4F8C030BFF35B8F022B5EDC204605
:106C80000FF0B6FC04460028B8D0637B072B40F019
:106C90002681D4F8A830B5F8041107F11002204677
:106CA00098478146002800F00D81B5F804213B6922
:106CB0009A4208D30146D4F8AC6007F1140307F1F7
:106CC0000C022046B0477B693B60B9F81030D7E929
:106CD000038A002B00F0FD8048460FF038F97860F9
:106CE000002840F0F980B5F80431DFF808B2002B35
:106CF00014BF584600200022002309F099F978B902
:106D00007B480022002309F027F9064600283BD1E2
:106D1000B5F80431002B18BF5E46304609F04EF935
:106D20006FF00B054846FCF7ABFDB8F1000F00F023
:106D3000B38039682A462046C047ADE0D4F8BC305D
:106D400004F1BC02C6B9D5F82811C5F824318A422D
:106D500001D1C5F828310023C4F8BC302046D4F84E
:106D6000B0309847002890D0637B072B40F0B78065
:106D70002046FFF7B7FD88E73360D5F828319A42FF
:106D800008BFC5F82861E6E73B68C0F80480836067
:106D9000B5F804B15448DA454FF000024FF0000353
:106DA0004FF0000198BF1FFA8AFBFCF7EBFC80460E
:106DB00050B1FCF7C5FC504B5A4603EB0013494653
:106DC00040460FF089F88046B5F8043194F8C49035
:106DD0009A4584BF01237B607B6884F8C4309CBFE4
:106DE00009F102095FFA89F904F1C00ABFF35B8F68
:106DF0005AE8003F01334AE80032002AF8D1BFF3D5
:106E00005B8F04F1140B314658460FF099FBA378C1
:106E1000012B5BD108F10C03042118467B600EF0B6
:106E200044FF22887B6809F0FD0942EA09320280AA
:106E3000B8F81020043A4280022118460EF03DFFB7
:106E40004046FDF77BFE8146002848D0BFF35B8FAC
:106E50005AE8003F013B4AE80032002AF8D1BFF36C
:106E60005B8F314658460FF09FFB4B46234A244820
:106E700001210FF07FFB4046FCF702FD2046314622
:106E8000FFF766FBB5F804311A48002B08BF002055
:106E900009F094F86FF004056E4688B06B46194A05
:106EA000DC61C3E905251A46042342F8103F144863
:106EB0004FF401510023FAF7ABFF1321B5462046EA
:106EC0000FF0B2FB2046FFF7F1FC97E66FF01509D3
:106ED000BCE76FF0790525E76FF0040522E7FDF7C1
:106EE00041FEEFE79368FFDE081B0020E813002057
:106EF0006C1A0020F01400208C430020F1DD020009
:106F0000CCB6020010E702002DE9F041D0F888600D
:106F1000BFF35B8F4268BFF35B8F920440F2E243A2
:106F20000446B6FBF3F600F10403B6B217D5B0F889
:106F30008C20B24213D8B0F88E20B2420FD3D0E9E1
:106F4000241291420BD1BFF35B8F53E8001F21F451
:106F5000005143E80012002AF7D1BFF35B8F114BB9
:106F60001D6865B155F80C7C1C3D37B1B4F8923002
:106F7000B4F8902031462046B847ED69F1E70A4D54
:106F8000DFF82880454501D3BDE8F0812F6937B18E
:106F9000B4F89230B4F8902031462046B8472035F6
:106FA000F0E700BFC04300205CB602009CB60200C0
:106FB0002DE9F041074608460D460FF05BF80646FE
:106FC00018B900263046BDE8F081144B1C6884B126
:106FD00054F8103C1C3C0BB9E469F8E729463846E4
:106FE00098470028EDD028460FF044F80028F3D148
:106FF000E7E70B4CDFF82C804445E3D2E3680BB99C
:107000002034F9E72946384698470028D9D0284641
:107010000FF030F80028F3D1D3E700BFC0430020C1
:107020005CB602009CB602002DE9F041C37804462C
:107030008BB900F17E06114B1D687DB11C3D04F13A
:1070400070076B691BB13A46314620469847ED6997
:1070500025B11C3DF5E700F17706ECE7084D094F37
:1070600004F17008BD4201D3BDE8F0816B691BB12A
:1070700042463146204698472035F3E7C04300207A
:107080005CB602009CB60200F8B5437A83720546EE
:1070900016460FF011FC0D4B1C684CB154F8043C23
:1070A0001C3C1BB1697A324628469847E469F4E7EC
:1070B000074C084FBC4200D3F8BDA3691BB1697AE5
:1070C0003246284698472034F4E700BFC0430020EA
:1070D0005CB602009CB6020038B505460C460F4867
:1070E0000121FFF737FBC0B1057223680367A3884E
:1070F000A0F87430A37980F876300123437283724C
:107100008370074BC0F8A830064BC0F8AC30064B74
:10711000C0F8B030054BC0F88C3038BD00320020CC
:10712000F97401006165020055650200180028002D
:1071300070B505460A480E460FF05AFA044620B1CB
:107140008378012B04D0FFF7B1FB0024204670BDEB
:10715000324629460FF0DAFA0028F7D12046F2E746
:1071600000320020B0B500AF0D46FFF7E1FF044646
:1071700008B32846FCF702FC637B082B96BF0F4A36
:107180000F4B52F823306D468AB06A460D49C2E96A
:1071900007030D4B53620D4BC2E9051442F8103F33
:1071A0000B4800234FF44251FAF732FE2046AD4619
:1071B000FFF77CFB0120BD46B0BD00BF50C0020000
:1071C0005BE6020033E7020001030204050000024F
:1071D000CCB60200F8B505460E480E4617460FF02D
:1071E00007FA044620B18378012B03D0FFF75EFB3A
:1071F00000240DE036B1324629460FF087FA08B96F
:107200002046F3E7637BBB42FAD1237AAB42F7D146
:107210002046F8BD0032002038B5044608460D4629
:107220000EF028FF48B3164B93F8D830990707D4CF
:10723000E37883B129462046BDE8384000F0C8BA5B
:1072400094F899309A07F3D5BFF35B8F6368BFF367
:107250005B8F5B04ECD4294620460FF07DFA58B9C9
:107260002B88A4F88C306B88A4F88E30AB88A4F8F7
:107270009430EB88A4F8963038BD6FF01500FBE72A
:10728000E8130020F7B510F8333C0446A0F140069F
:107290000BBB30460FF0B3FA354B1D684DB155F8B6
:1072A000183C1C3D1BB114F8341C30469847ED695E
:1072B000F4E7304D304FBD4205D3304603B0BDE852
:1072C000F040FFF7F3BA6B681BB114F8341C30467A
:1072D00098472035EFE710F83E3C012B46D1BFF32D
:1072E0005B8FA0F13C0555E8003F23F4005245E8D0
:1072F00000210029F7D1BFF35B8F990423D5E36CFC
:1073000000936946636D01933046FFF785FF03469E
:1073100098B9BFF35B8F55E8003F23F4805345E8ED
:107320000032002AF7D1BFF35B8F4FF4006128468B
:1073300003B0BDE8F0400FF01FB9104A1048022119
:107340000FF018F9F1E70F4A4FF428136946304659
:10735000CDE90023FFF760FF034628B94FF48051C1
:1073600028460FF009F9E0E7074AE7E703B0F0BD68
:10737000C04300205CB602009CB602006CE702002D
:10738000CCB602001800280091E7020008B568B1E9
:10739000094B1A6800F10C0122B907480FF0D0F828
:1073A000104608BD914204D01268F5E76FF0150051
:1073B000F7E76FF07700F4E7C843002010B50C48FA
:1073C00012F07AFA0B490A4812F082FA0A49084880
:1073D00012F07EFA0949064812F07AFA0FF080FEA0
:1073E00004F0AAF9044608B90FF0D0FA204610BDFF
:1073F0006C1A00209C430020A8430020B4430020C6
:1074000008B50346034A044801210EF09FF9002005
:1074100008BD00BF44E802000CB7020080B500AF11
:1074200088B06A46074BC2E90530032342F8103F93
:10743000054800234FF4C251FAF7EAFC6FF00B0045
:10744000BD4680BD6CE802000CB70200044B1A6810
:107450000AB1FFF7E3BF034858600B60104670475E
:10746000D44300209CC0020070B5044652EA0300D9
:107470000AD013F0BFFE074D074ED5F8B85030586C
:10748000854204BF0022134620460431BDE8704007
:10749000FFF766BBE04000200800000073B505461A
:1074A00018462B680BB35B7B072B1ED1002A0E7A84
:1074B00014BF022301239E4209DD0D4A0D480096A8
:1074C00001210EF04DF96FF0150002B070BDCB7ABE
:1074D000072BF8D9C8618A6105F1300012F0F8F97C
:1074E00028460FF063F90020EFE76FF07F00ECE72C
:1074F00093E802000CB702002DE9F047D0F8B44041
:1075000000AF0E4691464CB1483C236B6BB104F181
:10751000300A504612F0F1F9054660B9FDF722FB3A
:1075200000252846BD46BDE8F0872068B4300FF03E
:107530005CF9A46CE7E70EF00AFD80B16C4688B0F8
:107540006A462D4BC2E90535032342F8103F2B480C
:1075500000234FF4C251FAF75BFCA546E0E728464A
:107560000EF05BFBE36C0546B3B9A38CB0F810805A
:10757000403B9BB23F2B03D8238D984528BF9846AC
:10758000042105F10C000EF090FBA0F80080A38C04
:10759000438008F10403E364E36C2A8AB3420FD802
:1075A000934216D0A38C403B9BB23F2B21D920683D
:1075B000B4300FF01AF9236B13B120460FF0F6F830
:1075C000E36CC9F800309E4234BF9E1B0026E6647F
:1075D000A7E700220023504608F0BEFCFCF750F954
:1075E000A38CA3F140023F2AE1D8054AAA61EB61CE
:1075F000DDE700221346F9E7B3E802000CB702000A
:107600003D690200F7B5284D284F04460026BD42CB
:1076100001D303B0F0BD298820460FF085F96B68CF
:10762000019001A920469847002838DB019B2A8851
:107630009A829A8403F11002BFF35B8F52E8001F15
:1076400042E800600028F9D1BFF35B8F9E64DE64DE
:107650009E60A16B03F1080219BBC4E90D221C60F6
:10766000DE6003F1300012F027F9019843681B68CF
:1076700003B19847019BBFF35B8F103353E8001FA2
:1076800041F0010143E80012002AF7D1BFF35B8FFC
:1076900001984368DB6913B100F110019847083580
:1076A000B5E70A60A263DAE744B602005CB60200FE
:1076B00073B50D460646042105F10C000EF00EFBD5
:1076C0002B8A42889A42044607D000921C4A1D48E1
:1076D00001210EF045F802B070BD43783BB91A4A5B
:1076E0001848012102B0BDE870400EF026B80378BA
:1076F000012BF0D0132B06D1022AECD002230093E9
:107700001346124AE3E7124A0E4802210EF01EF811
:1077100061783568022201200FF0EBF8044600285A
:10772000D9D002210C300EF0A9FA00230370437067
:107730002146284602B0BDE870400FF00CB900BFEA
:10774000CBE802000CB70200ECE802000DE90200F1
:1077500038E9020008B50B8A032B06D8044A05480D
:1077600001210DF0EAFF002008BDFFF7A1FFFAE7B5
:1077700060E902000CB7020038B50B8A032B0546FE
:107780000C4609D80F4A104801210DF0D6FF2046BB
:10779000BDE83840FCF774B8042104F10C000EF089
:1077A0009DFA418828460FF0E7F830B9074A0648A5
:1077B0000B4602210DF0CAFFE9E7436821465B69E9
:1077C0009847E4E77EE902000CB702009BE902005B
:1077D00070B5124B0C4619780131C9B2012938BF76
:1077E000012105460822122019700FF082F8064682
:1077F00088B108210C300EF041FA2288028062889C
:107800004280A2888280E288C28031462846BDE854
:1078100070400FF0A0B86FF00B0070BDCB5A002085
:1078200023281FD81A2804D8431E182B0ED9062047
:107830007047A0F11B03082B1ED8DFE803F0051DDD
:107840001B231D19251D0500032070470F4A012326
:1078500083401A40C2B90E4A1A40002A14BF0120C0
:107860000620704700F07F03522B05D1002070479F
:10787000012070470520704710F0400F0CBF062014
:10788000002070470420704702207047AAAA8A028D
:10789000545545012DE9F84F074608460C46FBF7BD
:1078A0004FFFDFF8BC80E1681823434308EB030275
:1078B0000646D2F808A0BFF35B8F786DBFF35B8FED
:1078C000C00709D4274A284801210FF082F86FF039
:1078D00015052846BDE8F88FE06800781071002291
:1078E00048F803200B78D22B0FD13B68214618684B
:1078F00010F04CF9054640B11C4A1B4801210FF01D
:1079000068F82046FBF7BCFFE3E704F10C000EF03B
:10791000FDF9182303FB0683B4F810B09F60002321
:1079200081461A462146381DFFF7B8FD0546002856
:10793000CFD010F1690F04D10D4A0B4801210FF08F
:1079400048F86369A4F810B013FA89F3E3601823C8
:107950005E4308EB060348F80650C3F808A0B8E7F2
:1079600024440020D7E90200BCB60200F1E902007D
:1079700004EA0200011F014811F0AEBE7019002098
:10798000024A034801210FF024B800BF27EA020091
:10799000BCB6020010B500F150030446BFF35B8F84
:1079A00053E8001F41F0010143E80012002AF7D11B
:1079B000BFF35B8F201F0FF0EBF804F17400044954
:1079C00012F06FF82068BDE8104002F07DBB00BFE8
:1079D000418A010070B503788AB004460E4607ADAF
:1079E000032B20D8DFE803F002191B1D114928469C
:1079F000F7F76FFE059563780493A3780393E37814
:107A000002932379019363790093A3790A4A1E2193
:107A100030460BF085FB0AB070BD0849E7E708491E
:107A2000E5E70849E3E7084A0A2128460BF078FB16
:107A3000E0E700BFBAD70200DCD70200C1D70200DE
:107A4000C8D70200D2D70200A8F202002DE9FF41F8
:107A500005460E464FF000084FF4205300681768A3
:107A60008DF8088002A91446ADF80A300EF0B1F97D
:107A7000A0B142F6010328688DF80C8003A9ADF887
:107A80000E300EF0A6F948B123691BB15A88B242F4
:107A900000D25E80012004B0BDE8F08161682868F2
:107AA0000EF097F910B100232361F3E7E368A068B3
:107AB0001A786AB1B7F81AC0798D038A8C4594BFD9
:107AC000C3EB0C03C3EB0103934201DA0020E2E7AE
:107AD00004210C300EF0D2F82061068023695E800C
:107AE000074B00930194A2680023294638460FF003
:107AF000ABF80028EADB2069003818BF0120CAE78C
:107B0000F76B020073B50E46438D418B8B4202F139
:107B1000010228BF0B469A42054609D91D4800922A
:107B200002211D4A0DF01CFE0024204602B070BD4B
:107B30003046FFF775FE022812D0042810D013F04B
:107B400059FB164B1958164BD3F8B83099421FD031
:107B5000144B1B685A1A18BF4FF0FF32134602E04D
:107B60004FF47022002310480021FFF77DFC0446EB
:107B70000028DAD0FBF7E4FD0C4B182202FB00339F
:107B8000012104F10C009D600EF078F80670CCE73E
:107B90000022E3E7BCB6020044EA0200080000004D
:107BA000E04000206C440020B01A00202444002053
:107BB000F0B51D4603680E46003987B0044618BF6D
:107BC0000121186817460FF0E9FD40B904F154008F
:107BD0000FF0FAF8002846D0002007B0F0BD002DC5
:107BE00043D018220021684613F0DAF86FB1002262
:107BF00039462046FFF786FF019030B91C481D4AE0
:107C000001210EF0E6FE1120E7E723681A4A1B68FF
:107C100000930023ADF812300C9B0393BDF8343071
:107C2000ADF8103001238DF8143029466B462846F4
:107C30008DF808600EF037FF9DF8143063B1002F07
:107C4000CAD00198FBF71CFE9DF814302A46314635
:107C500020460FF0C8F8BFE701990029BCD02046A4
:107C60000EF02CFFB8E71220B7E70120B5E700BF00
:107C7000BCB6020069EA0200356A02002DE9F3474A
:107C800017680546894600685168D7F804A014466D
:107C90000EF09FF8804600284BD195222946504689
:107CA0000FF00AFD0646207540B1E3681B780BB162
:107CB00084F81480002002B0BDE8F08729465046C1
:107CC0000FF0A6FD10B908232375F3E7A068267509
:107CD0000DF0A7FF02210C300DF0D0FF164B2061F4
:107CE000A0F8009000930194A268334629463846D4
:107CF0000EF0AAFF002807DA10F1FF0F26BF40425E
:107D0000C0B20E202075D5E72369002BD2D0A06821
:107D10000EF047FE7B8D7A8B9A4294BFC0EB020037
:107D2000C0EB0300E3681B78984294BF0020012059
:107D3000C1E70120BFE700BFB3690200F7B50B8AB6
:107D4000076804460D463BB9284A294801210EF030
:107D500040FE002003B0F0BD012105F10C000DF044
:107D6000BDFF7B7B072B0646F3D154F8043C002B68
:107D7000EFD003781F48043C002210F832709F4275
:107D800000EBC2010FD12A8A48788F78904220D91F
:107D90001748009301211346174A0DF0E1FC012F0B
:107DA000D7D104231EE001320C2AE6D11048134A31
:107DB00002210DF0CBFC31780846FFF731FD002899
:107DC000C7D00528C5D00623002220460FF00BF8A7
:107DD000BFE74B68204629469847012F0346B8D194
:107DE0000028B6D031780022EFE700BF82EA020017
:107DF000BCB60200C4C00200B7EA02009DEA02005D
:107E00002DE9F04F91B0166880460F46002542F6E6
:107E100001030068D6F804908DF82C500BA9144685
:107E2000ADF82E300DF0D5FF002870D04FF4205360
:107E3000D8F800008DF82C500BA9ADF82E300DF0BD
:107E4000C8FF38B1A3681BB15A88BA4200D25F801C
:107E500001200EE0616808460EF0A3FD728D738B61
:107E60009A4294BFC0EB0200C0EB0300032803D882
:107E7000002011B0BDE8F08F08460DF0D2FE054697
:107E800060680EF08EFD728B738D05F10C0B9A42BB
:107E900094BFC0EB020AC0EB030A58460DF03AFF4C
:107EA000824537D260680EF07CFD728D738B9A42EA
:107EB00094BFC0EB0200C0EB030070B96368987A0E
:107EC000FBF736FC002200230DF078FE0546002863
:107ED000CED0014660680DF0B5FE00230093D8F8BF
:107EE0000460102302AA41464846B047061E0EDB36
:107EF000227CE068B2422BD001460BA80DF097FF20
:107F000060B9237C144A154802210DF01FFC0023A0
:107F1000A3609DE758460DF0FDFECEE7F2B202A940
:107F200006A80DF084FF10B90D4A3346EBE706A909
:107F30000BA80DF04EFF0028E9D100236374042143
:107F400005F10C000DF09AFEA0600780A3687EE7A3
:107F500002A912F02DFFEEE7D6EA0200BCB602003D
:107F6000F5EA0200F8B54FF47022074600231148E5
:107F70000D460DF023FE044638B90F4A0F482B4634
:107F800001210DF0E3FB2046F8BD00F10C060921AC
:107F900030460DF068FE2046FBF7D2FB084B182256
:107FA00002FB0033012130469F600DF067FE057033
:107FB000E9E700BFB01A002044E80200BCB60200A6
:107FC000244400202DE9F0410E8A043EF6B2022E30
:107FD00004468CB0084601D0102E64D104210C3028
:107FE0000DF07CFE0DF1080805884788011D32461A
:107FF00040460DF01CFF002857D09DB3002687B3E4
:10800000AF422FD34FF4205301A940468DF80460AE
:10801000ADF806300DF0DDFE40BB1422002107A8AC
:1080200012F0BEFE11212046FFF79CFF09900028A8
:1080300037D001210C30CDE907480DF01FFE002399
:108040000A901B4A037039460B93284607AB0EF083
:108050002AFD0A9B1B78FBB90998FBF711FC0A2340
:1080600001E03D4601232A4610210EE042F60103BD
:1080700007A940468DF81C60ADF81E300DF0A9FE32
:108080000028CAD010232A46194620460EF0ABFE1F
:1080900000200CB0BDE8F081099920460EF00EFDDD
:1080A000F6E71120F5E70420F3E70E20F1E700BF23
:1080B0004D7A01002DE9F043036885B004460D4672
:1080C000186801210FF06AFB40B904F154000EF06A
:1080D0007BFEB0BB122005B0BDE8F083102200216A
:1080E000684612F05DFE21212046FFF73BFF02901B
:1080F00048B3DFF85890009405F10C074FF00108E1
:108100002B8A012B04D8029920460EF0D7FC18E0E8
:1081100038460DF0F3FD6B464A46014606468DF89B
:108120000C800EF0C0FC9DF80C30002BE8D00298BB
:10813000FBF7A6FB9DF80C303246202120460EF0BE
:1081400052FE0020C7E71120C5E700BFD56E020030
:108150002DE9F043036885B004460D4618680121F7
:108160000FF01CFB40B904F154000EF02DFEB0BB23
:10817000122005B0BDE8F08310220021684612F0FD
:108180000FFE0F212046FFF7EDFE029048B3DFF807
:108190005890009405F10C074FF001082B8A012B31
:1081A00004D8029920460EF089FC18E038460DF0FC
:1081B000A5FD6B464A46014606468DF80C800EF03A
:1081C00072FC9DF80C30002BE8D00298FBF758FBAE
:1081D0009DF80C3032460E2120460EF004FE0020A1
:1081E000C7E71120C5E700BF756E0200F0B51D4658
:1081F000036885B004460E461868012117460FF043
:10820000CDFA38B904F154000EF0DEFD48BB12205F
:1082100005B0F0BD65B310220021684612F0C0FD24
:1082200039462046FFF79EFE029018B3BDF828306D
:10823000ADF8043001238DF80C300F4A00946B46E2
:10824000294628460EF02FFC9DF80C305BB10298B1
:10825000FBF716FB9DF80C302A46314620460EF0FF
:10826000C2FD0020D4E7029920460EF027FCF8E773
:108270000120CDE71120CBE7756E02002DE9F0411A
:108280000E8A043EF6B2022E04468CB0084601D097
:10829000102E76D104210C300DF020FD0DF10408D4
:1082A00005884788011D324640460DF0C0FD002874
:1082B00069D085B377B3BD422DD8606801210FF036
:1082C0006DFA064678BB8DF8000042F60203694657
:1082D0004046ADF802300DF07CFD20B342F60303BA
:1082E00006A940468DF81860ADF81A300DF071FD02
:1082F000C8B1012D03D14FF6FF739F4213D004F193
:1083000054000EF061FD002814BF002012200CB0B4
:10831000BDE8F0813D4601232A46082120460EF0A3
:1083200062FD0020F3E7182200210DEB020012F09D
:1083300037FD09212046FFF715FE0890F8B101210D
:108340000C30CDE906480DF099FC0023099003702C
:108350000A238DF82C300D4A06AB394628460EF01C
:10836000A2FB9DF82C302BB10898FBF789FA9DF8F9
:108370002C30D1E7089920460EF0A0FBD1E7112060
:10838000C5E70420C3E70E20C1E700BF7D7C0100E4
:108390002DE9F0430F4687B00446062107F10C0093
:1083A0000DF09CFC0588B0F802808288D7F80C900C
:1083B000C5B10023B8F1000F13D0454512D88DF890
:1083C00000308DF8043001A94FF420536846ADF811
:1083D0000220ADF806300DF0FCFC064660B10A2321
:1083E00001E0454601232A46062120460EF0FBFC0B
:1083F000002007B0BDE8F0830146142201A83F7CAD
:1084000012F0CEFC07212046FFF7ACFD0290D8B158
:108410000A238DF815300D4A019401AB41462846D8
:10842000CDE903698DF814700EF03DFB9DF8153011
:108430002BB10298FBF724FA9DF81530D3E7029987
:1084400020460EF03BFBD3E71120D2E7017E01006E
:108450007FB5CB681D885E88044685B176B1B5428C
:108460000DD810220021684612F09AFC0521204602
:10847000FFF778FD019058B9112007E03546012338
:108480002A46042120460EF0AEFC002004B070BD48
:108490006B46094A0094314628460EF004FB029BC5
:1084A00023B90198FBF7ECF90A23E9E70199204683
:1084B0000EF004FBE9E700BFD96A02002DE9F041A4
:1084C00082B000AF044688463E4800220023394669
:1084D00007F078FB0546B0B16D4688B06A463A4B66
:1084E000C2E90534032342F8103F384800234FF413
:1084F000C251F9F78DFCAD466FF00B0630460837D8
:10850000BD46BDE8F08112F075FE314B3E681A5849
:10851000304B29461A60301D282212F041FC34608D
:108520003C682D487D60C4E90155C4E90955002225
:108530000023391D07F046FB064688B123686C46C8
:1085400088B06A462549C2E90513032342F8103F63
:108550001E482B464FF4C451F9F75AFCA546CBE709
:108560007B680146B022184612F01AFC1C4A826051
:108570005C3011F0A1F97B68BFF35B8F543353E893
:10858000002F43E800610029F9D1BFF35B8F7B68BE
:108590001C60636A7D681BB904F10C0011F08CF952
:1085A000626AC5F8A820A26A05F1A803636202B94D
:1085B000A3627B6817225A855A830433C8F80030B7
:1085C0009CE700BF5419002014EB0200BCB6020067
:1085D000080000006C4400207019002039EB0200F4
:1085E000D416002008B5437B072B06D00C4A022185
:1085F0000C480EF0EEF9002008BD04210EF0BCF985
:1086000010B9094A0121F3E7BFF35B8F036DBFF394
:108610005B8FDB0701D4054AF4E750F8040CEBE765
:108620005EEB0200BCB602006CEB0200D7E9020070
:108630002DE9F14F0546FBF783F83D49182202FB6F
:1086400000F3C81851F803800779B0F80690D0F805
:1086500010A00021D0E9024612F0A2FBA87AFBF795
:1086600067F86969834651B16B7AD80705D4DBF89E
:1086700024301B6828469B68984700236B61294675
:10868000584611F030F9002F45D0002C43D0236814
:10869000002B40D01B68002B3DD0B8F1000F08D054
:1086A000244A25484346012101B0BDE8F04F0DF0B2
:1086B0004DB8201D0EF090FC3846FFF7B1F80528A4
:1086C00029D8DFE800F01E03281E2803BFF35B8FC4
:1086D000636DBFF35B8FDA0707D4184A1648012190
:1086E00001B0BDE8F04F0EF074B9A36D9BB14FF42B
:1086F0007022002304F1780001B0BDE8F04F07F0CC
:1087000013BF23681D68BFF35B8F636DBFF35B8F7F
:10871000DB07E2D556B901B0BDE8F08F51462846D7
:10872000B0470134A3B29945F8D8F4E70024F9E73B
:108730002444002087EB0200BCB60200D7E9020007
:10874000F8B50F461646FFF74DFFB0B1446A204614
:108750001CB150F8A84904B1A83C731C194638B1A3
:10876000428D458BAA4228BF2A469A4207D264B955
:108770000A4A0B4802210CF0E9FF0020F8BD3246FE
:108780003946BDE8F840FFF7BDB9D4F8A85005B1A7
:10879000A83D20460B462C46E2E700BFA6EB0200B0
:1087A000BCB6020007B50B460246002112F022FDBE
:1087B00001910F4909580F480068884204D00E48BB
:1087C000D0F8B800884201D10022134601A90B4815
:1087D00007F0F8F9014648B9019B1C22184612F02F
:1087E000DFFA0346184603B05DF804FB0023F9E7FF
:1087F000080000006C440020E04000208C1900209C
:1088000010B50446806818B1FBF73AF80023A3605E
:1088100021460248BDE8104010F05EBF8C190020D0
:108820002DE9F347044678300E4617461D4611F0F1
:1088300044F9A06D58B91848184A02210EF0C9F839
:10884000204600F0DDF8002002B0BDE8F087144BB0
:1088500098424FF0000805D12068C4F858800EF007
:10886000F0FBF0E7D0F80490C0F80480A06DD0F8D9
:1088700018A0FFF7C5FF2068C4F858800EF0E1FB90
:10888000B9F1000FDFD02068CDF800A000683B46AA
:1088900032462946C847D6E7BCB60200C1EB020003
:1088A0007044002070B5054650F8043C55F8046942
:1088B0000446002B3AD039B1436D002B36D01B7CD7
:1088C000DA0733D505231BE0304601F065FC737AE7
:1088D000012B2BD0646D4CB3237CDB0726D5E368DA
:1088E000002BEFD06269617C2846FFF70BF9064642
:1088F00068B9637C0E4A0F4801210CF027FF0E2354
:10890000002228461146BDE87040FFF789BFD4E930
:108910000512E368984718B13046FAF7B1FFEEE761
:1089200031462846FEF7B6FF0028F5D170BD00BFDE
:10893000D8EB0200BCB60200F7B550F8044C05466F
:10894000002C59D000F1A40104F124000EF023FA08
:108950002E1F05F1580700220023384607F0FCFAC5
:10896000024678BB6B6D2BB101466FF06703304652
:10897000FFF756FF002345F8043C05F15003BFF311
:108980005B8F53E8001F21F0010143E80012002A29
:10899000F7D1BFF35B8F636A73BB04F10C0600224F
:1089A0000023304607F0D8FA78B9666886B91348CC
:1089B0002660214610F090FE286803B0BDE8F04024
:1089C00001F02CBCFAF75CFFC5E7FAF759FFE6E7C0
:1089D000A26833686360964208BFA36077683FB1BE
:1089E000B3690093002320681A466FF06701B84707
:1089F0003046FFF705FFD8E703B0F0BD541900205B
:108A000030B5054689B055F8043B044618680DF0AA
:108A10009DFE6946FEF7DEFF2846FFF78DFF606882
:108A200013210DF001FE034620B1034A0348012142
:108A30000CF08CFE09B030BDF8EB0200BCB60200B1
:108A4000B0B5044688B054F8783D00AF18680DF012
:108A50007DFE3946FEF7BEFF6D4688B06A460B4B79
:108A6000C2E905374FF400739383094B42F8103F76
:108A700000234FF4E2510748F9F7CAF92046AD4602
:108A8000FFF7BEFF2037BD46B0BD00BF16EC0200A9
:108A900003000001BCB60200F8B51D460F4616469D
:108AA000FAF74EFE044C182303FB0040C0E903769E
:108AB0000123C3800575F8BD2444002008B511F0DA
:108AC000C2FC38B10346044A044801210EF0A1FB60
:108AD0006FF0040008BD00BF49EC0200ECB60200D4
:108AE00010B50849144618461022A047041E07DA9C
:108AF000054A0648234601210EF08BFB204610BD97
:108B00000024FBE7283300205FEC0200ECB60200F3
:108B100070B50D4C2378834206460D4604D1611C86
:108B200028460EF0CBFB58B9237CB3420AD1074943
:108B300028460EF0C3FB10B1012004EB001070BDFD
:108B40000020FAE70020FAE7A4440020B544002002
:108B500070B50D4C2378834206460D4604D1611C46
:108B600028460EF0ABFB58B9237BB3420AD1074924
:108B700028460EF0A3FB0028054808BF002070BD62
:108B80002046FCE70020FAE7D0320020DD3200204A
:108B9000DC32002070B50D4C2378834205460E462A
:108BA00003D1601C0EF08AFB60B9237BAB420BD172
:108BB000074831460EF082FB18B101200C2303FB5D
:108BC000004070BD0020F9E70020FAE7A44E002025
:108BD000B14E002070B5204B144682689A420FD1E6
:108BE000A568C66875B92279216830460EF06EFB1B
:108BF000024628B1194901300EF095FB1570158118
:108C0000012070BDE0680028FBD02B888B420AD081
:108C1000F6D2E068A36801380433E0600038A3604E
:108C200018BF0120EDE725682279294630460EF06D
:108C30004DFB024660B9094930460EF047FB02463B
:108C40000028E6D0294601300EF06DFB2379137021
:108C5000A3685B881381DCE705920100A7D70200B7
:108C600010B507481021FBF70FF8034630B1BDE8F7
:108C70001040044A044801210EF0CBBA10BD00BFD9
:108C80001833002080EC0200ECB6020070B5144DE1
:108C9000064640B115F8011C2A466C1E0DF036FD43
:108CA00098B120460CE00F4928460EF007FB40B96A
:108CB0000C4905F110000EF001FB20B105F10F0089
:108CC00070BD681EFCE70020FAE7217C04F1110268
:108CD00030460DF01BFD0028F5D004F11000EFE741
:108CE000A5440020A7D7020010B54A1C0C4638B195
:108CF00009780DF00BFD08B1204610BD0020FCE7FF
:108D0000024910460EF0DAFAF5E700BFA7D70200D5
:108D10002DE9F04106460F4690460DF0CEF950B3CE
:108D200039463046FFF714FF054698B913480EF050
:108D300001FB0446E8B112480EF0FCFA50B9114D9F
:108D400001240C235C43104A601C394610440EF089
:108D5000EAFA1655012101FA08F105F108000EF0B2
:108D6000C4FABDE8F04109484FF40042002307F07F
:108D7000DBBB054DE5E7BDE8F08100BFD832002040
:108D8000E4320020DC320020D0320020E832002023
:108D900010B501460246042311F8010B0832FAF718
:108DA00031FF034630B1BDE81040034A03480121BA
:108DB0000EF02FBA10BD00BFA6EC0200ECB6020008
:108DC0002DE9F04180460F4616461D46FFF7E2FEAC
:108DD000044680B91549FFF7DDFE044630B9BDE809
:108DE000F041134A134801210EF0AABA00F8018B92
:108DF00039460EF098FA228963896AB973B92681D7
:108E00006581214611F8010B0DF057F940B120465C
:108E1000BDE8F041FFF7BCBF964203D39D42EFD8B7
:108E2000BDE8F0819D422681EBD9E9E7A7D7020092
:108E3000C2EC0200ECB6020008B5034A0348012167
:108E40000EF07EFA002008BDE1EC0200ECB6020054
:108E500038B50F4B144682689A420D4615D12279D7
:108E60002168C0680EF032FA78B1D4F8C8302F2BE0
:108E700003D9BDE83840FFF7DFBF04EB83020133BD
:108E8000158101895181C4F8C830012038BD00BF67
:108E90000592010008B5044A044801210EF050FA79
:108EA0006FF0150008BD00BF35ED0200ECB6020002
:108EB0001FB51046074A19464FF42813CDE902237F
:108EC00008230093BDF818206B440EF053FA05B048
:108ED0005DF804FB1800280038B5094B1546826878
:108EE0009A420AD1C4682968013420460EF0E6F996
:108EF00018B1696820460EF016FA012038BD00BF8F
:108F00000592010008B513468168074A914209D1CC
:108F10001A791968C0680EF0D9F918B100230360F6
:108F200043600381012008BD0592010002484FF40F
:108F3000A472002307F0F8BAB033002008B504216A
:108F400008480EF0D2F907486FF002010EF0DCF984
:108F500004480EF0EFF9C30701D5FFF7E7FF002043
:108F600008BD00BFE0330020024608B508490130C3
:108F70000EF0D9F9002313720C32BFF35B8F52E865
:108F8000001F42E800300028F9D1BFF35B8F08BD15
:108F9000A7D7020010B5FFF7FDFD044678B10146E2
:108FA00011F8010BFAF73CFE034620B1054A0648CA
:108FB00001210EF02EF9002323606360A3600020DE
:108FC00010BD00BF41ED0200ECB6020070B500F12B
:108FD000700605463146007A0DF06FF804463146BA
:108FE000287A54B1FFF7D6FF034660B1BDE8704060
:108FF000054A064801210EF00CB9FFF7CBFD10B170
:1090000004604460846070BD5EED0200ECB6020056
:1090100037B504460D46FFF77BFD0246C0B1037A23
:109020008DF804300C300EF085F900F001008DF859
:109030000500022301AA29462046FAF7F9FD034656
:1090400020B1044A044801210EF0E3F803B030BD1A
:109050000346F0E774ED0200ECB602002DE9F043A0
:1090600085B00E4600AF90469946044658B9354A39
:10907000354801210EF064F96FF0150528461437C4
:10908000BD46BDE8F08307F108010CF07CFE054603
:1090900098B16D4688B06A462C4BC2E905344FF44E
:1090A000007393832A4B42F8103F274800234FF464
:1090B000E251F8F7ADFEAD46DEE7391D20460CF073
:1090C0003BFC786858B10A2229460AF055F8034655
:1090D00028B1204A1C4801210EF09BF8CCE707F18B
:1090E00008010020FFF756FD044620BB002EC5D026
:1090F0001949FFF74FFD044638B9184A12480121B3
:109100000EF01EF96FF00B05B8E7002300F8013BE5
:1091100007F108010EF007F904F10801042248469E
:10912000C047041EAADA0E4A0748234601210EF062
:1091300070F82546A2E7002EEED1066046608660F4
:109140009CE700BF17D80200ECB602009DED0200BC
:1091500003000001B9ED0200A7D70200D4ED020020
:109160005FEC02002DE9F041234B154682689A42DC
:10917000074602D1C468638933BB0120BDE8F08192
:10918000FDF794FBE36800216181002BF5D03846A0
:109190009847F2E705F17008287A41460CF08DFFF8
:1091A00068B9164B9C4202D12846FFF70FFF1449BD
:1091B00030460EF0B8F8002323702381E2E74146E1
:1091C00030460EF0B0F8DDE72389002BDAD02646D2
:1091D000284616F8011B32460DF098FA0028D9D11E
:1091E00020783146FDF7A4FF0028CBD0437B072B26
:1091F000C6D1FDF75BFBC0E70592010024170020F4
:10920000A7D702002DE9F0471F46BDF82030D1F85E
:109210000C9006468846002B4ED17B1E012B4ED863
:10922000012F4946157818BF1588FFF75DFD0446E4
:10923000B8B915B93846BDE8F0874946FFF754FD7F
:10924000044638B91F48204A02210EF079F86FF021
:109250001000F0E706F1700101300EF064F8337A87
:109260002370D9F81030DBB9B4F808A02581B9F81B
:109270000A30AB4203D0494640460EF063F8AA4597
:1092800005D0307A002206F17001FFF741FD002D74
:10929000D0D10E49601C0EF046F825702581C9E733
:1092A0002A464146304698470028C4DB0138012849
:1092B000DAD96FF00D00BEE76FF00600BBE76FF084
:1092C0000C00B8E7ECB60200F6ED0200A7D70200EA
:1092D00008B5124801210EF008F810F0010F104BEC
:1092E0000AD1104A9A610D480EF024F8830713D46E
:1092F000BDE80840FFF71ABE1A8B588B012A4FF6BB
:10930000FF7205D8904207D04FF6FF725A83EAE702
:1093100090421983E7D0F7E708BD00BFE033002093
:10932000903300200100FFFF10B5104C104920467B
:109330000DF0C4FF014638B9601E0EF0B7F814F8FE
:10934000010C2146FFF764FE09490A480DF0B6FFFB
:10935000014650B908480EF0A9F8084BBDE8104086
:10936000187C03F11101FFF753BE10BDA544002086
:10937000A7D70200B5440020B4440020A444002034
:109380002DE9F0411F46BDF81830012B06469046E6
:1093900035D83B44012B3D4634DCFFF777FC0446CF
:1093A00068B9FFF773FC044648B9194A1948022105
:1093B0000DF0C6FF6FF010052846BDE8F08197B1AB
:1093C000217A98F80020002321FA03F0C70703D57B
:1093D00022FA03F0C00718D50133032BF4D102F0B1
:1093E00007021143217206F17001601C0DF09BFF12
:1093F000337A2370012120460EF068F8DCE76FF025
:109400000605D9E76FF00C05D6E76FF01205D3E734
:1094100010EE0200ECB6020010B56FF00201044637
:109420000E480DF071FF0D480DF084FFC20704D502
:109430000B480022002307F077F820460DF0A1FE2C
:1094400058B12046FFF722FC38B1037ADB0704D578
:10945000BDE8104001210EF039B810BDE033002006
:10946000B03300202DE9F04385B0894600AF1646A1
:109470009846044658B9424A424801210DF060FF1F
:109480006FF0150528461437BD46BDE8F08307F197
:1094900008010CF078FC054698B16D4688B06A4624
:1094A000394BC2E905344FF400739383374B42F8CC
:1094B000103F344800234FF4E251F8F7A9FCAD46C1
:1094C000DEE7391D20460CF037FA786858B10A22D9
:1094D000294609F051FE034628B12D4A29480121A9
:1094E0000DF097FECCE707F108010020FFF710FB15
:1094F000044690B9FFF7CAFB044638B9254A21480B
:1095000001210DF01DFF6FF00B05BBE7002300F8F4
:10951000013B07F108010DF006FFB9F1000F2AD059
:10952000022239464046B047061E07DA1A4A154855
:10953000334601210DF06DFE3546A3E73B782372DB
:10954000022E09D0154A0F4802210DF0F9FE002124
:1095500020460DF0BBFF95E77B78012B05D9104A1B
:10956000084831460DF055FEF1E703F001012046B1
:109570000DF09CFF86E72046FFF7F6FC82E700BF70
:1095800017D80200ECB602009DED020003000001B6
:10959000B9ED02003CEE02005FEC02005EEE02005C
:1095A000B2EE020010B51B4801210DF09EFEC3076C
:1095B0002ED4022117480DF098FE084007D1164915
:1095C000164A0B88164CA2421CD300B10B801549D9
:1095D000154810F066FA4FF4A47200231248FAF707
:1095E000E1FB1249124810F05CFA022111480DF01B
:1095F0007CFE1148114910F054FABDE810401048A3
:10960000FDF7C4BE506803449BB208320120DAE77C
:1096100010BD00BFC4440020BC4E00209CB6020018
:10962000B4B602000176020038330020319E0100FA
:10963000B0330020E0330020E832002099760200A9
:10964000FC1600202DE9F041034648B1008A38B9E4
:109650001249DFF84CE001244FF0140C714501D39E
:10966000BDE8F081D1E90076BB4204D30CFB067261
:10967000143A93420ED93444A2B208311446EDE7AD
:109680000CFB0578434507D001356219B54292B20B
:10969000F6D1F2E70025F8E71046E1E79CB60200B4
:1096A000B4B602002DE9F74FBDF83050009199464D
:1096B0004FF6FF73002D08BF1D46244B1B888342C5
:1096C000074690463CD203B0BDE8F08F7368234450
:1096D000BB4232D29CB208361D4B9E42F6D3F2E713
:1096E0008958019340460CF074FB019B90B1013402
:1096F0000AF1010AA4B273685345ECD9009B9C425D
:10970000E1D8BC423168F2D30BFB0AF28B18B8F1F6
:10971000000FE5D1B9F1000F0BD1013DADB21846F4
:109720000E9A0D9B21469847002DCCD00028DED103
:10973000C9E7DA689145DAD1EFE74FF0000ADAE7D6
:10974000044E01244FF0140BC6E700BFBC4E0020AE
:10975000B4B602009CB6020010B51822E4B0002195
:109760000DEB0200CDE90111CDE9031111F018FB59
:109770004FF41053ADF81430254C8023ADF816305B
:109780004FF48063CDE90734102262AB01A905A82C
:1097900008F0E8FA034630B11E4A1F4801210DF0D7
:1097A00038FD64B010BD01464FF4AC720CA811F046
:1097B000F7FA629922460CA810F042FE034608B15F
:1097C000164AEAE7164A0CAB4FF6FF7101200DF07E
:1097D0000CFF144905AB10220CA810F048FE0446FB
:1097E000629808F07DFA14B10F4A2346D5E70D4B75
:1097F000214603F110020131187812F8014D03F8E7
:10980000014B08291070F6D108480DF06EFDC8E72D
:109810000002C00303EF0200ECB602002CEF0200CE
:1098200017720200183300204AEF0200E0330020D4
:109830002DE9F0411849BDF818700446A1F1300037
:1098400015461E4610F04CF914480DF073FD010743
:1098500005D4FFF781FFFFF767FDFFF701FA204608
:10986000FFF714FA68B1037ADA070AD500F10C049D
:1098700020460DF05FFDC30703D4022120460DF002
:1098800034FD102306933A4631462846044BBDE882
:10989000F0410DF06FBD00BF68330020E0330020C1
:1098A0001833002010B51A480DF044FDC0F3C00075
:1098B00080F0010408B9FFF74FFF15480DF03AFD9D
:1098C000034613480DF036FDDA061FD5830606D58C
:1098D000E4B1FFF729FDBDE81040FFF7C1B9202131
:1098E0000B480DF002FD0B491022881811F060FAA8
:1098F00048B9094810F0E1F8BDE8104004486FF09D
:1099000001010DF001BDFFF7E3FCE2E710BD00BF70
:10991000E033002018330020B033002008B51021B8
:1099200003480DF0E2FCFFF7BDFF002008BD00BFBB
:10993000E03300202DE9F04FB9B000AF0C4690465F
:109940003749D7F808013A4699460BF0D1FF38B9A4
:10995000FFF7A0FA05462846E437BD46BDE8F08F7C
:109960003E68391D30460BF0E7FF3EB92D4A2E48C0
:1099700001210DF0E5FC6FF015043EE07868F8B9C0
:1099800007F1080A4FF0000B5146304687F814B033
:109990000CF0F9F9054600B36C4688B06A46234BD3
:1099A000C2E905364FF400739383214B42F8103F10
:1099B0001D485B464FF4E251F8F72AFAA546DAE76C
:1099C0000A22002109F0D8FB03460028D8D0194A02
:1099D000154801210DF01DFCCDE7C7F810A0E4B13A
:1099E000C02207F120014846C047041E07DA124A88
:1099F0000D48234601210DF00CFC2546ABE7A408D9
:109A000007F12003C7E906340C4A07F110034FF6AB
:109A1000FF7101200DF0E9FD9DE72346F2E700BF4D
:109A200060EF020017D80200ECB602009DED0200C4
:109A300003000001B9ED02005FEC0200D58B0100CC
:109A400030B5B5B0002301918DF8080033930E4A6C
:109A500001AB04460D4601204FF6FF710DF0C5FD28
:109A6000339B73B19B0003AA29462046FAF7F6F808
:109A7000034620B1054A064801210DF0CAFB35B066
:109A800030BD1A46F0E700BF518E010067EF0200BB
:109A9000ECB602002DE9F34100F17008CDE90012A7
:109AA00004460F46007A414616460CF006FB0F4A64
:109AB00005466B464FF6FF7101200DF096FD1DB176
:109AC000207A4146FFF7BCFF207A3946FFF720F89D
:109AD00040B1314601300DF026FC1DB1207A4146DF
:109AE000FFF796FA02B0BDE8F08100BFD98E010001
:109AF00007B500230193FFF7A5FD411C89B2084675
:109B0000034A01AB0DF071FD019803B05DF804FB51
:109B1000D37102002DE9F04387B0437B072B02AFDE
:109B200080460C46164640F0A58000233B7342F663
:109B300003032068FB8107F10C010CF04AF905468C
:109B4000002834D1D4F80490B9F1000F05D14C4A63
:109B50004C4801210DF0F4FB8CE00123009007F14B
:109B600008022146C847031E11DA6E4688B002AAD1
:109B70004549D3610423C2E9051442F8103F414826
:109B80002B464FF40151F8F743F9B54672E0012B2B
:109B900005D03E4A3B4801210DF03BFB6AE03B7A91
:109BA00013F0300F66D02046FFF7A2FF04460023D3
:109BB00020683B7342F60213FB8107F10C010CF0A5
:109BC00008F918B12046FFF793FF0446002542F636
:109BD000021920683D703946A7F802900CF0F9F898
:109BE00010BB002320683B7342F60213FB8107F190
:109BF0000C010CF0EEF8054600283BD1D4F8049097
:109C0000B9F1000FA3D00090022307F10C02214606
:109C10004046C847031EA8DB022BBAD1BB891E42AF
:109C200014BF0120002026E020683D7142F60303A6
:109C3000391DFB800CF0CDF80028D2D04FF4205312
:109C400020683D727B8107F108010CF0C2F8002802
:109C5000C7D042F6010320683D73FB8107F10C0178
:109C60000CF0B7F80028BCD02046FFF741FF0446AF
:109C70000028AED100201437BD46BDE8F08300BFF8
:109C800085EF0200ECB6020099EF0200BFEF020080
:109C90002DE9F843154689469422696806460DF079
:109CA0000BFD8046002842D1696802223046FFF74A
:109CB00031FF00283ED04FF470200021AF8AFEF71C
:109CC00071FD0237044680B11C4B47611D21417470
:109CD000C0F80C80436085613A463046FEF730FD9F
:109CE000074638B92046FEF78BFD6FF00B05284676
:109CF000BDE8F883012342464146FEF7CDFEA98A1E
:109D000007F10C0002310BF0B9FF20F8029BAA8A80
:109D1000296911F037F8A760214630460DF014FA92
:109D200005460028E3D02046FEF76AFDDFE74FF046
:109D3000FF35DCE76FF01505D9E700BFD9710200E8
:109D400030B504468BB037480DF0F4FA42070D46A3
:109D500061D514B1637B072B60D168680590FFF76C
:109D600071FC2A68ADF818003AB305A902912E4992
:109D700001910121002300914FF6FF710593FFF738
:109D800091FC059B1BB96FF001000BB030BD6B60FF
:109D9000059B186800238DF8103004A942F60303D0
:109DA000ADF812300CF015F870B90598C3689B79BE
:109DB0009B0605D46FF01500E7E70028E8D1E2E73D
:109DC0000DF0CCFBADF81800BDF818003CB1012334
:109DD0000146AB752A462046FFF75AFFD5E76FF0DC
:109DE0007F0307930223ADF8203042F60213ADF84B
:109DF000123005ABAC7502930C4B01930123009319
:109E000004AA23464FF6FF7109958DF81040FFF71D
:109E100049FC0798B9E76FF00A00B6E76FF07F00DA
:109E2000B3E700BFBC14002007720200AD9F010021
:109E300073B500F13005044650F8083C0193A0F1D9
:109E400020066FF0010128460DF05EFA0D4B44F834
:109E50001C3C0D4B44F8183C01AB002044F8103C6E
:109E6000042324F8080C24F8060C24F80C3C314692
:109E7000FFF766FF18B9022128460DF036FA02B046
:109E800070BD00BF60C10200199401002DE9F843C4
:109E90003D4B1468904682689A4200AF054620D137
:109EA000C6683389721CE3B1317820460CF02EFC71
:109EB000B8B14FF49572294620460DF0FDFB30B342
:109EC000032812D16C4688B06A46304BC2E905358A
:109ED00042F8100F2E4800234FF4C451F7F798FFB3
:109EE000A5460120BD46BDE8F883052820460CBFE5
:109EF0004FF003094FF002090CF002FC814506D92E
:109F000098F804304B45ECD288F80490E9E73146E4
:109F100028460DF017FA1F4B9E42E2D1207A04F139
:109F20007001FEF737FE05460028DAD0038913B921
:109F30004389002BD5D02046FCF706FE164A2B8914
:109F400022F8203002EB8003698959801349144DAF
:109F5000182303FB001300B202EB800200EB400069
:109F60005D601A610F4D9D60042201EBC001204627
:109F70009A82FFF7E5FE0028B3D00B4A044801217E
:109F80000DF0DEF9ADE700BF05920100D8EF020049
:109F9000ECB6020024170020A04E00208C440020C4
:109FA00060C10200E9740200ECEF02002DE9F84301
:109FB000414B144682689A42074603D0012738462F
:109FC000BDE8F883C6683D4B9E4211D03289A38913
:109FD0009A4206F10101F1D13078FDF7A9F8054662
:109FE0000028EBD0437B072B26D0FCF75FFCE5E78E
:109FF000334DDFF8D0904FF00008494628460DF069
:10A000005DF978B915F8010C07222946FDF7E2F849
:10A0100078B9236915F8010C1A6929465388128802
:10A02000FEF7CEFE0C35B8F1000FCFD14FF001088E
:10A03000E3E7FCF73BFCF5E7736923B13946984742
:10A0400008B92846D1E73946942228460DF034FB5A
:10A0500007460028F5D1A389022B14D1338913F0C8
:10A06000020604D12846FCF721FCA660A6E7226977
:10A07000A1882846FFF70CFE0646A8B92269937D01
:10A0800001339375EEE7012B04D02846FCF70EFC54
:10A09000A76093E7338913F00106E3D02269A18812
:10A0A00028460DF044FB06462846FCF7FFFB002E31
:10A0B000A66084DB82E700BF059201002417002020
:10A0C000A54E0020A7D7020070B58EB000F1700534
:10A0D000044603900123007A8DF8103029460BF0D6
:10A0E000ECFF90B1227A52B302AE042130460AF05E
:10A0F000EAFE0096134A242105A82B46F9F7D2FC64
:10A1000005AA11491046F8F75BFA4FF6FF710F4A9E
:10A1100003AB01200DF069FA20460CF0F1FA9DF82E
:10A120001010884209D220460CF0B5FA034620B13F
:10A13000074A084802210DF06CF80EB070BD00927D
:10A14000D8E700BF63EF0200359901008D9E010042
:10A1500009F00200ECB60200F8B50E4B1B6805468C
:10A160000E461746A3B11C6804B1043C53F8043CE6
:10A170001BB13A463146284698474CB1234664689D
:10A180001B681CB1043C002BF3D1F7E7002BF0D186
:10A19000F8BD00BFC844002013B50A4A0090044629
:10A1A0004FF6FF7101206B468DF804000DF01DFA8B
:10A1B000002120460DF0F2FA08B9FFF789F802B045
:10A1C00010BD00BF8D9E010037B5134A00910446B3
:10A1D0000D468DF804006B464FF6FF7101200DF01F
:10A1E00004FA29462046F9F747FD002812DB2946E4
:10A1F0002046FEF7CFFE00280CDB29462046FEF75E
:10A2000087FC08B1FEF7B0FE29462046F9F71EFD8F
:10A2100000EAE07003B030BD058F010073B504465D
:10A2200003461A4A4FF6FF71012004F170060DF043
:10A23000DCF9207A31460DF0F5F9207A31460BF041
:10A240003CFF50B1237A8DF80430114A00966B46DA
:10A250004FF6FF7101200DF0C8F92046FEF716FDFC
:10A26000054688B1207A31460BF027FF28B92846E9
:10A2700002B0BDE87040FEF777BE3146681C02B000
:10A28000BDE870400DF04FB802B070BD659101009F
:10A29000058F010008B5054B014618460DF0C0FAC0
:10A2A000043B002814BF1846002008BDEC330020F2
:10A2B00010B50C4A11680C4ABFF35B8F00F5B873F8
:10A2C00053E8004F944204D143E8001CBCF1000F56
:10A2D000F6D1BFF35B8FBFF35B8FD0F87001BFF394
:10A2E0005B8F10BDD0430020E833002008B5FFF796
:10A2F000DFFF0346C8B1D0E9001221B9002A0CBF24
:10A300000320022010E032B1836813B9094B1B7897
:10A3100033B9042008E00749087828B19B6833B9AD
:10A32000003A18BF0122500008BD0320FCE70120BD
:10A33000FAE700BFCC5A002008B5034A03480121C0
:10A340000DF06CFA002008BD51F0020034B7020095
:10A35000024A034802210DF061BA00BF6CF002000E
:10A3600034B7020038B5002304461A46EC300D46D7
:10A37000FDF794F858B1693004D1074A0748012124
:10A380000DF04CFA2846BDE83840F9F779BA204676
:10A39000BDE838400DF09EBA04EA020034B702006E
:10A3A00038B5051D0446082128460DF09CFA0849D9
:10A3B00004F15700FCF750F848B1082128460DF089
:10A3C0006DFA0448044A01210DF028FA082038BD2E
:10A3D000937B020034B7020085F0020038B5EC220E
:10A3E0000546002110F0DCFC102105F1270004F0E7
:10A3F00025F8044648B9052128460DF074FAFCF703
:10A400001BF8034B1860204638BD0824FBE700BF4B
:10A41000D044002070B50E4686B00446FFF748FFD2
:10A42000F36804F137020546114603F1100053F8B2
:10A43000046B41F8046B8342F9D1237A052B00F2B7
:10A440009580DFE803F017232303936A02AB4B499F
:10A450000093096804F1270304F1570001F0BAFBE7
:10A4600058BB0A21201D0DF03EFAAB680299D4F8C2
:10A47000EC00984720460D210DF035FA201D1021E3
:10A480000DF031FA20460DF061FA20E094F8DC106E
:10A49000D4F8D83002ADCB403849009503F0010321
:10A4A000096843F0800304F157000DF02DFC30B132
:10A4B000334A344801210DF0B1F9082007E0102299
:10A4C000294604F1170010F073FC10B1042006B007
:10A4D00070BD032120460DF006FA0DF037FA002872
:10A4E000F5D194F8DC300133DBB2142B84F8DC3086
:10A4F00009D10D2120460DF0F6F91021201D0DF097
:10A50000F2F90020E3E7102104F1270003F096FFA1
:10A51000003818BF0120C000D9E7102104F127003E
:10A5200003F08CFF0028C8D135B3EB6823B3164B7A
:10A53000E27A1B88ADF80830A37CD20703F0010350
:10A5400012D4002B14BF012303238DF809300023FC
:10A55000C4E93833201D0C210DF0C5F9EB68D4F89F
:10A56000EC0002A99847CCE75B00EEE7074A0548F4
:10A5700001210DF0A2F9A0E70220A8E7D0440020B5
:10A580009EF0020034B7020014BB0200B7F00200D4
:10A590002DE9F04790B004460CAD1022002128466A
:10A5A00010F0FEFB237A052B34D8DFE803F0060316
:10A5B00003063323D4F8D8300C93D4F8EC3004F1EC
:10A5C000470204F1C707CDE9017204F1370803F12E
:10A5D0007E0204F12709009277334A46414604F18E
:10A5E000970001F08FFAF0B1454A464801210DF07D
:10A5F00015F914E0D4F8E430002BDED02E4603F138
:10A60000100718685968324603C20833BB42164621
:10A61000F7D1D2E73C4A3B4801210DF04EF9082022
:10A6200010B0BDE8F087D4F8EC3003F177027E3348
:10A6300008AE019304F111030292009303962B4696
:10A640004246494638460DF084FB08B12F4ACCE714
:10A65000237A052B0ED1D4F8E01011B30B46AC468B
:10A6600001F1100E18685968624603C20833734539
:10A670009446F7D1D4F8EC3003F17E0277330DF134
:10A68000100A019304F10A0302920093CDF80CA082
:10A690002B464A46414638460DF05BFB30B11C4A1A
:10A6A000A3E71022284610F07BFBE3E71022514677
:10A6B00004F1B70010F07CFBF8B90D2120460DF035
:10A6C00026F907460028AAD010210C300BF0D6FA44
:10A6D00032460346164603CEAE42186059603246F3
:10A6E00003F10803F6D139462046FFF73BFE201D53
:10A6F00001210DF0F8F8002092E70B2090E700BF51
:10A70000D3F0020034B70200B7F00200E8F0020014
:10A710000BF1020073B5047A022C054623D844B12C
:10A7200090F8DC30D0F8D840DC4004F0010444F06C
:10A730008004032128460DF0EAF80646D8B110211E
:10A740000C300BF09BFA009012482346006805F18C
:10A75000270205F157010DF0D7FA044680B13046C3
:10A76000F9F78EF807E0032C08D00B4A0B48234674
:10A7700001210DF0A2F8082002B070BD0024D8E736
:10A7800031462846FFF7EEFD281D21460DF086F8DC
:10A790002046F1E7D0440020B7F0020034B70200B1
:10A7A00070B5061DCD6804460B2130460DF076F8D5
:10A7B0002B4604F1170205F1100153F8040B42F87F
:10A7C000040B8B42F9D1237A012B09D0022B13D130
:10A7D000204604210DF087F8BDE87040FFF79ABFCE
:10A7E0000A2130460DF01CF80028F1D03046002137
:10A7F0000DF079F8002070BD0348044A01210DF0E6
:10A800005CF80820F7E700BF34B70200B7F0020099
:10A81000F7B50446FFF74CFD251D06460E212846D8
:10A820000CF0FEFF70B94E4B2022196804F157005E
:10A8300010F0BEFA30B94B4A4B4802210CF0EEFF43
:10A84000082033E00C2120460DF061F8074600286F
:10A85000F6D040210C300BF011FA414B1B68024638
:10A86000014603F1200053F804CB41F804CB8342A6
:10A87000F9D1203203F1200153F8040B42F8040B04
:10A880008B42F9D139462046FFF76CFD237A052B20
:10A890005DD8DFE803F0033C0D035C59042120463A
:10A8A0000DF021F8FFF736FF00283FD003B0F0BDD0
:10A8B0002046D4F8EC70FFF7FBFC042106464FF06D
:10A8C000FF330DEB0100019303F0B8FD0028B7D171
:10A8D000019B264AB3FBF2F102FB11330193C4F84A
:10A8E000D83084F8DC0056B1336843B10B212846D8
:10A8F0000CF0F9FF3368D4F8D81038469847032194
:10A9000020460CF0F0FF0E210CF0EDFF0EE020468B
:10A9100003210CF0E8FF0E210CF0E5FF28460A2188
:10A920000CF0E1FF7368D4F8EC0098472846072143
:10A930000CF0D9FF0820FFF7ADFC70B9204603B03A
:10A94000BDE8F040FFF72CBD04212046DCE7084AB3
:10A95000054801210CF0B1FF72E70020A6E700BF17
:10A96000D04400202FF1020034B7020040420F0013
:10A97000B7F0020070B50E460446FFF799FCF36885
:10A9800004F157052A4603F1200153F8040B42F85D
:10A99000040B8B42F9D104F1770203F1200153F843
:10A9A000040B42F8040B8B42F9D12846FBF79EFCBE
:10A9B000D8B10E21201D0CF096FFD4F8EC50D5F83C
:10A9C000A43033B9287A05F1700100F0D3FEC5F840
:10A9D000A400D5F8A4309BB1DA8902F024027AB140
:10A9E0005B7B9B070CD4032070BD2846FBF78AFCD9
:10A9F00030B90A480A4A02210CF010FF0B20F3E795
:10AA0000084B1D682DB9201D06210CF06CFF28464F
:10AA1000EAE72046BDE87040FFF7FABE34B702000F
:10AA20004AF10200D044002038B512490446A0F192
:10AA3000EC0554300FF035F828460CF0EEFFBFF36C
:10AA40005B8F0D4A04F1840353E8001F43E80020A4
:10AA50000028F9D1BFF35B8FBFF35B8F88344FF0D1
:10AA6000FF3354E8002F44E800310029F9D1BFF347
:10AA70005B8F38BDA5B50100E833002080B500AF7D
:10AA800088B06A46074BC2E90530032342F8103FFD
:10AA9000054800234FF4C251F7F7BAF96FF00B00E5
:10AAA000BD4680BD66F1020034B70200064BD3F804
:10AAB000EC200AB1FFF7E2BF0448C3F8F000EC3322
:10AAC0000B601046704700BFE833002064C20200EC
:10AAD0002DE9F0410B4600AF06460D2104300CF085
:10AAE0009FFE78B3DD68D6F8EC3003F17008197A70
:10AAF000424602200DF0C9F80446C8B94046F8F7AE
:10AB00003DFF6D4688B06A46114BC2E905304FF4EF
:10AB1000007393830F4B42F8103F0F4823464FF4C6
:10AB2000E251F7F775F90820AD46BD46BDE8F08162
:10AB30002B462A3405F1100253F8041B44F8041B79
:10AB40009342F9D1304609210CF0CDFE0020ECE70C
:10AB50008BF102000300000134B7020038B5174B37
:10AB60001B78054623B301F00F042846FFF7BEFB10
:10AB7000134A03280CBF04F00B0444F0040405F549
:10AB8000BA731278BFF35B8F53E8001F013103D112
:10AB900043E800200028F7D1BFF35B8FBFF35B8F42
:10ABA000D5F87431BFF35B8F2BB144F0010038BD91
:10ABB00001F00704D9E704F0FE00F8E7CC5A0020C2
:10ABC000F9180020F8B50D46D0F8EC600446FFF700
:10ABD0006FFBEF68FB78102B01D00620F8BDD6F88C
:10ABE000A4305BB1251D0F2128460CF019FE80B959
:10ABF0002046FFF7F3FB60B1C0B2EFE7307A06F111
:10AC0000700100F0B7FDC6F8A4000028EAD10820C2
:10AC1000E4E7012363723B68C4F80A30BB88E38130
:10AC200002232374B9782046FFF798FFE07420468A
:10AC3000FFF75CFB1023607423753B7903F003037B
:10AC400063757B7903F00103A375E37C1A070CD5C8
:10AC5000BB781B0709D5052128460CF044FE637D0F
:10AC600003F0020363750023A375052128460CF049
:10AC7000D7FD002843D04C4B1B78A374E37C980687
:10AC800006D5BB78990603D5142128460CF02BFE77
:10AC9000E37CDA0735D5BB78DB0732D50D212846B2
:10ACA0000CF021FEA37D84F8E830637D84F8E93060
:10ACB000032128460CF017FE237BE17C3F7803EA52
:10ACC0000102100704D5E27AA07C0243D2071CD40B
:10ACD000042F1CD80B4313F0040307D02046FFF7C2
:10ACE00005FB324B07EB87073B441B5C2372D6F80E
:10ACF000A41020460CF09DFD58B903206EE72C4BA4
:10AD0000BAE700236375A375CCE70523EEE70023BC
:10AD1000ECE7D4F8EC309B7A032B36D024D8013BF7
:10AD2000012B3FF674AF052128460CF079FD002871
:10AD3000E3D00C2120460CF0D6FD02210CF0E7FDFB
:10AD4000054600283FF463AF06210C300AF096FF59
:10AD5000D4F811300360B4F81530838029462046BA
:10AD6000FFF700FB002039E7042B7FF450AF237D71
:10AD7000627B934228BF1346102B7FF42EAF052130
:10AD800028460CF04DFD0028B7D0237A002BB4D014
:10AD9000052128460CF044FD0028C4D1237A013B4C
:10ADA000012BC0D8A9E700BFCE5A00209FF30200B4
:10ADB000CD5A00202DE9F041C678012E044604D07A
:10ADC0006FF015042046BDE8F0810CF078FD0546D3
:10ADD000002800F0AB80071D042138460CF020FD50
:10ADE000002840F0A680032138460CF019FD10B170
:10ADF0006FF00F04E6E7314638460CF011FD0028ED
:10AE0000F6D12846FFF754FAD5F8EC309B7A032B9D
:10AE1000064642D032D8013B012B48D90F21201DD4
:10AE20000CF0FEFC0028CBD1D4F8A43083B904F197
:10AE30007006217A3246202000F0FCFCC4F8A40001
:10AE400030B9217A3246042000F0F4FCC4F8A400A2
:10AE5000D4F8A430002BB3D0DA8912F0240FAFD08D
:10AE6000A17A022923D9587BC007A9D503291ED06E
:10AE70009206A5D51B7B102BA2D118E0042BCDD1B7
:10AE80002846FFF733FA032804D1002EC6D0F36812
:10AE9000002BC3D0284B1B7807E02846FFF726FA83
:10AEA000032804D1002EB9D0F368002BB6D0D4F813
:10AEB000A4303BB12846FFF791FA044670B16FF019
:10AEC00068047FE7207A04F1700100F053FCC4F8B5
:10AED000A4000028EED16FF00B0473E70B21284685
:10AEE0000CF015FD06460028E9D001210C300AF0CF
:10AEF000C5FE092180462846FFF730FE234688F824
:10AF000000002246314605F1EC00FCF7C7FA044682
:10AF100018B13046F8F7B4FC54E738460F210CF06E
:10AF2000E2FC012128460CF0DEFC4BE76FF07F04C9
:10AF300048E76FF0040445E7CC5A0020F8B5D0F894
:10AF4000EC40D4F8A4300646051D002B32D1022176
:10AF5000404A41480CF062FC0721404B5F5CD4F84A
:10AF6000A4304BB11B7B002B5CD1D4F8A4000CF0B7
:10AF7000A0FE0023C4F8A430022128460CF050FCA7
:10AF800040B9072F96BF364B1F21D95D3A46204660
:10AF9000FCF77AF8032128460CF042FC68B3314BE9
:10AFA0001B6853B31D6805B10C3D53F8083C002BDA
:10AFB00041D143E081BB0D2128460CF031FC07460E
:10AFC00020B1D4F8A40008B100F084FD254B1B6823
:10AFD0009BB11D6805B10C3D53F80C3C13B13946CB
:10AFE000204698474DB12B46ED681B681DB10C3DBE
:10AFF000002BF4D1F7E7002BF1D130460CF00DFD1A
:10B00000637B072B24D1627AA37A9A4220D0204610
:10B01000BDE8F840FFF7CEBE0139C9B20E299CD970
:10B0200009279CE7022128460CF0FAFB00289CD156
:10B03000A2E70C3D23B1394620469847002DDCD0CD
:10B040002B46ED685B68002DF3D1002BF3D1D4E7DC
:10B05000F8BD00BFA5F1020034B7020090F3020072
:10B060007FF30200C8430020F8B5031D06460F46D3
:10B07000184602210CF0D4FB044620B1B6F8E84093
:10B08000B4FA84F46409032118460CF0C9FB80B1BA
:10B0900039463046FFF752FFC4B11A481A4A022116
:10B0A0000CF0BCFBD6F8EC0005210BF0BDFA00203B
:10B0B000F8BD012118460CF0B3FB0028E8D10F21A0
:10B0C00018460CF0ADFB0028E2D1E5E7052130463B
:10B0D0000CF01DFC054688B101210C300AF0CEFDB4
:10B0E000234607702246294606F1EC00FCF7D6F904
:10B0F0000028DCD02846F8F7C3FBD8E76FF06800DB
:10B10000D6E700BF34B70200CFF10200134B10B5F1
:10B11000044618604FF0FF324FF0FF33104804F040
:10B1200053FE104805F006FA0D4804F0C5FE1CB9A0
:10B13000BDE81040FFF70CB90B4CBFF35B8F54F820
:10B140000439BFF35B8F5B0607D52046FFF760FB32
:10B15000014610B12046FFF787FF10BDD044002004
:10B160005417002068170020EC3300202DE9F3412C
:10B170000B8A04460E4643B92D4A2E4801210CF095
:10B180004DFB002002B0BDE8F081012106F10C006A
:10B190000AF0A4FDA4F1EC05E83C07460421204692
:10B1A0000CF03EFB3B7828B1234A224802210CF0E8
:10B1B00084FBE6E70E2B01D9204AF6E7DFF8808012
:10B1C00058F833204AB902211E4A1A480CF075FB80
:10B1D00007212846FFF748FFD3E7194628460CF019
:10B1E00006FC3B7860B91348174A02210CF065FB56
:10B1F000032120460CF014FB0028C2D00821E8E708
:10B2000008EBC301328A0979914208D001210093E9
:10B21000084813460D4A0AF0A3FA0A21D9E7314635
:10B2200058F833302846984701460028A9D0D0E77F
:10B2300027F2020034B7020042F2020073F2020069
:10B240008CC2020095F20200AFF20200B7EA0200DF
:10B250002DE9F04784B090F8E930D1F80C80D0F8AF
:10B26000EC6023F0020380F8E93098F8003000AF7A
:10B27000054606F17009BBB398F8063003F0C00329
:10B28000C02B31D04046F8F779FB6E4688B06C464B
:10B290005C4BDFF8748125464FF4007AC4E9053031
:10B2A000A4F81CA045F8108F00232A464FF4E25161
:10B2B0005648F6F7ADFD4846B546F8F75FFBA5469C
:10B2C000534BA4F81CA0C4E90530C4F810804F48C3
:10B2D00000232A464FF4E251F6F79AFD0A20B546BC
:10B2E0001037BD46BDE8F0870722414648460FF0BB
:10B2F0005FFD68B1307A414600F0FAFA044638B191
:10B30000014628460CF095FA28B320460CF0D1FCF3
:10B310000D21281D0CF084FA002862D0317A4A46AB
:10B3200002200CF0B2FC0446B8B94846F8F726FBF8
:10B330006D4688B06A46374BC2E905304FF400735A
:10B340009383314B42F8103F304823464FF4E2518B
:10B35000F6F75EFDAD460820C2E7F378002B3AD140
:10B3600006F17E031878012829D19A7902F0C002EB
:10B37000402A24D1D3F80120C4F83A20B3F805308C
:10B38000E38796F87030D3B196F8763003F0C003B7
:10B39000C02B14D02049FC603A1DC7E90198FBF787
:10B3A0008DFBD8F80030C4F80130B8F80430A4F8A8
:10B3B000053098F80630E3713046FBF735FE002182
:10B3C0002046FAF719FA48B11048144A02210CF045
:10B3D00025FA032084E706F17703C3E72046FAF74E
:10B3E0001DFA95F8E9305B0703D50A2128460CF0D1
:10B3F0007AFAB5F8E81009B1002071E72846FFF79E
:10B400009DFDF9E7CAF202000300000134B7020013
:10B4100048F302008BF10200617A0200DEF20200C2
:10B420002DE9F0410E460446D0F8EC80FEF740FFCF
:10B43000F668114A337801210546271D0F480CF0A4
:10B440003CFA0A2138460CF0D2FA38B16DB92046E0
:10B450003178FFF773FD0020BDE8F0810B213846FD
:10B460000CF0C5FA0028F1D1F1E72B69002BEED0E2
:10B4700040469847EBE700BF19F3020034B70200DB
:10B480002DE9F8430546A0F1E80600AF04468846DA
:10B490003046012155F8EC990CF0A9FA28B3B8F11F
:10B4A000000F17D0032130460CF0BAF9E8B140463E
:10B4B000F9F7A0FA0138C0B208289ABF354B1C5CD6
:10B4C0000024022130460CF00EFA21462846FFF7F0
:10B4D00035FD0AE099F80B303BB1032130460CF002
:10B4E0009FF928B928460CF098FABD46BDE8F883C4
:10B4F000052130460CF094F9B8B114F8043C1B0750
:10B5000007D514F8033C180703D5112130460CF079
:10B51000EAF914F8043C23F0080304F8043C14F896
:10B52000033C23F0080304F8033C14F8033CD90758
:10B5300010D5062128460CF0D6F9304602210CF031
:10B54000D2F92068D0F8A46066B134F8041C002950
:10B55000CBD1BBE79A0701D50821EBE75B07ECD518
:10B560000A21E7E77030F8F709FA6C4688B06A46B6
:10B57000094BC2E905304FF400739383074B42F83F
:10B58000103F074833464FF4E251F6F741FCA54619
:10B59000ABE700BF87F302003BF3020003000001AA
:10B5A00034B7020037B5A0F5A075A0F59E74BFF3BF
:10B5B0005B8F2368BFF35B8FBFF35B8F2A68BFF39A
:10B5C0005B8F084800920121074A0AF0C9F8284613
:10B5D0000821FFF7B3FC0421204603B0BDE830404A
:10B5E0000CF081B934B7020050F302002DE9F843A2
:10B5F00000AF04460CF063F9054670B3061D032145
:10B6000030460CF00DF940B3D4F8A40008B10CF0AA
:10B6100050FB04F17009207A494600F0ABF88046EF
:10B62000C4F8A400E0B94846F8F7A8F96C4688B019
:10B630006A463E4BC2E905304FF4007393833C4B9E
:10B6400042F8103F3B484FF4E2514346F6F7E0FB27
:10B650000821A5462846FFF707FDBD46BDE8F8834B
:10B660000E2130460CF0DCF828B1D4F8A420537B2E
:10B6700043F0020353732B7A032B11D823B1052116
:10B6800030460CF0CDF8A0B9D4F8A420537B23F0B9
:10B6900020035373D4F8A420537B23F001030DE05F
:10B6A000053B012BF0D8D4F8A420537B43F02003B2
:10B6B0005373D4F8A420537B43F0010353732B7DC1
:10B6C000697BD4F8A4208B4228BF0B461373052155
:10B6D00030460CF0A5F8D4F8A4305A7B10B342F0F1
:10B6E00010025A730D2130460CF09AF80028B4D09D
:10B6F000D4F8A40020210CF0D8FAD4F8A43005F135
:10B7000047021A33573552F8041B43F8041BAA4268
:10B71000F9D1D4F8A420002313615361D4F8A420F4
:10B7200013839AE722F010025A7396E78BF1020016
:10B730000300000134B7020008B5044B044801229D
:10B740001A70FAF723FE002008BD00BFCC5A002073
:10B750007017002008B5437B5B0607D40121F9F779
:10B7600007FFBDE80840024804F03ABE08BD00BF2C
:10B770007817002070B50F4C14F8013B8342064641
:10B780000D4604D1072220460FF012FB68B10A498A
:10B790000A4807220FF00CFB48B904F8016C2B682B
:10B7A0002360AB88A380AB79A371024870BD0020F1
:10B7B000FCE700BFD4440020A7D70200D5440020F6
:10B7C000F7B50E4F04460D4616460023F9893A7820
:10B7D0000BB103B0F0BD0029FBD0A242F9D1084B58
:10B7E00018689A8800909B798DF806303146684633
:10B7F000ADF80420A8470123E8E700BFD4440020A7
:10B80000D544002010B40B461146044AD4890442A2
:10B8100002D010BC1046184710BC7047D44400201A
:10B8200008B5034900220220FFF7ECFF002008BD05
:10B8300055B70100F8B50C4CE389074620463B405C
:10B840000D464FF00006114610F8012B07D0954227
:10B8500003D107220FF0ACFA18B1304600E01846C9
:10B86000F8BD2046FCE700BFD4440020F8B50B78B3
:10B87000012B06460C4601D00020F8BD8B7903F061
:10B88000C003402BF8D1174DEF892946BF0711F8A7
:10B890003A2B4FF0000304F1010006D5B24204D167
:10B8A00006220FF085FAD0B10023EA89297802F048
:10B8B0000202002BE0D1002ADED0B142DCD1671CAD
:10B8C000094839460AF04CFA01230028EDD0D4F893
:10B8D0000130C5F83A30054BB4F805209A8001488C
:10B8E000CBE700BFD4440020FE4400200E450020DA
:10B8F00010B5074C2378834208D10722601C0FF053
:10B9000057FA00280CBF2046002010BD0020FCE79D
:10B91000D44400202DE9F04192B0144602AF054610
:10B9200038B9624A6248012109F007FF6FF0150635
:10B9300040E0342207F10C011846A047041E06DA45
:10B940005C4A23465A48012109F000FFEEE7391D01
:10B9500028460AF018FA064698B16C4688B002AA42
:10B96000554BC2E905354FF400739383534B42F8AE
:10B97000103F4F4800234FF4E251F6F749FAA5462D
:10B98000D4E73946284609F0D7FF386838B10A228B
:10B99000314607F0F1FB034608B1494AD2E72CBB18
:10B9A0003A1D21463F20FFF745FF40B14022214686
:10B9B0000FF0F6F930464037BD46BDE8F081381D3E
:10B9C000F7F7DCFF6D4688B002AA3E4BC2E90530AE
:10B9D0004FF400739383394B42F8103F34482346A9
:10B9E0004FF4E451F6F714FAAD46E3E7391D0020B1
:10B9F000FFF7C0FE0546C0B9381DF7F7BFFF6C461C
:10BA000088B002AA304BC2E905304FF4007393832B
:10BA10002A4B42F8103F26482B464FF4E251F6F7E6
:10BA2000F7F96FF00B06A546C4E7342C0BD034238E
:10BA30000093264A1E482346012109F091FE28461C
:10BA40000CF037F972E707F10C0300F10C0207F173
:10BA50003C0C1C4603CC644510605160234602F147
:10BA60000802F6D1206810606B7BDA07A2D513F0CC
:10BA700030049FD1381DF7F781FFE84688B002AA4D
:10BA8000134BC2E905304FF4007393830B4B42F81C
:10BA9000103F074823464FF4E451F6F7B9F96B7BA2
:10BAA00023F00103C5466B7384E700BF17D802007B
:10BAB00004B70200BFF302009DED02000300000185
:10BAC000B9ED0200DEF3020001F4020020F40200EE
:10BAD0003EF4020010B501460246342311F8010B72
:10BAE0000C32F8F72BF9044628B1044A0346012129
:10BAF000034809F02BFE204610BD00BFA3F402004E
:10BB000004B702002DE9F0479AB01D46DDE92397FE
:10BB10002E4B16460CAA84468A4603F1300E9046F8
:10BB200018685968144603C4083373452246F7D190
:10BB300018681B79206023716146202204A80CF04C
:10BB4000CBF823486B46202204A900F071F8044684
:10BB5000C0BB102251460DF135000CF0BDF810228B
:10BB600031460DF145000CF0B7F82946062211F8D0
:10BB7000013B8DF855300DF156000CF0ADF82299CF
:10BB8000062211F8013B8DF85C300DF15D000CF0E0
:10BB9000A3F84B4635224146684600F049F8044672
:10BBA00080B948460CF0A2F801238DF830303522D8
:10BBB0003B464146684600F03BF8044610B938461B
:10BBC0000CF094F820461AB0BDE8F08716BB0200CE
:10BBD000D0F4020070B598B00E46144601462022FB
:10BBE00004A81D460CF078F8202231460CA80CF071
:10BBF00073F81022294614A80CF06EF81022214682
:10BC000068460CF069F86B46502204A9184600F00B
:10BC10000FF840B9039B054A1BBAB3FBF2F102FBD4
:10BC200011331C9A136018B070BD00BF40420F0062
:10BC30002DE9F0418EB007460C461546002118222A
:10BC400008A81E460FF0ACF84FF41053ADF81C30A6
:10BC5000DFF85C808023ADF81E304FF44063CDE9FF
:10BC60000938102205AB394607A806F07BF80346D1
:10BC700048B1104A1048012109F068FD6FF0040036
:10BC80000EB0BDE8F08106AB029310232246CDE949
:10BC9000006341462B4605980EF020FC04460598AB
:10BCA00006F01EF82043EBD0044A2346E2E700BF2B
:10BCB0000002C003EAF40200D4B6020006F5020056
:10BCC00010B5094C0A44914200D110BD11F8013B56
:10BCD000584003090001E35CC0B2434018091B014E
:10BCE000205CDBB25840EEE71FF50200F0B5114DC5
:10BCF000114E124F85B04FF0FF334FF0FF3201A9C4
:10BD0000284603F0FDFF034690B10D483A46012155
:10BD100009F01CFDEFE7236813B1019A934203D1A8
:10BD2000D4E9013101A898470C34B442F3D3E2E7D7
:10BD3000044CFAE70C1A0020FCB802002FF50200B0
:10BD400084B70200F0B80200F0B585B0DDE90C540C
:10BD500017461E46019023469DF828008DF80800DE
:10BD60002C432A468DF80910ADF80A7003960AD0C4
:10BD70000D490FF03FFAD1F8B8400C4909588C42F0
:10BD800004BF002213460A4801A90DF0F5FC041E69
:10BD900007DA084A0848022109F0CFFC204605B01E
:10BDA000F0BD0024FAE700BFE040002008000000DA
:10BDB0000C1A002044F5020084B70200084B70B54D
:10BDC000C31A0D4607499B100446594306484022B2
:10BDD0000CF018F82B4601462046BDE87040184785
:10BDE00028450020B76DDBB6D8B2020073B50C4C05
:10BDF0000C4A4023041B00930D460B460A49A4102D
:10BE00006143064609480CF028F8011E05DA304661
:10BE10002B4602B0BDE87040184702B070BD00BFAD
:10BE200028450020C37E0200B76DDBB6D8B2020001
:10BE30000022F8B5012105461046F7F7E9F9104848
:10BE400002F0DAFB0446B8B90CF04DFE2F690D493B
:10BE5000384609F000F9031E09DB01263E642D690E
:10BE6000084905F11C0009F0F6F8031E02DA1C4629
:10BE70002046F8BDEE64FBE76FF00404F8E700BF6E
:10BE8000DDBF010004C302007FB500220123CDE91C
:10BE9000022304ABCDE90433094ACDF800D06B4648
:10BEA000CDF804D00CF006F8002805DB4FF48042F2
:10BEB0000023684604F0BCF807B05DF804FB00BF3F
:10BEC000D57E020010B5064C23782BB94FF4A5702F
:10BED0000DF095FB01232370BDE8104002F076BB06
:10BEE000CF5A002010B5EFF31184402383F312885A
:10BEF000BFF36F8F074A136823F00201DB0711605D
:10BF000002D401200CF0E9FD84F31188BFF36F8F98
:10BF100010BD00BF7845002030B4104B0C2202FB4E
:10BF2000003301460020D3E90E529863EFF31180ED
:10BF3000402484F31288BFF36F8F1C6C04F0C0049C
:10BF400044F002041C6480F31188BFF36F8F1DB1AD
:10BF50002B46034830BC184730BC704728450020AA
:10BF6000D8B2020010B4EFF31182402383F3128899
:10BF7000BFF36F8F1748016841F002040460C807DF
:10BF800007D482F31188BFF36F8F012010BC02F039
:10BF900023BB4FF08041D1F80C04D1F80C14C90731
:10BFA000EFD5EFF3118083F31288BFF36F8F0A4947
:10BFB0000B6C03F0C00343F002030B6480F31188A1
:10BFC000BFF36F8F82F31188BFF36F8F002010BC17
:10BFD000FFF7A2BF784500202845002010B10128B6
:10BFE00004D07047034B1B6C5B0701D1FFF794BF74
:10BFF000704700BF284500202DE9F0413849BFF3C4
:10C000005B8F0746012251E8003F41E800200028ED
:10C01000F9D1BFF35B8F33B9324933484B60CB6002
:10C020008A6009F02BF87B1E012B2BD8012F07D13A
:10C030004FF08043D3F81C3403F00303012B21D0CD
:10C040000DF08BFD0546F8B9284B1B78E3B14FF096
:10C0500080430222C3F808230646DFF894804FF09D
:10C060008044D4F81824D4F81834D20315D503F03A
:10C070000303012B01D0012F0FD155B386F3118893
:10C08000BFF36F8FBDE8F081EFF31186402383F398
:10C090001288BFF36F8F0125DFE7ADB1304609F09D
:10C0A0005DFDD4F81835002BDBD1D4F80421002A2B
:10C0B000D7D0C4F80431D4F804310123C4F81835BA
:10C0C000C8F88031A360CCE7002121200DF0FAFDF3
:10C0D000E7E74FF080430222C3F80423D2E700BF12
:10C0E000244500201445002044450020865F0020A0
:10C0F00000E100E010B5044C2046F4F779FF20463B
:10C10000F7F7DCFA002010BD0DC1010073B5104E29
:10C110008DF807000446032501220DF107010020D8
:10C1200003F050FB20B101233370204602B070BDF4
:10C130003378002BF9D0013D08D00DF00EFD00281A
:10C14000EAD1002142200DF0BDFDE5E73570ECE7B6
:10C15000D05A0020EFF31182402383F31288BFF3FB
:10C160006F8F0A4BD3F8001161B10021D3F8080595
:10C17000C3F80011D3F80031C0B282F31188BFF3C5
:10C180006F8F70476FF00A00F7E700BF00D00040E4
:10C19000F0B5034610469C7893F803C0EFF3118284
:10C1A000402585F31288BFF36F8F1F7893F801E065
:10C1B000E41B04EA0C04A04288BFA0B23E180CEABB
:10C1C00006063D461E7082F31188BFF36F8F0A1872
:10C1D0008A4216D177450CD1EFF31182402181F3C9
:10C1E0001288BFF36F8F1978597082F31188BFF3EB
:10C1F0006F8F1B79241AA34222BF064B01221A60BB
:10C20000F0BD5E190135767901F8016B05EA0C0580
:10C21000DEE700BF00D00040DB432DE9F04713F01C
:10C2200001050E46144604D02248FFF7B1FFBDE8D1
:10C23000F0879AB3EFF31188402383F31288BFF39A
:10C240006F8F0D20F6F7D6FF07460D20F6F7BEFFDD
:10C2500088F31188BFF36F8FDFF85CA0DFF85C8094
:10C26000CAF80051DAF800314FF400590123CAF836
:10C2700000302546C8F88091DAF8003183B1FFF725
:10C2800069FF031EC8F88091F6DB013DADB273551E
:10C29000002DF1D117B10D20F6F78AFF2046C6E731
:10C2A000EFF31180402383F31288BFF36F8F09F0FF
:10C2B00055FCE1E7AC45002000D0004000E100E083
:10C2C0002DE9F041124F0D46144607F1450814B907
:10C2D0002046BDE8F0814FF0FF334FF0FF32384683
:10C2E00003F0A6FE224629464046FFF751FF0646C8
:10C2F000384603F063FE3EB94FF0FF324FF0FF3394
:10C30000044803F095FEE6E7A41BA4B23544DEE73B
:10C310007C4500209445002038B5194C0122114677
:10C3200020460DF0EEFA0122002104F118000DF074
:10C33000E8FA40F20743A4F848304FF070632363F3
:10C340000C2384F8343000250E4B84F84550A4F8B3
:10C350004650D3F8042522F00102C3F80425012138
:10C36000C3F80051D3F80021C3F804132A4619601A
:10C370000D20F6F74DFF0D20F6F71AFF284638BDC1
:10C380007C45002000D0004010B5FFF7E3FE0028F8
:10C3900020DB174B93F8322093F8314093F8331099
:10C3A000141B31EA0404C0B20DD193F8472093F86E
:10C3B000464093F84810141B31EA04040BD10D4B8E
:10C3C00001225A600EE09C180132114084F83500B9
:10C3D00083F8321010BD9C180132114084F84A00D5
:10C3E00083F847100448BDE8104003F0E7BD00BFE4
:10C3F0007C45002000D0004094450020024B0B609B
:10C4000001231360704700BFD045002000487047EB
:10C4100028C3020007B50346054A009105480121DB
:10C4200009F09EF96FF0150003B05DF804FB00BF42
:10C43000B5F5020054B7020010B5012211460748B5
:10C44000074C0DF05EFA02F025F90CF00DFF2060AC
:10C450000CF006FF6060002010BD00BFD845002032
:10C46000D045002038B5037B04460BB10CF04AFBE5
:10C470000125A368032B06D8124AD2F80034DB0743
:10C48000FBD5002038BD23686068196802F0A6FB60
:10C49000636804336360236804332360A368043B48
:10C4A000A360237B0135002BE3D0284602F080F9FE
:10C4B0000028DED0034AD2F80034D907FBD501208A
:10C4C000E0E700BF00E00140F0B589B00E46154638
:10C4D0000CF0C6FE2946074630460BF091FD60B3CE
:10C4E000B6FBF7F307FB136323B9B5FBF7F407FBC0
:10C4F00014545CB11F4A009533461F48012109F0CE
:10C500002FF96FF01504204609B0F0BDAF42FAD8FC
:10C510004FF0FF334FF0FF32184803F089FD0CF065
:10C52000E5FA04AB014660B9102218460EF038FC5B
:10C53000CDE905650BF040FD16E0114A0095334644
:10C54000DBE71022214618460EF02AFC01228DF866
:10C550001C200C4ACDE902200B48CDE9056502F00C
:10C56000A1F802A802F0A4F80446044803F026FD4E
:10C57000C9E700BFD2F5020054B70200D845002039
:10C58000B5F50200B97F0200645E010070B50D468A
:10C5900088B01946284616461C460BF031FD58B99E
:10C5A0001D4A00942B461D48012109F0D9F86FF06F
:10C5B0001504204608B070BD45EA04039B0703D06C
:10C5C000174A00942B46EEE7002CF2D04FF0FF33D1
:10C5D0004FF0FF32134803F02BFD0CF087FA0346AF
:10C5E000CDE9046504A806948BB101238DF81C30B5
:10C5F0000D4BCDE9023041F64C5002F053F802A841
:10C6000002F056F80446074803F0D8FCD1E78DF84D
:10C610001C30FFF727FFF5E7B5F5020054B702001D
:10C62000F1F50200D845002065C40100430970B54A
:10C6300007D10B4B596821B101250C68094E854083
:10C6400001B970BD8A682A4002D04B6830469847CD
:10C650001CB1236821461C46F2E72346FAE700BFD7
:10C66000F0450020F8B2020038B54568A86890B1DE
:10C670000CF0E4FC014670B9A8680CF0C3FC044659
:10C6800058B902460649A8680CF0ADFC22460521BF
:10C690000620F6F7BDFD002038BD6FF00400FBE773
:10C6A0002DC60100044A054B9362054A1A60012118
:10C6B00000220320F6F7ACBD88170020FC450020BF
:10C6C000003000402DE9F04F89B002AF9346BB60C7
:10C6D00003693B614368D3F820A09B8AFB604FF05D
:10C6E000FF324FF0FF3305460C460BF064FE3B690A
:10C6F00048337B61002378690022002603F098FC10
:10C7000033465E4501D3002340E0207A010700F163
:10C71000938001365E4521680BD2820709D4227DC1
:10C7200080EA020C0CF0010C02F004025CEA020C3C
:10C7300008D023B901F06042B2F1005F3FD04FF062
:10C74000000801E04FF001086268D7F80CE003EB45
:10C75000020CF44524D96C468CB0286802A9384EE6
:10C76000CA61C1E90563FB680A46C1E9083040F2C5
:10C7700003530B85334B42F8103F002332484FF4EC
:10C780005151F5F745FB6FF01B03A54628467B6129
:10C790000BF015FE7B691C371846BD46BDE8F08FCF
:10C7A000C00705D40AEB03007B600EF0EBFA7B6850
:10C7B00062681A4493B2B8F1000F26D1D3B9D4F805
:10C7C0000090A3884FF00008BA68217A00922846AA
:10C7D0004A4600F05FF8031ED8DB4FF480427869C8
:10C7E000002303F025FC40B128460BF0FBFD6FF061
:10C7F0000403CBE79846D146E6E73B691B6E002B66
:10C80000F5DB237ADB0702D400230C3479E7CA4531
:10C81000FAD123460AE0A8EB0201D8687B601FFA30
:10C8200081F819FA81F10EF0ADFA7B685A689045EB
:10C83000A3F10C03EFD2E7E76FF08503A6E700BF93
:10C8400045F60200060000017CB7020008B5CA07E1
:10C8500043680AD4C1F34201012909D002290FD04B
:10C860000A4A0B48012108F068FF6FF0150006E046
:10C870009B6A1B684FF0CC72C3F82425002008BDCA
:10C880009B6A4FF0C8621B68F6E700BF2BF70200F7
:10C890007CB70200F0B589B047680C461646002107
:10C8A00012220DF10E001D460EF07AFA04F001037B
:10C8B0008DF80C30BDF838308DF80D30BB8C0495F8
:10C8C000AB4206960AD20A4800930A4A2B46012137
:10C8D00008F046FF6FF01B0009B0F0BD84F00202C3
:10C8E000C2F34002B86A520103A902F0D1FBF3E798
:10C8F0007CB702003DF70200B0B5456800AFAB69F8
:10C9000004469847E86901210BF05DFD2A69A86A91
:10C91000234629460CF0AAFD002817DA23686C4646
:10C9200088B06A460C49C2E905134FF4007393833B
:10C930000A4B42F8103F0A4800234FF4E251F5F742
:10C9400067FA6FF00400A546BD46B0BD20460BF067
:10C9500061FD0020F8E700BF84F70200030000013A
:10C960007CB70200F0B5034685B053F8186D7268C5
:10C97000D16892685C1A164BE4105C430C23634345
:10C98000D71805463979D0580BF063FD031E08DA35
:10C99000104A009310482346012108F0E1FE05B03B
:10C9A000F0BD15F9082C9A42F9D005F8083C4FF073
:10C9B000FF304FF0FF313A89003BCDE902014FF0E3
:10C9C0000101009118BF01233046FFF7BDF9E6E7EA
:10C9D000398EE338A4F702006CB702002DE9F04F5E
:10C9E00085B04668F56802AF183578604FF00009E9
:10C9F0003D6073684B4505DC337D002B40F0A38020
:10CA0000002423E00C23D6F808A003FB09F80AEB66
:10CA100008045AF808000CF00EFE0346D8B95AF87C
:10CA200008206C4688B0116802AA5048C2E9050186
:10CA30004FF4007191834E4942F8101F4D484FF456
:10CA4000E251F5F7E5F9A5466FF0120420460C37E0
:10CA5000BD46BDE8F08FE3885AF80800217943F419
:10CA600080320469D0F808E013F0010F4FF0010C98
:10CA700023680CFA01FC14BF4CEA030323EA0C03FD
:10CA80002360DEF800309847044638B13A4A0090F7
:10CA90004B463848012108F063FED7E77B6845F82C
:10CAA000183C316928460CF0FCFF337D002B46D141
:10CAB000D6F808B00BEB080A01239AF8042003FA11
:10CAC00002F22E4B45E904325BF808008268D46913
:10CAD000A5F1140164B10122A047041E0BDA284A13
:10CAE0002448012108F029FE264A00944B46D0E74D
:10CAF0006FF05704F3E79AF804105BF808000BF0A6
:10CB0000A8FC05F8080CBAF806305BF808009AF89B
:10CB1000041003F04003826894696CB143F0C06371
:10CB20004FF0A072A047041E09DA174A11482346A5
:10CB3000012108F00BFED7E76FF05704F5E709F184
:10CB40000109483555E735684FF4004440F2E730B5
:10CB500000214FF47A720023E5FB0401EFF782FA1B
:10CB600002460B46386803F0DFFC49E7C0F70200D5
:10CB7000030000016CB70200D0F702007B840200C2
:10CB8000F0F702000CF8020013F802002DE9F04360
:10CB90005B4E5C4F00EB810140F2FF15814202D1F8
:10CBA0000020BDE8F083046814F4804FC4F3C32C64
:10CBB000C4F3080340F09080240E16F80CC0AB427A
:10CBC00008BF4FF0FF33192C00F28980DFE804F032
:10CBD0000D13191C1F251C87878787366387878756
:10CBE000878787878787667B7E81C2F80C355C1CC8
:10CBF0005ED10430D2E7C2F814355C1CF9D00024B1
:10CC00005FE0C2F80835F2E7C2F81035F5E75C1CC2
:10CC1000C2F80835EDD0002404E05C1CC2F80C35E5
:10CC2000E7D001245FEA531E5CD14FF001084FF0BA
:10CC3000A04E08FA03F9CEF80C950AE0C2F80835C0
:10CC4000BCF1000FD9D15C1CD3D00024A0464FF01A
:10CC5000060CD0F8009009F4004EBEF1000F1CBF86
:10CC60004FF00008012403F01F0E5B0942D14FEA88
:10CC70008E0E0EF1A04EC9F34129DEF800373B407D
:10CC800043EA890343EA0C2343EA080343EA4403E3
:10CC9000CEF80037ADE7C2F80C35D1E7C2F8603501
:10CCA000B3F1FF3F0468A4D0C4F30044002CB8D013
:10CCB0005C091BD101244FF0A04E04FA03F8CEF812
:10CCC0000885A046C5E7C2F86435E9E7C2F86835CB
:10CCD000E6E7C2F86C35E3E76FF0150061E76FF047
:10CCE00085005EE70023C3F80C35FFDE0023C3F8A0
:10CCF0000835FAE70EF5E07E002353F82E30F4E70E
:10CD000048F80200F0F8FCFF2DE9F04104464768BE
:10CD10000D460CF022FF4FF0400888B9264B1B78D7
:10CD200073B1642660680BF084FCF0B901200BF04D
:10CD3000FBFE013EF6D1002121200CF0C3FFF0E7FD
:10CD4000EFF31186314688F31288BFF36F8F606866
:10CD50000BF06FFCA8B986F31188BFF36F8FEFE774
:10CD600086F31188BFF36F8FE5E7EFF31186314645
:10CD700088F31288BFF36F8F60680BF05AFC0028AD
:10CD8000EED0BB691D706368BA691B680020C3F8E8
:10CD900044250122C3F84825C3F82001D3F82041D7
:10CDA000C3F85801D3F858019A6081F31188BFF392
:10CDB0006F8FBDE8F08100BF865F00202DE9F04154
:10CDC0000022054601210220F6F722FA0220F6F79A
:10CDD000EFF96C680121E0680BF07FFC6B681A6862
:10CDE0002369C2F82435637D217D0B43C2F86C357D
:10CDF0006F68D7E9004313F0010346D0D5F81080DF
:10CE000004F10C0108F10C0204F590700BF0C9FE5E
:10CE1000061E07DA2A4A2B48012108F08EFC30460C
:10CE2000BDE8F08198F80C0001F042FE0823C4F838
:10CE30000035BB69C4F844350023C4F848350123E4
:10CE4000A360D4F85831002BFBD00026C4F800654D
:10CE50006B683146D8680BF040FC6D6831462C6831
:10CE6000E8680BF03AFC0823C4F800352A7A52B976
:10CE7000EB69C4F834350123C4F83835C4F81021FF
:10CE8000D4F8102123600026C9E70822C4F8002541
:10CE9000BA69C4F84425C4F848350123A360D4F81E
:10CEA0002031002BFBD00023C4F82031D4F82031EE
:10CEB0000123E3604FF48073C4F80433C1E700BF7B
:10CEC00050F80200ECB702002DE9F04383B045684A
:10CED0000669D5F8208000AF3A1D002140460BF0CE
:10CEE000E6FA041E19DB7B68D8F800201979186867
:10CEF000FFF74CFE041E10DBA96A481C1AD0686AB2
:10CF00000BF0D7FC10F1130F04460BD1304A314817
:10CF100001210BF03DFC6FF0120420460C37BD469A
:10CF2000BDE8F083411D05D12B4A2A4801210BF0B1
:10CF30002FFCF2E7EB699847B5684FF00108D6E996
:10CF4000023203EBC2039D4204D330460BF053FC84
:10CF50000024E2E728680CF06EFB0346B0B92A68AB
:10CF6000297910686C468AB06A461C4DD1614FF42D
:10CF7000007111841A49C2E9055042F8101F154882
:10CF80004FF41151F4F744FFA546C4E72868297906
:10CF9000EB88D0F810C0D0F80890DCF80040DA0731
:10CFA00054BF43F4B01383F4D01323F4801208FA6F
:10CFB00001FEDB074CBF44EA0E0424EA0E04CCF861
:10CFC0000040D9F800309847041EA6DB0835B6E7C4
:10CFD0008DF80200E4B70200B8F80200D5F80200AC
:10CFE0000400000138B503780C4663B98D6E5DB955
:10CFF0004B6E1C696FF07303236404F1280002F088
:10D00000DDFF84F86C5038BD8B6D33B19D4213D970
:10D01000224A234801210BF0BBFB236EA26E33B1E1
:10D020009A4221D91D4A1E4801210BF0B1FB606EC6
:10D03000BDE838400BF009BC5B1B8B6573B94B6CCA
:10D0400008334B648B6C013B8B6401F1580204F193
:10D05000440048310BF0A8FB6065DEE74B6D002B08
:10D06000DBD02B444B65D8E79B1A23667BB9E36C76
:10D070000833E364236D013B236504F1600204F18E
:10D08000500104F14C000BF08FFBE065CFE7E36D3E
:10D09000002BCCD01344E365C9E700BFF9F80200C8
:10D0A000E4B702002DE9F04F8BB000AFC7E90232C0
:10D0B00043687B608B88046989469904804631D433
:10D0C0004FF0FF324FF0FF3304F1100002F0B0FFD9
:10D0D000C4F80490D8F810A0D8F804B09AF86D30CD
:10D0E00023B1DAF80030994500F0D680B9F8046031
:10D0F00016F400631DD0B24AB24801210BF048FB80
:10D100006FF08505236813B19B889B0405D4002329
:10D11000636004F1100002F051FF28462C37BD4631
:10D12000BDE8F08FA369002BCAD163689945C7D1C8
:10D13000D0E7F20716D56D4688B0D8F800106A46D9
:10D14000A148C2E905014FF4007191839F4942F85B
:10D15000101F9C484FF4E251F4F75AFEAD466FF0B1
:10D160001505CFE7350705D5994A964801210BF0FB
:10D170000FFBF4E7C6F34513082B01D0954AF4E7FB
:10D18000D9F80050944B9D4201D8944AEDE70BF139
:10D19000080EBEE80F0007F1140CACE80F00DEF833
:10D1A0000030CCF800308E4B9D4254D98D4B9D42BF
:10D1B00054D98D4B9D4254D98C4B9D4254D98C4BA4
:10D1C0009D4254D98B4B9D422CBF4FF000454FF0F0
:10D1D0008045B007FD6106F004034BD5002B14BF5A
:10D1E0000323022387F82030C6F3001387F8213089
:10D1F000DBF80030D3F80825511C12D016F0020FCE
:10D2000002F01F00C6F340014FEA52124FF0010333
:10D2100034D1002A40F029814FF0A0428340C2F867
:10D220000C359AF86D302BB1584601F0D1FD002332
:10D230008AF86D305346704A07F11401584601F0E0
:10D2400097FD034618B36D4A5E48012108F07EFA47
:10D250006FF0040556E74FF00075BAE74FF08065B0
:10D26000B7E74FF00065B4E74FF08055B1E74FF0F6
:10D270000055AEE7003B18BF0123B3E7002A40F09A
:10D28000F7804FF0A0428340C2F80835C9E7012378
:10D290008AF86D30CAF80090012384F86C307B68FE
:10D2A000996A4A1C09D0586A00F0E6F8743004D133
:10D2B000534A444802210BF06BFAFB68002B76D1ED
:10D2C00063640023A36404F1580204F1480104F1EB
:10D2D00044000BF069FABB686065002B40F0948055
:10D2E000E3640023236504F1600204F1500104F1BA
:10D2F0004C000BF059FAE06520680023236448B124
:10D3000083683BB1012108300BF061FA236818698A
:10D310000CF075F940460BF098FA0023A06C1A4601
:10D3200082427AD10022256D1146A9427CD19342D6
:10D33000264638BF13464FF4FA5202FB03F556F85F
:10D34000283B4FF4004C1B68B5FBF3F540F2E73087
:10D35000C83500214FF47A720023E5FB0C01EEF78B
:10D3600081FE02460B46304602F062FE002862D083
:10D37000244A144801210BF00BFA4FF00009786899
:10D38000C4F8689001F024FD84F86D90D8F810502E
:10D390006FF07308C5F8408005F1280002F00EFE1A
:10D3A00085F86C90304602F069FE454647E0FB6820
:10D3B0001B686364002B84D0FB685B6882E700BF56
:10D3C00017F90200E4B7020031F90200030000017E
:10D3D00053F9020072F9020047E80100A1F90200C6
:10D3E0008FD003001FA107003F420F007F841E0063
:10D3F000FF083D0000127A00E5CF0100D2F90200DB
:10D40000F7F9020021FA0200BB681B68E364002BF5
:10D410003FF467AFBB685B6864E7616C01EBC20116
:10D42000013249680B447BE7E06C00EBC10001313D
:10D430004068024479E7256C15F1740F9DD023688C
:10D44000002B3FF45FAE9A68002A3FF45BAE9988E8
:10D4500011F480567FF456AE18690CF0D0F82068AD
:10D46000314608300BF0B3F94CE6C1F80C15FFDE7D
:10D470000023C3F80835FAE72DE9F0410D460646CA
:10D480000BF02DFE00220746294630460BF0DEFD4C
:10D490006B0905F01F0429D1A40004F1A044164B28
:10D4A000D4F80027134043F00C03C4F800370BF006
:10D4B00034FA80463368DB597BB100273046294671
:10D4C0000BF00BFED4F800270B4B134043F0040382
:10D4D000C4F800373846BDE8F0810BF01EFAA0EB27
:10D4E00008000628E6D96FF07307E7E704F5E07453
:10D4F000002353F82430FFDEF0F8FCFF70B5012361
:10D5000083400E4ABFF35B8FDC4352E8001F01EA01
:10D51000040542E80056002EF7D1BFF35B8F4FF4AD
:10D52000803282400648C0F80823BFF35F8FBFF304
:10D530006F8F0B4214BF0120002070BD6846002091
:10D540000010014070B40E49D1E90034D01AC3185C
:10D5500044F10004C2F30E06C1E90034A6F580537D
:10D56000B3F5C04F09D2074B1B685A0CDB039C195B
:10D57000054B42F10005C3E9004570BC03F07ABDDC
:10D58000583700206C4600206037002011B3BFF3ED
:10D590005B8F0123104A834052E800CF4CEA030C12
:10D5A00042E800C10029F7D1BFF35B8F0B4A4FF46B
:10D5B00080338340C2F80433094BBFF35B8F1B6891
:10D5C000BFF35B8FC340DB0742BF064B4FF4003213
:10D5D000C3F80021704700BF6846002000100140DA
:10D5E0006046002000E100E030B5144B1868410CA3
:10D5F000C003BFF35F8F124BD3F8043547F6FF72B9
:10D6000093420AD10F4AD2E90045844275EB0102E8
:10D6100009D3C01841F1000130BD181841F10001D3
:10D62000B3F5006FF8D2074BD3E90023904271EBBA
:10D630000303F1D210F50040ECE700BF6C46002078
:10D6400000100140603700202DE9F04F85B01646EC
:10D650001F469DF840A00446FFF750FF0190FFF7DA
:10D66000C3FFB04271EB07035CD2301A44F20103EE
:10D6700067EB0101984271F1000156D23D4B03EB7B
:10D680000413D3E902239F4208BF964265D03A496A
:10D690004FF4803804F1500508FA04F8AD00204634
:10D6A000C1F84883ADB20BF02CF9C6F30E0B05F1AF
:10D6B000804504F5A87305F5883558464FF00309F1
:10D6C0000293C0F30E03002B029A08BF0120C0F39F
:10D6D0000E0341F82230C1F84483D1F804356FF0CD
:10D6E000020CACEB030C6044C0F30E0043F6FD7279
:10D6F000904232D9286868B1D1F804350393A3EB7E
:10D700000B00C0F30E00B0F5804F26D920460BF079
:10D71000F8F8039BBAF1000F07D109EB030009F1F8
:10D720000109CEE7BAF1000F09D06FF015052046C8
:10D730000199FFF72BFF284605B0BDE8F08F0123C4
:10D740000E4ABFF35B8FA34052E8000F184342E834
:10D7500000010029F8D1BFF35B8F06490E98230121
:10D7600001EB0412C8500F9B5360C2E90267002509
:10D77000DDE700BF38370020001001406046002080
:10D7800070B5294C294BC4F80833C4F84833284BEA
:10D79000284A00254FF0FF304FF0FF314FF480361C
:10D7A000C4F80855C3E90201C4F80463C3E90601DB
:10D7B0004FF4003386B00121C4F804331120C2F8BD
:10D7C00080312A46F5F724FD1120F5F7F1FC1A4BBC
:10D7D00001200322A06020601A60184B009343F6DA
:10D7E000FF720023CDE90155FFF72EFF0220FEF75F
:10D7F00003FC134A13491368134823F00103136011
:10D8000047F6FF73C4F844630DF11702C4F84035BE
:10D810000BF0C7F9002804DB9DF8170001F048F968
:10D82000284606B070BD00BF0010014001000F0087
:10D830003837002000E100E06846002045D50100AF
:10D840006446002008100140401101402DE9F743D3
:10D85000334CD4F80433D90319D540230022990856
:10D8600010290CD1D4F84031002B3BD00023C4F850
:10D870004031D4F840314FF480324423EFE7043391
:10D88000502BECD11AB1274A136801331360D4F836
:10D8900004339A0323D5BFF35B8F234B53E8002F48
:10D8A00022F0020143E800100028F7D1BFF35B8F9C
:10D8B000930702D4D4F844318BB10025C4F8445105
:10D8C000D4F84431FFF790FEEFF3108272B6174B95
:10D8D000D3E90667B042B94106D282F3108803B09B
:10D8E000BDE8F0834423BAE74FF0FF384FF0FF392B
:10D8F000C3E90689D3E904101D614FF40033C4F86D
:10D900004833C4F84451D4F8443182F310880029D4
:10D91000E5D0009032463B4601208847DFE700BF54
:10D92000001001406C46002060460020383700207F
:10D9300030B5431C85B043F6FF7223D09042A8BF98
:10D94000104601280446B8BF0124FFF74DFE0F4BD7
:10D95000D3E90013401AB0F5804F43F6FF7513D298
:10D960002218AA4228BF2A4652184FF00000084940
:10D970000091CDE9010043F100030120FFF764FEAF
:10D9800005B030BD1446E0E72A46EDE758370020E1
:10D9900045D5010008B5FFF727FE024B1B68C01AEA
:10D9A00008BD00BF5837002010B5084C0123636044
:10D9B0001120F5F70BFC064BC4F80833C4F84833C4
:10D9C000044B4FF40032C3F8802110BD0010014019
:10D9D00001000F0000E100E002460B46014802F0A2
:10D9E000F3B900BFE4190020014802F065BA00BF96
:10D9F000E4190020B0B584B000AF00243B1D7C606A
:10DA00000A22BC60C7F80B403960014618460DF089
:10DA1000F1F96D468AB0396803466A460D48D1610E
:10DA2000C2E905034FF4007313840B4B42F8103F17
:10DA30000A4823464FF41151F4F7EAF9AD4684F34E
:10DA40001188BFF36F8F0323184602DF1037BD46DE
:10DA5000B0BD00BF6EFA02000400000124B702004E
:10DA6000014902480BF0ECBF74460020983E0020AC
:10DA7000094B93F84A30042B02D1810709D470472F
:10DA8000022B02D1020704D47047082B03D183066E
:10DA900001D5FFF7E5BF7047F35C002010B40346E3
:10DAA0000A46034881680C681946234610BC18478B
:10DAB00018B3020070B5064688B029480D462949BA
:10DAC0000BF0A2FF03A8E3F769FB27480BF0B3FDB7
:10DAD00048B9264A2648012107F02FFE6FF01204AC
:10DAE000204608B070BD234B019301A8E3F780FBEB
:10DAF000034638B1204A1E48012107F027FE6FF087
:10DB00001504EDE74FF0FF304FF0FF31FFF764FFF2
:10DB100004460028E4D119491948E3F701FB0446FB
:10DB200010B1FFF761FFDBE741F64C5302A8029307
:10DB3000EEF7BDFC20B1FFF757FF6FF08504CFE78C
:10DB4000012368468DF80030EEF7A9FC0028F2D1D9
:10DB5000FFF74AFF33690B481D60F6F7A7F9BFE7E7
:10DB600074460020C789020018B3020093FA02002D
:10DB700024B702009DDA0100B3FA020068370020E2
:10DB800059DC010071DA010030B5304887B0E3F7A5
:10DB900045FA0446002854D1E3F712FB0125E3F7C8
:10DBA0001BFBEEF779FAEEF779FAEEF779FAEEF772
:10DBB00079FA03AA022120468DF80C50E3F762FAA5
:10DBC00000283DDB082303AA07212046ADF80C30CE
:10DBD000E3F758FA002833DB4FF04513039303AA09
:10DBE00040F2032303212046ADF81030E3F74AFA50
:10DBF000002825DB03AA042120468DF80C50E3F70A
:10DC000041FA00281CDB1F2303AA06212046ADF899
:10DC10000C30E3F737FA002812DB40F22A739842FF
:10DC200012DD0B4A009029460A4807F099FD84F35B
:10DC30001188BFF36F8F0423184602DF6FF00B00CB
:10DC40000446204607B030BD2046F9E7F5D901006B
:10DC5000D7FA020024B7020073B5474C94F84A3053
:10DC600023B394F84A30042B5BD120783E2830D07F
:10DC7000FF2834D00025637802334A2B34D94A2256
:10DC800000923E483E4A012107F06AFD3D4A3B486A
:10DC90006FF00B03012107F059FD002383F3118876
:10DCA000BFF36F8F0423184602DF26E04FF0FF30EA
:10DCB0004FF0FF31FFF790FE48B904F14A012046CA
:10DCC00000F0A6FB0546FFF78FFE002DC9D002B07D
:10DCD00070BDA578022D14BF00250125CBE7A578DE
:10DCE00005F0FD05802DF6E7002200232946F6F712
:10DCF000EBF8064648B9002DE9D0002384F84A30F5
:10DD000002B0BDE87040FFF7ABBE62781A4902323C
:10DD10000C3007F0B9FF1C4B1B6831461B48984775
:10DD2000EBE7022B15D1002200230820F6F7A6F816
:10DD300005460028CBD0638804334A2B9FD80E4970
:10DD40001A4605F10C0007F09FFF0F4B29461B6890
:10DD5000E4E7082B09D1002300222020F6F78EF8F3
:10DD6000638805460028E7D1B1E7094A0348012145
:10DD700007F0ECFCC1E700BFF35C002024B7020011
:10DD8000FAFA020054FB02007046002058B3020069
:10DD90001BFB0200F7B5804D2B780646002B40F0A8
:10DDA000328304238DF807307C4B04881F68B7B199
:10DDB0000DF106030DF10702691CB84701280ED0CA
:10DDC0009DF80630002B40F05B819DF80730AB706A
:10DDD0000E2201236A70EB70AC80A87159E1B4F592
:10DDE000105F4FEA94230AD2002B4ED0013B072B41
:10DDF00008D8DFE803F00907367A070707C13F2B89
:10DE000000F00782012055E0304640F2064230F92A
:10DE1000033B93420FD040F21D4293421ED001209B
:10DE200040F206439C4200F02B8140F21D439C428D
:10DE300000F026813EE0EEF79EFB42F264039C4236
:10DE400040F2B68242F285039C4233D842F2670325
:10DE50009C4200F2C18242F26603E8E7EEF78DFBD6
:10DE6000EBE7304640F6634230F9033B934230D053
:10DE70000DDC40F6034293421FD040F62D42934200
:10DE80001ED040F60142934212D00120F8E040F645
:10DE90007B42934220D040F67C429342F5D19DF8DC
:10DEA00007303F4902338DF80730EEF783FA01E07F
:10DEB000EEF772FA0128E8D087E7E3F76FFAF9E79F
:10DEC0009DF80730364903338DF80730EEF769FACD
:10DED000F0E7EEF768FAEDE79DF8073030490433D4
:10DEE0008DF80730EEF764FAE4E73388A3F5805342
:10DEF000013B082BC9D801A252F823F021DF010011
:10DF000033DF010047DF01008BDE01008BDE010003
:10DF10008BDE01008BDE01008BDE010067DF01007C
:10DF20009DF807301E4808338DF80730EEF7DAFA0F
:10DF3000C0E79DF807301A4840338DF807300AF0E3
:10DF400044FD002041E79DF8073008338DF8073085
:10DF5000134B00221A605A60EB7A23F0600343F0FF
:10DF60006003EB72EDE79DF807300D4806338DF83E
:10DF70000730EEF7B9FA9DE7304642F24E0130F82D
:10DF8000033B1AB28A4242F264016BDCB2F5005FD5
:10DF900008DC8C425EE000BF3E5D0020844600202D
:10DFA000455D0020A3F50053013B4D2B4FD8DFE822
:10DFB00013F0600075007E004E0087008A008D001F
:10DFC000960099009C004E004E004E004E004E0000
:10DFD0004E004E004E004E004E009F00A800AB00C9
:10DFE000B4004E00BD00C600CF004E004E004E00F3
:10DFF0004E004E00DF00E800F1004E004E00F4003D
:10E00000F700FA00FD004E004E00060109010C0168
:10E0100015011E0121014E004E004E004E004E0023
:10E020004E004E004E004E004E004E004E004E0080
:10E030004E004E004E004E004E004E004E004E0070
:10E040004E004E004E0024014E004E002D0142F2C3
:10E0500064039C423FF419AF40F2BA8142F2850357
:10E060000120F1E642F27C039A4292D1EEF781FA66
:10E0700001E0EEF73BFA42F264039C427FF4DDAE2E
:10E080000F236B700423AB700123E8702B71A5F88C
:10E09000054001232B70002003B0F0BD9DF8073030
:10E0A000CC4803338DF80730EEF725FAE3E79DF807
:10E0B0000730C84808338DF80730EEF71EFADAE764
:10E0C000EEF71DFAD7E7EEF71CFAD4E79DF8073014
:10E0D000C04801338DF80730EEF715FACBE7EEF7BD
:10E0E00014FAC8E7EEF713FAC5E7EEF712FAC2E73B
:10E0F0009DF80730B74907338DF80730EEF70BFA74
:10E10000B9E7EEF70AFAB6E79DF80730B1491033E0
:10E110008DF80730EEF703FAADE79DF80730AD480C
:10E1200008338DF80730EEF7FCF9A4E79DF80730C7
:10E13000A84902338DF80730EEF7F5F99BE79DF813
:10E140000730A44902338DF80730EEF7F0F992E773
:10E150009DF8073008338DF807308F23EB71C0230B
:10E16000EB7242F264039C4240F01C81002087E77E
:10E170009DF80730974902338DF80730EEF7DBF949
:10E1800079E79DF80730934804338DF80730EEF7B0
:10E19000D4F970E7EEF7D3F96DE7EEF7D2F96AE755
:10E1A000EEF7D1F967E7EEF7D0F964E79DF80730AD
:10E1B000884801338DF80730EEF7C9F95BE7EEF7D1
:10E1C000C8F958E7EEF7C7F955E79DF807308148D9
:10E1D00008338DF80730EEF7C0F94CE79DF80730AB
:10E1E0007C4904338DF80730EEF7B9F943E7EEF7D1
:10E1F000B8F940E7EEF7B7F93DE79DF80730754805
:10E2000002338DF80730EEF7B0F934E7EEF7AFF9E7
:10E2100031E730464FF6165230F8033B93425BD855
:10E220004FF60152934206D803F2FF3292B20A2A05
:10E2300034D901205FE0A3F57D43023B142BF8D8CD
:10E2400001A252F823F000BF69E301006FE301006F
:10E2500075E301007BE3010033E2010033E20100DA
:10E2600033E2010081E3010033E2010033E2010007
:10E2700087E3010033E2010033E2010033E20100F1
:10E2800033E2010033E2010033E2010033E2010036
:10E290008DE3010033E201009FE30100A3F57C431D
:10E2A000013B0A2BC5D801A252F823F0E7E2010096
:10E2B00003E3010033E2010033E2010033E2010035
:10E2C00051E3010033E2010033E201002DE30100DC
:10E2D0003FE3010057E301004FF61D529342A8D1DE
:10E2E000EEF7FEF807E09DF807303A480C338DF85A
:10E2F0000730EEF761F824F008034FF6025293421C
:10E3000096E59DF8073040338DF80730314B0020FB
:10E310001880EB7923F0230343F02303EB712B7A6E
:10E3200023F0070343F007032B72E4E79DF807305F
:10E33000284817338DF80730EEF758F8DBE79DF8DB
:10E340000730244820338DF80730EEF773F8D2E712
:10E35000EEF74AF8CFE79DF807301E4801338DF8F5
:10E360000730EEF784F8C6E7EEF797F8C3E7EEF765
:10E3700096F8C0E7EEF795F8BDE7EEF798F8BAE73C
:10E38000EEF797F8B7E7EEF798F8B4E79DF807309F
:10E39000104904338DF80730EEF791F8ABE7EEF74C
:10E3A0009DF8A8E703D942F2850300204CE5002040
:10E3B00042F219039C421AD842F20C039C427FF6A7
:10E3C0002FADA4F500530D3B9BB241F2412208E072
:10E3D0000120EDE7455D0020A4F50153283B0B4AE1
:10E3E0009BB222FA03F3DB077FF564AD48E642F205
:10E3F00032039C423FF444AEA4F50153033B012B8E
:10E400003FF658AD3CE64FF0FF3045E62F80402008
:10E4100038B5094C23780D461BB9BDE83840EDF7F7
:10E42000ABBFA278611C02320CF0ACFC00200423CC
:10E4300020702B7038BD00BF3E5D002070B50546D2
:10E440000E46084C20460BF0F6F838B1A368B2B27D
:10E45000294620461B68BDE8704018476FF012003F
:10E4600070BD00BF18B3020002484FF4007103F002
:10E47000F7B800BF865D002037B53223ADF8043011
:10E48000154A00230125192168468DF80630ADF89C
:10E4900000508DF80230EDF735FA0446C8B909F09E
:10E4A0001EFD80B2ECF748FE0C482946F0F7FEFF4F
:10E4B000044670B901462A460820F4F7A9FE2A4608
:10E4C00021460B20F4F7A4FE2A4621462846F4F7FD
:10E4D0009FFE204603B030BDF1E4010088460020D5
:10E4E000014902480BF0ACBAB8460020983E002023
:10E4F000B0B584B000AF00243B1D7C600A22BC6034
:10E50000C7F80B403960014618460CF073FC6D46A5
:10E510008AB0396803466A460D48D161C2E90503ED
:10E520004FF4007313840B4B42F8103F0A48234604
:10E530004FF41151F3F76CFCAD4684F31188BFF32F
:10E540006F8F0323184602DF1037BD46B0BD00BFF2
:10E55000ACFB020004000001A4B7020037B50D4D6A
:10E560000D49002400946FF009034FF4806228469F
:10E5700001F03CFF0949284602F016F8084909480D
:10E580000BF042FA224604211920F4F741FE2046FE
:10E5900003B030BD983E0020C0770020C0FB0200D1
:10E5A000738A0200B84600200346024A024802214C
:10E5B00007F0CCB8D4FB0200C4B7020010B9024B7C
:10E5C0001B681847FFF7F0BFC8460020014B012029
:10E5D0001B681847C846002028B1012807D1044904
:10E5E0000020ECF7D1BC034B01201B681847704793
:10E5F000BDE50100C8460020014B186000207047AF
:10E60000C846002010B51F48BFF35B8F0368BFF3F7
:10E610005B8F23B9062904D8042926D839B10020F4
:10E6200010BD0729FBD1403801F0C8FCF7E750F8CE
:10E63000203CA0F14004D3E900209047012808D0F5
:10E64000114B984203D00223E06384F834300F4822
:10E65000E6E742F210732363032384F8343004F1B5
:10E66000240384F82900A363F1E700F8173C084B62
:10E6700040F8103CA0F11C014038007EF0F757FF35
:10E68000CDE700BF0C4700201F6466020047002052
:10E69000FF3F420F0248012200210BF032B900BFB8
:10E6A000CC460020014BD861704700BFCC4600200B
:10E6B00038B54FF0FF3105464FF0FF30FFF78CF9CA
:10E6C00034493548EDF72CF80446FFF78DF9002C56
:10E6D00008DA3248324A2346012107F037F86FF052
:10E6E0000B0038BD2F4C40F201132385E3692562EE
:10E6F0006433E36242F21073236300226FF073030A
:10E7000084F82420E36304F14005BFF35B8F55E8F0
:10E71000003F45E800210029F9D1BFF35B8F4FF09E
:10E72000FF314FF0FF30FFF757F904F12401207E4D
:10E73000F0F7FDFEFFF758F91B4A0023204601F0D1
:10E7400077FC00280FDA194A1448012106F0F5FF7A
:10E75000BFF35B8F012355E8002F45E80031002906
:10E76000F9D1BFF35B8F4FF0FF314FF0FF30FFF770
:10E7700033F9207EF0F7BDFEFFF736F9BFF35B8F6C
:10E78000236CBFF35B8F13B1064801F077FCE06B9D
:10E79000A7E700BFE446002005E601005CB70200E1
:10E7A00000FC0200CC460020447B0B006BF2020010
:10E7B000074B01221A64D3F84035B3FBF0F018443C
:10E7C000044BDB69984234BF00200120704700BF32
:10E7D00000800040CC4600204FF0704393F8E02FBB
:10E7E000062A09D1D3F8E83FC3F30313033B042BF4
:10E7F00002D8024AD05C70470020704745FC0200F6
:10E80000024AD2F80034002BFBD0704700E00140F0
:10E8100010B50AF078F940B14FF080538E4AD3F822
:10E820002433C3F30423C2F84035FFF7D5FF10B1FA
:10E830008A4B8B4A5A670AF066F948B14FF0805309
:10E840004FF08042D3F84432C3F34233C2F83C3530
:10E85000FFF7C2FF30B1834AD2F8FC3023F0807357
:10E86000C2F8FC300AF04FF940B14FF0804300226B
:10E87000C3F80C21C3F81021C3F83825FFF7ACFF0B
:10E8800020B14FF080430322C3F8A025FFF7A4FF77
:10E8900060B1754B0522C3F810260122C3F8882603
:10E8A0000022C3F818263F22C3F814264FF08053E5
:10E8B000D3F83021511C09BF4FF07043D3F83431E5
:10E8C00093F8E02FD3F8E83F08BFC3F30313062AF9
:10E8D0004DD1033B042B03D8644AD35C002B46D0B4
:10E8E0004FF08052624BD2F80414C3F82015D2F8CE
:10E8F0000814C3F82415D2F80C14C3F82815D2F85C
:10E900001014C3F82C15D2F81414C3F83015D2F82B
:10E910001814C3F83415D2F81C14C3F84015D2F8F3
:10E920002014C3F84415D2F82414C3F84815D2F8BB
:10E930002814C3F84C15D2F82C14C3F85015D2F88B
:10E940003014C3F85415D2F83414C3F86015D2F853
:10E950003814C3F86415D2F83C14C3F86815D2F81B
:10E960004014C3F86C15D2F84424C3F870250AF09B
:10E97000CAF848B14FF080534FF08042D3F8583274
:10E9800003F04F03C2F8E43E0AF0BDF848B14FF07F
:10E990008043D3F80024D20744BF6FF00102C3F8CC
:10E9A00000244FF08053D3F83021062A26D1D3F823
:10E9B0003431033B042B02D82E4AD35C63B12E4A78
:10E9C000D2F83C3743F48063C2F83C374FF08053B1
:10E9D000D3F83031062B11D14FF08053D3F83431B6
:10E9E000033B042B02D8254AD35C3BB14FF01023E4
:10E9F000D3F808224FF08043C3F858254FF0102376
:10EA0000D3F80022002A03DBD3F80432002B22DAE9
:10EA10001B4901234FF01020C1F804351524FFF7DE
:10EA2000EFFEC0F80042FFF7EBFEC0F80442FFF72C
:10EA3000E7FE0023C1F80435FFF7E2FEBFF34F8F76
:10EA40000849104BCA6802F4E0621343CB60BFF37D
:10EA50004F8F00BFFDE710BD0030014000C00740F0
:10EA60000DF0ADBA00ED00E00050004040FC0200A7
:10EA700000C000403BFC02000010004036FC0200D9
:10EA800000E001400400FA05014B1860704700BF28
:10EA90001047002010B5054B186814460AF046F8D8
:10EAA0000028A4BF2070002010BD00BF1047002028
:10EAB000024A01238340C2F80435704700F0014048
:10EAC0004FF08053D3F83021511C09BF4FF07043F1
:10EAD000D3F8343193F8E02FD3F8E83F08BFC3F3FD
:10EAE0000313062A05D1033B042B04D8034AD05C48
:10EAF0007047002070470120704700BF4AFC0200A9
:10EB000073B5CEB200EB46060446B38ADB070D466A
:10EB100025D50AF049F9B38A9A0608D55A0B236815
:10EB200003EB82030022C3F81025C3F8102520460A
:10EB3000294600240AF0CAF8B48201A801950AF017
:10EB400046F8019B00EB8300064BD0F800271340EA
:10EB500043F00203C0F80037204602B070BD6FF0EA
:10EB60001500FAE7F0F8FCFF014809F0FDBF00BF0F
:10EB7000BC18002010B504480C4609F0D7FF002847
:10EB8000A4BF2070002010BDBC180020044AD2F899
:10EB90000034DB07FBD50160BFF35F8F704700BF18
:10EBA00000E001404FF080531A69B0FBF2F302FB22
:10EBB00013036BB9084B0222C3F80425C3F80805F8
:10EBC000D3F80024D207FBD50020C3F80405704712
:10EBD0006FF00C00704700BF00E0014010B5054C1D
:10EBE0000123C4F80435FFF7D1FF0023C4F804352E
:10EBF00010BD00BF00E0014007B5019001A80AF078
:10EC000037FB019B00EB8300054BD0F80027134036
:10EC100043F00303C0F8003703B05DF804FB00BF06
:10EC2000F0F8FCFF73B5CB7B0446002B38D10B7B8F
:10EC30000878012B77D80AF032FB0B78019301A8F2
:10EC40000AF016FB019B00EB83003C4BD0F8002739
:10EC5000134043F00103C0F800374878FF2804D080
:10EC60000AF01DFB4878FFF7C7FF8B78FF2B0FD00A
:10EC700001A88D7B01930AF0FBFA019B00EB830056
:10EC80002E4BD0F80027134043EA8503C0F8003725
:10EC9000C878FF2804D00AF0F5FAC878FFF7ACFF6F
:10ECA00023792748CA78282505FB03039A770B7C2C
:10ECB0009BB94B7825680E78FF2B18BF1A468B78C6
:10ECC000C5F8086508BF4FF0FF32FF2B08BF4FF0B3
:10ECD000FF33C5F80C25C5F8103523688A68C3F8DA
:10ECE00024254B7B0A7B2568003B18BF0123022AA1
:10ECF0001CD0032A1DD0012A01D143F00203C5F81C
:10ED0000543523794979282202FB0303D9772379E3
:10ED10005343C35883B1206840F3073002B0BDE8C5
:10ED20007040F4F745BA0AF0ADFA86E743F0040301
:10ED3000E5E743F00603E2E702B070BDF0F8FCFF40
:10ED40001447002007B5019001A80AF091FA019B31
:10ED500000EB8300054BD0F80027134043F002037B
:10ED6000C0F8003703B05DF804FB00BFF0F8FCFF0B
:10ED70002DE9F04190F80480144C4FF0280C0CFB66
:10ED800008FC04EB0C06074696F81CE0BEF1000FE9
:10ED900018D144F80C20736041B1CB7B86F8253044
:10EDA000CB78B3774B79F377FFF73CFF3A680123D1
:10EDB000C2F80035282202FB084400206077237740
:10EDC000BDE8F0816FF07700FAE700BF144700203C
:10EDD00070B50679194C056828237343E35833B19D
:10EDE00045F30730F4F7F2F90423C5F8083300239C
:10EDF000C5F80035282303FB064393F82530BBB93B
:10EE0000D5F80805FFF79EFFD5F81005421C01D084
:10EE1000FFF798FFD5F80C05431C01D0FFF792FFD0
:10EE2000282303FB0643987FFF2801D0FFF78AFFC2
:10EE3000282303FB06440023237770BD14470020DA
:10EE40002DE9F84307793A4C28237B439046E21892
:10EE50000E46517F8146002967D1E3580BB101234B
:10EE6000537796E80F00282505FB074505F10C0CA4
:10EE70008CE80F00A87F0023FF2885F8243001D0FC
:10EE80000AF00DFA2823B8F1000F07D003FB07435F
:10EE900000225A776FF08500BDE8F883D9F800505A
:10EEA00003FB07430422C5F80823C3F82080C5F8F4
:10EEB0000881D5F8082172689AB133681B78C5F8C3
:10EEC0001C357368012B0ED933685B78C5F81C3587
:10EED00028237B43E65876B10423C5F80433002089
:10EEE000DAE7DB7FEBE7F368012BF1D9282303FB9B
:10EEF0000743DB7FEAE707EB870104EBC101D5F8A5
:10EF00000831002BFBD0C5F808612846D5F8083138
:10EF10000AF0D2F90028F2D1282303FB0744A07F8E
:10EF2000FF28DCD00AF0AEF9D9E76FF00F00B3E7A5
:10EF30001447002002494FF040200AF0F0B900BF0A
:10EF400014470020014902480AF0E9B93C47002073
:10EF5000003002404FF08053D3F83021511C09BFDC
:10EF60004FF07043D3F8343193F8E02FD3F8E83FF3
:10EF700008BFC3F30313062A05D1033B042B04D8AF
:10EF8000034AD05C7047002070470120704700BFE3
:10EF90004FFC020000F01F0340090BD19B0003F15E
:10EFA000A043074AD3F800170A4042F00202C3F810
:10EFB00000277047002203F5E07352F82330FFDE8C
:10EFC000F0F8FCFF30B5847BF4B9016801F01F0351
:10EFD00049091BD19B0003F1A043114DD3F8002731
:10EFE00040F20C642A402243C3F80027426802F032
:10EFF0001F0352090FD19B0003F1A043D3F8002750
:10F000002A402243C3F80027012030BD03F5E073F6
:10F0100054F82330FFDE03F5E07351F82330F9E7AD
:10F02000F0F8FCFF02680023C360174BC2F80833F6
:10F03000D2F8003223F4BC53C2F800324FF08053B0
:10F04000D3F83011B1F1FF3F09BF4FF07043D3F84F
:10F05000343193F8E01FD3F8E83F08BFC3F303133C
:10F06000062908D1033B042B02D80849CB5C13B115
:10F070000923C2F800350023C2F80035012280F8C8
:10F08000262080F82830704702029C0154FC0200C0
:10F090002DE9F84F002380F827304B6804680546B7
:10F0A0000E46174633B1CB6803F06043B3F1005FFF
:10F0B00040F073813378023B012B06D8336903F0AB
:10F0C0006043B3F1005F40F06881B54BC4F808338A
:10F0D00095F8282002F0FF033AB1EB68C4F8043336
:10F0E0006FF00F084046BDE8F88F17F0140F0CBF03
:10F0F0000122002285F82820327885F824207278B1
:10F1000085F82520F2682A6172686A613269AA610D
:10F11000B268EA61C7F3001285F829202F6272787D
:10F12000C4F88825C4F86031D4F86021C4F84831A7
:10F13000D4F84821C4F82431D4F82421C4F8043187
:10F14000D4F8043117F0010318BF0123C4F8503577
:10F1500017F0020318BF0123C4F840353378032B9E
:10F1600000F29E80DFE803F07B9367024FF4807328
:10F17000C4F80032D5E90423C4F84425C4F848355E
:10F180000123A3604FF4801120460AF024F90028DF
:10F19000F8D1D5E90623C4F84425C4F848354FF41E
:10F1A0008023EB604FF0000817F008096A6810D15F
:10F1B0003378032B0DD0012B40F08A802360002A86
:10F1C00071D072686B6822B9002B00F0C4800123F3
:10F1D00063616B68002B00F0BE80780744BF00239A
:10F1E000EB6079065EBFEB6843F00203EB60EB680F
:10F1F00043F40073EB60EB68C4F80433FFF7AAFE36
:10F2000000283FF46FAFB9F1000F00F09880337819
:10F21000012B00F094800023C4F85035C4F8403529
:10F22000C4F82435C4F85031D4F850314FF4801369
:10F23000C4F8043356E7D5E90423C4F84425C4F8D8
:10F240004835D5E90623C4F83425C4F838354FF4D9
:10F250008453C4F80032012323620223A1E7D5E9D5
:10F260000423C4F84425BA06C4F848354BBF4FF40C
:10F2700080734FF40073C4F80032C4F800324CBFFE
:10F280004FF480230223EB60012323628AE7D5E950
:10F290000423C4F83425C4F838354FF48053D8E734
:10F2A0006FF0150880E76A6902B963613D49DFF8CC
:10F2B000F8A04FF0010B20460AF08DF810F4007F03
:10F2C00018BFC4F814B010EA0A0F3649F3D078E733
:10F2D0000123A360002A7FF474AF6A6922B1DFF8CA
:10F2E000C8A04FF0000B06E06361F8E7012323623A
:10F2F00063614FF0000B1BEA0A0F7FF462AF2949EC
:10F3000020460AF068F810F4007F8346F3D04FF0EF
:10F31000807120460AF05FF8D4F800220028E5D07A
:10F3200012F4007103D1012323628B466361D3057C
:10F33000E1D54FF4802120460AF04DF8D9E7ED6A77
:10F34000FFF708FE20B1B5F1C86F08BF4FF0C465E4
:10F35000C4F82455C6E6D4F8C434C4F8C434002232
:10F3600085F828206BB19A075ABF03F00108A8F16D
:10F370008C086FF00D0813F0040F18BF6FF00A0827
:10F38000B0E67B063FF5AEAE291D204609F0E1FF51
:10F39000002808BF6FF08B08A4E66FF00C08A1E608
:10F3A00002029C01020204000200040070B586B053
:10F3B00004680546FFF7CEFD78B34FF48011204670
:10F3C0000AF009F848B34FF48013C4F80833D4F8AE
:10F3D000243513BBC4F800350623C4F80035FFF705
:10F3E000B9FDEB6A20B1B3F1C86F08BF4FF0C46339
:10F3F000C4F824352B6A13F0010318BF0123C4F8A5
:10F4000050352B6A012213F0020314BFC4F84025C3
:10F41000C4F84035A26006B070BD0221204609F054
:10F42000DAFF4FF400710646204609F0D4FFC8B158
:10F43000D6B9EB68C4F808330223EB60EB68C4F874
:10F4400004334FF08071204609F0C5FF18B1D4F89D
:10F4500000329B0502D4012323626361012385F8F6
:10F460002730D8E7002E6AD02B6A5E060AD495F8BA
:10F4700027303BB9291D204609F06BFF80F00100C1
:10F4800085F827002B6A13F0040324D1C4F86031F7
:10F49000D4F86021C4F85C31D4F85C3195F8293097
:10F4A0001BB195F82730002B55D00023C4F800324B
:10F4B000EB603B4BC4F8083344F30733002B4ADBC3
:10F4C0005A09012103F01F03994002F16003354AF4
:10F4D00042F823103FE0FFF73DFD70B195F824306E
:10F4E000012B0AD00023C4F85035C4F84035C4F8C5
:10F4F00024354FF48013C4F80433D4F8C434C4F86A
:10F50000C434980745D4590745D4DA0745D495F84B
:10F5100027309B00DBB28DF8003095F829300BB90D
:10F5200085F828302B6A5B0704D595F82730002B27
:10F530003FF471AFD5E90131684698476BE74FF466
:10F540008021204609F047FF95F824307BB995F8D3
:10F550002930002BAAD0AB8CADF804302B69049372
:10F560006B690293AB690593EB690393C5E74FF4AD
:10F570000073C4F8003240F20223EB6003F1CE7353
:10F58000C4F80833EB68C4F804330123A360236292
:10F5900041E70123BFE70223BDE70323BBE700BF29
:10F5A00002029C0100E100E0F7B5064609F0BAFF4F
:10F5B000084609F0B7FF01A8019609F0A9FF019BD1
:10F5C0002F4D00EB83000C46D0F80037019440F239
:10F5D0000D612B400B43C0F8003701A809F098FFDC
:10F5E000019B00EB83000127D0F800372B400B4331
:10F5F000C0F80037042009F097FA092501A8019402
:10F6000009F086FF019AD0F81035D340DB0715D4F6
:10F6100001A8019609F07CFF019B07FA03F3C0F8EB
:10F620000C35042009F080FA304609F07BFF013DDB
:10F63000042009F079FA15F0FF05DFD101A8019443
:10F6400009F066FF019A01239340C0F80C350420AD
:10F6500009F06AFA204609F065FF042009F064FA0F
:10F6600001A8019409F054FF019AD0F81035D34055
:10F6700013F0010F0CBF6FF08B00002003B0F0BD42
:10F68000F0F8FCFF08B5124BA822002118460BF039
:10F6900087FB032202610F4942610F4A8161C26107
:10F6A0004FF480520262002282624262C2620166AC
:10F6B0000A49416610218166094902670346C2660C
:10F6C000426711F8010D98540132102AF9D108BD92
:10F6D0001010002059FC0200100000200000002043
:10F6E00072FC02002DE9F84FDFF87C80182606FB3B
:10F6F000008E00FB06664644DEF82440DEF828C093
:10F700007368A44507468946154603EB040022D8D2
:10F71000DEF820B0ABEB040A0AF1FF339A4203D8BB
:10F720000BF030FB2C440FE063449A4219D8524648
:10F730002C440BF027FBB4EB0B0405D07068224679
:10F7400009EB0A010BF01EFB182303FB07830120C2
:10F750005C62BDE8F88F0CF1FF3CACEB040C944507
:10F76000DED20020F5E700BF10100020F8B5144BE2
:10F77000182700FB07751D4407FB00330E46DB6AA4
:10F78000012B14460AD0022B14D023B9284609F0C5
:10F79000D6FE844208D900242046F8BD284609F048
:10F7A000CEFE844228BF044622463146284609F050
:10F7B000CFFEF1E72846BDE8F84009F0E4BE00BFFF
:10F7C00010100020F8B50B4B1B78532B04460E4647
:10F7D000174601D0FFF756FF09F004FF3A460546E9
:10F7E00031462046FFF7C2FF0446284609F002FFD3
:10F7F0002046F8BD10100020034B182202FB0033F6
:10F800009A6A586A801A70471010002010B4084A8B
:10F8100008490023C85C12F8014D844204D1013329
:10F82000102BF7D110BC704710BCFFF72BBF00BFE7
:10F8300072FC02001010002010B50446F2F718FA0E
:10F840000348044A012105F078FF204609F0FEFE36
:10F85000CCB7020073FC02002DE9F843044600AF68
:10F860000D46EFF31188402383F31288BFF36F8FA7
:10F870000428294A98BF294B9668117C94BF53F8F5
:10F880002030274BE9468AB06A462648C2E907314C
:10F8900040F201339384244BC2E9050442F8103F3F
:10F8A000224800234FF43151F2F7B2FACD4645B168
:10F8B000EB69C3F3080323B11D4A1C48012105F07D
:10F8C0003CFF2EB130460AF04EF908B1037803B977
:10F8D0001848E9468AB06A46174BD061C2E9053636
:10F8E00040F201331384154B42F8103F00230F48B8
:10F8F0004FF41151F2F78CFA2946CD462046FFF716
:10F900009BFF88F31188BFF36F8F3046F3F7F6FB48
:10F91000BD46BDE8F88300BF64470020F0C4020084
:10F9200082FC020098FC020005000001CCB7020036
:10F93000C0FC020090FC0200E1FC02000400000197
:10F9400038B50A4B53F82040013053F82050A542F7
:10F9500000D838BD606830B1037FDB0701D409F0FF
:10F9600052FE0834F3E723689847FAE704C502001B
:10F9700070B52A4B2A4C2B4D012286B003201A70F9
:10F98000FFF7DEFFF3F742F80420FFF7D9FF264622
:10F99000AE4204F1300410D301F05CF8204C224E4A
:10F9A000AC4226D301F06AF8F0F758FA1F4A137BED
:10F9B00023F00103137306B070BD54F80C3C05939B
:10F9C00054F8103C049354F8143C039354F8183C36
:10F9D000029354F81C3C019354F8203C009354E9E2
:10F9E0000A2354E90C0100F0EFFD54F8303C5E6549
:10F9F000CDE7D4E90A23B3F1FF3F08BFB2F1FF3FDF
:10FA000005D052EA0301206803D101F0F3F8303445
:10FA1000C6E73146183001F09DFAF8E7865F00200E
:10FA200050B5020080B50200599C02002840002019
:10FA300070B5174E174D184986B0B82303FB006602
:10FA4000164B059301220F23CDE903320023CDE9A4
:10FA50000133142303FB005504464FF4C07000FB30
:10FA600004110F4B00954FF4A072304600F0ACFD2E
:10FA7000737B0C4AEE6023F0040373734FF404634A
:10FA800004FB033313442C746B6006B070BD00BFDD
:10FA9000703F0020644700204084002043FD0200A6
:10FAA00049970200007C0020BFB50020FFF748FF07
:10FAB0002A4B83F308882A4C2A4F636943F4007366
:10FAC0006361E02384F8223000252023E377257644
:10FAD0006576A57684F82050636A43F4E023636278
:10FAE00084F82350F3F780FAF3F722FC4FF0FF334A
:10FAF000A362E362F3F7F8FCF3F73EFCF2F714F8C5
:10FB000019481A4C00F002FE0120FFF719FF0220ED
:10FB1000FFF716FF00F0E6FF154B16495C61164B28
:10FB200005930123CDE903534FF400623B46CDE931
:10FB300001550095204600F047FD627B064622F005
:10FB40000402204662730AF04AF82846FFF770FF65
:10FB50003A4631462046F3F7CBFB00BF40840020F5
:10FB600000ED00E071F90100B841002028400020BC
:10FB700064470020C085002048FD020038B5064CCF
:10FB8000064DAC4201D3002038BDD4E90112204615
:10FB900009F064FD1434F4E7A8190020A819002026
:10FBA00038B5064C064D0020AC4200D338BD204687
:10FBB00009F078FD0028F9DB1C34F5E75419002022
:10FBC000A819002073B50C46EFF31181402585F389
:10FBD0001288BFF36F8FC5685DB125602B68C36065
:10FBE000836901338361002081F31188BFF36F8F34
:10FBF00011E052EA030603D125606FF00B00F3E732
:10FC0000CDE900230246083000F06AFE18B9034B24
:10FC10009B681B69236002B070BD00BF6447002071
:10FC20002DE9F34104460E469DF8200004F1080832
:10FC3000EFF31187402181F31288BFF36F8F256A9C
:10FC4000E1688D4246D22568AC4218D0BDB1284645
:10FC500009F085FD05F118000AF095F8A2682869F9
:10FC600031460BF08FF80023C5F8B030284609F074
:10FC7000B6FF4046394600F0C7FE002037E0A268D4
:10FC8000D8B1E06931460BF07DF8E369A26813440E
:10FC90006269E361934201D12369E361236A01331D
:10FCA0002362102104F124000AF04CF90028E0D16D
:10FCB00087F31188BFF36F8F19E0A1692369994217
:10FCC00004BF6369A361A069801AA06131460BF08B
:10FCD00059F8E3E752EA03010CD008498968404625
:10FCE0000E61CDE900233946224600F0F9FD02B04D
:10FCF000BDE8F0816FF02200DAE700BF6447002022
:10FD0000F7B5044604F108070846EFF311864021D1
:10FD100081F31288BFF36F8F216A00293AD0A2685D
:10FD2000A1690BF02FF8A369A268256813446269E2
:10FD3000A361934204BF2369A361236AAC4203F128
:10FD4000FF33236234D02846002D32D009F007FD5E
:10FD500005F118000AF017F8A2682969E0690BF0AC
:10FD600011F8E369A26813446269E361934204BF36
:10FD70002369E361236A0133236200242846C5F81E
:10FD8000B04009F02CFF3846314600F03DFE2046D9
:10FD900003B0F0BD52EA030110D00A498968086136
:10FDA000CDE9002331462246384600F099FDEFE7C1
:10FDB000002086F31188BFF36F8FE9E76FF0220010
:10FDC000F7E700BF644700202DE9F34104461746DA
:10FDD0001E46EFF31188402383F31288BFF36F8F21
:10FDE000C368334A7BB180689168884219D057EA6A
:10FDF000060318D188F31188BFF36F8F6FF00F00DF
:10FE000002B0BDE8F081916891F90E1021610133D3
:10FE1000E3609368A36088F31188BFF36F8F0020BD
:10FE2000EEE72169F2E791F90E1090F90E30994250
:10FE3000A8BF19466FF07E029142B8BF11468B42AF
:10FE40002DDD09F0A0FC0546CDE9007619482246D3
:10FE5000414600F045FD0028E1D0EFF31186402334
:10FE600083F31288BFF36F8FA068D0B12368216934
:10FE70009C420AD04BB193F90E309942A8BF194663
:10FE80006FF07E039942B8BF194609F07CFC40B17F
:10FE90000848314600F0B8FD6FF00A00B0E70025D1
:10FEA000D2E7002DF4D186F31188BFF36F8FF3E70B
:10FEB00064470020875F0020F8B583680546002B63
:10FEC00040D0234A926893423FD1C368012B03D9A3
:10FED000013BC3600020F8BDEFF31187402383F39B
:10FEE0001288BFF36F8F0169806809F04CFC2C68A1
:10FEF000AC4207D10023C5E9023387F31188BFF371
:10FF00006F8FE7E7002CF5D0D4E9003213605A6018
:10FF1000637B002623F002036373C4E90066A660D6
:10FF200004F1180009F02FFFAC6094F90E302B613A
:10FF30002046C4F8B06009F052FE0648394600F089
:10FF400063FDC7E76FF01500C5E74FF0FF30C2E76C
:10FF500064470020875F002037B51146EFF3118515
:10FF6000402282F31288BFF36F8F04689CB123682C
:10FF7000426823F003039442036008BF43600121F9
:10FF8000204609F08DFC044685F31188BFF36F8F7E
:10FF9000204603B030BD51EA0302F5D000F108025B
:10FFA000CDE900131046294600F09AFC0028EFD155
:10FFB000014B9B681C69EBE76447002070B5EFF3C9
:10FFC0001186402383F31288BFF36F8F0468A04229
:10FFD0001BD0D4B1D4E9003213605A60637B002592
:10FFE00023F00203C4E900556373A56004F118000F
:10FFF00009F0C9FEC4F8B050204609F0F0FD3146C2
:020000040002F8
:100000000A48BDE8704000F0FFBCD0E902329A42D5
:1000100018BF013383600221103009F093FF0028DC
:10002000EDD186F31188BFF36F8F70BD875F00201D
:1000300013B5EFF31181402484F31288BFF36F8F5F
:10004000846844B1013C846081F31188BFF36F8FF1
:10005000002002B010BD52EA030406D181F31188DA
:10006000BFF36F8F6FF00F00F3E7CDE90023024677
:10007000014800F035FCECE7875F00202DE9F843EC
:100080000546EFF31188402383F31288BFF36F8F87
:10009000002637466FF00A092C68A54216D0ACB18D
:1000A000D4E9003213605A60637BA76023F0020337
:1000B0006373C4E9007704F1180009F064FEC4F822
:1000C000B090204609F08BFD0126E5E70023AB60E8
:1000D000022105F1100009F035FF30B92EB988F37F
:1000E0001188BFF36F8FBDE8F88341460248BDE831
:1000F000F84300F089BC00BF875F002007B5074BBD
:100100000093074907484FF0FF334FF4006200F0B7
:100110006DF9002003B05DF804FB00BF1CC50200B0
:10012000008E0020E04000202DE9FF414F4E0446A4
:100130004027EFF3118887F31288BFF36F8FD4F84D
:10014000BC50F5B9022104F1D40009F0EAFB002803
:1001500068D004F1CC0500220121284609F0D9FD20
:100160000028F8D1002302934FF0FF324FF0FF3305
:10017000CDE90023414604F1C4023D4800F006FEEB
:10018000D7E7D4F8C0202B68C4F8BC30954208BF2C
:10019000C4F8C030D4F8D43043F00203C4F8D430EB
:1001A000EB6823F0040343F00103EB606B6888F312
:1001B0001188BFF36F8F28469847EFF3118887F3B4
:1001C0001288BFF36F8FEB68D80623F0010236D494
:1001D000EA60EB689A0716D5306823F00203EB60FB
:1001E00088B10368002170B14268954235D1036837
:1001F00069BB72683360824200D17360002340F8AB
:10020000083BFFF7DBFED4F8D43023F00203C4F838
:10021000D43088F31188BFF36F8FDB0589D400F0E9
:1002200069FC86E7D4F8D430D9069BD5C4F8D4004D
:1002300088F31188BFF36F8F04B0BDE8F08123F01D
:100240001103EB6005F11000FFF7B8FEC1E70B608A
:100250007368834208BF7160D0E723B11A68014612
:1002600018461346BFE71A46F9E700BF8847002043
:10027000875F002070B5C368C3F340069B0705463F
:100280000C460DD50122002104F1080009F039FBCC
:1002900000232360054B65605A681AB9C3E900441E
:1002A000304670BD14605C60FAE700BF88470020EC
:1002B000F8B5C3689A0704460F46C3F340062ED428
:1002C0005B071CD40B680BB983680B60E368DD0720
:1002D00044BFA3683B603D684CBF02260126002D49
:1002E0003CD0204B9A68D5F8B8309A420AD0D5F85D
:1002F000D430D807C3F3800214D46FF01206002361
:100300003B6025E009F029FCD5F8D4300028F0D175
:10031000D907C3F3C002F0D552B15B0708D46FF020
:100320000F06ECE7002AFAD1C3F3C003002BF6D185
:1003300000232360D5F8C03063B9C5E92F442846AF
:1003400009F00AFBE36843F00403E3603B68A36041
:100350003046F8BD1C60C5F8C040F0E76FF01506E8
:10036000CDE700BF64470020F8B5C36803F005037C
:10037000002B06460C4614BF012700271CD08568B9
:100380000122002104F1100009F0BBFA13492046B4
:1003900009F03AFBE36843F01003E360F3685B079E
:1003A00012D5336823606BB9D5F8C03033B9C5E9CD
:1003B0002F44284609F0D0FA3846F8BD1C60C5F82D
:1003C000C040F6E73460F4E7D5F8BC302360D5F8D8
:1003D000C030C5F8BC40002BEBD1F0E739990200E2
:1003E0000146014809F02CBBE0400020F0B589B07F
:1003F00004460020C4E92F000E9D04F1C400C4E9A6
:10040000310004F1CC00C4E9330055B32879002849
:1004100040F2011008BF0120C4F8D40000204FF0C2
:10042000FF364FF0FF37CDE90330CDE90100CDE9CC
:1004300006670D4B0094204600F03CF955B1296841
:1004400011B1204600F0B0F86B791BB1237B43F06B
:1004500001032373204600F0CDFBC4F8B84009B077
:10046000F0BD0120D8E700BF2901020037B5019097
:100470000846EFF31184402181F31288BFF36F8F98
:10048000C16811F01E0F16D153EA020508D101A967
:10049000FFF70EFF84F31188BFF36F8F03B030BDF9
:1004A00041F00801C160019981620449103000F0F7
:1004B00051FD0120EEE70020ECE700BFCD990200DE
:1004C00001460148FFF7D2BFE0400020F7B50C46D7
:1004D000019016461D46EFF31187402383F31288DF
:1004E000BFF36F8F084609F028FA55EA060309D1D1
:1004F00001A92046FFF7DCFE87F31188BFF36F8F59
:1005000003B0F0BDE368074943F00803E360019BD3
:10051000A36232462B4604F1100000F01BFD0120BF
:10052000EAE700BFCD99020001460148FFF7CEBFC0
:10053000E04000202DE9F0410546EFF3118740230C
:1005400083F31288BFF36F8F0468A04223D014B3E3
:10055000204609F0F5FA04F1180009F014FC002611
:10056000B046C4F8B080204609F039FB2C68A5429B
:1005700006F1010608D03CB1204609F0E1FA04F189
:10058000180009F000FCECE70648394600F03CFA98
:100590003046BDE8F08187F31188BFF36F8F0026E6
:1005A000F6E700BF875F002010B5044608B9054B89
:1005B0009C681F2204F178000AF01CFC002084F8DB
:1005C000970010BD644700202DE9F04F073285B039
:1005D00022F0070204461E467F3200F15803C0E9AC
:1005E000163322F03F02129B237300200D46119B0D
:1005F000DDF838A0139FA06004213F2AC4E906005B
:100600006173A373E07305F14009A2F1400B05D8B3
:1006100080F31188BFF36F8F084602DF05EB0208F5
:1006200041462046F2F788FA0730109B20F0070079
:10063000C4E9269BC4F8A00002930F9BA8EB000B13
:10064000CDE900A35A46334629462046F2F71CFE60
:100650000F9BE3664FF00008109BC4F85480C4E978
:10066000196A2367EFF31182402181F31288BFF3E7
:100670006F8F0F4D296A61672C6282F31188BFF377
:100680006F8F8FB11F22394604F178000AF0B2FB58
:1006900084F89780AB680BB1D3F8A430C4F8A430C9
:1006A000584605B0BDE8F08F84F87870F2E700BFD7
:1006B00064470020F0B587B000250595109D04958E
:1006C0000F9D03950E9D0295DDE912760D9D019516
:1006D0000C9D00950446FFF777FFB6F1FF3F08BF7A
:1006E000B7F1FF3F05D056EA070305D1204600F0D9
:1006F00081FA204607B0F0BD3A46334604F11800AF
:10070000014900F027FCF4E7599C020040F2011374
:1007100083810023C0E92633C0F8A430014B9860E0
:10072000704700BF644700200A4A93686FF00A01CF
:10073000C3F8B0100849C3F8AC004B6843F08053CD
:100740004B60002383F31188BFF36F8F9368D3F856
:10075000B00070476447002000ED00E070B590F9EC
:100760000D20437B002A36DBD90634D11B4C63F0C5
:100770007F032246437352F8183FE169934207D141
:10078000C0E900210860E06111E09942F8D01B68DF
:10079000002BF5D090F90E5093F90E60B542F4D0CD
:1007A000AE42F2DD5968C0E9003108605860A569C1
:1007B000954200D005B9E568A3685A7BD20604D1FA
:1007C000DA897F2A01D9AA6932B1AB4202D0284620
:1007D00000F01CFB656170BD6361FCE764470020AD
:1007E00038B590F90D20437B002A014604DA03F066
:1007F0007F03437309F0B9F90D4D2A46AB6852F8EF
:10080000184F944200D004B9EC688B4207D05A7B51
:10081000D20604D1DA897F2A01D9A2692AB1A3427A
:1008200002D0204600F0F2FA23466B6138BD00BFCB
:1008300064470020B3F1FF3F08BFB2F1FF3F03D090
:100840000249183000F086BB704700BF599C020077
:1008500070B590F90D20437B002A014604DA03F0BD
:100860007F03437309F081F94B7B1C4C63F07F03DA
:1008700022464B7352F8183FE069934207D1C1E911
:1008800000200160E16111E09842F8D01B68002B64
:10089000F5D091F90E5093F90E60B542F4D0AE4206
:1008A000F2DD5868C1E9003001605960A569A368AC
:1008B000954200D005B9E5688B4207D05A7BD20635
:1008C00004D1DA897F2A01D9AA692AB1AB4202D0C0
:1008D000284600F09BFA2B46636170BD64470020F8
:1008E000F8B50E4B0C4611460D4A98681060DDE9CC
:1008F0000667EFF31182402282F31288BFF36F8FF5
:100900009D68284609F043F9284632463B46FFF7E2
:1009100091FF2046BDE8F840FFF706BF644700207E
:1009200090470020F8B50446EFF31187402383F386
:100930001288BFF36F8F437B03F01F02002A0CBFA6
:100940000126002649B239D103F07F03437309F031
:100950000CF92C4D437B817363F07F032A4643736C
:1009600052F8183F934227D1E869C4E90020046097
:10097000EC610FE09842F8D01B68002BF5D093F99A
:100980000EC06145F6D08C45F4DD5968C4E90031EC
:100990000C605C60AC69944200D004B9EC68AB6850
:1009A0009C4202D0204600F031FA6C6187F3118836
:1009B000BFF36F8F3046F8BDE869DEE79B071ED5B1
:1009C000856809F0D2F881732B689D4209D16B6864
:1009D000C4E900531C606C60E8E76A689342F6D093
:1009E0001B68002BF3D093F90E209142F5D08A4278
:1009F000F3DD5A68C4E9003214605C60D6E78173A5
:100A0000D4E700BF6447002049B9EFF3058030B94F
:100A1000054B5A699B689A4201D0FFF785BE81F366
:100A20001188BFF36F8F704764470020034648B9B1
:100A3000EFF3058232B9064A51699268914201D0BA
:100A4000FFF772BE83F31188BFF36F8F704700BF4B
:100A500064470020EFF31181402383F31288BFF332
:100A60006F8F054B9A68D37B013BD37381F3118859
:100A7000BFF36F8F704700BF6447002070B5EFF37E
:100A80001186402383F31288BFF36F8F144DAB6838
:100A9000DA7B0132DA732A4652F8184F944200D0BA
:100AA00004B9EC685A7BD20604D1DA897F2A01D9CD
:100AB000A2692AB1A34202D0204600F0A7F923463A
:100AC0006B6186F31188BFF36F8FEFF311804023C2
:100AD00083F31288BFF36F8FBDE87040FFF7A6BFA6
:100AE00064470020024B03F11802C3E90622704755
:100AF0006447002070B5EFF31186402383F312881A
:100B0000BFF36F8F1B4CA168E0690B68814214BF73
:100B10001A46002249680B605960A368E1692AB946
:100B2000154AC3E900210B60E3610CE093F90E0064
:100B300092F90E50A84218D0854216DD5168C3E9DB
:100B400000210B605360A5690B4B9D4200D005B995
:100B5000E568A3689D4202D0284600F057F9656118
:100B60003046BDE87040FFF7DFBD8A42D8D012683A
:100B7000D5E700BF644700207C470020F8B550EA65
:100B8000010306460C4603D1FFF7B4FF0020F8BD71
:100B9000EFF31187402383F31288BFF36F8F124D59
:100BA000124BA8681860FFF71BFEA868104923467F
:100BB0003246183000F0CEF9AA68537B43F00403A4
:100BC000537304463846FFF7AFFDAB68D3E90A23F9
:100BD000B3F1004F08BF002AD8D109F0FCF8201A61
:100BE00020EAE070D3E700BF644700209047002070
:100BF000599C020038B50446EFF31185402383F376
:100C00001288BFF36F8F437B5B070FD5183009F055
:100C1000BAF8637B23F0040320466373FFF79EFD5D
:100C200029460548BDE83840FFF7EEBE85F3118838
:100C3000BFF36F8F38BD00BF875F0020014B9868FE
:100C4000704700BF644700202DE9F8430446077B46
:100C5000EFF31185402383F31288BFF36F8F437B3B
:100C6000190705D585F31188BFF36F8FBDE8F883A9
:100C7000D90943F0080260D14273A36813B120463A
:100C800008F07BFF04F1180009F07DF8A66D04F16F
:100C90005808B04511D04FF0000976B1304608F041
:100CA0006CFF06F1180009F06EF8C6F8B0903046F7
:100CB000FFF754FDA66DB045EFD1DFF8C480D8F83A
:100CC00008309C4241D1EFF30589B9F1000918BF02
:100CD0004FF00109D8F818602A4A964200D00EB9A0
:100CE000D8F80C60B34202D0304600F08FF82046AE
:100CF000C8F8146004F01BFF204600F0DFF8B9F1DB
:100D0000000F02D02048FFF701FDD8F808309C42C0
:100D100031D1EFF3058373BB227BD20718D4284669
:100D2000FFF702FDFB07A1D5002383F31188BFF372
:100D30006F8F0423184602DF98E703F07F0343F028
:100D40000803437308F011FF97E74FF00009C1E76C
:100D500085F31188BFF36F8F83F31188BFF36F8F13
:100D60000423184602DFEFF31180402383F3128837
:100D7000BFF36F8FD4E785F31188BFF36F8FD1E78F
:100D8000644700207C470020B8410020D3B5DDE94E
:100D90000667089CCDE90067FFF7A2FD1CB1034B75
:100DA0009B681B69236002B0D0BD00BF6447002070
:100DB000044BC01A044BC0105843044B01221A5470
:100DC000704700BF70420020ABAAAAAA875F00202C
:100DD000C3897F2B12D80A4B1B6863B1094B90F96A
:100DE0000E201B689A4209DB437BDB0606D1064BCB
:100DF000C31A18BF012303F0010070470023FAE76C
:100E0000C018002094470020703F002070B50E4BA2
:100E10000E4C1E7C06EB460304EBC304054620463D
:100E200008F0B1FF0A4B002228469A55FFF7D0FF81
:100E300048B1084B08491A68013A2046D317BDE863
:100E4000704000F087B870BD6447002070420020F9
:100E5000875F0020C0180020B10D020038B5EFF305
:100E60001185402383F31288BFF36F8F104B114A13
:100E70009C681068A04206D1FFF7C8FF85F311886F
:100E8000BFF36F8F38BD00211B7C11600A4AD35C11
:100E9000002BF3D02046FFF79BFF0028EED0637BAA
:100EA000DB0602D12046FFF7D3FC2046E4E700BF73
:100EB0006447002090470020875F0020EFF31181F6
:100EC000402383F31288BFF36F8F0A4A136A834269
:100ED00007D15B6F136281F31188BFF36F8F704787
:100EE0001346002BF7D05A6F8242F9D1426F5A67EE
:100EF000F1E700BF64470020024B1868984208BF22
:100F000000207047C4180020034B1B680BB9FCF786
:100F100041BD0020704700BF9847002030B570B138
:100F20000B4B5B6898420AD0036843B1D3E90421B4
:100F3000D0E90445121941EB0501C3E90421D0E9C8
:100F4000003213605A600023C0E9003330BD00BF97
:100F5000C4180020B3F1FF3F08BFB2F1FF3F2DE9F5
:100F6000F84F0446994615461F467AD08160EFF344
:100F70001188402383F31288BFF36F8FB9F1000FFC
:100F8000DFF8E4A020DBFFF7BFFFDAE90027013537
:100F900049F100092D1849EBE073C4E90453AD1879
:100FA000064643EB07074FF00109FFF7A5FFDFF8FF
:100FB000BCE0DEF804A00346EBB9C4E900EACAF8D5
:100FC0000040CEF8044028E0DAE900126FF0010397
:100FD0005B1A4FF0FF3161EB02025B1B62EB09020F
:100FE000012B72F10001BCBF01230022C0E90432D1
:100FF0004FF00009D9E7D3E9041CD4E904208A4260
:1010000070EB0C0B24DA891A5A686CEB0000C3E908
:101010000410C4E9003214605C60FFF76DFF844285
:101020000ED1134B1B685BB9B9F1000F02D1FFF76A
:101030006BFF0646304608F08FFE0021FCF778FC77
:1010400088F31188BFF36F8F28463946BDE8F88FC3
:10105000521A60EB0C009A45C4E90420ADD01B681D
:10106000AAE700252F46EFE788420020C418002099
:10107000984700202DE9F047EFF31185402383F3D3
:101080001288BFF36F8FDFF8A490DFF8A480C9F84F
:101090000000FFF731FF00260027D9F80030D8E91B
:1010A00000ECD91750B1D0E90442A34271EB020A17
:1010B0001CDAE41A62EB0102C0E9044213EB0E03EE
:1010C0004FF000044CEB01012046C8E90031C9F89B
:1010D000004008F041FE2146FCF72AFC85F3118808
:1010E000BFF36F8FBDE8F047FFF7B8BE14EB0E02F9
:1010F0004CEBE473C0E90467C8E90023FFF70EFF77
:1011000085F31188BFF36F8F83689847EFF31185DC
:10111000402383F31288BFF36F8FD9F800301B1B75
:10112000C9F80030FFF7E8FEB7E700BF9847002096
:101130008842002010B5EFF31184402383F3128816
:10114000BFF36F8FFFF7E0FE054A0346D2E90001C7
:10115000181841EBE37184F31188BFF36F8F10BD52
:1011600088420020F8B50546EFF31187402383F34A
:101170001288BFF36F8F036823B187F31188BFF321
:101180006F8FF8BDD0E90A46611C46F100020229C2
:1011900072F1000236D3012C76F10002BCBF0124AB
:1011A0001E46013C46F1FF3608F019FE013041F1C0
:1011B0000001001946EB0101012871F1000130DB4B
:1011C00008F00DFE013041F100016FF0020300193B
:1011D00046EB010183426FF000438B4126DB08F0B0
:1011E000FEFD013041F100016FF00102001946EBF4
:1011F0000103121A4FF0FF3161EB03031C4928462B
:10120000FFF7A8FE2B6B01332B632B6A93B93C4687
:101210002B4653F8185F9D4200D0D5B984F311884E
:10122000ADE76FF001024FF0FF33E7E700224FF028
:101230000043E3E787F31188BFF36F8F2B6A2846DB
:101240009847EFF31184402383F31288BFF36F8F25
:10125000DEE7284608F0D2FC0023C5F8B03084F35E
:101260001188BFF36F8F2846BDE8F84008F0B7BC7F
:10127000651102002DE9F04105461C4690461F46C7
:10128000EFF31186402383F31288BFF36F8FB4F11D
:10129000FF3F08BFB2F1FF3F05D186F31188BFF3CE
:1012A0006F8FBDE8F081002C09DB012A74F1000387
:1012B000BCBF0122002412F1FF3844F1FF37284659
:1012C00008F061FDDDE906010023C5E90A012B6391
:1012D00042463B4628460249FFF73CFEDDE700BF99
:1012E0006511020038B50346EFF31185402282F301
:1012F0001288BFF36F8FC160012181600068834253
:1013000006D185F31188BFF36F8F0024204638BDC6
:10131000D0E9003213605A600023C0E9003308F0BE
:10132000CEFD294604460248FFF76EFBEEE700BFFC
:10133000885F0020F8B507460C46164608F00DFCFD
:1013400008B10020F8BD0E4B9B68D3F8A450002DC7
:10135000F7D0221DF5D2EFF31184402383F31288D6
:10136000BFF36F8F47F004012846B04784F311881C
:10137000BFF36F8F0028E4D040F8045BE2E700BFC2
:10138000644700200146024A0020FFF7D3BF00BF98
:101390005548020001680E4A9142034615D1C169C1
:1013A000A2F11022A2F1EF1291420ED18268012A1D
:1013B0000BD8C26812B101698A4206D0586928B1B7
:1013C0009B691B1A5842584170470120704700BF63
:1013D00055AA00FF70B50D4B9E68A6B13046FFF7C9
:1013E000D9FF044678B9F3686BB935690DB9204661
:1013F00070BD2846FFF7CEFF28B9EB68B34202D193
:101400002E462D69F2E70124F1E700BF9C4700203A
:101410002DE9F041444B454C1B6805462046884663
:10142000984718B100242046BDE8F081A4F11407C4
:1014300054F8144CFB68DCB1BC68CCB1002D66D00C
:10144000B8F1000F65D008FB05F6B6FBF5F5A84529
:1014500061D1311D5FD8B20711D026F003020432EA
:101460001C4603E06168914257D2A469002CF9D16F
:101470002F4B2E481B6898470028D4D0D2E732461D
:10148000EEE7891A232904F120051CD80123A36063
:10149000D4E90523AAB19361A3690BB162695A61CA
:1014A0000023C4E905333B69DB0703D5FFF792FF4F
:1014B000002835D13246002128462C4609F070FC20
:1014C000D6E7FB60E8E702F1200C04EB0C032039BF
:1014D000C3E90110DC6017482169196144F80C0068
:1014E000A0F11020A0F1EF10D86101B1CB606169CB
:1014F0005961A069986141B18B61996901B14B61F2
:101500000121C4E901212361CAE7FB60F5E72C460C
:10151000AEE74446ACE70446AAE7A0680028B0D08E
:10152000012001F0CFFD00BFDC180020B0470020F3
:10153000D818002055AA00FF70B5464B464C1B68D2
:10154000054620469847002840F08280002D43D071
:1015500054F8143CA4F11406002B3DD0B268002AC4
:101560003AD09D4203D3726813449D4202D30120B6
:1015700001F0A8FDA5F120042046FFF70BFF00288D
:10158000F5D155F8183C012BF1D155F8143C45F82C
:10159000180C3BB39A682ABB55F81C2C02F12001A9
:1015A0005A680A445A6055E905321A6155F8145CC4
:1015B0002B6903B1DD6020220021204609F0F0FBF9
:1015C000286910B18368002B2ED033699B0703D59F
:1015D000FFF700FF0028CAD1204B1F481B68BDE859
:1015E0007040184755F8100C00282AD0836843BB78
:1015F0004268636813442033636003692361D4E95C
:1016000005239AB9CBB9436963618269A261B3B119
:101610009C61A36903B15C61236903B1DC60202292
:10162000002109F0BDFBD0E72C46E1E79361A369F7
:10163000002BE8D062695A61E5E7F360F7E7F460F0
:10164000E7E7F36845F8083C03B15C61F460BCE788
:1016500070BD00BFDC180020B0470020D818002063
:1016600038B528220C4605460021154809F098FB9C
:10167000144B15481B6898471449154800F038F872
:10168000232C1CD915F003031FBF043CE418C3F13D
:101690000403ED1822460021284609F081FB084B7F
:1016A0000C499D60C3E90054203C6C609A6811604D
:1016B0009A68DA60A1F11021A1F1EF11D16138BD72
:1016C0009C470020E4180020B04700203915020094
:1016D0001114020055AA00FF014B1B68184700BFF8
:1016E000D0180020014B1B68184700BFCC18002001
:1016F000024B1860024B002019607047D018002080
:10170000CC18002010B50A46044619B1024B00213E
:101710001B68984710BD00BFD4180020F8B50D4EC7
:101720000D4C0E4D33680E48984767782B680C486F
:10173000984733680B489847022F08D12478E31F55
:101740005C425C412B68074898472046F8BD00245E
:10175000F8E700BFDC180020C4470020D81800209C
:10176000D0190020BC1900200E4B0340B3F1607F5C
:1017700006D1B1F5885F14BF6FF086000020704776
:10178000B3F1707F0BD101F4E043B3F5005F06D1F4
:1017900011F4E06F0CBF6FF08600002070476FF00F
:1017A000860070470000C07F8A4270B506460D462D
:1017B00000F0ED80784922F4FF7323F001038B429F
:1017C00013D022F0FF0001F5885188420DD0734CF0
:1017D00022F47F7121F00301A14206D070498842B2
:1017E00003D001F574518B422CD16E4B25F0FF01D3
:1017F00099420FD115F0FF000BD06B4B40F00070F9
:10180000984240F0C68082EA0500FF288CBF002085
:10181000012070BD654B9942ECD0A3F588539942E5
:10182000E8D025F4FF7323F00103B3F1062FE1D0D4
:101830005B488142DED05E498B42DBD0A1F584411A
:101840008B42D7D005F0FE43B3F1A06F13D102F065
:10185000FE43B3F1A06F40F0888082EA050333F4C1
:101860007E1340F082802E047FD5C5F30540C2F37D
:1018700005429042CAE74F498D420BD14E4B9A42E6
:1018800000F085804D4B22F47E10984214BF00205A
:101890000120BEE7B3F1407F67D102F0FE43B3F110
:1018A000407F62D182EA050030F47E145DD131467A
:1018B0002846FFF759FF00286BD1414B12F47C11E9
:1018C00003EA020318D0B3F1607FC2F305413DD1B2
:1018D0003C48D3B243F0007383423BD003F17E43D4
:1018E000043B112B01D83848C45C15F47C1FC5F3A8
:1018F000054331D18C42C9E7B3F1607F0DD1314846
:10190000D3B243F0007383421ED003F17E43043B05
:10191000112BDDD82D49C95CDAE7B3F1707FE4D132
:1019200006F4E043B3F5005F03D1C6F302230121BF
:10193000994006F4E043B3F5005FD6D1C6F3022622
:10194000012000FA06F4D0E71021C1E7B3F1707F5F
:10195000CBD1EEE71024C8E712F47C1F01D1A342DB
:1019600015D02C0401D58B4250E725F0004323F419
:101970007F03B3F1106F0CD102F0FE43B3F1106F8F
:1019800007D11348104040F01060A8427EE70120C4
:101990003FE700203DE700BF00020006000400060C
:1019A0000009000600030006FF0000020013000605
:1019B000004600060093C0040013C0040001400567
:1019C0000000C07F0300000259FD020059FD020023
:1019D0000000FFF62DE9F843884617461C4600F044
:1019E00013FC054688BBD8F80060B6F8009009F4EF
:1019F000E043B3F5804FB36808BF27F0010737EA2B
:101A000003031AD10CB3274B24F0FF029A421FD1D3
:101A100014F0FF0304D0244A43F00073934236D0FD
:101A2000F16822464846FFF7BFFE074668B93169AC
:101A300022464846FFF7B8FE90BB6FF084050023AE
:101A4000C8F80030304600F013FC2846BDE8F883A3
:101A5000164B9A42DCD0A3F588539A42D8D024F48E
:101A6000FF7323F00103B3F1062FD1D010498A424E
:101A7000CED0104A9342CBD0A2F584429342C7D035
:101A800004F0FE43B3F1407F04D12304C8D56FF0C6
:101A90008605D4E7B3F1A06FF7D0034B9C42BEE7B5
:101AA0003D46D2E700030006FF00000200130006D7
:101AB000000900060046000670B5114B05461B687C
:101AC00010480E469847044618B16FF08F04204620
:101AD00070BD6B6933602B7F012B04BF02232B7712
:101AE000094B18BF30601B68064818BF6FF096049A
:101AF00098470028EBD0002CE7D06FF09604E6E77B
:101B0000DC180020A8190020D818002038B500F0F3
:101B1000FE43B3F1407F04460D4602D06FF08600CD
:101B200038BDFFF721FE0028FAD114F47C1F12D033
:101B3000C4F30543032B137022D9284A2240B2F183
:101B4000607F3DD1264AE4B244F0007494422BD128
:101B5000102BE5D9E2E7214B2340B3F1607F15D18B
:101B60001F49E3B243F000738B4202D1102313707C
:101B7000D6E703F17E43043B112B04D900231370F5
:101B80006FF08500CCE71749CB5CD3E7B3F1707FEA
:101B9000F4D101F4E043B3F5005FEFD1C1F30221CA
:101BA00001238B40DBB2C5E704F17E44043C112CD9
:101BB000B4D80D4A125D9342B0D8142BB0D9DFE7E8
:101BC000B2F1707FAAD105F4E042B2F5005FA5D171
:101BD000C5F302250122AA40EDE700BF0000C07F47
:101BE0000300000259FD020059FD02002DE9F341F6
:101BF000002313604768D0F8148004460E46384628
:101C0000114608F068FD054688B9384608F065FDBC
:101C1000054660B9FFB277B9B8F1000F05D1A368E6
:101C200023F0031323F47F4363B16FF08605284646
:101C300002B0BDE8F0816069012108F026FD0028AE
:101C4000EDD1F2E762884FF6F8739A4227D8154B28
:101C500015481B682779984710B16FF08F05E6E7A4
:101C600007B901A8314600F087FA104B05461B68FA
:101C70000D48984710B1002DD9D1EEE7002DD6D1EF
:101C80000FCCD6F800C066460FC694E8070086E879
:101C90000700002FCBD1019BCCF81430C7E76FF0C1
:101CA0008505C4E7DC180020A8190020D8180020FA
:101CB00010B5044660B1074B07481B68984720469B
:101CC00008F092FA054B04481B68BDE8104018471D
:101CD00010BD00BFDC180020A8190020D818002073
:101CE00037B50446C0B101A900F08EFA044698B990
:101CF000194B1A481B681A4D9847F0B90198037F91
:101D0000032B11D108F0D2FC2B68044613489847E6
:101D100028B10CB96FF08F04204603B030BD002C01
:101D200008BF6FF08704F7E7022B12D10323037774
:101D30000379FF2B08BF6FF08404019808F0B6FC0C
:101D40002B68002818BF0446044898470028E3D0B1
:101D5000DFE76FF09604F0E7DC180020A8190020F8
:101D6000D81800202DE9F0411F4688B01646002201
:101D700003880796CDE90422054688463A60002E7E
:101D800062D0B6F1005F80F09E8023F0FF03B3F5D0
:101D9000E24F02D0B3F5824F22D1284608F005F970
:101DA0000446002840F08380EB686BB16A885AB122
:101DB0002B8803F44F41B1F5824F05D1DBB2222BC2
:101DC00037D02DD8122B39D0424608EB060100231C
:101DD00012F8010B914243EA0003F9D1002B33D0F2
:101DE00005AA04A92846FFF701FF0446A0B9049BF1
:101DF0009B6A63B3049B5A88069206AA029203F177
:101E0000280201929A6A00925B6A3246414628464D
:101E100008F095FC044678B30498FFF749FF46E0C4
:101E2000273BDBB21B2BCFD8284921FA03F3DB0772
:101E3000CAD50732B6EBD20FC6D205E040F209236D
:101E40009A42F6D1402EBFD86FF086042FE06B681F
:101E50001B0A07D10799049808F086F90446002860
:101E6000C8D0D9E707AB32464146284608F03FFCC8
:101E700004460028EED0CFE70499069B4A88D2B9E1
:101E80004B80069A04984FF6F8739A4218D82B881C
:101E900013B102889A4210D16B8813B142889A42DA
:101EA0000BD13946FFF708FE04460028B4D120467E
:101EB00008B0BDE8F0819A42E3D06FF08604ABE74A
:101EC0006FF08504A8E76FF08504F0E70102000CCD
:101ED00038B504460D46FFF721FC30B12A462146AD
:101EE0000348BDE8384008F0DCBC6FF0880038BD1E
:101EF000C847002070B51D4E1D4C33681D489847DB
:101F00002378590744BF23F00403237023789A07EA
:101F100005D500F017F9237823F002032370164D3E
:101F200014482B689847336814489847637813B16E
:101F3000134808F0B8FC00234FF4A87110486370F0
:101F4000FFF7E0FB2B680D4898473368094898472E
:101F50002378DB0705D508F0C9FB237823F00103BC
:101F600023702B680348BDE870401847DC18002038
:101F7000C4470020BC190020D8180020D019002028
:101F8000C84700202DE9F041FFF7C8FB18B1002435
:101F90002046BDE8F081364F36483B6898470446F6
:101FA00020B16FF08F04FFF7A5FFF1E7324D2B78DA
:101FB000D80706D408F098FB2B7843F001030446B9
:101FC0002B702E4E2B483368984710B1002CE8D068
:101FD000E9E7002CE7D13B682648984704460028EB
:101FE000DFD12B78990706D400F0A4F82B7843F0C2
:101FF000020304462B7033681E4898470028E5D139
:10200000002CD0D13B681B4898470028C9D13368C1
:10201000184895F8008098470028C2D13B681848B6
:10202000984704460028BCD16B7843B918F0010FDB
:1020300005D0144808F033FC022304466B70336863
:102040000F4898470028C1D1002CACD13B68094803
:1020500098470028A5D12B7806485A075CBF43F063
:1020600004032B7033689847002890D099E700BF8D
:10207000DC180020BC190020C4470020D81800201C
:10208000D0190020C847002038B5074C074B204620
:102090001B689847064B93F88055064B20461B68F3
:1020A0009847284638BD00BFBC190020DC18002026
:1020B00018490020D818002000F140421F2A38B5E6
:1020C00004460D460CD81A4B2C2101FB02331A7F13
:1020D000022A02D15A69824218D06FF08B001FE0A9
:1020E000012108F0D2FAE0B1114A00201346117F15
:1020F000022902D15169A14205D00130202802F104
:102100002C02F4D1E9E72C2202FB00331A7F022AC9
:102110000AD11A6A511C07D001321A6200202B60C2
:1021200038BD6FF08700FBE76FF09600F8E700BF5F
:1021300018490020024B012283F8802500207047B7
:10214000184900202DE9F0410A4C002526464FF0A1
:1021500001080327C4F8208027772046013508F0BE
:1021600043F8202D04F12C04F4D1002386F88035A7
:10217000BDE8F08118490020F8B506460F46FFF784
:1021800083FF002835D01E4B002422461D46197FB0
:10219000F9B13CB9022905D1196A19B9197900298F
:1021A00018BF1C460132202A03F12C03EFD114B9C9
:1021B0006FF08C000BE0237F022B04D1236A5A1CA2
:1021C0001CBF01332362204608F00EF810B1002432
:1021D0000DE01C46237F7BB90123237736B1094BE1
:1021E000651BAD105D4305F18045356000203C6006
:1021F000F8BD6FF08800EAE76FF09600E7E700BFF0
:1022000018490020A38B2EBA002370B50B6004463A
:102210000D46FFF739FF08B3124B13481B68984768
:10222000064618B16FF08F04204670BD204629463F
:10223000FFF742FF10F18C0F0C4B044607D01B68D0
:10224000094898470028EFD0002CEDD1EAE72E602E
:102250001B68054898476FF08704E5E76FF088042E
:10226000E2E700BFDC180020A8190020D8180020E1
:1022700010B50B4B04461B680A48984718B16FF01D
:102280008F04204610BD204608F010FA064B044685
:102290001B68044898470028F3D0002CF1D1EEE7E2
:1022A000DC180020A8190020D818002070B40A4EAD
:1022B0004568DCB244F00074B4424FEA152503D0FF
:1022C00035B970BC00F0CCB86FF0850070BC7047B9
:1022D0006FF08600FAE700BF05000002F7B5089E20
:1022E0000D4FF5B2044645F000754868BD424FEA0F
:1022F00010200AD060B9009604F1080000F07CF8C4
:1023000008B91C23236003B0F0BD6FF08500FAE725
:102310006FF08600F7E700BF05000002F7B5089EE2
:102320000D4FF5B2044645F000754868BD424FEACE
:1023300010200AD060B9009604F1080008F0B3FB41
:1023400008B91C23236003B0F0BD6FF08500FAE7E5
:102350006FF08600F7E700BF050000022DE9F041AD
:102360004FF6FF749C4228BF1C460D461FFA84F8A6
:102370001646AAB1A1B19BB10B4F384607F05BF9E5
:1023800018B96FF09200BDE8F081BB6842461B6847
:102390003146384698470028F3D1E4002C60F2E734
:1023A0006FF08600EFE700BF18B302007FB500248E
:1023B000C0F848410F4C0094054608F016FA044650
:1023C00098B903AB102205F59C7601930092334631
:1023D00005F59471284608F01BFA044628B93046E2
:1023E00008F08FFA204604B070BD284608F01CFAA9
:1023F000F8E700BF004440042DE9F0411E46069B6B
:102400001746154A23F47E13934204460D461BD10A
:102410000B88B3F5105F17D1A6F11002102A17D858
:102420000E4BD340DB0713D54FF4A672002108F002
:10243000B7FC022384F84C313A46334629462046FD
:10244000BDE8F041FFF7B2BF6FF08500BDE8F08155
:102450006FF08600FAE700BF0002C003010101002F
:102460002DE9F04323F47E16124BDDF82C909E42AA
:10247000DDE9077CDDE909E815D10388B3F5105FD4
:1024800011D1A2F11004102C11D80B4D25FA04F42F
:10249000E3070CD5CDE90989CDE907CE3B46BDE878
:1024A000F04308F0D7BA6FF08500BDE8F0836FF015
:1024B0008600FAE70002C0030101010073B50C4673
:1024C00011461A462388069EB3F5105F054619D1BA
:1024D000A2F11004102C12D80C4BE340DB070ED5F0
:1024E0000B4B9E420ED100240094234600F03AF993
:1024F00085F81C41C5F81861204602B070BD6FF028
:102500008600FAE76FF08500F7E700BF01010100E0
:10251000004440042DE9F04116461F46D0F818212A
:102520000E4B9A420546884611D1314600F03AF9E1
:10253000069B984204460DD8334628464246394603
:1025400000F03EF9079B00201C60BDE8F0816FF0B1
:102550008500FAE76FF08900F7E700BF0044400408
:1025600030B58BB0044618220D4604A8002108F0AF
:1025700017FC4FF41053ADF80C3020464FF4807325
:10258000ADF80E30059308F04FF94FF49472002126
:10259000204608F005FC0B4B00932A46202303A994
:1025A000204608F022F950B905F1200304F594748F
:1025B000303553F8042B44F8042BAB42F9D10BB05F
:1025C00030BD00BF0044400410B5164B8EB01B68F0
:1025D000044600F59E7098473022002102A808F0BA
:1025E000DFFB02A92046FFF7BBFF034660B930239B
:1025F00002AA01A908F059F9034628B9019BB3F5CD
:10260000C07F04D26FF0930318460EB010BD02A92C
:10261000204608F0DAFA03460028F5D10122C4F872
:102620003821F1E7E4180020F0B5284B00F59E763C
:102630008FB004461B6830460F461546984718B1C0
:102640006FF083000FB0F0BDD4F83831002B36D0D6
:10265000B5F5803F36D842F21072934215D9302337
:1026600002AA01A908F021F90028EBD1019BFF2B58
:1026700002D86FF09300E5E702A9204608F0A5FA1A
:102680000028DFD10123C4F838312B463A46002117
:10269000204608F045FA0028D4D10146204608F02B
:1026A00094FA0028CED1D4F838310133C4F8383147
:1026B000074B30461B6898470028C3D0C0E76FF02F
:1026C0008800BFE76FF08600BCE700BFDC18002081
:1026D000D818002010B5044608F0A6F8064B04F5FB
:1026E0009E701B6898474FF4A8720021204608F09E
:1026F00057FB002010BD00BFE018002070B5184E39
:10270000049C4588B34202D06FF0850070BDEE1D79
:10271000B2EBD60F4FEAD60302D06FF08600F5E792
:10272000079A934218D8089A1360008847F2121249
:102730009042E9D1059A5B0001339342EDD12378B1
:10274000042BEAD1B5F5807FDED10698621C00F03B
:1027500067F90028DAD0E0E76FF08900D6E700BF1C
:1027600000000209F8B5069F04461D4661B11646F1
:10277000AFB9DDF7B5FE002384F8116184F810319C
:1027800084F8127184F8133145B11022294604F1FE
:10279000F00008F0F7FA012384F81331F8BDDEF7F2
:1027A00033F8E8E751B190F8103190F812210B445A
:1027B00002F001029B1A23F00F0070470846704791
:1027C0002DE9F04F044687B090F8120194F810916B
:1027D0000090002B55D0924600F00108C9F110027C
:1027E0001E4608EB0203B34204F5807700F2C48072
:1027F0000D46002A40F0B380009B002B6AD194F86C
:10280000133104F1F009C846002B40F0C18094F860
:102810001131224639464846DDF70EFD0F2E40F2B3
:10282000CE80A6F1100323F00F031033019305EBC4
:10283000030BD04694F813C1102341464A4638464C
:10284000BCF1000F20D0DEF711FA102249462846CD
:1028500008F098FA103594F8113122463946484666
:10286000DDF7EAFC5D4508F11008E3D116F00F062C
:1028700021D184F81061C84610224146584608F01C
:1028800081FA07B0BDE8F08F102208F07BFA102221
:102890004946284608F076FA103594F81131224658
:1028A00039464846DDF7C8FCAB4508F11008C1D1F0
:1028B00016F00F06DDD0019B9A4451463846324649
:1028C00008F060FA009B84F81061002B7DD00DF1B8
:1028D0000808D1E794F811312246394602A8DDF7FD
:1028E00041FE94F81331002B5BD1B8F1000F0CBFFF
:1028F0004FF010094FF011094E4529D304F1F008AB
:1029000001E04E4524D3514610223846924408F047
:1029100039FA102202A9284608F034FA94F8113145
:102920002246394602A8DDF71DFE94F81331103E09
:102930001035002BE5D002A9084642461023DEF7E9
:1029400095F910223946404608F01CFA4E45DAD275
:102950002EBB84F81061AB460DF108088CE7514698
:1029600007EB0900924408F00DFA009B103E4E441C
:10297000002B3FF444AFADE707EB09005146324668
:1029800008F000FAB14484F8109107B0BDE8F08F68
:1029900010234A4639463846DEF768F937E7AB4632
:1029A0008BE702A904F1F0094A4608461023DEF736
:1029B0005DF948461022394608F0E4F995E7002E03
:1029C000EDD184F81061AB4656E704F1F00952E707
:1029D00000B589B00146684600F03CF809B05DF8E2
:1029E00004FB00BF00B591B00146684600F06AF9EB
:1029F00011B05DF804FB00BF30B599B005466846DC
:102A000000F028F86946044608A800F053FA08A91F
:102A10000443284600F08AF9204619B030BD00BFB3
:102A200070B598B005466846164600F013F8314672
:102A3000044608A800F046F908A96A460443084677
:102A400000F082F908A90443284600F06DF92046F9
:102A500018B070BD70B50B68124E1BBAC3614B68DD
:102A60001BBA83618B681BBA4361CB681BBA0361D5
:102A70000B691BBAC3604B691BBA83608B691BBAB5
:102A80004360CB691BBA3246036001460446DDF75A
:102A9000DDFE3146054602462046DDF7F7FE681E9C
:102AA00070BD00BF28C502002DE9F04188B00C467A
:102AB000064602F12001684606F120079046DEF73F
:102AC000BFF96A4669466846DEF7DCF8694638466B
:102AD000DEF7B6F93A463946384604F12005DEF706
:102AE000D1F86A4669466846DEF7CCF84146284682
:102AF000DEF7A6F96A4641463046DEF789F92A46EE
:102B000029466846DEF7BEF82A4669466846DEF77B
:102B1000B9F8124A69466846DEF7B4F869462046B5
:102B2000DEF78EF9324621462046DEF7E9F83246D6
:102B300021462046DEF7E4F8224631462846DEF7F5
:102B4000DFF86A4629462846DEF762F93A46294602
:102B50002846DEF7D5F808B0BDE8F08108C60200C7
:102B6000F0B599B004460D460A4601466846DEF7C0
:102B7000C7F869466846DEF763F96A46214608A841
:102B800005F1200604F12007DEF742F96A462946DE
:102B90006846DEF73DF93246394610A8DEF772F88E
:102BA000324639463046DEF7ABF831462846DEF786
:102BB00047F96A4608A92046DEF764F82246294606
:102BC0002846DEF79DF86A4608A96846DEF798F8B9
:102BD0006A4639463846DEF71BF92A4608A9684690
:102BE000DEF78EF86A4631463046DEF711F93A468E
:102BF00031463046DEF784F810A96846DEF720F942
:102C0000224669462046DEF77BF808A92246084698
:102C1000DEF776F810A908AA0846DEF7F9F83A4672
:102C200010A93846DEF76CF819B0F0BD2DE9F04177
:102C300088B00C46054690460A4601466846DEF7CF
:102C40005FF869466846DEF7FBF86A46294628467B
:102C500004F12006DEF7DCF805F120076A4621467C
:102C60006846DEF7D5F8324639463046DEF748F892
:102C700031462046DEF7E4F82A4621462046DEF7B4
:102C80003FF86A4621462046DEF73AF86A4629466A
:102C90004046DEF735F8424639463846DEF7B8F8A2
:102CA000224629466846DEF72BF86A46314630460A
:102CB000DEF7AEF83A4631463046DEF721F808B086
:102CC000BDE8F08170B500F1200690B00D460446D5
:102CD00000F014F905F12001304600F00FF921460B
:102CE00008A8DEF7ADF808A908460D4ADDF7CAFFC7
:102CF00008A922460846DEF78BF808A9094A0846C3
:102D0000DDF7C0FF31466846DEF79AF820226946B3
:102D10000DEB0200DDF788FF013810B070BD00BF79
:102D200008C60200E8C5020000F002B938B5044642
:102D30000D4600F0FDF805F1200104F12000BDE88A
:102D4000384000F0F5B800BF2DE9F0471346B8B0A1
:102D5000544A89468046194610A8DDF777FD524946
:102D6000024610A8DDF792FD179E4E4900EAD6767E
:102D70000746C6F1010210A8DDF788FD179B4A46F9
:102D80006FEA030A28A918A8FFF78EFE4FEADA7A3D
:102D900020A9CAF10102084600F092F8C7F1010724
:102DA000FE246A4618A928A8FFF740FF631138AA35
:102DB00002EB830304F01F0253F8A03CD3405546B6
:102DC00003F0010A8AEA05052A4628A918A8DDF7B2
:102DD000B9FD2A4630A920A8DDF7B4FD013C28A999
:102DE00018A8FFF7BDFE631CDBD1CAF1010220A9C0
:102DF00008A800F065F886EA0A066A4618A928A815
:102E0000FFF714FF28A9324618A8DDF79BFD3246CC
:102E100030A920A8DDF796FD08A96A460846DDF727
:102E2000F7FF08A9084600F09DF808A908F120045A
:102E300009F120020846DDF7EBFF20A908AA204689
:102E4000DDF7E6FF08AA18A96846DDF7E1FF694645
:102E50006846DDF7F5FF18AA694608A8DDF7D8FF30
:102E600021466846DDF7ECFF08AA69461046DDF703
:102E700047FF0E4A08A96846DDF742FF2046202199
:102E8000DDF7E6FE08A9024644426846DDF75AFD32
:102E90004046074A6946DDF7BBFF3C43204638B051
:102EA000BDE8F08768C5020088C50200E8C50200D9
:102EB00048C502000A460149FFF746BFA8C50200FF
:102EC00070B588B004460D4616460021202268469B
:102ED00007F066FF0023294620222046009307F0D2
:102EE00051FF2A4669466846DDF70AFF32466946C1
:102EF0002046DDF727FD08B070BD00BF0B681BBA88
:102F0000C3614B681BBA83618B681BBA4361CB6892
:102F10001BBA03610B691BBAC3604B691BBA8360A0
:102F20008B691BBA4360CB691BBA0360704700BF53
:102F3000CB691BBA03608B691BBA43604B691BBA30
:102F400083600B691BBAC360CB681BBA03618B68D3
:102F50001BBA43614B681BBA83610B681BBAC36120
:102F6000704700BF70B598B00D46064610A8DDF753
:102F700067FF2A4610A96846DDF74AFF694610A890
:102F8000DDF75EFF10A90846DDF75AFF6A4610A973
:102F900008A8DDF73DFF08A910A8DDF751FF10A92B
:102FA0000846DDF74DFF10A90846DDF749FF10A9D7
:102FB0000846DDF745FF10A908AA0846DDF728FFF7
:102FC00010A90846DDF73CFF10A90846DDF738FFD9
:102FD00010A96A4608A8DDF71BFF052408A910A858
:102FE000DDF72EFF10A90846DDF72AFF013C10A9E6
:102FF000F5D108AA0846DDF70BFF052410A90846FD
:10300000DDF71EFF10A90846DDF71AFF013CF5D1D8
:1030100010A908AA0846DDF7FBFE10A908A8DDF7ED
:103020000FFF08A90846DDF70BFF08A96A466846A6
:10303000DDF7EEFE1024694610A8DDF701FF10A9A8
:103040000846DDF7FDFE013C10A9F5D12A460846E9
:10305000DDF7DEFE402410A90846DDF7F1FE10A9D9
:103060000846DDF7EDFE013CF5D110A96A46084699
:10307000DDF7CEFE102410A90846DDF7E1FE10A909
:103080000846DDF7DDFE013CF5D110A96A46084689
:10309000DDF7BEFE102410A90846DDF7D1FE10A909
:1030A0000846DDF7CDFE013CF5D110A908AA084677
:1030B000DDF7AEFE2A4610A93046DDF7A9FE18B0AE
:1030C00070BD00BF08B5054B044613B10021AFF336
:1030D000008001F0B3F92046F0F7E0FA00000000AC
:1030E000F8B50E4B1D68AB789B07064612D56F6886
:1030F00016F8014B29462CB90A20B847002805DBF1
:10310000204609E02046B8470028F1DAAB7843F0C2
:103110000403AB704FF0FF30F8BD00BF40BF0200AA
:103120000CB430B589B005460C461C22002101A81C
:1031300007F036FE02238DF806300E4B02930595FC
:1031400023462CB1B4F1004F28BF4FF00043013BA0
:103150001D440DAA0C99069501A8009200F00EF9E5
:1031600014B1059B00221A7009B0BDE8304002B0CE
:10317000704700BFE5B10200242AF0B5044601D82B
:10318000012A40D108F036F82D4B16221A5001B111
:103190000C600020F0BD2F463D4615F8010B20289D
:1031A000F9D0A0F10906042E0346F4D92B282CD01F
:1031B0002D282CD101267B78BD1C302B2DD12878D1
:1031C00040F02000782824D132F0100021D16B7813
:1031D0002C46102202350020392B82BF03F1FF3329
:1031E00043F02003263B303B9A421AD9A0FB02044D
:1031F0000CB9C01801D346F002062F462C4617F82A
:10320000013B3D46E8E70746C6E70026D3E7002630
:10321000D3E7002A08BF0822DDE7002A08BF0A22F8
:10322000D9E701B10C60F20748BF4042B307B1D5FE
:1032300007F0E0FF024B22221A504FF0FF30A9E7BF
:103240000C0000002DE9F04101260746B24201DCE6
:10325000BDE8F0813B461F4613F8014B002CF7D028
:10326000252CF8D11C78252C07F10207F2D0002379
:10327000DFF804819C461D461F2D18D8A4F1200EAE
:10328000BEF1100F09D9A4F1300EBEF1090F1ED8FE
:103290000A2404FB03E3202504E028FA0EFE1EF0B6
:1032A000010F06D017F8014B002CE5D128E07F2D47
:1032B0001CD8A4F1300EBEF1090FE9D9242C10D18D
:1032C000BCF1000F46D0B34246D00023EAE724F019
:1032D000040EBEF12A0FF8D06C2C09D145F0800500
:1032E000E0E724F0040EBEF12A0FEED06C2C22D0C1
:1032F0006C2C1BD8682C23D06A2C28D04C2C26D0C0
:10330000BCF1000FA4D0B445A0D144F02007A7F130
:10331000650CBCF1020F0B6801D9612F1ED1073378
:1033200023F0070308330B6001368EE7742CB9D005
:103330007A2CB7D0E4E72C0648BF45F40075CDE7FA
:10334000EC0548BF45F4007545F48075AAE745F4DF
:103350002075A7E79C46B8E76324D6E7692C02D01E
:1033600007D8632C03D02F0601D5AC05D7D404337E
:10337000D9E7732CF6E700BF892801002DE9F04F4B
:1033800095B043680393837880469807CDE9081287
:1033900017D50D920B4600251F78A7B1252F16D003
:1033A00001330793039B414638469847002805F1AF
:1033B000010580F2398498F8023043F0040388F85C
:1033C00002304FF0FF35284615B0BDE8F08F5F782A
:1033D0009A1C252F0792E5D000242646A246A34634
:1033E000BBF11F0F32D8A7F12003102B0AD8DFE85A
:1033F00003F02409092A0909091B090909220927D7
:1034000009091900A7F13003092B2DD92A2F39D129
:1034100054B90D9B1BF0400F53F8042B0D9329D08A
:10342000164601E04BF0010B079B13F8017B079355
:10343000002FD5D15BE04BF0020B4BF0040BF3E710
:103440004BF0080BF0E74BF0100BEDE7BBF17F0FF3
:103450003FD8A7F13003092BD8D81BF0400F03D079
:103460000A2202FB0636DFE70A2202FB0A3A4BF089
:10347000200BD9E7B2F1000AF9DACAF1000A4BF0E1
:10348000280BD1E72E2F05D11BF0400F9BD14BF01D
:10349000400BC9E7242F1CD1002C00F04281099B6E
:1034A0000D931BF0400F0AD1524608980DA9FFF763
:1034B000C9FE0D9B1A1DD3F800A00D92B4E7324649
:1034C00008980DA9FFF7BEFE0D9B1A1D1E680D92F0
:1034D000AAE76C2F00F0128100F20981682F00F03A
:1034E00015816A2F00F01A814C2F00F0178134B13A
:1034F000099B08980D9322460DA9FFF7A3FE002E05
:1035000047F02009B8BF2BF0400BA9F16503BCBF01
:103510001FFA8BFB0026022B40F20881B9F1610FE4
:1035200040F06782FF4307F0200306930D9B0733AB
:1035300023F007031BF0400FD3E9000103F1080259
:1035400008BF4FF0FF36069B0D9200930EAA33463C
:1035500007F0B4FD0130C3B2B3424BF4C05404933E
:1035600001DB049B5E1E01230E9F0593A3464FF0D3
:10357000700907F10903122B0DD907F16303C62B5C
:1035800040F20F8107F2E73340F2CE72934294BFCC
:103590000323042305939DF83C2002F00C0312F052
:1035A000010240F019811BF0020F40F012811BF064
:1035B000040400F0F880002B40F0118120231BF45C
:1035C000405F1FD1049A5032002E6A4408BF012682
:1035D000133A049921B112F8011D302900F0368107
:1035E0001BF0100F049A18BF3246391DC0F2338108
:1035F000B74280F23081BA424BF4005B40F32D8138
:103600007E1C961B1BF400520A9200F0288127EAC8
:10361000E774013403B10134002E00F02881721CDC
:103620001444A245CCBFAAEB040400241BF0090FEC
:1036300004D12C44A54240F01F81002443B1184618
:103640004146039B9847002805F10105FFF6B3AEFC
:103650001BF4006F13D0039B41463020984700288D
:10366000FFF6A9AE069BC3F178004146039B00F02C
:10367000F8009847002805F10205FFF69CAE1BF004
:10368000080F05D12C44AC4240F0028125460024AD
:103690000A9B002B00F01C8127EAE77AA7EB0A07B8
:1036A0007642049BBB4284BF0EABFB180AF1FF3A83
:1036B00088BF5879039B98BF3020564505F1010912
:1036C000414600F3EF809847002807F10107FFF615
:1036D00072AEBAF1FF3F08D1039B41462E209847B6
:1036E0000028FFF668AE05F102094D46D9E7742FB0
:1036F0003FF49AAE7A2F3FF497AEF8E61BF0800FB6
:1037000018BF4BF4007B4BF0800B8DE61BF4807FE1
:1037100018BF4BF4007B4BF4807B85E64BF4207B99
:1037200082E62646B3465446B2467DE6FF4307F09E
:10373000200306930D9B073323F007031BF0400F74
:1037400003F1080208BF0626B9F1650FD3E90001AD
:103750000D9213D1731C0022DBB24BF4805B144634
:10376000112BCDE9002428BF11230EAA00F0FCFA8A
:10377000C3B2049302230E9F0593FAE6B9F1660FD4
:1037800005D14BF4005B344601221123E8E7F3B284
:10379000012B4FF0000238BF012314464FF065099A
:1037A000DEE70223F6E6002B3FF409AFBAF1030F80
:1037B0003BDC9DF83C30A64E13F0080FA54B08BF2C
:1037C0001E463746B94617F8010BB0BBAE1BB144D5
:1037D0007BE033BB2B23F2E62BBB2D23EFE620222D
:1037E000BAF1040F13DD1BF0080FAAF104040FD186
:1037F0002C44039B0492414620209847002805F161
:103800000105FFF6D8ADA542049AF2D19AB1002481
:10381000039B414610469847002805F10105C8DA88
:10382000C9E52B22DCE72D22DAE71BF0080FAAF10D
:103830000304BED1DCE71446BBE7069BC01A414631
:10384000039BC0B298470028BCDAB4E5049901395B
:10385000C9B20491BDE6561ED4E60026D2E61BF49A
:10386000006F059A0CBF032405241444D2E61BF014
:10387000100F18BF0134D4E60B934146039B202060
:10388000984700280B9B05F10105BFF6D3AE92E5E2
:10389000039B414630209847002805F10105BFF6FB
:1038A000F2AE88E598470028FFF685AD1BF0100FB3
:1038B0000BD0BAF1FF3F08D105F1020941462E2095
:1038C000039B98470028FFF676AD4D464C4433E203
:1038D0009DF83D00039B414698470028FFF66BADDD
:1038E000002E69DD039B41462E2098470028FFF6F5
:1038F00062AD4FF0010A049B9A45BBBF0EAB534427
:1039000030205879039B414698470028D346FFF65C
:1039100052AD0AF1010A5645EDDA02355D44069BC7
:10392000A9EB03004146039BC0B298470028FFF66D
:1039300042AD002FB4BF2D202B20039B4146B8BFC2
:103940007F4298470028FFF636AD059B042B41D1F6
:103950004FF47A79B7FBF9F606F13000039B414644
:10396000C0B29847002805F10305FFF624AD09FB16
:1039700016774FF06409B7FBF9F606F13000039BA8
:103980004146C0B29847002805F10105FFF613AD86
:1039900009FB16774FF00A09B7FBF9F606F130007C
:1039A000039B4146C0B29847002805F10105FFF688
:1039B00002AD09FB167715E01BF0100F01D10135A0
:1039C000ADE7039B41462E209847002805F10205EC
:1039D000A5DAF0E4059B032B05F10205C9D0059B90
:1039E000012BD7D107F1300005F101094146C0B2E2
:1039F00066E7A7F16303122B00F2FF80DFE813F004
:103A000013005700FD00FD00FD00FD005700FD0004
:103A1000FD00FD00FD00FD001701F800FD00FD00A8
:103A20002C00FD00B9000D9B1A1D1B680D928DF82E
:103A3000383001240EAF1BF0080F2ED03E19B946C6
:103A4000B1452CD1EF1BB944AAEB04043DE700BFFC
:103A500086FD020098D202000D9B1A1D0D921F6870
:103A6000AB4B002F08BF1F461BF0400F14BF314661
:103A70004FF0FF31384607F0CDF90446DBE7039BF2
:103A80004146202098470028FFF695AC013EB442FD
:103A9000F5D35544AD1BB246D0E75646F7E719F8C3
:103AA000010B039B414698470028C9DA83E41BF0C9
:103AB000800F0D9B35D01BF4007F2DD0073323F0F2
:103AC0000703D3E9000103F108020D922BF010095E
:103AD00000291FFA89F936DA404261EB410149F4C5
:103AE00080690DF1380B0A235A4607F0CAF919F01C
:103AF000400FA0EB0B0B65D029F001025E4592B29E
:103B000040F3B280002F00F0A98019F01003344672
:103B1000914626D002345CE01A1D18680D92C11738
:103B2000D4E71A1D1BF4807F19680D9201D1084655
:103B3000F5E71BF4007F15BF48B208B241F3C0118E
:103B400041F3C031C2E750EA0103CAD11BF0400F74
:103B5000C7D0002EC5D12BF0110B1FFA8BF93446BC
:103B6000B34640F2064319EA03031CBF01340023A5
:103B70002FE02BF0100B1FFA8BFB0A231BF08004A5
:103B80000D9A57D01BF400711DBF073222F00702B7
:103B900002F10801101D19BF0D91D2E900010D902D
:103BA000106850EA010252D12BF016091BF0400FA9
:103BB0001FFA89F94FD0002E4DD12BF0170B1FFAA9
:103BC0008BF9B34619F0100352D0002F4ED10BF1F0
:103BD000010419F0080F5ED119F0010F06D0A245BB
:103BE0006EDDAAEB040404EB0B06544622464DE0BE
:103BF0004BF0100B10237827C0E7B9F1780F04D1F0
:103C0000C7F1780343F01003B8E7039B4146252032
:103C100098470028FFF6CFAB039B414638469847AC
:103C20000028FFF6C8AB0235079BFFF7B5BB08239A
:103C30000027A3E7111D0D911BF480711068B0D00F
:103C40001BF400711ABFC0B2214680B2A9E72BF065
:103C5000060B1FFA8BF90DF1380B45E729F0110916
:103C60001FFA89F934467CE79146ABE75C4651E799
:103C70005C4676E7CDE904234146039B2020984724
:103C80000028FFF698AB049A059B01329245F1DCBF
:103C90002C1BA5181446F3B1039B414630209847CE
:103CA0000028FFF688AB6FB90135A9462E44A6EB74
:103CB00009035B4521DC5D460EAE5DBBD944C3E61E
:103CC0005E4693E7023541463846039B98470028F5
:103CD000EBDAFFF770BB40F2064319EA030FE4D0BA
:103CE00019F0020F14BF2B20202019F4806F05F16A
:103CF0000105414618BF2D20E7E7039B41463020D0
:103D00009847002809F10109D1DAFFF754BB00BF39
:103D10008AFD0200013D039B705D414698470028E3
:103D2000CBDAFFF748BB039B414620209847002889
:103D300005F10105FFF63FAB631B002BF3DC73E7D6
:103D40001FB502AB0093074A4FF0CC3307F07CF964
:103D5000DDE90201C00840EA4170C90805B05DF81C
:103D600004FB00BFCDCCCCCC2DE9F04F9BB004467A
:103D700005920A460A93C2F30A559DF890300B93B8
:103D8000D20FC1F313030992090D7DB950EA030262
:103D90001BD1059A30235371099B156043F0020330
:103DA0001371012738461BB0BDE8F08F40F2FF7257
:103DB00095424AD10343099B059A14BF43F0080377
:103DC00043F0040313710027ECE700F001020892AE
:103DD0004FEA83080122AC4D48EA907887009A4662
:103DE0001646C5F1000B5846069200F011FAB5F1DF
:103DF000FF3FACBF8146A0F10109ABEB090B09EB1A
:103E000005035846049300F009FA16A9A0F17D05B0
:103E1000584600F023FA12AB069A0193A9EB050568
:103E200010AB0292009320462B4616AA514607F08B
:103E300050F8B9F1010F04460D4600F2D280089BFC
:103E4000002B40F0C58001276BE043F4801A00F09E
:103E500001024FEA8A080343A5F23545089248EA71
:103E600090784FEA800749D140F2FE7319420CBFA7
:103E700001260026002D3246B3DB284600F0C2F9A9
:103E8000032DC8BF0138049000F0C8F9049B7C30B2
:103E90005D1B054416A9184600F054FA12AB0193B5
:103EA00010AB009320462B46029616AA514607F007
:103EB00010F8049B152B04460D4600F2868014ABC7
:103EC000724A009338464FF0CC33414607F0BCF8B5
:103ED000149B159A9B0843EA827303EB8303BB424E
:103EE000DDE9109A0CD13846414600F09FF9049B59
:103EF00083428CBF00270127002612E00126B9E784
:103F0000089B002B51D1013F48F1FF31B81B61F1F3
:103F1000000100F08BF9049B089F83428CBF0026B0
:103F200001260B9B002B40F09180DDF828B04FF06C
:103F30000008CDE906884FF00A0ADDE91001FFF715
:103F4000FFFE129B0E93CDE90C0118461399FFF763
:103F5000F7FE0C9B0D9A0F9198420B4693418146B8
:103F600080F08E8020462946FFF7EAFE0E9A0AFB73
:103F700009F3934214BF002606F001060C9B109330
:103F80000D9BCDE911390F9B1393079BB8F1000FDF
:103F900014BF002707F0010701330AFB10485FFA3E
:103FA00088F8079304460D46C7E7B81C48F100019E
:103FB00000F03CF9049B83428CBF00200120B9EB48
:103FC00000006AF10002CDE9100200273E46A8E792
:103FD000109B119A013B42F1FF32CDE910320127CB
:103FE0008AE7B9F13E0FF0D84FF0FF33A9F1200076
:103FF00003FA09F203FA00F0C9F1200123FA01F1F2
:1040000002430A4303FA09F327EA030728EA0208EE
:1040100057EA08070CBF012700276DE700FB02FCE9
:10402000A1FB0012013362448C4275EB020CF5D205
:10403000049ADDF828B01344259A1344D20F934212
:10404000B8BF13469B45A8BF9B4670E70A210022D4
:1040500001230846E8E70AFB03F0A2FB0A2301312B
:104060000344944275EB0300F5D2594510DDBBF1D2
:10407000000F02D154EA05030AD00123069371E729
:104080000A2200230121ECE7CCFBFFFFCDCCCCCCF6
:10409000002E2FD04FF00A0A129B13990D93184649
:1040A000FFF74EFE0D9B0C910AFB00F29A428146EF
:1040B00020D1DDE91001FFF743FE0E900D9120465F
:1040C0002946FFF73DFE0D9B0E9A1092CDE911395E
:1040D0000C9B1393079BB8F1000F14BF002707F048
:1040E000010701330AFB10485FFA88F8079304467A
:1040F0000D46D1E7DDF81090079B9944002F5AD068
:10410000B8F1050F57D114F001034AD1069A32B91C
:10411000DDE912239D4208BF94425FD0069B181927
:104120004FF00A0445F10001002201262546A04275
:1041300071EB020755D2EBB1B3451BDA0B9B6BB1A8
:10414000259ADDF828B006EB09031344012BB8BF0C
:1041500001239B45A8BF9B465E450BDD05304FF014
:104160000A024FF0000341F10001E7F77BFF09F17C
:104170000109013E5E45A8BF5E4637B20FFA89F9D4
:10418000059B09FA86F607F10508013E98444FF0B1
:104190000009B9452CDB059B1A461E60099B13716B
:1041A00000E6069B2BB9DDE912239D4208BF94422D
:1041B00009D00123B3E7069B53B9DDE912239D42E1
:1041C00008BF944204D1089B002BF2D1002EF0D0FE
:1041D000B8F1040F94BF00230123A0E74FF00408B7
:1041E000F1E705FB02F7A4FB054201363A449EE7DE
:1041F0000A220023E7F736FF303208F8012D09F1D3
:104200000109C6E7014B5843800C70474134010057
:10421000014B5843000D7047FB2E0B00024B5843D7
:10422000C00C0130704700BF4F9312000A4A70B5AE
:1042300003464FF0CC3600204FF0333506FB03F435
:1042400002FB0144A3FB023121449D4275EB0104B2
:1042500001D30130F2E770BDCDCCCCCC2DE9F04FCD
:104260001A23354EB0FBF3FA03FB1A0389B0044658
:104270000D4606EB0A1653B9D6E90023C1E900231F
:10428000D6E90201C5E9020109B0BDE8F08F2B4A69
:1042900002EBC303D3E9008904AB0093D6E9022300
:1042A0004046494606F0D0FE06AB0093D6E900230F
:1042B00083460F464046494606F0C6FEDDE90662E3
:1042C00016EB0B0652EB07084FF0000328BF012343
:1042D000814633B1049B059A013342F10002CDE9D6
:1042E000043220460391FFF799FF07461A2000FB8E
:1042F0000AF0FFF793FF3F1A3246434603990097AF
:10430000484606F0BCFE4FEA141C0D4A640004F057
:104310001E0352F82C40DC4004F00304241841F141
:104320000001C5E90041DDE904230097304641461C
:1043300006F0A5FEA6E700BF28BC020058BB02009D
:1043400050C602002DE9F04F1A27DFF8E4A000F173
:104350001905B5FBF7F56F433A1A4FEA051B89B00B
:1043600004460E460AEB05150AD1D5E90023C1E93A
:104370000023D5E90201C6E9020109B0BDE8F08FCA
:104380002C4B03EBC203D3E9008904AB0093D5E9BE
:1043900002234046494606F057FE5AF80B206B6848
:1043A000013ACDE9020106A963F1000300914046FC
:1043B000494606F049FEDDE906528A4602996D1823
:1043C000039952EB01084FF0000328BF01238146F7
:1043D00033B1049B059A013342F10002CDE9043266
:1043E0003846FFF71BFF07462046FFF717FF3F1A27
:1043F0002A46434600974846514606F040FE4FEA9B
:10440000141C0D4A640004F01E0352F82C40DC40DA
:1044100004F003040134241841F10001C6E900410D
:10442000DDE9042300972846414606F028FEA2E76E
:10443000F8BC020058BB0200A4C6020038B5074D04
:10444000074C641BA41024B9064B0BB1AFF30080DA
:1044500038BD013C55F824309847F4E700000000CF
:104460000000000000000000704701F066B91FB5B1
:104470000E240294CC680194BDF81840009403F017
:1044800050F804B010BD01F058B9836800EBC101C9
:10449000B3F5004F2CBF51F8220031F812007047DD
:1044A00000EBC1018068B0F5004F2CBF41F822300D
:1044B00021F81230704708B50122FFF7E6FFD0401F
:1044C00008BD8368B3F5004F00EBC10108D34B680A
:1044D0001AB143F001034B60704723F00103FAE780
:1044E0004B881AB143F001034B80704723F001035E
:1044F000FAE753000122FFF7D3BF8368B3F5004FFB
:1045000034BF04230823C91A081AC00870478368F7
:10451000B3F5004F34BF04230823481C0833A0EB35
:10452000D300B0FA80F0C0F11F0070472DE9F041D0
:10453000174603220E460446FFF7A7FF86420546AC
:1045400007F104080AD1E3680122BA4023EA020312
:10455000E360002344F82830BDE8F08131460222B0
:104560002046FFF792FF2B460646014644F82850A6
:1045700020460322FFF794FF3346294620460222B5
:10458000BDE8F041FFF78CBF70B50D468668044664
:10459000FFF791FFB6F5004F014601D3012809D07E
:1045A0002046FFF7B4FF294602462046BDE870408A
:1045B000FFF7BCBF70BD2DE9F0470546FFF7A7FF29
:1045C00005EB800A8846DAF810900646B9F1000F2C
:1045D0001BD00327DAF8104028462146FFF76BFF6F
:1045E000404507D3324621462846FFF79FFF204625
:1045F000BDE8F087032221462846FFF746FF013F2A
:10460000CAF8100001D08145E4D1EB6801364FF0C3
:10461000FF34B4401C40EAD094FAA4F2B2FA82F219
:10462000131D55F82340DEE72DE9F04114460546F9
:104630000E46FFF740FFA4EB0608371B074442462F
:1046400031462846FFF755FF3A4621462846FFF7F0
:1046500050FF4346002221462846FFF721FF21460E
:104660002846FFF728FF3B46211800222846BDE8D0
:10467000F041FFF715BF2DE9F041164604460F46FD
:10468000FFF719FF314605462046FFF714FF0544A2
:104690002A4639462046FFF72CFF31462046FFF7D1
:1046A0000AFF2B46311800222046BDE8F041FFF7F3
:1046B000F7BE2DE9F0410D4686680446FFF7FBFE84
:1046C000B6F5004F014601D3012832D02046FFF74E
:1046D0001EFF04EB80010E6996B9E3680122824057
:1046E0001343E36002220D612B4629462046FFF763
:1046F000D7FE032229462046BDE8F041FFF7D0BE91
:10470000022231462046FFF7C0FE294603460746EF
:104710002046FFF7C5FE0322334629462046FFF711
:10472000BFFE39462B462046FFF7BAFE022231462D
:10473000E1E7BDE8F081F8B50C460546FFF7BBFEA2
:104740002618012231462846FFF79FFEC3070CD4E6
:1047500031462846FFF718FF21462846FFF7ABFEF3
:10476000214622182846FFF786FF002221462846C8
:10477000FFF78BFE271A012239462846FFF785FEF0
:1047800010EA020613D139462846FFF7FDFE2146FE
:1047900032462846FFF779FE2246211A2846FFF7BF
:1047A0006AFF214632462846FFF76FFE241A21464B
:1047B0002846BDE8F840FFF77CBF38B571B1056801
:1047C0002846FFF79AFE0022044601462846FFF7D6
:1047D00078FE2146BDE83840FFF7ADBF38BD70B563
:1047E000056809B9002070BDAB6801F00704B3F596
:1047F000004F2CBF0822042207341444E40804EBC1
:10480000D1049C4228BF1C4621462846FFF7D3FE10
:1048100006460028E6D001462846FFF74CFEA04297
:1048200009D93444314628462246FFF7FDFE214689
:104830002846FFF73EFF284601223146FFF741FE9A
:10484000AB68B3F5004F34BF0423082303EBC60362
:104850001844C8E71146FFF7C2BFB2F5802F2CBF3E
:1048600008230423D21A2DE9F0418C18CD1D25F020
:10487000070524F00704641B0026E40805602146B0
:10488000AC60EE602846FFF742FE421D9200013008
:1048900002F107074FEAD707A2F110023146B8BF6D
:1048A000324605F1100006F07BFA3A4631462846BA
:1048B000FFF71FFE3346324631462846FFF7F0FD2C
:1048C000A4EB0708284631460122FFF7FAFD4246CD
:1048D0003946FFF70EFE3B46324639462846FFF77B
:1048E000DFFD21462846FFF704FE434632462146B7
:1048F0002846FFF7D5FD214628460122FFF7E1FDB6
:104900003946BDE8F041FFF7D4BE2DE9F047064631
:104910000D46174698462BB398F8004093F801903F
:10492000DB78A40004EB430498F802301C444444B0
:104930004FF0000ACA4509D3D8F8042008F108034B
:1049400039463046AC46BDE8F047604714F8013BB5
:1049500048F823402046EAF7C4FE013004440AF137
:10496000010AE7E76FF01500BDE8F08770B5002594
:1049700002462846144614F8013B0BB9184609E0D4
:1049800098B18D4207D1702B04D0A3F140023A2A8E
:104990000BD8002070BDA3F140063A2E05D85378FD
:1049A0000135941C002BE9D00020252B08BF80F096
:1049B00001002246DEE70020704700F03BBE0FB446
:1049C00007B504A951F8040B019100F033FE03B0C0
:1049D0005DF804EB04B070470FB407B504A951F8B3
:1049E000040B0191FFF7E9FF03B05DF804EB04B09D
:1049F000704710B50369024613F0080009D1136827
:104A0000D4689C4297BF126AE31AD31A01200B6044
:104A100010BD00231846FAE713B501A90446FFF7B5
:104A2000E8FF20B1019BE268013B13440193206A37
:104A3000019BC01A013802B010BD10B504465018D1
:104A40002269236AD20702D5013B184010BD984263
:104A500028BFC01AFAE710B504460A46C168FFF736
:104A6000ECFF2369E06023F00803236110BD38B533
:104A70000D46C2698B00016843F0020342F8213001
:104A8000044601682A46FFF7D8FFE36861682060A2
:104A9000984202BF236943F0080323612A46204657
:104AA000FFF7CBFF606038BD2DE9F74FC768C669D7
:104AB0009B4606EB8703009316F8273003F00303A9
:104AC000022B0446884691464FF000030BD013603A
:104AD000CBF8003023699B0713D44FF0000A5046EF
:104AE00003B0BDE8F08F56F8271013608908CBF8A3
:104AF0000030EFD0FFF7AFFFE368A3604FF0010A8B
:104B0000EDE7A36906EB8700984716F8272012F017
:104B1000010A0546E1D012F002021FD0B8F1000FE1
:104B200003D041462046FFF7A2FF61682A4620468F
:104B3000FFF783FFD4E902219142606006D12A4643
:104B40002046FFF77AFF4FF0000AA060A2682260BB
:104B5000E260226942F008022261C0E70146204675
:104B60000192FFF778FFE368A360B8F1000F04D06B
:104B70002168E369019A43F8212005EB0802CBF88C
:104B8000002021682046FFF758FF2369206043F08A
:104B90000803236116F827306FF3000306F8273067
:104BA000009BC9F80030A9E770B504461546FFF729
:104BB00044FF2368834205D12369216023F0080361
:104BC000236170BDE269AB0043F0020342F821307B
:104BD000204661682A46FFF730FF6060F1E738B58C
:104BE00003695B07044606D5456AFFF715FF854252
:104BF0002CBF6562606238BD38B50D4604461C2284
:104C0000002106F0CDF8EB68A361AB6863612B6807
:104C1000E3616B682362002262622A6923B1591E34
:104C2000194208BF42F001022261012204F128006A
:104C30000021BDE8384004F064BE2DE9F04F87B094
:104C400000250093036A03958B4204460E46924664
:104C50000595A94639D3EFF3118B402383F31288CE
:104C6000BFF36F8F059AD8462AB129462046FFF731
:104C70009BFF0023059304A92046FFF7BAFE049981
:104C8000B14207462AD32268E36913F8221021F0C3
:104C9000030103F8221003EB820921683246204603
:104CA000FFF7CBFEE3682060984212D0002788F31C
:104CB0001188BFF36F8F039929B162690AB1204649
:104CC000904700230393002FC5D1484607B0BDE8A5
:104CD000F08F236943F008032361E7E718B120460A
:104CE000FFF7C5FEE3E7009B5AEA03021CD00191DF
:104CF00004F033FF0199B8B9BBF1000F14D187F369
:104D00001188BFF36F8F009B524604F12800FBF718
:104D10008FF9EFF31188402383F31288BFF36F8F6D
:104D2000B0FA80F77F09C2E705AB03AA20462568E1
:104D3000FFF7BAFE0746BAE770B50446836908462E
:104D40000D4698470246EFF31186402383F31288FD
:104D5000BFF36F8F2B7843F001032B7061682046FF
:104D6000FFF76BFE60602046FFF739FF86F311887E
:104D7000BFF36F8F70BD2DE9F04104464027EFF37C
:104D8000118687F31288BFF36F8F236913F0080F22
:104D9000A36802D16268934200D9226AE169D21AFB
:104DA00032B986F31188BFF36F8F4FF0000833E0FC
:104DB00011F8232012F0030001EB8308F1D0022840
:104DC00003D151F82350AD0805D1D00712D4A369FF
:104DD000404698470546A1682A462046FFF72DFE23
:104DE0002946A0602046FFF736FE86F31188BFF300
:104DF0006F8FC4E742F0020201F823204046A36906
:104E0000A5689847294602462046FFF716FEA0608F
:104E100086F31188BFF36F8F4046BDE8F081F8B587
:104E20000446836908460D4698470646EFF3118706
:104E3000402383F31288BFF36F8F2B786FF3000347
:104E40002B7023699B0705D5E268E36903EB8203B6
:104E50009D421AD12B786FF341032B70D4E90231B4
:104E6000994204D132462046FFF7E7FDA060314663
:104E70002046FFF7F0FD87F31188BFF36F8F04F131
:104E80002800BDE8F840FBF799B82B6860F39F0352
:104E90002B60F0E7EFF31181402383F31288BFF317
:104EA0006F8F036913F0080F836802D14268934241
:104EB00000D9026AD31A81F31188BFF36F8F181ECD
:104EC00018BF01207047F0B5642305460426002072
:104ED0000A2769B9F0BD9A42B2FBF3F40CD2012B58
:104EE0000AD048B903FB1422D2B20A24B3FBF4F36C
:104EF000013EF0D12E70EDE7303405F8014BB2FBE6
:104F0000F3F4013903FB14220130B3FBF7F3C9B208
:104F1000C0B2D2B2DBB2DCE7A0F13003DBB2092BC6
:104F200002D80B7000207047A0F16103052B02D856
:104F30005738C3B2F5E7A0F14103052B01D8373844
:104F4000F7E76FF015007047F7B5054601F001006F
:104F500000EB51069E424FEA510703D90026304626
:104F600003B0F0BD58B128780DF10701FFF7D4FF69
:104F70000028F3DB9DF8073002F8013B01350135CD
:104F80001744BA42EBD015F8010C0DF10701FFF7F9
:104F9000C3FF0028E2DB9DF807402401E4B214704F
:104FA00015F8020BFFF7B8FF0028D7DB9DF8073094
:104FB0001C4402F8014BE4E7038B13F0070305D10F
:104FC0000368002B0CBF002003207047022B05D183
:104FD000408BB0FA80F0400980007047012B05D16A
:104FE0000368002B0CBF002005207047002070478D
:104FF00010B50C4600B111B96FF0150010BD081DB9
:1050000000F093F80028F9D1A368032BF6D9F3E751
:105010002DE9F0410D4607461946281D90461E46CB
:1050200000F097F8044638B13346424629463846E0
:10503000A446BDE8F0416047BDE8F08110B4EFF34D
:105040001182402484F31288BFF36F8F416110BC3A
:105050000121ECF705B838B50C46054658B151B1F9
:105060000B6843B14B6833B11C22002105F098FE58
:105070002C61002038BD6FF01500FBE770B50546C8
:105080000E46FFF7B5FF041E14DBEFF31182402339
:1050900083F31288BFF36F8F6B8B2C8B4FF6FF71EE
:1050A0008B4204F0070407D182F31188BFF36F8F9E
:1050B0006FF00A04204670BD022C0CD101336B83C3
:1050C00082F31188BFF36F8F0023224631462846B2
:1050D000FFF79EFFEEE7062C14D8DFE804F0041378
:1050E0001313041A0400002333606B683BB9C5E94D
:1050F0000066ACB902212846EBF7B2FFDAE71E6082
:105100006E60F6E782F31188BFF36F8F6FF00404CF
:10511000D0E782F31188BFF36F8F6FF08504C9E782
:1051200082F31188BFF36F8FC4E7034640B1426832
:1051300002F00302022A06D0032A04D0012A05D075
:105140006FF0150070471A68002AF9D000209860A7
:10515000704710B54268816002F00302022A0346DC
:105160004FF0000407D0032A02D05C60002001E069
:1051700018685C6010BD18685C600028F6D0FCF709
:10518000B1F8F3E7704770B4C6680468806A0D0C24
:1051900006FB054414FA81F184682468A44670BCB7
:1051A00060472DE9F0431C46C36A1D686D4289B013
:1051B00006468846174605F020051CB9204609B06A
:1051C000BDE8F083AC42A14628BFA9464B466A46DB
:1051D00041463046FFF7D7FF0028F0D16B464845DF
:1051E00002D1241A8044E8E713F8012BBA4201D116
:1051F0000130F4E70120E2E70B6803F580330B6030
:10520000008A1A0CB0EB134F04BFA3EB02430B60F0
:10521000704738B5C26803680D0C090C04462D04AC
:10522000806A02FB013100F057FC50B9E26AE36882
:10523000527929462046FFF7B4FF002818BF6FF0C7
:10524000050038BD10B5014604460722FF20F6F7D9
:1052500037FDE07110BD0A46012100F06EBA036807
:10526000012B81BFC91801F1FF315B42194008468B
:1052700070472DE9F0410C4605460821C06AFFF74A
:10528000EEFF072207462146FF206688B4F8048017
:10529000F6F716FDE379834208D1E8684644C01B5F
:1052A000B04294BF00200120BDE8F0810020FBE760
:1052B00038B505460C46FFF7DCFFA0B1A08898B9C9
:1052C00022884FF6FF739A420DD1E86A0821FFF752
:1052D000C6FF6288EB689B1AB3FBF0F202FB10304A
:1052E000B0FA80F0400938BD0020FCE7F7B504466D
:1052F0000D46C06A0821FFF7B2FF29680746082358
:105300002046FFF740FF0646002836D12B683B4475
:105310002B60E26899B2D21B91422ED11A0C03BFC6
:10532000228A02F1FF3203EB0241A3F580312960AA
:1053300008236A462046FFF726FFE8B9E36A5A7950
:105340006B4613F8011B8A420CD101300828F8D1B2
:10535000636805E02B68BDF802201B0C1B04134496
:105360002B600AE069462046FFF7A2FF0028F1D132
:1053700029462046EBF782FF0646304603B0F0BDD3
:105380002DE9F043074689B090461C461BB9002022
:1053900009B0BDE8F083FD683B68080C05FB0033ED
:1053A00013FA81F6FB6A1D686D4225400CD0B86A7D
:1053B00083683146D3F804902B46C8470028E7D1CC
:1053C000641BE4D02E44A84422464146684605F0BA
:1053D000D9FCFD6A2A686979121B0DEB040005F0FF
:1053E000DFFCB86A2B688268314654686A46A04779
:1053F000CEE710B50A46082341680446FFF7C0FF10
:1054000008210246E06AFFF72AFF63681B1A6360FF
:10541000104610BD13B54FF6FF7300220446ADF8D9
:1054200000308DF806308368ADF804206846ADF88A
:105430000230FFF707FF69462046FFF7DAFF02B0A8
:1054400010BD2DE9F04F044695B0C06A0821FFF762
:1054500006FF63681B0C1B04054603A92046039343
:10546000FFF7CAFEDDF80CB0E6685E44761B06AABC
:105470000823314620460496FFF785FE021EC0F23F
:10548000A980E36A06AA5979002312F8010B814228
:1054900040F08F800133082BF7D1A36862682B445A
:1054A0009A427ED259462046FFF7B3FE024691E06B
:1054B000BDF81A30360C36041E44049608AA04A916
:1054C0002046DDF810A0FFF711FF0246002840F04B
:1054D000818008A92046FFF7CCFE18B9019B9A45A8
:1054E000ECD1DAE7636805930AAA05A92046059E70
:1054F000FFF7FCFE024600286CD1BDF82820BDF85D
:1055000020309A4227D06268059B9A42ECD15645DA
:10551000E4D1BDF82430002BE0D0BDF822704FEA72
:105520001A431B041F4408A8A368ADF82230FFF7F4
:1055300089FEE36ABDF824901E68764206F02006D4
:10554000B9F1000F0ED108A92046FFF752FF02461D
:105550000028C3D03EE00AA92046FFF78AFE0028B3
:10556000D1D0D4E74E45B04628BFC8460CAA434622
:1055700039462046FFF707FE024658BB4346A1685E
:105580000CAA2046FFF7FCFE41460246E06AFFF700
:1055900066FEA3680344A360E2B9A9EB0809474487
:1055A000CEE72046FFF736FF024600283FF47AAFE9
:1055B00010E0731B06A920460193FFF779FE00282F
:1055C0007FF476AF04A92046EBF758FE0246002888
:1055D0003FF474AF104615B0BDE8F08F00231A46B3
:1055E000ECF734B813B500240094ECF705F902B0D9
:1055F00010BD03785B075FBF03684288C3F34A238B
:1056000003EB12105DBF173020F007008008002068
:1056100070470020704703F080B90346BFF35B8FEB
:1056200053E8000F421C43E800210029F8D1BFF3E2
:105630005B8F70471FB50023CDE90201CDE9003330
:105640001A4619461846ECF767FC05B05DF804FBEE
:105650000120ECF70FBA002070474368DA71436805
:105660001960436801225A71ECF7F6B970B5154616
:105670000C4669B1D2E901369B1B99420AD81368DE
:105680000A460146981905F07DFBAB682344AB60E0
:10569000204670BD6FF01B00FBE770B50E46154647
:1056A0001946044618B9BDE87040ECF7E3B933B1C8
:1056B000C2F34A231030120D184405F063FBC4E90D
:1056C00000562046BDE87040ECF782BB2DE9F3415F
:1056D0005F1C4FEA8708064608F1170020F0070014
:1056E00080080C461546ECF747FA0023ADF8053064
:1056F0008DF807308DF8047068B10346019A43F8BD
:10570000102FA8F104012A46294452F8045B43F8FB
:10571000045F8A42F9D1A20102F4E07242EA48220F
:1057200022F07F4222F47002002322F03F02314631
:1057300002B0BDE8F041FFF7B0BF07B50123019209
:1057400001AAFFF7C3FF03B05DF804FB07B5CDE97D
:10575000002302236A46FFF7B9FF03B05DF804FB9C
:105760001FB5CDE90123069B039301AA0323FFF78D
:10577000ADFF05B05DF804FBF8B506460D461446CE
:105780001F4604B9F8BD214628463A46B047241AB8
:105790000544F6E710B5426881680446D2E9002363
:1057A0000068FFF7E9FF636800221A6010BD38B592
:1057B0004B681A68CB689A4205460C4602D10846E7
:1057C000FFF7E8FF6368BFF35B8F53E8002F511CBE
:1057D00043E800100028F8D1BFF35B8FA3689D5405
:1057E000002038BD0A2838B504460D4602D10D20E8
:1057F000FFF7DDFF29462046FFF7D9FF002038BD1F
:105800002DE9F043054687B008460E8891F80090D0
:10581000D1F808800C461746ECF7CEFB011EC6F304
:105820008216C9F3C2091EDB4846ECF7E3FA0346C9
:105830002146608851F8102B0196C2F34A22002AB3
:1058400001EB0204C0F30B1008BF00210022CDE9D8
:105850000407CDE90214009241462846ECF7D8FB34
:1058600007B0BDE8F0830023E2E7704770B54C68ED
:105870000368A34201D2012070BD8A68224493428A
:1058800001D30020F8E7D1E903254E69B54203D3DF
:105890006FF00B038B61F4E71B1B42F83530436854
:1058A000086902EBC00253600B6901330B61E2E748
:1058B00037B50C46C0B201A91546ECF7F1FD00283A
:1058C0000CDB019850B121462A46ECF70FFE044646
:1058D0000198FFF7CAFF204603B030BD6FF01504F2
:1058E000F9E70020ECF74EBE00221146ECF718BE97
:1058F000034610B508460AB10021116053B1D0B17A
:10590000411E11F8010F80B113F8014BA04201D1E3
:105910003D28F6D100200EE0013313600AE03D2857
:1059200008D0B0FA80F0400905E018782F28F6D1A9
:10593000002AF1D1012010BD10B509B100230B6080
:1059400058B103461A781C4601332AB13D2A03D0C8
:105950002F2AF7D101B10B60201A10BD0021ECF7FE
:1059600065BF0830704710B5134614460A46818853
:105970000068FFF737FEA042A8BF204610BD2DE902
:10598000F04F97B0044601929A46894600297CD090
:10599000DAB1BAFA8AF67609258F0135ADB2A84692
:1059A00004F1080B6F1EBFB2B7F5004F26D04A2393
:1059B00003AA39465846FFF715FE002807DA10F10A
:1059C000020F08BFB8463D46ECE70126E4E700F1C8
:1059D00058030DEB0300002300F84C3C03A9484694
:1059E000E9F76DFE0028EED126B339465846FFF799
:1059F000F5FD002805DA17B0BDE8F08FBEB3002032
:105A0000F9E705F57F513F3189B25846FFF7E6FDCA
:105A10000028F0DB238FBB42F1D12246013B22F864
:105A2000383F4FF4004102235846EBF70FFE00EADF
:105A3000E070E0E7B846B8F5404F29D0238F4345E2
:105A400004F1080515D308F58041019A534689B23F
:105A50002846EBF7FBFD0028CDDB002ECFD04846D3
:105A6000E9F73FFE4A46034641462846DDE7012660
:105A7000E1E72246022322F8388F4FF400412846FE
:105A8000EBF7E4FD0028DEDAB5E76FF01500B2E7CA
:105A90006FF00B00AFE773B5C36B03630446C3B18C
:105AA00000F108063046EBF747FC054670B90223C3
:105AB0000DF106024FF400413046FFF793FD002838
:105AC000ACBFBDF806304FF400432387284602B030
:105AD00070BD6FF01205F9E72DE9F0418768FB68AA
:105AE00004460D4616469847BB682BB132462946F8
:105AF0002046BDE8F04118476FF05700BDE8F0813F
:105B000005F04EB905F03EB901460068ECF7B4BFA8
:105B100008B5EDF70DF8BDE80840EDF72DB80A46D9
:105B20000121FFF70ABE00210120ECF7A5BF6FF0AD
:105B30008500704761B662B680F31188BFF36F8F3E
:105B4000704772B6002383F31188BFF36F8FBFF3E2
:105B50004F8F30BF62B6BFF36F8F704772B60023AE
:105B600083F31188BFF36F8FBFF34F8F20BF80F394
:105B70001188BFF36F8F62B67047202809D9B0F142
:105B8000004F08D80138B0FA80F0C0F11F00400083
:105B90007047082070473E20704708B5D1E90431AE
:105BA0009847002008BD08B5EDF780FD002008BD2E
:105BB0007047002303824369C3607047416A896864
:105BC000EDF7E0BDEFF31182402383F31288BFF3BA
:105BD0006F8F00230B60436833B9C0E9001182F373
:105BE0001188BFF36F8F704719604160F7E710B5F8
:105BF0000346EFF31181402282F31288BFF36F8FC7
:105C0000006828B15C6802681A60A04208BF5A6048
:105C100081F31188BFF36F8F10BD027A01320272D7
:105C20007047034618465B68002BFBD170474268FB
:105C300010B52AB10B461C465B68002BFBD1626095
:105C4000416010BD10B5044620B90B7A01330B72C8
:105C5000084610BD034618465B68002BFBD1FFF7D2
:105C6000E6FF2046F5E783680B440360704703684E
:105C70000B6043684B6083688B6070478388026861
:105C800019448180D018704730B484880568A318FF
:105C90008380281930BC05F075B810B58388026878
:105CA0005C1C8480D154D01810BD034600689A88CB
:105CB000401A11441860998070470268531E0360AF
:105CC00083880133838002F8011C70478288521A4E
:105CD00003468280006808441860704703460068E5
:105CE0009A88521A01449A801960704710B5036867
:105CF0001C780121FFF7EAFF204610BD10B50368AC
:105D00001C880221FFF7E2FF204610BD0268806870
:105D1000101A70478388C2888168D21A03685B1A98
:105D2000D01A704730B585B014460A888B78ADF824
:105D3000002005460D2200210DF103008DF80230F0
:105D400005F02EF86A466946284602F078FE28B922
:105D5000BDF800209DF802302280A37005B030BD50
:105D600013B50C4601AA0331FFF7DCFF48B9032243
:105D700001A9204605F01CF8B0FA80F0400902B0F5
:105D800010BD0020FBE770B50D4600210446FFF76B
:105D9000D3FD0D2818D1237B302B13D0312B13D1F9
:105DA000012305F8063B04F10C062A462046012390
:105DB00002210234FFF7C8F8B44205F1FF35F4D1EF
:105DC000002070BD0023ECE76FF01500F9E700201C
:105DD000704710B50C46017822788A428AB00FD0FD
:105DE0006946EDF7EBFF05A92046EDF7E7FF102226
:105DF0000DF115010DF1010004F0DAFF0AB010BD3C
:105E0000012A06D0022A07D072B940886388C01AD6
:105E1000F4E740686368FAE71022611C01300AB0B9
:105E2000BDE8104004F0C4BF6FF01500E6E7042A97
:105E30000AD0102A0DD0022A4FF0000315D10370AA
:105E40000B88438001207047012303700B68436077
:105E5000F8E7022300F8013B01F1100351F8042B8D
:105E600040F8042B9942F9D1ECE71846704701231A
:105E700010B50621044600F8013BF8F7DFFA18B91F
:105E8000A37963F03F03A37110BD0B6803608B8897
:105E900083808B798371037823F00203037070474A
:105EA0000078C0F34000704738B50446807AEDF7BB
:105EB0003FFC6169054649B1637ADB0704D4436A54
:105EC0001B6820469B68984700236361214628464B
:105ED000BDE8384003F007BD2DE9F04101F10C08A1
:105EE0000C46054600F10C01404617461E46FFF7DA
:105EF000BEFE4046FFF70AFF012310FA87F06882D2
:105F00006B722F8239464046FFF7E0FEE36873600C
:105F1000628A0023E3607281638234602846BDE8B0
:105F2000F08138B5D1E90032DA600B684A895A82CB
:105F30000C4605460868EDF7A3FC20461022002118
:105F400004F02EFF2846BDE83840FFF7ADBF438A76
:105F500023B9C068B0FA80F040097047002070474C
:105F6000D0F8A43083B15A7BD1070DD5D2060DD518
:105F70001B7B102B14BF032304234372807A9842A7
:105F80008CBF0020012070470223F6E70323F4E7CB
:105F90000F2807D80D280BD8052808BF032018BFE5
:105FA00002207047132803D01A2808BF0120F6E703
:105FB00001207047FFF7C1BB10B50346BFF35B8FED
:105FC00053E8000F40EA010243E80024002CF7D117
:105FD000BFF35B8F10BDFFF7B9BB0B4601461878C6
:105FE000EDF79CBFBFF35B8F50E8003F0B4040E8EC
:105FF0000032002AF8D1BFF35B8F7047C0F307234C
:106000001070000E5370D0700023C1F30720090EEA
:106010009370137150719371D171704738B5044604
:106020000D46EEF7B5F95F3005D129462046BDE8AB
:106030003840EEF7ADB838BD10B5EFF7AFFE6FF4EE
:10604000807104461030FFF7CDFF2046BDE81040B8
:1060500000F05CBAC368DB78012B01D1FFF7ECBF1D
:106060007047C368DB78012B01D1FFF7E5BF7047AC
:106070000020704710B503884288934219D8052B39
:1060800017D9B2F5486F14D88388B3F5FA7F10D2C8
:10609000C088A0F10A0189B240F67644A14208D82E
:1060A00001339BB25343B3EB800F34BF0120002078
:1060B00010BD0020FCE70020704708B5F5F718FC7C
:1060C00018B1C089003818BF012008BD70B5064658
:1060D0000D464FF0FF304FF0FF31EEF741FC044624
:1060E00018B9BDE87040EEF71FB803210C30FFF778
:1060F000C5FD06808570214642F22100BDE8704052
:10610000EEF736BD70B506460D464FF0FF304FF046
:10611000FF31EEF725FC044668B103210C30FFF790
:10612000ADFD0680857021460022BDE8704040F23A
:106130000640EEF79BBE6FF0680070BDC36818782C
:1061400008B1EEF749B81846EFF728B838B54FF060
:10615000FF3105464FF0FF30EEF702FC044668B110
:1061600002210C30FFF78AFD2B8803802146002294
:10617000BDE8384042F21600EEF778BE6FF06800D6
:1061800038BDF8B507460E464FF0FF304FF0FF31EF
:106190001546EEF7E5FB044678B106210C30FFF713
:1061A0006DFD3B8803804680858021460022BDE846
:1061B000F84042F22200EEF759BE6FF06800F8BDD9
:1061C0002DE9F047814688464FF0FF304FF0FF3110
:1061D0009DF820A017461E46EEF7C2FB0546A0B16B
:1061E00007210C30FFF74AFDB9F80030038080F832
:1061F0000280C7700671A0F805A029460022BDE8FC
:10620000F04742F23200EEF731BE6FF06800BDE8B1
:10621000F08708B500200021EEF7BCFD18B1BDE8FD
:106220000840EEF79FBCBDE80840F0F7D9BC08B5C0
:10623000072204F0BDFDB0FA80F0400908BDFFF769
:106240007CBA0B6803608B8883808B79837170477D
:10625000BFF35B8F0068BFF35B8F7047F8B50F46E5
:10626000144638BB4FF0FF304FF0FF31EEF778FBAC
:10627000054610B327210C30FFF700FD3946FFF724
:10628000E0FF06462246C31D04F1100152F8040B3C
:1062900043F8040B8A42F9D11022002106F11700BD
:1062A00004F07EFD29460022BDE8F84042F22700B6
:1062B000EEF7DCBD6FF01500F8BD6FF06800FBE78E
:1062C000037A5B07024605D501462A3211F8010B15
:1062D000FFF7C4BF704738B54FF0FF3105464FF0A8
:1062E000FF30EEF73DFB044658B129460C30FFF76E
:1062F000D4FC21460022BDE8384042F22D00EEF7E2
:10630000B5BD6FF0680038BD10B400F11003BFF3E5
:106310005B8F53E8002F22F4005143E80014002C57
:10632000F7D1BFF35B8F930403D510BC012100F0BC
:10633000EBB810BC704770B5044686B00E4601300D
:106340000131FFF774FF2A34162200210546684602
:1063500004F026FD10226946204604F029FD40B1D4
:10636000102206F12A01204604F022FD002808BF71
:106370000125284606B070BD38B54B6805460C4669
:1063800073B90B7A13B9037A5B0709D520682A78A9
:1063900003789A4204D02946FFF7CDFF00B165602B
:1063A00038BD00F1100208B503461046FFF750FF54
:1063B000C10511D5BFF35B8F52E8000F40F40050C8
:1063C00042E800010029F7D1BFF35B8F1846002196
:1063D000BDE8084000F098B808BD10B50C4630B9CB
:1063E00019B1F5F743FA00B1441C204610BD002452
:1063F000FBE718B111B10846EFF77EB86FF0150052
:10640000704713B5044680B106216846F8F716F8C0
:1064100048B99DF80530694603F03F0320468DF8E2
:106420000530FFF7E6FF02B010BD6FF01500FAE788
:10643000003818BF01207047037AD90704D523F02C
:1064400001030372EFF7EAB9990704D523F00203B9
:106450000372EFF7FDB9704700207047034610F450
:10646000004F0CBF07200620DA0348BF00F00500EC
:106470009B0348BF00F0FB007047BFF35B8F0068D1
:10648000BFF35B8F7047012303FA01F15AB1BFF3E9
:106490005B8F50E8003F0B4340E80032002AF8D100
:1064A000BFF35B8F7047C943BFF35B8F50E8003F7A
:1064B0000B4040E80032002AF2D0F7E770B50646FC
:1064C00086B00D464FF0FF304FF0FF31EEF748FA3F
:1064D0000446B0B10C3095B10121FFF7DEFB06F1A7
:1064E000100203A9204600950823EEF727FA0022A0
:1064F000214642F20A00EEF7B9FC06B070BD29460B
:10650000EBE76FF06800F8E7FFF7D8BF183003F04B
:10651000D4BA0368D90444BF43F4806303600368BA
:106520009A0444BF43F400630360704701F1200301
:10653000013813F8012D00F8012F8B42F9D1704773
:1065400000230B60436813B9C0E90011704719605C
:1065500041607047D0F8B400003818BF0120704780
:10656000084689691160C2691A60C27A0021183030
:1065700004F016BCFFF7EAB810B50346BFF35B8F13
:1065800053E8000F40EA010243E80024002CF7D151
:10659000BFF35B8F10BD437B072B01D1EFF7EEBF3D
:1065A00070472438F0F776B8036800220BB9184614
:1065B00070478B4210D10B6842B942680360914228
:1065C00000D1436000230B600120704713604368D3
:1065D000994208BF4260F5E71A461B68E6E710B526
:1065E0000446006918B1EDF74BF90023236110BD93
:1065F00010B5BFF35B8FD0F8C830BFF35B8F00F1ED
:10660000C8027BB1BFF35B8F591C52E8004F9C421C
:1066100004D142E8001CBCF1000FF6D1BFF35B8F40
:10662000E7D110BD1846FCE710B5437B023B04469A
:10663000062B16D8DFE803F009041515150B090021
:10664000017300212046F0F771F9002010BD008889
:10665000FFF758FD0028F9D1637B072BF5D10821FE
:10666000F0E76FF07F00F1E710B50446D0F8A40022
:1066700028B9207A04F17001F5F73AF938B1E278D7
:10668000C3892AB913F0210F14BF0120002010BDC7
:1066900013F0240FF8E738B58378012B044629D18D
:1066A000437B072B29D10B0601F07F050BD54FF457
:1066B00000410430FFF760FFA5722046F4F77AFB33
:1066C000A8B9002038BD437AAB42FAD2837AAB42F4
:1066D000F7D2BFF35B8F031D53E8001F21F4004185
:1066E00043E80012002AF7D1BFF35B8FE4E7637A37
:1066F000A372E7E76FF01500E4E76FF07F00E1E7D2
:106700008378012B0CBF407A0020704738B5037A9C
:106710008B420446154615D100F170010722284628
:1067200004F046FB80B1E378072243B904F17E010F
:10673000284604F03DFBB0FA80F0400938BD04F172
:106740007701F5E70020F9E70120F7E78378012BCF
:106750000CBF703000207047F8B507460D464FF06B
:10676000FF304FF0FF31EEF7FBF80646D0B10E21B7
:106770000C30FFF783FA0E220446002104F010FBD0
:106780003B8823802B8863806B88A380AB88E38061
:10679000EB88238131460022BDE8F84042F2130025
:1067A000EEF764BB6FF06800F8BD704710B50446A3
:1067B000FAF750F9234653F8482BD2F8B41061B9D0
:1067C000A164D2F8B81061B9C2E92D33FAF756F9CD
:1067D0002068BDE81040F0F785B88B42F6D0096814
:1067E000EDE70B60C2F8B830F0E703682BB1416801
:1067F0001A6802608B4208BF4260704770472DE9FB
:10680000F843446B002C55D054F8085905B1083DA5
:10681000002701E02C461D46D4E900682EB3FAF7A4
:1068200019F9D6F8B43004F14801002263B1994255
:1068300032D1A36C42BBD6F8B820C6F8B43091422E
:1068400001D1C6F8B830A764FAF718F904F1300995
:10685000002200234846F9F77FFB0646F8B9D8F82E
:1068600004300BB1204698472760E3680BB12046FF
:106870009847D8F820300BB120469847D5B1AB687F
:10688000002BC7D0083BC5E71360D6F8B830994253
:1068900008BFC6F8B820D6E71A461B68C6E7B36932
:1068A00023B1F16920686FF06D0298473046ECF72C
:1068B000E7FFCDE7BDE8F88338B5436B0D46BBB1C4
:1068C000184650F8084904B1083C53F8043C9B684A
:1068D0000BB1294698475CB12046A468436824B1AF
:1068E0009B68083C002BF4D1F6E79B68002BF0D1A5
:1068F00038BDF8B50F4600210546164600234FF473
:1069000080320846F0F7B0FD044620B92846BDE8BD
:10691000F840F0F775BD04210C30FFF7AFF90570B2
:10692000477046802046F8BD406B30B1838B8B4268
:10693000A0F1080001D08068F7E7704710B54AB9A8
:1069400089B2FFF7F1FF28B143689B6913B1BDE835
:106950001040184710BD38B50D460521FFF7E4FF7C
:1069600000231A462946F0F799FD044610B128463F
:10697000ECF786FF204638BD406B30B183898B42EF
:10698000A0F1080001D08068F7E770477047034620
:10699000006828B1596802681A60884208BF5A60C6
:1069A00070470346002003B970471A8A5B68104499
:1069B000F9E710B5D4682378023113B921700120AA
:1069C00010BD8B42FBD0038A023B03820020106182
:1069D000F6E7FEF7B2BE2DE9F04104468868FFF7FE
:1069E000E0FF638D628B934228BF134683420D46BE
:1069F0001DD3A165D1F8088000278F60FAF72AF827
:106A000041462046F0F746FF064638B1C5F80880F3
:106A1000A765FAF733F83046BDE8F081618D638BE6
:106A2000994228BF1946284600F0F1FEF1E76FF0C1
:106A30007906F0E773B51446014605464FF49572A2
:106A4000206800F039FE207530B92068294600F032
:106A5000E1FE20B908232375002002B070BD237A1F
:106A6000B3B1A3F11802534253419B000193638ACF
:106A70000093AE68238AE26820682946B047002860
:106A800008DB238A98420CD1002323750120E4E718
:106A90000223EBE710F1FF0F03D34042C0B2207591
:106AA000DAE70E20FBE71FB5CDE9012300230093B1
:106AB0001A46F2F7F7FD05B05DF804FB38B5044659
:106AC0000D46F0F7E7FE30B1294604F15C00BDE861
:106AD000384002F0FDBE38BDF8B59368166805462B
:106AE0000F46144663B9506801210C30FFF7C6F811
:106AF000A0602B681B78002B14BF022301230370B6
:106B0000A3681B78012B03D0022B1FD000201CE0B0
:106B10002B681B78002BF9D1606804210C30FFF73B
:106B2000ADF8E06007802A68E36852885A8061689F
:106B3000728D738B088A9A4294BFC0EB0200C0EB3F
:106B40000300042894BF00200120F8BD2B681B78A7
:106B5000022BDBD1606812210C30FFF78FF8E06068
:106B600007802B68E268591C0232113351F8040B7C
:106B700042F8040B9942F9D16168728D738B088ACF
:106B80009A4294BFC0EB0200C0EB03001228D9E781
:106B900070B405686A6A52B3136803B1A83BA2F1E6
:106BA000A8040022114600E0A83B844207D0668D6D
:106BB000648BB14238BF3146A24238BF22461C46E0
:106BC0002BB1D3F8A830002BEED18442EFD1438D06
:106BD000408B8B4201D890420BD9824238BF02468B
:106BE0009942286838BF194670BCF3F7B5BA114608
:106BF000EDE770BC7047D0680378043113B90170B9
:106C0000012070478B42FBD091680B8A0020043B27
:106C10000B821061704770B504460E4600220023B7
:106C20000846F9F799F9054658B101462046F0F7AC
:106C300031FE044618B12946304602F054FE204683
:106C400070BD6FF00104FAE72DE9F04F044685B0FE
:106C5000104690469946FFF7A4FE638B628D9342DF
:106C600028BF134683428B4640F2938063680393A8
:106C70004046FEF7D6FF4FF0000A06464046FFF7B3
:106C800090FE628B638D06F10C079A4294BFC0EBB5
:106C90000205C0EB03053846FFF73CF8854217D2E2
:106CA0004046FFF77EFE628B638D9A4294BFC0EB35
:106CB0000205C0EB03058DBB98F80A00ECF738FD20
:106CC00000220023FEF77AFF064630B9574636E029
:106CD0003846FFF71FF80546EDE701464046FEF748
:106CE000B1FF4046FFF75DFE628D638B06F10C0736
:106CF0009A4294BFC0EB0205C0EB03053846FFF78C
:106D000009F885421FD24046FFF74BFE628D638B28
:106D10009A4294BFC0EB0205C0EB0305F168328ACA
:106D2000CDF80090DBF8047003980A44ABB25946E2
:106D3000B847071E0CDABAF1000F18BF574638469D
:106D400005B0BDE8F08F3846FEF7E4FF0546E5E7FD
:106D50000E9BB3B9394606F10C00FEF78FFF404693
:106D6000FFF71FFE638D628B934228BF1346B94421
:106D70008342BA441FFA89F9A8D9AF423FF47EAFE3
:106D8000A4E70F9A0E9B3946304698470028E1D178
:106D90009CE70027D3E70368002203B970478B42C2
:106DA0000FD10B683AB942680360914200D1436049
:106DB00000230B60704713604368994208BF42602C
:106DC000F6E71A461B68E8E7BFF35B8F50E8003F21
:106DD00043F0080240E800210029F7D1BFF35B8FA0
:106DE000C3F3C00070472DE9F041064690461F46A8
:106DF0000D46B9B104220121F0F784FE044618B90A
:106E0000BDE8F041F0F7BCBD04210C30FEF736FFC1
:106E10000570A0F80180C77021463046BDE8F041FA
:106E2000FFF74CBEBDE8F08137B50C46054601F1D1
:106E30000C00FEF763FF228A0192E268009203468B
:106E4000132212212846F0F7B3FE03B030BD37B548
:106E50000C46054601F10C00FEF750FF228A019214
:106E6000E26800920022034611462846F0F7A0FE91
:106E700003B030BD2DE9F3411768D7F80480002333
:106E800014461373014606469522404600F014FC52
:106E90000546207330B93146404600F0B9FC28B9A8
:106EA00008232373002002B0BDE8F081CDE900552E
:106EB0003146A388A2683846FFF7C6FE002807DAE5
:106EC00010F1FF0F26BF4042C0B20E202073E9E749
:106ED0000120E8E72DE9F3411768D7F80480002383
:106EE00014461373014606469522404600F0E4FB23
:106EF0000546207330B93146404600F089FC28B978
:106F000008232373002002B0BDE8F081A068798DCA
:106F10007A8B038A914294BFC3EB0103C3EB020354
:106F2000012BEFDD02210C30FEF7A8FECDE9005564
:106F30008046A388A26831463846FFF785FE031EC7
:106F400006DA13F1FF0F26BF5B42DBB20E23D8E750
:106F5000A8F800300120D6E707B5CA681388528820
:106F600000920C210D22F1F741F903B05DF804FB0A
:106F700007B5CB6800221B8800920A210B22F1F78B
:106F800035F903B05DF804FB2DE9F041CB681F88AB
:106F9000BBB2162B05461BD90321F0F7E3FF0646CB
:106FA000C0B102210C30FEF769FE00244FF0410809
:106FB00080F80080447031462846FFF77FFD284660
:106FC000A5F81A806F85FFF7E3FD2046BDE8F08144
:106FD0000420FBE70E20F9E7F8B50546071F00F18E
:106FE000500350F8044CBFF35B8F53E8001F21F0AF
:106FF000040143E80012002AF7D1BFF35B8FFCB114
:107000006B6D83B9636873B1201DFFF7C0FC064642
:1070100001463846FFF7DFFC90B163683360A36830
:10702000666003B9A66005F158013846FFF7F3FD25
:1070300030B104F10C013846BDE8F840FFF7EBBD74
:10704000F8BD2DE9F041446A074634B354F8A86905
:1070500006B1A83E00231D4607F1040801E03446AE
:107060001646A26D92B905B983B94046FFF78FFC69
:10707000054650B101462046FFF7ADFC68B17B687C
:107080002B60BB687D6003B9BD6023462EB1D6F886
:10709000A820002AE3D0A83AE1E7BDE8F08138B59E
:1070A000BFF35B8F0B68BFF35B8FDB07054616D51D
:1070B00050F8040C98B16B6D8BB90430FFF767FC86
:1070C000044660B10146281FFFF785FC38B155F82A
:1070D000043C5A6822609A685C6002B99C6038BDC2
:1070E000F2F760BA0A8AC9680023F1F799BB70B554
:1070F0000E46F1F777FA044628B93046ECF7C0FBA4
:107100006FF07F0070BD00F10C052846314602F09B
:10711000DFFB606A38B150F8A84904B1A83C2946A1
:10712000FFF779FD20B90020ECE71C466FF0010065
:10713000002CF8D0D4F8A83023B90230F5D020467E
:107140001C46ECE7A83BF8E738B505460C46F9F7CE
:1071500081FC2846F1F746FA20B9F9F78FFC6FF069
:107160007F0038BD0023236083683BB9C0E9014438
:10717000FFF767FFF9F782FC0020F2E71C608460EC
:10718000F6E70120704708B5F1F72CFA98B1436A89
:107190008BB1BFF35B8FA83B03F1540252E8000FA1
:1071A00020F0080042E800010029F7D1BFF35B8F0F
:1071B000D3F8A830ECE708BD08B50421FFF7DCFBE5
:1071C00030B1BFF35B8F006DBFF35B8FC0F3C000C6
:1071D00008BD10600020704710B5029CA36833B151
:1071E000B1F5807F28BF0E21CAB221469847A37D02
:1071F000E268013BDBB2A37522B11BB92046BDE8B2
:107200001040104710BD1060918000207047002092
:107210007047FEF79BBAF0B507683D7889B006461F
:107220001446E5B97B88B3F5245F04D011D8A3F5E3
:107230002053032B13D8ADF80A1002220DF10A01D6
:107240002046F1F73BFC70B16FF01502C4F85C21E9
:1072500006E003F55643FF339BB2042B1DD90125ED
:10726000284609B0F0BD7B88ADF80A3002220DF146
:107270000A012046F1F722FC0028E5D1009003AA7C
:10728000776813233146B847021EDFDB03A9204687
:10729000F1F714FC0028E2D0D6E7ADF80A1002227C
:1072A0000DF10A012046F1F709FC0028CCD17B88BA
:1072B000ADF80A3002220DF10A01E8E708B507220D
:1072C00003F076FDB0FA80F0400908BD10B50378F0
:1072D0009342044607D10130FFF7F0FF002814BFA6
:1072E0002046002010BD0020FCE710B50346BFF388
:1072F0005B8F53E8000F40EA010243E80024002CB2
:10730000F7D1BFF35B8F10BD10B50346BFF35B8FA2
:1073100053E8000F00EA010243E80024002CF7D1F3
:10732000BFF35B8F10BD0B6803608B8883808B7904
:1073300083717047BFF35B8F0068BFF35B8F70474B
:10734000FEF7FBB970B50D46064611F8010BEFF7D5
:10735000EFFE044610B12C89EFF7A8FA6B89A3421F
:1073600007D0EB686C8123B121463046BDE8704000
:10737000184770BD38B5BDF81040A24215460CD86C
:107380004CB16BB1A21A8A42A8BF0A4694B22246F7
:10739000591903F0F7FC204638BD6FF00600FBE7F3
:1073A0006FF00D00F8E730B585B0C96814461D468A
:1073B000F1F79AFC00B10089ADF80E0002230093AA
:1073C000BDF820200DF10E0329462046FFF7D2FF1D
:1073D00005B030BD1FB50C461946E3681C78104651
:1073E000BDF818203CB110240133069404B0BDE868
:1073F0001040FFF7BFBF5B88ADF80E30022300934B
:107400000DF10E03FFF7B6FF04B010BD30B585B027
:107410001D46002314468DF80C30F1F737FC10B1EF
:10742000037A8DF80C3001230093BDF8202003ABC4
:1074300029462046FFF79EFF05B030BD2DE9F041FB
:1074400014461D46BDF81870EDF788FB0646E8F7B0
:1074500048F980B2069033463A4629462046BDE8B0
:10746000F041FFF787BF30B585B014461D46FEF7E3
:1074700022FE0223ADF80E000093BDF820200DF18E
:107480000E0329462046FFF775FF05B030BD022ADE
:1074900010B508D1002300F170011A46007AF1F707
:1074A0008FFC022010BDF1F791FDFAE708B50C3012
:1074B00029B10121FFF719FFC043084008BD6FF053
:1074C0000101FFF721FF00F00100F7E710B50446C6
:1074D000FFF7ECFF38B121460122BDE8104011F85A
:1074E000010BF1F715BC10BD38B504461546FFF782
:1074F00048FE48B12046F1F7C9FB28B1037ADB0703
:1075000002D50121FFF7E2FF55B9207A04F170019D
:10751000F1F740FB20B18560BDE83840F1F738BC99
:1075200038BD38B5BDF81010BDF81840059DA14212
:1075300010461A460CD84CB16DB1631A9A42A8BFD6
:107540001A4694B22246294403F01CFC204638BD5A
:107550006FF00600FBE76FF00D00F8E713B5044687
:1075600010B9002002B010BD00238DF8043000686F
:1075700042F6030301A9ADF80630FEF72AFC002805
:10758000EFD1E36898880028ECD12046F2F75AF84A
:10759000013080B2E6E770B5CC6888B008461E4678
:1075A000A3798DF80C301546FFF7D8FFADF80D0024
:1075B000246823786BB96388ADF80F3005230093F6
:1075C000BDF8302003AB31462846FFF7D3FE08B0A4
:1075D00070BD631C0DF10F02113453F8041B42F807
:1075E000041BA342F9D11323E9E71FB5CDE9012319
:1075F000002300931A46F2F755F805B05DF804FB36
:10760000F2F750B938B5044659B100F17005294672
:10761000007AF2F715FA207A2946BDE83840F1F7EA
:10762000F7BC38BDF8B506460F46F1F791FA394672
:1076300004463046FEF741FD68B364B304F1080523
:107640006FF001012846FFF75FFEC20703D53946F8
:107650003046F2F7F5F96FF002012846FFF754FEC5
:10766000830703D539463046F1F7D2FC2846FFF7A9
:1076700061FE80B9234603F8010BC4F80100C3F88A
:107680000300BFF35B8F55E8003F45E80002002A86
:10769000F9D1BFF35B8FF8BD10B50446A0F1170117
:1076A00010F8180CFFF7BEFF14F80C0CA4F10B0136
:1076B000BDE81040FFF7B6BF38B54C8AD307054682
:1076C000C4F30E0404D514F0950F2AD04B6843B3CD
:1076D000900704D514F4957F25D08B681BB3144014
:1076E00014F4DE7F0DD0EB7A2BB92846FEF7BCFFF1
:1076F000D8B9052038BD14F0300F04D114F4C07F80
:1077000007D10020F6E72846FEF7FAFF0228F5D851
:10771000EFE7D5F8A430002BEBD05B7BDB06E8D598
:10772000EFE70220E6E70320E4E70F20E2E7F8B501
:1077300014460F46942261680646FFF7BDFF20BB42
:10774000616801223046F2F7E5F908B3A2891B21EE
:1077500002323046F0F7F4FF0546E0B1A1890C3063
:107760000231FEF78BFA20F8027BA289A16803F0B0
:1077700009FBD4E9041228460123F1F78DF92946C3
:107780003046BDE8F840FFF7B2BC4FF0FF30F8BD1F
:107790006FF01500FBE76FF00B00F8E72DE9F04103
:1077A00005468846F1F772FA0446E0B1037ADB0732
:1077B00019D500F10C073846FFF7BCFD10F00106A3
:1077C00011D1B8F1000F0FD06FF002013846FFF76A
:1077D0009BFD10F0020F284609D0FFF7D4FC0121D1
:1077E0002046FFF773FE01263046BDE8F081FFF723
:1077F000C8FC0028F8D02846FFF7DEFC0028F3D0AC
:107800006FF002013846FFF77FFD2846E5E7704735
:10781000012070470120704707207047FDF78DBF9A
:10782000BFF35B8F0068BFF35B8F084100F001007E
:10783000704738B50A46034609B9012038BDC889E2
:1078400010F0240FF9D0197D5D7B147BA94228BF6D
:1078500029468C4201D90020F0E7840608D4507BE9
:10786000197AC0070BD4187A003818BF0120E5E751
:107870000521181DFFF7D4FF0028F0D1EBE7002900
:10788000E9D00521181DFFF7CBFF18B9197A013986
:107890000129E0D9527BD207CFD4E4E701238B4002
:1078A000DB43BFF35B8F50E8002F1A4040E8002114
:1078B0000029F8D1BFF35B8F7047FDF747BF08B5CC
:1078C0000621FFF759F818B9BDE80840F2F734BDB2
:1078D000EC3808BD4FF47022002300F5A070F8F7D3
:1078E00023BE0720704701238B40BFF35B8F50E816
:1078F000002F1A4340E800210029F8D1BFF35B8F25
:10790000704708B50E21FFF7EEFF002008BD70B5E7
:10791000051D0E4628460421FFF782FF68B10022AC
:10792000002100230846EFF79FFD044640B90421DB
:107930002846FFF7D8FF204670BD4FF47022EFE7CE
:1079400001210C30FEF79AF90670F4E738B50421EE
:107950000446FFF7DCFF054698B110210C30FEF716
:107960008DF904F1270304F1370253F8041B40F8A2
:10797000041B9342F9D120462946F2F7F3FC00207C
:1079800038BD0820FCE770B5D0F8EC30DB78012B6F
:10799000044619D1CD68061D10213046FFF77EFF41
:1079A0002B4604F1B70205F1100153F8040B42F81D
:1079B000040B8B42F9D107213046FFF731FF28B184
:1079C00009213046FFF78FFF002070BD0A213046A5
:1079D000FFF726FF0028F3D12046BDE87040F2F7FC
:1079E000D7BD07207047072070470720704730B584
:1079F000012303FA01F1CA43BFF35B8F50E8003F54
:107A000003EA020440E80045002DF7D1BFF35B8F85
:107A1000194214BF0120002030BD38B50446031DB3
:107A20000025BFF35B8F53E8002F43E80051002986
:107A3000F9D1BFF35B8F04F5A07002F03EF8257218
:107A4000BFF35B8F54E8003F44E80052002AF9D1AD
:107A5000BFF35B8F20460121BDE83840FFF743BFED
:107A600070B500F1700605460C46072209683046DD
:107A700003F09EF9B8B963681A682A679A88A5F86E
:107A800074209B7985F87630D5F8A4305BB1A26874
:107A9000934208D062681168C3F801109188A3F876
:107AA00005109279DA7170BD2DE9F84FDDF82C8060
:107AB000BDF82890044692461F46FFF700FF054692
:107AC00000285AD0061DB9F1000F27D15AEA070342
:107AD00024D103213046FFF7A3FED0B30121304665
:107AE000FFF79EFEA8B32C7D6B7B9C4228BF1C46F3
:107AF000224605F14701404603F044F90F2C06D811
:107B0000C4F11002002108EB040003F049F93046EB
:107B10000121FFF7E8FE0120BDE8F88FD4F8A4307A
:107B2000F3B904F1700B217A5A462020F3F782FE54
:107B3000C4F8A40030B9217A5A460120F3F77AFE3E
:107B4000C4F8A400B9F1000F0AD15AEA070704D01B
:107B500006E0D4F8A430002BE3D0D4F8A41071B917
:107B60000F213046FFF75CFE20B10222062120469D
:107B7000EFF78AFA2846FFF750FF0020CCE7CB89C1
:107B80009B06EDD50C7B1A312246B4E76FF08500D9
:107B9000704770B504460820F2F77CFB0546E0B15B
:107BA000061D08213046FFF779FEBCB30721FFF719
:107BB00075FE234605F1970204F1200153F8040BEA
:107BC00042F8040B8B42F9D10A213046FFF728FE18
:107BD00070B109213046FFF786FE0720F2F75AFB05
:107BE0000446E8B1F2F7DCFB0146C8B1204612E0DA
:107BF00010213046FFF714FE09210028EAD1304653
:107C0000FFF70EFE0028E8D02846F2F7C1FC014637
:107C10000028E2D02846F3F727FADEE70B21F9E740
:107C200070BD70B50446A0F1EC0650F8543BE83C3A
:107C3000D3F8A45001F041FF03212046FFF7F0FDE7
:107C4000A0B108213046F3F779F93DB1EB8913B1C2
:107C50006B7B9B0702D5284600F02BF830464FF48B
:107C6000BC72BDE87040002103F09AB801212046A3
:107C7000FFF7D6FD0028E4D10F212046FFF7D0FD05
:107C80000028DED1E1E7EDF79DBD70B504460D4655
:107C90001646F3F7CFFD38B931462846F3F76AFDAB
:107CA00010B1C3891C43C48170BDC3891943C1810C
:107CB000704710B5037A5B07044601D5EDF7C8FDA0
:107CC000214611F8010BECF747F820464022BDE8A9
:107CD0001040002103F064B8531E1944024411F807
:107CE000013900F8013B9042F9D1704710B5431EAD
:107CF00000F11002073013F8011F12F8014D1C703B
:107D000083421170F7D110BDF0B597B014460E46FE
:107D10002022014605A81D461C9FFFF7DDFF2022FB
:107D200031460DA8FFF7D8FF2146102201A88DF893
:107D30005450FFF7D1FF3B46412205A901A8F3F7B4
:107D400077FF044610B93846FFF7D0FF204617B03A
:107D5000F0BD2DE9F04397B00446164605A8102261
:107D60001D46DDE91F98219FFFF7B6FF102231461F
:107D700009A8FFF7B1FF102229460DA8FFF7ACFFB5
:107D80001E99032211A8FFF7A7FF4946D9F8010061
:107D900011F8013B8DF8473012908B88ADF84C30CC
:107DA000062212A8FFF798FF4146062211F8013B70
:107DB0008DF84E30D8F80130CDF84F300DF14F002E
:107DC0008B88ADF85330FFF787FF2146102201A8BA
:107DD000FFF782FF3B46412205A901A8F3F728FFE0
:107DE000044610B93846FFF781FF204617B0BDE8BA
:107DF000F0830369C9B20C2201FB0233186C00F056
:107E00000700704770B5C9B20369EFF311854024CC
:107E100084F31288BFF36F8F0C2606FB0134246CA9
:107E200014F0C00408D0A24206D085F31188BFF335
:107E30006F8F4FF0FF3070BD71430B4401221A6405
:107E400085F31188BFF36F8F43680B445B689847D5
:107E50000020F0E78022FFF7D5BFF8B5069F046940
:107E6000C9B2EFF31186402585F31288BFF36F8FF7
:107E70000C2569430C44256C05F0070CBCF1010F7F
:107E80000BD1276486F31188BFF36F8FC4E90E23EB
:107E900043685B5898470020F8BD05F0C005AF4225
:107EA00086F31188BFF36F8F0CBF6FF077004FF030
:107EB000FF30F1E713B580240094FFF7CEFF02B046
:107EC00010BD10B40069CBB21C2403FB04000021D8
:107ED00010BC10471046F8F771B800F0FDBD4FF424
:107EE000AF607047F7B51C461646002382682360D2
:107EF000A36053690D4601AA69469847019B5A1E23
:107F000001921BB96FF0150003B0F0BD0098A26894
:107F100047682168676085B9B31AD0F800C0634527
:107F200028BF63461A4403FB07112160A260026860
:107F30009A4206D808300090E0E76B1AB3FBF7F3DB
:107F4000EBE70020E0E713460022FFF7CBBF2DE967
:107F5000F047836886B05B698846914601A902AA0A
:107F600098470024A2462546029BAB4202D806B0A1
:107F7000BDE8F087019F07EBC50700267B680493E7
:107F80003A68B2420AEB060302D801359A46EBE79B
:107F900003940593494603A8C0470028E7D0049BF3
:107FA00001361C44ECE710B50C4601F053F90023F0
:107FB000C4E90003184610BD70B5044601F050F93D
:107FC000237B05460BB100F09DFD00266068F6F7A7
:107FD000E9FDA3685B1BA36063682B446360237B9C
:107FE00001363BB9A368002BF0D1A068003818BF58
:107FF000012070BD3046F6F7DBFB0028F2D0F4E735
:1080000038B505460C4601F025F9002D07DBA842DE
:1080100005D9401B84428CBF0020012038BD0020C0
:10802000FCE770B50D462846194616461C46FFF774
:10803000E7FF28B921462846BDE87040F4F7EAB9C1
:1080400024B122462946304602F09CFE002070BD35
:1080500043685B68D3F810350B60002070474368B5
:108060005B6802EA010021EA0201C3F80805C3F8CF
:108070000C150020704743685B680020C3F80815A2
:10808000704743685B680020C3F80C15704743686D
:108090005A68D2F8043521EA03000B40C2F80805FB
:1080A000C2F80C350020704710B503695868F8B164
:1080B000884219D19C6808685860A14200D1986034
:1080C000002008602AB15A680A609A68596002B9AB
:1080D0009960002010E0814206D10868206098680D
:1080E0008142EDD19C60EBE7044600680028F2D1A4
:1080F000002AE8D16FF0150010BD00F0F2BF2DE9A5
:10810000F043476840F20636D0063B7C87B002EA6F
:10811000060654BFC2F3401C4FF0030C01F01F05CC
:10812000B6F5837F144645EA43158DF803C043D066
:108130000DD8062E16D005D8A6B1022E3ED06FF06F
:10814000150036E0B6F5807FF9D101260AE040F24D
:108150000222964234D0B6F5407F33D0B6F5007F88
:10816000EDD102260123220303FA01F12CD57B680D
:10817000C3F80815B86868BB05F01F026D0972D115
:10818000920002F1A04284F48031D2F80037C1F3AA
:108190000041C4F3404423F4E16344EA410423F082
:1081A00007031C4344EA8C0444EA0624C2F800474F
:1081B000002007B0BDE8F0830726D3E70426D1E707
:1081C0000526CFE70326CDE7630344BF7B68C3F8EA
:1081D0000C15CFE70DF10202294600F007FF14F459
:1081E000403F80460CD1B868294600F02DFFB8F119
:1081F000000FDDD19DF80210B868F6F7B5FCD7E79F
:108200004FF0000901ABCDE90199CDE90439CDF872
:108210000C90B86803AA294600F0E3FD4845C7DB87
:1082200014F4003314D084F480349DF803308DF8B6
:108230000E30C4F300448DF80C608DF80D40B86822
:108240004B4603AA294600F067FE0028CFDAAFE7C5
:10825000CDE904330DF103030393B86803AA29465B
:1082600000F0BFFDF1E702F5E07250F82230FFDECA
:10827000F0B544681646A068227C01F01F0587B05F
:1082800045EA4215002865D0B6F5001F04D12946FD
:1082900000F023FF00204EE001AA0020B6F5800F79
:1082A0000190506036D1B3F1007F14BF0523042341
:1082B0008DF804300023CDE904230393E36823FA07
:1082C00001F111F001010DF1030736D1B6F1A07FE4
:1082D00033D105F01F036A0903F5E0733DD14FF078
:1082E000A04252F82330DB0727D4A0683A4629463B
:1082F00000F07CFE163018D00297A06803AA294629
:1083000000F06FFD002816DBA0680122294600F06E
:108310009DFEBFE7B3F1C06F05D0B3F1007F14BF7E
:1083200001230223C4E70323C2E7A0683946F6F716
:1083300021FC0028E0DA07B0F0BDA0683A462946E3
:1083400000F054FE0028D8D19DF80310A068F6F77D
:108350000BFCD2E76FF08500EDE751F82330FFDE2C
:1083600002780B69012A07D0022A08D052B91A668E
:1083700003F14800F7F722BE6FF00D02F7E76FF048
:108380000A02F4E76FF00402F1E700F059B838B5DB
:10839000044605690122114605F1300001F0B1FAE9
:1083A000012205F14800002101F0ABFA2046BDE8AA
:1083B0003840F4F7A1BA00693030F7F739BE0069E8
:1083C0003030F7F7FBBD13B501AA044600F06FF893
:1083D000002805DB019B226819791868F4F7D6FBA1
:1083E00002B010BD70B54568A86A0368D3F80845A7
:1083F000D3F80C65F6F716FE31462046F7F7D4F8A9
:1084000000210446E869FFF7DEFFA86A01F05AF888
:10841000204670BD10B544680021E069FFF7D3FF26
:10842000A06ABDE8104001F04DB810B54468A06ADC
:10843000F6F7F8FDE0690121BDE81040FFF7C3BF82
:1084400010B54468FFF7F1FFA06A01F043F800207F
:1084500010BD37B50C460569836801A95B6898476C
:1084600048B9019B2A685A40012303FA04F10A42E1
:1084700014BF1846002003B030BD70B551F8043C5D
:108480005B681E680C464FF4004540F2E73000215F
:108490004FF47A720023E6FB0501E3F7E3FD0246A1
:1084A0000B4604F11400BDE87040F8F73DB830B554
:1084B00043681360057A446804EBC504A34202D301
:1084C0006FF0010030BD5C798C4201D00833F0E7D9
:1084D0000020F7E743681B68D3F88004C3F88004E2
:1084E000704742681368D3F8100150B1D269002078
:1084F00012780A70C3F81001D3F8102101221A6013
:1085000070474FF0FF307047002A0FDD4268136854
:10851000D3F8100158B10020C3F81001D269D3F884
:10852000100112780A70012018607047002070470F
:1085300010B543681C680369EFF31180402282F391
:108540001288BFF36F8F1A68D17B39B991731B689A
:108550000122DA734FF48003C4F8043380F31188E6
:10856000BFF36F8F10BD03691A68D17B21B1012160
:1085700091731B680022DA73704702691168034621
:10858000C87B40B15B681B68D3F8580118B1002361
:108590000B6113689889704743681B68D3F8100112
:1085A000003818BF0120704743681B68D3F80423C4
:1085B000D2065CBF1022C3F80423704743681B68CF
:1085C000D3F80423D20644BF1022C3F8082370470F
:1085D00043681B684FF40072C3F804237047436874
:1085E0001B684FF40072C3F80823704738B543681E
:1085F0001D68D5F804335B02044605D4D5F804039E
:1086000010F0100006D138BDFFF7B7FF0028F5D0F5
:108610000120F8E72046FFF7BFFF003818BF012010
:10862000F1E7012070470369186801601B685A6010
:10863000704702680346D2F8580140B95B68DB070F
:1086400006D4D2F82001003818BF0120704701205D
:10865000704710B4436802691B68D3F80413C90556
:1086600017D5D3F82011A1B1EFF31181402484F381
:108670001288BFF36F8FD3F8204134B10024C3F8C0
:108680002041D3F820410124DC6081F31188BFF33D
:108690006F8F1168D3F8584171B17CB100240C611F
:1086A0001168C97B19B94FF48001C3F80813116828
:1086B0008C7B1CB100238B7310BC7047D3F8241142
:1086C00021B10021C3F82411D3F8243112681368B2
:1086D000002BF1D0516810BC184713B501AA04460D
:1086E000FFF7E5FE002805DB019B22681979186871
:1086F000F4F74CFA02B010BD6FF0850070472DE919
:10870000F041066933689C89BFF35B8F944205464C
:10871000A8BF14461033012753E8002F002A03D1C5
:1087200043E800700028F7D1BFF35B8F0CBF3B46D6
:1087300000232BD133682246986802F023FBEFF325
:108740001188402383F31288BFF36F8F696808464E
:10875000FFF76FFF326840B91061044688F3118853
:10876000BFF36F8F2046BDE8F0810B689268C3F8B5
:1087700044250022C3F84845C3F82021D3F820112E
:10878000C3F85821D3F858219F60E7E71C46E9E772
:10879000FCF7D3BF002201210420EAF739BD0022F3
:1087A00001212320EAF734BD10B50B6813B913601B
:1087B000184605E003685C681CB11460036818681B
:1087C00010BD083303600B68013B0B60EDE7034607
:1087D0000A4600681979012303FA01F103691B684D
:1087E000194218BF82F0010212B18368DB68184792
:1087F00083681B69FBE710B5036804464BB19A68B0
:108800003AB1186900F0FBFE206800210830FFF73C
:10881000DEFFA36933B9636004F11000BDE81040C6
:10882000F7F7CCBB10BD10B5006903688B4206D1C9
:1088300090F86C4034B9FFF7DEFF204610BD6FF0B2
:108840001500FBE76FF00F00F8E77FB505464068BD
:1088500029698A6D0B6EFAB99BB14C6D8B66164611
:108860001A46C96D0291CDE9004601B3002B18BF2D
:108870001346002269460393F6F7E2FA50B16FF00F
:1088800004032C69236404F12800F7F797FB002305
:1088900084F86C3004B070BD4C6D13B19A4228BF9F
:1088A0001A46002C8A6614BF16460026D9E70B46E6
:1088B000DFE7F0B587B001238DF8023002238DF891
:1088C00004306B4403930E4601AB0DF10301002706
:1088D0000546029104930597F6F74CF9041E0BDB4D
:1088E00003AA3146284600F07CFA041E07DA9DF8F8
:1088F00003102846F6F738F9204607B0F0BD3C468D
:10890000FAE700F150039B009BB203F1804303F5AB
:10891000883300221A601B68704708B5F4F764FEBC
:1089200008BD10B54FF0FF304FF0FF31F5F754F8A8
:10893000044628B9D8F722FC044618B1F5F754F8D4
:10894000204610BDF5F750F82046EBF7AFFAF7E7F1
:1089500038B50B8A0D463BB101F10C00FDF7C6F9A5
:10896000012818D0022803D06FF01504204638BD26
:108970004FF0FF304FF0FF31F5F72EF80446002896
:10898000F4D1E868E3F7EDFC0446F5F72DF8ACB157
:10899000F5F766F8EAE74FF0FF304FF0FF31F5F7F3
:1089A0001BF804460028E1D1E868F5F7F3F904461E
:1089B000F5F71AF8002CD9D1F5F752F82846EAF75E
:1089C0005FFF0024D2E7F5F747B910B5312204461E
:1089D000002102F0E5F9202323708023A3706FF0BB
:1089E0003F0363710423A3722823A3730223E37359
:1089F0000423A3756FF0080363760323A3766FF057
:108A00000F03E3767E232377302384F820306FF042
:108A10003F0384F82130792384F822306FF001037A
:108A200084F82330012384F82430802384F826300E
:108A3000042384F82730402384F82D3010BD08B576
:108A40000323E3F781F8002008BD08B5F5F70CFD16
:108A5000002008BD08B5F9F795FA48B1002383F363
:108A60001188BFF36F8F0423184602DF6FF00400F4
:108A700008BD08B54FF0FF314FF0FF30F4F7ACFF01
:108A8000E6F707FEBDE80840F4F7AEBF684620F001
:108A900007018D4601B5E1F755FEBDE80140854669
:108AA0007047684620F007018D4601B5E0F7FCFDF0
:108AB000BDE8014085467047684620F007018D46B5
:108AC00001B5E0F7E5FDBDE801408546704708B512
:108AD000E6F72EFC002008BD7047012802D10020D7
:108AE000E2F76EBA70477047E2F768B808B5E2F788
:108AF00061FF30B1EFF305800338032894BF0020F5
:108B0000012008BD70474FF08053D3F83001421C5C
:108B100004BF4FF0704393F8E00F831F5842584151
:108B2000704703460020184700F069BD10B50246A3
:108B30001168B1B1BFF35B8FB1FA81F3C3F11F00CC
:108B40000123834021EA030352E8004F8C4204D101
:108B500042E8003CBCF1000FF6D1BFF35B8FE7D1D8
:108B600010BD6FF00B00FBE710B50368CB40DB07CF
:108B700014D401238B400268BFF35B8F43EA0201E8
:108B800050E8004F944204D140E8001CBCF1000FB3
:108B9000F6D1BFF35B8FEED1002010BD6FF0150052
:108BA000FBE770B50C460021054608461646F5F76A
:108BB00071FF00280ADB3378DB0003F1804303F503
:108BC000F8330020C3F81055C3F8144570BD03688E
:108BD00003F01F025B0902600CBF4FF0A0400020B1
:108BE0007047F7B5019001A8DDE9084716461D4614
:108BF000FFF7EDFF019BB6F1000C18BF4FF0010C21
:108C000000EB83000B1E18BF0123002D43EA4C0329
:108C100014BF4FF00C0C4FF0000C002C43EA0C0377
:108C200014BF4FF4E06C4FF0000C002F43EA0C032C
:108C3000D0F8002714BF4FF4403C4FF0000C43EA3B
:108C40000C0322EA030301B109780EB136787600ED
:108C500019430DB12D78AD0031430CB124782402B5
:108C600029430FB13F783F040C433C43C0F8004711
:108C700003B0F0BD1FB50DF10F03019300238DF874
:108C80000F1000931A461946FFF7ABFF05B05DF8C9
:108C900004FB70B5CBB20833164630F81330DA0552
:108CA00004460D4609D5C3F3432300EBC302314606
:108CB00050F83330526828469847A3682BB1E268D1
:108CC00031462846BDE87040184770BD10B4CBB29D
:108CD00000EB43039A8AD1051BD5C2F3432122F44A
:108CE000F8529A8200F1520400F1120232F8023F67
:108CF00013F4807F03D0C3F34323994209D0A242E7
:108D0000F4D100EBC10300225A6010BC5830FFF7C9
:108D10002BBF10BC704770B511F001040CD04FF0A0
:108D2000A046D6F820550560C6F82055F5F7C8FED0
:108D300008B1D6F8203505B90024204670BDF0B53D
:108D4000034600F5807400200546012784469542BD
:108D50000AD1D3F87C2132B10022C3F87C21D3F8A8
:108D60007C3140F00040F0BD25F0404607FA06F6A1
:108D7000314209D0D4F800E0BEF1000F04D0C4F8AD
:108D800000C0D4F800E0304301350434DFE7C9B255
:108D900000EB4100808A830643BF400B800000F552
:108DA00080704FF4BE7070470246CBB202EB4303B3
:108DB00008469B8A990611D599070FD410685B0B5A
:108DC00001219940C0F80813126802EB8303D3F81D
:108DD000102522F00302C3F8102570470021FFF789
:108DE00049BFF0B5136885B005460C461646DBB1A1
:108DF000CFB200EB4707BA8A02F02202222A1ED025
:108E00000022CDE900228DF80E208DF80F200DF103
:108E10000E010DF10F022046FFF7E3FEBB8A23F09F
:108E2000020343F00103BB82736823B31A785868C6
:108E3000E3B205EB4303998A8F0703D5A8B16FF01E
:108E400015001BE021F4604121F02001998260B1FE
:108E5000032AF4D8716848682968077801EB87010C
:108E600072B9C1F81025C1F81025998A21F01C01AA
:108E700041EA82029A82B3684BBB002005B0F0BD84
:108E8000D1F8100520F00300C1F81005286800EBA8
:108E90008700D0F8101521F4473121F44071C0F853
:108EA00010152102D0F810C501F4F85141EA024131
:108EB00041EA0C01C0F8101505EB4701A1F85C4030
:108EC000998A41EA473141F020019982CDE7D3E9FF
:108ED000006721462846FFF7F9FE002ECDD06B68CB
:108EE0009E4206D005F15800FFF720FE002804DA64
:108EF000C4E7AB689F42F5D1002005EBC003C3E98E
:108F00000167E4B205EB4404C0B2A38A43EA4023FC
:108F100043F48073A382B0E7F0B5074685B00C46F2
:108F20001D46F2B1CEB200EB4606B38A980701D4D3
:108F300099061ED413F01C0F02D05378012B18D0C1
:108F400001238DF80F300023CDE900230DF10F012F
:108F5000931C20460132FFF744FEB38A43F003031B
:108F6000B382002D3DD0E2B207EB4202938A9B0709
:108F700003D46FF0150005B0F0BD28783B6803EB13
:108F800080030021C3F81015C3F81015938A23F449
:108F9000604323F0200393826E784FEA800C06B37F
:108FA0003968AD7861443604D1F8103523F498134C
:108FB00023F4F853C1F81035230203F4F85306F4F0
:108FC00040362D05D1F81075334305F480152B4339
:108FD0003B43C1F81035938A43EA403343F0200302
:108FE00093820020C7E7C0E903127047C9B200EBC3
:108FF0004100838A990643BF5B0B002013706FF01A
:109000001500704738B590F86C4005469CB9402271
:109010002146143001F0C4FE2868C0F87C41D0F825
:109020007C3140F30730EAF7C3F8012385F86C3050
:10903000AB65204638BD6FF07700FBE790F86C0019
:10904000003818BF01207047F5F75ABD73B50C46BC
:10905000C9B200EB410105688B8A9E0619D513F051
:10906000020616D15B0B9C0004F580716E506958A6
:1090700001682144D1F8104544F00104C1F81045BD
:109080002AB10168012202FA03F3C1F8043302B0E5
:1090900070BDD5F80433002BA4BF4FF00043C5F8D2
:1090A00004338B8AC3F38203042B12D0052B12D016
:1090B00001A80194FFF78BFD019AD0F81035D34039
:1090C00003F00103991C204602B0BDE87040FFF791
:1090D000D1BD0321F7E70221F5E7FFF765BEFFF7F2
:1090E00056BE2DE9F04F074685B057F8049BD9F8D6
:1090F0000413C9B28046082241F000414846FFF7F8
:109100001EFE051E16DA0023012102A80293FFF7B6
:1091100002FE4FF0010A029A92B94FF00041484610
:10912000FFF70DFE012102A8FFF7F5FD0028F2D19F
:1091300025F000450124002D76D105B0BDE8F08F63
:1091400092FAA2F4B4FA84F408EB4403E0089E8A8D
:10915000039402AB04F007021B5C0AFA02F223EA52
:10916000020302AAB108135403A8FFF730FD039BC2
:1091700003F5E073C6F3820B50F823304A075E46CE
:10918000C3F3014332D53246384621465FFA83FBAA
:10919000FFF77FFD03A80394FFF719FD039B03F579
:1091A000E07350F82330C3F301439B4507D10021FE
:1091B0002046FFF75FFD59462046FFF75BFD03A8F9
:1091C0000394FFF704FD039B0AFA03F3C0F820356C
:1091D0000446F5F775FC00289DD0D4F82035D4F866
:1091E0002035D4F82035D4F8203594E7022B0DD162
:1091F00003212046FFF73EFD0BF00503012BDED1D6
:10920000324621463846FFF744FDD8E70221204682
:109210000193FFF72FFDBBF1030FF1D0019B032B4F
:10922000CDD1BBF1020FEAE795FAA5F3B3FA83F3C8
:1092300004FA03F225EA020503F5A27208EB4303E0
:1092400059F82220B3F85C10C2F301423846FFF708
:1092500020FD70E74FF080531A69586950437047FA
:109260004FF08053186970474FF08053586970472A
:10927000036803F01F025B0902600CBF4FF0A040BF
:109280000020704707B5019001A8FFF7F1FF019A90
:1092900001239340C0F8083503B05DF804FB07B51F
:1092A000019001A8FFF7E4FF019A01239340C0F861
:1092B0000C3503B05DF804FB37B5D0F818358A6972
:1092C000DBB28DF807300B6A93423EBF4A699DF8C6
:1092D0000740D4540B6A91F824500C695A1C0A6256
:1092E000023335B1A3428C6938BF0B619C4288BF01
:1092F0008B610D699D4205D9CA68D35CC0F81C35E5
:1093000001200AE08C699C4201D9CB7FF6E7AA4292
:10931000F6D3A2422CBF0020012003B030BD70B5AF
:1093200003460025C0F80851D3F808310C46FFF772
:10933000C3FF68B9887FFF2801D0FFF7A3FF20464D
:1093400065772572616850F8083BBDE870401847A2
:1093500070BD91F820200346032A29D8DFE802F0E7
:10936000212519028A68500304D5D3F84C250869D1
:10937000904207D18A6852031AD4D3F84C258969E0
:10938000914215D000200622C3F80005C3F800253D
:109390007047D3F84C2508699042F3D1D3F83C25A7
:1093A000EDE7D3F84C250969EAE7D3F83C25FAE75D
:1093B0000120704730B5A2F58075AD080124AC409E
:1093C0000C4207D0815829B10021815082581A6877
:1093D00022431A6030BD13B500230C4601934FF4AD
:1093E000A47201ABFFF7E6FF21464FF48272FFF74C
:1093F000E1FF21464FF49272FFF7DCFF21464FF464
:10940000A872FFF7D7FF21464FF4A672FFF7D2FFED
:1094100021464FF4B072FFF7CDFF4FF4AE722146F4
:10942000FFF7C8FF019802B010BDF8B505468E6879
:10943000CF7B0C46F5F78EFD20B1B6F1C86F08BFA3
:109440004FF0C4662B682FB9D4E90012C3F8081591
:10945000C3F80C25C3F824656B6833B12868BDE8F0
:10946000F84040F30730E9F7A3BEF8BD38B50D4624
:1094700090F826100446F9B9C160C0E9012380F8CC
:10948000291080F8281095B1AB7B80F82B30284646
:10949000F5F798FD98B16B7B84F82A30F5F75AFD03
:1094A00008B1AB68E36229462046FFF7BEFF0123FF
:1094B00084F82630002038BD6FF07700FBE76FF0AE
:1094C0001500F8E703680622C3F80025022380F898
:1094D0002630704738B50446006840F30730E9F796
:1094E00075FE2046F5F79EFD94F82B3063B994F88D
:1094F0002A304BB92368D3F80805D3F80C55F5F793
:1095000049FD2846F5F746FD002384F8263038BD8E
:10951000036803F01F025B0902600CBF4FF0A0401C
:109520000020704707B5019001A8FFF7F1FF019AED
:1095300001239340C0F8083503B05DF804FB0369CC
:10954000C26893429CBF81685B18013B981A7047C0
:109550002DE9F041D0E902840546A8EB04064068F5
:10956000964220440F46144404D901F00BFCEC60F1
:10957000BDE8F0813246A4EB080401F003FC686802
:109580002246B919F1E72DE9F843C5680646894630
:1095900017464FF000083369B46870689D4228BFD1
:1095A0001B19641BBC4203F1FF3328BF3C465B1B05
:1095B0009C4228BF1C4649462844224601F0E2FB53
:1095C000B3682544AB4208BF00253F1BA044A1441B
:1095D000F560E0D14046BDE8F88308B5F6F716F926
:1095E000002008BDEFF31180402383F31288BFF3FE
:1095F0006F8F704780F31188BFF36F8F704708B18A
:10960000EAF768B9704710B5436904463BB90020D2
:10961000E268537843F001035370404210BD98470D
:109620000028F4D00028B8BF4042E368FF28A8BF54
:10963000FF201870ECE740B1C368587810F00100C3
:109640001EBF1878B0FA80F040097047EFF311831D
:10965000402383F31288BFF36F8FFEE710B400F14D
:109660000C04C0E9034410BCFBF7F7B838B5044656
:10967000EFF31185402383F31288BFF36F8FFBF75D
:109680009CF804F10C0000F009FB30B1294604F10C
:109690001400BDE83840F7F7B7B985F31188BFF378
:1096A0006F8F38BD4169826842EA010313F00303FA
:1096B0000FD1C3600369013B03FB0122002B01DAD8
:1096C00000207047C16811604169C260013B521AB5
:1096D000F4E76FF0150070472DE9F04105460F469D
:1096E000EFF31188402383F31288BFF36F8FC668AE
:1096F000FEB90468A0421CD0DCB1D4E9003213608A
:109700005A60637BA66023F002036373C4E90066BA
:1097100004F1180000F037FB2046C4F8B060276160
:1097200000F05DFA414605F10800BDE8F041F7F7A9
:109730006BB93E60AB69EF60013BAB6188F31188A8
:10974000BFF36F8FBDE8F08108B54024EFF31183BC
:1097500084F31288BFF36F8FFCF7F3F9F6E7D0E9D3
:10976000003213605A60427B002322F00202C0E9FB
:10977000003342738360704713B501240094F6F7F9
:109780004FFA02B010BD90F90E308B4201D0F7F7BE
:10979000C9B80020704703460020C3E90200C3E9AE
:1097A00000337047D0E9003213605A60427B0023D7
:1097B00022F00202C0E900334273836070472DE952
:1097C000F843914604469DF820200D4600F1080715
:1097D000EFF31186402181F31288BFF36F8F02B13E
:1097E0004568D4F80880474518D0B8F1000F15D067
:1097F0004046FFF7D7FF08F1180000F0C4FA002335
:10980000C8F8B030C8F81090404600F0E8F9384683
:109810003146F7F7F9F80020BDE8F883A3B1082036
:10982000F7F7B0FD002838D00122C0F8049002609C
:10983000016801F003015DB922680A4302606268B1
:1098400020606AB960600BE0C9F800304846EFE775
:109850002A68032A16D80160616869B9C4E9000062
:10986000042104F1100000F06DFB0028CFD186F335
:109870001188BFF36F8FCFE70A6802F0030202433B
:109880000A60DFE722F003020A4302602A6802F05E
:10989000030240EA02032B60E2E76FF00B00E6E709
:1098A00010B5044630B10268930703D0446809B18B
:1098B00000F067FB204610BD0023C0E9003300F133
:1098C0000803C0E9023300F11003C0E90433704714
:1098D00007B50123009300230A461946FFF76FFFDF
:1098E00003B05DF804FB07B500230A460093194650
:1098F000FFF765FF03B05DF804FB00680021FFF788
:10990000CFBF5AB18A4209D300F11003C0E9021255
:10991000C0E90000C0E90433002070476FF0150073
:109920007047026801238B4022EA0303036022FA96
:1099300001F000F001007047704710B503210446A4
:109940000C30FFF7EEFF30B104F1100000F01BFA0D
:10995000B0FA80F0400910BD20B100221146C43099
:1099600000F0D7B9704770B5C368C3F340069B07D2
:10997000044616D4856802210C30FFF7D2FF80B16F
:10998000D5F8BC206AB194421DD122689EB9D5F8A1
:10999000C030C5F8BC209C4201D1C5F8C0200023CE
:1099A0002360E36813F01F001EBF43F00203E3606F
:1099B00040F0020070BD3260D5F8C020944208BF6C
:1099C000C5F8C060EBE716461268DBE773B50446DE
:1099D000EFF31185402383F31288BFF36F8F0023C9
:1099E000A0F11006032104380193FFF79AFF28B174
:1099F000A369019301A93046F6F75AFC85F3118853
:109A0000BFF36F8F02B070BD38B504460D4610220B
:109A1000002101F0C5F9656038BD13B50190084615
:109A2000EFF31184402383F31288BFF36F8F01A9F2
:109A3000F6F73EFC84F31188BFF36F8F02B010BDC0
:109A400010B5FFF7EAFF041E08DDEFF31180402395
:109A500083F31288BFF36F8FF6F7E8FF204610BD3F
:109A600070B50D46EFF31186402383F31288BFF3E0
:109A70006F8FF6F779FC044686F31188BFF36F8F7A
:109A800038B14FF0FF324FF0FF3305F11000F6F719
:109A9000CFFA204670BD08B5D822002101F080F928
:109AA00008BD38B5302204460D46002101F078F992
:109AB0004FF480736560E36038BD38B50446EFF35A
:109AC0001185402383F31288BFF36F8FFFF735FFB3
:109AD0002046FFF748FF85F31188BFF36F8F38BD2D
:109AE000F8B504460D46EFF31186402383F3128840
:109AF000BFF36F8FC36803F01F03002B14BF012750
:109B0000002705D186F31188BFF36F8F3846F8BD63
:109B1000FFF713FF2046FFF726FF29462046F6F7FA
:109B2000A9FB86F31188BFF36F8F0028EED04FF0AA
:109B3000FF324FF0FF3305F10800F6F779FAE5E759
:109B4000D0E9003213605A60427B002322F0020207
:109B5000C0E90033427383607047EFF3058000383B
:109B600018BF0120704778307047D0E90032136089
:109B70005A600023C0E90033704708B5FFF7F5FFCE
:109B8000437B23F0020343730023836008BD38B591
:109B900004460D46F6F724FE637B43F0020363732D
:109BA000E5B1A5602B689D4209D16B68C4E90053FB
:109BB0001C606C6012E06A689A42F6D01B68002B49
:109BC000F3D094F90E2093F90E108A42F3D091420B
:109BD000F1DD5A68C4E9003214605C6038BD10B52C
:109BE000EFF31184402383F31288BFF36F8FF6F7EE
:109BF000B5FD84F31188BFF36F8F10BD08B5EFF387
:109C00001181402282F31288BFF36F8F83680BB1FA
:109C1000FFF7B3FF81F31188BFF36F8F08BD10B555
:109C20000146EFF31184402383F31288BFF36F8F53
:109C3000437B13F0280F0AD183680BB1FFF79DFF18
:109C40004B7B23F004034B730846F6F787FD84F340
:109C50001188BFF36F8F10BD01211838FFF7DFBFE8
:109C600008B50346EFF31181402282F31288BFF357
:109C70006F8F0068834207D008B1FFF77EFF81F342
:109C80001188BFF36F8F08BD0020F8E710B5FFF70C
:109C9000B5FFBDE81040183000F075B838B504685D
:109CA0000546AC424FF0000000D138BD002CFCD07E
:109CB0002046FFF7EBFF2046FFF791FF2C680120BD
:109CC000A542F1E738B504460D46F6F757FFB5F162
:109CD000FF3F08BFB4F1FF3F0246204618D00020E6
:109CE0004FF47A7447F6FF730146C2FB0431B3F5B3
:109CF000004F71F100020BD36FF400429A4243F619
:109D0000FF728A4126BFD80B40EA41406FF0004005
:109D100038BD38B5EFF31185402383F31288BFF3C4
:109D20006F8F0468A04213D0A4B1C4F8B0102261B0
:109D30002046FFF722FF04F1180000F024F8204627
:109D4000F6F70CFD012085F31188BFF36F8F38BD46
:109D50000020F8E72046F6E708B50246F7F7CCF80A
:109D600070B1D0E904319B1A61EBE272B3F1004F9C
:109D700072F1000104DA002AACBF1846002008BDC9
:109D80006FF00040FBE738B50246EFF31185402342
:109D900083F31288BFF36F8F0368CBB1F7F7ACF88A
:109DA00004461046F7F7BAF800224FF00043844209
:109DB000C0E9042306D1F7F7A7F8FFF7CDFF00218C
:109DC000F3F7B6FD002085F31188BFF36F8F38BD20
:109DD0006FF01500F7E708B5F7F7ACF908BDF7F72E
:109DE000A9B9B3F1FF3F08BFB2F1FF3F70B5064616
:109DF0001D46144614D01A4316D0002B08DBF7F783
:109E000099F9041941EB0501C6E90041304670BDDE
:109E10006FF001031C1B4FF0FF3363EB0501F3E709
:109E20004FF0FF342146EFE70024FBE7B3F1FF3F9B
:109E300008BFB2F1FF3FF8B5074616461C4610D0E2
:109E400054EA020311D0F7F775F9B0420A46A1416E
:109E500003460AD2F31A64EB0204C7E90034384619
:109E6000F8BD4FF0FF331C46F7E70023FBE7002364
:109E7000C0E9081200F11802C0E90622C0E9003367
:109E800003634363704710B50446FFF77CFFA8B92E
:109E9000636A0BB12046984704F11800FFF7E0FE13
:109EA00060B1FFF79CFEEFF31180402383F312882B
:109EB000BFF36F8FBDE81040F6F7B8BD10BD2DE9B8
:109EC000F041846805460E46D4B16378012B22D157
:109ED00014F8533C9A0711D5A4F160073846FFF7F0
:109EE000D5FE082E0CBF6FF003030023236514F882
:109EF000533CDB0602D13846FFF771FE0023237086
:109F0000EB68C3F386321643002066F39433A860EF
:109F1000EB60BDE8F081022BF0D12378002BEDD06F
:109F200054F8048CB8F1000FE8D004F11400FFF7E6
:109F30002AFFA4F114070023E36239464046FFF7E5
:109F40006CFDDBE738B5EFF31185402383F312880E
:109F5000BFF36F8F0468A04211D0D4E900321360C0
:109F60005A600023C4E900332046FFF7A8FF85F3B9
:109F70001188BFF36F8F201E18BF012038BD002449
:109F8000F5E720B1011F50F8040CFFF76FBB7047D5
:109F900000207047704710B5044608B1F7F7B2FBD0
:109FA0002046BDE81040F7F79DBB0346C068E0B10E
:109FB0005888D0B11B8803F44F42B2F5824F09D1C3
:109FC000DBB2272B2AD008D8172B0FD0222B34D066
:109FD000122B16D06FF085007047302B2FD0413BED
:109FE000012BF7D8FF2839D100207047C028FBD0BB
:109FF000E128F9D0B0F5807F0CBF00206FF086001B
:10A00000704720F02003C02BEED020F08003B3F582
:10A01000807FE9D040F209239842EDE7E928E3D0B8
:10A02000EF28E1D040F21B139842DDD040F29913A3
:10A030009842D9D040F23B23EEE7E928F1E720F03F
:10A040002003C02BD0D020F04003B3F5807FCBD0CD
:10A05000B0F5C07FC8D0B0F5007FCDE7B0F5E07FA8
:10A06000CAE73AB1002918BF0023D21A21211844A7
:10A0700000F096BE70472DE9F04F89B09B46002353
:10A080008DF81B30159BDDF85080002B91460B4658
:10A090000D460CBF4FF400624FF4806207A9DDE962
:10A0A00012A7F7F797FC0446D0B9079E0DF11B02E3
:10A0B00031882846F7F72AFD044688B99DF81B30F9
:10A0C000BB421FD8CDE90338CDE901BACDF80090E5
:10A0D000D6E909122B463046F8F7E8F8044608B1ED
:10A0E000C8F80070D8F800303A4621465046FFF7CD
:10A0F000B8FF0798F8F7BCF8002C18BF204609B045
:10A10000BDE8F08F6FF08904EAE741F20623984238
:10A110001AD8B0F5905F09D241F2010398420CD0F1
:10A12000B0F5885F09D06FF085007047A0F59050BA
:10A1300080B26923C340DB07F5D511F0070F0CBFD0
:10A1400000206FF086007047B0F5105FEBD121F072
:10A150004003802B06D0B1F5807F0CBF00206FF04C
:10A16000860070470020704770B5446A05460E4669
:10A170003CB90120F7F7B0FA686228B1AE62204618
:10A1800070BD6FF08A00FBE76FF08C00F8E7F8B560
:10A190001E460F4603881546C2B103F4E043B3F5EB
:10A1A000805F02D0B3F5005F10D1089BE900196011
:10A1B0000088FFF7AAFF044630B92A4639463046E0
:10A1C00000F0E0FD079B1D602046F8BD6FF08504A0
:10A1D000FAE710B50446406A10B1A16AFFF7DBFE4A
:10A1E0000020C4E9090010BD38B50546FFF7F1FFAE
:10A1F0002B7F012B04460ED0023B012B0ED82B6A7D
:10A20000012B18BF6FF096042C220021284600F085
:10A21000C7FD204638BD2B6A002BF2E76FF096048D
:10A22000F2E770B50488049E154604F4E042B2F5E6
:10A23000805F19D0B2F5005F16D024F4405044F28C
:10A240000102904210D004F44F42B2F5824F0BD07D
:10A25000B2F5884F08D0B2F58E4F05D0803C24F07F
:10A26000FF04B4F5485F0ED1B5420FD818462A4610
:10A2700000F088FD721B0021284400F091FD059B31
:10A2800000201D6070BD6FF08500FBE76FF0890056
:10A29000F8E77FB50E461D461446BAB100232B6081
:10A2A000012203A9F7F796FB70B9CDE900450398A1
:10A2B0003346D0E9091200F06BFA04460398F7F729
:10A2C000D7FF002C18BF204604B070BD6FF0890086
:10A2D000FAE770B50488049E154604F4E042B2F52E
:10A2E000804F22D124F4405044F2010290420DD01C
:10A2F00004F44F44B4F5824F08D0B4F5844F05D030
:10A30000B4F5884F02D0B4F58E4F0ED1B5420FD8B8
:10A3100018462A4600F036FD721B0021284400F042
:10A320003FFD059B00201D6070BD6FF08500FBE7C1
:10A330006FF08900F8E7F0B50F4685B01E46154668
:10A340000AB3002333601A4603A9F7F743FB044618
:10A3500038B9039803885B0406D4F7F789FF6FF0D8
:10A360008604204605B0F0BDCDE900563B46D0E955
:10A37000091200F018FA04460398F7F779FF002C49
:10A3800008BF0446EDE76FF08904EAE710B50368FB
:10A39000044653B100F070FA00232360A38823F42D
:10A3A000FF7323F00103A38010BD1846FCE72DE9DD
:10A3B000FF410C4601689846002305461746039363
:10A3C000A9BB4FF4A872083000F0EAFCB8F1000F06
:10A3D00020463B4614BF4FF480624FF4006203A94D
:10A3E000F7F7F8FA044620BB039E2A1D3188384649
:10A3F000F7F78CFB0446E0B96B7968F300036B71E7
:10A400000097D6E9092331462846B8F1000F0BD052
:10A41000F7F764FF044660B90398F7F729FF04468D
:10A42000204604B0BDE8F081F7F778FFF2E76FF05F
:10A4300088042846FFF7AAFF0398F7F719FFEFE70C
:10A440000123FFF7B4BF38B50468054664B112B9FB
:10A450000024204638BD00F0FAF904460028F7D061
:10A460002846FFF793FFF4E76FF08804F1E72DE942
:10A47000F0411746026805460E46984682B1427979
:10A48000D2070DD502795AB1BA4216D800F0E8F9D0
:10A49000044638B9A6B92846BDE8F041FFF776BFB3
:10A4A0006FF088040023C8F800702B7146B9284665
:10A4B000FFF76CFF2046BDE8F0816FF08904F1E7FB
:10A4C0002146D8F800303A463046FFF7CAFD284604
:10A4D000FFF75CFF002C08BF0446EBE71FB5012423
:10A4E0000394089C0294079C0194069C0094FFF737
:10A4F000C2FD04B010BD2DE9F04788B005469A466C
:10A500000023079325F0004323F47F03B3F1106F7A
:10A51000DDE91096DDF84880084617461CD12B4629
:10A520004FF4804207A9F7F755FA0446B0B9CDE9D0
:10A530000368CDE901A907980097D0E909122B46D5
:10A5400000F0A2F9044648B90798F7F791FE0446CF
:10A55000204608B0BDE8F0876FF0860431464846D3
:10A56000F7F7B6FC0798C8F80060F7F781FEEFE749
:10A57000034608461B8803F4E043B3F5805F1146A9
:10A5800002D0B3F5005F01D1F7F7A2BC6FF08500F0
:10A5900070477FB5002203880A60CDE90122428816
:10A5A00006460D46002A69D0028802F4E042B2F560
:10A5B000804F63D023F0FF03B3F5E24F02D0B3F531
:10A5C000824F04D13046FFF7F0FC0446D8B902AA06
:10A5D00001A93046F7F70AFB0446002843D1019B46
:10A5E0009B6A9BB10199304601F12803D1E9091218
:10A5F00000F087F80446002839D101982946F7F77A
:10A600005BFA044678BB204604B070BD73681B0A31
:10A6100022D13088718800F4E043B3F5805F15D013
:10A62000B3F5005F12D020F0FF03B3F5E24F22D163
:10A63000C0B242280ED10831C9080391039901988C
:10A64000FFF792FD04460028CCD00CE0FFF75DFD3B
:10A65000044640B90731EFE703A9304600F04CF853
:10A6600004460028EAD00198F7F722FBCBE70198CF
:10A67000FFF7AFFDF7E76FF08504F4E76FF08604AE
:10A68000C1E71C22002100F08BBB03466FF0404263
:10A690000846591E914207D338B103F14043934213
:10A6A0008CBF00200120704701207047034668B12D
:10A6B000017F8A1E012A0BD80329026A03D1012ACD
:10A6C00001D1FFF791BD1AB1013A1A62002070471B
:10A6D0006FF09600704700207047C0B2002814BF8A
:10A6E0006FF08500002070470020704770470022FF
:10A6F0001A606FF08600704700230B606FF08600D1
:10A7000070472DE9F04147683F0A04460D4616465A
:10A71000984611D107887F0407D44346324629461C
:10A720002046BDE8F041FFF723BF00F0DCF810F150
:10A73000860FF2D0BDE8F0816FF08600FAE72DE9D0
:10A74000F04F476885B03F0ADDE90E9ADDF840B06A
:10A7500004460D461646984615D1CDE901ABCDF815
:10A76000009000F0B2F810F1860F0ED14346324649
:10A7700029462046CDE90FABCDF8389005B0BDE8AD
:10A78000F04FFFF704BD6FF0860005B0BDE8F08F15
:10A7900010B44468240A02D110BCFFF742BD6FF028
:10A7A000860010BC70472DE9F34747683F0ADDE992
:10A7B0000A9A04460D461646984611D1CDE9009AEC
:10A7C00000F075F810F1860F0CD143463246294649
:10A7D0002046CDE90A9A02B0BDE8F047FFF779BDFF
:10A7E0006FF0860002B0BDE8F08713B504464868F4
:10A7F000000A0AD10498009004F10800F7F75EFE01
:10A8000008B91C23236002B010BD6FF08600FAE780
:10A8100010B404681C2C03D110BC0830F7F77ABEC2
:10A820006FF0860010BC704738B503681C2B0CD144
:10A8300000F10804204600F05DF94FF490710546E0
:10A840002046F6F75FFF284638BD0025FBE7036882
:10A850001C2B02D1083000F028B96FF08600704739
:10A8600010B404681C2C03D110BC083000F026B9C9
:10A870006FF0860010BC704703681C2B02D10830B3
:10A8800000F028B90020704710B44468240A02D1AF
:10A8900010BC00F037B96FF0860010BC7047F7F7B6
:10A8A00093BEF7F7C1BEF7F715BFF7F757BD10B462
:10A8B000048804F44F44B4F5824F02D110BC00F078
:10A8C000A9B96FF0850010BC704710B4048804F477
:10A8D0004F44B4F5824F02D110BC00F0CBB96FF0F9
:10A8E000850010BC704710B4048824F0FF04B4F550
:10A8F000E24F02D110BC00F010BA6FF0850010BC1E
:10A900007047024612F8103BDB0903EBC303C3EBAD
:10A91000031312F8011D83EA4103904213704FEABA
:10A920001323F6D170472DE9FF47054688461446A4
:10A9300022B3D0F8486100F5947786B9A0444FF06F
:10A9400010090DF10C0A102CA8EB040237D823468D
:10A950003946384600F051F9C5F848410EE0C6F1D5
:10A9600010094A450FD8B91913460846424600F067
:10A9700044F9D5F848312344C5F84831002630461B
:10A9800004B0BDE8F087B9F1000F08D0B91942460C
:10A990004B46084600F031F9103EC844344403AB3E
:10A9A0001022019300923B4639462846FFF730FFBC
:10A9B00006460028C2D02846FFF736FFDFE71023FF
:10A9C0003946384600F019F9CDE9009A3B46102285
:10A9D00039462846FFF71CFF06460028EBD1103CFD
:10A9E000B1E72DE9F0439846D0F84831102B1746CF
:10A9F00085B00446894600F59C7200F594751CD11B
:10AA00002946284600F0F9F803AB10220193009282
:10AA10002B4629462046FFF7FBFE064630B93A464C
:10AA20002946484600F0AEF9C8F800702046FFF706
:10AA3000FBFE304605B0BDE8F083C618104696F818
:10AA4000283183F0800386F82831FFF75AFF10235E
:10AA50000246D5E7F0B5D5B004460E4617460021AC
:10AA60004FF4A67201A81D4600F09AF921463B4614
:10AA7000324601A8F7F79AFC044680B95A9A29464B
:10AA800001A8FFF750FF044648B9DDE95C235B9954
:10AA900001A8FFF7A6FF0446204655B0F0BD01A867
:10AAA000FFF7C2FEF8E7F7F7A7BC90F84C31022B8E
:10AAB00001D1FFF738BF6FF08800704710B490F8ED
:10AAC0004C41022C02D110BCFFF78BBF6FF0880005
:10AAD00010BC704710B590F84C31022B044607D1DA
:10AAE000FFF7A2FE4FF4A8720021204600F058F9AB
:10AAF000002010BD08B54FF49072002100F050F90D
:10AB0000002008BD10B4048804F44F44B4F5824F0B
:10AB100002D110BCF7F7F2BD6FF0850010BC704792
:10AB20002DE9F04F89B005460E461C4602EB03089E
:10AB300000F5947A0DF110090F2CA8EB040704D846
:10AB40001CBB002009B0BDE8F08FD5F82831002EDD
:10AB500003F1010303AA4FF0100BC5F82831514649
:10AB600014BF4B463B460192CDF800B05A462846EA
:10AB7000FFF74EFE0028E5D12EB15B46324649462E
:10AB8000384600F03AF8103CD6E7D5F828310133C2
:10AB9000C5F82831102203AB019300920DEB02039C
:10ABA00005F594712846FFF733FE0028CAD136B167
:10ABB0002346324604A9384600F01FF8C1E7224672
:10ABC00004A9384600F0DEF8BBE710B58CB030239E
:10ABD0006A460446FFF7A4FF18B969462046F7F70E
:10ABE000BFFC0CB010BD03460144002013F8012B3C
:10ABF0008B4240EA0200F9D1704730B50B4411F89E
:10AC0000014B12F8015B994284EA050400F8014BFC
:10AC1000F5D130BDF8B5054614466F882D8805F48A
:10AC2000E04CBCF5804F1846DDE9063606D19A4265
:10AC30001DD800F0A7F834600020F8BD47F21212CA
:10AC4000954202D06FF08500F7E7640001349C4222
:10AC50000DD80423B7F5807F34600370F2D1013042
:10AC6000F7F7CAFE0028E7D06FF08600E5E76FF03F
:10AC70008900E2E72DE9F0411F460388DDF82080D6
:10AC80000E4644F212118B42154642882ED047F2EE
:10AC900012118B423BD102B9EA00B2F5807F36D166
:10ACA000202D03D06FF08600BDE8F08129463046A4
:10ACB000FFF799FF0028F5D03046F7F789FE002806
:10ACC000F0D1D8F8004034F48074EBD1069B9D425B
:10ACD00020D82A463146384600F054F8079B1D60BC
:10ACE0004FF48073C8F800302046DDE71AB9EB074F
:10ACF000D8D56A08D200B2F5807F08D1412DD1D1D4
:10AD00003378042BCED1701CF7F76CFED7E76FF0C9
:10AD10008500C9E76FF08900C6E7F8B50D4647889A
:10AD200001881E4647F21213FC1D99424FEAD404D3
:10AD300002D06FF08500F8BD944215D82146284610
:10AD4000F7F7C6F80028F6D121462846FFF74BFF53
:10AD50000028F3D0B7F5807FEBD12846F7F738FE0F
:10AD60000028EBD13460E6E76FF08900E3E7704735
:10AD7000F5F7A2B84FF0FF324FF0FF33F5F724B8E4
:10AD8000FEF709BD0A44914200F1FF3300D170473C
:10AD900010B511F8014B03F8014F9142F9D110BDE4
:10ADA00002440346934200D1704703F8011BF9E7C0
:10ADB00010B501390244904201D1002005E003782A
:10ADC00011F8014FA34201D0181B10BD0130F2E76A
:10ADD00010B56AB10139841810F8012B11F8013F40
:10ADE0009A4203D1A04201D0002AF5D1D01A10BD59
:10ADF0001046FCE710B50139044632B111F8013FA5
:10AE000000F8013B013A002BF7D10021FFF7C8FF02
:10AE1000204610BD10B5024601448A42134603D0B5
:10AE20001C780132002CF8D1181A10BDF0B5044678
:10AE300008B9146844B1204614F8015B0F4617F8AE
:10AE4000016B1EB965B91560002005E0B542F6D169
:10AE5000002BF0D114600370F0BD1C460CE015B956
:10AE600014F8013B0E4616F8015BAB42F7D1002BFC
:10AE7000F3D0002304F8013C1460EDE70123FFF751
:10AE8000D5BF2DE9F047C3F13709074688465FFA79
:10AE900089F903F01F0516464FF0000A384641466F
:10AEA0002A465346E1F7DEF8D4B2092C88BF4C4459
:10AEB0003A46434688BFE4B2AA4204F1300473EB39
:10AEC0000A0306F8014B07468846E7D23046BDE83C
:10AED000F0872DE9F04F87B00618994602AB41EB99
:10AEE0000104009315463046D2E900232146DDF8DF
:10AEF00044B000F0A9F804AB0093D5E9022307465B
:10AF000088463046214600F09FF8DDE90263841947
:10AF100051EB0306049BD5E900014FF0000228BF66
:10AF20000122D218059B43F10003381848EB0101B8
:10AF3000B84271EB0801D5E902C134BF01200020FD
:10AF400014EB0C0C46EB010110EB0C0041F100017D
:10AF5000A04271EB060C34BF4FF0010C4FF0000C17
:10AF6000CDE90423A9F1410A1CEB020243F10003DD
:10AF7000CDF800A000F083F8109BC3E90001129BFC
:10AF8000012BDDE9042329D1D5E90201D5E900C56A
:10AF9000201A66EB0101674578EB050534BF0125F2
:10AFA0000025401B61F10001844276EB010534BFAE
:10AFB00001250025521BCDF800A063F1000300F02D
:10AFC0005EF8DDE90423CBE90001CDF800A02046BE
:10AFD000314600F054F807B0BDE8F08F17EB070ECC
:10AFE00048EB080C201946EB0601BE457CEB08082F
:10AFF00034BF01270027C71941F10008D5E9000136
:10B0000086457CEB010CD5E9021534BF01200020F8
:10B01000381A68F1000C401A6CEB050192185B417C
:10B02000A74278EB060534BF01250025521943F1EC
:10B030000003874278EB010834BF01250025521B2D
:10B04000A9F140050095B8E7F0B50F460446A0FB0E
:10B050000201A7FB02524919A3FB044542F1000279
:10B06000A7FB0373611845F10004D219059E43F153
:10B070000003121943F10003C6E90023F0BDF0B547
:10B08000059CC4F14007C4F1200602FA06F6A4F1BB
:10B090002005BB4022FA05F53343C4F120062B43BB
:10B0A00001FA06F6A4F12005E04021FA05F5304347
:10B0B000BA402843E14010431943F0BD2DE9F04167
:10B0C0000446CD0FC1F30A50C1F3130154EA01073E
:10B0D000157140F2FF7607D0B0420CD145F008055B
:10B0E00015710020BDE8F081002863D0B0425ED128
:10B0F00045F00405F4E7002859D10120A0F2FF3003
:10B10000002B106059DB0C2B59DCC3F10D05AD0091
:10B11000012005F1FF3CA5F12107C5F1210620FA28
:10B1200006F600FA07F700FA0CF03743061847EB6B
:10B130000708D6F1000E68EB480C013E48F1FF38D5
:10B14000264008EA0108B04277EB08080FDBC5F19A
:10B150002008B5F1200601FA08F824FA05F545EAB9
:10B1600008055CBF41FA06F63543ED0703D5201804
:10B17000044641EB070104EA0E0401EA0C019DF8C4
:10B180001860123218460D25C6F127064FF0300E12
:10B1900004F00F03240944EA017405F1FF3C09118E
:10B1A000571EB3B9A8420CDA65463A46F0E741F4B7
:10B1B0008011A3E704460146A2E70023DFE70D2341
:10B1C000DDE782F800E01CF1010365463A46DFD175
:10B1D00088E7092BC8BF9B193033A8421370B8BF4A
:10B1E0002846F0E7D1E9043293421EBF5A1C0A6197
:10B1F000187070470148006870470000284300201D
:10B20000BE44FE7F01000000BD38010000000000C8
:10B210001D3901000000000000000000D8B202004B
:10B22000DB950200000000007DFB01000000000033
:10B23000A1FB01000000000000000000F8B20200C5
:10B24000F5C001000000000079E4010000000000EA
:10B25000CF8A0200000000000000000018B30200C6
:10B260000000000038B3020081D701000000000098
:10B270002D19010000000000D5360100000000007B
:10B280000000000058B302005DE50100000000006E
:10B29000FD000200000000000000000098B3020062
:10B2A00000000000D8B3020000000000B8B30200A4
:10B2B0000000000078B30200693D010000000000BA
:10B2C0004B8A020000000000558A020000000000C6
:10B2D00000000000F8B302007CF5020010C3020079
:10B2E000E4B50200FC1800202845002031BE010012
:10B2F000000000000000000033F6020030C302002E
:10B30000A0B5020002190020F045002069C6010026
:10B310000000000000000000A5F502000000000091
:10B3200080B50200FE1800207C45002019C30100F2
:10B3300000000000000000006FF80200B8C3020027
:10B3400000B6020008190020B4170020BDCD01008E
:10B35000F98602000000000081FB020000000000EE
:10B36000E4C402000E1900207046002089DB0100B1
:10B3700000000000000000000FF6020000000000C6
:10B3800088B50200001900200000000039C4010047
:10B39000000000000000000010F7020088170020E5
:10B3A000C4B5020004190020FC4500208F83020070
:10B3B0008B8302000000000047FA020014C4020060
:10B3C000DCB502000A190020D8170020C9CE010000
:10B3D000000000000000000054FA02007CC40200DB
:10B3E000DCB502000C19002048180020C9CE01006D
:10B3F000000000000000000036F8020070C30200E8
:10B400000000000006190020D15C0020DDC9010009
:10B410000000000000000000E98A0200238B020007
:10B4200000000000275B020038B3020053860200D0
:10B43000FC450020ADF3010035EF0100238B020035
:10B4400000000000275B0200E4150020FB800200E2
:10B4500000000000275B020000000000275B0200E4
:10B4600000000000275B020000000000275B0200D4
:10B4700000000000275B020000000000275B0200C4
:10B480007C45002089C3010000000000275B02000A
:10B4900000000000275B020000000000275B0200A4
:10B4A000000000004DD8010000000000275B0200F2
:10B4B00000000000275B020000000000275B020084
:10B4C00000000000275B020000000000275B020074
:10B4D00000000000275B020000000000275B020064
:10B4E00000000000E1E4010000000000275B020012
:10B4F00000000000275B020000000000275B020044
:10B5000000000000275B020000000000275B020033
:10B5100000000000275B020000000000275B020023
:10B5200000000000275B020000000000275B020013
:10B5300045EF0100238B020000000000275B0200A2
:10B5400000000000275B020000000000275B0200F3
:10B55000603500208073002000040000EDBC010075
:10B560000000000000000000000000000E000000CD
:10B570000000000076F5020000000000000000005E
:10B58000C1C2010019C20100238002008DC5010063
:10B59000C9C401000DC40100A77F0200FDC3010062
:10B5A000FF800200518002005F800200778002006D
:10B5B000838002008F80020071820200A980020055
:10B5C000000000004DC8010000000000C5C60100D9
:10B5D0000000000000000000E5830200A5D001008B
:10B5E0002788020089BE0100557E0200B57E020058
:10B5F00000000000F37D02000000000000000000D9
:10B60000E384020009CD0100D5840200FF86020018
:10B610000985020031850200678502007B850200F2
:10B62000A9850200BD8502007B8502009985020084
:10B63000D1850200DF850200ED850200238602002D
:10B6400027860200050000004D740100060000007E
:10B65000ADAA010004000000BD8401002103010027
:10B660006D03010000000000000000000000000069
:10B6700000000000000000000000000000000000CA
:10B6800000000000000000000000000000000000BA
:10B69000959A0100000000000000000038C102007F
:10B6A00008000000D8C1020007000000E8BD020049
:10B6B00006000000DFE302000200000042EC02008E
:10B6C0000200000079D90200020000003CE80200FC
:10B6D00002000000E0F402000200000080D9020035
:10B6E0000200000065E502000200000049F00200CF
:10B6F0000200000045E102000200000086E30200B3
:10B7000002000000C8F4020002000000CEE90200BE
:10B710000200000010D80200020000009EFB0200A0
:10B72000020000008CFB02000200000033D902007E
:10B7300002000000B8F302000200000073D0020013
:10B740000200000097F502000200000056D8020037
:10B750000200000029F602000200000026FC0200A0
:10B760000200000078D10200020000003EF8020052
:10B770000200000041F60200020000001DF7020076
:10B780000200000076F502000200000087D10200EE
:10B79000020000008BD1020002000000B6C80200C7
:10B7A00003000000CAFB02000200000024D70200D0
:10B7B0000200000085D70200020000008DD70200C1
:10B7C00002000000F0FB0200020000004DFD02003C
:10B7D0000200000036D90200020000009CD70200DF
:10B7E0000200000061FA0200020000007DF8020081
:10B7F00002000000B0CC020003000000C4CF020031
:10B8000003000000B9CF020003000000C4BE020024
:10B81000BC420020A0D20200010000000400000091
:10B820000F000000010000000800000020000000E0
:10B8300064000000740000000D0000000C00000017
:10B840000E0000005000000078000000AC00000076
:10B85000FFFFFFFFFFFFFFFFFFFFFFFFFFFFFFFFF8
:10B8600030D902000000000000000000F93901009A
:10B87000B53C01000000000060EF02000100000084
:10B88000000000000F720200000000000000000035
:10B890003DF002000100000000000000659401007E
:10B8A000000000000000000035F002000100000070
:10B8B00000000000E18A01001D9901000000000065
:10B8C000C0F40200010000000000000015B90100F2
:10B8D00021B801000000000043F002000100000058
:10B8E000000000005D9001003D8F0100000000009D
:0CB8F00000000000A9060100000000009C
:10B9000000000000030000003000000060000000A4
:10B910000000000001000100000101000001000121
:10B92000000001000100000001000B0002000A00FD
:10B93000050009000A000800140007001E000600A8
:10B94000320005004B000400640003009600020072
:10B95000FA000100F401000002030100F401FA0002
:10B96000960064004B0032001E0014000A0005001F
:10B97000020001000C0802170D0101020909010172
:10B98000060209181803010109090303050302014E
:10B99000230202240910040405050B0B040B2B1BC6
:10B9A0001B159A9A1C021D16130501490D15050851
:10B9B000061B1B0F0A060601010000FEFEFEFEFE2E
:10B9C000FEFEFEFEFEFEFEFEFEFEFEFE16FEFEFE7F
:10B9D000FEFEFEFEFEFEFEFE1F1FFEFE26FEFEFE1D
:10B9E000FEFEFEFEFEFEFEFEFEFEFEFEFEFEFE3E37
:10B9F0003EFEFEFEFE3B3B00A301B103BF05EF028E
:10BA00004906A309C505F50B25120E021C045A03AD
:10BA1000B4063006600C0000010000001011004068
:10BA20000000000000000000000000000000000016
:10BA30000406080A0C0E10121416181C1E202224CC
:10BA400026282A2C2E30323436383A3C3E404244A6
:10BA500046484A4C4E021A500000000028000000E0
:10BA60001800000000000000141E0000301100004B
:10BA70000000000070170000A00F00000000DC05AF
:10BA8000E803000000000000141E00003011000058
:10BA900000002CA6E0A100003408E8030001030226
:10BAA000D8ECF0F4F8FC00020304050607080000D7
:10BAB0000000000000000000000000000000000086
:10BAC0000000010101010202020203030303040456
:10BAD0000404050505050606060809000000000027
:10BAE0000000000000000000000000000000000155
:10BAF000010101020202020303030304040404051A
:10BB000005050506060708090A0B0C0D00100200C2
:10BB1000FA00000001030062746C65000000000080
:10BB20000000000000000000000000000000000015
:10BB30000000000000000000000000000000000005
:10BB400000000000000000000001000000000000F4
:10BB50000338FDD87047000001000000000000001D
:10BB600005000000000000001900000000000000B7
:10BB70007D000000000000007102000000000000D5
:10BB8000350C000000000000093D0000000000002E
:10BB90002D31010000000000E1F50500000000006B
:10BBA00065CD1D0000000000F902950000000000B6
:10BBB000DD0EE90200000000514A8D0E0000000079
:10BBC0009573C24800000000E941CC6B0100000001
:10BBD0008D49FD1A07000000C16FF28623000000A6
:10BBE000C52EBCA2B1000000D9E9AC2D780300003D
:10BBF0003D9160E45811000031D6E275BC5600005A
:10BC0000F52E6E4DAEB10100C9EA268367780800B3
:10BC1000ED95C28F055A2A00A1EDCCCE1BC2D300F0
:10BC200025A4000A8BCA22040000000000000000C6
:10BC300000000000000000100000000000000000F4
:10BC4000B9340332B7F4AD1410DB1AB30892540EB2
:10BC50000D307D951447BA1A66088F4D26ADC66D16
:10BC6000F598BF85E2B74511CA96853D92BD1DEB9B
:10BC7000FCA11860DCEF52163C92AE220BB8C1B4A6
:10BC8000839D2D5B0562DA1C304C7E8F4E8BB25B40
:10BC900016F4529F8B56A512FBD4827643ED8AF0A0
:10BCA0008FE7F9311565191850F19BD94A13EEB495
:10BCB000284CF0A686C1251F035FC270CB9E491693
:10BCC000E642889C44EB2014B0650836AD6EA5852D
:10BCD00085F0CA14E2FD031A0B899979D5B13D09A3
:10BCE000D8DA973A35EBCF10AC363F5E73BB38CF1E
:10BCF0003E6752FA44AFBA15010000000000000090
:10BD00000000000000000020345065C05FC9A6524A
:10BD1000BB13CBAEC440C21806C8DF7100D5A87CE7
:10BD2000F56F0FDA58FC27136E4756357D242065D2
:10BD300002C7E768E48CA41DE9E60268D7CD396143
:10BD40007977FCC2405BEF16798CDE43FFA751F98F
:10BD500091F3B278F5BDBE11E857E9D6E8BEE87BAD
:10BD6000B054AC8F848D751BEA23A499E9F9D38B69
:10BD7000B7A3714061DA3E15CEE33ECB73F94808B4
:10BD80008C97B427D51B7010A2BFEFB9EB85321585
:10BD90004DB44DB49BBB6F1996B6076CF8E7EEAD8A
:10BDA00036D9B4F59135AE13222218AF4E6A684DDC
:10BDB00091DAAA3D4F40741E9FBD9EE006A1C09837
:10BDC00057C2A7FDA40E90170E7D497173E3208F13
:10BDD000B220D87605143B12853D7434811343B0EC
:10BDE000AD297A5F27F4351C04C70200D573020021
:10BDF0000000000097CC02000000010000C7020014
:10BE00009775020000000000A4150020000001004A
:10BE100075CC02006F44020000000000BF4E0020FD
:10BE200000000100FCC60200A77302000592010099
:10BE30008C15002000000300F8C602009775020070
:10BE400000000000841500200000010053CC020017
:10BE50000000000015FF00000000000000000800C6
:10BE600009070000A8CC020001010000F81800201A
:10BE700007100000E8180020102C0020000100002E
:10BE800051560200F3550200020000000158020062
:10BE900000000000000000000000000000000000A2
:10BEA00080D2020088D202000000000000000000E2
:10BEB0000000000090D2020094D2020098D202004A
:10BEC0009CD202008D23010081230100B1230100D7
:10BED000692301000000000075230100000000003C
:10BEE0000D240100C44200207959002010000000F8
:10BEF00002000000000000000000000000E0070059
:10BF000078B302000100000000E0070000200000FC
:10BF100078B30200C01000200000000000000B06F3
:10BF20000200000028BF02000000000071D70200DC
:10BF3000240002020000002079D702001E000B112D
:10BF4000D41500206137010000000000B15B020041
:10BF500044BF020060BF02004A0000000000000071
:10BF6000F096002044BF020074BF02002E000000C3
:10BF700000000000B89B002044BF020088BF020000
:10BF800002010000000000008C9C00200E03000055
:10BF9000DD5301000F040000A95301001A01000045
:10BFA000053F010005040000A93F01001301000046
:10BFB000E94601003E0100000D45010001120000AC
:10BFC000636002000A1E000055600200FF010000CD
:10BFD000814601003E0100006146010005040000A9
:10BFE000F53F0100080400008D4A01003003000005
:10BFF000054A0100100100009D40010001120000EF
:10C000002D5301000A1E00003D61020003090000DB
:10C01000E9470100040B00003D410100060A000051
:10C02000D14C0100070A00006D4001000C05000022
:10C0300039400100050C00000D4C010044BF020016
:10C040004CC002004700000000000000A89D002036
:10C05000BBE70200C8E70200E8E70200DCE70200F5
:10C06000F3E702000AE802001AE8020062EB0200AD
:10C070002EE8020044BF020084C00200000000005D
:10C0800000000000C89E002044BF020098C00200CB
:10C090004A00000000000000F09E0020AB67020094
:10C0A000FD6702000000000000000000000000002A
:10C0B00055770100000000000000000000000000B3
:10C0C0000000000002020100896F02000404010068
:10C0D000518401000606010091830100080401005B
:10C0E0007D8201000A020100716F02000C04010050
:10C0F000596F02000E04010051810100200401006B
:10C10000B580010010040100C57F0100120201008A
:10C11000296E02001E000400E570020052020000B9
:10C120004F6E020044BF020034C102004C00000008
:10C130000000000048A0002034C70200D5730200B0
:10C140000000000030C70200000001002CC7020000
:10C1500097750200000000001C170020000001007D
:10C1600024C70200000000000000000000000000E2
:10C170000000000020C70200A77302000592010022
:10C1800024170020000003001CC70200977502005E
:10C1900000000000141700200000010014C7020076
:10C1A0000D740200819301000000000000000300F4
:10C1B00010C7020097750200000000000C17002055
:10C1C0000000010008C702003198010000000000D3
:10C1D000000000000000010060C70200D5730200EB
:10C1E000000000005CC702000000010058C7020008
:10C1F00097750200000000004C17002000000100AD
:10C2000050C702003D740200000000000000000062
:10C21000000001004CC702009775020000000000FA
:10C22000441700200000010044C7020067740200A8
:10C2300000000000000000000000010040C70200F4
:10C2400097750200000000003C170020000001006C
:10C2500038C70200B18E010000000000000000009D
:10C260000000010029AA0100237C020081B4010022
:10C2700000000000000000006DB10100000000009F
:10C2800000000000000000000000000000000000AE
:10C2900000000000C5AB010006000000E7790200C5
:10C2A00006000000A1A701001000000015A4010075
:10C2B0001000000021B40100010000001978020004
:10C2C00010000000E37902000A000000D1AA01007A
:10C2D0001000000051B2010007000000EB790200DD
:10C2E00010000000E37802000100000075A90100C1
:10C2F000400000008779020010000000037902006E
:10C3000001000000EDBD0100BDBD01000000000006
:10C3100065BF0100E5BE01008BF50200C5BE01004E
:10C32000DB7E020091F502000400000000FF000027
:10C33000FFFFFFFF00000050E41500200000000098
:10C34000000000000030004050C302000200000066
:10C3500068C302000200000060C302000201000086
:10C360001A80000C1B80000B1A06000C1B06000B29
:10C37000320000000400000088C3020018360020CC
:10C3800065C9010000000000F8B202000D001100B4
:10C390000B000000F8B202000E00110002000000C5
:10C3A000F8B202000F00110003000000F8B2020012
:10C3B00010001100040000000020004001000000F7
:10C3C00000000000D8C302000000D60100000000F9
:10C3D000D25C0020D15C002000200040E4C30200B9
:10C3E0000200000004C4020004000000F4C30200C4
:10C3F00004010000068000000880000105800002A2
:10C40000078000030600000008000001050000028C
:10C41000070000030030024001000000000000FFA0
:10C4200000FF00000000000000000001010000000B
:10C430009F87020040C4020000000000FFFFFFFFD2
:10C44000003002404CC402000200000068C4020038
:10C45000030000005CC40200030100001980000416
:10C460001780000518800006190000041700000559
:10C4700018000006F8B2020016000100004000405B
:10C4800000000000000000FF00FF000000000000AE
:10C49000000000010100000095870200A8C402000E
:10C4A00000000000FFFFFFFF00400040B4C4020096
:10C4B00002000000D0C4020003000000C4C4020057
:10C4C000030100001F8000041E8000051D8000067F
:10C4D0001F0000041E0000051D00000600000000F3
:10C4E00000000000B5DA0100238902005189020032
:10C4F000F9FC020007FD02001BFD02002AFD0200FC
:10C5000036FD020008B2020008B2020068B2020062
:10C5100070B20200D8B20200D8B2020050FD020090
:10C520000001000000000000512563FCC2CAB9F3FD
:10C53000849E17A7ADFAE6BCFFFFFFFFFFFFFFFFDA
:10C5400000000000FFFFFFFFAAAAAAAAAAAAAAAA9F
:10C55000AAAAAAAA55555555555555555555555537
:10C560000000000055555555522563FCC2CAB9F369
:10C57000849E17A7ADFAE6BCFFFFFFFFFFFFFFFF9A
:10C5800000000000FFFFFFFF512563FCC2CAB9F3A2
:10C59000849E17A7ADFAE6BCFFFFFFFFFFFFFFFF7A
:10C5A00000000000FFFFFFFF96C298D84539A1F4B4
:10C5B000A033EB2D817D0377F240A463E5E6BCF860
:10C5C00047422CE1F2D1176BF551BF376840B6CB2B
:10C5D000CE5E316B5733CE2B169E0F7C4AEBE78E27
:10C5E0009B7F1AFEE242E34F4B60D2273E3CCE3B9C
:10C5F000F6B053CCB0061D65BC86987655BDEBB33E
:10C60000E7933AAAD835C65AFCFFFFFFFFFFFFFFAA
:10C61000FFFFFFFF0000000000000000000000001E
:10C6200001000000FFFFFFFF647261676F6F6E2FF4
:10C630006C6962732F73636865642F7372632F7301
:10C64000636865645F68616C5F7274632E63000089
:10C6500000000000000000000000000000000000DA
:10C660000000004095596959555554551555555672
:10C67000040515411054554045515544404550441A
:10C680005055554500400040400444966555565568
:10C6900045404554514115405591555555554051CA
:10C6A000050100005445545445550504001004107C
:10C6B0001404400000000140555515415404000089
:10C6C0004400010000000040410000445044455037
:10C6D000540055555455655100400040010000017B
:10C6E000000501001154515154555505000000003A
:10C6F00000000000000000000000032800000229E4
:10C70000000003280000002800002A2B00002A2B2C
:10C71000000003280000292B0000292B000003281B
:10C72000000002290000052A0000052A0000032855
:10C7300000000118000000280000042A0000042A5C
:10C74000000003280000012A0000012A000003283D
:10C750000000002A0000002A000003280000001842
:10C760000000002853657474696E6773206C656EF1
:10C77000677468206D69736D6174636820666F7299
:10C780002063617264732120457870656374656409
:10C7900020257A752C20676F7420257A75002D2D41
:10C7A0002D204E564D204C4F414420535543434578
:10C7B0005353202D2D2D00526573746F72656420C4
:10C7C00025642063617264732066726F6D207374D8
:10C7D0006F726167652E0057616C6C4E6574204204
:10C7E0006F6F74696E672E2E2E004661696C6564EA
:10C7F00020746F2072656769737465722073657445
:10C8000074696E67732068616E646C657220286558
:10C810007272202564290053657474696E677320F1
:10C820006C6F6164206661696C6564202865727252
:10C830002025642900456E746572696E672046691B
:10C840007273742D54696D652053657475702E0074
:10C850004578697374696E67206461746120666FDE
:10C86000756E642E205661756C74204C6F636B6519
:10C87000642E0046696E6765727072696E742F422D
:10C880006C7565746F6F74682073657475702C2097
:10C890006D6F76696E67206F6E20746F20657665A8
:10C8A0006E7420696E74657272757074732E007781
:10C8B000616C6C6574006D61696E5F6170700042DF
:10C8C0004C452077726974652072656A656374658A
:10C8D000642E2053797374656D206973206E6F74B4
:10C8E00020696E204C4F434B45442073746174653E
:10C8F0002E004E65772077616C6C657420747261D0
:10C900006E736D697373696F6E20646574656374AB
:10C9100065642E20456E746572696E6720424C45D1
:10C920002053796E632053746174652E2E2E007C23
:10C930000050617273656420736C6F742025643AD3
:10C94000202573004D616C666F726D6564206361B4
:10C95000726420646174612069676E6F7265642E11
:10C9600000656E61626C65640064697361626C6528
:10C970006400475053206E6F74696669636174691F
:10C980006F6E7320257300596573004E6F00506100
:10C990006972696E6720436F6D706C6574652E20D7
:10C9A000426F6E6465643A202573004661696C6568
:10C9B0006420746F20726573746172742061647690
:10C9C0006572746973696E672028657272202564C8
:10C9D00029004164766572746973696E67207265B7
:10C9E000737461727465642E2057616974696E672F
:10C9F00020666F72207061697265642070686F6E66
:10CA0000652E2E2E0053796E63206661696C656415
:10CA1000206F7220656D7074792E20526574616983
:10CA20006E696E67206F6C642063617264732E00A0
:10CA300056616C69646174696F6E207061737365AF
:10CA4000642E2050726F6D6F74696E672073686119
:10CA5000646F7720636172647320746F204C697611
:10CA6000652041727261792E0077616C6C65742F5C
:10CA70006361726473004E564D20536176652046A3
:10CA800061696C65642028256429004E564D205349
:10CA900061766520537563636573733A20537973C8
:10CAA00074656D20686F6C64732025642063617207
:10CAB00064732E00424C452053796E6320436F6DA2
:10CAC000706C6574652E2053797374656D204C6F9E
:10CAD000636B65642E00436F6E6E656374696F6E81
:10CAE000206661696C656420286572722030782543
:10CAF0003032782900436F6E6E656374656420740C
:10CB00006F2050686F6E6500446973636F6E6E6569
:10CB1000637465642066726F6D2050686F6E652067
:10CB200028726561736F6E20307825303278292E37
:10CB3000006770732F6C6173745F6669780046617B
:10CB4000696C656420746F20616E63686F72204742
:10CB5000505320746F204E564D20282564290041E3
:10CB60006E63686F726564204C617374204B6E6FE6
:10CB7000776E2047505320746F204E564D2E004242
:10CB80006C7565746F6F746820696E697420666176
:10CB9000696C6564202865727220256429004661ED
:10CBA000696C656420746F2072656769737465725F
:10CBB000206175746820696E666F2063616C6C62B9
:10CBC00061636B73202825642900424C452053740F
:10CBD00061636B20496E697469616C697A65642E62
:10CBE0002057616974696E6720666F72204E564DDA
:10CBF00020746F206C6F6164204D41432061646438
:10CC0000726573732E2E2E0041647665727469739B
:10CC1000696E67206661696C656420746F20737447
:10CC200061727420286572722025642900424C4587
:10CC3000204164766572746973696E6720737563E9
:10CC40006365737366756C6C792073746172746557
:10CC5000642E0002F3DEBC9A7856341278563412F1
:10CC60007856341202F3DEBC9A7856341278563471
:10CC7000127856341202F1DEBC9A78563412785685
:10CC800034127856341202F1DEBC9A785634127897
:10CC90005634127856341202F0DEBC9A78563412AA
:10CCA000785634127856341257616C6C4E657400A5
:10CCB00077616C6C6E65745F626C65005B452D49D5
:10CCC0004E4B5D20536574757020312F323A2050E1
:10CCD0007265737320627574746F6E20746F206553
:10CCE0006E726F6C6C2041646D696E2046696E6770
:10CCF00065727072696E742E005B452D494E4B5DF6
:10CD000020456E726F6C6C696E672046696E676550
:10CD1000727072696E742E2E2E005B452D494E4B3B
:10CD20005D20536574757020322F323A2050726541
:10CD3000737320627574746F6E20746F2062656700
:10CD4000696E20426C7565746F6F746820706169DC
:10CD500072696E672E005B452D494E4B5D20506118
:10CD60006972696E67204D6F64653A204F70656E19
:10CD70002041707020746F20436F6E6E6563742E57
:10CD80002E2E005B452D494E4B5D2053796E636915
:10CD90006E672043617264732077697468205068FD
:10CDA0006F6E652E2E2E20506C6561736520576165
:10CDB00069742E005B452D494E4B5D205661756CA4
:10CDC00074204C6F636B65642E204E6F204361723C
:10CDD00064732053617665642E005B452D494E4B8C
:10CDE0005D20446973706C6179696E67204361727C
:10CDF000642025642F25643A20257320282E2E2EAA
:10CE0000257329005B452D494E4B5D205452414E00
:10CE1000534D495454494E473A20257300486F6C8E
:10CE2000642064657465637465642028256C6C6493
:10CE3000206D73292E20526573657474696E6720A6
:10CE4000746F204361726420496E64657820302ECF
:10CE50000021212120464143544F5259205245532D
:10CE6000455420494E4954494154454420212121EB
:10CE70000057616C6C65742077697065642E205270
:10CE800065626F6F74696E672073797374656D2066
:10CE9000696E2032207365636F6E647320746F2037
:10CEA000636C6561722073746174652E2E2E00525E
:10CEB0006573657420626C6F636B65643A205379A7
:10CEC0007374656D2069732063757272656E746C1E
:10CED00079206C6F636B696E67204E564D2E005340
:10CEE000494D554C415445442046494E47455250C2
:10CEF00052494E5420535543434553532E004E6FD1
:10CF000020636172647320696E2077616C6C657454
:10CF10002E2049676E6F72696E6720746170732E80
:10CF200000526567697374657265642025642074B6
:10CF30006170732E20416374697665204361726469
:10CF400020496E646578206973206E6F77202564B0
:10CF50002E004465766963652069732073796E637A
:10CF6000696E67206F76657220424C452E204967B6
:10CF70006E6F72696E6720627574746F6E20746173
:10CF8000702E0055492053756273797374656D2056
:10CF9000496E697469616C697A65642E20496E70A6
:10CFA00075742063616C6C6261636B73207265677A
:10CFB000697374657265642E0077616C6C6E65745C
:10CFC0005F75690077616C6C6E65745F6770730084
:10CFD00028756E7369676E656429206368617220C5
:10CFE0002A207573656420666F7220252570206184
:10CFF0007267756D656E742E204974277320726593
:10D00000636F6D6D656E64656420746F206361731A
:10D010007420697420746F20766F6964202A2062FE
:10D02000656361757365206974206D617920636142
:10D03000757365206D69736265686176696F7220CA
:10D04000696E206365727461696E20636F6E6669D4
:10D050006775726174696F6E732E20537472696E96
:10D06000673A2225732220617267756D656E743A86
:10D0700025640063627072696E74665F7061636BD1
:10D08000616765004661696C656420746F20726534
:10D09000626F6F743A207370696E6E696E67206597
:10D0A0006E646C6573736C792E2E2E0A004E565387
:10D0B000206E6F7420696E697469616C697A656449
:10D0C00000436F756C64206E6F74206F62746169C9
:10D0D0006E20666C61736820706172616D65746545
:10D0E000727300556E737570706F7274656420771B
:10D0F0007269746520626C6F636B2073697A650076
:10D10000536563746F722073697A65202575207486
:10D110006F6F206C617267652C206D6178696D7529
:10D120006D20697320257A7500556E61626C6520EB
:10D13000746F20676574207061676520696E666F23
:10D1400000496E76616C696420736563746F722048
:10D1500073697A6500436F6E666967757261746999
:10D160006F6E206572726F72202D20736563746F0D
:10D170007220636F756E740066735F6E7673006CF9
:10D180006F6767696E67006C6F67006C6F675F6DD4
:10D19000676D74004D657373616765202822257380
:10D1A00022292064726F7070656420626563617506
:10D1B000736520697420657863656564732073699D
:10D1C0007A65206C696D69746174696F6E202825B9
:10D1D0007529004D6573736167652064726F7070A7
:10D1E0006564206265636175736520697420657884
:10D1F00063656564732073697A65206C696D697411
:10D200006174696F6E2028257529000D0A001B5B6B
:10D21000306D00257320005B2530386C755D200073
:10D220005B253032753A253032753A253032752E0D
:10D23000253033752C253033755D200025732F0084
:10D240003C25733E200025733A200025303278209B
:10D250000020202000256300206D657373616765E1
:10D26000732064726F70706564202D2D2D0D0A1B64
:10D270005B306D001B5B313B33316D2D2D2D20005C
:10D280001B5B313B33316D001B5B313B33336D0036
:10D290006572720077726E00696E66006462670084
:10D2A0006C6F675F6261636B656E645F727474005C
:10D2B0007365742D76616C7565206661696C757235
:10D2C000652E206B65793A202573206572726F7226
:10D2D00028256429002A2A2A20426F6F74696E6704
:10D2E000206E524620436F6E6E6563742053444B2C
:10D2F0002076332E322E332D36663834383564326C
:10D3000038393064202A2A2A0A002A2A2A2055730A
:10D31000696E67205A6570687972204F53207634A1
:10D320002E322E39392D6334633735663731653700
:10D330003039202A2A2A0A0072302F61313A2020FF
:10D34000307825303878202072312F61323A202011
:10D35000307825303878202072322F61333A2020FF
:10D360003078253038780072332F61343A202030FD
:10D370007825303878207231322F69703A20203089
:10D380007825303878207231342F6C723A20203072
:10D3900078253038780020787073723A2020307801
:10D3A00025303878004661756C74696E6720696E47
:10D3B000737472756374696F6E20616464726573EF
:10D3C0007320287231352F7063293A203078253048
:10D3D000387800556E68616E646C656420495251FE
:10D3E0006E3A202564002A2A2A2A2A2042555320F0
:10D3F0004641554C54202A2A2A2A2A0020205374B8
:10D4000061636B696E67206572726F7200202055D0
:10D410006E737461636B696E67206572726F720000
:10D4200020205072656369736520646174612062B5
:10D430007573206572726F7200202042464152203F
:10D44000416464726573733A203078257800202037
:10D45000496D7072656369736520646174612062EF
:10D460007573206572726F72002020496E7374723A
:10D47000756374696F6E20627573206572726F7266
:10D48000002020466C6F6174696E672D706F696E45
:10D4900074206C617A792073746174652070726590
:10D4A000736572766174696F6E206572726F720057
:10D4B0002A2A2A2A2A205553414745204641554CBD
:10D4C00054202A2A2A2A2A0020204469766973696E
:10D4D0006F6E206279207A65726F002020556E6130
:10D4E0006C69676E6564206D656D6F72792061632C
:10D4F000636573730020204E6F20636F70726F63DB
:10D500006573736F7220696E737472756374696F7B
:10D510006E73002020496C6C6567616C206C6F61D4
:10D5200064206F66204558435F52455455524E2043
:10D53000696E746F205043002020496C6C656761F0
:10D540006C20757365206F662074686520455053A4
:10D5500052002020417474656D707420746F2065D2
:10D5600078656375746520756E646566696E65645B
:10D5700020696E737472756374696F6E002A2A2A4B
:10D580002A2A204D5055204641554C54202A2A2AFB
:10D590002A2A002020537461636B696E67206572CC
:10D5A000726F722028636F6E746578742061726583
:10D5B00061206D69676874206265206E6F742076E3
:10D5C000616C6964290020204461746120416363B7
:10D5D0006573732056696F6C6174696F6E002020EB
:10D5E0004D4D46415220416464726573733A203058
:10D5F000782578002020496E737472756374696FA2
:10D600006E204163636573732056696F6C61746942
:10D610006F6E005265736572766564204578636548
:10D620007074696F6E20280053707572696F75731E
:10D6300020696E7465727275707420284952512089
:10D6400000535053454C20696E20746872656164C4
:10D65000206D6F646520646F6573206E6F74206940
:10D660006E64696361746520505350002A2A2A2A27
:10D670002A2048415244204641554C54202A2A2A07
:10D680002A2A002020427573206661756C74206F11
:10D690006E20766563746F72207461626C652072AF
:10D6A0006561640020204465627567206576656E5B
:10D6B000740020204661756C7420657363616C6131
:10D6C00074696F6E20287365652062656C6F7729B9
:10D6D00000415243485F4558434550542077697490
:10D6E0006820726561736F6E2025780A002A2A2AE5
:10D6F0002A2A204465627567206D6F6E69746F72A7
:10D7000020657863657074696F6E202A2A2A2A2A38
:10D71000002A2A2A2A2A20257320256429202A2A39
:10D720002A2A2A006D7075004661696C6564207450
:10D730006F20616C6C6F63617465206E6577204D3E
:10D74000505520726567696F6E2025750A0050611B
:10D7500072746974696F6E2025753A2073616E6901
:10D76000747920636865636B206661696C65642EFB
:10D7700000464C4153485F30005352414D5F3000EA
:10D7800065786974006E65745F627566006E6574B5
:10D790005F6275665F73696D706C6500736F6300BF
:10D7A00000FFFFFFFFFFFF00000000000000FFFF81
:10D7B000FFFFFFFF0000000000007075626C6963EE
:10D7C0000072616E646F6D007075626C69632D69C3
:10D7D000640072616E646F6D2D696400253032588B
:10D7E0003A253032583A253032583A253032583AB4
:10D7F000253032583A2530325820282573290030F8
:10D8000031323334353637383961626364656600E6
:10D8100062745F72706100496E73756666696369F0
:10D82000656E74206E756D626572206F6620617220
:10D8300067756D656E74730049676E6F72696E67A8
:10D84000206964656E7469746965732073746F729E
:10D85000656420696E20666C61736800496E76614C
:10D860006C6964206C656E6774682049442061644B
:10D87000647265737320696E2073746F726167657B
:10D880000062742F25732F253032782530327825A9
:10D89000303278253032782530327825303278258C
:10D8A000752F25730062742F25732F25303278254C
:10D8B000303278253032782530327825303278256C
:10D8C00030327825750073657474696E67735F73A1
:10D8D00075627379735F696E6974206661696C65DE
:10D8E000642028657272202564290062742F2573D4
:10D8F000004661696C656420746F207361766520F1
:10D90000494420286572722025642900556E6162A1
:10D910006C6520746F20736574757020616E20696A
:10D9200064656E74697479206164647265737300F0
:10D9300062740062745F73657474696E6773004229
:10D9400054204C572057510002FB349B5F8000004D
:10D950008000100000000000000104000200000030
:10D9600002000000000000000500000000000000B0
:10D9700000000000000000000562745F6275660030
:10D9800062745F64617461004461746120627566F1
:10D99000666572206F766572666C6F7720286C6999
:10D9A0006E6B2074797065203078253032782900CC
:10D9B000556E61626C6520746F206C6F6F6B2075A3
:10D9C0007020636F6E6E20776974682068616E6482
:10D9D0006C6520257500556E61626C6520746F2042
:10D9E0006C6F6F6B757020636F6E6E20666F722048
:10D9F00068616E646C6520257500486172647761AA
:10DA00007265206572726F722C2068617264776132
:10DA1000726520636F64653A20256400436F756CFE
:10DA200064206E6F74207375626D69742072785F04
:10DA3000776F726B3A20256400556E61626C6520C9
:10DA4000746F20616C6C6F636174652062756666CB
:10DA5000657200556E68616E646C656420657665FC
:10DA60006E7420307825303278206C656E202575F4
:10DA70003A202573004E6F2070656E64696E6720D2
:10DA80007065726970686572616C20636F6E6E6537
:10DA90006374696F6E00556E657870656374656454
:10DAA00020737461747573203078253032782025A6
:10DAB00073004E6F20636F6D6D616E642073656ED1
:10DAC0007420666F7220636D6420636F6D706C6587
:10DAD000746520307825303478004F70436F64656A
:10DAE0002030782530347820636F6D706C657465F4
:10DAF0006420696E7374656164206F662065787058
:10DB000065637465642030782530347800546F6F15
:10DB100020736D616C6C20282575206279746573A3
:10DB200029206576656E742030782530327800497A
:10DB30006E76616C696420484349206576656E7431
:10DB40002073697A65202825752900496E76616CF5
:10DB50006964204C45206D657461206576656E743E
:10DB60002073697A65202825752900574553545F2D
:10DB7000544F504449522F7A65706879722F7375EB
:10DB8000627379732F626C7565746F6F74682F6838
:10DB90006F73742F6863695F636F72652E630065CE
:10DBA00076745F666C6167732026202831554C209F
:10DBB0003C3C202830292900415353455254494FB9
:10DBC0004E204641494C205B25735D204020257343
:10DBD0003A25640A00496E76616C69642062756654
:10DBE000207479706520257500496E76616C6964D2
:10DBF000204843492041434C207061636B65742089
:10DC000073697A6520282575290041434C20646199
:10DC10007461206C656E677468206D69736D6174E2
:10DC200063682028257520213D2025752900556E23
:10DC300061626C6520746F2066696E6420636F6E2C
:10DC40006E20666F722068616E646C6520257500B9
:10DC500062745F6863695F6576745F6765745F6649
:10DC60006C616773286864722D3E6576742920267E
:10DC7000202831554C203C3C202831292900556E64
:10DC80006B6E6F776E2062756620747970652025E3
:10DC90007500556E68616E646C65642076656E64AF
:10DCA0006F722D7370656369666963206576656E52
:10DCB0007420307825303278206C656E2025753AD6
:10DCC00020257300657674206E756D5F68616E64E3
:10DCD0006C657320283D25752920746F6F206C6159
:10DCE0007267652028257A75203E20257529004E0B
:10DCF0006F20636F6E6E656374696F6E20666F72FE
:10DD00002068616E646C65202575007061636B65C9
:10DD1000747320636F756E74206D69736D617463C5
:10DD20006800696E74657276616C206578636565FC
:10DD30006473207468652076616C69642072616E1A
:10DD40006765202575207573006C6174656E637955
:10DD50002065786365656473207468652076616CFE
:10DD600069642072616E67652030782530347800F0
:10DD7000737570765F74696D656F7574206578630F
:10DD800065656473207468652076616C69642072CF
:10DD9000616E676520307825303478004661696CA3
:10DDA000656420746F207365742072657175697283
:10DDB0006564207365637572697479206C65766536
:10DDC0006C004E6F206368616E676520746F20651C
:10DDD0006E6372797074696F6E20737461746520FC
:10DDE00028656E6372797074203078253032782916
:10DDF00000556E61626C6520746F2073656E6420DF
:10DE0000746F2064726976657220286572722025AD
:10DE10006429004F7574206F6620636F6D6D616EAD
:10DE200064206275666665727300556E636C656129
:10DE30007265642070656E64696E672073656E74C8
:10DE40005F636D6400737563636573730009636F6B
:10DE50006D6D616E64206F70636F6465203078252E
:10DE60003034782074696D656F75740A006572725C
:10DE7000203D3D20300009436F6E74726F6C6C65FD
:10DE80007220756E726573706F6E736976652C2083
:10DE9000636F6D6D616E64206F70636F64652030B9
:10DEA00078253034782074696D656F7574207769D2
:10DEB0007468206572722025640A006F70636F6455
:10DEC0006520307825303478207374617475732040
:10DED000307825303278202573004661696C65649E
:10DEE00020746F207265616420444C45206D617818
:10DEF0002064617461206C656E0074785F6F637478
:10DF00006574732065786365656473207468652043
:10DF100076616C69642072616E6765202575007496
:10DF2000785F74696D6520657863656564732074D6
:10DF300068652076616C69642072616E6765202572
:10DF400075004E6F6E2D4C452063617061626C658B
:10DF500020636F6E74726F6C6C657220646574659B
:10DF60006374656421004E756D206F6620436F6E8B
:10DF700074726F6C6C657227732041434C20706122
:10DF8000636B65747320213D2041434C2062745FB4
:10DF9000636F6E6E5F747820636F6E7465787473F0
:10DFA0002028257520213D202575290041434C203E
:10DFB00042522F4544522062756666657273206E28
:10DFC0006F7420696E697469616C697A6564005662
:10DFD000656E646F722048434920657874656E737E
:10DFE000696F6E73206E6F7420617661696C616217
:10DFF0006C65004661696C656420746F20726561B0
:10E000006420737570706F727465642076656E64D9
:10E010006F7220636F6D6D616E6473004661696C31
:10E02000656420746F207265616420737570706F11
:10E03000727465642076656E646F722066656174C3
:10E040007572657300484349206472697665722071
:10E050006973206E6F742072656164790042542088
:10E0600052582057510048434920647269766572BE
:10E07000206F70656E206661696C65642028256478
:10E0800029004E6F2070656E64696E6720636F6E45
:10E090006E20666F72207065657220257300556E64
:10E0A000657870656374656420484F53545F4E55BE
:10E0B0004D5F434F4D504C455445445F5041434B99
:10E0C0004554532C20737461747573203078253057
:10E0D000327820257300000909090901020909099C
:10E0E00009090909090909090709090909090609A5
:10E0F0000909090909090909090909090909090594
:10E10000312E306200312E3100312E3200322E306D
:10E1100000322E3100332E3000342E3000342E31B8
:10E1200000342E3200352E3000352E3100352E329F
:10E1300000352E3300352E3400362E3000362E3189
:10E1400000362E320062745F6863695F636F7265C8
:10E1500000636D6420646973616C6C6F7765640043
:10E160004661696C656420746F2064697361626CD8
:10E17000652061646472657373207265736F6C757A
:10E1800074696F6E005265736F6C76696E67206C90
:10E190006973742073697A65206578636565646561
:10E1A000642E20537769746368696E6720746F20EA
:10E1B000686F73742E004661696C656420746F200B
:10E1C000636C656172207265736F6C7574696F6ED4
:10E1D000206C697374004661696C656420746F20FB
:10E1E0006164642049524B20746F20636F6E7472B7
:10E1F0006F6C6C6572005365742070726976616330
:10E2000079206D6F646520636F6D6D616E64206948
:10E2100073206E6F7420737570706F727465640014
:10E220004661696C656420746F2073657420707238
:10E230006976616379206D6F64650044697361621A
:10E240006C696E67206164647265737320726573B4
:10E250006F6C7574696F6E206661696C65642028E7
:10E2600065727220256429004661696C65642074BA
:10E270006F2072656D6F76652049524B2066726F14
:10E280006D20636F6E74726F6C6C6572004F6E6C94
:10E29000792072616E646F6D20737461746963209C
:10E2A0006964656E746974792061646472657373FE
:10E2B00020737570706F7274656400496E76616C5E
:10E2C000696420696E70757420706172616D657427
:10E2D000657273004661696C656420746F207265B5
:10E2E0006164207075626C69632061646472657337
:10E2F00073005265616420537461746963204164E2
:10E300006472657373657320636F6D6D616E6420F5
:10E310006E6F7420617661696C61626C6500466144
:10E32000696C656420746F20726561642073746128
:10E3300074696320616464726573736573004E6F02
:10E3400020737461746963206164647265737365BA
:10E35000732073746F72656420696E20636F6E74CE
:10E36000726F6C6C65720043616E27742073657404
:10E3700020626F7468204944454E54495459202600
:10E38000204E5250410062745F696400546F6F20E8
:10E39000626967206164766572746973696E67206B
:10E3A00064617461004661696C656420746F2073F8
:10E3B0007461727420616476657274697365720049
:10E3C0004661696C656420746F2073746F7020619E
:10E3D00064766572746973696E673A2025640062B9
:10E3E000745F616476004661696C656420746F20B7
:10E3F00067656E657261746520454343206B65797E
:10E40000202564004661696C656420746F2065781E
:10E41000706F727420454343207075626C6963208D
:10E420006B6579202564004661696C656420746FB2
:10E43000206578706F72742045434320707269764E
:10E44000617465206B6579202564004661696C659F
:10E450006420746F2064657374726F792045434340
:10E46000206B6579204944202564004661696C650C
:10E470006420746F20696D706F72742074686520F9
:10E4800070726976617465206B657920666F7220A1
:10E490006B65792061677265656D656E74202564B2
:10E4A00000526177206B65792061677265656D65E3
:10E4B0006E74206661696C6564202564004661693C
:10E4C0006C656420746F2064657374726F79207456
:10E4D0006865206B6579202564007073615F696DE4
:10E4E000706F72745F6B657928292072657475721C
:10E4F0006E656420737461747573202564004275C1
:10E50000737920706572666F726D696E6720616ED7
:10E510006F746865722045434448206F706572616E
:10E5200074696F6E00E69D350E480103CCDBFDF487
:10E53000AC1191F4EFB9A5F9E9A7832C5E2CBE9735
:10E54000F2D203B0208BD28915D08E1C742430ED0A
:10E550008FC24563765C15525ABF9A32636DEB2ABF
:10E5600065499C80DC62745F656363004661696C29
:10E57000656420726561642072656D6F74652066E4
:10E580006561747572657320282564290046616988
:10E590006C6564204C4520536574205048592028F0
:10E5A000256429004661696C656420746F20736579
:10E5B000742064617461206C656E202825642900D4
:10E5C000556E6578706563746564206669727374EE
:10E5D000204C32434150206672616D6500556E6576
:10E5E00078706563746564204C3243415020636FDA
:10E5F0006E74696E756174696F6E004E6F7420651C
:10E600006E6F7567682062756666657220737061EB
:10E61000636520666F72204C324341502064617400
:10E620006100556E65787065637465642041434C84
:10E6300020666C6167732028307825303278290095
:10E6400041434C206C656E206D69736D6174636825
:10E6500020282575203E202575290028756E6B6EB3
:10E660006F776E29006E6F207472616E73697469C2
:10E670006F6E20257300496E76616C6964202825D1
:10E680007529206F6C6420737461746500636F6E0C
:10E690006E202570206661696C656420746F20654A
:10E6A000737461626C6973682E205246206E6F69C4
:10E6B00073653F006E6F2076616C69642028257554
:10E6C0002920737461746520776173207365740009
:10E6D000696E636F6D70617469626C652068616EEC
:10E6E000646C652025750054696D656F75742064D0
:10E6F00069736361726465642E204E6F20626C6F73
:10E70000636B696E6720696E2073797377712E0071
:10E71000466174616C206572726F722028256429CD
:10E720002E20446973636F6E6E656374696E672033
:10E73000257000466F756E642076616C6964206395
:10E740006F6E6E656374696F6E202825702920775F
:10E75000697468206164647265737320257320692D
:10E760006E202573207374617465200053656E6498
:10E77000204C4520706172616D2075706461746514
:10E78000206661696C6564202865727220256429A1
:10E790000053656E64206175746F204C4520706174
:10E7A00072616D20757064617465206661696C6565
:10E7B0006420286572722025642900646973636F80
:10E7C0006E6E656374656400646973636F6E6E6515
:10E7D00063742D636F6D706C657465007363616E37
:10E7E0002D6265666F72652D696E69746961746901
:10E7F0006E6700696E6974696174696E672D666918
:10E800006C7465722D6C697374006164762D636F2E
:10E810006E6E65637461626C65006164762D646917
:10E82000722D636F6E6E65637461626C65006469FE
:10E8300073636F6E6E656374696E670062745F63A5
:10E840006F6E6E00556E61626C6520746F20616C36
:10E850006C6F636174652062756666657220666FB1
:10E8600072206F7020307825303278004E6F206132
:10E870007661696C61626C65204C32434150206363
:10E880006F6E7465787420666F7220636F6E6E2091
:10E89000257000457870656374696E672075702017
:10E8A000746F20256420726566732C20676F742056
:10E8B000256400616C726561647920686176652009
:10E8C00076696577206F6E202570004C3243415089
:10E8D000206C656E677468206D69736D6174636820
:10E8E0002028257520213D2025752900496E766157
:10E8F0006C6964206964656E742076616C7565204E
:10E90000696E204C324341502050445500496E7688
:10E91000616C6964204C4520636F6E6E207061727B
:10E92000616D207273702073697A652028257520C7
:10E93000213D20257A75290052656A656374696EE8
:10E940006720756E6B6E6F776E204C32434150209E
:10E9500050445520636F646520307825303278004C
:10E96000546F6F20736D616C6C204C3243415020AA
:10E970007369676E616C696E672050445500546F0F
:10E980006F20736D616C6C204C32434150205044B9
:10E99000552072656365697665640049676E6F72BC
:10E9A000696E67206461746120666F7220756E6B9A
:10E9B0006E6F776E206368616E6E656C20494420CF
:10E9C00030782530347800636F6E66696700627452
:10E9D0005F6C3263617000415454206368616E6EF5
:10E9E000656C206E6F7420636F6E6E656374656412
:10E9F000004572726F72207369676E696E6720647A
:10EA00006174610052616E206F7574206F662054CE
:10EA1000582062756666657273206F7220636F6E30
:10EA200074657874732E00556E61626C6520746F26
:10EA30002063726561746520657272207273702044
:10EA400050445500415454204D5455206578636519
:10EA5000656465642C206D61782025752C207761B4
:10EA60006E74656420257A7500556E61626C652050
:10EA7000746F2063726561746520727370205044F6
:10EA80005500546F6F20736D616C6C20415454209D
:10EA900050445520726563656976656400556E68FB
:10EAA000616E646C65642041545420636F6465201A
:10EAB00030782530327800496E76616C6964206C5C
:10EAC000656E20257520666F7220636F6465203047
:10EAD000782530327800556E61626C6520746F2045
:10EAE00063726561746520555549443A2073697AAB
:10EAF0006520257500556E61626C6520746F20631A
:10EB0000726561746520555549443A2073697A6588
:10EB1000202564004E6F20617661696C61626C65CE
:10EB20002041545420636F6E7465787420666F7250
:10EB300020636F6E6E202570004E6F2061766169D4
:10EB40006C61626C6520415454206368616E6E652F
:10EB50006C20666F7220636F6E6E202570004E6FA2
:10EB60007420636F6E6E656374656400556E6162D8
:10EB70006C6520746F2066696E6420415454206374
:10EB800068616E6E656C00476F7420657272202537
:10EB9000642C206E6F742063616C6C696E67204119
:10EBA0005454206362004E6F2041545420636861C6
:10EBB0006E6E656C20666F72204D545520257A75F7
:10EBC000004E6F2070656E64696E6720415454205A
:10EBD0007265717565737400556E61626C65207441
:10EBE0006F2063726561746520726574727920505C
:10EBF0004455202825752900446973636F6E6E653E
:10EC00006374696E67206661696C6564202865724B
:10EC10007220256429004154542054696D656F7534
:10EC20007420666F72206465766963652025732E93
:10EC300020446973636F6E6E656374696E672E2E10
:10EC40002E0062745F61747400434D4143207570FF
:10EC500064617465206661696C65642025640046A2
:10EC600061696C656420746F206465636F646520FE
:10EC700076616C7565202865727220257A6429009A
:10EC80004661696C656420746F2073617665204409
:10EC900061746162617365204861736820286572E0
:10ECA0007220256429006661696C656420746F2098
:10ECB00073746F7265205343202865727220256437
:10ECC0002900756E61626C6520746F2073617665D2
:10ECD0002053433A206E6F20636667206C6566742C
:10ECE00000546F6F206D616E7920436C69656E749E
:10ECF000204368617261637465726973746963202B
:10ED0000436F6E66696775726174696F6E2E20530A
:10ED1000656520434F4E4649475F42545F53455413
:10ED200054494E47535F4343435F53544F52455FEB
:10ED30004D41580A00496E76616C6964206B6579B3
:10ED4000006661696C656420746F2064656C65742D
:10ED5000652053432028657272202564290046618E
:10ED6000696C656420746F20636C65617220534325
:10ED7000202564004661696C656420746F2073749B
:10ED80006F726520436C69656E74204665617475A9
:10ED900072657320286572722025642900556E61A2
:10EDA000626C6520746F206465636F6465206164C4
:10EDB000647265737320257300496E76616C6964B3
:10EDC000206C6F63616C206964656E74697479206E
:10EDD000256C7500556E61626C6520746F207265DC
:10EDE00073746F72652053433A206E6F20636667B9
:10EDF000206C656674004E6F2073706163652074CB
:10EE00006F2073746F72652043434320636667000D
:10EE10004E6F20737061636520746F2073746F721E
:10EE20006520436C69656E7420537570706F7274E1
:10EE3000656420466561747572657300556E616224
:10EE40006C6520746F20726573746F726520434621
:10EE50003A206E6F20636667206C656674004368B5
:10EE6000616E67652D617761726520737461747579
:10EE700073206E6F7420666F756E6420696E2073E8
:10EE8000657474696E67732C2064656661756C7453
:10EE9000696E672070656572207374617475732084
:10EEA000746F206368616E67652D756E617761723E
:10EEB000650052656164206261636B206261642059
:10EEC0006368616E67652D61776172652076616C3C
:10EED00075653A20307825782C2064656661756CFC
:10EEE00074696E67207065657220737461747573E0
:10EEF00020746F206368616E67652D756E61776140
:10EF0000726500556E61626C6520746F20696D706A
:10EF10006F727420746865206B657920666F72204B
:10EF200041455320434D414320256400434D414317
:10EF3000206F7065726174696F6E20696E697420EC
:10EF40006661696C656420256400434D4143206619
:10EF5000696E697368206661696C65642025640068
:10EF600062742F636363004661696C656420746F2B
:10EF70002073746F72652043434373202865727257
:10EF8000202564290052656164206D6574686F6492
:10EF9000206E6F7420736574004661696C6564202F
:10EFA000746F207265616420617474726962757433
:10EFB00065202570202865727220257A6429004911
:10EFC0006E76616C69642072656164206C656E6741
:10EFD00074683A20257A6400434343202570206EEC
:10EFE0006F74207772697461626C6500534320729C
:10EFF0006573746F726520696E6469636174696FAB
:10F000006E206661696C6564004661696C656420A8
:10F01000746F2073657420736563757269747920E9
:10F02000666F7220626F6E64656420706565722021
:10F03000282564290062742F686173680062742F48
:10F0400063660062742F73630062745F6761747437
:10F0500000556E61626C6520746F2066696E642075
:10F06000534D50206368616E6E656C005075626C24
:10F070006963206B6579206E6F7420617661696CBD
:10F0800061626C65004661696C656420746F20671D
:10F09000656E65726174652044484B657900436113
:10F0A0006C63756C61746520636F6E6669726D2048
:10F0B0006661696C656400556E6B6E6F776E20706B
:10F0C000616972696E67206D6574686F64202825B8
:10F0D00075290043616C63756C617465204C544BF9
:10F0E000206661696C65640043616C63756C617472
:10F0F00065206C6F63616C2044484B6579206368C0
:10F1000065636B206661696C65640043616C63755F
:10F110006C6174652072656D6F74652044484B6541
:10F120007920636865636B206661696C6564005271
:10F13000656D6F7465207075626C6963206B6579AD
:10F140002072656A656374656400526563656976FB
:10F15000656420696E76616C6964207075626C69A3
:10F1600063206B6579004E6F20617661696C616226
:10F170006C6520534D5020636F6E74657874206603
:10F180006F7220636F6E6E20257000556E61626C29
:10F190006520746F20676574206B65797320666FD6
:10F1A000722025730054686520696E2D70726F6738
:10F1B000726573732070616972696E67206861732C
:10F1C000206265656E2064656C657465642100531A
:10F1D0004D5020646F6573206E6F7420616C6C6F8E
:10F1E0007720612070616972696E67206661696C61
:10F1F000757265206174207468697320706F696E20
:10F20000742E204B6E6F776E2069737375652E2098
:10F21000446973636F6E6E656374696E6720696EAF
:10F2200073746561642E00546F6F20736D616C6C34
:10F2300020534D50205044552072656365697665B2
:10F240006400534D5020636F6D6D616E64202863C0
:10F250006F646520307825303278292072656365C7
:10F26000697665642061667465722074696D656F86
:10F2700075740052656365697665642072657365AF
:10F280007276656420534D5020636F64652030783A
:10F290002530327800556E68616E646C6564205369
:10F2A0004D5020636F6465203078253032780055EA
:10F2B0006E657870656374656420534D5020636F8C
:10F2C00064652030782530327800496E76616C694B
:10F2D00064206964656E74697479202573005265D1
:10F2E000667573696E67206E6577207061697269F3
:10F2F0006E672E20546865206F6C6420626F6E64A8
:10F30000206D75737420626520756E706169726519
:10F31000642066697273742E0070616972696E6729
:10F32000206661696C65642028706565722072656D
:10F3300061736F6E203078257829004E6F206B65E1
:10F34000797320737061636520666F722025730086
:10F35000534D502054696D656F75742028666C613B
:10F3600067733A30782530387820616C6C6F776538
:10F37000645F636D64733A30782530387829000013
:10F3800005061F1F2918120308020305080A0008B2
:10F39000010304010504050906070101060608002A
:10F3A000000100010003010003020201000200004D
:10F3B000000000020301000362745F736D70004679
:10F3C00061696C656420746F207265616420766188
:10F3D0006C7565202865727220257A642900556E47
:10F3E00061626C6520746F2066696E642064656C70
:10F3F00065746564206B65797320666F7220257370
:10F40000004661696C656420746F20616C6C6F6389
:10F41000617465206B65797320666F7220257300B7
:10F42000496E76616C6964206B6579206C656E67E6
:10F43000746820257A6420213D20257A750054685F
:10F4400065206B65797320666F7220257320617269
:10F450006520646F776E67726164656420746F20E5
:10F46000756E61757468656E746963617465642036
:10F4700061732074686579206E6F206C6F6E6765AC
:10F4800072206D6565742061757468656E7469635A
:10F490006174696F6E20726571756972656D656EF4
:10F4A0007473004661696C656420746F20736176C3
:10F4B00065206B65797320286572722025642900A8
:10F4C00062742F6B6579730062745F6B657973008A
:10F4D0006C888391AAF5A53860370BDB5A6083BE30
:10F4E00062745F63727970746F004661696C656401
:10F4F00020746F20696D706F727420414553206BCA
:10F500006579202564004661696C656420746F200C
:10F51000636F6D70757465204D4143202564000054
:10F52000070E091C1B1215383F363124232A2D6B78
:10F530005F6D7367715F676574206572726F723A91
:10F54000202564004576656E742064726F70706566
:10F55000642C2071756575652066756C6C2C206E49
:10F560006F7420626C6F636B696E6720696E2073C5
:10F57000797377712E00696E70757400636C6F63B8
:10F580006B403430303030303030006866636C6B44
:10F59000006C66636C6B00636C6F636B5F636F6EB4
:10F5A00074726F6C0072616E646F6D403430303015
:10F5B0006430303000696E76616C69642061646427
:10F5C000726573733A2030782530386C783A257A32
:10F5D0007500756E616C69676E6564206164647244
:10F5E0006573733A2030782530386C783A257A750F
:10F5F000006E6F7420776F72642D616C69676E6541
:10F60000643A2030782530386C783A257A7500666F
:10F610006C6173682D636F6E74726F6C6C65724091
:10F62000343030316530303000666C6173685F6E45
:10F630007266006770696F4035303030303030307E
:10F6400000693263004E65656420746F20757365D0
:10F650002074686520696E7465726E616C206472D6
:10F6600069766572206275666665722062757420BF
:10F670006974732073697A6520697320696E737584
:10F680006666696369656E7420282575202B2025C0
:10F6900075203E202575292E2041646A75737420DB
:10F6A000746865207A65706879722C636F6E636127
:10F6B000742D6275662D73697A65206F72207A6584
:10F6C000706879722C666C6173682D6275662D6D39
:10F6D00061782D73697A652070726F7065727479C4
:10F6E0002028746865206F6E6520776974682067CC
:10F6F0007265617465722076616C75652920696E2A
:10F70000207468652022257322206E6F64652E00A8
:10F710006932634034303030333030300069326326
:10F720005F6E7266785F7477696D00756E73757061
:10F73000706F7274656420737065656400547279CB
:10F74000696E6720746F207472616E7366657220D3
:10F750006D6F7265207468616E20746865206D61DC
:10F7600078696D756D2073697A6520666F72207493
:10F77000686973206465766963653A202564203E74
:10F78000202564004661696C656420746F20696E91
:10F79000697469616C697A65206465766963653A44
:10F7A000202573006B65795F696E64657820256438
:10F7B00020676574206661696C65643A2025640081
:10F7C0002573206973206E6F7420726561647900FF
:10F7D00050696E20256420636F6E6669677572617B
:10F7E00074696F6E206661696C65643A20256400F7
:10F7F000436F756C64206E6F74207365742067703E
:10F80000696F2063616C6C6261636B0050696E208C
:10F81000256420696E7465727275707420636F6EF2
:10F8200066696775726174696F6E206661696C657F
:10F83000643A20256400627574746F6E730067709B
:10F84000696F5F6B657973000001020304050607A9
:10F850004661696C656420746F20616C6C6F6361D4
:10F86000746520505049204368616E6E656C007568
:10F870006172744034303030323030300075617233
:10F88000745F6E7266785F75617274650046616957
:10F890006C656420746F20616C6C6F6361746520AB
:10F8A0004750494F5445206368616E6E656C206611
:10F8B0006F722057414B45004661696C6564207446
:10F8C0006F20636F6E6669677572652057414B459F
:10F8D0002070696E004353204750494F20706F726B
:10F8E000742025732070696E202564206973206E52
:10F8F0006F7420726561647900557064617465206D
:10F90000657863656564732063757272656E7420D3
:10F910006275666665720048616C662D6475706C10
:10F920006578206E6F7420737570706F7274656483
:10F9300000536C617665206D6F6465206973206E7D
:10F940006F7420737570706F72746564206F6E20B1
:10F950002573004C6F6F706261636B206D6F64651F
:10F96000206973206E6F7420737570706F72746588
:10F970006400576F72642073697A6573206F7468CE
:10F980006572207468616E2038206269747320612A
:10F990007265206E6F7420737570706F7274656419
:10F9A000004672657175656E63696573206C6F776B
:10F9B0006572207468616E20313235206B487A2080
:10F9C000617265206E6F7420737570706F727465EC
:10F9D00064004661696C656420746F20696E6974A7
:10F9E00069616C697A65206E7266782064726976E6
:10F9F00065723A2025640057616974696E672066F4
:10FA00006F722057414B452061636B6E6F776C6559
:10FA100064676D656E742074696D6564206F7574BC
:10FA20000054696D656F75742077616974696E67DC
:10FA300020666F72207472616E7366657220636FE8
:10FA40006D706C65746500737069403430303233AA
:10FA50003030300073706940343030303430303002
:10FA6000007370695F6E7266785F73706900536FC0
:10FA7000667444657669636520436F6E74726F6C5B
:10FA80006C6572204153534552543A2025732C2003
:10FA9000256400456E74726F707920736F757263A0
:10FAA0006520646576696365206E6F742072656198
:10FAB0006479004661696C656420746F20726567C3
:10FAC00069737465722072616E6420736F757263FE
:10FAD00065202825642900416C6C6F63617465643E
:10FAE000206D656D6F727920746F6F206C6F773A3F
:10FAF00020257A75203C202575004576656E74209A
:10FB000062756666657220746F6F20736D616C6CD0
:10FB10002E20257A75203E20257500556E6578705B
:10FB20006563746564206D73675F747970653A20EE
:10FB300025752E20546869732069662D656C736580
:10FB4000206E656564732061206E65772062726146
:10FB50006E636800556E6B6E6F776E206572726FA4
:10FB600072207768656E2070726F63657373696E5B
:10FB70006720686369206D6573736167652025641C
:10FB80000062745F6863695F7364630062745F73CB
:10FB900064635F6863695F6472697665720062744A
:10FBA0005F7364635F63727970746F004D50534C80
:10FBB000204153534552543A2025732C202564008C
:10FBC0004D50534C20576F726B006D70736C5F69B2
:10FBD0006E697400556E737570706F727465642011
:10FBE0004846434C4B206576656E743A2025640088
:10FBF0006E7266785F636C6F636B5F6D70736C00C1
:10FC00006D70736C5F74696D65736C6F745F736531
:10FC10007373696F6E5F6F70656E206661696C6586
:10FC2000643A20256400666C6173685F73796E6363
:10FC30005F6D70736C0000000000010000000101A6
:10FC400000000101010100000000000001010100AD
:10FC50000001010100010101015465726D696E61CD
:10FC60006C000000000000005454522052454747E9
:10FC700045530048616C74696E67207379737465CD
:10FC80006D00556E6B6E6F776E206572726F7200CD
:10FC9000756E6B6E6F776E003E3E3E205A45504843
:10FCA000595220464154414C204552524F52202532
:10FCB000643A202573206F6E204350552025640040
:10FCC0004661756C7420647572696E6720696E7424
:10FCD0006572727570742068616E646C696E670A13
:10FCE0000043757272656E74207468726561643A5F
:10FCF00020257020282573290043505520657863FE
:10FD0000657074696F6E00556E68616E646C6564D1
:10FD100020696E7465727275707400537461636BE0
:10FD2000206F766572666C6F77004B65726E656CDE
:10FD3000206F6F7073004B65726E656C2070616E22
:10FD400069630069646C65006D61696E006F7300C2
:10FD5000737973776F726B7100141400001C20307C
:10FD6000401C2000001C20304000409B6B70253759
:10FD700079E5F2F6CB16A58BB99A13A80575DC00C8
:10FD8000FFFFFFFF1F006E616E00286E756C6C290F
:04FD9000000000006F
:10FD9C00FFFFFFFFFF1F00001F000000000000001E
:10FDAC001D40000000000000FFFFFFFF1FFF0000D0
:10FDBC00BAABBABA1010101000000000008000405E
:10FDCC0000000000000000000C000000000000001B
:10FDDC0000FF7F0000000000000000000000000099
:10FDEC0000000000612D00000000000041D7000061
:10FDFC0000000000792D00000000000061D7000019
:10FE0C00000000001FD700000000000000000000F0
:10FE1C0000000000000000000000000000000000D6
:10FE2C0000000000000000000000000000000000C6
:10FE3C0000000000000000000000000000000000B6
:10FE4C0000000000000000000000000000000000A6
:10FE5C000000000000000000000000000000000096
:10FE6C000000000000000000000000000000000086
:10FE7C000000000000000000000000000000000076
:10FE8C000000000000000000000000000000000066
:10FE9C000000000000000000000000000000000056
:10FEAC000000000000000000000000000000000046
:10FEBC000000000000000000000000000000000036
:10FECC000000000000000000000000000000000026
:10FEDC000000000000000000000000000000000016
:10FEEC000000000000000000000000000000000006
:10FEFC0000000000000000000000000000000000F6
:10FF0C0000000000000000000000000000000000E5
:10FF1C0000000000000000000000000000000000D5
:10FF2C0000000000000000000000000000000000C5
:10FF3C0000000000000000000000000000000000B5
:10FF4C0000000000000000000000000000000000A5
:10FF5C000000000000000000000000000000000095
:10FF6C000000000000000000000000000000000085
:10FF7C000000000000000000000000000000000075
:10FF8C000000000000000000000000000000000065
:10FF9C000000000000000000000000000000000055
:10FFAC000000000000000000000000000000000045
:10FFBC000000000000000000000000000000000035
:10FFCC000000000000000000000000000000000025
:10FFDC000000000000000000000000000000000015
:10FFEC000000000000000000000000000000000005
:04FFFC000000000001
:020000040003F7
:1000000000000000000000000000000000000000F0
:1000100000000000000000000000000000000000E0
:1000200000000000000000000000000000000000D0
:1000300000000000000000000000000000000000C0
:1000400000000000000000000000000000000000B0
:1000500000000000000000000000000000000000A0
:10006000000000008C1300205FF3000065F3000027
:1000700067F300008DF300006BF3000097F30000BE
:1000800071F30000A1F3000077F30000ADF300006E
:1000900083F3000087F3000079F300007FF3000092
:1000A0009DF30000A7F30000D413002001FF00001F
:1000B0009FF60000ABF60000AFF60000B7F60000B8
:1000C000BBF600000000000000000000000000007F
:1000D0000000000000000000000000000000000020
:1000E0000000000000000000000000000000000010
:1000F0000000000000000000000000000000000000
:1001000000000000000000000000000000000000EF
:1001100000000000000000000000000000000000DF
:1001200000000000000000000000000000000000CF
:1001300000000000000000000000000000000000BF
:1001400000000000000000000000000000000000AF
:10015000000000000000000000000000000000009F
:10016000000000000000000000000000000000008F
:10017000000000000000000000000000000000007F
:10018000000000000000000000000000A950010075
:10019000000000000000000000000000000000005F
:1001A000000000000000000000000000000000004F
:1001B000000000000000000000000000000000003F
:1001C000000000000000000000000000000000002F
:1001D000000000000000000000000000000000001F
:1001E000000000000000000000000000000000000F
:1001F00000000000000000000000000000000000FF
:1002000000000000000000000000000000000000EE
:1002100000000000000000000000000000000000DE
:1002200000000000000000000000000000000000CE
:1002300058B30200AFC80200000000000000000038
:10024000B9FD0000000000000000000000000000F8
:100250006901010000000000000000000000000033
:1002600064CC020000000800000000000000000054
:10027000000000002101010000000000000000005B
:1002800086CC020000001200B7490200135602009B
:10029000CD28010000000000000000000000000068
:1002A0007F5902000000000063590200F4BE020002
:1002B00000000000A75B020000000000000000003A
:1002C000006000400000000000000000000000008E
:1002D000000000000000000000000000000000001E
:1002E000000000000000000000000000000000000E
:1002F00000000000000000000000000000000000FE
:1003000000000000000000000000000000000000ED
:1003100000000000000000000000000000000000DD
:1003200000000000000000000000000000000000CD
:1003300000000000793B0100000000000000000008
:100340000000000013620200000000000000000036
:10035000000000002D45010000000000000000002A
:1003600000000000E9610100000000000000000042
:1003700000000000A5600100000000000000000077
:1003800000000000ED6A0100000000000000000015
:1003900000000000416601000000000000000000B5
:1003A000C4160020C4160020000000000000000059
:1003B0009579010039890100A5880100000000003D
:1003C000000000003D7D0100D96F02009F70020017
:1003D00075790100000000000576020000000000B1
:1003E00000000000000000000CC702000000020036
:1003F00018C7020000000A0028C702000000200001
:1004000000000000000000000000000000000000EC
:100410008F740200000000003CC7020000000200D0
:1004200048C702000000020054C70200000002009A
:1004300054170020541700200000000000000000A6
:100440000E00000068170020681700200DB10100A1
:100450000000000000000000877C02000000000097
:1004600000000000000000000000000000009801F3
:10047000000001016183020000020000A5C6010026
:1004800044C30200D15A0020FF0000000000000019
:10049000C417002000000000000000000000000061
:1004A0000000000000000000D35C002020000000DD
:1004B00000000000000000000000000074C4020002
:1004C00001000000E8170020E817002000000000ED
:1004D00001000000F8170020F81700200018002085
:1004E000001800200000000001000000101800208B
:1004F00010180020000000000000000000000000B4
:1005000000000000000000000000000000000000EB
:100510000000000000000000B8B30200000000006E
:10052000000000000000000000000000DCC4020029
:10053000000000005818002058180020000000009B
:1005400001000000681800206818002070180020C2
:10055000701800200000000001000000801800203A
:1005600080180020000000000000000000000000D3
:10057000000000000000000000000000000000007B
:100580000000000000000000D8B3020000000000DE
:10059000000000000090D003FF0000009002000067
:1005A000C4180020C4180020959F0200919F0200EB
:1005B000A1AD020071AD020075AD02006FAD020089
:1005C00081AD0200F0DEBC9A7856341278563412AF
:1005D0007856341206010000000000000000000000
:1005E000000000000000000000000000000000000B
:1005F00000000000000000000000000000000000FB
:1006000000000000000000000000000000000000EA
:1006100000000000000000000000000000000000DA
:1006200000000000000000000000000000000000CA
:100630005419002054190020A4A10020000000003B
:10064000010000002C0000000000000070190020D4
:1006500070190020409600200000000001000000FA
:10066000B0000000000000008C1900208C19002050
:10067000D0A1002000000000030000001C000000CA
:1006800000000000A8190020A819002000000000A8
:10069000000000000E000000BC190020BC19002062
:1006A00000000000000000000E000000D019002033
:1006B000D019002000000000000000000E00000023
:1006C000E4190020E41900200000000000000000F0
:1006D0000E000000F8190020F819002000000000AA
:1006E000000000000E0000000C1A00200C1A002070
:1006F0000C0000001000000024A20020E4A2002052
:1007000024A2002024A2002000000000301A0020B3
:10071000301A0020000000003C1A00203C1A002083
:1007200000000000010000004C1A00204C1A0020BC
:10073000541A0020541A002000000000FFFFFFFFA1
:10074000641A0020641A002000000000000000006D
:10075000741A0020741A00207C1A00207C1A0020D1
:1007600000000000000000008C1A00208C1A0020FD
:10077000941A0020941A00200300030010000000C7
:100780000000000088C00200D09F00200000000090
:1007900000000000B81A0020B81A0020C01A00207B
:1007A000C01A002003000300100000003186010081
:1007B00024C102002CA10020000000000000000065
:1007C000E41A0020E41A0020EC1A0020EC1A0020A1
:1007D00003000300000000000000000064BF0200EE
:1007E000449C00200000000000000000101B0020BE
:1007F000101B0020181B0020181B00200100010006
:10080000100000003165010074C00200C89E002085
:1008100000000000000000003C1B00203C1B0020EA
:10082000441B0020441B00200300030000000000C4
:10083000000000003CC00200809E0020000000007C
:1008400000000000681B0020681B0020701B0020B7
:10085000701B00200C000C0004000000353E01005D
:1008600050BF0200689A0020000000000000000055
:10087000941B0020941B00209C1B00209C1B00202C
:1008800001000100000000000000000078BF02002D
:08089000909D002015E015E029
:00000001FF
