:10000000404500204D230000D17900003923000035
:1000100039230000392300003923000000000000CC
:10002000000000000000000000000000C5240000E7
:100030003923000000000000612400003923000083
:1000400089260000892600008926000089260000F4
:1000500089260000892600008926000089260000E4
:1000600089260000892600008926000089260000D4
:1000700089260000892600008926000089260000C4
:1000800089260000892600008926000089260000B4
:1000900089260000892600008926000089260000A4
:1000A0008926000089260000892600008926000094
:1000B0008926000089260000892600008926000084
:1000C0008926000089260000892600008926000074
:1000D00089260000892600008926000053B94AB904
:1000E000002908BF00281CBF4FF0FF314FF0FF3040
:1000F00000F00CB8ADF1080C6DE904CE00F018F872
:10010000DDF804E0DDE9022304B07047704700BF6A
:10011000034611F8012B03F8012B002AF9D170478F
:10012000034613F8012B002AFBD1181A0138704737
:100130002DE9F04786468C460846089E15467446CB
:100140001946002B40F0C2808542B2FA82F245D9AE
:100150004AB1C2F1200300FA02FC2EFA03F39540E3
:1001600043EA0C0C94404FEA154EA8B2BCFBFEF8D3
:10017000230C0EFB18CC08FB00F943EA0C4399450D
:1001800028D9EB1808F1FF3704D2994502D9A8F114
:1001900002072B44A3EB0903A4B2B3FBFEFC0EFB46
:1001A0001C330CFB00F044EA0344A04214D92C1980
:1001B0000CF1FF3304D2A04202D9ACF102032C446B
:1001C000241A43EA07401EB1D44000233460736010
:1001D000BDE8F0874746DDE76346F1E792BB431B86
:1001E00001214FEA154EAFB2B3FBFEFC200C0EFB13
:1001F0001C330CFB07F840EA0343984562D9EB181F
:100200000CF1FF3004D2984502D9ACF102002B4426
:10021000A3EB0803A4B2B3FBFEFC0EFB1C330CFBE8
:1002200007F744EA0344A7424ED92C190CF1FF33D7
:1002300004D2A74202D9ACF102032C44E41B43EAE6
:100240000040C0E7C2F1200320FA03F1954090403E
:100250002EFA03F303434FEA154EAFB2B1FBFEFC97
:100260000EFB1C10190C0CFB07F841EA00418845F5
:1002700004FA02F422D969180CF1FF3004D288453F
:1002800002D9ACF102002944A1EB08019BB2B1FBF9
:10029000FEFC0EFB1C110CFB07F743EA01439F42D7
:1002A0000ED9EB180CF1FF3104D29F4202D9ACF108
:1002B00002012B44DB1B41EA004192E76046E3E781
:1002C0006146F7E76046A3E76346B7E7834206D98E
:1002D00016B9002108467BE7C6E900E0F9E7B3FA62
:1002E00083F78FB9834201D3724508D8BEEB02046D
:1002F00060EB030301209C461EB9002168E73846E5
:10030000FAE7C6E9004CF8E7C7F1200CBB4022FA37
:100310000CF41C432EFA0CF120FA0CF3B840014304
:100320004FEA14490EFA07F5B3FBF9F81FFA84FEF9
:1003300009FB18300B0C08FB0EFA43EA00439A4500
:1003400002FA07F240D9E31808F1FF3004D29A45C7
:1003500002D9A8F102002344A3EB0A0389B2B3FB3C
:10036000F9F809FB183308FB0EFE41EA03418E45FC
:100370002CD9611808F1FF3304D28E4502D9A8F1B7
:100380000203214443EA0040A0FB0298A1EB0E01C6
:100390004145CE46434602D306D14D4504D2B9EB82
:1003A000020E68EB04030138002EA6D0B5EB0E0256
:1003B00061EB030101FA0CFC22FA07F34CEA030398
:1003C000F940C6E9003198E74046C5E74346D9E71A
:1003D000F9280DD877290BD8CB1003EB0010054A6C
:1003E000C94301F0070101238B40115C0B431354F7
:1003F000704700BF602400202DE9F04F1F4D2B688F
:10040000A3BB1F4CDFF87CC04FF018084FF00C0E58
:100410004FF00109264600200EFB03C7B0FBF8F29F
:1004200017F802A00022934642F35B01C1F10701D5
:100430004AFA01F1C90742BFC2F10F0109FA01F1FD
:100440004BEA010102F1010248BF1FFA81FB102AA9
:10045000EAD10C30B0F5907F26F802BBDED1013333
:10046000262B04F13004D5D101232B60BDE8F04FD9
:1004700005484FF47A62002108F05EBCA81B0020FA
:10048000401D002034120020602400202DE9F04F90
:1004900087B0DFF8B8900392CDE901010025A9F1FA
:1004A0003003A9F5DE6A019A505D10B907B0BDE8C6
:1004B000F08FA02D46D0A0F13004E2B2092A2DD849
:1004C000302202FB04A4039918222F1102FB071704
:1004D000029A05F00F0B02EB0B1B0026B9197729C6
:1004E00017DC34F816204FF00008C8F10F0042FA6C
:1004F00000F0C00708D50BEB0800CDE90412FFF7A8
:1005000067FFDDE90412124B08F10108B8F1100F82
:10051000EBD10136182EE1D10135C4E7A0F141023B
:10052000192A04D83738302404FB00A4CBE7A0F103
:100530006102192A01D85738F5E7202814BF4C4624
:100540001C46C0E74FF0FF30B0E700BF302400206A
:100550000024002084B000B58BB00DF1300C8CE885
:100560000F00FFF749FF0C9B7BB104220A2117A85B
:10057000FFF78CFF09490DAA12AB684605F0ECF9AC
:100580001C220A216846FFF781FF054806F03CFC63
:1005900000200BB05DF804EB04B0704794990000A4
:1005A0006024002008B54C220A21FFF76FFF0248A3
:1005B00006F02AFC002008BD602400202DE9F0434D
:1005C000214899B006F07DFD00F0B0F8814640B1B9
:1005D0001E4806F076FD4FF0FF39484619B0BDE8D9
:1005E000F08301231A490B930CA8FFF791FD1949D9
:1005F00011A8FFF78DFD0FAD174916A8FFF788FD6D
:100600000FCD6C460FC40FCD0FC42B6823600DF1C6
:100610002C0898E80F00FFF79DFF484606F044FBC2
:1006200005210E48FFF7BEFF0D480FAF08F003FA93
:100630000FCF6E460FC60FCF0FC62B68236098E80A
:100640000F00FFF787FFC8E79A990000A399000001
:10065000BE990000C5990000CA990000CF9900001A
:10066000404B4C0007B5019001A806F09AFA019B97
:1006700000EB8300054BD0F80027134043F0030341
:10068000C0F8003703B05DF804FB00BFF0F8FCFFD2
:1006900010B5144C86B08DF80700206808F0E7F913
:1006A00020B9114806F00DFD06B010BD032006F07C
:1006B0008FFA21460DF10703029302AA0123CDE927
:1006C000042351F8040B0393836804AA1C680023D5
:1006D000A047011E02DA054806F0F3FC032006F0ED
:1006E0006AFAE1E7C0100020D5990000E8990000FF
:1006F00038B51D204224002506F05DFA2946204623
:1007000006F073FA1D2006F063FA0021212006F09E
:100710006CFA1D2006F04FFA2946204606F065FACD
:10072000014B00221A6038BDB41B002007B504201D
:10073000FFF798FF0320FFF795FF002101A8019123
:1007400006F02FFA019B00EB8300114BD0F8002735
:10075000134043F00C03C0F800371D20FFF782FF61
:100760000C4B10221A600C4B3F221A600B4B0320DB
:10077000196006F020FA042006F01DFA1D2006F08C
:100780001AFA084603B05DF804EB06F08DBA00BF14
:10079000F0F8FCFFB01B0020AC1B0020B41B0020B5
:1007A0002DE9F04F91B08407009302F00403029307
:1007B000C2F3C20303F10103DDF86880039205462A
:1007C0000E46059340F0BA81041D30B1072909D8BF
:1007D0006FF01B0011B0BDE8F08F01F00706344444
:1007E000C6F10806009B4FF00009591E4FF0040A9D
:1007F0004FF0FF330193CDF810904F46CB46534650
:100800000DB1009A22600598002800F3E88098480E
:10081000009A824203D397488242C0F0E080039A54
:10082000A4EB050E92074FEA9E0000F103810F2F03
:1008300000F2B180002D00F0058107F140020DEBC0
:10084000020C019A0CF8200C0CF8102C04980130C2
:100850000490E7E07A285DD84B280ED8472859D86D
:1008600029282DD8252852D054D820287AD02338AA
:10087000D0F1000B4BEB000B74E04C382E2849D81C
:10088000DFE800F070484848484848484848484829
:100890004B484848484848484859484B4B5959598B
:1008A000704B6D487048184B184848827F4B484839
:1008B0004B487F0000204FF0000B4FF0040A38E057
:1008C0002A38C0B2012202FA00F010EA0E0F49D114
:1008D00010F0625C2FD110EA020B43D06046013C5D
:1008E0005444B4FBFAF40AFB04F4002D61D0A3EBEA
:1008F000050CA444B4453FF66BAF002868D1042B27
:1009000047D158F8043B2360043404232AE0019AB9
:10091000013A01924FF0000B24E011F8010C6C2811
:1009200034D111F8023C00206C2B8346C5D14FF026
:10093000080A5346D3E708F1070828F007080734E8
:10094000F8E802AB24F0070435B106982044B04221
:100950003FF63EAFC4E900AB08344FF0000B4FF058
:10096000080A534611F8010F002878D0BBF1000F98
:100970007FF470AF2528F5D1019B013301934FF02F
:10098000010B4FF0040AECE7584694E70020834639
:10099000A5E7082B02D06FF015001BE708F1070848
:1009A00028F00708F8E80223C4E9002308340823E4
:1009B000D8E768B9042B02D108F10408A4E7082B92
:1009C000E9D108F1070828F0070808F10808EDE761
:1009D000059A013A059258F8042B009210E7039A01
:1009E000900720D5A4EB050E4FEA9E004FF0010CB6
:1009F000BEF5007FCFD20F2FCDD8F5B107F1400261
:100A00000DEB020EC0B2019A0EF8200C0EF8102C5D
:100A1000BCF1000F3FF41AAF60F07F000EF8200C1D
:100A200009F101090137C5F10802043406924FF6B5
:100A3000DA7E97E74FF0000CDAE7BCF1000F01D047
:100A40000136EFE7029802360028EBD10098CDE995
:100A50000631FFF765FBDDE906310644E2E7631B7B
:100A6000B3F5806F97D23DB9A6F10804E018B1E65E
:100A7000089100001CA40000029A28609B082B70BB
:100A80009DF81030C2B1EB7085F80290B9F1000FFB
:100A900005D008A80022C5F1010C97420ED1C5F17E
:100AA00001030DF120084FF0000A01930DF1300B06
:100AB000574512D1601B8DE66B70E5E710F8013BDE
:100AC000190608D50CEB040EB64503F07F033FF67C
:100AD0007FAE04F8013B0132DFE7B9F1000F03D02C
:100AE00098F90020002A17DB029BD3B11AF80B20DB
:100AF00004F8012B0022019B18191044B0423FF664
:100B000067AE98F8000004F8010B009903922046A4
:100B100008F004F9039A14440AF1010A08F10108E3
:100B2000C6E798F8002055F822300093029B45F85C
:100B300022300098FFF7F4FA421CDCE76FF00D005A
:100B400048E600BF2DE9F04F97B000AF90F802A043
:100B5000D7F880B03B62CBF3C0030446FA62BB61B6
:100B6000894641B9457800780AEB800020444D451C
:100B700017D8A0EB0409E378FB61BAF1000F02D0AB
:100B80001BF0010F16D1FB6953BBFB6A1BB13A6A1C
:100B90004946204698474D4628465C37BD46BDE845
:100BA000F08F461C3046FFF7BBFA0130304409F1A4
:100BB0000109DCE7237862687A62FA6A9900796150
:100BC00004EB8301002A40F000814D460E4601EB04
:100BD0000A094FF000084E454CD101EB0A0610E01F
:100BE0001BF0020FD1D023789A007A6162687A6292
:100BF000FA6A04EB8301002A77D14D4601EB0A061D
:100C000090461BF0050F0CBF02230123FB62FB691A
:100C100006EB430A0BF00203BB625645BCD016F844
:100C2000021B16F8013C54F82390994B994502D3C6
:100C3000984B994536D3BB69002B40D0786A06F0B3
:100C400019FA00283BD0E9468AB06A46924B5361B4
:100C50007B6AC2E906314FF4007313848F4B42F86C
:100C6000103F8F4800234FF4125100F023FD023D46
:100C7000CD46D2E716F8013BF96254F82300FFF79E
:100C80004FFAD7F88430F96A01304BB1D7F8883081
:100C900098453EBFD7F8843023F8180008F10108C2
:100CA000054498E7BB6923B1786A06F0E3F90028A8
:100CB000C9D11BF0010F05D1FB6AED1AADE7BB6A84
:100CC000002BAAD04846FFF72BFAD7F8843053B14F
:100CD000D7F8883098453FBFD7F88420431C22F8C6
:100CE000183008F10108054497E7BAF1000F72D0F7
:100CF0001BF0040672D0D046002607F14800524689
:100D00003B61B96208F00AF8B96A3B6901EB0A0273
:100D1000BA62FA69F9695200FA60BA6A02EB4102F2
:100D20003A610BF00202BA603A69B96A8A4257D155
:100D300062787A621BF0020F32440CBF4FEA58010E
:100D400000211BF0010FD2B240F09F801BF0040F76
:100D500014BF40460020BB616270A070E1703A6A27
:100D60007969FB6A20469847051EFFF615AFBB69F7
:100D700023707B6A6370FB69E37041463A6AFB6AE1
:100D800084F802A007F148009847B0F10008C0F2CB
:100D9000BB807B693A6AA9EB0A01C91AFB68C91AC8
:100DA000D7E90A0398470028C0F2B080A84408EBAE
:100DB00000054FF0000B07F1380AB34572D300214C
:100DC0003A6AFB6A08469847E6E656464FF000083E
:100DD00007F1380093E75646D04697E7B04695E7C7
:100DE000BA6A12F8021BBA6212F8015C284A54F877
:100DF0002500904202D3274A90421ED3BA6932B1ED
:100E0000786A7B6006F036F97B6800288CD1BA6876
:100E100002BB08F1280207F1300C08F101009444EC
:100E200007F1580252FA80F008F102080CF8101C81
:100E30005FFA88F800F8105C76E7BA693AB1786A28
:100E40007B6006F017F97B6800287FF46DAF1BF01C
:100E5000010F09D006F1280207F13000711C1618A5
:100E600006F8205CCEB25FE71BF0040F3FF45CAFE6
:100E700008F1280207F1300008F1010102EB000837
:100E800008F8105C5FFA81F84EE7002063E700BFC6
:100E9000089100001CA40000019A00000400000159
:100EA000949300001BF80A3087F8373054F82390E9
:100EB000D7F884302BB3D7F888309B4521D2D7F8A8
:100EC000843033F81B803A6AFB6A012107F137004E
:100ED000984700281ADB0544B8F1000F06D14846B0
:100EE000FFF71EF900F101081FFA88F83A6AFB6A59
:100EF000414648469847002808DB05440BF1010BA2
:100F00005BE74FF00008DEE7454645E6054643E669
:100F1000014B1860704700BFD810002080B505460F
:100F20000E461746984604F0A9F9034608F0E2F881
:100F3000DFF81890044649F80030424630463946FA
:100F4000A84754F8090001F075FA00BF0800000036
:100F50002DE9F047058B04462807904611D4022955
:100F600005F0070540F0CC80204606F021FB78B163
:100F70000138218B042811D8DFE800F0C2106D85FC
:100F8000950001290CBF45F0100545F0200525838B
:100F900088F31188BFF36F8FBDE8F08701F0070A6F
:100FA000AA4500F0A5800027B9463E46A368002B5D
:100FB00000F0BC8041F00801218388F31188BFF361
:100FC0006F8FA168002900F0BA800D68002900F039
:100FD000B680D1F80480334652462046C047002DE3
:100FE00076D02B6829461D46F0E701F007035A1F0B
:100FF000012A1BD8002221F00701062B276889B29D
:10100000C4E9002209D13B4603E0628B01326283CE
:101010001B68002BF9D141F002012183204606F024
:10102000C7FA00287AD041F0200176E0042B0AD1DB
:1010300021F0070189B22183204606F0B9FA10B1E8
:1010400041F020012183218B01F0070AAA454FD0EE
:101050000027B946AAE7236921F0070141F00601FC
:10106000062DD3F8009021832DD1B9F1000F3FD088
:1010700041F00801218388F31188BFF36F8F3A494B
:101080002046C84729E021F00701236941F0040107
:1010900089B2042DD3F804902183E6D000273E4680
:1010A0004FF0040A82E721F00701236941F00501AE
:1010B00089B2052DD3F808902183D6D000273E466B
:1010C0004FF0050A72E700273E464FF0060A6DE72B
:1010D0002B4687E7B9F1000FD1D1EFF31188202318
:1010E00083F31288BFF36F8F238B23F008032383CE
:1010F000258BEA062ED525F01003238305F007057E
:101100006669218B002EBFF670AF00232768C4E903
:10111000003321F0070141F001012183218B01F00F
:10112000070AAA454FF000097FF440AF002F9CD07A
:1011300041F00801218388F31188BFF36F8F002FDE
:10114000C8D03D68394633465246204606F05CFA20
:101150002F46F4E7AB067FF51BAF25F02003238372
:1011600005F0070500E700BF357600002DE9F047E0
:10117000DFF85880044607464FF0010914B9384695
:10118000BDE8F08794FAA4F5B5FA85F509FA05F3F8
:101190002E0108EB05156FEA030A24EA03042B7BF2
:1011A000002BEBD058F806301B694BB9464404229B
:1011B00073682846196807EA0A0706F005FBDDE7A9
:1011C000284698470028D9D1F0E700BFDC930000FB
:1011D00030B51049104889B0002207F077FD0F4D57
:1011E0000F4900220023CDE9062300240E23CDE978
:1011F0000334CDE901440B4B00944FF44072284670
:1012000003F0EAFD0849284603F060FD204609B0D6
:1012100030BD00BF2D12000010190020581400200E
:101220004034002059150000B59A0000014803F031
:10123000B9BC00BF441400202DE9F0478046214886
:101240000F4606F0A1FA0646002833D000252846AE
:10125000BDE8F087237B83B12368DB680BB12046B0
:101260009847636883F8069023681B69D3B963685D
:1012700004221968204606F0A7FA013610345445B6
:10128000E8D3B8F1000FE2D0002DDFD02846FFF7F9
:101290006DFF0546002FF7D000214FF4A47007F032
:1012A000A9FCF1E7204698470028E0D009FA06F3A8
:1012B0001D43E2E7044CDFF814A005464FF0010996
:1012C000DDE700BFC81B0020DC930000EC930000AA
:1012D000014B53F820007047DC96000008B5034628
:1012E00008462BB1044A136000F07AFC002008BDC8
:1012F0006FF01500FBE700BFDC10002010B5044CB8
:10130000237813B9034803F04DFC0123237010BD6B
:10131000003400204414002010B504460B4806F0A9
:1013200033FA5CB1BFF35B8F094B53E8001F0139FF
:1013300043E80012002AF8D1BFF35B8F054807F09D
:10134000D1FC0548BDE8104003F02CBCC01B0020B8
:10135000C41B002010190020441400200020064B5C
:10136000BFF35B8F014653E8000F43E80012002AE9
:10137000F9D1BFF35B8F7047C01B002070B5FFF73A
:10138000EDFF084C084E0546B44200D370BD6368BB
:101390005B792BB123685B6813B1294620469847D7
:1013A0001034F1E7DC930000EC93000010B5044C1E
:1013B0000449204605F095FF034B1C6010BD00BF9B
:1013C00008140020C8960000B81B00200D4A0E48E3
:1013D000002310B513700D4A13600D4A4FF40041FD
:1013E0001360FFF77BFFFFF7E1FF0A4B0A4918463E
:1013F0008B4200D310BD1A1A5C681211013222719F
:101400001033F5E70134002085770000C01B002071
:10141000C41B0020DC930000EC9300000146002276
:101420000148002305F07EBF08140020014806F0A3
:1014300017B800BF08140020024B0146186806F0D8
:1014400063B800BFB81B0020014806F098B800BF81
:101450000814002070B5294B187800284DD0FFF7EC
:10146000E5FF0546002845D1254B264C1B68002B7F
:1014700019DD07F029FC4FF47A72A0FB020302FB8E
:101480000131C30BD4E9002043EA41439B1A4FEAE0
:10149000D13140F2E93261EB0001934271F1000178
:1014A00001D3FFF76BFFD4E9003213F57A7342F1F1
:1014B0000002C4E90032BDE87040FFF7C5BF6368B1
:1014C0005B7923B1236829461B682046984710346E
:1014D000B442F4D32846FFF7AFFFBFF35B8F0A4B4C
:1014E00053E8001F013943E80012002AF8D1BFF386
:1014F0005B8FB9E7054C064EEAE770BD003400206B
:10150000C01B002008190020C41B0020DC93000031
:10151000EC93000070B50D4D297861B90120FFF7FB
:101520008BFE0B4C0B4EB44206D3FFF793FF002803
:10153000FBD101232B7070BD63685B791BB12368FD
:1015400020469B6898471034EDE700BF0134002027
:10155000DC930000EC93000000212DE9F0470846E1
:10156000FFF76AFE044658B340F267684FF000097F
:1015700007F0C0FD1B4B1C4A1B58136033B11B4BBB
:101580001B68092B02DD1A4803F00CFB194FDFF82A
:1015900060A0002544B12046FFF7E8FD044618B9D5
:1015A0004FF0FF384FF0FF39FFF754FF064628B9D8
:1015B000B5B942464B46504603F028FB3546E9E7AD
:1015C0004FF0FF384FF0FF39D2E72B689B691BB112
:1015D00000221146284698471035BD42F5D3E8E76A
:1015E000054DFAE708000000BC1B0020C41B0020CA
:1015F00044140020EC930000DC93000013B518485D
:1016000006F0C2F8174B1B7873B1EFF31184202357
:1016100083F31288BFF36F8FFFF71CFF84F31188E9
:10162000BFF36F8F02B010BD0F4B1B68002BF9D0BA
:1016300050B900220023CDE900230C484FF40042AA
:10164000002304F025F9EDE70928EBD1074807F05E
:1016500049FB074802B0BDE8104003F0A3BA00BF41
:10166000C41B002001340020BC1B002010190020E6
:101670004414002010B5064B1B68044698472146C9
:10168000A060044805F0CDFEBDE81040FFF7B6BFEE
:10169000DC10002008140020044A054B9B1AB1EB13
:1016A000D30F34BF52F831000020704794930000EC
:1016B000DC9300002DE9F04F8FB004AFC1F34A284E
:1016C000B8600D4691467B600C0DB8F1000F63D0F9
:1016D000002607F114034FF0040B4FF00A0AC7F875
:1016E0000C80C7E907667E620193CDF808B0CDF89B
:1016F00000A007F11C03F96832464846FFF722FABA
:10170000B0F5006F03461CD36C468AB0D9F80410BC
:1017100004AB2648C3E9050140F2FF71D9611A46BE
:101720004FF400711984224B42F8103F2148334690
:101730004FF41251FFF7BEFFA5462C37BD46BDE85A
:10174000F08FC0F30A0804F11700184420F00700D6
:1017500080083B60FFF762FE68F35325044690B1B2
:101760003B68154AC7E9083600F1100107F1140378
:10177000F961CDE900A3CDF808B0F96807F11C03C1
:101780004846FFF7DFF968F353257B68B9682A46B6
:10179000204606F039F8D0E704F1170020F00700E2
:1017A0008008FFF73BFE0446EDE700BFCA9A000041
:1017B00004000001A4930000DB7700002DE9F04F46
:1017C00087B0DDE91279DDE9105A044603919346AA
:1017D0009846BFB1CDF800903B46524610210020FC
:1017E000CDF81490FEF7DCFFB0F5006F06460AD383
:1017F000184A194840F2FF73022107B0BDE8F04FC4
:1018000006F05BB83E4605F11700304420F00700B3
:1018100004F007048008FFF701FE0BF0070BE4005B
:1018200044EA8B1444EA462444EA0554054640B190
:101830003FB1CDF800903B46524631461030FEF79E
:10184000AFFF039943462246284607B0BDE8F04F54
:1018500005F0DABF099B0000A4930000406820B1A6
:10186000034BC01A40F3CF0070474FF0FF30704772
:10187000949300000EB403B503AB014653F8042B58
:101880000448019301F088F802B05DF804EB03B05E
:10189000704700BF05790000CA0605D48B064CBF0F
:1018A00002490349FFF7E6BF704700BF429B0000B3
:1018B000419B00002DE9F04F89B09B46149B069395
:1018C0009DF84CA0159B0593169B179E0493044608
:1018D0000D469046BAF1000F00F09D8006F480732B
:1018E000079305F06FFF06F00209024600283ED07C
:1018F00091492046FFF7BEFF0746B9F1000F08D017
:1019000016F0440F35D18D492A462046FFF7B2FF25
:10191000074406F0010353B1894B8A4953F82A2042
:10192000894B2046002A08BF1A46FFF7A3FF06F49A
:101930008073002B49D006F00803002B63D1B8F167
:10194000000F66D0814942462046FFF793FF0546C7
:10195000069B3D44002B6DD1049B002B73D1F307F4
:1019600000F1E48031462046FFF796FFD8E00746B5
:10197000C3E7774B18680028CAD0764B4FF47A79C2
:101980001B68B5FBF3F54FF46163B5FBF0F100FBA9
:10199000115509FB05F54FF03C0CB1FBF3F203FBCD
:1019A0001211B5FBF0FEB1FBFCF300FB1E550CFB66
:1019B000131109FB05F50091B5FBF0F56649CDE97A
:1019C00001E52046FFF756FFA2E706F00803EBB15A
:1019D000624B634953F82A202046FFF74BFF054628
:1019E000B8F1000F05D0594942462046FFF742FFA3
:1019F0000544BBF1000FABD05A495A462046FFF7C9
:101A000039FF0544A4E74FF0000BE1E706F00805B5
:101A1000E6E745469CE7BBF1010F069B06D1002B8C
:101A200064D1049B002B7BD000250CE0002BF8D068
:101A30004D485CE04D48069B4D49224605F0E9FAC9
:101A4000049B002B68D0DFF82C81DFF82C91049FD9
:101A50003146102F204628BF1027FFF71DFF4FF0FB
:101A6000000B5D4545DC059B49461A782046FFF78B
:101A700001FF4FF0010B1BF0070F03D14146204639
:101A8000FFF7F8FE5F453BD9059B494613F80B204D
:101A90002046FFF7EFFE0BF1010BBBF1100FEAD16F
:101AA000364920464FF0000BFFF7E4FE5A46059BEF
:101AB0009A5CA2F120015F2928BF2E2230492046DE
:101AC000FFF7D8FE0BF1010BBBF1100F1DD01BF07F
:101AD000070F03D141462046FFF7CCFE5F455A462B
:101AE000E5D841462046FFF7C5FEEBE71F485546BF
:101AF000A1E741462046FFF7BDFE0BF1010BB0E721
:101B000020492046FFF7B6FEC5E7059B3B440593F9
:101B1000049BDB1B04939AD1BAF1000F7FF41FAF33
:101B2000204609B0BDE8F04F05F0DFBE064A054982
:101B30002046FFF79FFE15E7499B00004D9B0000E4
:101B4000EC960000D6A10000449B0000729B0000B0
:101B5000D01B0020CC1B0020569B000000970000EB
:101B6000769B00007C9B00003B790000057900001B
:101B700099290000899B0000819B00008B9B00003D
:101B80008D9B0000879B000073B542F20F738B4260
:101B900028BF0B4605680F4A04460521684603F036
:101BA000AFFE63680C495B6806460B22284605F0C9
:101BB0008EFE63683246694628465B6805F087FEFC
:101BC000636806495B681B22284605F080FE02B068
:101BD00070BD00BFF69C0000AC9B0000909B000015
:101BE000074A00210123904206D8064A01B9012381
:101BF0001360054B1860704740085B000121F2E755
:101C000040420F00CC1B0020D01B0020014B0122C2
:101C10001A70704702340020014B00201960704791
:101C2000E81B00200148FFF7AFBF00BF309700005E
:101C300010B5064B18680C46FFF74AFB21460346D1
:101C4000BDE8104002480F22184700BFE81B0020E3
:101C500030970000F8B5094D094B0A4ED5E9004709
:101C600001221A700CB92C60F8BD214630463A4664
:101C700000F01EF8241A0644F4E700BFDC1B002025
:101C8000033400200434002010B9074B187070474B
:101C9000064B1B781BB141F2883006F0CCBEA42065
:101CA000002106F0A7BF00BF02340020033400204B
:101CB0002DE9F047DFF878901E4F80460E46042449
:101CC00099F80050A5B906F0A9FE32468246414671
:101CD000284602F01DFD0546504606F0A7FEE5B178
:101CE00001233B7099F8003073B93046BDE8F087A6
:101CF00032464146002002F00BFD0546EFE7204644
:101D0000FFF7C2FF651E2C46002002F08BFD002865
:101D1000EBD03B78002BF2D1E7E73B78002BE4D007
:101D2000013C2046FFF7B0FF3B78002BC8D1DCE731
:101D30000334002002340020014B03600020704770
:101D40004097000008B5044805F0BBF9BDE808401D
:101D5000024805F0B6B900BFE89B00001D9C0000DA
:101D600008B50348034A0021121A05F029FE08BDF0
:101D7000581400201C3400200748084A084908B5B8
:101D8000121A05F01FFE0748074A0849BDE8084037
:101D9000121A05F017BE00BFC01000205414002016
:101DA00024A40000B8100020C01000201CA40000D3
:101DB0002DE9F047064600AF0C46002936D0E9462B
:101DC0008AB0D1E90012A3686D462148A8464FF0B9
:101DD000050AC5E90501C5E9072348F810AF1D4804
:101DE000424600234FF42151FFF764FCCD46D4E96D
:101DF00003126369AD461848C5F810A0C5E905018E
:101E0000C5E907231348002342464FF42151FFF749
:101E100051FCCD46E369114A0E48012105F04DFD04
:101E2000A3690F4A0B48012105F047FD012E07D198
:101E3000EFF305830B4A0748103B314605F03DFDA3
:101E40002146304602F01EFDBD46BDE8F08700BFCA
:101E50004B9C0000BC9300007A9C0000A99C0000F1
:101E6000B89C0000E69C000030BFFFF7FDBF00BF3C
:101E70002DE9F0410B4EDFF8308006EB0807CC1B54
:101E8000054632460949204606F048FFA019424659
:101E90000021083C06F050FFC5F8A44007F10800F7
:101EA000BDE8F08100000000040000003094000054
:101EB000054B5A699B689A421FBF044A536843F016
:101EC00080535360704700BF101D002000ED00E0FC
:101ED00070B5294C06460D462848294905F07FFD76
:101EE000A36AD9043CD52548264905F078FD17207A
:101EF000A36A1A0504D52148234905F070FD18206E
:101F00001D4CA36A9B0512D51C48204905F067FDAE
:101F1000A36BA26A100409D51D4A1848012105F0D7
:101F2000CCFC1EB1A36A23F40043A3621920124C17
:101F3000A36A590504D51148164905F050FD1A2029
:101F4000A36ADA050ED50D48134905F048FD1B209C
:101F5000094A936A43F47F43936200232B7070BD58
:101F60001620C5E7A36A9B04F2D504480B4905F087
:101F700036FD1C20ECE700BF00ED00E0BC93000044
:101F8000F99C00000F9D0000209D0000339D000083
:101F90004C9D0000619D00007C9D0000949D000010
:101FA00010B5204C2049214805F019FDA36A99017C
:101FB00036D51E481E4905F012FD1E20A36ADA011F
:101FC00004D51A481B4905F00AFD1F20154CA36AC9
:101FD0001B0304D51548184905F001FD2120A36A0B
:101FE000590304D51148154905F0F9FC22200D4C80
:101FF000A36A9A0304D50D48114905F0F0FC23208B
:10200000A36ADB0304D509480E4905F0E8FC242047
:10201000044A936A6FEA03436FEA1343936210BD65
:102020001D20CBE700ED00E0C39D0000BC93000045
:10203000DB9D0000EE9D0000089E0000269E000033
:102040004B9E0000659E00002DE9F843364D80460A
:10205000894636483649174605F0C1FCAB6ADE06AC
:1020600027D53449314805F0BAFC1124AB6A1D0765
:1020700004D531492D4805F0B2FC12242A4DAB6A33
:10208000980718D52D49294805F0A9FC6E6BAB6A55
:10209000190646D52A4A25483346012105F00DFC8C
:1020A000B9F1000F03D0AB6A23F08003AB621324B5
:1020B00003E01024DAE76FF015061B4DAB6ADA0770
:1020C00004D52049194805F08AFC1424AB6A9B0604
:1020D00004D51D49154805F082FC1524124B9A6A57
:1020E000D50602D49A6A90070AD55B68190507D508
:1020F0004146304600F07EFA10B180F30988022490
:10210000094B9A6A920642BF5A6A22F400525A62F6
:102110009A6A42F0FF029A6200233B702046BDE8B3
:10212000F8836FF01506C2E700ED00E0BC930000F5
:10213000909E0000A69E0000209D0000D99E0000F9
:10214000F19E0000079F0000949D00002DE9F041E2
:10215000664B8AB0D3F8048000AF0446C8F3080584
:10216000002686F31188BFF36F8F02F07F43B3F12F
:102170007F4F07D102F00C03082B12D15C495D4858
:1021800005F02DFC002634460023FB71EB1E092BC5
:1021900000F28A80DFE803F00A80837C88888888E0
:1021A000888610074CBF0C460126EDE7524951487E
:1021B0004E4D05F014FC0023FB71EB6A9A0705D520
:1021C0004E494C4805F00BFC002332E0EB6A002B33
:1021D00001DA4B49F5E7EB6A5B00F5D5494945481B
:1021E00005F0FDFB6B69A26943F480736B61BFF37B
:1021F0004F8FBFF36F8F6B6932F8022C23F480731B
:102200006B61BFF34F8FBFF36F8F4DF602739A422E
:1022100008D0AB6ADBB273B3FA1D01212046FFF789
:1022200013FF37E02368384A3248012105F045FBA7
:102230002368FA79DAB907F1080504F1200C20685F
:1022400061682A4603C2083464451546F7D17A6AA4
:10225000002E45D0C2F3080121B96FEA52226FEA7D
:1022600042227A6207F108011846FFF7A1FD2837DC
:10227000BD46BDE8F081AB6A13F47F4F04D0F91D71
:102280000120FFF725FE05E0AB6AB3F5803F9BD345
:10229000FFF786FE0346CCE7FA1D0021BEE7F91DD5
:1022A0000020EEE719498CE7194A1A4B18F4F87F19
:1022B000E8468AB018BF13466A461749C2E90513B3
:1022C0004FF400731384103D144BD56142F8103F56
:1022D000084800234FF41151FFF7ECF9C54673E7A6
:1022E00022F4FF7222F00102BBE700BF00ED00E024
:1022F000549F0000BC9300007F9F0000969F000049
:10230000B79F0000C59F0000E49F000000A00000F0
:102310003B9F0000269F000024A000000400000155
:10232000044B5A6942F010025A615A6922F00802BD
:102330005A61704700ED00E0EFF30880EFF3098188
:1023400001B57246FFF702FF01BD00BF002080F318
:102350001488BFF36F8F114880F30888002010495C
:10236000087001F0BDFC00200E490860BFF34F8FDC
:1023700000F02EF8202080F311880B484FF4046100
:10238000401880F30988EFF314800221084380F39A
:102390001488BFF36F8F00F0FDF800004045002067
:1023A0001934002094ED00E0803700200749D1F86F
:1023B00090200023C2F307221846934200DB7047A7
:1023C000C1F89830C1F8A0000133F6E700ED00E055
:1023D00008B572B6002383F31388FFF7E7FF144BA9
:1023E0004FF0FF32C3F88020C3F88420C3F8882060
:1023F000C3F88C20C3F89020C3F89420C3F8982029
:10240000C3F89C20C3F88021C3F88421C3F8882135
:10241000C3F88C21C3F89021C3F89421C3F8982104
:10242000C3F89C2162B6BFF34F8FBFF36F8F08BD17
:1024300000E100E0084B9B6883420BD1EFF305837A
:1024400043B1064B5A6842F080525A605A6A22F4ED
:1024500000425A6202F018BF101D002000ED00E09B
:1024600015498A684FF030001044EFF3098C80E87A
:10247000F01F202080F31288BFF36F8F0F4F4FF0B3
:1024800000664A698A603E60D2F8A4000C4C206065
:10249000D2F8A8000023C2F8A83080F3118804B550
:1024A000104600F00FF9BDE8044002F1300090E85A
:1024B000F01F8CF309887047101D002004ED00E028
:1024C000EC1B00201EF0040F0CBFEFF30880EFF3AD
:1024D0000980816911F8021C0229FFD001B57246FA
:1024E00005F072FA01BD00BF40B2002807DB044AC4
:1024F0004109012300F01F00834042F8213070475A
:1025000000E100E040B200280CDB4309064900F07E
:102510001F0020330122824041F82320BFF34F8F58
:10252000BFF36F8F704700BF00E100E0054B420929
:1025300000F01F0053F82220012303FA00F010409E
:10254000704700BF00E100E040B20028A8BF00F1E2
:10255000604001F10101B8BF064B4FEA4111ACBF29
:1025600000F5614000F00F00C9B2B4BF195480F803
:102570000013704714ED00E0044B054A23F07F037D
:102580009360BFF34F8FBFF36F8F70470000000061
:1025900000ED00E008B5FFF7EFFF074AD2F88830FA
:1025A00023F47003C2F88830FFF7DAFBFFF7E4FB8F
:1025B00000F05EF802F08EFA00ED00E042F8203CF8
:1025C000009B42F81C3C0A49019B42F8183C029BC4
:1025D00042F8143C21F001014FF0807342F8043CB2
:1025E00042F8081C0023203A0265C0F8A830704762
:1025F0001D0F00000A4A0346906878B113F1160FC8
:10260000D0F8940005D0A0F140029A4205D8834248
:1026100003D2814228BF002070470020704700BFCE
:10262000101D002008B515460C4A0D4B9060D0F8DF
:10263000A4201A600E4600F045F82C4686F309885F
:102640000020044B98472046002100220023024C22
:1026500020470000F57900001D0F0000101D00202C
:10266000EC1B0020014B10221A61704700ED00E0C6
:10267000044800232021C2180133272B82F80013BD
:10268000F9D1704700E100E008B5EFF30583064A91
:10269000103B02EBC30152F8330049688847BDE89C
:1026A0000840FFF705BC00BF08920000024B034A38
:1026B0000348012100F08CB8000001200000002038
:1026C00040970000D0F89420054B403A1A60054A24
:1026D0004021C3E901121846012100F083B800BF70
:1026E000F01B002000000B1508B503461048D0F879
:1026F0009020C2F30722013A934207D90D480E4AAF
:10270000012105F0DAF86FF0150008BDC0F8983027
:102710000A6822F01F021A4342F01002C0F89C20FF
:102720008A6842F00102C0F8A0201846EDE700BF19
:1027300000ED00E0B49300003BA00000F0B50E46B1
:1027400085B01F4604460025B5420DDA606810B317
:1027500097B1431E18420AD0104A11482B46012156
:1027600005F0ABF86FF01502104605B0F0BD1F285C
:10277000F2D921680B42EFD12368019305F05DF98E
:10278000A36801A90343D0B20393FFF7ADFF10F193
:10279000160FE7D0421C01350C34D5E761A00000CC
:1027A000B4930000044B0522C3F89420BFF34F8F6D
:1027B000BFF36F8F704700BF00ED00E0BFF35F8F86
:1027C000024B0022C3F89420704700BF00ED00E0E8
:1027D00010B5034C01232278FFF7B0FF207010BD25
:1027E0001434002008B50B4A00231278FFF7A6FF27
:1027F00010F1160F07D0084A0021D2F89030C3F329
:102800000723984200DB08BDC2F89800C2F8A01068
:102810000130F2E71434002000ED00E02DE9F04330
:1028200057485849D0F890300D68C3F307239D42AC
:1028300085B000F2A180FFF7C1FF496800229542F0
:1028400001F10C011AD1504C504F25706846FFF72A
:1028500073FADFF83C81DFF83C9106460025AE4272
:102860001FD1237846490020D1F89020C2F30722D7
:1028700093427BDBFFF796FF00204CE0C0F89820E6
:1028800051F80C3C23F01F03134343F01003C0F82E
:102890009C3051F8043C43F00103C0F8A0300132F1
:1028A000CDE7009800EB05114FEA051CCB683B40D3
:1028B000B3F5000F44D00AD8B3F5001F2ED0B3F5FE
:1028C000800F34D0B3F5801F10D00135C7E7B3F1C6
:1028D000807F3ED0B3F1007FF7D150F80C3088688C
:1028E0004A6805F0AAF840F4802009E050F80C305E
:1028F00088684A6805F0A1F840F0885040F430201C
:10290000039001A92078CDE90123FFF7EDFE00280F
:1029100028DA6FF0150005B0BDE8F08350F80C30F0
:1029200088684A6805F089F840EA0800E8E750F846
:102930000C3088684A6805F080F840EA0900DFE753
:1029400050F80C3088684A6805F077F840F08270DB
:10295000D6E750F80C3088684A6805F06EF840F009
:102960008870CDE7237801332370AEE7C1F8983043
:10297000C1F8A000013377E74FF0FF30CBE700BF8D
:1029800000ED00E04C970000143400200000F0FF40
:102990000000081100000206F0B587B007460E4699
:1029A00014460021102268461D4606F0C5F9022390
:1029B0008DF802302A46054B019321466846CDE941
:1029C000047603F08DF807B0F0BD00BF5B7A00001D
:1029D00008B5024B1B689847002008BDFC1B00206F
:1029E000034B044A1860937843F0020393707047D6
:1029F000FC1B0020E010002008B50649064821F025
:102A00000701C1F1005202F5803204F0AAFA002059
:102A100008BD00BF87450020001C0020044A012398
:102A2000C2F840354FF080420020C2F87835704738
:102A300000E0014048B1054B054A1B68B3FBF2F3C7
:102A40005843044B43F001031847704720120020FD
:102A500040420F003094000008B50448044A3F2368
:102A6000C0E9002301F078FA002008BD0C1C00200A
:102A7000FFFF0F00084B70B5C31A0D4607499B10A6
:102A8000044659430648402204F0FBFF2B4601460A
:102A90002046BDE870401847281C0020B76DDBB603
:102AA0006891000073B50C4C0C4A4023041B009342
:102AB0000D460B460A49A41061430646094805F035
:102AC0000BF8011E05DA30462B4602B0BDE8704017
:102AD000184702B070BD00BF281C0020417B0000D9
:102AE000B76DDBB6689100000022F8B501210546FC
:102AF0001046FFF729FD104801F056FA0446B8B910
:102B000001F072FA2F690D49384604F0A0FD031E4A
:102B100009DB01263E642D69084905F11C0004F01B
:102B200096FD031E02DA1C462046F8BDEE64FBE764
:102B30006FF00404F8E700BF8D2C00006C970000D4
:102B40001FB500220123CDE90223094ACDF800D0A8
:102B50006B46CDF804D004F0ECFF002805DB4FF401
:102B600080420023684602F051F805B05DF804FB8E
:102B7000537B000010B5064C23782BB94FF4A57099
:102B800005F059FF01232370BDE8104001F0E4BABD
:102B90001534002010B5EFF31184202383F312883D
:102BA000BFF36F8F074A136823F00201DB07116040
:102BB00002D4012005F0FFFA84F31188BFF36F8F70
:102BC00010BD00BF781C002030B4104B0C2202FB5B
:102BD000003301460020D3E90E529863EFF31180D1
:102BE000202484F31288BFF36F8F1C6C04F0C004A0
:102BF00044F002041C6480F31188BFF36F8F1DB191
:102C00002B46034830BC184730BC7047281C0020B6
:102C10006891000010B4EFF31182202383F312882F
:102C2000BFF36F8F1748016841F002040460C807C2
:102C300007D482F31188BFF36F8F012010BC05F019
:102C4000B2BA4FF08041D1F80C04D1F80C14C90786
:102C5000EFD5EFF3118083F31288BFF36F8F0A492A
:102C60000B6C03F0C00343F002030B6480F3118884
:102C7000BFF36F8F82F31188BFF36F8F002010BCFA
:102C8000FFF7A2BF781C0020281C002010B10128EB
:102C900004D07047034B1B6C5B0701D1FFF794BF57
:102CA000704700BF281C00202DE9F0413849BFF3D0
:102CB0005B8F0746012251E8003F41E800200028D1
:102CC000F9D1BFF35B8F33B9324933484B60CB60E6
:102CD0008A6004F0CFFC7B1E012B2BD8012F07D17B
:102CE0004FF08043D3F81C3403F00303012B21D0B1
:102CF00005F0E7FE0546F8B9284B1B78E3B14FF025
:102D000080430222C3F808230646DFF894804FF080
:102D10008044D4F81824D4F81834D20315D503F01D
:102D20000303012B01D0012F0FD155B386F3118876
:102D3000BFF36F8FBDE8F081EFF31186202383F39B
:102D40001288BFF36F8F0125DFE7ADB1304604F085
:102D500065FED4F81835002BDBD1D4F80421002A05
:102D6000D7D0C4F80431D4F804310123C4F818359D
:102D7000C8F88031A360CCE70021212005F03AFF9C
:102D8000E7E74FF080430222C3F80423D2E700BFF5
:102D9000241C0020141C0020441C00201934002096
:102DA00000E100E010B5044C2046FEF7B1F82046E3
:102DB000FFF716FE002010BDBD2D000073B5104EAC
:102DC0008DF807000446032501220DF107010020BC
:102DD00001F00EFD20B101233370204602B070BD1A
:102DE0003378002BF9D0013D08D005F06AFE0028A9
:102DF000EAD10021422005F0FDFEE5E73570ECE761
:102E000016340020430970B507D10B4B596821B126
:102E100001250C68094E854001B970BD8A682A40B9
:102E200002D04B68304698471CB1236821461C46A7
:102E3000F2E72346FAE700BF7C1C002088910000DF
:102E400038B54568A86890B105F018FC014670B91E
:102E5000A86805F0F7FB044658B902460649A86879
:102E600005F0E1FB224605210620FFF76DFB00205F
:102E700038BD6FF00400FBE7052E00002DE9F0439C
:102E80005B4E5C4F00EB810140F2FF15814202D1A5
:102E90000020BDE8F083046814F4804FC4F3C32C11
:102EA000C4F3080340F09080240E16F80CC0AB4227
:102EB00008BF4FF0FF33192C00F28980DFE804F0DF
:102EC0000D13191C1F251C87878787366387878703
:102ED000878787878787667B7E81C2F80C355C1C75
:102EE0005ED10430D2E7C2F814355C1CF9D000245E
:102EF0005FE0C2F80835F2E7C2F81035F5E75C1C70
:102F0000C2F80835EDD0002404E05C1CC2F80C3592
:102F1000E7D001245FEA531E5CD14FF001084FF067
:102F2000A04E08FA03F9CEF80C950AE0C2F808356D
:102F3000BCF1000FD9D15C1CD3D00024A0464FF0C7
:102F4000060CD0F8009009F4004EBEF1000F1CBF33
:102F50004FF00008012403F01F0E5B0942D14FEA35
:102F60008E0E0EF1A04EC9F34129DEF800373B402A
:102F700043EA890343EA0C2343EA080343EA440390
:102F8000CEF80037ADE7C2F80C35D1E7C2F86035AE
:102F9000B3F1FF3F0468A4D0C4F30044002CB8D0C0
:102FA0005C091BD101244FF0A04E04FA03F8CEF8BF
:102FB0000885A046C5E7C2F86435E9E7C2F8683578
:102FC000E6E7C2F86C35E3E76FF0150061E76FF0F4
:102FD00085005EE70023C3F80C35FFDE0023C3F84D
:102FE0000835FAE70EF5E07E002353F82E30F4E7BB
:102FF000CEA00000F0F8FCFF2DE9F0410446476840
:103000000D4605F05EFD4FF0200888B9264B1B7871
:1030100073B16426606804F056FFF0B9012005F032
:103020006FF8013EF6D10021212005F0E3FDF0E725
:10303000EFF31186314688F31288BFF36F8F606813
:1030400004F041FFA8B986F31188BFF36F8FEFE753
:1030500086F31188BFF36F8FE5E7EFF311863146F2
:1030600088F31288BFF36F8F606804F02CFF00288C
:10307000EED0BB691D706368BA691B680020C3F895
:1030800044250122C3F84825C3F82001D3F8204184
:10309000C3F85801D3F858019A6081F31188BFF33F
:1030A0006F8FBDE8F08100BF193400202DE9F04199
:1030B0000022054601210220FFF746FA0220FFF711
:1030C00013FA6C680121E06804F02EFF6B681A683F
:1030D0002369C2F82435637D217D0B43C2F86C352A
:1030E0006F68D7E9004313F0010346D0D5F810808C
:1030F00004F10C0108F1080204F5907005F03DF8A8
:10310000061E07DA2A4A2B48012104F0CDFB30467F
:10311000BDE8F08198F8080000F032FF0823C4F8F9
:103120000035BB69C4F844350023C4F84835012391
:10313000A360D4F85831002BFBD00026C4F80065FA
:103140006B683146D86804F0EFFE6D6831462C6834
:10315000E86804F0E9FE0823C4F800352A7A52B979
:10316000EB69C4F834350123C4F83835C4F81021AC
:10317000D4F8102123600026C9E70822C4F80025EE
:10318000BA69C4F84425C4F848350123A360D4F8CB
:103190002031002BFBD00023C4F82031D4F820319B
:1031A0000123E3604FF48073C4F80433C1E700BF28
:1031B000D6A00000D49300002DE9F04383B0456809
:1031C0000669D5F8208000AF3A1D0021404604F082
:1031D0004DFE041E19DB7B68D8F8002019791868A9
:1031E000FFF74CFE041E10DBA96A481C1AD0686A5F
:1031F00004F03DFF10F1130F04460BD1304A314863
:10320000012104F0A3FE6FF0120420460C37BD46E6
:10321000BDE8F083411D05D12B4A2A48012104F065
:1032200095FEF2E7EB699847B5684FF00108D6E9DB
:10323000023203EBC2039D4204D3304604F0B9FED0
:103240000024E2E7286805F012FC0346B0B92A68BA
:10325000297910686C468AB06A461C4DD1614FF4DA
:10326000007111841A49C2E9055042F8101F15482F
:103270004FF41151FEF71EFAA546C4E728682979D4
:10328000EB88D0F810C0D0F80890DCF80040DA07DE
:1032900054BF43F4B01383F4D01323F4801208FA1C
:1032A00001FEDB074CBF44EA0E0424EA0E04CCF80E
:1032B0000040D9F800309847041EA6DB0835B6E771
:1032C00013A10000CC9300003EA100005BA1000010
:1032D0000400000138B503780C4663B98D6D5DB903
:1032E0004B6D1C696FF07303236304F1200001F040
:1032F00059FC84F85C5038BD8B6C33B19D4213D9B6
:10330000224A2348012104F021FE236DA26D33B12E
:103310009A4221D91D4A1E48012104F017FE606D12
:10332000BDE8384004F06FBE5B1B8B6473B94B6B18
:1033300008334B638B6B013B8B6301F1480204F153
:103340003400383104F00EFE6064DEE74B6C002B75
:10335000DBD02B444B64D8E79B1A23657BB9E36B26
:103360000833E363236C013B236404F1500204F14E
:10337000400104F13C0004F0F5FDE064CFE7E36CAC
:10338000002BCCD01344E364C9E700BF7FA1000049
:10339000CC9300002DE9F04F8BB000AFC7E90232AB
:1033A00043687B608B88046989469904804631D4E0
:1033B0004FF0FF324FF0FF3304F1100001F026FC14
:1033C000C4F80490D8F810A0D8F804B09AF85D308A
:1033D00023B1DAF80030994500F0D680B9F80460DE
:1033E00016F400631DD0B24AB248012104F0AEFDCC
:1033F0006FF08505236813B19B889B0405D40023D7
:10340000636004F1100001F0CDFB28462C37BD4667
:10341000BDE8F08FA369002BCAD163689945C7D175
:10342000D0E7F20716D56D4688B0D8F800106A4686
:10343000A148C2E905014FF4007191839F4942F808
:10344000101F9C484FF4E251FEF734F9AD466FF07F
:103450001505CFE7350705D5994A9648012104F0AF
:1034600075FDF4E7C6F34513082B01D0954AF4E740
:10347000D9F80050944B9D4201D8944AEDE70BF1E6
:10348000080EBEE80F0007F1140CACE80F00DEF8E0
:103490000030CCF800308E4B9D4254D98D4B9D426C
:1034A00054D98D4B9D4254D98C4B9D4254D98C4B51
:1034B0009D4254D98B4B9D422CBF4FF000454FF09D
:1034C0008045B007FD6106F004034BD5002B14BF07
:1034D0000323022387F82030C6F3001387F8213036
:1034E000DBF80030D3F80825511C12D016F0020F7B
:1034F00002F01F00C6F340014FEA52124FF00103E1
:1035000034D1002A40F029814FF0A0428340C2F814
:103510000C359AF85D302BB1584601F007F80023BE
:103520008AF85D305346704A07F11401584600F09E
:10353000CDFF034618B36D4A5E48012104F0BDF982
:103540006FF0040556E74FF00075BAE74FF080655D
:10355000B7E74FF00065B4E74FF08055B1E74FF0A3
:103560000055AEE7003B18BF0123B3E7002A40F047
:10357000F7804FF0A0428340C2F80835C9E7012325
:103580008AF85D30CAF80090012384F85C307B68CB
:10359000996A4A1C09D0586A00F0E6F8743004D1E0
:1035A000534A4448022104F0D1FCFB68002B76D139
:1035B00063630023A36304F1480204F1380104F1BA
:1035C000340004F0CFFCBB686064002B40F09480B2
:1035D000E3630023236404F1500204F1400104F189
:1035E0003C0004F0BFFCE06420680023236348B182
:1035F00083683BB10121083004F0C7FC23681869D7
:1036000005F019FA404604F0FEFC0023A06B1A46B0
:1036100082427AD10022256C1146A9427CD1934284
:10362000264638BF13464FF4FA5202FB03F556F80C
:10363000203B4FF4004C1B68B5FBF3F540F2E7303C
:10364000C83500214FF47A720023E5FB0C01FCF72A
:1036500045FD02460B46304601F0D8FA002862D0FC
:10366000244A1448012104F071FC4FF000097868E5
:10367000C4F8589000F05AFF84F85D90D8F81050C4
:103680006FF07308C5F8308005F1200001F08AFA68
:1036900085F85C90304601F0DFFA454647E0FB686C
:1036A0001B686363002B84D0FB685B6882E700BF04
:1036B0009DA10000CC930000B7A100000300000111
:1036C000D9A10000F8A1000047E8010027A20000EE
:1036D0008FD003001FA107003F420F007F841E0010
:1036E000FF083D0000127A00D532000058A2000009
:1036F0007DA20000A7A20000BB681B68E363002B4B
:103700003FF467AFBB685B6864E7616B01EBC201C4
:10371000013249680B447BE7E06B00EBC1000131EB
:103720004068024479E7256B15F1740F9DD023683A
:10373000002B3FF45FAE9A68002A3FF45BAE998895
:1037400011F480567FF456AE186905F074F92068BC
:103750003146083004F019FC4CE6C1F80C15FFDEC8
:103760000023C3F80835FAE72DE9F0410D46064677
:1037700004F0D5FF002207462946304604F086FFB4
:103780006B0905F01F0429D1A40004F1A044164BD5
:10379000D4F80027134043F00C03C4F8003704F0BA
:1037A0009AFC80463368DB597BB1002730462946B6
:1037B00004F0B3FFD4F800270B4B134043F004038D
:1037C000C4F800373846BDE8F08104F084FCA0EB73
:1037D00008000628E6D96FF07307E7E704F5E07400
:1037E000002353F82430FFDEF0F8FCFF70B501230E
:1037F00083400E4ABFF35B8FDC4352E8001F01EAAF
:10380000040542E80056002EF7D1BFF35B8F4FF45A
:10381000803282400648C0F80823BFF35F8FBFF3B1
:103820006F8F0B4214BF0120002070BD9C1C002034
:103830000010014070B40E49D1E90034D01AC31809
:1038400044F10004C2F30E06C1E90034A6F580532A
:10385000B3F5C04F09D2074B1B685A0CDB039C1908
:10386000054B42F10005C3E9004570BC01F010BFF3
:1038700068190020A01C00207019002011B3BFF3AC
:103880005B8F0123104A834052E800CF4CEA030CBF
:1038900042E800C10029F7D1BFF35B8F0B4A4FF418
:1038A00080338340C2F80433094BBFF35B8F1B683E
:1038B000BFF35B8FC340DB0742BF064B4FF40032C0
:1038C000C3F80021704700BF9C1C0020001001407D
:1038D000941C002000E100E030B5144B1868410C46
:1038E000C003BFF35F8F124BD3F8043547F6FF7266
:1038F00093420AD10F4AD2E90045844275EB010296
:1039000009D3C01841F1000130BD181841F1000180
:10391000B3F5006FF8D2074BD3E90023904271EB67
:103920000303F1D210F50040ECE700BFA01C00201B
:1039300000100140701900202DE9F04F85B01646A7
:103940001F469DF840A00446FFF750FF0190FFF787
:10395000C3FFB04271EB07035CD2301A44F201039B
:1039600067EB0101984271F1000156D23D4B03EB28
:103970000413D3E902239F4208BF964265D03A4917
:103980004FF4803804F1500508FA04F8AD002046E1
:10399000C1F84883ADB204F092FBC6F30E0B05F1FB
:1039A000804504F5A87305F5883558464FF003099E
:1039B0000293C0F30E03002B029A08BF0120C0F34C
:1039C0000E0341F82230C1F84483D1F804356FF07A
:1039D000020CACEB030C6044C0F30E0043F6FD7226
:1039E000904232D9286868B1D1F804350393A3EB2B
:1039F0000B00C0F30E00B0F5804F26D9204604F02E
:103A00005EFB039BBAF1000F07D109EB030009F13C
:103A10000109CEE7BAF1000F09D06FF01505204675
:103A20000199FFF72BFF284605B0BDE8F08F012371
:103A30000E4ABFF35B8FA34052E8000F184342E8E1
:103A400000010029F8D1BFF35B8F06490E982301CE
:103A500001EB0412C8500F9B5360C2E902670025B6
:103A6000DDE700BF4819002000100140941C002031
:103A700070B5294C294BC4F80833C4F84833284B97
:103A8000284A00254FF0FF304FF0FF314FF48036C9
:103A9000C4F80855C3E90201C4F80463C3E9060188
:103AA0004FF4003386B00121C4F804331120C2F86A
:103AB00080312A46FEF748FD1120FEF715FD1A4B0E
:103AC00001200322A06020601A60184B009343F687
:103AD000FF720023CDE90155FFF72EFF0220FFF70B
:103AE000E3F8134A13491368134823F001031360E2
:103AF00047F6FF73C4F844630DF11702C4F840356C
:103B000004F03BFB002804DB9DF8170000F038FAB6
:103B1000284606B070BD00BF0010014001000F0034
:103B20004819002000E100E09C1C0020353800000E
:103B3000981C002008100140401101402DE9F74376
:103B4000374CD4F80433D90319D5402300229908FF
:103B500010290CD1D4F84031002B41D00023C4F8F7
:103B60004031D4F840314FF480324423EFE704333E
:103B7000502BECD11AB12B4A136801331360D4F8DF
:103B800004339A0329D5BFF35B8F274B53E8002FEB
:103B900022F0020143E800100028F7D1BFF35B8F49
:103BA000930702D4D4F84431BBB10025C4F8445182
:103BB000D4F84431FFF790FEEFF31182202383F312
:103BC0001288BFF36F8F194BD3E90667B042B94132
:103BD00008D282F31188BFF36F8F03B0BDE8F08382
:103BE0004423B4E74FF0FF384FF0FF39C3E90689AB
:103BF000D3E904101D614FF40033C4F84833C4F80E
:103C00004451D4F8443182F31188BFF36F8F0029F7
:103C1000E3D0009032463B4601208847DDE700BFF5
:103C200000100140A01C0020941C00204819002016
:103C300030B5431C85B043F6FF7223D09042A8BF35
:103C4000104601280446B8BF0124FFF745FE0F4B7C
:103C5000D3E90013401AB0F5804F43F6FF7513D235
:103C60002218AA4228BF2A4652184FF000000849DD
:103C70000091CDE9010043F100030120FFF75CFE54
:103C800005B030BD1446E0E72A46EDE7681900208C
:103C90003538000008B5FFF71FFE024B1B68C01A3D
:103CA00008BD00BF681900204FF0704393F8E02F63
:103CB000062A09D1D3F8E83FC3F30313033B042BCF
:103CC00002D8024AD05C70470020704703A300006E
:103CD000024AD2F80034002BFBD0704700E00140CC
:103CE00010B504F0FCF940B14FF080538E4AD3F880
:103CF0002433C3F30423C2F84035FFF7D5FF10B1D6
:103D00008A4B8B4A5A6704F0EAF948B14FF0805366
:103D10004FF08042D3F84432C3F34233C2F83C350B
:103D2000FFF7C2FF30B1834AD2F8FC3023F0807332
:103D3000C2F8FC3004F0D3F940B14FF080430022C8
:103D4000C3F80C21C3F81021C3F83825FFF7ACFFE6
:103D500020B14FF080430322C3F8A025FFF7A4FF52
:103D600060B1754B0522C3F810260122C3F88826DE
:103D70000022C3F818263F22C3F814264FF08053C0
:103D8000D3F83021511C09BF4FF07043D3F83431C0
:103D900093F8E02FD3F8E83F08BFC3F30313062AD4
:103DA0004DD1033B042B03D8644AD35C002B46D08F
:103DB0004FF08052624BD2F80414C3F82015D2F8A9
:103DC0000814C3F82415D2F80C14C3F82815D2F837
:103DD0001014C3F82C15D2F81414C3F83015D2F807
:103DE0001814C3F83415D2F81C14C3F84015D2F8CF
:103DF0002014C3F84415D2F82414C3F84815D2F897
:103E00002814C3F84C15D2F82C14C3F85015D2F866
:103E10003014C3F85415D2F83414C3F86015D2F82E
:103E20003814C3F86415D2F83C14C3F86815D2F8F6
:103E30004014C3F86C15D2F84424C3F8702504F07C
:103E40004EF948B14FF080534FF08042D3F85832CA
:103E500003F04F03C2F8E43E04F041F948B14FF0DB
:103E60008043D3F80024D20744BF6FF00102C3F8A7
:103E700000244FF08053D3F83021062A26D1D3F8FE
:103E80003431033B042B02D82E4AD35C63B12E4A53
:103E9000D2F83C3743F48063C2F83C374FF080538C
:103EA000D3F83031062B11D14FF08053D3F8343191
:103EB000033B042B02D8254AD35C3BB14FF01023BF
:103EC000D3F808224FF08043C3F858254FF0102351
:103ED000D3F80022002A03DBD3F80432002B22DAC5
:103EE0001B4901234FF01020C1F804351524FFF7BA
:103EF000EFFEC0F80042FFF7EBFEC0F80442FFF708
:103F0000E7FE0023C1F80435FFF7E2FEBFF34F8F51
:103F10000849104BCA6802F4E0621343CB60BFF358
:103F20004F8F00BFFDE710BD0030014000C00740CB
:103F30000DF0ADBA00ED00E000500040FEA2000020
:103F400000C00040F9A2000000100040F4A20000F0
:103F500000E001400400FA05014B1860704700BF03
:103F6000A41C002010B5054B1868144604F0CAF8CC
:103F70000028A4BF2070002010BD00BFA41C00209A
:103F8000024A01238340C2F80435704700F0014023
:103F9000014B00201B681847A81C0020014B1B6820
:103FA000184700BFA81C002010B50C4C237993B90A
:103FB000012323710A4B2060002818BF184600F027
:103FC00069F850B923680748002BBDE8104008BFC6
:103FD000184600F0AFB86FF0770010BDA81C0020A5
:103FE000913F00009D3F000008B5064B1B683BB1A8
:103FF0000020FEF79BFA18B9BDE80840FEF774BA36
:1040000008BD00BFA81C00204FF08053D3F830211A
:10401000511C09BF4FF07043D3F8343193F8E02FAF
:10402000D3F8E83F08BFC3F30313062A05D1033BC7
:10403000042B04D8034AD05C70470020704701204D
:10404000704700BF08A3000038B54FF0804401233B
:10405000C4F8083363600023C4F80031D4F8003199
:1040600042F21075D4F80C24D4F80C34D20307D5DE
:10407000DB0705D5012004F043F8013DF2D138BD3E
:10408000FFF7C2FF0028FAD0014B00225A71F6E771
:10409000B01C002038B5084C25794DB901232060AB
:1040A0002371FFF7B1FF08B9002038BD6571FBE748
:1040B0006FF07700F9E700BFB01C00204FF080439D
:1040C0000022C3F80021D3F80021094901221A6017
:1040D000096811B1C3F804237047D3F80021002AFE
:1040E000FBD00022C3F80021D3F80031704700BF95
:1040F000B01C002010B54FF08043D3F80423D20742
:1041000015D5D3F8002192B10022C3F80021012473
:10411000D3F80021C3F80843FFF776FF044B10B132
:104120005A7922B95C71BDE810401B68184710BD70
:10413000B01C0020074A137943B9012110601171A6
:104140004FF080421846C2F8183570476FF077007C
:10415000704700BFB81C002010B54FF080432C4CB6
:10416000D3F81814D3F8182411F4803F37D002F094
:104170000303012B03D00BB104F02EF800234FF002
:104180008042C2F818350023C2F80431D2F8043155
:104190004FF08053D3F83021511C09BF4FF07043CA
:1041A000D3F8343193F8E02FD3F8E83F08BFC3F3D6
:1041B0000313062A08D1033B042B02D8154AD35C0B
:1041C00013B18A2003F09CFF4FF0804301229A60D4
:1041D000226872B9D3F80421002AFBD011E0D3F889
:1041E0001424D207CAD5D3F81C249007C4D422685B
:1041F0001AB10222C3F8042310BDD3F80421002A07
:10420000FBD00022C3F80421D3F80431F4E700BF47
:10421000B81C00200DA30000F8B54FF08043194FE3
:10422000D3F80443012504F01A04002604B9F8BDAC
:10423000B4FA84F0C0F11F00830003F580739BB2D1
:1042400003F1804305FA00F2196824EA0204002908
:10425000ECD01E601B684FF080430128C3F8082390
:104260000CD1D3F81824D3F81824920706D10222CF
:10427000C3F81805C3F804239860D7E73B68C0B2B9
:104280009847D3E7B81C00204FF08053D3F8302173
:10429000511C09BF4FF07043D3F8343193F8E02F2D
:1042A000D3F8E83F08BFC3F30313062A05D1033B45
:1042B000042B04D8034AD05C7047002070470120CB
:1042C000704700BF12A3000073B5CEB200EB4606E4
:1042D0000446B38ADB070D4625D504F085F8B38A7A
:1042E0009A0608D55A0B236803EB82030022C3F811
:1042F0001025C3F8102520462946002404F006F8AE
:10430000B48201A8019503F082FF019B00EB8300BA
:10431000064BD0F80027134043F00203C0F80037E3
:10432000204602B070BD6FF01500FAE7F0F8FCFF10
:10433000014803F005BF00BF2412002010B5044857
:104340000C4603F0DFFE0028A4BF2070002010BD43
:104350002412002007B5019001A804F09BFA019BEC
:1043600000EB8300054BD0F80027134043F0030314
:10437000C0F8003703B05DF804FB00BFF0F8FCFFA5
:1043800073B5CB7B0446002B38D10B7B0878012B0F
:1043900077D804F096FA0B78019301A804F07AFA22
:1043A000019B00EB83003C4BD0F80027134043F007
:1043B0000103C0F800374878FF2804D004F081FAE0
:1043C0004878FFF7C7FF8B78FF2B0FD001A88D7BB4
:1043D000019304F05FFA019B00EB83002E4BD0F8B1
:1043E0000027134043EA8503C0F80037C878FF2848
:1043F00004D004F059FAC878FFF7ACFF23792748B6
:10440000CA78282505FB03039A770B7C9BB94B7868
:1044100025680E78FF2B18BF1A468B78C5F80865FB
:1044200008BF4FF0FF32FF2B08BF4FF0FF33C5F836
:104430000C25C5F8103523688A68C3F824254B7B02
:104440000A7B2568003B18BF0123022A1CD0032ADF
:104450001DD0012A01D143F00203C5F85435237958
:104460004979282202FB0303D97723795343C358A0
:1044700083B1206840F3073002B0BDE87040FEF71A
:1044800033B804F011FA86E743F00403E5E743F09C
:104490000603E2E702B070BDF0F8FCFFC01C00208C
:1044A00007B5019001A804F0F5F9019B00EB83002A
:1044B000054BD0F80027134043F00203C0F8003743
:1044C00003B05DF804FB00BFF0F8FCFF2DE9F041FC
:1044D00090F80480144C4FF0280C0CFB08FC04EB03
:1044E0000C06074696F81CE0BEF1000F18D144F800
:1044F0000C20736041B1CB7B86F82530CB78B37745
:104500004B79F377FFF73CFF3A680123C2F8003597
:10451000282202FB0844002060772377BDE8F08161
:104520006FF07700FAE700BFC01C002070B5067975
:10453000194C056828237343E35833B145F307301A
:10454000FDF7E0FF0423C5F808330023C5F8003564
:10455000282303FB064393F82530BBB9D5F808059B
:10456000FFF79EFFD5F81005421C01D0FFF798FF1A
:10457000D5F80C05431C01D0FFF792FF282303FB5D
:104580000643987FFF2801D0FFF78AFF282303FB0B
:1045900006440023237770BDC01C00202DE9F8439A
:1045A00007793A4C28237B439046E2180E46517F08
:1045B0008146002967D1E3580BB10123537796E870
:1045C0000F00282505FB074505F10C0C8CE80F00B2
:1045D000A87F0023FF2885F8243001D004F071F96A
:1045E0002823B8F1000F07D003FB074300225A77B6
:1045F0006FF08500BDE8F883D9F8005003FB07434E
:104600000422C5F80823C3F82080C5F80881D5F82E
:10461000082172689AB133681B78C5F81C35736835
:10462000012B0ED933685B78C5F81C3528237B43F2
:10463000E65876B10423C5F804330020DAE7DB7FBF
:10464000EBE7F368012BF1D9282303FB0743DB7F5A
:10465000EAE707EB870104EBC101D5F80831002B2D
:10466000FBD0C5F808612846D5F8083104F036F9C2
:104670000028F2D1282303FB0744A07FFF28DCD0C9
:1046800004F012F9D9E76FF00F00B3E7C01C002067
:1046900002494FF0402004F054B900BFC01C002074
:1046A0000149024804F04DB9E81C002000300240E6
:1046B00008B5124BA8220021184604F03DFB032246
:1046C00002610F4942610F4A8161C2614FF4805219
:1046D0000262002282624262C26201660A49416647
:1046E00010218166094902670346C266426711F8D4
:1046F000010D98540132102AF9D108BD1010002084
:1047000017A30000100000200000002030A30000CC
:104710002DE9F84FDFF87C80182606FB008E00FBA1
:1047200006664644DEF82440DEF828C07368A445D7
:1047300007468946154603EB040022D8DEF820B070
:10474000ABEB040A0AF1FF339A4203D804F0E6FA0D
:104750002C440FE063449A4219D852462C4404F08A
:10476000DDFAB4EB0B0405D07068224609EB0A01B0
:1047700004F0D4FA182303FB078301205C62BDE830
:10478000F88F0CF1FF3CACEB040C9445DED200201A
:10479000F5E700BF10100020F8B5144B182700FBF8
:1047A00007751D4407FB00330E46DB6A012B1446D8
:1047B0000AD0022B14D023B9284604F0DCF8844236
:1047C00008D900242046F8BD284604F0D4F88442D5
:1047D00028BF044622463146284604F0D5F8F1E7C2
:1047E0002846BDE8F84004F0EAB800BF10100020E9
:1047F000F8B50B4B1B78532B04460E46174601D0D9
:10480000FFF756FF04F00AF93A46054631462046BE
:10481000FFF7C2FF0446284604F008F92046F8BD19
:1048200010100020034B182202FB00339A6A586ACA
:10483000801A70471010002010B4084A084900235D
:10484000C85C12F8014D844204D10133102BF7D11A
:1048500010BC704710BCFFF72BBF00BF30A3000097
:104860001010002010B50446FCF754FE0348044A1B
:10487000012103F019F8204604F004F9BC9300006C
:1048800031A300002DE9F843044600AF0D46EFF3D5
:104890001188202383F31288BFF36F8F0428294ADD
:1048A00098BF294B9668117C94BF53F82030274B52
:1048B000E9468AB06A462648C2E9073140F2013328
:1048C0009384244BC2E9050442F8103F2248002398
:1048D0004FF43151FCF7EEFECD4645B1EB69C3F321
:1048E000080323B11D4A1C48012102F0DDFF2EB14F
:1048F000304604F0ECF808B1037803B91848E946EB
:104900008AB06A46174BD061C2E9053640F20133DE
:104910001384154B42F8103F00230F484FF41151F8
:10492000FCF7C8FE2946CD462046FFF79BFF88F3DB
:104930001188BFF36F8F3046FDF77CFDBD46BDE8A3
:10494000F88300BF101D0020C098000040A30000A5
:1049500056A3000005000001BC9300007EA30000E8
:104960004EA300009FA300000400000138B50A4BCD
:1049700053F82040013053F82050A54200D838BDEC
:10498000606830B1037FDB0701D404F058F80834C5
:10499000F3E723689847FAE7D498000070B52A4BEC
:1049A0002A4C2B4D012286B003201A70FFF7DEFF40
:1049B000FDF7C8F90420FFF7D9FF2646AE4204F1FF
:1049C000300410D300F066FB204C224EAC4226D3BC
:1049D00000F074FBFBF7F2FD1F4A137B23F0010389
:1049E000137306B070BD54F80C3C059354F8103C9A
:1049F000049354F8143C039354F8183C029354F86D
:104A00001C3C019354F8203C009354E90A2354E9D8
:104A10000C0100F06BF954F8303C5E65CDE7D4E949
:104A20000A23B3F1FF3F08BFB2F1FF3F05D052EABE
:104A30000301206803D100F0FDFB3034C6E73146A6
:104A4000183000F095FDF8E719340020409300007D
:104A500040930000C18B0000281A002070B5174E4B
:104A6000174D184986B0B02303FB0066164B05931B
:104A700001220F23CDE903320023CDE901331423B2
:104A800003FB005504464FF4C07000FB04110F4BAC
:104A900000954FF4A072304600F028F9737B0C4A61
:104AA000EE6023F0040373734FF4046304FB0333D9
:104AB00013442C746B6006B070BD00BF78190020E1
:104AC000101D0020C03F002001A40000958A0000B6
:104AD00080370020BFB50020FFF748FF294B83F344
:104AE0000888294C294F636943F4007363610025EA
:104AF000E02384F82230E57725766576A57684F87C
:104B00002050636A43F4E023636284F82350FDF786
:104B100007FCFDF7A7FD4FF0FF33A362E362FDF74B
:104B20007DFEFDF7C3FDFCF751FC1948194C00F060
:104B30007FF90120FFF71AFF0220FFF717FF00F0AF
:104B4000F1FA154B15495C61154B05930123CDE92D
:104B500003534FF480623B46CDE901550095204652
:104B600000F0C4F8627B064622F00402204662731D
:104B700003F0E9FF2846FFF771FF3A463146204629
:104B8000FDF750FDC03F002000ED00E09D49000012
:104B9000D81A0020281A0020101D002040410020B3
:104BA00006A4000070B5EFF31186202383F312886A
:104BB000BFF36F8F0468A0421BD0D4B1D4E9003298
:104BC00013605A60637B002523F002036373C4E91A
:104BD0000055A56004F1180004F04AF82046C4F816
:104BE000AC5003F0B0FF31460748BDE8704000F01C
:104BF0002BBAD0E902329A4218BF0133836086F3A0
:104C00001188BFF36F8F70BD1A34002013B5EFF316
:104C10001181202484F31288BFF36F8F846844B11C
:104C2000013C846081F31188BFF36F8F002002B0D4
:104C300010BD52EA030406D181F31188BFF36F8FD0
:104C40006FF00F00F3E7CDE900230246014800F0C2
:104C5000D9F9ECE71A3400202DE9F0410546EFF3CD
:104C60001187202383F31288BFF36F8F00231E4622
:104C70006FF00A082C68A54216D0ACB1D4E9003216
:104C800013605A60637BA66023F002036373C4E978
:104C9000006604F1180003F0EBFFC4F8AC80204676
:104CA00003F051FF0123E5E70022AA602BB139464A
:104CB0000548BDE8F04100F0C7B987F31188BFF39C
:104CC0006F8FBDE8F08100BF1A34002010B5044694
:104CD00008B9054B9C681F2204F1740004F034F8F5
:104CE000002084F8930010BD101D00202DE9F04F26
:104CF000073285B022F0070204461E467F3200F1DB
:104D00005803C0E9163322F03F02129B23730020A0
:104D10000D46119BDDF838A0139FA06004213F2AA7
:104D2000C4E906006173A373E07305F14009A2F1C1
:104D3000400B05D880F31188BFF36F8F084602DF60
:104D400005EB020841462046FDF792F80730109B1C
:104D500020F00700C4E9259BC4F89C0002930F9B38
:104D6000A8EB000BCDE900A35A463346294620465E
:104D7000FDF724FC0F9BA3664FF00008109BC4F8BE
:104D80005480C4E9186AE366EFF31182202181F3AD
:104D90001288BFF36F8F0F4D296A21672C6282F34F
:104DA0001188BFF36F8F8FB11F22394604F1740051
:104DB00003F0CAFF84F89380AB680BB1D3F8A0303E
:104DC000C4F8A030584605B0BDE8F08F84F8747080
:104DD000F2E700BF101D0020F0B587B00025059553
:104DE000109D04950F9D03950E9D0295DDE91276A9
:104DF0000D9D01950C9D00950446FFF777FFB6F1D8
:104E0000FF3F08BFB7F1FF3F05D056EA070305D1C2
:104E1000204600F00FFA204607B0F0BD3A46334670
:104E200004F11800014900F0A3FBF4E7C18B000076
:104E300040F2011383810023C0E92533C0F8A0307C
:104E4000014B9860704700BF101D00200A4A93680C
:104E50006FF00A01C3F8AC100849C3F8A8004B680A
:104E600043F080534B60002383F31188BFF36F8FAF
:104E70009368D3F8AC007047101D002000ED00E0EF
:104E800070B590F90D20437B002A36DBD90634D16A
:104E90001B4C63F07F032246437352F8183FE169CD
:104EA000934207D1C0E900210860E06111E0994216
:104EB000F8D01B68002BF5D090F90E5093F90E60D6
:104EC000B542F4D0AE42F2DD5968C0E90031086065
:104ED0005860A569954200D005B9E568A3685A7B7A
:104EE000D20604D1DA897F2A01D9AA6932B1AB424C
:104EF00002D0284600F098FA656170BD6361FCE756
:104F0000101D002038B590F90D20437B002A014682
:104F100004DA03F07F03437303F0DBFD0D4D2A46F3
:104F2000AB6852F8184F944200D004B9EC688B4239
:104F300007D05A7BD20604D1DA897F2A01D9A26927
:104F40002AB1A34202D0204600F06EFA23466B61DC
:104F500038BD00BF101D0020B3F1FF3F08BFB2F104
:104F6000FF3F03D00249183000F002BB704700BF7A
:104F7000C18B000070B590F90D20437B002A0146DB
:104F800004DA03F07F03437303F0A3FD4B7B1C4C57
:104F900063F07F0322464B7352F8183FE069934257
:104FA00007D1C1E900200160E16111E09842F8D029
:104FB0001B68002BF5D091F90E5093F90E60B542A5
:104FC000F4D0AE42F2DD5868C1E9003001605960AA
:104FD000A569A368954200D005B9E5688B4207D062
:104FE0005A7BD20604D1DA897F2A01D9AA692AB16B
:104FF000AB4202D0284600F017FA2B46636170BD21
:10500000101D0020F8B50E4B0C4611460D4A98684D
:105010001060DDE90667EFF31182202282F3128827
:10502000BFF36F8F9D68284603F065FD2846324622
:105030003B46FFF791FF2046BDE8F840FFF706BF6B
:10504000101D0020341D002049B9EFF3058030B950
:10505000054B5A699B689A4201D0FFF7F7BE81F36E
:105060001188BFF36F8F7047101D0020034648B9A9
:10507000EFF3058232B9064A51699268914201D034
:10508000FFF7E4BE83F31188BFF36F8F704700BF53
:10509000101D0020EFF31181202383F31288BFF34A
:1050A0006F8F054B9A68D37B013BD37381F31188D3
:1050B000BFF36F8F704700BF101D002070B5EFF376
:1050C0001186202383F31288BFF36F8F144DAB68D2
:1050D000DA7B0132DA732A4652F8184F944200D034
:1050E00004B9EC685A7BD20604D1DA897F2A01D947
:1050F000A2692AB1A34202D0204600F095F92346C6
:105100006B6186F31188BFF36F8FEFF3118020235B
:1051100083F31288BFF36F8FBDE87040FFF7A6BF1F
:10512000101D0020024B03F11802C3E9062270474C
:10513000101D002070B5EFF31186202383F3128831
:10514000BFF36F8F1B4CA168E0690B68814214BFED
:105150001A46002249680B605960A368E1692AB9C0
:10516000154AC3E900210B60E3610CE093F90E00DE
:1051700092F90E50A84218D0854216DD5168C3E955
:1051800000210B605360A5690B4B9D4200D005B90F
:10519000E568A3689D4202D0284600F045F96561A4
:1051A0003046BDE87040FFF751BE8A42D8D0126841
:1051B000D5E700BF101D0020281D0020F8B550EADB
:1051C000010306460C4603D1FFF7B4FF0020F8BDEB
:1051D000EFF31187202383F31288BFF36F8F124DF3
:1051E000124BA8681860FFF78DFEA8681049234687
:1051F0003246183000F0BCF9AA68537B43F0040330
:10520000537304463846FFF721FEAB68D3E90A23FF
:10521000B3F1004F08BF002AD8D103F051FD201A86
:1052200020EAE070D3E700BF101D0020341D0020ED
:10523000C18B000038B50446EFF31185202383F3BA
:105240001288BFF36F8F437B5B070FD5183003F0D5
:105250000FFD637B23F0040320466373FFF710FE0A
:1052600029460548BDE83840FFF7EEBE85F31188B2
:10527000BFF36F8F38BD00BF1A340020014B986810
:10528000704700BF101D00202DE9F8430446077B3E
:10529000EFF31185202383F31288BFF36F8F437BD5
:1052A000190705D585F31188BFF36F8FBDE8F88323
:1052B000D90943F0080260D14273A36813B12046B4
:1052C00003F00FFC04F1180003F0D2FCA66D04F10A
:1052D0005808B04511D04FF0000976B1304603F0C0
:1052E00000FC06F1180003F0C3FCC6F8AC90304691
:1052F000FFF7C6FDA66DB045EFD1DFF8C480D8F842
:1053000008309C4241D1EFF30589B9F1000918BF7B
:105310004FF00109D8F818602A4A964200D00EB919
:10532000D8F80C60B34202D0304600F07DF8204639
:10533000C8F8146002F05BFB204600F0CDF8B9F12C
:10534000000F02D02048FFF773FDD8F808309C42C8
:1053500031D1EFF3058373BB227BD20718D42846E3
:10536000FFF774FDFB07A1D5002383F31188BFF37A
:105370006F8F0423184602DF98E703F07F0343F0A2
:105380000803437303F0A5FB97E74FF00009C1E75B
:1053900085F31188BFF36F8F83F31188BFF36F8F8D
:1053A0000423184602DFEFF31180202383F31288D1
:1053B000BFF36F8FD4E785F31188BFF36F8FD1E709
:1053C000101D0020281D0020D81A0020044BC01AF0
:1053D000044BC0105843044B01221A54704700BFBD
:1053E000881B0020ABAAAAAA1A340020C3897F2BED
:1053F00012D80A4B1B6863B1094B90F90E201B6849
:105400009A4209DB437BDB0606D1064BC31A18BF61
:10541000012303F0010070470023FAE7281200205F
:10542000381D00207819002070B50E4B0E4C1E7CE4
:1054300006EB460304EBC3040546204603F018FCC4
:105440000A4B002228469A55FFF7D0FF48B1084B77
:1054500008491A68013A2046D317BDE8704000F0A9
:1054600087B870BD101D0020881B00201A34002052
:1054700028120020CD53000038B5EFF3118520230A
:1054800083F31288BFF36F8F104B114A9C6810682A
:10549000A04206D1FFF7C8FF85F31188BFF36F8FD5
:1054A00038BD00211B7C11600A4AD35C002BF3D06D
:1054B0002046FFF79BFF0028EED0637BDB0602D17E
:1054C0002046FFF757FD2046E4E700BF101D0020EF
:1054D000341D00201A340020EFF31181202383F3C0
:1054E0001288BFF36F8F0A4A136A834207D11B6F7A
:1054F000136281F31188BFF36F8F70471346002B3F
:10550000F7D01A6F8242F9D1026F1A67F1E700BF34
:10551000101D0020024B1868984208BF00207047F9
:105520002C120020034B1B680BB9FEF7B3BB002005
:10553000704700BF3C1D002030B570B10B4B5B685D
:1055400098420AD0036843B1D3E90421D0E9044565
:10555000121941EB0501C3E90421D0E900321360BF
:105560005A600023C0E9003330BD00BF2C12002078
:10557000B3F1FF3F08BFB2F1FF3F2DE9F84F0446FA
:10558000994615461F467AD08160EFF31188202393
:1055900083F31288BFF36F8FB9F1000FDFF8E4A037
:1055A00020DBFFF7BFFFDAE90027013549F10009E9
:1055B0002D1849EBE073C4E90453AD18064643EBDC
:1055C00007074FF00109FFF7A5FFDFF8BCE0DEF8A1
:1055D00004A00346EBB9C4E900EACAF80040CEF8DB
:1055E000044028E0DAE900126FF001035B1A4FF083
:1055F000FF3161EB02025B1B62EB0902012B72F1CE
:105600000001BCBF01230022C0E904324FF00009B1
:10561000D9E7D3E9041CD4E904208A4270EB0C0BCF
:1056200024DA891A5A686CEB0000C3E90410C4E953
:10563000003214605C60FFF76DFF84420ED1134BA3
:105640001B685BB9B9F1000F02D1FFF76BFF06468B
:10565000304603F0F6FA0021FEF7EAFA88F31188E3
:10566000BFF36F8F28463946BDE8F88F521A60EBBA
:105670000C009A45C4E90420ADD01B68AAE70025B8
:105680002F46EFE7A01B00202C1200203C1D00201D
:105690002DE9F047EFF31185202383F31288BFF340
:1056A0006F8FDFF8A490DFF8A480C9F80000FFF73F
:1056B00031FF00260027D9F80030D8E900ECD917CF
:1056C00050B1D0E90442A34271EB020A1CDAE41A99
:1056D00062EB0102C0E9044213EB0E034FF0000439
:1056E0004CEB01012046C8E90031C9F8004003F045
:1056F000A8FA2146FEF79CFA85F31188BFF36F8F55
:10570000BDE8F047FFF7B8BE14EB0E024CEBE473B4
:10571000C0E90467C8E90023FFF70EFF85F311888D
:10572000BFF36F8F83689847EFF31185202383F3CE
:105730001288BFF36F8FD9F800301B1BC9F80030F7
:10574000FFF7E8FEB7E700BF3C1D0020A01B0020CC
:1057500010B5EFF31184202383F31288BFF36F8F0A
:10576000FFF7E0FE054A0346D2E90001181841EBB5
:10577000E37184F31188BFF36F8F10BDA01B00206D
:10578000F8B50546EFF31187202383F31288BFF3A2
:105790006F8F036823B187F31188BFF36F8FF8BD54
:1057A000D0E90A46611C46F10002022972F10002AA
:1057B00036D3012C76F10002BCBF01241E46013C09
:1057C00046F1FF3603F080FA013041F10001001983
:1057D00046EB0101012871F1000130DB03F074FA9E
:1057E000013041F100016FF00203001946EB0101A5
:1057F00083426FF000438B4126DB03F065FA0130F2
:1058000041F100016FF00102001946EB0103121A89
:105810004FF0FF3161EB03031C492846FFF7A8FE58
:105820002B6B01332B632B6A93B93C462B4653F801
:10583000185F9D4200D0D5B984F31188ADE76FF0B1
:1058400001024FF0FF33E7E700224FF00043E3E7A8
:1058500087F31188BFF36F8F2B6A28469847EFF3C1
:105860001184202383F31288BFF36F8FDEE728466D
:1058700003F078F90023C5F8AC3084F31188BFF346
:105880006F8F2846BDE8F84003F05DB981570000EE
:105890002DE9F04105461C4690461F46EFF3118660
:1058A000202383F31288BFF36F8FB4F1FF3F08BF4B
:1058B000B2F1FF3F05D186F31188BFF36F8FBDE8CA
:1058C000F081002C09DB012A74F10003BCBF012226
:1058D000002412F1FF3844F1FF37284603F0C8F9DD
:1058E000DDE906010023C5E90A012B6342463B4678
:1058F00028460249FFF73CFEDDE700BF8157000064
:105900000CB430B589B005460C461C22002101A814
:1059100003F012FA02238DF806300E4B0293059520
:1059200023462CB1B4F1004F28BF4FF00043013B98
:105930001D440DAA0C99069501A8009200F0D0F81C
:1059400014B1059B00221A7009B0BDE8304002B0C6
:10595000704700BFE39000000EB470B589B00DAD84
:1059600004461C22002101A855F8046B03F0E4F959
:1059700002238DF806300B4B029304F10043013BE8
:105980002A46314601A806930594009500F0A8F830
:105990000028A4BF0023235409B0BDE8704003B021
:1059A000704700BFE39000002DE9F0410126074653
:1059B000B24201DCBDE8F0813B461F4613F8014BC3
:1059C000002CF7D0252CF8D11C78252C07F10207E4
:1059D000F2D00023DFF804819C461D461F2D18D805
:1059E000A4F1200EBEF1100F09D9A4F1300EBEF1C2
:1059F000090F1ED80A2404FB03E3202504E028FA3B
:105A00000EFE1EF0010F06D017F8014B002CE5D159
:105A100028E07F2D1CD8A4F1300EBEF1090FE9D982
:105A2000242C10D1BCF1000F46D0B34246D0002345
:105A3000EAE724F0040EBEF12A0FF8D06C2C09D14D
:105A400045F08005E0E724F0040EBEF12A0FEED009
:105A50006C2C22D06C2C1BD8682C23D06A2C28D01C
:105A60004C2C26D0BCF1000FA4D0B445A0D144F0FA
:105A70002007A7F1650CBCF1020F0B6801D9612F5B
:105A80001ED1073323F0070308330B6001368EE77E
:105A9000742CB9D07A2CB7D0E4E72C0648BF45F473
:105AA0000075CDE7EC0548BF45F4007545F48075F9
:105AB000AAE745F42075A7E79C46B8E76324D6E734
:105AC000692C02D007D8632C03D02F0601D5AC0572
:105AD000D7D40433D9E7732CF6E700BF8928010037
:105AE0002DE9F04F95B0436803938378804698077B
:105AF000CDE9081217D50D920B4600251F78A7B1E6
:105B0000252F16D001330793039B4146384698470B
:105B1000002805F1010580F2398498F8023043F03D
:105B2000040388F802304FF0FF35284615B0BDE871
:105B3000F08F5F789A1C252F0792E5D00024264627
:105B4000A246A346BBF11F0F32D8A7F12003102BAA
:105B50000AD8DFE803F02409092A0909091B090901
:105B60000922092709091900A7F13003092B2DD9AA
:105B70002A2F39D154B90D9B1BF0400F53F8042B39
:105B80000D9329D0164601E04BF0010B079B13F84B
:105B9000017B0793002FD5D15BE04BF0020B4BF05C
:105BA000040BF3E74BF0080BF0E74BF0100BEDE7BD
:105BB000BBF17F0F3FD8A7F13003092BD8D81BF0DA
:105BC000400F03D00A2202FB0636DFE70A2202FB5F
:105BD0000A3A4BF0200BD9E7B2F1000AF9DACAF120
:105BE000000A4BF0280BD1E72E2F05D11BF0400FF8
:105BF0009BD14BF0400BC9E7242F1CD1002C00F0A7
:105C00004281099B0D931BF0400F0AD15246089820
:105C10000DA9FFF7C9FE0D9B1A1DD3F800A00D9228
:105C2000B4E7324608980DA9FFF7BEFE0D9B1A1D7A
:105C30001E680D92AAE76C2F00F0128100F2098114
:105C4000682F00F015816A2F00F01A814C2F00F0A8
:105C5000178134B1099B08980D9322460DA9FFF7CF
:105C6000A3FE002E47F02009B8BF2BF0400BA9F18E
:105C70006503BCBF1FFA8BFB0026022B40F2088194
:105C8000B9F1610F40F06782FF4307F020030693EC
:105C90000D9B073323F007031BF0400FD3E90001EE
:105CA00003F1080208BF4FF0FF36069B0D920093E8
:105CB0000EAA334603F081F90130C3B2B3424BF46C
:105CC000C054049301DB049B5E1E01230E9F0593C9
:105CD000A3464FF0700907F10903122B0DD907F104
:105CE0006303C62B40F20F8107F2E73340F2CE7216
:105CF000934294BF0323042305939DF83C2002F0B4
:105D00000C0312F0010240F019811BF0020F40F069
:105D100012811BF0040400F0F880002B40F0118188
:105D200020231BF4405F1FD1049A5032002E6A4496
:105D300008BF0126133A049921B112F8011D302938
:105D400000F036811BF0100F049A18BF3246391D3F
:105D5000C0F23381B74280F23081BA424BF4005B2B
:105D600040F32D817E1C961B1BF400520A9200F01A
:105D7000288127EAE774013403B10134002E00F0D2
:105D80002881721C1444A245CCBFAAEB0404002451
:105D90001BF0090F04D12C44A54240F01F810024C0
:105DA00043B118464146039B9847002805F1010579
:105DB000FFF6B3AE1BF4006F13D0039B41463020B7
:105DC00098470028FFF6A9AE069BC3F1780041462C
:105DD000039B00F0F8009847002805F10205FFF644
:105DE0009CAE1BF0080F05D12C44AC4240F0028160
:105DF000254600240A9B002B00F01C8127EAE77A45
:105E0000A7EB0A077642049BBB4284BF0EABFB188C
:105E10000AF1FF3A88BF5879039B98BF3020564556
:105E200005F10109414600F3EF809847002807F18A
:105E30000107FFF672AEBAF1FF3F08D1039B41465E
:105E40002E2098470028FFF668AE05F102094D465E
:105E5000D9E7742F3FF49AAE7A2F3FF497AEF8E665
:105E60001BF0800F18BF4BF4007B4BF0800B8DE6CE
:105E70001BF4807F18BF4BF4007B4BF4807B85E6DE
:105E80004BF4207B82E62646B3465446B2467DE676
:105E9000FF4307F0200306930D9B073323F007030E
:105EA0001BF0400F03F1080208BF0626B9F1650F89
:105EB000D3E900010D9213D1731C0022DBB24BF425
:105EC000805B1446112BCDE9002428BF11230EAAB4
:105ED00000F0FCFAC3B2049302230E9F0593FAE686
:105EE000B9F1660F05D14BF4005B34460122112352
:105EF000E8E7F3B2012B4FF0000238BF012314464C
:105F00004FF06509DEE70223F6E6002B3FF409AF08
:105F1000BAF1030F3BDC9DF83C30A64E13F0080F9E
:105F2000A54B08BF1E463746B94617F8010BB0BB54
:105F3000AE1BB1447BE033BB2B23F2E62BBB2D23FE
:105F4000EFE62022BAF1040F13DD1BF0080FAAF1CF
:105F500004040FD12C44039B04924146202098470F
:105F6000002805F10105FFF6D8ADA542049AF2D14B
:105F70009AB10024039B414610469847002805F13A
:105F80000105C8DAC9E52B22DCE72D22DAE71BF090
:105F9000080FAAF10304BED1DCE71446BBE7069B59
:105FA000C01A4146039BC0B298470028BCDAB4E54A
:105FB00004990139C9B20491BDE6561ED4E6002603
:105FC000D2E61BF4006F059A0CBF03240524144489
:105FD000D2E61BF0100F18BF0134D4E60B934146F4
:105FE000039B2020984700280B9B05F10105BFF675
:105FF000D3AE92E5039B414630209847002805F137
:106000000105BFF6F2AE88E598470028FFF685AD9A
:106010001BF0100F0BD0BAF1FF3F08D105F10209B8
:1060200041462E20039B98470028FFF676AD4D464B
:106030004C4433E29DF83D00039B414698470028BD
:10604000FFF66BAD002E69DD039B41462E2098477D
:106050000028FFF662AD4FF0010A049B9A45BBBFD2
:106060000EAB534430205879039B41469847002893
:10607000D346FFF652AD0AF1010A5645EDDA023574
:106080005D44069BA9EB03004146039BC0B29847C1
:106090000028FFF642AD002FB4BF2D202B20039B1C
:1060A0004146B8BF7F4298470028FFF636AD059BB2
:1060B000042B41D14FF47A79B7FBF9F606F13000A1
:1060C000039B4146C0B29847002805F10305FFF63F
:1060D00024AD09FB16774FF06409B7FBF9F606F11A
:1060E0003000039B4146C0B29847002805F10105E6
:1060F000FFF613AD09FB16774FF00A09B7FBF9F667
:1061000006F13000039B4146C0B29847002805F1D4
:106110000105FFF602AD09FB167715E01BF0100F25
:1061200001D10135ADE7039B41462E209847002859
:1061300005F10205A5DAF0E4059B032B05F1020544
:10614000C9D0059B012BD7D107F1300005F101091A
:106150004146C0B266E7A7F16303122B00F2FF804D
:10616000DFE813F013005700FD00FD00FD00FD0007
:106170005700FD00FD00FD00FD00FD001701F800C7
:10618000FD00FD002C00FD00B9000D9B1A1D1B68D1
:106190000D928DF8383001240EAF1BF0080F2ED071
:1061A0003E19B946B1452CD1EF1BB944AAEB040402
:1061B0003DE700BF0EA40000D09B00000D9B1A1D00
:1061C0000D921F68AB4B002F08BF1F461BF0400FFE
:1061D00014BF31464FF0FF31384602F0C5FD04468A
:1061E000DBE7039B4146202098470028FFF695AC4B
:1061F000013EB442F5D35544AD1BB246D0E75646F6
:10620000F7E719F8010B039B414698470028C9DAC4
:1062100083E41BF0800F0D9B35D01BF4007F2DD045
:10622000073323F00703D3E9000103F108020D92BD
:106230002BF0100900291FFA89F936DA404261EB88
:10624000410149F480690DF1380B0A235A4602F0E6
:1062500097FD19F0400FA0EB0B0B65D029F0010260
:106260005E4592B240F3B280002F00F0A98019F091
:1062700010033446914626D002345CE01A1D18689B
:106280000D92C117D4E71A1D1BF4807F19680D9277
:1062900001D10846F5E71BF4007F15BF48B208B2EC
:1062A00041F3C01141F3C031C2E750EA0103CAD142
:1062B0001BF0400FC7D0002EC5D12BF0110B1FFAD9
:1062C0008BF93446B34640F2064319EA03031CBF78
:1062D000013400232FE02BF0100B1FFA8BFB0A2355
:1062E0001BF080040D9A57D01BF400711DBF0732BC
:1062F00022F0070202F10801101D19BF0D91D2E929
:1063000000010D90106850EA010252D12BF01609DD
:106310001BF0400F1FFA89F94FD0002E4DD12BF002
:10632000170B1FFA8BF9B34619F0100352D0002F48
:106330004ED10BF1010419F0080F5ED119F0010FD5
:1063400006D0A2456EDDAAEB040404EB0B0654460E
:1063500022464DE04BF0100B10237827C0E7B9F12F
:10636000780F04D1C7F1780343F01003B8E7039B1B
:106370004146252098470028FFF6CFAB039B4146B6
:10638000384698470028FFF6C8AB0235079BFFF751
:10639000B5BB08230027A3E7111D0D911BF48071E5
:1063A0001068B0D01BF400711ABFC0B2214680B291
:1063B000A9E72BF0060B1FFA8BF90DF1380B45E717
:1063C00029F011091FFA89F934467CE79146ABE7B9
:1063D0005C4651E75C4676E7CDE904234146039BE2
:1063E000202098470028FFF698AB049A059B0132BD
:1063F0009245F1DC2C1BA5181446F3B1039B4146D2
:10640000302098470028FFF688AB6FB90135A946C0
:106410002E44A6EB09035B4521DC5D460EAE5DBB59
:10642000D944C3E65E4693E7023541463846039BAE
:1064300098470028EBDAFFF770BB40F2064319EAF1
:10644000030FE4D019F0020F14BF2B20202019F401
:10645000806F05F10105414618BF2D20E7E7039B3A
:10646000414630209847002809F10109D1DAFFF7A9
:1064700054BB00BF12A40000013D039B705D414668
:1064800098470028CBDAFFF748BB039B4146202002
:106490009847002805F10105FFF63FAB631B002B71
:1064A000F3DC73E71FB502AB0093074A4FF0CC3320
:1064B00002F049FDDDE90201C00840EA4170C90867
:1064C00005B05DF804FB00BFCDCCCCCC2DE9F04F7E
:1064D0009BB0044605920A460A93C2F30A559DF8FA
:1064E00090300B93D20FC1F313030992090D7DB9BC
:1064F00050EA03021BD1059A30235371099B1560A2
:1065000043F002031371012738461BB0BDE8F08F3A
:1065100040F2FF7295424AD10343099B059A14BF8A
:1065200043F0080343F0040313710027ECE700F085
:10653000010208924FEA83080122AC4D48EA9078A4
:1065400087009A461646C5F1000B5846069200F0A1
:1065500011FAB5F1FF3FACBF8146A0F10109ABEBE9
:10656000090B09EB05035846049300F009FA16A934
:10657000A0F17D05584600F023FA12AB069A01936C
:10658000A9EB050510AB0292009320462B4616AAF4
:10659000514602F01DFCB9F1010F04460D4600F210
:1065A000D280089B002B40F0C58001276BE043F4AC
:1065B000801A00F001024FEA8A080343A5F235452C
:1065C000089248EA90784FEA800749D140F2FE737A
:1065D00019420CBF01260026002D3246B3DB2846A7
:1065E00000F0C2F9032DC8BF0138049000F0C8F9CB
:1065F000049B7C305D1B054416A9184600F054FA34
:1066000012AB019310AB009320462B46029616AABC
:10661000514602F0DDFB049B152B04460D4600F2AB
:10662000868014AB724A009338464FF0CC33414613
:1066300002F089FC149B159A9B0843EA827303EBD2
:106640008303BB42DDE9109A0CD13846414600F085
:106650009FF9049B83428CBF00270127002612E08C
:106660000126B9E7089B002B51D1013F48F1FF31CA
:10667000B81B61F1000100F08BF9049B089F834275
:106680008CBF002601260B9B002B40F09180DDF88B
:1066900028B04FF00008CDE906884FF00A0ADDE97E
:1066A0001001FFF7FFFE129B0E93CDE90C01184677
:1066B0001399FFF7F7FE0C9B0D9A0F9198420B462A
:1066C0009341814680F08E8020462946FFF7EAFEFE
:1066D0000E9A0AFB09F3934214BF002606F0010646
:1066E0000C9B10930D9BCDE911390F9B1393079BC6
:1066F000B8F1000F14BF002707F0010701330AFBB0
:1067000010485FFA88F8079304460D46C7E7B81C9F
:1067100048F1000100F03CF9049B83428CBF00204B
:106720000120B9EB00006AF10002CDE91002002758
:106730003E46A8E7109B119A013B42F1FF32CDE99A
:10674000103201278AE7B9F13E0FF0D84FF0FF333E
:10675000A9F1200003FA09F203FA00F0C9F12001BF
:1067600023FA01F102430A4303FA09F327EA030774
:1067700028EA020857EA08070CBF012700276DE73F
:1067800000FB02FCA1FB0012013362448C4275EB5A
:10679000020CF5D2049ADDF828B01344259A13446C
:1067A000D20F9342B8BF13469B45A8BF9B4670E7E4
:1067B0000A21002201230846E8E70AFB03F0A2FBB6
:1067C0000A2301310344944275EB0300F5D2594585
:1067D00010DDBBF1000F02D154EA05030AD00123FA
:1067E000069371E70A2200230121ECE7CCFBFFFFAF
:1067F000CDCCCCCC002E2FD04FF00A0A129B13998F
:106800000D931846FFF74EFE0D9B0C910AFB00F20C
:106810009A42814620D1DDE91001FFF743FE0E9038
:106820000D9120462946FFF73DFE0D9B0E9A1092D2
:10683000CDE911390C9B1393079BB8F1000F14BFDE
:10684000002707F0010701330AFB10485FFA88F8B8
:10685000079304460D46D1E7DDF81090079B994455
:10686000002F5AD0B8F1050F57D114F001034AD1C7
:10687000069A32B9DDE912239D4208BF94425FD0E7
:10688000069B18194FF00A0445F100010022012669
:106890002546A04271EB020755D2EBB1B3451BDA96
:1068A0000B9B6BB1259ADDF828B006EB0903134466
:1068B000012BB8BF01239B45A8BF9B465E450BDD5E
:1068C00005304FF00A024FF0000341F10001F9F7E3
:1068D00005FC09F10109013E5E45A8BF5E4637B2DD
:1068E0000FFA89F9059B09FA86F607F10508013EBA
:1068F00098444FF00009B9452CDB059B1A461E60F1
:10690000099B137100E6069B2BB9DDE912239D421A
:1069100008BF944209D00123B3E7069B53B9DDE9D0
:1069200012239D4208BF944204D1089B002BF2D150
:10693000002EF0D0B8F1040F94BF00230123A0E78C
:106940004FF00408F1E705FB02F7A4FB054201360E
:106950003A449EE70A220023F9F7C0FB303208F8D8
:10696000012D09F10109C6E7014B5843800C70471E
:1069700041340100014B5843000D7047FB2E0B00C2
:10698000024B5843C00C0130704700BF4F931200B8
:106990000A4A70B503464FF0CC3600204FF033352D
:1069A00006FB03F402FB0144A3FB023121449D4298
:1069B00075EB010401D30130F2E770BDCDCCCCCC36
:1069C0002DE9F04F1A23354EB0FBF3FA03FB1A03FF
:1069D00089B004460D4606EB0A1653B9D6E90023E2
:1069E000C1E90023D6E90201C5E9020109B0BDE809
:1069F000F08F2B4A02EBC303D3E9008904AB009369
:106A0000D6E902234046494602F09DFA06AB0093C0
:106A1000D6E9002383460F464046494602F093FAE2
:106A2000DDE9066216EB0B0652EB07084FF0000398
:106A300028BF0123814633B1049B059A013342F1FB
:106A40000002CDE9043220460391FFF799FF074683
:106A50001A2000FB0AF0FFF793FF3F1A3246434625
:106A600003990097484602F089FA4FEA141C0D4A30
:106A7000640004F01E0352F82C40DC4004F00304D0
:106A8000241841F10001C5E90041DDE90423009724
:106A90003046414602F072FAA6E700BF08950000B2
:106AA00038940000EC9800002DE9F04F1A27DFF829
:106AB000E4A000F11905B5FBF7F56F433A1A4FEA68
:106AC000051B89B004460E460AEB05150AD1D5E927
:106AD0000023C1E90023D5E90201C6E9020109B09A
:106AE000BDE8F08F2C4B03EBC203D3E9008904AB64
:106AF0000093D5E902234046494602F024FA5AF8A9
:106B00000B206B68013ACDE9020106A963F100038D
:106B100000914046494602F016FADDE906528A46DF
:106B200002996D18039952EB01084FF0000328BF3A
:106B30000123814633B1049B059A013342F10002DF
:106B4000CDE904323846FFF71BFF07462046FFF722
:106B500017FF3F1A2A46434600974846514602F01F
:106B60000DFA4FEA141C0D4A640004F01E0352F89B
:106B70002C40DC4004F003040134241841F10001EE
:106B8000C6E90041DDE9042300972846414602F0AA
:106B9000F5F9A2E7D895000038940000409900006C
:106BA0007047036803F01F025B0902600CBF4FF0DF
:106BB000A0400020704707B5019001A8FFF7F1FF42
:106BC000019A01239340C0F8083503B05DF804FB37
:106BD00007B5019001A8FFF7E4FF019A0123934054
:106BE000C0F80C3503B05DF804FB02F003B808B53B
:106BF00001460420FFF7ECFFBDE808400846F9F71E
:106C000047BD08B501460420FFF7D5FFBDE80840A1
:106C10000846F9F73DBD37B54FF47A74002501A851
:106C20000195FFF7BEFF019AD0F81035D340DB077E
:106C300005D521200021FFF7D8FF013CEFD103B09B
:106C400030BDF8B5074644200D4616461C46FFF7F2
:106C5000CEFFF808FFF7D5FFF008FFF7D2FF452079
:106C6000FFF7C5FF2846FFF7CCFF0020FFF7C9FF5D
:106C70002046FFF7C6FFBDE8F8400020FFF7C1BF80
:106C800038B505464E200C46FFF7B1FF2846FFF702
:106C9000B8FF4F20FFF7ABFF2046FFF7B2FFBDE87C
:106CA00038400020FFF7ADBF10B50446F9F720FDCE
:106CB000DCBBFFF7B0FF1220FFF799FFFFF7ABFF38
:106CC0000120FFF794FFF920FFF79BFF2046FFF715
:106CD00098FF2046FFF795FF1120FFF788FF03205C
:106CE000FFF78FFFF923792221462046FFF7A9FFFE
:106CF00021462046FFF7C4FF3C20FFF778FF052020
:106D0000FFF77FFF2120FFF772FF2046FFF779FF93
:106D10008020FFF776FF1820FFF769FF8020FFF73C
:106D200070FFFFF778FF002010BD012C3AD1FFF76C
:106D300072FF1220FFF75BFFFFF76DFF1820FFF7D0
:106D400056FF8020FFF75DFF1120FFF750FF032063
:106D5000FFF757FF0021F92379220846FFF771FF5B
:106D600000210846FFF78CFF2220FFF740FFB120EB
:106D7000FFF747FF2020FFF73AFFFFF74CFF1A20ED
:106D8000FFF735FF6420FFF73CFF0020FFF739FFD6
:106D90002220FFF72CFF9120FFF733FF2020FFF781
:106DA00026FFBEE7022C2CD11D200021FFF710FF8B
:106DB0002120FFF71AFF1D20FFF7FDFE3C20FFF703
:106DC00016FF8020FFF71DFF0120FFF710FFF920BD
:106DD000FFF717FF0020FFF714FF0020FFF711FF58
:106DE0001120FFF704FF0320FFF70BFF00210846E7
:106DF000F9237922FFF725FF00210846FFF740FF1E
:106E000091E74FF0FF308FE72DE9F041054690B153
:106E10002420FFF7ECFE002405F11008661908EBAA
:106E2000040716F8010BFFF7ECFEBE42F9D110344F
:106E3000B4F57A6FF2D12220FFF7D9FEF720FFF7E1
:106E4000E0FE2020FFF7D3FEBDE8F041FFF7E3BEF0
:106E5000836800EBC101B3F5004F2CBF51F822004D
:106E600031F81200704700EBC1018068B0F5004FA7
:106E70002CBF41F8223021F81230704708B50122AA
:106E8000FFF7E6FFD04008BD8368B3F5004F00EB85
:106E9000C10108D34B681AB143F001034B6070473E
:106EA00023F00103FAE74B881AB143F001034B804A
:106EB000704723F00103FAE753000122FFF7D3BF25
:106EC0008368B3F5004F34BF04230823481C0833FC
:106ED000A0EBD300B0FA80F0C0F11F0070472DE99D
:106EE000F0410D4686680446FFF7C8FFB6F5004F2F
:106EF000014601D3012832D02046FFF7E1FF04EB21
:106F000080010E6996B9E368012282401343E36071
:106F100002220D612B4629462046FFF7A4FF0322DB
:106F200029462046BDE8F041FFF79DBF02223146C9
:106F30002046FFF78DFF2946034607462046FFF708
:106F400092FF0322334629462046FFF78CFF39463D
:106F50002B462046FFF787FF02223146E1E7BDE8D6
:106F6000F081B2F5802F2CBF08230423D21A2DE91B
:106F7000F0418C18CD1D25F0070524F00704641B93
:106F80000026E40805602146AC60EE602846FFF765
:106F900097FF421D9200013002F107074FEAD70721
:106FA000A2F110023146B8BF324605F1100001F0DF
:106FB000C3FE3A4631462846FFF77EFF3346324647
:106FC00031462846FFF74FFFA4EB07082846314615
:106FD0000122FFF759FF42463946FFF76DFF3B4656
:106FE000324639462846FFF73EFF21462846FFF73E
:106FF00063FF4346324621462846FFF734FF2146C9
:1070000028460122FFF740FF3946BDE8F041FFF76F
:1070100066BF2DE9F04706460D46174698462BB346
:1070200098F8004093F80190DB78A40004EB430447
:1070300098F802301C4444444FF0000ACA4509D372
:10704000D8F8042008F1080339463046AC46BDE8BC
:10705000F047604714F8013B48F823402046F9F711
:107060005FF8013004440AF1010AE7E76FF0150008
:10707000BDE8F08770B5002502462846144614F88E
:10708000013B0BB9184609E098B18D4207D1702B2E
:1070900004D0A3F140023A2A0BD8002070BDA3F11E
:1070A00040063A2E05D853780135941C002BE9D0C0
:1070B0000020252B08BF80F001002246DEE70020DB
:1070C00070470FB407B504A951F8040B019100F003
:1070D00068FB03B05DF804EB04B0704710B50369BA
:1070E000024613F0080009D11368D4689C4297BF88
:1070F000126AE31AD31A01200B6010BD0023184650
:10710000FAE713B501A90446FFF7E8FF20B1019B98
:10711000E268013B13440193206A019BC01A0138C5
:1071200002B010BD10B5044650182269236AD20778
:1071300002D5013B184010BD984228BFC01AFAE79B
:1071400010B504460A46C168FFF7ECFF2369E0600A
:1071500023F00803236110BD38B50D46C2698B00CA
:10716000016843F0020342F82130044601682A46D0
:10717000FFF7D8FFE36861682060984202BF236987
:1071800043F0080323612A462046FFF7CBFF6060E7
:1071900038BD2DE9F74FC768C6699B4606EB8703E4
:1071A000009316F8273003F00303022B04468846A9
:1071B00091464FF000030BD01360CBF800302369E9
:1071C0009B0713D44FF0000A504603B0BDE8F08F80
:1071D00056F8271013608908CBF80030EFD0FFF77E
:1071E000AFFFE368A3604FF0010AEDE7A36906EB88
:1071F0008700984716F8272012F0010A0546E1D0CB
:1072000012F002021FD0B8F1000F03D04146204611
:10721000FFF7A2FF61682A462046FFF783FFD4E903
:1072200002219142606006D12A462046FFF77AFF8C
:107230004FF0000AA060A2682260E260226942F07A
:1072400008022261C0E7014620460192FFF778FF5D
:10725000E368A360B8F1000F04D02168E369019AE4
:1072600043F8212005EB0802CBF8002021682046D6
:10727000FFF758FF2369206043F00803236116F8E5
:1072800027306FF3000306F82730009BC9F8003061
:10729000A9E770B504461546FFF744FF236883420B
:1072A00005D12369216023F00803236170BDE269E1
:1072B000AB0043F0020342F82130204661682A46C1
:1072C000FFF730FF6060F1E738B503695B070446FC
:1072D00006D5456AFFF715FF85422CBF65626062DF
:1072E00038BD38B50D4604461C22002101F024FDAE
:1072F000EB68A361AB6863612B68E3616B68236231
:10730000002262622A6923B1591E194208BF42F065
:1073100001022261012204F128000021BDE8384069
:1073200001F0C3BB2DE9F04F87B000250093036A3D
:1073300003958B4204460E4692460595A94639D3DD
:10734000EFF3118B202383F31288BFF36F8F059A1D
:10735000D8462AB129462046FFF79BFF0023059314
:1073600004A92046FFF7BAFE0499B14207462AD382
:107370002268E36913F8221021F0030103F82210B8
:1073800003EB8209216832462046FFF7CBFEE36813
:107390002060984212D0002788F31188BFF36F8FC6
:1073A000039929B162690AB12046904700230393EB
:1073B000002FC5D1484607B0BDE8F08F236943F0E0
:1073C00008032361E7E718B12046FFF7C5FEE3E7AE
:1073D000009B5AEA03021CD0019101F072FB019953
:1073E000B8B9BBF1000F14D187F31188BFF36F8FC9
:1073F000009B524604F12800FDF708FCEFF31188CA
:10740000202383F31288BFF36F8FB0FA80F77F09D0
:10741000C2E705AB03AA20462568FFF7BAFE074678
:10742000BAE770B50446836908460D469847024698
:10743000EFF31186202383F31288BFF36F8F2B782D
:1074400043F001032B7061682046FFF76BFE60601C
:107450002046FFF739FF86F31188BFF36F8F70BDA9
:107460002DE9F04104462027EFF3118687F31288B7
:10747000BFF36F8F236913F0080FA36802D162680E
:10748000934200D9226AE169D21A32B986F311888F
:10749000BFF36F8F4FF0000833E011F8232012F094
:1074A000030001EB8308F1D0022803D151F82350E7
:1074B000AD0805D1D00712D4A369404698470546C8
:1074C000A1682A462046FFF72DFE2946A0602046E7
:1074D000FFF736FE86F31188BFF36F8FC4E742F0E3
:1074E000020201F823204046A369A568984729466F
:1074F00002462046FFF716FEA06086F31188BFF310
:107500006F8F4046BDE8F081F8B5044683690846B0
:107510000D4698470646EFF31187202383F3128820
:10752000BFF36F8F2B786FF300032B7023699B07DA
:1075300005D5E268E36903EB82039D421AD12B78FB
:107540006FF341032B70D4E90231994204D13246E2
:107550002046FFF7E7FDA06031462046FFF7F0FD2B
:1075600087F31188BFF36F8F04F12800BDE8F8405E
:10757000FDF718BB2B6860F39F032B60F0E7EFF378
:107580001181202383F31288BFF36F8F036913F0F7
:10759000080F836802D14268934200D9026AD31A65
:1075A00081F31188BFF36F8F181E18BF0120704739
:1075B000038B13F0070305D10368002B0CBF0020D9
:1075C00003207047022B05D1408BB0FA80F04009B0
:1075D00080007047012B05D10368002B0CBF0020F1
:1075E000052070470020704710B50C4600B111B956
:1075F0006FF0150010BD081D00F093F80028F9D1B8
:10760000A368032BF6D9F3E72DE9F0410D460746B1
:107610001946281D90461E4600F094F8044638B1DD
:107620003346424629463846A446BDE8F041604705
:10763000BDE8F08110B4EFF31182202484F31288A6
:10764000BFF36F8F416110BC0121F9F781BC38B5E0
:107650000C46054658B151B10B6843B14B6833B184
:107660001C22002101F068FB2C61002038BD6FF066
:107670001500FBE770B505460E46FFF7B5FF041E83
:1076800014DBEFF31182202383F31288BFF36F8F93
:107690006B8B2C8B4FF6FF718B4204F0070407D1E4
:1076A00082F31188BFF36F8F6FF00A04204670BD1C
:1076B000022C0CD101336B8382F31188BFF36F8FDF
:1076C0000023224631462846FFF79EFFEEE7062CB0
:1076D00014D8DFE804F004131313041A0400002381
:1076E00033606B683BB9C5E90066ACB90221284636
:1076F000F9F72EFCDAE71E606E60F6E782F3118878
:10770000BFF36F8F6FF00404D0E782F31188BFF3EB
:107710006F8F6FF08504C9E782F31188BFF36F8F15
:10772000C4E7034658B1426802F00302012A03D0BD
:10773000032A04D1026812B10020986070476FF0EC
:10774000150070474268816002F00302032A4FF07F
:10775000000203460CBF006810465A60704770472D
:1077600003785B075FBF03684288C3F34A2303EBD8
:1077700012105DBF173020F007008008002070470E
:107780000020704700F0A7BC0346BFF35B8F53E8AF
:10779000000F421C43E800210029F8D1BFF35B8FA2
:1077A00070471FB50023CDE90201CDE900331A4629
:1077B00019461846FAF702F805B05DF804FB0120F7
:1077C000F9F7AABD002070474368DA714368196071
:1077D000436801225A71F9F791BD70B515460C4600
:1077E00069B1D2E901369B1B99420AD813680A464F
:1077F0000146981901F092FAAB682344AB60204629
:1078000070BD6FF01B00FBE770B50E4615461946BC
:10781000044618B9BDE87040F9F77EBD33B1C2F334
:107820004A231030120D184401F078FAC4E90056CA
:107830002046BDE87040F9F71DBF2DE9F3415F1CFC
:107840004FEA8708064608F1170020F00700800875
:107850000C461546F9F7E2FD0023ADF805308DF82A
:1078600007308DF8047068B10346019A43F8102F71
:10787000A8F104012A46294452F8045B43F8045F46
:107880008A42F9D1A20102F4E07242EA482222F0CF
:107890007F4222F47002002322F03F02314602B000
:1078A000BDE8F041FFF7B0BF07B50123019201AA7F
:1078B000FFF7C3FF03B05DF804FB07B5CDE9002374
:1078C00002236A46FFF7B9FF03B05DF804FBF8B581
:1078D00006460D4614461F4604B9F8BD2146284603
:1078E0003A46B047241A0544F6E710B54268816865
:1078F0000446D2E900230068FFF7E9FF636800222D
:107900001A6010BD38B54B681A68CB689A420546B4
:107910000C4602D10846FFF7E8FF6368BFF35B8FB0
:1079200053E8002F511C43E800100028F8D1BFF3A2
:107930005B8FA3689D54002038BD0A2838B50446E3
:107940000D4602D10D20FFF7DDFF29462046FFF747
:10795000D9FF002038BD2DE9F043054687B0084621
:107960000E8891F80090D1F808800C461746F9F778
:1079700075FF011EC6F38216C9F3C2091EDB484615
:10798000F9F78AFE03462146608851F8102B0196CC
:10799000C2F34A22002A01EB0204C0F30B1008BF15
:1079A00000210022CDE90407CDE9021400924146EE
:1079B0002846F9F77FFF07B0BDE8F0830023E2E730
:1079C00001F0BAB901F0AAB901460068FAF7F0B9B6
:1079D00008B5FAF749FABDE80840FAF769BA0A4665
:1079E0000121FFF761BF00210120FAF7E1B96FF033
:1079F0008500704761B662B680F31188BFF36F8F60
:107A0000704772B6002383F31188BFF36F8FBFF303
:107A10004F8F30BF62B6BFF36F8F704772B60023CF
:107A200083F31188BFF36F8FBFF34F8F20BF80F3B5
:107A30001188BFF36F8F62B67047202809D9B0F163
:107A4000004F08D80138B0FA80F0C0F11F004000A4
:107A50007047082070473E20704708B5D1E90431CF
:107A60009847002008BD08B5FAF7B2FF002008BD0E
:107A70000369C9B20C2201FB0233186C00F0070045
:107A8000704770B5C9B20369EFF31185202484F300
:107A90001288BFF36F8F0C2606FB0134246C14F0A0
:107AA000C00408D0A24206D085F31188BFF36F8FBF
:107AB0004FF0FF3070BD71430B4401221A6485F30F
:107AC0001188BFF36F8F43680B445B6898470020B1
:107AD000F0E78022FFF7D5BFF8B5069F0469C9B269
:107AE000EFF31186202585F31288BFF36F8F0C25E5
:107AF00069430C44256C05F0070CBCF1010F0BD158
:107B0000276486F31188BFF36F8FC4E90E2343689F
:107B10005B5898470020F8BD05F0C005AF4286F3DA
:107B20001188BFF36F8F0CBF6FF077004FF0FF30FD
:107B3000F1E713B580240094FFF7CEFF02B010BD2B
:107B400010B40069CBB21C2403FB0400002110BC5C
:107B500010471046FDF726B800F057BB43685B6836
:107B6000D3F810350B600020704743685B6802EA69
:107B7000010021EA0201C3F80805C3F80C15002032
:107B8000704743685B680020C3F808157047436876
:107B90005B680020C3F80C15704743685A68D2F838
:107BA000043521EA03000B40C2F80805C2F80C3581
:107BB0000020704710B503695868F8B1884219D1A0
:107BC0009C6808685860A14200D198600020086055
:107BD0002AB15A680A609A68596002B9996000200F
:107BE00010E0814206D10868206098688142EDD19A
:107BF0009C60EBE7044600680028F2D1002AE8D137
:107C00006FF0150010BD00F08CBD2DE9F043476802
:107C100040F20636D0063B7C87B002EA060654BF27
:107C2000C2F3401C4FF0030C01F01F05B6F5837F33
:107C3000144645EA43158DF803C043D00DD8062EEF
:107C400016D005D8A6B1022E3ED06FF0150036E052
:107C5000B6F5807FF9D101260AE040F20222964271
:107C600034D0B6F5407F33D0B6F5007FEDD1022693
:107C70000123220303FA01F12CD57B68C3F8081510
:107C8000B86868BB05F01F026D0972D1920002F15D
:107C9000A04284F48031D2F80037C1F30041C4F32C
:107CA000404423F4E16344EA410423F007031C4306
:107CB00044EA8C0444EA0624C2F80047002007B0D6
:107CC000BDE8F0830726D3E70426D1E70526CFE7F2
:107CD0000326CDE7630344BF7B68C3F80C15CFE7E9
:107CE0000DF10202294600F0A1FC14F4403F804649
:107CF0000CD1B868294600F0C7FCB8F1000FDDD1FF
:107D00009DF80210B868FCF713FBD7E74FF00009A5
:107D100001ABCDE90199CDE90439CDF80C90B868F3
:107D200003AA294600F07DFB4845C7DB14F4003365
:107D300014D084F480349DF803308DF80E30C4F3F1
:107D400000448DF80C608DF80D40B8684B4603AACE
:107D5000294600F001FC0028CFDAAFE7CDE9043373
:107D60000DF103030393B86803AA294600F059FBF9
:107D7000F1E702F5E07250F82230FFDEF0B544681A
:107D80001646A068227C01F01F0587B045EA42151F
:107D9000002865D0B6F5001F04D1294600F0BDFCCF
:107DA00000204EE001AA0020B6F5800F019050603F
:107DB00036D1B3F1007F14BF052304238DF80430BE
:107DC0000023CDE904230393E36823FA01F111F0C2
:107DD00001010DF1030736D1B6F1A07F33D105F0D3
:107DE0001F036A0903F5E0733DD14FF0A04252F83A
:107DF0002330DB0727D4A0683A46294600F016FC5A
:107E0000163018D00297A06803AA294600F009FB93
:107E1000002816DBA0680122294600F037FCBFE7E6
:107E2000B3F1C06F05D0B3F1007F14BF012302236B
:107E3000C4E70323C2E7A0683946FCF77FFA0028AD
:107E4000E0DA07B0F0BDA0683A46294600F0EEFB44
:107E50000028D8D19DF80310A068FCF769FAD2E792
:107E60006FF08500EDE751F82330FFDE30B5436851
:107E70001360057A446804EBC504A34202D36FF093
:107E8000010030BD5C798C4201D00833F0E700205E
:107E9000F7E743681B68D3F88004C3F88004704791
:107EA00042681368D3F8100150B1D26900201278EB
:107EB0000A70C3F81001D3F8102101221A6070472C
:107EC0004FF0FF30704702680346D2F8580140B9BE
:107ED0005B68DB0706D4D2F82001003818BF012008
:107EE00070470120704743681B68D3F80423D2050C
:107EF00017D5D3F82021A2B1EFF31182202181F30D
:107F00001288BFF36F8FD3F8201131B10021C3F86D
:107F10002011D3F820110121D96082F31188BFF319
:107F20006F8FD3F85831704713B501AA0446FFF795
:107F30009DFF002805DB019B226819791868FAF774
:107F40009DFF02B010BD6FF085007047FFF7ACBC1D
:107F5000002201210420FAF7F7BA00220121232090
:107F6000FAF7F2BA10B50B6813B91360184605E0BA
:107F700003685C681CB114600368186810BD08339E
:107F800003600B68013B0B60EDE703460A4600689F
:107F90001979012303FA01F103691B68194218BF1B
:107FA00082F0010212B18368DB68184783681B699D
:107FB000FBE710B5036804464BB19A683AB11869FB
:107FC00000F039FD206800210830FFF7DEFFA369CB
:107FD00033B9636004F11000BDE81040FCF7E2BD66
:107FE00010BD10B5006903688B4206D190F85C4063
:107FF00034B9FFF7DEFF204610BD6FF01500FBE738
:108000006FF00F00F8E77FB50546406829698A6C74
:108010000B6DFAB99BB14C6C8B6516461A46C96C50
:108020000291CDE9004601B3002B18BF1346002290
:1080300069460393FCF7B2FA50B16FF004032C6960
:10804000236304F12000FCF7ADFD002384F85C30CD
:1080500004B070BD4C6C13B19A4228BF1A46002C74
:108060008A6514BF16460026D9E70B46DFE7F0B550
:1080700087B001238DF8023002238DF804306B4461
:1080800003930E4601AB0DF1030100270546029153
:1080900004930597FCF752F9041E0BDB03AA314643
:1080A000284600F0BEF9041E07DA9DF803102846A2
:1080B000FCF73EF9204607B0F0BD3C46FAE700F178
:1080C00050039B009BB203F1804303F588330022E9
:1080D0001A601B68704708B5FBF7FEFB08BD4FF040
:1080E0008053D3F83001421C04BF4FF0704393F823
:1080F000E00F831F5842584170470346002018473D
:1081000000F099BC10B502461168B1B1BFF35B8FA6
:10811000B1FA81F3C3F11F000123834021EA030375
:1081200052E8004F8C4204D142E8003CBCF1000F01
:10813000F6D1BFF35B8FE7D110BD6FF00B00FBE70B
:1081400010B50368CB40DB0714D401238B400268D1
:10815000BFF35B8F43EA020150E8004F944204D121
:1081600040E8001CBCF1000FF6D1BFF35B8FEED1ED
:10817000002010BD6FF01500FBE770B50C46002124
:10818000054608461646FBF7EDFE00280ADB337865
:10819000DB0003F1804303F5F8330020C3F81055EA
:1081A000C3F8144570BD10B1012802D07047FBF729
:1081B000D3BFFBF783BF18B1012803D100F00AB881
:1081C00000F023B8704708B5FBF794FFBDE80840FE
:1081D000FCF722B8FBF738BF38B54FF080440223D4
:1081E000C4F808330123E3600023C4F80431D4F851
:1081F000043142F21075D4F81834DB0304D50120A1
:10820000FFF77EFF013DF6D138BDFFF7E5BF0368FC
:1082100003F01F025B0902600CBF4FF0A04000207A
:108220007047F7B5019001A8DDE9084716461D46DD
:10823000FFF7EDFF019BB6F1000C18BF4FF0010CEA
:1082400000EB83000B1E18BF0123002D43EA4C03F3
:1082500014BF4FF00C0C4FF0000C002C43EA0C0341
:1082600014BF4FF4E06C4FF0000C002F43EA0C03F6
:10827000D0F8002714BF4FF4403C4FF0000C43EA05
:108280000C0322EA030301B109780EB136787600B7
:1082900019430DB12D78AD0031430CB1247824027F
:1082A00029430FB13F783F040C433C43C0F80047DB
:1082B00003B0F0BD1FB50DF10F03019300238DF83E
:1082C0000F1000931A461946FFF7ABFF05B05DF893
:1082D00004FB70B5CBB20833164630F81330DA051C
:1082E00004460D4609D5C3F3432300EBC3023146D0
:1082F00050F83330526828469847A3682BB1E2689B
:1083000031462846BDE87040184770BD10B4CBB266
:1083100000EB43039A8AD1051BD5C2F3432122F413
:10832000F8529A8200F1520400F1120232F8023F30
:1083300013F4807F03D0C3F34323994209D0A242B0
:10834000F4D100EBC10300225A6010BC5830FFF793
:10835000F7BE10BC704770B511F001040CD04FF09F
:10836000A046D6F820550560C6F82055FBF78CFFCF
:1083700008B1D6F8203505B90024204670BDF0B507
:10838000034600F580740020054601278446954287
:108390000AD1D3F87C2132B10022C3F87C21D3F872
:1083A0007C3140F00040F0BD25F0404607FA06F66B
:1083B000314209D0D4F800E0BEF1000F04D0C4F877
:1083C00000C0D4F800E0304301350434DFE7C9B21F
:1083D00000EB4100808A830643BF400B800000F51C
:1083E00080704FF4BE7070470246CBB202EB43037D
:1083F00008469B8A990611D599070FD410685B0B24
:1084000001219940C0F80813126802EB8303D3F8E6
:10841000102522F00302C3F8102570470021FFF752
:1084200049BFF0B5136885B005460C461646DBB16A
:10843000CFB200EB4707BA8A02F02202222A1ED0EE
:108440000022CDE900228DF80E208DF80F200DF1CD
:108450000E010DF10F022046FFF7E3FEBB8A23F069
:10846000020343F00103BB82736823B31A78586890
:10847000E3B205EB4303998A8F0703D5A8B16FF0E8
:1084800015001BE021F4604121F02001998260B1C8
:10849000032AF4D8716848682968077801EB8701D6
:1084A00072B9C1F81025C1F81025998A21F01C0174
:1084B00041EA82029A82B3684BBB002005B0F0BD4E
:1084C000D1F8100520F00300C1F81005286800EB72
:1084D0008700D0F8101521F4473121F44071C0F81D
:1084E00010152102D0F810C501F4F85141EA0241FB
:1084F00041EA0C01C0F8101505EB4701A1F85C40FA
:10850000998A41EA473141F020019982CDE7D3E9C8
:10851000006721462846FFF7F9FE002ECDD06B6894
:108520009E4206D005F15800FFF7ECFD002804DA62
:10853000C4E7AB689F42F5D1002005EBC003C3E957
:108540000167E4B205EB4404C0B2A38A43EA4023C6
:1085500043F48073A382B0E7F0B5074685B00C46BC
:108560001D46F2B1CEB200EB4606B38A980701D49D
:1085700099061ED413F01C0F02D05378012B18D08B
:1085800001238DF80F300023CDE900230DF10F01F9
:10859000931C20460132FFF744FEB38A43F00303E5
:1085A000B382002D3DD0E2B207EB4202938A9B07D3
:1085B00003D46FF0150005B0F0BD28783B6803EBDD
:1085C00080030021C3F81015C3F81015938A23F413
:1085D000604323F0200393826E784FEA800C06B349
:1085E0003968AD7861443604D1F8103523F4981316
:1085F00023F4F853C1F81035230203F4F85306F4BA
:1086000040362D05D1F81075334305F480152B4302
:108610003B43C1F81035938A43EA403343F02003CB
:1086200093820020C7E7C0E903127047C9B200EB8C
:108630004100838A990643BF5B0B002013706FF0E3
:108640001500704738B590F86C4005469CB940223B
:108650002146143000F070FB2868C0F87C41D0F847
:108660007C3140F30730F9F73FFF012385F86C3088
:10867000AB65204638BD6FF07700FBE790F86C00E3
:10868000003818BF01207047FBF71EBE73B50C46BB
:10869000C9B200EB410105688B8A9E0619D513F01B
:1086A000020616D15B0B9C0004F580716E50695870
:1086B00001682144D1F8104544F00104C1F8104587
:1086C0002AB10168012202FA03F3C1F8043302B0AF
:1086D00070BDD5F80433002BA4BF4FF00043C5F89C
:1086E00004338B8AC3F38203042B12D0052B12D0E0
:1086F00001A80194FFF78BFD019AD0F81035D34003
:1087000003F00103991C204602B0BDE87040FFF75A
:10871000D1BD0321F7E70221F5E7FFF765BEFFF7BB
:1087200056BE2DE9F04F074685B057F8049BD9F89F
:108730000413C9B28046082241F000414846FFF7C1
:108740001EFE051E16DA0023012102A80293FFF780
:1087500002FE4FF0010A029A92B94FF000414846DA
:10876000FFF70DFE012102A8FFF7F5FD0028F2D169
:1087700025F000450124002D76D105B0BDE8F08F2D
:1087800092FAA2F4B4FA84F408EB4403E0089E8A57
:10879000039402AB04F007021B5C0AFA02F223EA1C
:1087A000020302AAB108135403A8FFF730FD039B8C
:1087B00003F5E073C6F3820B50F823304A075E4698
:1087C000C3F3014332D53246384621465FFA83FB74
:1087D000FFF77FFD03A80394FFF719FD039B03F543
:1087E000E07350F82330C3F301439B4507D10021C8
:1087F0002046FFF75FFD59462046FFF75BFD03A8C3
:108800000394FFF704FD039B0AFA03F3C0F8203535
:108810000446FBF739FD00289DD0D4F82035D4F864
:108820002035D4F82035D4F8203594E7022B0DD12B
:1088300003212046FFF73EFD0BF00503012BDED19F
:10884000324621463846FFF744FDD8E7022120464C
:108850000193FFF72FFDBBF1030FF1D0019B032B19
:10886000CDD1BBF1020FEAE795FAA5F3B3FA83F392
:1088700004FA03F225EA020503F5A27208EB4303AA
:1088800059F82220B3F85C10C2F301423846FFF7D2
:1088900020FD70E7036803F01F025B0902600CBF54
:1088A0004FF0A0400020704707B5019001A8FFF7E6
:1088B000F1FF019A01239340C0F8083503B05DF839
:1088C00004FB07B5019001A8FFF7E4FF019A01231B
:1088D0009340C0F80C3503B05DF804FB37B5D0F811
:1088E00018358A69DBB28DF807300B6A93423EBFB8
:1088F0004A699DF80740D4540B6A91F824500C69DA
:108900005A1C0A62023335B1A3428C6938BF0B612D
:108910009C4288BF8B610D699D4205D9CA68D35CB2
:10892000C0F81C3501200AE08C699C4201D9CB7F3C
:10893000F6E7AA42F6D3A2422CBF0020012003B0E2
:1089400030BD70B503460025C0F80851D3F8083192
:108950000C46FFF7C3FF68B9887FFF2801D0FFF7F7
:10896000A3FF204665772572616850F8083BBDE893
:108970007040184770BD0369C26893429CBF81680C
:108980005B18013B981A70472DE9F041D0E9028449
:108990000546A8EB04064068964220440F4614445E
:1089A00004D900F0BBF9EC60BDE8F0813246A4EBDD
:1089B000080400F0B3F968682246B919F1E72DE917
:1089C000F843C5680646894617464FF000083369E4
:1089D000B46870689D4228BF1B19641BBC4203F138
:1089E000FF3328BF3C465B1B9C4228BF1C464946C0
:1089F0002844224600F092F9B3682544AB4208BFF0
:108A000000253F1BA044A144F560E0D14046BDE8ED
:108A1000F88308B5FBF710FF002008BDEFF31180C5
:108A2000202383F31288BFF36F8F704780F3118880
:108A3000BFF36F8F704708B1F9F7FCBF704710B5EF
:108A4000436904463BB90020E268537843F00103D0
:108A50005370404210BD98470028F4D00028B8BF9A
:108A60004042E368FF28A8BFFF201870ECE740B140
:108A7000C368587810F001001EBF1878B0FA80F073
:108A800040097047EFF31183202383F31288BFF36B
:108A90006F8FFEE708B52024EFF3118384F312886B
:108AA000BFF36F8FFEF7ADFFF6E73AB18A4205D309
:108AB000C0E90212C0E90000002070476FF0150005
:108AC0007047EFF30580003818BF012070477430FD
:108AD0007047D0E9003213605A600023C0E90033C8
:108AE000704708B5FFF7F5FF437B23F0020343739C
:108AF0000023836008BD38B504460D46FCF702FA32
:108B0000637B43F002036373E5B1A5602B689D426C
:108B100009D16B68C4E900531C606C6012E06A689C
:108B20009A42F6D01B68002BF3D094F90E2093F9EB
:108B30000E108A42F3D09142F1DD5A68C4E9003246
:108B400014605C6038BD10B5EFF31184202383F30B
:108B50001288BFF36F8FFCF793F984F31188BFF38A
:108B60006F8F10BD08B5EFF31181202282F31288B8
:108B7000BFF36F8F83680BB1FFF7B3FF81F31188E9
:108B8000BFF36F8F08BD10B50146EFF311842023AA
:108B900083F31288BFF36F8F437B13F0280F0AD142
:108BA00083680BB1FFF79DFF4B7B23F004034B73EE
:108BB0000846FCF765F984F31188BFF36F8F10BD89
:108BC00001211838FFF7DFBF08B50346EFF3118125
:108BD000202282F31288BFF36F8F0068834207D090
:108BE00008B1FFF77EFF81F31188BFF36F8F08BDD7
:108BF0000020F8E738B504460D46FCF7DFFAB5F17A
:108C0000FF3F08BFB4F1FF3F0246204618D00020C6
:108C10004FF47A7447F6FF730146C2FB0431B3F593
:108C2000004F71F100020BD36FF400429A4243F6F9
:108C3000FF728A4126BFD80B40EA41406FF00040E6
:108C400038BD08B50246FCF765FC70B1D0E90431C7
:108C50009B1A61EBE272B3F1004F72F1000104DA8A
:108C6000002AACBF1846002008BD6FF00040FBE7AB
:108C700038B50246EFF31185202383F31288BFF342
:108C80006F8F0368CBB1FCF745FC04461046FCF738
:108C900053FC00224FF000438442C0E9042306D174
:108CA000FCF740FCFFF7CDFF0021FAF7C1FF0020E1
:108CB00085F31188BFF36F8F38BD6FF01500F7E7AC
:108CC00008B5FCF745FD08BDFCF742BD0023C0E92F
:108CD000081200F11802C0E90622C0E9003303635C
:108CE0004363704710B50446FFF7C2FFA8B9636A33
:108CF0000BB12046984704F11800FFF765FF60B1FB
:108D0000FFF721FFEFF31180202383F31288BFF3D5
:108D10006F8FBDE81040FCF7A9B910BD0A4491421D
:108D200000F1FF3300D1704710B511F8014B03F883
:108D3000014F9142F9D110BD02440346934200D144
:108D4000704703F8011BF9E710B50139044632B149
:108D500011F8013F00F8013B013A002BF7D1002147
:108D6000FFF7EAFF204610BD10B5024601448A42D3
:108D7000134603D01C780132002CF8D1181A10BD0C
:108D80002DE9F047C3F13709074688465FFA89F9AC
:108D900003F01F0516464FF0000A384641462A46A2
:108DA0005346F7F79BF9D4B2092C88BF4C443A4696
:108DB000434688BFE4B2AA4204F1300473EB0A03CD
:108DC00006F8014B07468846E7D23046BDE8F087F3
:108DD0002DE9F04F87B00618994602AB41EB01042C
:108DE000009315463046D2E900232146DDF844B011
:108DF00000F0A9F804AB0093D5E9022307468846A2
:108E00003046214600F09FF8DDE90263841951EBFA
:108E10000306049BD5E900014FF0000228BF0122A0
:108E2000D218059B43F10003381848EB0101B84202
:108E300071EB0801D5E902C134BF0120002014EB19
:108E40000C0C46EB010110EB0C0041F10001A042BB
:108E500071EB060C34BF4FF0010C4FF0000CCDE964
:108E60000423A9F1410A1CEB020243F10003CDF8EF
:108E700000A000F083F8109BC3E90001129B012BB6
:108E8000DDE9042329D1D5E90201D5E900C5201A7D
:108E900066EB0101674578EB050534BF0125002528
:108EA000401B61F10001844276EB010534BF0125CE
:108EB0000025521BCDF800A063F1000300F05EF81E
:108EC000DDE90423CBE90001CDF800A020463146BE
:108ED00000F054F807B0BDE8F08F17EB070E48EB31
:108EE000080C201946EB0601BE457CEB080834BF90
:108EF00001270027C71941F10008D5E9000186457F
:108F00007CEB010CD5E9021534BF01200020381A92
:108F100068F1000C401A6CEB050192185B41A74206
:108F200078EB060534BF01250025521943F10003F3
:108F3000874278EB010834BF01250025521BA9F1B7
:108F400040050095B8E7F0B50F460446A0FB0201C6
:108F5000A7FB02524919A3FB044542F10002A7FBFB
:108F60000373611845F10004D219059E43F1000313
:108F7000121943F10003C6E90023F0BDF0B5059CCA
:108F8000C4F14007C4F1200602FA06F6A4F1200558
:108F9000BB4022FA05F53343C4F120062B4301FA06
:108FA00006F6A4F12005E04021FA05F53043BA4069
:108FB0002843E14010431943F0BD2DE9F041044638
:108FC000CD0FC1F30A50C1F3130154EA0107157123
:108FD00040F2FF7607D0B0420CD145F0080515717C
:108FE0000020BDE8F081002863D0B0425ED145F09A
:108FF0000405F4E7002859D10120A0F2FF30002B2E
:10900000106059DB0C2B59DCC3F10D05AD000120BC
:1090100005F1FF3CA5F12107C5F1210620FA06F66E
:1090200000FA07F700FA0CF03743061847EB070879
:10903000D6F1000E68EB480C013E48F1FF3826409F
:1090400008EA0108B04277EB08080FDBC5F12008F9
:10905000B5F1200601FA08F824FA05F545EA0805F5
:109060005CBF41FA06F63543ED0703D520180446E8
:1090700041EB070104EA0E0401EA0C019DF81860B7
:10908000123218460D25C6F127064FF0300E04F0B7
:109090000F03240944EA017405F1FF3C0911571E2E
:1090A000B3B9A8420CDA65463A46F0E741F48011BC
:1090B000A3E704460146A2E70023DFE70D23DDE72F
:1090C00082F800E01CF1010365463A46DFD188E7EB
:1090D000092BC8BF9B193033A8421370B8BF28466C
:1090E000F0E7D1E9043293421EBF5A1C0A6118709E
:1090F000704700000148006870470000EC1B00202A
:109100001070FF7F010000001D2A00000000000019
:10911000592A0000000000000000000068910000D3
:10912000138A000000000000000000008891000089
:10913000A52D00000000000000000000A891000024
:10914000713A000000000000D11100000000000092
:10915000F92900000000000000000000E891000074
:1091600000000000C891000097A000007897000060
:109170006C930000FC130020281C0020E92A00004A
:109180000000000000000000C0A000009097000058
:1091900040930000FE1300207C1C0020412E0000A4
:1091A0000000000000000000F5A00000A4970000EF
:1091B0008893000000140020881C0020AD300000BF
:1091C000477F000000000000CDA2000000980000D2
:1091D000649300000214002060110020B9310000E7
:1091E0000000000000000000DAA20000609800000B
:1091F0006493000004140020C0110020B931000065
:109200000000000000000000C7810000FB8000009B
:1092100000000000E7790000A8910000E77E000050
:1092200000000000E779000091460000FB8000008C
:1092300000000000E7790000F0100020077C00002B
:1092400000000000E779000000000000E77900005E
:1092500000000000E779000000000000E77900004E
:1092600000000000E779000000000000E77900003E
:1092700000000000E779000000000000E77900002E
:1092800000000000E779000000000000E77900001E
:10929000000000003D3B000000000000E7790000F6
:1092A00000000000E779000000000000E7790000FE
:1092B00000000000E779000000000000E7790000EE
:1092C00000000000E779000000000000E7790000DE
:1092D00000000000E779000000000000E7790000CE
:1092E00000000000E779000000000000E7790000BE
:1092F00000000000E779000000000000E7790000AE
:1093000000000000E779000000000000E77900009D
:1093100000000000E779000000000000E77900008D
:10932000A1460000FB80000000000000E77900007B
:1093300000000000E779000000000000E77900006D
:109340000B7C00005D7B00006B7B0000837B0000DA
:109350008F7B00009B7B00007D7D0000B57B0000C3
:109360000000000095330000E37F0000412B000067
:10937000D37A0000337B000000000000717A000007
:109380000000000000000000A17E0000F92F000096
:10939000937E0000A49A000002000000B2A000002A
:1093A00002000000BD9A000002000000C19A000007
:1093B0000200000037A00000020000000BA4000023
:1093C0000200000093A0000002000000E7A20000DD
:1093D0000200000003A1000002000000149700003A
:1093E000D41B0020D89B00000100000004000000F6
:1093F0000F00000001000000080000002000000035
:1094000060000000700000000D0000000C00000073
:109410000E0000005000000074000000A8000000D2
:10942000FFFFFFFFFFFFFFFFFFFFFFFFFFFFFFFF4C
:109430000338FDD870470000010000000000000064
:1094400005000000000000001900000000000000FE
:109450007D0000000000000071020000000000001C
:10946000350C000000000000093D00000000000075
:109470002D31010000000000E1F5050000000000B2
:1094800065CD1D0000000000F902950000000000FD
:10949000DD0EE90200000000514A8D0E00000000C0
:1094A0009573C24800000000E941CC6B0100000048
:1094B0008D49FD1A07000000C16FF28623000000ED
:1094C000C52EBCA2B1000000D9E9AC2D7803000084
:1094D0003D9160E45811000031D6E275BC560000A1
:1094E000F52E6E4DAEB10100C9EA268367780800FB
:1094F000ED95C28F055A2A00A1EDCCCE1BC2D30038
:1095000025A4000A8BCA220400000000000000000D
:10951000000000000000001000000000000000003B
:10952000B9340332B7F4AD1410DB1AB30892540EF9
:109530000D307D951447BA1A66088F4D26ADC66D5D
:10954000F598BF85E2B74511CA96853D92BD1DEBE2
:10955000FCA11860DCEF52163C92AE220BB8C1B4ED
:10956000839D2D5B0562DA1C304C7E8F4E8BB25B87
:1095700016F4529F8B56A512FBD4827643ED8AF0E7
:109580008FE7F9311565191850F19BD94A13EEB4DC
:10959000284CF0A686C1251F035FC270CB9E4916DA
:1095A000E642889C44EB2014B0650836AD6EA58574
:1095B00085F0CA14E2FD031A0B899979D5B13D09EA
:1095C000D8DA973A35EBCF10AC363F5E73BB38CF65
:1095D0003E6752FA44AFBA150100000000000000D7
:1095E0000000000000000020345065C05FC9A65292
:1095F000BB13CBAEC440C21806C8DF7100D5A87C2F
:10960000F56F0FDA58FC27136E4756357D24206519
:1096100002C7E768E48CA41DE9E60268D7CD39618A
:109620007977FCC2405BEF16798CDE43FFA751F9D6
:1096300091F3B278F5BDBE11E857E9D6E8BEE87BF4
:10964000B054AC8F848D751BEA23A499E9F9D38BB0
:10965000B7A3714061DA3E15CEE33ECB73F94808FB
:109660008C97B427D51B7010A2BFEFB9EB853215CC
:109670004DB44DB49BBB6F1996B6076CF8E7EEADD1
:1096800036D9B4F59135AE13222218AF4E6A684D23
:1096900091DAAA3D4F40741E9FBD9EE006A1C0987E
:1096A00057C2A7FDA40E90170E7D497173E3208F5A
:1096B000B220D87605143B12853D7434811343B033
:1096C000AD297A5F27F4351C081500200001000041
:1096D000BF770000617700000200000057790000AA
:1096E000000000000000000000000000000000007A
:1096F000B89B0000C09B00000000000000000000BC
:1097000000000000C89B0000CC9B0000D09B000024
:10971000D49B0000311C0000251C0000551C0000DB
:109720000D1C000000000000191C000000000000DB
:10973000B11C0000DC1B00200434002010000000DD
:10974000C01000200000000000000B060200000016
:10975000549700000000000084A0000024000206CE
:10976000000000208CA000001E000B11A52A0000A4
:10977000752A000000000000152C0000952B000049
:10978000A6A00000752B0000597B0000ACA00000D3
:10979000FFFFFFFF00000050F0100020000000005D
:1097A0000000000000200040010000000000000058
:1097B000C49700000000D60100000000183400200B
:1097C0001734002000200040D09700000200000065
:1097D000F097000004000000E09700000401000082
:1097E0000680000008800001058000020780000359
:1097F0000600000008000001050000020700000349
:109800000030024001000000000000FF00FF0000E7
:109810000000000000000001010000005B7F00006C
:109820002C98000000000000FFFFFFFF0030024006
:10983000389800000200000050980000020000006C
:1098400048980000020100000F8000040D80000510
:109850000F0000040D0000058891000016000100B3
:109860000040004000000000000000FF00FF00007A
:10987000000000000000000101000000517F000016
:109880008C98000000000000FFFFFFFF0040004038
:109890009898000002000000B0980000020000004C
:1098A000A8980000020100000F8000040D80000550
:1098B0000F0000040D000005000000000000000083
:1098C000B7A30000C5A30000D9A30000E8A30000CF
:1098D000F4A30000089100000891000040910000EE
:1098E00048910000689100006891000000000000AD
:1098F0000000000000000000000000000000004028
:1099000095596959555554551555555604051541E0
:1099100010545540455155444045504450555545C7
:109920000040004040044496655556554540455416
:10993000514115405591555555554051050100006F
:1099400054455454455505040010041014044000B7
:109950000000014055551541540400004400010029
:10996000000000404100004450444550540055550B
:109970005455655100400040010000010005010000
:1099800011545151545555050000000000000000CD
:109990000000000025732025730053746172746504
:1099A000640A004661696C656420746F20696E69A1
:1099B0007469616C697A652065696E6B0A006C690F
:1099C00074746C65004C75676F0031323334004538
:1099D00072726F720053504920627573206E6F74FB
:1099E0002072656164790A00535049207472616E77
:1099F00073666572206661696C65643A2025640A45
:109A00000028756E7369676E6564292063686172EA
:109A1000202A207573656420666F722025257020CA
:109A2000617267756D656E742E204974277320729C
:109A300065636F6D6D656E64656420746F2063612E
:109A4000737420697420746F20766F6964202A20F3
:109A500062656361757365206974206D6179206347
:109A600061757365206D69736265686176696F728F
:109A700020696E206365727461696E20636F6E6623
:109A8000696775726174696F6E732E2053747269A1
:109A90006E673A2225732220617267756D656E7458
:109AA0003A25640063627072696E74665F70616308
:109AB0006B616765006C6F6767696E67006C6F67E5
:109AC000006C6F675F6D676D74004D6573736167E0
:109AD00065202822257322292064726F70706564C6
:109AE00020626563617573652069742065786365BC
:109AF0006564732073697A65206C696D697461743B
:109B0000696F6E2028257529004D6573736167653F
:109B10002064726F7070656420626563617573653F
:109B200020697420657863656564732073697A655C
:109B3000206C696D69746174696F6E2028257529C0
:109B4000000D0A001B5B306D00257320005B253083
:109B5000386C755D20005B253032753A25303275E2
:109B60003A253032752E253033752C253033755D0E
:109B7000200025732F003C25733E200025733A20DA
:109B800000253032782000202020007C0025630052
:109B9000206D657373616765732064726F707065A3
:109BA00064202D2D2D0D0A1B5B306D001B5B313B9E
:109BB00033316D2D2D2D20001B5B313B33316D007A
:109BC0001B5B313B33336D006572720077726E0040
:109BD000696E6600646267006C6F675F6261636BE9
:109BE000656E645F727474002A2A2A20426F6F7453
:109BF000696E67206E524620436F6E6E65637420F7
:109C000053444B2076332E322E322D3734383435B0
:109C100065313639626532202A2A2A0A002A2A2A20
:109C2000205573696E67205A6570687972204F53AA
:109C30002076342E322E39392D6665346630313037
:109C40003638303365202A2A2A0A0072302F6131D3
:109C50003A2020307825303878202072312F613238
:109C60003A2020307825303878202072322F613326
:109C70003A20203078253038780072332F61343A1A
:109C80002020307825303878207231322F69703AB0
:109C90002020307825303878207231342F6C723A99
:109CA00020203078253038780020787073723A2080
:109CB00020307825303878004661756C74696E679D
:109CC00020696E737472756374696F6E2061646469
:109CD0007265737320287231352F7063293A2030F2
:109CE000782530387800556E68616E646C65642044
:109CF0004952516E3A202564002A2A2A2A2A2042F3
:109D00005553204641554C54202A2A2A2A2A0020FD
:109D100020537461636B696E67206572726F7200A5
:109D20002020556E737461636B696E672065727273
:109D30006F720020205072656369736520646174DE
:109D40006120627573206572726F72002020424636
:109D5000415220416464726573733A2030782578EB
:109D6000002020496D7072656369736520646174B9
:109D70006120627573206572726F72002020496ED7
:109D8000737472756374696F6E2062757320657287
:109D9000726F72002020466C6F6174696E672D705F
:109DA0006F696E74206C617A7920737461746520B8
:109DB000707265736572766174696F6E2065727218
:109DC0006F72002A2A2A2A2A2055534147452046E5
:109DD00041554C54202A2A2A2A2A002020446976F8
:109DE0006973696F6E206279207A65726F00202036
:109DF000556E616C69676E6564206D656D6F727913
:109E0000206163636573730020204E6F20636F7061
:109E1000726F636573736F7220696E7374727563AA
:109E200074696F6E73002020496C6C6567616C20EB
:109E30006C6F6164206F66204558435F52455455EE
:109E4000524E20696E746F205043002020496C6C84
:109E50006567616C20757365206F66207468652086
:109E600045505352002020417474656D7074207405
:109E70006F206578656375746520756E64656669C5
:109E80006E656420696E737472756374696F6E00B9
:109E90002A2A2A2A2A204D5055204641554C542022
:109EA0002A2A2A2A2A002020537461636B696E676C
:109EB000206572726F722028636F6E7465787420EB
:109EC00061726561206D69676874206265206E6FDC
:109ED000742076616C6964290020204461746120DB
:109EE0004163636573732056696F6C6174696F6E4B
:109EF0000020204D4D4641522041646472657373C9
:109F00003A2030782578002020496E73747275638A
:109F100074696F6E204163636573732056696F6C5B
:109F20006174696F6E005265736572766564204571
:109F30007863657074696F6E20280053707572695C
:109F40006F757320696E746572727570742028491C
:109F500052512000535053454C20696E2074687252
:109F6000656164206D6F646520646F6573206E6F3A
:109F70007420696E64696361746520505350002ACF
:109F80002A2A2A2A2048415244204641554C54202E
:109F90002A2A2A2A2A002020427573206661756CBD
:109FA00074206F6E20766563746F72207461626CCA
:109FB00065207265616400202044656275672065D4
:109FC00076656E740020204661756C74206573633D
:109FD000616C6174696F6E20287365652062656CC1
:109FE0006F772900415243485F45584345505420FC
:109FF0007769746820726561736F6E2025780A0036
:10A000002A2A2A2A2A204465627567206D6F6E69A4
:10A01000746F7220657863657074696F6E202A2A88
:10A020002A2A2A002A2A2A2A2A2025732025642956
:10A03000202A2A2A2A2A006D7075004661696C65FB
:10A040006420746F20616C6C6F63617465206E6551
:10A0500077204D505520726567696F6E2025750A0F
:10A0600000506172746974696F6E2025753A2073AF
:10A07000616E69747920636865636B206661696CE1
:10A0800065642E00464C4153485F30005352414DA9
:10A090005F3000736F6300636C6F636B403430300C
:10A0A0003030303030006866636C6B006C66636C17
:10A0B0006B00636C6F636B5F636F6E74726F6C00C9
:10A0C0006770696F4035303030303030300000011B
:10A0D0000203040506074661696C656420746F20FD
:10A0E000616C6C6F636174652050504920436861F6
:10A0F0006E6E656C00756172744034303030323091
:10A10000303000756172745F6E7266785F7561726F
:10A110007465004661696C656420746F20616C6CC5
:10A120006F63617465204750494F544520636861EF
:10A130006E6E656C20666F722057414B450046611C
:10A14000696C656420746F20636F6E6669677572F1
:10A15000652057414B452070696E0043532047509E
:10A16000494F20706F72742025732070696E20250E
:10A1700064206973206E6F74207265616479005584
:10A1800070646174652065786365656473206375C8
:10A190007272656E74206275666665720048616CE5
:10A1A000662D6475706C6578206E6F7420737570A1
:10A1B000706F7274656400536C617665206D6F64B6
:10A1C00065206973206E6F7420737570706F727480
:10A1D0006564206F6E202573004C6F6F7062616341
:10A1E0006B206D6F6465206973206E6F74207375CA
:10A1F00070706F7274656400576F72642073697A4F
:10A200006573206F74686572207468616E203820F1
:10A210006269747320617265206E6F74207375704B
:10A22000706F72746564004672657175656E6369FE
:10A230006573206C6F776572207468616E203132AF
:10A2400035206B487A20617265206E6F74207375BB
:10A2500070706F72746564004661696C6564207427
:10A260006F20696E697469616C697A65206E7266C7
:10A2700078206472697665723A20256400576169B6
:10A2800074696E6720666F722057414B4520616389
:10A290006B6E6F776C6564676D656E742074696D45
:10A2A0006564206F75740054696D656F75742077EF
:10A2B000616974696E6720666F72207472616E7373
:10A2C00066657220636F6D706C657465007370698C
:10A2D00040343030323330303000737069403430C5
:10A2E000303034303030007370695F6E7266785F82
:10A2F000737069000000000001000000010100000F
:10A300000101010100000000000001010100000145
:10A31000010100000101015465726D696E616C00FC
:10A320000000000000005454522052454747455356
:10A330000048616C74696E672073797374656D0091
:10A34000556E6B6E6F776E206572726F7200756EF0
:10A350006B6E6F776E003E3E3E205A455048595214
:10A3600020464154414C204552524F522025643AD8
:10A37000202573206F6E20435055202564004661D0
:10A38000756C7420647572696E6720696E7465728D
:10A39000727570742068616E646C696E670A004340
:10A3A000757272656E74207468726561643A2025F6
:10A3B0007020282573290043505520657863657007
:10A3C00074696F6E00556E68616E646C65642069B7
:10A3D0006E7465727275707400537461636B206F74
:10A3E000766572666C6F77004B65726E656C206F78
:10A3F0006F7073004B65726E656C2070616E69637F
:10A400000069646C65006D61696E006F73006E6158
:0CA410006E00286E756C6C2900000000C6
:10A42400C891000080841E00000100008891000093
:10A434001600010000000000BF70000081770000DA
:10A4440000000000677A0000000000000000000027
:10A454000060004000000000000000000000000058
:10A4640000000000000000000000000000000000E8
:10A4740000000000000000000000000000000000D8
:10A4840000000000000000000000000000000000C8
:10A4940000000000000000000000000000000000B8
:10A4A40000000000000000000000000000000000A8
:10A4B4000000000000000000000000000000000098
:10A4C4000000000000000000589800000100000097
:10A4D4007011002070110020000000000100000035
:10A4E4008011002080110020000000000100000005
:10A4F4000000000000000000000000000000000058
:10A504000000000000000000000000000000000047
:10A5140000000000C89100000000000000000000DE
:10A524000000000000000000B898000000000000D7
:10A53400D0110020D0110020000000000100000014
:10A54400E0110020E01100200000000001000000E4
:10A5540000000000000000000000000000000000F7
:10A5640000000000000000000000000000000000E7
:10A5740000000000E891000000000000000000005E
:10A584000090D003FF000000900200002C12002075
:10A594002C12002000007088888888888870000049
:10A5A400000020602020202020700000000070881F
:10A5B4008810204080F800000000708808300808E7
:10A5C400887000000000103050509078101800007F
:10A5D4000000F88080F00808887000000000709087
:10A5E40080F08888887000000000F89010202020F7
:10A5F400202000000000708888708888887000001F
:10A604000000708888887808487000000000000006
:10A6140000304838483C00000000C04040704848C2
:10A624004870000000000000003848404038000036
:10A634000000180808384848483C000000000000A2
:10A64400003048784038000000001C20207820208A
:10A654002078000000000000003C48304078443876
:10A664000000C0404070484848EC00000000200052
:10A674000060202020700000000010000030101046
:10A68400101010E00000C040405C507048EC000026
:10A694000000E0202020202020F80000000000001E
:10A6A40000F0A8A8A8A800000000000000F0484896
:10A6B40048EC00000000000000304848483000002A
:10A6C4000000000000F04848487040E0000000002E
:10A6D400003848484838081C0000000000D8604092
:10A6E40040E00000000000000078403008780000DE
:10A6F400000000202070202020180000000000002E
:10A7040000D84848483C00000000000000EC4850D5
:10A71400302000000000000000A8A8705050000085
:10A724000000000000D8502050D8000000000000B5
:10A7340000EC4850302020C00000000000781020B9
:10A74400207800000000000000000000000000006D
:10A75400AA55AA55AA55AA55AA55AA5500000000FB
:10A7640000000000000000000000000000000000E5
:10A7740000000000000000000000000000000000D5
:10A7840000000000000000000000000000000000C5
:10A7940000000000000000000000000000000000B5
:10A7A40000000000441400204414002000000000B5
:08A7B4000100000015E015E0B2
:00000001FF
