:10000000C0330020612F0000D5AA00004D2F000052
:100010004D2F00004D2F00004D2F0000000000006C
:10002000000000000000000000000000D9300000C7
:100030004D2F000000000000753000004D2F000023
:10004000AD320000AD320000AD320000AD32000034
:10005000AD320000AD320000AD320000AD32000024
:10006000AD320000AD320000AD320000AD32000014
:10007000AD320000AD320000AD320000AD32000004
:10008000AD320000AD320000AD320000AD320000F4
:10009000AD320000AD320000AD320000AD320000E4
:1000A000AD320000AD320000AD320000AD320000D4
:1000B000AD320000AD320000AD320000AD320000C4
:1000C000AD320000AD320000AD320000AD320000B4
:0C00D000AD320000AD320000AD32000087
:1000DC0053B94AB9002908BF00281CBF4FF0FF31A3
:1000EC004FF0FF3000F00CB8ADF1080C6DE904CE08
:1000FC0000F010F8DDF804E0DDE9022304B07047ED
:10010C00704700BF034613F8012B002AFBD1181AC5
:10011C00013870472DE9F04786468C460846089E04
:10012C00154674461946002B40F0C2808542B2FA3F
:10013C0082F245D94AB1C2F1200300FA02FC2EFA30
:10014C0003F3954043EA0C0C94404FEA154EA8B2C9
:10015C00BCFBFEF8230C0EFB18CC08FB00F943EAA1
:10016C000C43994528D9EB1808F1FF3704D299456F
:10017C0002D9A8F102072B44A3EB0903A4B2B3FBE9
:10018C00FEFC0EFB1C330CFB00F044EA0344A042C3
:10019C0014D92C190CF1FF3304D2A04202D9ACF1C2
:1001AC0002032C44241A43EA07401EB1D440002316
:1001BC0034607360BDE8F0874746DDE76346F1E7DE
:1001CC0092BB431B01214FEA154EAFB2B3FBFEFCB1
:1001DC00200C0EFB1C330CFB07F840EA034398453C
:1001EC0062D9EB180CF1FF3004D2984502D9ACF16E
:1001FC0002002B44A3EB0803A4B2B3FBFEFC0EFBE2
:10020C001C330CFB07F744EA0344A7424ED92C19C4
:10021C000CF1FF3304D2A74202D9ACF102032C44F7
:10022C00E41B43EA0040C0E7C2F1200320FA03F1CB
:10023C00954090402EFA03F303434FEA154EAFB2AC
:10024C00B1FBFEFC0EFB1C10190C0CFB07F841EA71
:10025C000041884504FA02F422D969180CF1FF30E8
:10026C0004D2884502D9ACF102002944A1EB080163
:10027C009BB2B1FBFEFC0EFB1C110CFB07F743EA17
:10028C0001439F420ED9EB180CF1FF3104D29F426F
:10029C0002D9ACF102012B44DB1B41EA004192E78D
:1002AC006046E3E76146F7E76046A3E76346B7E7D6
:1002BC00834206D916B9002108467BE7C6E900E05F
:1002CC00F9E7B3FA83F78FB9834201D3724508D8A3
:1002DC00BEEB020460EB030301209C461EB9002117
:1002EC0068E73846FAE7C6E9004CF8E7C7F1200C96
:1002FC00BB4022FA0CF41C432EFA0CF120FA0CF33E
:10030C00B84001434FEA14490EFA07F5B3FBF9F86C
:10031C001FFA84FE09FB18300B0C08FB0EFA43EA9B
:10032C0000439A4502FA07F240D9E31808F1FF306E
:10033C0004D29A4502D9A8F102002344A3EB0A0384
:10034C0089B2B3FBF9F809FB183308FB0EFE41EA3E
:10035C0003418E452CD9611808F1FF3304D28E4528
:10036C0002D9A8F10203214443EA0040A0FB029801
:10037C00A1EB0E014145CE46434602D306D14D4575
:10038C0004D2B9EB020E68EB04030138002EA6D0A0
:10039C00B5EB0E0261EB030101FA0CFC22FA07F338
:1003AC004CEA0303F940C6E9003198E74046C5E73B
:1003BC004346D9E72DE9F0411148124E124FDFF8B0
:1003CC004C800AF098F809F01FFF00F021F8054660
:1003DC0009F02BFF002D044602DA30460AF08BF8A8
:1003EC00002C08DA40460AF086F800214FF4004051
:1003FC0007F018FFE9E7214638460AF07CF8F4E7E5
:10040C0020C3000034C300005BC3000047C30000DE
:10041C0007B500230DF107010B208DF8073009F00B
:10042C00FEFE38B107480AF066F84FF0FF3003B013
:10043C005DF804FB04489DF807100AF05CF89DF881
:10044C000700F4E770C30000A2C30000B2F5802FD0
:10045C002DE9F04110D2042A28D84549454A46488E
:10046C0040F21A230AF05DF844480AF05AF840F2B8
:10047C001A2140480AF04CF80823D21ACC1D11441A
:10048C0024F0070421F00701091B17294FEAD106B4
:10049C000ED83B49374A384840F223230AF041F83A
:1004AC0036480AF03EF840F22321E2E70423E4E761
:1004BC00002504603146A660E560204609F070FF17
:1004CC00B6F5004F2CBF08230423421D92000833BD
:1004DC00D11DDB0803EBD103B3424FEAD10739D866
:1004EC000130A2F110022946B8BF2A4604F11000CF
:1004FC000BF0DFF83A462946204609F04DFF2B4613
:10050C002A462946204609F01EFFA6EB070820467E
:10051C002946012209F028FF4246394609F03CFFE2
:10052C003B462A463946204609F00DFF3146204607
:10053C0009F032FF43462A463146204609F003FFB4
:10054C0031462046012209F00FFF3946BDE8F04143
:10055C0009F035BF0B49074A07484FF40E7309F0F1
:10056C00E0FF064809F0DDFF4FF40E7181E700BF94
:10057C00A1C40000B6C30000EAC30000C2C400005E
:10058C00DBC4000004C500002DE9F04F91B0054616
:10059C00009302F004030193C2F3C20301330493EA
:1005AC008307DDF8689002920E4640F0FC81041D32
:1005BC0030B1072909D86FF01B0011B0BDE8F08FDE
:1005CC0001F007063444C6F10806009B4FF0000802
:1005DC004FF0040B591ECDF80C80474643464FF0A4
:1005EC00FF32DA460DB1009820600498002800F321
:1005FC00DF809B48DDF800C0844503D399488445CF
:10060C00C0F0D680DDF808C0A4EB050E1CF0020F7C
:10061C004FEA9E0000F0E7804FF0000CD1E07A2802
:10062C0062D84B280FD847285ED829282DD82528E2
:10063C0059D059D820287DD0A0F12309D9F1000335
:10064C0043EB090376E04C382E284DD8DFE800F058
:10065C00724C4C4C4C4C4C4C4C4C4C4C4E4C4C4CA6
:10066C004C4C4C4C4C5C4C4E4E5C5C5C724E6F4C2F
:10067C00724C184E184C4C817E4E4C4C4E4C7E009D
:10068C00002000234FF0040B3CE02A384FF0010E01
:10069C00C0B20EFA00F04FF6DA7E10EA0E0F49D116
:1006AC0010F0625E30D110F0010343D07046013C73
:1006BC005C44B4FBFBF40BFB04F4002D5ED0AAEB02
:1006CC00050EA644B6453FF676AF002868D1BAF1C0
:1006DC00040F43D1E14659F8040B20600434CC4696
:1006EC004FF0040A26E0013A002323E011F8013C04
:1006FC006C2B30D111F8023C00206C2B0346C1D17D
:10070C004FF0080BDA46D2E70CF1070929F0070C79
:10071C000734FCE802AB24F0070435B105982044FB
:10072C00B0423FF648AFC4E900AB083400234FF0A9
:10073C00080BDA4611F8010F002800F0BC80002BE2
:10074C007FF46DAF2528F5D1013201234FF0040B56
:10075C00EFE7184695E700200346A8E7BAF1080F23
:10076C0040F09B800CF1070929F0070CFCE8029A79
:10077C00C4E9009A08344FF0080ADBE780B9BAF1F3
:10078C00040F02D10CF10409A8E7BAF1080F40F0EC
:10079C0084800CF1070929F0070909F1080CE9E735
:1007AC000498E1460138049059F8040B009019E7BD
:1007BC000298800748D5A4EB050E4FEA9E004FF037
:1007CC00010CBEF5007F1DD32749284A28484FF459
:1007DC001F7309F0A6FE274809F0A3FE4FF41F7102
:1007EC00224809F095FE0F2F0ED8002D46D007F1A8
:1007FC00400CEC440CF8200C0CF8102C0398013035
:10080C00039020E00F2F0CD91749184A184840F2D2
:10081C00812309F086FE184809F083FE40F28121FD
:10082C00DEE7BDB107F1400EEE44C0B20EF8200C6D
:10083C000EF8102CBCF1000FE0D060F07F000EF829
:10084C00200C08F101080137C5F108000434CC462E
:10085C0005906FE7BCF1000F10D00136F3E700BF35
:10086C008CBA000060E600008BDD00002FC5000094
:10087C00EAC300005DC500007EC500000198023689
:10088C000028E0D100980592CDE90631FFF73AFC3B
:10089C00DDE90631059A0644D5E7444A4449454802
:1008AC0040F2C62309F03DFE5146434809F039FE9B
:1008BC0040F2C62194E7631BB3F5806F0CD33C491F
:1008CC003A4A3C4840F2D22309F02BFE3B4809F04F
:1008DC0028FE40F2D22183E71DB9A6F10804E018E6
:1008EC006BE6019A28609B082B709DF80C30C2B106
:1008FC00EB7085F80280B8F1000F05D008A8002233
:10090C00C5F1010C97420ED1C5F101030DF120097F
:10091C004FF0000A02930DF1300B574512D1601BBA
:10092C004BE66B70E5E710F8013B190608D50CEBAC
:10093C00040EB64503F07F033FF63DAE04F8013BD1
:10094C000132DFE7B8F1000F03D099F90020002A3B
:10095C0017DB019BD3B11AF80B2004F8012B0022F2
:10096C00029B18191044B0423FF625AE99F80000CE
:10097C0004F8010B0099039220460AF08CFE039AAE
:10098C0014440AF1010A09F10109C6E799F800209B
:10099C0055F822300093019B45F822300098FFF760
:1009AC00B1FB421CDCE76FF00D0006E62FC5000022
:1009BC008BDD0000EAC3000098C50000ADC5000047
:1009CC002DE9F04F97B000AF8946D7F880B0FA62A6
:1009DC003B62044658B9A849A84AA94840F2993341
:1009EC0009F09FFD40F29931A44809F091FDCBF339
:1009FC00C00390F802A07B6141B9457800780AEBFE
:100A0C00800020444D4517D8A0EB0409E378FB6126
:100A1C00BAF1000F02D01BF0010F16D1FB6953BBCA
:100A2C00FB6A1BB13A6A4946204698474D46284610
:100A3C005C37BD46BDE8F08F461C3046FFF762FBC5
:100A4C000130304409F10109DCE7237862687A62ED
:100A5C00FA6A9900B96104EB8301002A40F0018124
:100A6C004D460E4601EB0A094FF000084E454CD19D
:100A7C0001EB0A0610E01BF0020FD1D023789A008C
:100A8C00BA6162687A62FA6A04EB8301002A77D150
:100A9C004D4601EB0A0690461BF0050F0CBF0223D6
:100AAC000123FB62FB6906EB430A0BF00203BB62FA
:100ABC005645BCD016F8021B16F8013C54F823908E
:100ACC00704B994502D3704B994536D37B69002BFB
:100ADC0040D0786A09F0E6FC00283BD0E9468AB0A1
:100AEC006A466A4B53617B6AC2E906314FF4007364
:100AFC001384674B42F8103F664800234FF41251A1
:100B0C0001F0DAFA023DCD46D2E716F8013BF96264
:100B1C0054F82300FFF7F6FAD7F88430F96A01305D
:100B2C004BB1D7F8883098453EBFD7F8843023F8BE
:100B3C00180008F10108054498E77B6923B1786A2D
:100B4C0009F0B0FC0028C9D11BF0010F05D1FB6ADC
:100B5C00ED1AADE7BB6A002BAAD04846FFF7D2FAD4
:100B6C00D7F8843053B1D7F8883098453FBFD7F8C1
:100B7C008420431C22F8183008F10108054497E73B
:100B8C00BAF1000F73D01BF0040673D0D0460026C8
:100B9C0007F1480052463B61B9620AF07CFDB96A24
:100BAC003B6901EB0A02BA62FA69F9695200FA6010
:100BBC00BA6A02EB41023A610BF00202BA60BA6AFD
:100BCC0039698A4268D162787A621BF0020F32442A
:100BDC000CBF4FEA580100211BF0010FD2B240F0BC
:100BEC00E4801BF0040F14BF404600207B61627050
:100BFC00A070E1703A6AB969FB6A20469847051EF5
:100C0C00FFF615AF7B6923707B6A6370FB69E37039
:100C1C0041463A6AFB6A84F802A007F148009847FB
:100C2C00B0F10008C0F2F580BB693A6AA9EB0A0181
:100C3C00C91AFB68C91AD7E90A0398470028C0F2F9
:100C4C00EA80A84408EB00054FF0000B07F1380AC6
:100C5C00B345C0F0AC8000213A6AFB6A084698475D
:100C6C00E5E656464FF0000807F1380092E7564685
:100C7C00D04696E7B04694E7C4C500002FC50000E7
:100C8C00EAC300008CBA000060E60000DFC500007B
:100C9C00040000013CBD0000BA6A12F8021BBA62E3
:100CAC0012F8015C5D4A54F82500904202D35C4A6C
:100CBC00904218D37A693AB1786A7B6009F0F2FBFA
:100CCC007B6800287FF47BAFBA68002A4CD00F2ECB
:100CDC0040D95449544A554840F24D4309F021FC3F
:100CEC0040F24D4180E67A693AB1786A7B6009F04E
:100CFC00D9FB7B6800287FF462AF1BF0010F0BD08F
:100D0C000F2E27D94749484A484840F2434309F037
:100D1C0008FC40F2434167E61BF0040F3FF44FAF71
:100D2C00B8F10F0F09D942493F4A404840F24643B7
:100D3C0009F0F7FB40F2464156E608F1280207F1AC
:100D4C00300008F1010102EB000808F8105C5FFAB2
:100D5C0081F834E706F1280207F13000711C1618EF
:100D6C0006F8205CCEB22AE7B8F10F0F09D930494A
:100D7C002D4A2E484FF48A6309F0D3FB4FF48A6155
:100D8C0032E608F1280207F1300C08F10100944416
:100D9C0007F1580252FA80F008F102080CF8101C06
:100DAC005FFA88F800F8105C09E700201EE71BF8D2
:100DBC000A3087F8373054F82390D7F884302BB3A7
:100DCC00D7F888309B4521D2D7F8843033F81B8074
:100DDC003A6AFB6A012107F13700984700281ADBB1
:100DEC000544B8F1000F06D14846FFF78BF900F126
:100DFC0001081FFA88F83A6AFB6A41464846984748
:100E0C00002808DB05440BF1010B21E74FF000082B
:100E1C00DEE745460BE6054609E600BF8CBA000046
:100E2C0060E6000082C600002FC50000EAC3000087
:100E3C00A1C60000014B1860704700BFC010002015
:100E4C0080B505460E461746984607F07DFA0346D0
:100E5C000AF00CFEDFF83C90044649F8003042469C
:100E6C0039463046A8470C4B1B7873B90B490C4AD2
:100E7C000C4840F2463309F054FB0B4809F051FB87
:100E8C00074840F2463109F043FB54F8090002F0E0
:100E9C00D5F800BF08000000961D0020FDC600001C
:100EAC00D2C60000EAC3000010C7000038B50D46DA
:100EBC000446202200210AF0FCFBEB68E361AB68DE
:100ECC00A3612B6823626B6863620022A2622A69A9
:100EDC0023B1591E194208BF42F0010222610122BE
:100EEC00002104F12C000AF048FB48B105490648E2
:100EFC00064A2F2309F015FB04482F2109F008FBA3
:100F0C0038BD00BF58C70000EAC3000032C700005C
:100F1C002DE9F04F89B0CDE90123436A00278B42BC
:100F2C000446884605970797BA4654D300F1140631
:100F3C00EFF31185202383F31288BFF36F8F3046B4
:100F4C00A94607F015FC58B94D4A4E494E4888231E
:100F5C0009F0E7FA31464D4809F0E3FA882163E0DD
:100F6C00304607F029FC079A2AB13946204609F089
:100F7C00C0FB0023079306A9204609F0DFFA069967
:100F8C004145834630D32268236A13F8221021F09E
:100F9C00030103F8221003EB820A21684246204623
:100FAC0009F0F0FAE3682060984218D04FF0000B7B
:100FBC00304607F0EBFB50B389F31188BFF36F8F0A
:100FCC00059929B1A2690AB12046904700230593DF
:100FDC00BBF1000FACD1504609B0BDE8F08F2369CE
:100FEC0043F008032361E1E718B1204609F0E4FA65
:100FFC00DEE7DDE90132134339D003910AF0C9FA77
:10100C000399A0BB9DBB304607F0C0FB78B91C4AC6
:10101C001F491D484FF49A7309F083FA31461D4855
:10102C0009F07FFA4FF49A71154809F071FA85F3BB
:10103C001188BFF36F8FDDE9012304F12C0006F05A
:10104C00B3F98346EFF31189202383F31288BFF39E
:10105C006F8F304607F08CFB00283FF475AF30469D
:10106C00BBFA8BFB07F0A8FB4FEA5B1BA0E707ABB7
:10107C0005AA2046276809F0BCFA834698E700BF0A
:10108C0061C700008EC70000EAC30000A3C70000C0
:10109C00B9C70000D0C700002DE9F0410446C36970
:1010AC0008460E46984704F114050746EFF31188DD
:1010BC00202383F31288BFF36F8F284607F058FB69
:1010CC0068B91B4A1B491C48882309F02AFA29468F
:1010DC001A4809F026FA8821154809F019FA284609
:1010EC0007F06AFB337843F00103337061683A46CA
:1010FC00204609F047FA6060204609F015FB2846A7
:10110C0007F044FB68B90A4A0D490B484FF49A732F
:10111C0009F007FA29460B4809F003FA4FF49A71C3
:10112C00DAE788F31188BFF36F8FBDE8F08100BF59
:10113C0061C700008EC70000EAC30000A3C700000F
:10114C00B9C70000D0C700002DE9F04704460027BE
:10115C0000F11406EFF31188202383F31288BFF3F8
:10116C006F8F304607F004FB054668B93A4A3B4995
:10117C003B48882309F0D5F931463A4809F0D1F9B2
:10118C008821354809F0C4F9304607F015FB23696E
:10119C00A16813F0080F02D16368994200D9636A01
:1011AC005B1A002B41D0206A10F8213013F0030297
:1011BC0000EB81093CD0022A04D150F821205FEACF
:1011CC00920A05D1DA0720D4E3694846984782464B
:1011DC00A1685246204609F0D5F95146A060204638
:1011EC0009F0DEF92F46304607F0D0FA10BB1A4A48
:1011FC001D491B484FF49A7309F093F931461B486B
:10120C0009F08FF94FF49A71BBE743F0020300F831
:10121C0021304846E369A56898472946024620468E
:10122C0009F0B0F90025A060DDE71D46A946DAE714
:10123C001546FBE788F31188BFF36F8F002D89D11A
:10124C0037B1B9F1000F03D104F12C0006F02EF8E0
:10125C004846BDE8F08700BF61C700008EC700009C
:10126C00EAC30000A3C70000B9C70000D0C7000044
:10127C002DE9F0410446C36908460D46984704F130
:10128C0014060746EFF31188202383F31288BFF36B
:10129C006F8F304607F06CFA68B9284A28492948FC
:1012AC00882309F03EF93146274809F03AF988219C
:1012BC00224809F02DF9304607F07EFA2B786FF3AF
:1012CC0000032B7023699B0705D5E268236A03EBA7
:1012DC0082039D4222D12B786FF341032B70D4E90A
:1012EC000231994204D13A46204609F04BF9A060EC
:1012FC003946204609F054F9304607F047FA90B9C0
:10130C000E4A12490F484FF49A7309F00AF9314604
:10131C000F4809F006F94FF49A71C9E72B6867F387
:10132C009F032B60E8E788F31188BFF36F8F04F1FC
:10133C002C00BDE8F04105F0B9BF00BF61C700004B
:10134C008EC70000EAC30000A3C70000B9C70000A5
:10135C00D0C7000070B5044600F11405EFF31186F8
:10136C00202383F31288BFF36F8F284607F000FA0F
:10137C0068B91B4A1B491C48882309F0D2F8294636
:10138C001A4809F0CEF88821154809F0C1F828460A
:10139C0007F012FA2369A06813F0080F02D16368F2
:1013AC00984213D9646A241A284607F0EFF978B9E1
:1013BC000B4A0F490C484FF49A7309F0B2F82946BE
:1013CC000C4809F0AEF84FF49A71DDE71C1AEBE704
:1013DC0086F31188BFF36F8F201E18BF012070BDDC
:1013EC0061C700008EC70000EAC30000A3C700005D
:1013FC00B9C70000D0C700002DE9F84F04460846D5
:10140C00A38B1907154612D4022803F0070165D1E6
:10141C00204609F096F988B10138042800F237818A
:10142C00DFE810F05C0035018200D40004010128D3
:10143C000CBF43F0100143F02001A183143420466B
:10144C0007F0A4F9002840F09D819A499A4A9B48DC
:10145C004FF49A7309F065F82146B1E003F00702E6
:10146C00501F01281ED80020062A2768C4E9000056
:10147C0014D13A4603E0E08B0130E0831268002A75
:10148C00F9D123F0070343F00202A283204609F0AE
:10149C0058F990B342F02002A2832EE023F0070308
:1014AC009AB2F2E7042A33D123F007039AB2A2834B
:1014BC00204609F046F910B142F02002A283A38B1A
:1014CC0003F00709894540F0EC80A18BCA0640F176
:1014DC00508121F01003A38301F00701D4F8188088
:1014EC00A38BB8F1000FB9DA0022276823F00703A9
:1014FC00C4E9002243F00103A383A38B03F0070983
:10150C00894540F0CF80002FDFD00026B24644E062
:10151C006B496C4A694840F21B1309F002F840F21F
:10152C001B11684808F0F4FF49B16749654A6348E4
:10153C004FF4AB7308F0F5FF4FF4AB71F1E7236890
:10154C004BB962495F4A5D4840F2571308F0E9FF16
:10155C0040F25711E5E723691E684EB95C49594AB8
:10156C0056484FF4AD7308F0DCFF4FF4AD71D8E77B
:10157C00A38B23F0070343F006039BB2A3830F4610
:10158C0088464FF00609A268002A40F08D80002F93
:10159C0040F08D80002E98D0BA4643F0080304F139
:1015AC00140BA383584607F0F1F8002840F09A80FA
:1015BC004049414A41484FF49A7308F0B2FF5946EA
:1015CC00444808F0AEFF4FF49A71ADE0022909D0FF
:1015DC0041493C4A394840F25D1308F0A2FF40F201
:1015EC005D119EE7E78B4FB13C49364A33484FF4C7
:1015FC00AF7308F096FF4FF4AF7192E723695E6802
:10160C004EB933492F4A2D4840F2611308F089FF37
:10161C0040F2611185E7A38B23F0070343F0040329
:10162C009BB2A383B8464FF00409ACE7012909D05B
:10163C002B49244A21484FF4B27308F072FF4FF43F
:10164C00B2716EE723684BB920491E4A1B4840F221
:10165C00651308F066FF40F2651162E723699E6826
:10166C004EB91B49174A15484FF4B47308F059FF8B
:10167C004FF4B47155E7A38B23F0070343F0050334
:10168C009BB20027A383B8464FF005097BE70C49B2
:10169C000C4A0A4840F26B1308F043FF40F26B11FE
:1016AC003FE7002700266EE74FF0010A75E79246E8
:1016BC0073E700BFB9C7000061C70000EAC30000B0
:1016CC008BDD0000F0C7000015C8000021C8000029
:1016DC0044C80000D0C700005BC8000071C80000FF
:1016EC0080C8000085F31188BFF36F8FBAF1000F2B
:1016FC001CD177BB16B126492046B047EFF31185B4
:10170C00202383F31288BFF36F8F584607F030F80D
:10171C0038BB204A20492148882308F002FF59464B
:10172C001F4808F0FEFE88211A48FBE6A168002934
:10173C00DFD00D680029DCD0D1F804A043464A461E
:10174C002046D0471DB12B6829461D46F2E72B4693
:10175C00FAE7394643464A4620463F6809F01DF8E9
:10176C00C7E7584607F028F8A38B23F00803A38398
:10177C00ABE68B067FF562AE21F02003A38301F06C
:10178C00070145E685F31188BFF36F8FBDE8F88F2D
:10179C00B117000061C700008EC70000EAC300004B
:1017AC00A3C70000F8B504460D4600F11406EFF38C
:1017BC001187202383F31288BFF36F8F304606F016
:1017CC00D7FF68B90C4A0D490D48882308F0A9FECB
:1017DC000C48314608F0A5FE0748882108F098FE11
:1017EC00304606F0E9FFA5613A4620460121BDE8E6
:1017FC00F840FFF701BE00BF61C700008EC70000B4
:10180C00EAC30000A3C700002DE9F04704460F46C9
:10181C0008F0B3FF051E68DB04F11409EFF3118A1D
:10182C00202383F31288BFF36F8F484606F0A0FF86
:10183C00804660B9384A39493948882308F071FE26
:10184C004946384808F06DFE8821334842E0484646
:10185C0006F0B2FFE38BA68B4FF6FF72934206F0B5
:10186C00070645D0022E15D10133E3833546484691
:10187C0006F08CFF002841D1274A2B4928484FF409
:10188C009A7308F04EFE4946284808F04AFE4FF479
:10189C009A71DAE7062E13D8DFE806F0092D12123A
:1018AC00090409006FF085054FF00008DFE70023FD
:1018BC003B60636883B9C4E9007786B13546F3E7CA
:1018CC001B4917481B4A4FF4E47308F02AFE1948C9
:1018DC004FF4E47108F01CFE1F606760EDE75246A0
:1018EC0002212046FFF788FD35462846BDE8F087E3
:1018FC006FF00A05D8E76FF00405D5E78AF3118875
:10190C00BFF36F8FB8F1000FEFD00023324639468A
:10191C00204608F042FFE8E761C700008EC70000D0
:10192C00EAC30000A3C70000B9C70000D0C700007D
:10193C0080C80000F0C7000008B54268816002F062
:10194C000302032A034602D02AB1002000E00068FB
:10195C0000225A6008BD05490548064A452308F08F
:10196C00E0FD0448452108F0D3FD00BF8BDD0000ED
:10197C00EAC3000096C8000030B51049104889B081
:10198C00002209F05FFE0F4D0F4900220023CDE924
:10199C00062300240E23CDE90334CDE901440B4B7F
:1019AC0000944FF40062284605F056FE084928467C
:1019BC0005F074FD204609B030BD00BF291B0000A6
:1019CC001017002058120020C01D00207D1E0000A2
:1019DC00BCC800002DE9F047DFF8588004460746E4
:1019EC004FF0010914B93846BDE8F08794FAA4F514
:1019FC00B5FA85F509FA05F32E0108EB05156FEA22
:101A0C00030A24EA03042B7B002BEBD058F8063096
:101A1C001B694BB94644042273682846196807EAC7
:101A2C000A0708F029FFDDE7284698470028D9D196
:101A3C00F0E700BFA4BD00002DE9F047DFF8BC9033
:101A4C002F4CA9EB04038F2B80460F460BD92D4945
:101A5C002D4A2E484FF4A67308F063FD4FF4A6717F
:101A6C00294808F055FD2A4808F0E6FE064678B3EA
:101A7C0000252846BDE8F087237B83B12368DB680B
:101A8C000BB120469847636883F806A023681B694E
:101A9C00B3B9636804221968204608F0EDFE0136DC
:101AAC0010344C4518D91B49174A18484FF4AC73DD
:101ABC0008F037FD184808F034FD4FF4AC71CFE74F
:101ACC00204698470028E4D00AFA06F31D43E6E7BF
:101ADC0005464FF0010AE4E7CED3B8F1000FC8D0A9
:101AEC00002DC5D02846FFF775FF0546002FF7D00F
:101AFC0000214FF4A47006F095FBF1E7C4BD000083
:101B0C00A4BD0000F1C80000C4C80000EAC3000076
:101B1C00BC19002021C9000042C90000014805F091
:101B2C00C5BB00BF48120020014B53F82000704782
:101B3C00BCC0000008B5034608462BB1044A13602C
:101B4C0000F0D6FD002008BD6FF01500FBE700BFCC
:101B5C00C410002010B5044C237813B9034805F0C9
:101B6C00A5FB0123237010BD7C1B00204812002014
:101B7C0010B504460B4808F05FFE5CB1BFF35B8FF9
:101B8C00094B53E8001F013943E80012002AF8D131
:101B9C00BFF35B8F054809F061FD0548BDE81040B7
:101BAC0005F084BBB4190020B819002010170020D0
:101BBC00481200200020064BBFF35B8F014653E810
:101BCC00000F43E80012002AF9D1BFF35B8F704776
:101BDC00B419002070B5FFF7EDFF104C104E054600
:101BEC00B44219D90F49104A10484FF4037308F046
:101BFC0098FC0F4808F095FC0B484FF4037108F063
:101C0C0087FC63685B792BB123685B6813B1294649
:101C1C00204698471034E3E7F3D370BDA4BD000011
:101C2C00C4BD000021C90000C4C80000EAC3000004
:101C3C0042C9000010B5044C04492046FFF736F9A0
:101C4C00034B1C6010BD00BF08120020A8C0000090
:101C5C00A8190020154A1648002310B51370154A10
:101C6C001360154A4FF400411360FFF763FFFFF751
:101C7C00E1FF124B124918468B4215D91149124AF1
:101C8C00124840F2271308F04CFC114808F049FCAC
:101C9C000D4840F2271108F03BFC1A1A5C6812112F
:101CAC00013222711033E7E7F7D310BD7D1B002002
:101CBC0041A80000B4190020B8190020A4BD0000F0
:101CCC00C4BD000021C90000C4C80000EAC3000064
:101CDC0042C900000146002201480023FFF718B951
:101CEC00081200200148FFF72FBA00BF081200208D
:101CFC00024B01461868FFF7BBBA00BFA8190020B9
:101D0C000148FFF727BB00BF0812002070B5314B0C
:101D1C00187800285DD0FFF7E5FF0546002844D170
:101D2C002D4B2E4C1B68002B19DD09F089FC4FF450
:101D3C007A72A0FB020302FB0131C30BD4E9002031
:101D4C0043EA41439B1A4FEAD13140F2E93261EB4D
:101D5C000001934271F1000101D3FFF73BFFD4E97D
:101D6C00003213F57A7342F10002C4E90032BDE887
:101D7C007040FFF7C5BF63685B7923B123682946C0
:101D8C001B68204698471034B44211D91449154A9F
:101D9C0015484FF4007308F0C4FB144808F0C1FB5D
:101DAC0010484FF4007108F0B3FB114C114EEBE7E7
:101DBC00E1D32846FFF79CFFBFF35B8F0E4B53E834
:101DCC00001F013943E80012002AF8D1BFF35B8FE2
:101DDC00A6E770BD7C1B0020B4190020081700205A
:101DEC0021C90000C4C80000EAC3000042C90000B9
:101DFC00A4BD0000C4BD0000B819002070B5154D7D
:101E0C00297829BB0120FFF717FE134C134EB4425F
:101E1C0017D91349134A144840F2C51308F081FB33
:101E2C00124808F07EFB0F4840F2C51108F070FB19
:101E3C0063685B791BB1236820469B689847103414
:101E4C00E5E7F5D3FFF762FF0028FBD101232B70E8
:101E5C0070BD00BF7D1B0020A4BD0000C4BD0000F0
:101E6C0021C90000C4C80000EAC3000042C9000038
:101E7C002DE9F047384B394FFB1A1B090AD1384969
:101E8C00384A394840F2A93308F04BFB40F2A931EB
:101E9C00344819E000210846FFF7CEFD0446A8B1EE
:101EAC0040F267684FF00009304B1B789BB9304902
:101EBC00304A2D4840F2463308F033FB2E4808F0E8
:101ECC0030FB2C4840F2463108F022FB4FF0FF3833
:101EDC004FF0FF39E8E709F0C9FD284B284A1B5899
:101EEC00136033B1274B1B68092B02DD264805F024
:101EFC00DDF9DFF894A0002544B12046FFF76AFD18
:101F0C00044618B94FF0FF384FF0FF39FFF7FEFECB
:101F1C00064628B935B942464B46504605F044FAB8
:101F2C003546E9E70C4D08E0F5D22B689B691BB1EF
:101F3C0000221146284698471035BD42F4D9134962
:101F4C00084A094840F29D3308F0EBFA104808F0B3
:101F5C00E8FA40F29D319BE7A4BD0000C4BD00002F
:101F6C0061C90000C4C80000EAC30000961D00202F
:101F7C00FDC60000D2C6000010C70000080000001B
:101F8C00B0190020B81900204812002021C9000007
:101F9C0042C9000013B52C4808F04EFC2B4B1B78A3
:101FAC00002B35D0EFF31184202383F31288BFF379
:101FBC006F8F274806F0DCFB68B9264A264927486C
:101FCC00882308F0AEFA2249254808F0AAFA88219D
:101FDC00204808F09DFA1E4806F0EEFBFFF796FE2F
:101FEC001B4806F0D3FB68B91A4A1E491B484FF42C
:101FFC009A7308F096FA16491B4808F092FA4FF4B7
:10200C009A71E5E784F31188BFF36F8F02B010BDAE
:10201C00164B1B68002BF9D050B900220023CDE9D8
:10202C00002313484FF40042002306F049FFEDE76C
:10203C000928EBD10E4809F011FB0E4802B0BDE89F
:10204C00104005F033B900BFB81900207D1B0020EB
:10205C00AC19002061C700008EC70000EAC3000065
:10206C00A3C70000B9C70000D0C70000B0190020FA
:10207C00101700204812002010B5064B1B680446B0
:10208C0098472146A0600448FFF706F8BDE81040C9
:10209C00FFF780BFC410002008120020044A054B33
:1020AC009B1AB1EBD30F34BF52F8310000207047AC
:1020BC003CBD0000A4BD00002DE9F04F8FB004AF73
:1020CC00C1F34A28B8600D4691467B600C0DB8F1FF
:1020DC00000F68D0002607F114034FF0040B4FF0EB
:1020EC000A0AC7F80C80C7E907667E620193CDF82F
:1020FC0008B0CDF800A007F11C03F9683246484639
:10210C00FEF75EFCB0F5006F03461CD36C468AB03C
:10211C00D9F8041004AB2C48C3E9050140F2FF7157
:10212C00D9611A464FF400711984284B42F8103FBC
:10213C00274833464FF41251FFF7BEFFA5462C3704
:10214C00BD46BDE8F08FC0F30A0804F1170018442F
:10215C0020F0070080083B60FFF7BCFD68F35325B7
:10216C00044640B33B681B4AC7E9083600F110012E
:10217C0007F11403F961CDE900A3CDF808B0F968B3
:10218C0007F11C034846FEF71BFC002813DA124922
:10219C001248134A4FF4A37308F0C3F910484FF4D4
:1021AC00A37108F0B5F904F1170020F007008008BE
:1021BC00FFF790FD044668F353257B68B9682A46FF
:1021CC00204608F079FBBAE78AC900000400000138
:1021DC0064BD000097A80000F6C90000EAC3000027
:1021EC00C9C900002DE9F04F87B0DDE91279DDE9AE
:1021FC00106A044603919346984627B3CDF8009095
:10220C003B46524610210020CDF81490FEF7BCF945
:10221C00051E0BDA2649274A274840F2651308F0B9
:10222C0080F940F26511234808F072F9B5F5006F9A
:10223C000ADB224A224840F2FF73022107B0BDE8B4
:10224C00F04F08F092BB3D4606F11700284420F0F1
:10225C00070004F007048008FFF73CFD0BF0070BA8
:10226C00E40044EA8B1444EA452444EA0654064646
:10227C00A0B19FB1CDF800903B4652462946103094
:10228C00FEF782F9002809DA09490A4A0A484FF48C
:10229C00C47308F046F94FF4C471C4E7039943467C
:1022AC002246304607B0BDE8F04F08F005BB00BF32
:1022BC00F5C90000C9C90000EAC30000FFC900004D
:1022CC0064BD0000406820B1034BC01A40F3CF003E
:1022DC0070474FF0FF3070473CBD00000EB403B5A3
:1022EC0003AB014653F8042B0448019301F000FAA8
:1022FC0002B05DF804EB03B0704700BF2923000067
:10230C00CA0605D48B064CBF02490349FFF7E6BF4A
:10231C00704700BF0DE00000B3C3000038B54B6838
:10232C001A68CB689A4205460C4602D1084608F05A
:10233C0040FB6368BFF35B8F53E8002F511C43E8ED
:10234C0000100028F8D1BFF35B8FA3689D5463681D
:10235C001A68E3689A4209D905490648064A722365
:10236C0008F0DFF80448722108F0D2F8002038BDDC
:10237C0066CA0000EAC3000037CA00002DE9F04F1E
:10238C0089B09B46149B06939DF84CA0159B059316
:10239C00169B179E049304460D469046BAF1000F07
:1023AC0000F0AD80BAF1040F0BD9A349A34AA4489D
:1023BC0040F24D2308F0B5F840F24D219F4808F04B
:1023CC00A7F806F48073079308F054FA06F0020994
:1023DC00024600283FD09B492046FFF77FFF074667
:1023EC00B9F1000F08D016F0440F36D196492A46A1
:1023FC002046FFF773FF074406F0010353B1934BDC
:10240C00934953F82A20934B2046002A08BF1A46BA
:10241C00FFF764FF06F48073002B4AD006F0080324
:10242C00002B64D1B8F1000F67D08B49424620468F
:10243C00FFF754FF0546069B3D44002B6ED1049BD1
:10244C00002B40F08380F30700F1F08031462046EA
:10245C00FFF756FFE4E00746C2E7804B18680028F8
:10246C00C9D07F4B4FF47A791B68B5FBF3F54FF469
:10247C006163B5FBF0F100FB115509FB05F54FF05D
:10248C003C0CB1FBF3F203FB1211B5FBF0FEB1FBFC
:10249C00FCF300FB1E550CFB131109FB05F5009119
:1024AC00B5FBF0F56F49CDE901E52046FFF716FFC6
:1024BC00A1E706F00803EBB16B4B6C4953F82A20EB
:1024CC002046FFF70BFF0546B8F1000F05D0624917
:1024DC0042462046FFF702FF0544BBF1000FAAD08D
:1024EC0063495A462046FFF7F9FE0544A3E74FF02F
:1024FC00000BE1E706F00805E6E745469BE7BBF174
:10250C00010F069B06D1DBB9049B002B00F08880E1
:10251C0000251BE0002BF7D0564812E05648069BCE
:10252C005649224607F08DFF00280CDA5449434ADD
:10253C00434840F2A72307F0F4FF40F2A7213DE700
:10254C004D485546EBE7049B002B65D0DFF83481F2
:10255C00DFF83491049F3146102F204628BF1027F6
:10256C00FFF7CEFE4FF0000B5D4542DC059B494664
:10257C001A782046FFF7B2FE4FF0010B1BF0070F45
:10258C0003D141462046FFF7A9FE5F4538D9059B8C
:10259C00494613F80B202046FFF7A0FE0BF1010B68
:1025AC00BBF1100FEAD1394920464FF0000BFFF771
:1025BC0095FE5A46059B9A5CA2F120015F2928BF23
:1025CC002E2233492046FFF789FE0BF1010BBBF19C
:1025DC00100F1AD01BF0070F03D141462046FFF70E
:1025EC007DFE5F455A46E5D841462046FFF776FE0C
:1025FC00EBE741462046FFF771FE0BF1010BB3E709
:10260C0024492046FFF76AFEC8E7059B3B44059327
:10261C00049BDB1B04939DD1BAF1000F7FF413AF25
:10262C00204609B0BDE8F04F08F0C3B9094A084983
:10263C002046FFF753FE09E79BCA000037CA00008B
:10264C00EAC30000A6CA0000AACA0000CCC0000061
:10265C00C3D5000096CA0000CFCA0000C4190020E0
:10266C00C0190020B3CA0000E0C00000D3CA0000AB
:10267C00D9CA0000D9A9000029230000FD360000AA
:10268C00DECA0000EFCA0000E7CA0000F1CA000071
:10269C00F3CA0000EDCA000073B542F20F738B420F
:1026AC0028BF0B4605680F4A04460521684606F00C
:1026BC0075FC63680C495B6806460B22284608F0DB
:1026CC006AF963683246694628465B6808F063F924
:1026DC00636806495B681B22284608F05CF902B067
:1026EC0070BD00BFCECC000012CB0000F6CA0000BB
:1026FC00074A00210123904206D8064A01B901235A
:10270C001360054B1860704740085B000121F2E72D
:10271C0040420F00C0190020C4190020014B0122B7
:10272C001A7070477E1B0020014B00201960704707
:10273C00DC1900200148FFF7AFBF00BF10C100003B
:10274C0010B5064B18680C46FFF7EEF92146034608
:10275C00BDE8104002480F22184700BFDC190020CA
:10276C0010C10000F8B5094D094B0A4ED5E90047D8
:10277C0001221A700CB92C60F8BD214630463A463D
:10278C0000F01EF8241A0644F4E700BFD01900200C
:10279C007F1B0020801B002010B9074B187070475E
:1027AC00064B1B781BB141F2883008F0CFBEA42039
:1027BC00002105F037BD00BF7E1B00207F1B0020D1
:1027CC002DE9F047DFF878901E4F80460E46042422
:1027DC0099F80050A5B908F0ACFE32468246414645
:1027EC00284604F04BFA0546504608F0AAFEE5B11F
:1027FC0001233B7099F8003073B93046BDE8F0877F
:10280C0032464146002004F039FA0546EFE72046EF
:10281C00FFF7C2FF651E2C46002004F0B9FA002811
:10282C00EBD03B78002BF2D1E7E73B78002BE4D0E0
:10283C00013C2046FFF7B0FF3B78002BC8D1DCE70A
:10284C007F1B00207E1B0020F8B5074F0D46044669
:10285C004618B44201D12846F8BD14F8011BBB68D8
:10286C0001485B689847F4E734BB000010B5436837
:10287C001C68094808F06EFE48B908490848094A1E
:10288C00992307F04EFE0748992107F041FE236873
:10289C005B685C6010BD00BF34BB00008CCB0000DB
:1028AC00EAC300004ECB0000014B036000207047D0
:1028BC0054C1000008B5044807F01DFE034807F09A
:1028CC001AFE002008BD00BFC0CB0000F5CB0000F5
:1028DC0008B50348034A0021121A08F0EDF808BDA8
:1028EC0058120020981D00200748084A084908B5CE
:1028FC00121A08F0E3F80748074A0849BDE80840EF
:10290C00121A08F0DBB800BFC010002058120020CB
:10291C0068E60000B8100020C010002060E600003F
:10292C002DE9F047064600AF0C46002936D0E946A3
:10293C008AB0D1E90012A3686D462148A8464FF031
:10294C00050AC5E90501C5E9072348F810AF1D487C
:10295C00424600234FF42151FFF7AEFBCD46D4E99C
:10296C0003126369AD461848C5F810A0C5E9050106
:10297C00C5E907231348002342464FF42151FFF7C2
:10298C009BFBCD46E369114A0E48012107F0EDFF90
:10299C00A3690F4A0B48012107F0E7FF012E07D16D
:1029AC00EFF305830B4A0748103B314607F0DDFF78
:1029BC002146304604F04CFABD46BDE8F08700BF16
:1029CC0023CC000084BD000052CC000081CC000060
:1029DC0090CC0000BECC000030BFFFF7FDBF00BFA5
:1029EC002DE9F0410B4EDFF8308006EB0807CC1BCD
:1029FC00054632460949204608F04DFEA0194246CC
:102A0C000021083C08F055FEC5F8A44007F1080069
:102A1C00BDE8F081000000000400000008BE0000CA
:102A2C00054B5A699B689A421FBF044A536843F08E
:102A3C0080535360704700BF381B002000ED00E04E
:102A4C0070B5294C06460D462848294908F043F82C
:102A5C00A36AD9043CD52548264908F03CF8172030
:102A6C00A36A1A0504D52148234908F034F8182024
:102A7C001D4CA36A9B0512D51C48204908F02BF865
:102A8C00A36BA26A100409D51D4A1848012107F04E
:102A9C006CFF1EB1A36A23F40043A3621920124CED
:102AAC00A36A590504D51148164908F014F81A20E0
:102ABC00A36ADA050ED50D48134908F00CF81B2053
:102ACC00094A936A43F47F43936200232B7070BDD1
:102ADC001620C5E7A36A9B04F2D504480B4907F0FE
:102AEC00FAFF1C20ECE700BF00ED00E084BD000005
:102AFC00D1CC0000E7CC0000F8CC00000BCD0000DE
:102B0C0024CD000039CD000054CD00006CCD000068
:102B1C0010B5204C2049214807F0DDFFA36A99012C
:102B2C0036D51E481E4907F0D6FF1E20A36ADA01CF
:102B3C0004D51A481B4907F0CEFF1F20154CA36A79
:102B4C001B0304D51548184907F0C5FF2120A36ABB
:102B5C00590304D51148154907F0BDFF22200D4C2F
:102B6C00A36A9A0304D50D48114907F0B4FF23203A
:102B7C00A36ADB0304D509480E4907F0ACFF2420F7
:102B8C00044A936A6FEA03436FEA1343936210BDDE
:102B9C001D20CBE700ED00E09BCD000084BD0000C4
:102BAC00B3CD0000C6CD0000E0CD0000FECD00008E
:102BBC0023CE00003DCE00002DE9F8433F4D80466A
:102BCC0089463F483F49174607F085FFAB6ADA064E
:102BDC0027D53D493A4807F07EFF1124AB6A1B0705
:102BEC0004D53A49364807F076FF1224334DAB6AC8
:102BFC009E0718D53649324807F06DFF6E6BAB6AED
:102C0C001C0646D5334A2E483346012107F0ADFE4B
:102C1C00B9F1000F03D0AB6A23F08003AB6213242D
:102C2C0003E01024DAE76FF01506244DAB6AD807E1
:102C3C0004D52949224807F04EFF1424AB6A9906A3
:102C4C0004D526491E4807F046FF15241B4DAB6AD8
:102C5C00DA0602D4AB6A9B070AD56B68180507D550
:102C6C004146304600F0D2FAB0B180F30988022414
:102C7C00124B9A6A920642BF5A6A22F400525A6266
:102C8C009A6A42F0FF029A6200233B702046BDE82C
:102C9C00F8836FF01506C2E7AB6AD906E8D5104980
:102CAC00104A114840F2271307F03BFC0F4807F07D
:102CBC0038FC0C4840F2271107F02AFC00ED00E02C
:102CCC0084BD000068CE00007ECE0000F8CC000071
:102CDC00B1CE0000C9CE0000DFCE00006CCD0000EC
:102CEC0030CF0000FECE0000EAC300007ACF000017
:102CFC00F0B5794B8BB00446586800AFC0F30803AD
:102D0C00002686F31188BFF36F8F02F07F45B5F173
:102D1C007F4F07D102F00C05082D12D16F49704876
:102D2C0007F0D9FE6F49704A704840F2144307F01F
:102D3C00F8FB6F4807F0F5FB40F214416A4807F0C6
:102D4C00E7FB15074CBF0C460126002CEAD00022ED
:102D5C00FA71DA1E092A00F29E80DFE802F005946F
:102D6C0097779C9C9C9C9C9A62495D485A4D07F0B5
:102D7C00B2FE0023FB71EB6A9A0705D55E495848F1
:102D8C0007F0A9FE002329E0EB6A002B01DA5B496E
:102D9C00F5E7EB6A5B0069D55949514807F09BFE92
:102DAC006B69A26943F480736B61BFF34F8FBFF300
:102DBC006F8F6B6932F8022C23F480736B61BFF355
:102DCC004F8FBFF36F8F4DF602739A4227D1236852
:102DDC004C4A4348012107F0C8FD2368FA79DAB957
:102DEC0007F1080504F1200C206861682A4603C22B
:102DFC00083464451546F7D17A6A002E67D0C2F3C1
:102E0C00080121B96FEA52226FEA42227A6207F175
:102E1C0008011846FFF784FD2C37BD46F0BDAB6AA0
:102E2C00DBB233B1FA1D01212046FFF7C5FE034684
:102E3C00D4E7AB6A13F47F4F04D0F91D0120FFF7E0
:102E4C00FFFDF4E7AB6AB3F5803F02D3FFF760FEFA
:102E5C00EDE72D49244A254840F2ED2307F061FBAC
:102E6C002A4807F05EFB40F2ED2167E726491E4A2F
:102E7C001E484FF43C7307F054FB254807F051FBF8
:102E8C004FF43C715AE7FA1D0021CDE7F91D0020E3
:102E9C00D5E7204973E7204A204910F4F87F6D46A6
:102EAC008AB018BF11466A46103BD3611C484FF4D8
:102EBC00007313841B4BC2E9050142F8103F08480C
:102ECC0000234FF41151FFF7F7F8AD465AE722F4FF
:102EDC00FF7222F0010299E700ED00E0CBCF000079
:102EEC0084BD0000F6CF0000FECE0000EAC3000057
:102EFC0009D0000047D000005ED000007FD0000059
:102F0C008DD00000ACD000008BDD0000C8D00000DC
:102F1C00ECD000001CD10000B2CF00009DCF00000F
:102F2C0040D1000004000001044B5A6942F0100229
:102F3C005A615A6922F008025A61704700ED00E0AC
:102F4C00EFF30880EFF3098101B57246FFF7D0FE6D
:102F5C0001BD00BF002080F31488BFF36F8F1148B0
:102F6C0080F3088800201049087001F0A7FE0020AB
:102F7C000E490860BFF34F8F00F02EF8202080F32D
:102F8C0011880B484FF40461401880F30988EFF363
:102F9C0014800221084380F31488BFF36F8F00F074
:102FAC0005F90000C0330020961D002094ED00E0D0
:102FBC00002600200749D1F890200023C2F30722F5
:102FCC001846934200DB7047C1F89830C1F8A00056
:102FDC000133F6E700ED00E008B572B6002383F389
:102FEC001388FFF7E7FF144B4FF0FF32C3F8802034
:102FFC00C3F88420C3F88820C3F88C20C3F8902031
:10300C00C3F89420C3F89820C3F89C20C3F88021FF
:10301C00C3F88421C3F88821C3F88C21C3F890210C
:10302C00C3F89421C3F89821C3F89C2162B6BFF36E
:10303C004F8FBFF36F8F08BD00E100E0084B9B681A
:10304C0083420BD1EFF3058343B1064B5A6842F030
:10305C0080525A605A6A22F400425A6205F07AB9D8
:10306C00381B002000ED00E015498A684FF0300055
:10307C001044EFF3098C80E8F01F202080F31288B5
:10308C00BFF36F8F0F4F4FF000664A698A603E6046
:10309C00D2F8A4000C4C2060D2F8A8000023C2F88F
:1030AC00A83080F3118804B5104600F017F9BDE87C
:1030BC00044002F1300090E8F01F8CF3098870474F
:1030CC00381B002004ED00E0041A00201EF0040F51
:1030DC000CBFEFF30880EFF30980816911F8021C33
:1030EC000229FFD001B5724607F0EAFC01BD00BF12
:1030FC0040B2002807DB044A4109012300F01F00FD
:10310C00834042F82130704700E100E0054B420952
:10311C0000F01F0053F82220012303FA00F01040A6
:10312C00704700BF00E100E038B54B1C072B04468C
:10313C000D460FD9114A124912486B2307F0F1F9C9
:10314C00114829460723224607F0EBF90B486B215F
:10315C0007F0DEF940B20028ACBF00F160400B4A2A
:10316C004FEA4313B8BF00F00F00DBB2AABF00F563
:10317C006140135480F8003338BD00BF53D10000B8
:10318C008AD10000EAC30000A5D1000014ED00E0D4
:10319C00044B054A23F07F039360BFF34F8FBFF3BB
:1031AC006F8F70470000000000ED00E008B5FFF7DE
:1031BC00EFFF074AD2F8883023F47003C2F8883046
:1031CC00FFF786FBFFF790FB00F05EF803F0A2FF21
:1031DC0000ED00E042F8203C009B42F81C3C0A4900
:1031EC00019B42F8183C029B42F8143C21F001016F
:1031FC004FF0807342F8043C42F8081C0023203A3C
:10320C000265C0F8A83070474D0E00000A4A03460C
:10321C00906878B113F1160FD0F8940005D0A0F196
:10322C0040029A4205D8834203D2814228BF002033
:10323C0070470020704700BF381B002008B51546AA
:10324C000C4A0D4B9060D0F8A4201A600E4600F08A
:10325C0045F82C4686F309880020044B98472046F5
:10326C00002100220023024C20470000F9AA000094
:10327C004D0E0000381B0020041A0020014B1022B8
:10328C001A61704700ED00E0044800232021C218A9
:10329C000133272B82F80013F9D1704700E100E0CD
:1032AC0008B5EFF30583064A103B02EBC30152F855
:1032BC00330049688847BDE80840FFF7B1BB00BF41
:1032CC0088BB0000024B034A0348012100F08CB874
:1032DC00000001200000002054C10000D0F8942010
:1032EC00054B403A1A60054A4021C3E901121846C1
:1032FC00012100F09FB800BF081A002000000B1538
:10330C0008B503461048D0F89020C2F30722013AC2
:10331C00934207D90D480E4A012107F026FB6FF0A6
:10332C00150008BDC0F898300A6822F01F021A4335
:10333C0042F01002C0F89C208A6842F00102C0F8EA
:10334C00A0201846EDE700BF00ED00E07CBD0000BA
:10335C00E9D10000F0B50E4685B01F4604460025A5
:10336C00B5420DDA606810B397B1431E18420AD00B
:10337C00104A11482B46012107F0F7FA6FF015029D
:10338C00104605B0F0BD1F28F2D921680B42EFD1D1
:10339C002368019307F0CDFBA36801A90343D0B2C6
:1033AC000393FFF7ADFF10F1160FE7D0421C013568
:1033BC000C34D5E70FD200007CBD0000044B052275
:1033CC00C3F89420BFF34F8FBFF36F8F704700BFCC
:1033DC0000ED00E0BFF35F8F024B0022C3F8942096
:1033EC00704700BF00ED00E038B50D4D01232A7881
:1033FC000C46FFF7AFFF287016300FD1094A0A4967
:10340C000A484FF4C47307F08CF80948214607F0BA
:10341C0088F804484FF4C47107F07AF838BD00BF3F
:10342C00911B002032D200008BDD0000EAC30000AB
:10343C0061D2000010B5144A002312780C46FFF735
:10344C0089FF10F1160F08D0104A0021D2F89030E5
:10345C00C3F30723984210DB10BD0D4A0D490E48EB
:10346C0040F2A71307F05DF80C48214607F059F815
:10347C00074840F2A71107F04BF8C2F89800C2F8C1
:10348C00A0100130E2E700BF911B002000ED00E02E
:10349C0032D200008BDD0000EAC300008DD20000A8
:1034AC002DE9F04F834C8449D4F890300D68C3F368
:1034BC0007239D4285B013D9804A8149814840F247
:1034CC00012307F02EF8D4F890207F482946C2F348
:1034DC00072207F026F840F20121784807F018F887
:1034EC00FFF778FF49680022954201F10C012DD1BC
:1034FC00764C774F25706846FFF7D6F9DFF8D48104
:10350C00DFF8D49106460025AE4232D123786949C2
:10351C000020D1F89020C2F307229342C0F2BF8062
:10352C00FFF74CFFD1F89030C3F30723082B00F0C2
:10353C00BC806A49614A634840F2732306F0F1FF8C
:10354C00674806F0EEFF40F27321C6E7C4F89820F6
:10355C0051F80C3C23F01F03134343F01003C4F841
:10356C009C3051F8043C43F00103C4F8A030013204
:10357C00BAE7009A02EB05132901D3F80CA00AEA6A
:10358C000700B0F5000F65D00AD8B0F5001F3BD08E
:10359C00B0F5800F51D0B0F5801F15D00135B3E7D1
:1035AC00B0F1007F61D0B0F1805F69D0B0F1807F65
:1035BC00F4D19868D3F804A0525807F0BAFACDE9C0
:1035CC0001A240F088700BE09868D3F804A0525820
:1035DC0007F0AFFACDE901A240F0885040F430205A
:1035EC000390207801A9FFF78BFE002853DA3449A9
:1035FC00324A344840F22B2306F093FF394806F048
:10360C0090FF40F22B2168E79868D3F804B0525829
:10361C0007F08FFA1AF0010F40EA0900CDE901B268
:10362C000390DED03049254A2648832306F079FFE3
:10363C002E4806F076FF83214FE79868D3F804A054
:10364C00525807F076FA40F0C060CDE901A240F480
:10365C000030C5E79868D3F804A0525807F069FA0F
:10366C00CDE901A240F08270BAE79868D3F804A0C3
:10367C00525807F05EFACDE901A240F48020AFE782
:10368C009868D3F804A0525807F053FACDE901A278
:10369C0040EA0800A4E72378013323707EE7C1F8E1
:1036AC009830C1F8A000013333E7002005B0BDE825
:1036BC00F08F00BF00ED00E060C1000032D20000CE
:1036CC008BDD0000EAC30000BAD20000911B002081
:1036DC000000F0FF00000211000008116DD3000083
:1036EC00BDD3000043D30000EED2000014D3000081
:1036FC00F0B587B007460E461446002110226846E6
:10370C001D4607F0D6FF02238DF802302A46054BE2
:10371C00019321466846CDE9047605F007FD07B014
:10372C00F0BD00BF5FAB000008B5024B1B689847AB
:10373C00002008BD141A0020034B044A186093782B
:10374C0043F0020393707047141A0020D01000202D
:10375C0008B50649064821F00701C1F1005202F5EF
:10376C008032FCF773FE002008BD00BF0734002038
:10377C00181A0020044A0123C2F840354FF0804249
:10378C000020C2F87835704700E0014048B1054B85
:10379C00054A1B68B3FBF2F35843044B43F0010397
:1037AC0018477047E811002040420F0010BE00007F
:1037BC0008B50448044A3F23C0E9002301F0BAFBD2
:1037CC00002008BD241A0020FFFF0F0037B50C465F
:1037DC000A490B4A411A40230093491105462346D6
:1037EC00084807F0C1F9011E05DA2846234603B044
:1037FC00BDE83040184703B030BD00BF401A002070
:10380C00DDAB0000FCBA000010B5EFF311842023EF
:10381C0083F31288BFF36F8F074A136823F00201FA
:10382C00DB07116002D4012001F02EFC84F3118817
:10383C00BFF36F8F10BD00BF981A0020C9B20129C9
:10384C0008B509D908490948094A7E2306F069FEDA
:10385C0007487E2106F05CFE03690C2201FB023353
:10386C00986C00F0070008BD2ED40000EAC30000DD
:10387C00F1D3000070B5C9B2012903690BD91849FD
:10388C001848194A4FF4E87306F04BFE16484FF4EB
:10389C00E87106F03DFEEFF31185202484F31288C5
:1038AC00BFF36F8F0C2606FB0134A46C14F0C0041C
:1038BC0008D0A24206D085F31188BFF36F8F4FF06A
:1038CC00FF3070BD71430B4401229A6485F311885B
:1038DC00BFF36F8F43680B445B6898470020F0E799
:1038EC002ED40000EAC30000F1D3000070B50D46E1
:1038FC000649411A0446491105484022FFF7BAFF10
:10390C002B4601462046BDE870401847401A00205F
:10391C00FCBA00000022F8B5012105461046FFF75D
:10392C0003FC104801F03EFB0446B8B901F05AFB09
:10393C002F690D49384606F046FF031E09DB0126A8
:10394C00BE642D69084905F1200006F03CFF031EFA
:10395C0002DA1C462046F8BD6E65FBE76FF00404E6
:10396C00F8E700BF193A000080C100001FB5002223
:10397C000123CDE90223094ACDF800D06B46CDF8DE
:10398C0004D007F01EF9002805DB4FF48042002319
:10399C00684603F009FD05B05DF804FBE9AB0000D7
:1039AC0010B5064C23782BB94FF4A57007F0CEFD5B
:1039BC0001232370BDE8104001F06ABC921B00206B
:1039CC0030B4104B0C2202FB003301460020D3E92B
:1039DC0010521864EFF31180202484F31288BFF383
:1039EC006F8F9C6C04F0C00444F002049C6480F360
:1039FC001188BFF36F8F1DB12B46034830BC18479D
:103A0C0030BC7047401A0020FCBA0000012808B5F1
:103A1C0006D0032808D098B90F4B9B6C5B0719D1C3
:103A2C00BDE80840FFF7CCBF0C490D4A0D4840F2E9
:103A3C00FA2306F076FD40F2FA21094806F068FDFB
:103A4C000649074A07484FF4417306F06AFD4FF4E4
:103A5C004171F2E708BD00BF401A00208BDD000069
:103A6C00F1D30000EAC3000010B4EFF3118220235D
:103A7C0083F31288BFF36F8F1748016841F002047B
:103A8C000460C80707D482F31188BFF36F8F01203D
:103A9C0010BC01F0C9BA4FF08041D1F80C04D1F838
:103AAC000C14C907EFD5EFF3118083F31288BFF321
:103ABC006F8F0A498B6C03F0C00343F002038B64D5
:103ACC0080F31188BFF36F8F82F31188BFF36F8F70
:103ADC00002010BCFFF774BF981A0020401A002079
:103AEC002DE9F0414449BFF35B8F0646012251E8B2
:103AFC00003F41E800200028F9D1BFF35B8FA3B948
:103B0C003E493F484B60CB608A60FDF77DFE002844
:103B1C000BDA3C493C4A3D4840F2A32306F001FD38
:103B2C0040F2A321384806F0F3FC76B3731E012B48
:103B3C0058D8012E07D14FF08043D3F81C3403F032
:103B4C000303012B21D007F024FD0546F8B9304BB7
:103B5C001B78E3B14FF080430222C3F808230746D9
:103B6C00DFF8B0804FF08044D4F81824D4F818341F
:103B7C00D20315D503F00303012B01D0012E0FD175
:103B8C0055B387F31188BFF36F8FBDE8F081EFF366
:103B9C001187202383F31288BFF36F8F0125DFE792
:103BAC00ADB1384606F0B6FFD4F81835002BDBD192
:103BBC00D4F80421002AD7D0C4F80431D4F8043145
:103BCC000123C4F81835C8F88031A360CCE7002174
:103BDC00212004F027FBE7E74FF080430222C3F8D3
:103BEC000423D2E70C49084A084840F2B52306F0F2
:103BFC0098FC40F2B52195E73C1A00202C1A0020C5
:103C0C00601A0020DECA0000F1D30000EAC30000F5
:103C1C00961D002000E100E08BDD000010B5044C87
:103C2C002046FDF707F92046FFF786FD002010BD62
:103C3C00413C000073B5104E8DF807000446032577
:103C4C0001220DF10701002003F088F820B10123B7
:103C5C003370204602B070BD3378002BF9D0013D93
:103C6C0008D007F096FC0028EAD10021422004F08D
:103C7C00D9FAE5E73570ECE7931B002008B5074847
:103C8C0007F068FC38B10648FFF756FD0448FDF70D
:103C9C00D1F8002008BD6FF01200FBE734BB000028
:103CAC00B13C00000A2838B5074D044604D1AB6876
:103CBC000D215B6828469847AB6803485B68E1B206
:103CCC009847204638BD00BF34BB000010B50369CF
:103CDC0061B92049204A21484F2306F022FC204894
:103CEC0006F01FFC4F211C4806F012FC486850B926
:103CFC001C49194A1948502306F013FC1A4806F0BF
:103D0C0010FC5021EFE75868F8B1884219D19C6833
:103D1C0008685860A14200D19860002008602AB160
:103D2C005A680A609A68596002B99960002010E0DC
:103D3C00814206D10868206098688142EDD19C6070
:103D4C00EBE7044600680028F2D1002AE8D16FF0B6
:103D5C00150010BDB7D400007BD40000EAC30000EE
:103D6C00C0D40000CFD40000E1D4000008B5026834
:103D7C00530904D14FF0FF33D340DB070BD4074971
:103D8C000748084A4FF4747306F0CBFB05484FF410
:103D9C00747106F0BDFB4FF0A04008BD2BD50000A0
:103DAC00EAC30000F8D4000070B54468207C01F030
:103DBC001F0545EA4015A06886B0002871D0B2F501
:103DCC00001F04D1294601F0B9FE00204DE06068C7
:103DDC00667CC0F8246501A80026B2F5800F019618
:103DEC00466031D1B3F1007F14BF052304238DF855
:103DFC0004300023CDE904030393E368CB40D907D7
:103E0C0035D4B2F1A07F32D168460095FFF7AEFFF2
:103E1C0005F5E07350F82330DB0728D4A0686A4618
:103E2C00294601F02BFD163019D0CDF808D0A0682A
:103E3C0003AA294601F0D8FB002816DBA068012252
:103E4C00294601F0FBFDC0E7B3F1C06F05D0B3F11B
:103E5C00007F14BF01230223C9E70323C7E7A0682F
:103E6C00694601F0CBFD0028DFDA06B070BDA06812
:103E7C006A46294601F002FD0028D8D19DF80010B1
:103E8C00A06801F09FFD0028D1D007490748084AD7
:103E9C0040F2F11306F045FB054840F2F11106F033
:103EAC0037FB6FF08500E0E758C70000EAC300005D
:103EBC004ED50000430970B507D1124B596821B19A
:103ECC0001250C68104E854001B970BD8A682A40E6
:103EDC0010D04B6863B90D490D4A0E48742306F097
:103EEC0020FB0D4806F01DFB0948742106F010FB61
:103EFC00304698471CB1236821461C46E4E723460C
:103F0C00FAE700BF9C1A002018BB000022DD00005D
:103F1C007BD40000EAC30000E1D400002DE9F0439B
:103F2C00476840F206363B7CD00687B001F01F058F
:103F3C0002EA060645EA431554BFC2F340130323B5
:103F4C00B6F5837F14468DF8033044D00DD8062E79
:103F5C0016D005D8A6B1022E3FD06FF0150037E071
:103F6C00B6F5807FF9D101260AE040F20222964292
:103F7C0035D0B6F5407F34D0B6F5007FEDD10226B2
:103F8C000123220303FA01F12DD57B68C3F8081530
:103F9C00B86870BB03A80395FFF7E8FE84F4803380
:103FAC0000EB8500C3F30043C4F34044D0F8002772
:103FBC0044EA43049DF8033022F4E16244EA8304AA
:103FCC0022F0070244EA06231343C0F8003700200E
:103FDC0007B0BDE8F0830726D2E70426D0E7052614
:103FEC00CEE70326CCE7630344BF7B68C3F80C150C
:103FFC00CEE70DF10202294601F040FC14F4403FDB
:10400C00804617D1B868294601F0C4FCB8F1000FFE
:10401C00DDD19DF80210B86801F0D4FC0028D6D090
:10402C001E491F481F4AFC2306F07BFA1D48FC2141
:10403C0006F06EFA4FF0000901ABCDE90199CDE91C
:10404C000439CDF80C90B86803AA294601F0CCFAD3
:10405C004845BCDB14F4003314D084F480349DF850
:10406C0003308DF80E30C4F300448DF80C608DF8DD
:10407C000D40B8684B4603AA294601F067FB00289F
:10408C00C4DAA4E7CDE904330DF103030393B86854
:10409C0003AA294601F0A8FAF1E700BF58C70000AF
:1040AC00EAC300004ED5000038B54568A86890B149
:1040BC0001F056FC014670B9A86801F011FC0446E9
:1040CC0058B902460649A86801F0C0FB22460521F2
:1040DC000620FFF729F8002038BD6FF00400FBE73D
:1040EC00C13E0000B0B5416803460A6900AF044602
:1040FC00006901F03BFF054698B123686C4688B017
:10410C006A460949C2E905134FF400739383074BC0
:10411C0042F8103F064800234FF4E251FDF7CCFF64
:10412C00A5462846BD46B0BDA6D50000030000013B
:10413C0054BD000008B5CA0703690AD4C1F3420292
:10414C00012A09D0022A0FD0094A0A48012106F097
:10415C0003FC6FF0150006E01A684FF0CC70C2F843
:10416C0024051964002008BD1A684FF0CD60F6E7ED
:10417C00C6D5000054BD00002DE9F04186B00C46B8
:10418C0007699DF834801546002112220DF10600B6
:10419C001E4607F08EFABDF830208DF8052004F08D
:1041AC00010314F008028DF804300296049509D02E
:1041BC000C4A0D48012106F0CFFB6FF0850006B0CC
:1041CC00BDE8F081A10705D4B8F1000F07D1002B91
:1041DC00F3D1202201A9384601F07AFFEFE7402203
:1041EC00F8E700BFD8D5000054BD0000054A064BC7
:1041FC0093624FF040221A60012100220420FEF746
:10420C0093BF00BFB8110020A81A00202DE9F04F71
:10421C0089B002AFD0F810A0BB6043683A61D3F804
:10422C0020B09B8A7B614FF0FF324FF0FF33054685
:10423C000C4606F0C6FD0AF14003FB600023002289
:10424C000AF14000002603F0AFF833463A69964273
:10425C0001D3002341E0207A010700F196803A69EE
:10426C002168013696420BD2820709D4227D80EA5E
:10427C00020C0CF0010C02F004025CEA020C08D0F7
:10428C0023B901F06042B2F1005F3FD04FF000085B
:10429C0001E04FF001086268D7F814E003EB020C60
:1042AC00F44524D96C468CB0286802A93A4ECA61F0
:1042BC00C1E905637B690A46C1E9083040F2035342
:1042CC000B85364B42F8103F002335484FF45151C3
:1042DC00FDF7F2FE6FF01B03A54628467B6106F046
:1042EC0074FD7B691C371846BD46BDE8F08FC007CE
:1042FC0005D40BEB03007B6007F0CDF97B6862689B
:10430C001A4493B2B8F1000F28D1E3B9D4F8008065
:10431C00A3884FF00009BA68CAF85480217A009239
:10432C002846424600F062F8031ED6DB4FF480426A
:10433C00F868002303F038F840B1284606F058FD21
:10434C006FF07303C9E79946D846E4E7DAF85030C2
:10435C00002B1DDB237ADB0702D400230C3475E71A
:10436C00C345FAD123460AE0A9EB0201D8687B6069
:10437C001FFA81F918FA81F107F08DF97B685A68F8
:10438C009145A3F10C03EFD2E7E76FF08503A4E7A7
:10439C006FF00403A1E700BFFED50000060000018A
:1043AC005CBD000008B5CA0743680AD4C1F34201DA
:1043BC00012909D002290FD00A4A0B48012106F025
:1043CC00CBFA6FF0150006E09B6A1B684FF0CC72BD
:1043DC00C3F82425002008BD9B6A4FF0C8621B68F7
:1043EC00F6E700BFC6D500005CBD0000F0B589B093
:1043FC0047680C461646002112220DF10E001D4690
:10440C0007F057F904F001038DF80C30BDF8383083
:10441C008DF80D30BB8C0495AB4206960AD20A4837
:10442C0000930A4A2B46012106F0A9FA6FF01B00F3
:10443C0009B0F0BD84F00202C2F34002B86A520126
:10444C0003A902F071F8F3E75CBD0000E4D60000AC
:10445C00B0B5456800AFAB6904469847E8690121DF
:10446C0006F0B7FC2A69A86A2346294601F098FF92
:10447C00002817DA23686C4688B06A460C49C2E9F2
:10448C0005134FF4007393830A4B42F8103F0A480C
:10449C0000234FF4E251FDF70FFE6FF00400A54628
:1044AC00BD46B0BD204606F0BBFC0020F8E700BFBF
:1044BC00A6D50000030000015CBD000008B5026831
:1044CC00530904D14FF0FF33D340DB070BD407491A
:1044DC000748084A4FF4747306F023F805484FF464
:1044EC00747106F015F84FF0A04008BD2BD50000F4
:1044FC00EAC30000F8D400002DE9F04FDFF854B106
:10450C0085B01546824600EB810840F2FF19D04574
:10451C0003D1002005B0BDE8F08FDAF800305A0462
:10452C00C3F3C321C3F3080400F18E804A4A1B0E67
:10453C00575C4C4508BF4FF0FF34192B00F28780B5
:10454C00DFE803F00D141A1D20261D8585858535A1
:10455C006185858585858585858564797C7FC5F8AC
:10456C000C45631C5CD10AF1040AD0E7C5F814456C
:10457C00661CF8D000265CE0C5F80845F1E7C5F8E4
:10458C001045F5E7601CC5F80845ECD0002604E0A2
:10459C00611CC5F80C45E6D0012603A80394FFF76F
:1045AC008DFF012101FA04F3C0F80C3508E0C5F8C1
:1045BC000845002FDCD1631CD5D0002631460627D8
:1045CC00DAF80030019303F40040002818BF0021F2
:1045DC0003A8009118BF01260394FFF76FFF019BFE
:1045EC00009900EB8400C3F3412CD0F800473B0248
:1045FC0043EA8C030B4304EA0B04234343EA4603CC
:10460C00C0F80037AFE7C5F80C45D2E7C5F86045F0
:10461C00621CDAF80030A6D0C3F30043002BBBD0E9
:10462C0003A80394FFF74AFF012606FA04F3C0F827
:10463C0008353146C4E7C5F86445E9E7C5F868456F
:10464C00E6E7C5F86C45E3E76FF0150062E76FF03D
:10465C0085005FE7F0F8FCFF2BD700002DE9F04157
:10466C00044647680D4606F094FF88B14FF02008C9
:10467C00EFF31186314688F31288BFF36F8F6068B1
:10468C0006F006FC50BB86F31188BFF36F8FEFE783
:10469C001F4B1B78002BE9D04FF020086426606874
:1046AC0006F0F6FB70B9012006F047FC013EF6D18E
:1046BC000021212003F0B6FDF0E786F31188BFF34B
:1046CC006F8FF5E7EFF31186314688F31288BFF34D
:1046DC006F8F606806F0DCFB0028EED0BB691D70A4
:1046EC006368BA691B680020C3F844250122C3F82B
:1046FC004825C3F82001D3F82041C3F85801D3F85A
:10470C0058019A6081F31188BFF36F8FBDE8F08177
:10471C00961D00202DE9F0410022054601210220C2
:10472C00FEF702FD0220FEF7E3FC6C680121E06855
:10473C0006F0DFFB6B681A682369C2F82435637DC9
:10474C00217D0B43C2F86C356F68D7E9004313F039
:10475C00010340D0D5F8108004F10C0108F10802D7
:10476C0004F5907006F026FC061E07DA274A284846
:10477C00012106F0F1F83046BDE8F08198F8080008
:10478C0000F0FCFB0823C4F80035BB69C4F84435C1
:10479C000023C4F848350123A360D4F85831002B0A
:1047AC00FBD00021C4F800156D682C68E86806F091
:1047BC00A0FB0823C4F800352A7A52B9EB69C4F877
:1047CC0034350123C4F83835C4F81021D4F810213D
:1047DC0023600026CFE70822C4F80025BA69C4F884
:1047EC004425C4F848350123A360D4F82031002BAC
:1047FC00FBD00023C4F82031D4F820310123E3602E
:10480C004FF48073C4F80433C7E700BF33D70000FC
:10481C009CBD000070B40E49D1E90034D01AC31805
:10482C0044F10004C2F30E06C1E90034A6F580532E
:10483C00B3F5C04F09D2074B1B685A0CDB039C190C
:10484C00054B42F10005C3E9004570BC04F078B992
:10485C0068170020181B002070170020E0B1BFF370
:10486C005B8F0E4B53E8001F41F0020143E800122E
:10487C00002AF7D1BFF35B8F094A4FF40033C2F81B
:10488C000433084ABFF35B8F1268BFF35B8F920748
:10489C0044BF054AC2F80031704700BF141B00200A
:1048AC00001001400C1B002000E100E00C4BBFF39A
:1048BC005B8F53E8000F20F0020243E8002100292F
:1048CC00F7D1BFF35B8F074B4FF40032C3F80823CB
:1048DC00BFF35F8FBFF36F8FC0F34000704700BF13
:1048EC00141B00200010014030B5144B1868410C0B
:1048FC00C003BFF35F8F124BD3F8043547F6FF723A
:10490C0093420AD10F4AD2E90045844275EB010269
:10491C0009D3C01841F1000130BD181841F1000154
:10492C00B3F5006FF8D2074BD3E90023904271EB3B
:10493C000303F1D210F50040ECE700BF181B002078
:10494C0000100140701700202DE9F743374CD4F8C4
:10495C000433D90319D540230022990810290CD10E
:10496C00D4F84031002B41D00023C4F84031D4F8A6
:10497C0040314FF480324423EFE70433502BECD119
:10498C001AB12B4A136801331360D4F804339A0319
:10499C0029D5BFF35B8F274B53E8002F22F0020180
:1049AC0043E800100028F7D1BFF35B8F930702D4C4
:1049BC00D4F84431BBB10025C4F84451D4F8443187
:1049CC00FFF792FFEFF31182202383F31288BFF3DA
:1049DC006F8F194BD3E90667B042B94108D282F305
:1049EC001188BFF36F8F03B0BDE8F0834423B4E7A5
:1049FC004FF0FF384FF0FF39C3E90689D3E90410B3
:104A0C001D614FF40033C4F84833C4F84451D4F852
:104A1C00443182F31188BFF36F8F0029E3D00090EB
:104A2C0032463B4601208847DDE700BF00100140BD
:104A3C00181B00200C1B0020481700202DE9F74FF5
:104A4C000D461F46044601929DF83080FFF72EFF5D
:104A5C000090FFF749FFA04271EB05034CD2201ADE
:104A6C0044F2010365EB0101984271F1000146D259
:104A7C00324BD3E906239D4208BF944255D0304BAC
:104A8C004FF4003E4FF00009C3F848E3C4F30E0C9A
:104A9C00C3F84491D3F84421032062466FF0020A14
:104AAC0043F6FD7BC2F30E01002908BF0122C2F3BD
:104ABC000E01C3F84415C3F844E3D3F80465AAEB1C
:104ACC0006011144C1F30E0159452ED9D3F84421E6
:104ADC0062B1D3F80465A6EB0C02C2F30E02B2F578
:104AEC00804F22D9C3F84491D3F84421B8F1000F78
:104AFC0005D182190130D5E7B8F1000F08D06FF05D
:104B0C0015040098FFF7AAFE204603B0BDE8F08F0D
:104B1C000C4BBFF35B8F53E8001F41F0020143E8DD
:104B2C000012002AF7D1BFF35B8F044B019AC3E943
:104B3C000645C3E904270024E3E700BF481700201B
:104B4C00001001400C1B00207FB5284C284BC4F8EA
:104B5C000833C4F84833274B274A00254FF0FF3061
:104B6C004FF0FF314FF48036C4F80855C3E9020109
:104B7C00C4F80463C3E906014FF40033C4F80433EA
:104B8C000121C2F8803111202A46FEF7CDFA1120FE
:104B9C00FEF7AEFA0123A3602360184B03221A60C0
:104BAC000021174A00952B4643F6FF70FFF746FF8E
:104BBC000220FEF795FF134A13491368134823F09C
:104BCC000103136047F6FF73C4F844630DF10F0241
:104BDC00C4F8403506F0EEF9002804DB9DF80F0010
:104BEC0000F0CCF9284604B070BD00BF00100140A5
:104BFC0001000F004817002000E100E0141B00200A
:104C0C0021480000101B00200810014040110140F9
:104C1C00421C13B5034643F6FF7020D08342A8BF55
:104C2C000346012B1C46B8BF0124FFF75DFE0E4B5B
:104C3C00D3E90021801AB0F5804F43F6FF7310D2F0
:104C4C002044984228BF184680184FF00003074AAA
:104C5C00009341F10001FFF7F1FE02B010BD0446D4
:104C6C00E3E71846F0E700BF681700202148000072
:104C7C0008B5FFF739FE024B1B68C01A08BD00BF10
:104C8C00681700204FF0704393F8E02F062A09D1E3
:104C9C00D3F8E83FC3F30313033B042B02D8024AB7
:104CAC00D05C7047002070477FD70000024AD2F8D2
:104CBC000034002BFBD0704700E0014010B506F02B
:104CCC002BF940B14FF080538E4AD3F82433C3F301
:104CDC000423C2F84035FFF7D5FF10B18A4B8B4A3D
:104CEC005A6706F019F948B14FF080534FF08042E3
:104CFC00D3F84432C3F34233C2F83C35FFF7C2FF5A
:104D0C0030B1834AD2F8FC3023F08073C2F8FC3007
:104D1C0006F002F940B14FF080430022C3F80C2199
:104D2C00C3F81021C3F83825FFF7ACFF20B14FF0C2
:104D3C0080430322C3F8A025FFF7A4FF60B1754B95
:104D4C000522C3F810260122C3F888260022C3F8D6
:104D5C0018263F22C3F814264FF08053D3F8302185
:104D6C00511C09BF4FF07043D3F8343193F8E02F46
:104D7C00D3F8E83F08BFC3F30313062A4DD1033B16
:104D8C00042B03D8644AD35C002B46D04FF08052DE
:104D9C00624BD2F80414C3F82015D2F80814C3F8E7
:104DAC002415D2F80C14C3F82815D2F81014C3F833
:104DBC002C15D2F81414C3F83015D2F81814C3F803
:104DCC003415D2F81C14C3F84015D2F82014C3F8CB
:104DDC004415D2F82414C3F84815D2F82814C3F893
:104DEC004C15D2F82C14C3F85015D2F83014C3F863
:104DFC005415D2F83414C3F86015D2F83814C3F82B
:104E0C006415D2F83C14C3F86815D2F84014C3F8F2
:104E1C006C15D2F84424C3F8702506F07DF848B11F
:104E2C004FF080534FF08042D3F8583203F04F03C9
:104E3C00C2F8E43E06F070F848B14FF08043D3F866
:104E4C000024D20744BF6FF00102C3F800244FF0D6
:104E5C008053D3F83021062A26D1D3F83431033BC2
:104E6C00042B02D82E4AD35C63B12E4AD2F83C37BD
:104E7C0043F48063C2F83C374FF08053D3F83031A1
:104E8C00062B11D14FF08053D3F83431033B042B54
:104E9C0002D8254AD35C3BB14FF01023D3F808223B
:104EAC004FF08043C3F858254FF01023D3F800225D
:104EBC00002A03DBD3F80432002B22DA1B4901232E
:104ECC004FF01020C1F804351524FFF7EFFEC0F8A1
:104EDC000042FFF7EBFEC0F80442FFF7E7FE0023A9
:104EEC00C1F80435FFF7E2FEBFF34F8F0849104BB2
:104EFC00CA6802F4E0621343CB60BFF34F8F00BF6C
:104F0C00FDE710BD0030014000C007400DF0ADBA08
:104F1C0000ED00E0005000407AD7000000C00040D7
:104F2C0075D700000010004070D7000000E0014071
:104F3C000400FA05014B1860704700BF1C1B0020D1
:104F4C0010B50A4B1868144648B9094909480A4A69
:104F5C003B2305F0E6FA08483B2105F0D9FA05F0A9
:104F6C00EEFF0028A4BF2070002010BD1C1B0020E9
:104F7C00C0D70000EAC3000084D70000024A012316
:104F8C008340C2F80435704700F00140014B00200B
:104F9C001B681847201B0020014B1B68184700BFDB
:104FAC00201B002010B50C4C237993B901232371DD
:104FBC000A4B2060002818BF184600F0DBF850B9E7
:104FCC0023680748002BBDE8104008BF184600F0C6
:104FDC004DB96FF0770010BD201B0020994F0000D9
:104FEC00A54F000008B50C4B1A794AB90B490C486F
:104FFC000C4AB12305F095FA0A48B12105F088FA5C
:10500C001B683BB10020FEF781F818B9BDE80840D9
:10501C00FEF76EB808BD00BF201B002013D800009F
:10502C00EAC30000D6D7000008B5124B1B795BB958
:10503C001149124A124840F2051305F072FA40F277
:10504C0005110E4805F064FA58B101280DD00D4930
:10505C000A4A0B484FF4927305F063FA4FF49271BD
:10506C00EFE7BDE8084000F013B9BDE8084000F0D8
:10507C0095B800BF201B002013D80000D6D7000025
:10508C00EAC300008BDD000008B5124B1B795BB93D
:10509C001149124A124840F22B1305F042FA40F221
:1050AC002B110E4805F034FA28B1012807D1BDE8C0
:1050BC00084000F0A1B8BDE8084000F059B9094912
:1050CC00064A07484FF4A57305F02BFA4FF4A57167
:1050DC00E7E700BF201B002013D80000D6D7000044
:1050EC00EAC300008BDD00004FF08053D3F8302171
:1050FC00511C09BF4FF07043D3F8343193F8E02FB3
:10510C00D3F8E83F08BFC3F30313062A05D1033BCA
:10511C00042B04D8034AD05C704700207047012050
:10512C00704700BF74D8000038B54FF0804401239D
:10513C00C4F8083363600023C4F80031D4F800319C
:10514C0042F21075D4F80C24D4F80C34D20307D5E1
:10515C00DB0705D5012005F0F0FE013DF2D138BD8D
:10516C00FFF7C2FF0028FAD0014B00225A71F6E774
:10517C00281B002038B5084C25794DB90123206037
:10518C002371FFF7B1FF08B9002038BD6571FBE74B
:10519C006FF07700F9E700BF281B002008B5124913
:1051AC000B794BB911491248124A772305F0B9F91A
:1051BC001048772105F0ACF94FF080430022C3F87A
:1051CC000021D3F8002101221A60096811B1C3F83B
:1051DC00042308BDD3F80021002AFBD00022C3F819
:1051EC000021D3F80031F4E7281B002013D800006D
:1051FC00EAC3000031D8000008B5084B1B794BB945
:10520C0007490848084A892305F08BF90648892183
:10521C0005F07EF9BDE80840FFF786BF281B00208B
:10522C0013D80000EAC3000031D8000010B54FF0CD
:10523C008043D3F80423D20715D5D3F8002192B1BB
:10524C000022C3F800210124D3F80021C3F808433D
:10525C00FFF74AFF044B10B15A7922B95C71BDE8D3
:10526C0010401B68184710BD281B0020074A1379F3
:10527C0043B90121106011714FF080421846C2F8F9
:10528C00183570476FF07700704700BF301B002057
:10529C0010B5324C23794BB931493248324AE523A7
:1052AC0005F03FF93048E52105F032F94FF0804325
:1052BC00D3F81814D3F81824C90337D502F0030314
:1052CC00012B03D00BB105F092FE00234FF080426E
:1052DC00C2F818350023C2F80431D2F804314FF06B
:1052EC008053D3F83021511C09BF4FF07043D3F8D1
:1052FC00343193F8E02FD3F8E83F08BFC3F303131E
:10530C00062A08D1033B042B02D8184AD35C13B1EC
:10531C008A2005F012FE4FF0804301229A60226829
:10532C0072B9D3F80421002AFBD011E0D3F814246D
:10533C00D207CAD5D3F81C249007C4D422681AB15A
:10534C000222C3F8042310BDD3F80421002AFBD099
:10535C000022C3F80421D3F80431F4E7301B0020F9
:10536C0013D80000EAC3000079D80000BCD80000B4
:10537C0008B5094B1B795BB908490948094A4FF430
:10538C00917305F0CEF807484FF4917105F0C0F811
:10539C00BDE8084005F02BBE301B002013D80000E0
:1053AC00EAC3000079D80000F8B54FF080431F4FD6
:1053BC00D3F80443012504F01A04002604B9F8BDFF
:1053CC00B4FA84F0C0F11F00830003F580739BB224
:1053DC0003F1804305FA00F2196824EA020400295B
:1053EC00ECD01E601B684FF080430128C3F80823E3
:1053FC000FD1D3F81824D3F81824920702D03B68A5
:10540C009847DBE70222C3F81805C3F80423986019
:10541C00D4E707490748084A4FF4F57305F081F8BB
:10542C0005484FF4F57105F073F800BF301B0020F0
:10543C008BDD0000EAC3000079D800004FF08053E8
:10544C00D3F83021511C09BF4FF07043D3F83431DD
:10545C0093F8E02FD3F8E83F08BFC3F30313062AF1
:10546C0005D1033B042B04D8034AD05C70470020C1
:10547C0070470120704700BF7FD9000008B5026853
:10548C000146104605F0CCFD58B90F490F4A10489B
:10549C004FF4747305F045F84FF474710B4805F034
:1054AC0037F802F01F0352090B6009D00949074A6B
:1054BC00074840F2D93305F034F840F2D931EDE722
:1054CC004FF0A04008BD00BF2BD50000F8D4000061
:1054DC00EAC300008BDD0000072808B50BD908498A
:1054EC000848094A40F2A73305F01BF8064840F279
:1054FC00A73105F00DF8800000F5807008BD00BFE5
:10550C00F6D80000EAC30000C1D8000010B5CBB239
:10551C0000EB43039A8AD1051BD5C2F3432122F435
:10552C00F8529A8200F1520400F1120232F8023F52
:10553C0013F4807F03D0C3F34323994209D09442E0
:10554C00F4D100EBC10300225A60583005F015FD70
:10555C0000B910BD05490648064A4FF4DB7304F048
:10556C00E0FF04484FF4DB7104F0D2FF58C7000091
:10557C00EAC3000000D9000073B5CEB200EB4606BA
:10558C000546B38ADB070C4628D505F028FE2146D4
:10559C00284605F04FFD48B1B28A2B68520B03EB3D
:1055AC0082030022C3F81025C3F810252846214693
:1055BC000025FFF7ABFFB58201A80194FFF75EFF52
:1055CC00019B00EB8300074BD0F80027134043F0FE
:1055DC000203C0F80037284602B070BD6FF015000A
:1055EC00FAE700BFF0F8FCFFF0B50D4685B01646A3
:1055FC00044658B952495348534A40F25E4304F0AA
:10560C0090FF514840F25E4104F082FF1768CFB121
:10561C0005F01EFD00BBCDE900008DF80E008DF8E5
:10562C000F003B460DF10F020DF10E01284605F05F
:10563C0039FDEAB204EB4202938A23F0020343F0F1
:10564C0001039382736853B3294620461A785F6826
:10565C0005F0F7FC18B1CFB16FF0150022E0E9B2FC
:10566C0004EB41018B8A23F4604323F020038B82EB
:10567C0067B1032AF0D8736858682368077803EB7E
:10568C0087038AB9C3F81025C3F81025E9B204EBD7
:10569C0041018B8A23F01C0343EA82038B82B3689B
:1056AC004BBB002005B0F0BDD3F8100520F0030073
:1056BC00C3F81005206800EB8700D0F8103523F4F0
:1056CC00473323F44073C0F810352B02D0F810C5C3
:1056DC0003F4F85343EA024343EA0C03C0F81035D1
:1056EC0004EB4703A3F85C508B8A43EA473343F03F
:1056FC0020038B82CAE7D3E9006729462046FFF7CF
:10570C0005FF002ECDD063689E4206D004F15800F0
:10571C0005F015FC002804DAC4E7A3689F42F5D114
:10572C00002004EBC003C3E90167EDB204EB4505AF
:10573C00C0B2AB8A43EA402343F48073AB82B0E738
:10574C003ED90000EAC3000000D90000F0B50C46B9
:10575C0085B01E46054658B939493A483A4A4FF47D
:10576C008D6304F0DEFE38484FF48D6104F0D0FEFA
:10577C0012B305F066FC20B92146284605F05AFC08
:10578C0008BBE7B205EB4707BB8A13F01C0F02D02E
:10579C005378012B17D001238DF80F300023CDE95E
:1057AC0000230DF10F01931C2046013205F07AFC09
:1057BC00BB8A43F00303BB82002E3FD02146284610
:1057CC0005F03FFC18B96FF0150005B0F0BD377847
:1057DC002B6803EB87030022C3F81025C3F81025B0
:1057EC00E2B205EB42024FEA870C938A23F4604342
:1057FC0023F020039382707800B32968B678614453
:10580C000004D1F8103523F4981323F4F853C1F89D
:10581C001035230200F4403003F4F85303433005F1
:10582C00D1F8105500F4801003432B43C1F8103508
:10583C00938A43EA473343F0200393820020C4E762
:10584C003ED90000EAC3000000D9000008B558B9E1
:10585C0007490848084A40F2714304F062FE0648C2
:10586C0040F2714104F054FEC0E9031208BD00BFC0
:10587C003ED90000EAC3000000D9000010B5034671
:10588C000C4658B91249134A134840F27A4304F0B3
:10589C0048FE40F27A410F4804F03AFE4AB90F49EB
:1058AC000C4A0D4840F2233304F03BFE40F2233106
:1058BC00F1E705F0BFFB38B1E4B203EB4403002081
:1058CC009B8A5B0B137010BD6FF01500FBE700BFDC
:1058DC003ED9000000D90000EAC3000049D90000FD
:1058EC00F8B5054658B91B491B481C4A4FF491633F
:1058FC0004F017FE19484FF4916104F009FE90F87A
:10590C006C4024BB40222146143005F0D2FE2E6898
:10591C002746E0B2FFF7E0FDA0F580739B081F2B34
:10592C0008BF375004F1010408BF3358082CF0D1DC
:10593C000024C6F87C4146F30730D6F87C31FDF7DD
:10594C00D7FB012385F86C30AB652046F8BD6FF0B2
:10595C007700FBE73ED90000EAC3000000D9000045
:10596C0008B558B908490948094A40F28F4304F070
:10597C00D8FD074840F28F4104F0CAFD90F86C0046
:10598C00003818BF012008BD3ED90000EAC3000052
:10599C0000D9000008B558B907490848084A40F230
:1059AC009D4304F0BEFD064840F29D4104F0B0FD5D
:1059BC00BDE80840FFF7E0BD3ED90000EAC3000097
:1059CC0000D9000008B558B908490948094A40F2FD
:1059DC00A44304F0A6FD074840F2A44104F098FD4E
:1059EC00BDE80840044805F0C8BA00BF3ED9000025
:1059FC00EAC3000000D90000EC11002010B50C46E1
:105A0C0058B90A490A480B4A40F2AB4304F089FDE5
:105A1C00084840F2AB4104F07BFD074805F08FFAD3
:105A2C000028A4BF2070002010BD00BF3ED900008C
:105A3C00EAC3000000D90000EC1100202DE9F3416D
:105A4C000D461646044658B93749384A38484FF47B
:105A5C00A56304F066FD4FF4A561344804F058FDCD
:105A6C00CBB200EB43039A8A12F01C0F09D13149D7
:105A7C002E4A2F4840F2354304F053FD40F2354195
:105A8C00EBE705F0D7FA2768F0B12946204605F078
:105A9C00D8FA8046C0B9550B2846FFF71DFD47F8CC
:105AAC0000803B58236803EB8503D3F8102542F0A4
:105ABC000102C3F8102526B122680123AB40C2F8BD
:105ACC00043302B0BDE8F081D7F80423002AA4BF48
:105ADC004FF00042C7F804234EB91749134A144833
:105AEC0040F24F4304F01DFD40F24F41B5E79B8A55
:105AFC00C3F38203042B12D0052B12D001A80195FD
:105B0C00FFF7BCFC019BD0F81015D94001F0010146
:105B1C000231284602B0BDE8F04105F010BB03216C
:105B2C00F7E70221F5E700BF3ED9000000D90000DD
:105B3C00EAC3000053D9000074D9000008B558B965
:105B4C0007490848084A40F22F5304F0EAFC06487B
:105B5C0040F22F5104F0DCFCBDE8084005F03FBBDF
:105B6C003ED90000EAC3000000D900002DE9F04F37
:105B7C00074685B058B961496148624A40F25C6396
:105B8C0004F0CFFC5F4840F25C6104F0C1FC80463D
:105B9C00082258F8049BD9F80413C9B241F000410B
:105BAC00484605F0EFFA051E16DA0023012102A87B
:105BBC00029305F0D3FA4FF0010A029A92B94FF012
:105BCC000041484605F0DEFA012102A805F0C6FAAC
:105BDC000028F2D125F000450124002D78D105B024
:105BEC00BDE8F08F92FAA2F4B4FA84F407EB440304
:105BFC00E0089E8A039402ABB2081B5C019204F08D
:105C0C00070102AA0AFA01F123EA0103135403A8BB
:105C1C00FFF734FC039B019A03F5E073C6F3820B88
:105C2C0050F8233052075E46C3F3014332D5324657
:105C3C00214640465FFA83FB05F017FA03A803944C
:105C4C00FFF71CFC039B03F5E07350F82330C3F300
:105C5C0001439B4507D10021204605F070FA5946B7
:105C6C00204605F06CFA03A80394FFF707FC039B8E
:105C7C000AFA03F3C0F820350446FFF7DFFB0028CF
:105C8C009BD0D4F82035D4F82035D4F82035D4F86E
:105C9C00203592E7022B0DD10321204605F04FFA57
:105CAC000BF00503012BDED132462146404605F0B0
:105CBC00DCF9D8E702212046019305F040FABBF14C
:105CCC00030FF1D0019B032BCDD1BBF1020FEAE7FF
:105CDC0095FAA5F3B3FA83F304FA03F225EA020565
:105CEC0003F5A27207EB430359F82220B3F85C10BA
:105CFC00C2F30142404605F0B8F96EE73ED9000008
:105D0C00EAC3000000D9000010B548B91049114889
:105D1C00114AA42304F005FC0F48A42104F0F8FB5D
:105D2C00CB7B33B9D1E900420368C3F80845C3F80B
:105D3C000C2503688A68C3F82425436833B10068CE
:105D4C00BDE8104040F30730FDF7D2B910BD00BFDD
:105D5C003ED90000EAC3000084D9000038B54409DC
:105D6C0014D14FF0FF34C440E4070FD5800000F18C
:105D7C00A0400C4CD0F800572C4044EA032444EAD1
:105D8C00820242EA4101C0F8001738BD06490748B3
:105D9C00074A4FF4747304F0C4FB05484FF4747154
:105DAC0004F0B6FBF0F8FCFF2BD50000EAC30000B2
:105DBC00F8D4000013B5394B01930023C0F804311B
:105DCC00D0F80421C0F82431D0F82421C0F81C31BB
:105DDC00D0F81C21C0F80831D0F80821C0F80032E6
:105DEC004B6381F82F300123036291F82D209A42E6
:105DFC0018BF83604B6B8A6A934204460ED24A6A80
:105E0C00D35CC0F81C350B6803B340F286238B605F
:105E1C008B68C4F80433002002B010BD91F82C300C
:105E2C0013B10123C361EEE70B6A13F0400F4FF07F
:105E3C00010316BFC361436181F82D30E3E72046AF
:105E4C0005F0F2F928B1019B013B0193019B002B5A
:105E5C00F5DC91F82F0058B9019B002BDCDC0023FA
:105E6C00C4F800350523C4F800356FF08B00D3E778
:105E7C00D4F8C434C4F8C43463B19A075ABF03F0DD
:105E8C0001008C386FF0040013F0040F18BF6FF092
:105E9C000A00E1E76FF08B00DEE700BFA08601008F
:105EAC0013B5314B01930023C0F80431D0F8042111
:105EBC00C0F82431D0F82421C0F81C31D0F81C21B2
:105ECC00C0F80831D0F808214B6381F82F308B6A69
:105EDC00012B044617D10B6A580614D40223C4F8BC
:105EEC0000320123236291F82D20022A18BF23606F
:105EFC000B688BB140F286238B608B68C4F804333B
:105F0C00002002B010BD0123E9E7204605F08CF912
:105F1C0028B1019B013B0193019B002BF5DC91F80F
:105F2C002F0058B9019B002BEBDC0023C4F8003583
:105F3C000523C4F800356FF08B00E2E7D4F8C434C5
:105F4C00C4F8C43463B19A075ABF03F001008C380B
:105F5C006FF0040013F0040F18BF6FF00A00E1E7B4
:105F6C006FF08B00DEE700BFA086010070B50D4618
:105F7C00044600B149B92049204A2148BB2304F00A
:105F8C00D0FABB211D4804F0C3FA90F8321079BB4B
:105F9C00C0E90123C16080F8311080F8351080F819
:105FAC0034106B7B80F83C30AE7B80F83D60B6B92A
:105FBC00D5E90003984207D11249104A1048E8234A
:105FCC0004F0AFFAE821DDE7062303223146FFF7A0
:105FDC00C5FE6868062303223146FFF7BFFE204644
:105FEC002946FFF791FE012384F83230002070BD62
:105FFC006FF07700FBE700BFBFD9000084D9000029
:10600C00EAC30000D6D9000008B558B91049114AA6
:10601C0011484FF49A7304F084FA4FF49A710D48B6
:10602C0004F076FA90F83230012B09D00B49094A6A
:10603C0009484FF49C7304F074FA4FF49C71EEE72A
:10604C0003680522C3F80025022380F8323008BD0E
:10605C003ED9000084D90000EAC30000F5D9000045
:10606C0008B558B91549164A164840F2431304F0BE
:10607C0058FA40F24311124804F04AFA90F83230C0
:10608C004BB911490E4A0F4840F2471304F049FA34
:10609C0040F24711EFE703680C4AC3F80823D3F822
:1060AC00002222F00302C3F800220022C3F80025CC
:1060BC00012380F8323080F8342008BD3ED900002E
:1060CC0084D90000EAC300001FDA000086420400F5
:1060DC002DE9F0410D461646044658B93B493C4A59
:1060EC003C4840F2B32304F01CFA40F2B321384888
:1060FC0004F00EFA90F83230022B00F104080DD1A6
:10610C00CB680BB94B684BB92B690BB9AB682BB986
:10611C0063686BB92B78023B012B09D82E492C4AAA
:10612C002C4840F2B92304F0FCF940F2B921DEE727
:10613C0094F83130D4F800E0012B05D12B78012BE9
:10614C0007D16FF076000FE0022B02D12B78012BD8
:10615C00F7D1224BCEF8083394F8343033B1E368DE
:10616C00CEF804336FF00F00BDE8F08186F0040325
:10617C00C3F3800384F834306662AC46BCE80F008D
:10618C0004F110070FC7DCF800303B606B68E3626A
:10619C00EB68A3626B78CEF888352B78012B10D086
:1061AC006BB9C6F3401684F8306041467046FFF771
:1061BC0001FE6368002BD7D184F83430D4E7012674
:1061CC00F1E741467046FFF76BFEF2E73ED900005F
:1061DC0084D90000EAC300004BDA000086420400B8
:1061EC002DE9F041044686B058B931493148324A5C
:1061FC0040F2E12304F095F92F4840F2E12104F03C
:10620C0087F9014651F8048B404605F00DF800283B
:10621C0046D194F83350FDB9227C931E012B1BD828
:10622C00A06AE369984217D1236AA362A369E36267
:10623C00636A84F83150C3F34013032A84F8303076
:10624C00404604D106B0BDE8F041FFF7B3BD06B03F
:10625C00BDE8F041FFF724BE04F110070FCF01AEEB
:10626C000FC63B68336065B1D8F8C454C8F8C45441
:10627C00A90718D46A0718D405F00105C5F104055F
:10628C00EDB2002384F83430636A8DF800505B075C
:10629C0002D594F833301BB1D4E9013168469847E4
:1062AC0006B0BDE8F0810125EBE70225E9E700BF68
:1062BC003ED90000EAC3000084D900004FF080539F
:1062CC00D3F83021511C09BF4FF07043D3F834314F
:1062DC0093F8E02FD3F8E83F08BFC3F30313062A63
:1062EC0005D1033B042B04D8034AD05C7047002033
:1062FC0070470120704700BF2EDD000038B54409FF
:10630C0014D14FF0FF34C440E4070FD5800000F1E6
:10631C00A0400C4CD0F800572C4044EA032444EA2B
:10632C00820242EA4101C0F8001738BD064907480D
:10633C00074A4FF4747304F0F4F805484FF4747181
:10634C0004F0E6F8F0F8FCFF2BD50000EAC30000DF
:10635C00F8D4000038B5857B0446C5B9D0E90003F4
:10636C00984209D10B490C480C4ADB2304F0D9F8AC
:10637C000A48DB2104F0CCF8062303222946FFF758
:10638C00BDFF6068062303222946FFF7B7FF0120F3
:10639C0038BD00BF08DC0000EAC30000CCDB000005
:1063AC0038B50D46044600B149B9194919481A4A7D
:1063BC00EF2304F0B6F81848EF2104F0A9F890F890
:1063CC002610F1B9C0E90123C16080F8291080F8CA
:1063DC002810AB7B80F82B302846FFF7BBFF98B119
:1063EC006B7B84F82A30FFF769FF08B1AB68E36276
:1063FC002046294605F01CF8012384F8263000209D
:10640C0038BD6FF07700FBE76FF01500F8E700BFC1
:10641C00BFD90000EAC30000CCDB000008B558B9B6
:10642C001049114A114840F2971304F07AF840F2DF
:10643C0097110D4804F06CF890F82630012B09D018
:10644C000B49094A09484FF4CD7304F06AF84FF42C
:10645C00CD71EEE703680622C3F80025022380F80D
:10646C00263008BD3ED90000CCDB0000EAC300009A
:10647C00F5D9000008B558B92549264A26484FF4E5
:10648C00D27304F04EF84FF4D271224804F040F865
:10649C0090F826304BB921491E4A1F484FF4D4734B
:1064AC0004F03FF84FF4D471EFE702680023C360A7
:1064BC001B4BC2F80833D2F8003223F4BC53C2F899
:1064CC0000324FF08053D3F83011B1F1FF3F09BFC8
:1064DC004FF07043D3F8343193F8E01FD3F8E83F12
:1064EC0008BFC3F30313062908D1033B042B02D8BE
:1064FC000C49CB5C13B10923C2F800350023C2F858
:10650C000035012280F8262080F8283008BD00BF15
:10651C003ED90000CCDB0000EAC300001FDA00000B
:10652C0002029C0133DD00002DE9F84F0E461746A0
:10653C00054658B9AF49B04AB0484FF4257303F03B
:10654C00F0FF4FF42571AC4803F0E2FF90F82630D1
:10655C00022B09D0AA49A84AA8484FF4267303F085
:10656C00E0FF4FF42671EEE743686BB90B78023B02
:10657C00012B09D8A349A04AA04840F29B2303F061
:10658C00D0FF40F29B21DEE7002385F827307368AB
:10659C002C6833B1F36803F06043B3F1005F40F053
:1065AC0092813378023B012B06D8336903F06043A8
:1065BC00B3F1005F40F08781934BC4F8083395F832
:1065CC00282002F0FF033AB1EB68C4F804336FF0F3
:1065DC000F084046BDE8F88F17F0140F0CBF0122CE
:1065EC00002285F82820327885F82420727885F8E6
:1065FC002520F2682A6172686A613269AA61B26800
:10660C00EA61C7F3001285F829202F627278C4F86A
:10661C008825C4F86031D4F86021C4F84831D4F826
:10662C004821C4F82431D4F82421C4F80431D4F816
:10663C00043117F0010318BF0123C4F8503517F0CB
:10664C00020318BF0123C4F840353378032B00F242
:10665C00AB80DFE803F088A0740217F01C0F09D0A0
:10666C006A49654A65484FF4027303F05AFF4FF4C8
:10667C00027168E74FF48073C4F80032D5E9042343
:10668C00C4F84425C4F848350123A3604FF48011A5
:10669C00204604F0A3FE0028F8D1D5E90623C4F85F
:1066AC004425C4F848354FF48023EB604FF00008C4
:1066BC0017F008096A6810D13378032B0DD0012B21
:1066CC0040F08A802360002A71D072686B6822B90E
:1066DC00002B00F0D680012363616B68002B00F067
:1066EC00D080780744BF0023EB6079065EBFEB686F
:1066FC0043F00203EB60EB6843F40073EB60EB6870
:10670C00C4F80433FFF7DAFD00283FF462AFB9F1A7
:10671C00000F00F0AA803378012B00F0A680002334
:10672C00C4F85035C4F84035C4F82435C4F8503199
:10673C00D4F850314FF48013C4F8043349E7D5E949
:10674C000423C4F84425C4F84835D5E90623C4F815
:10675C003425C4F838354FF48453C4F8003201237F
:10676C0023620223A1E7D5E90423C4F84425BA0621
:10677C00C4F848354BBF4FF480734FF40073C4F822
:10678C000032C4F800324CBF4FF480230223EB607C
:10679C00012323628AE7D5E90423C4F83425C4F81D
:1067AC0038354FF48053D8E76FF0150880E76A69E5
:1067BC0002B963611649DFF85CA04FF0010B20466B
:1067CC0004F00CFE10F4007F18BFC4F814B010EAEB
:1067DC000A0F0F49F3D078E70123A360002A7FF456
:1067EC0074AF6A6922B1DFF82CA04FF0000B18E0EF
:1067FC006361F8E73ED90000CCDB0000EAC300007F
:10680C002FDC000058DC000002029C01D8DC0000E8
:10681C0002020400020004000123236263614FF0B2
:10682C00000B1BEA0A0F7FF450AF2849204604F0F6
:10683C00D5FD10F4007F8346F3D04FF080712046D5
:10684C0004F0CCFDD4F800220028E5D012F400713D
:10685C0003D1012323628B466361D305E1D54FF449
:10686C008021204604F0BAFDD9E7ED6AFFF726FD3A
:10687C0020B1B5F1C86F08BF4FF0C465C4F82455FA
:10688C00A7E6D4F8C434C4F8C434002285F8282010
:10689C006BB19A075ABF03F00108A8F18C086FF08E
:1068AC000D0813F0040F18BF6FF00A0891E67B0671
:1068BC003FF58FAE291D204604F04EFD002808BF81
:1068CC006FF08B0885E66FF00C0882E6020204007C
:1068DC0070B5044686B058B98649874A874840F255
:1068EC00C12303F01EFE40F2C121834803F010FEC9
:1068FC000568FFF7E3FC78B34FF48011284604F0E9
:10690C006DFD48B34FF48013C5F80833D5F8243522
:10691C0013BBC5F800350623C5F80035FFF7CEFCD0
:10692C00E36A20B1B3F1C86F08BF4FF0C463C5F878
:10693C002435236A13F0010318BF0123C5F8503521
:10694C00236A012213F0020314BFC5F84025C5F8D1
:10695C004035AA6006B070BD63684BB96849664A99
:10696C00664840F2EA2303F0DCFD40F2EA21BCE782
:10697C000221284604F032FD4FF4007106462846E9
:10698C0004F02CFDC8B1D6B9E368C5F8083302236E
:10699C00E360E368C5F804334FF08071284604F0D7
:1069AC001DFD18B1D5F800329B0502D401232B62D2
:1069BC006B61012384F82730CCE7002E6AD0236A60
:1069CC005E060AD494F827303BB9211D284604F002
:1069DC00C3FC80F0010084F82700236A13F0040341
:1069EC0024D1C5F86031D5F86021C5F85C31D5F8F3
:1069FC005C3194F829301BB194F82730002B55D01A
:106A0C000023C5F80032E3603E4BC5F8083345F36C
:106A1C000733002B4ADB5A09012103F01F0399406D
:106A2C0002F16003384A42F823103FE0FFF746FCBE
:106A3C0070B194F82430012B0AD00023C5F85035DE
:106A4C00C5F84035C5F824354FF48013C5F8043328
:106A5C00D5F8C434C5F8C434980745D4590745D47F
:106A6C00DA0745D494F827309B00DBB28DF8003060
:106A7C0094F829300BB984F82830236A5B0704D5C5
:106A8C0094F82730002B3FF465AFD4E90131684608
:106A9C0098475FE74FF48021284604F09FFC94F858
:106AAC0024307BB994F82930002BAAD0A38CADF8F4
:106ABC0004302369049363690293A3690593E36922
:106ACC000393C5E74FF40073C5F8003240F202237C
:106ADC00E36003F1CE73C5F80833E368C5F80433FB
:106AEC000123AB602B6235E70123BFE70223BDE72F
:106AFC000323BBE73ED90000CCDB0000EAC3000057
:106B0C0020DD000002029C0100E100E008B50268F3
:106B1C00530904D14FF0FF33D340DB070BD40749A3
:106B2C000748084A4FF4747303F0FBFC05484FF414
:106B3C00747103F0EDFC4FF0A04008BD2BD50000A4
:106B4C00EAC30000F8D400002DE9F3410C460546D9
:106B5C0004F08FFC204604F08CFC01A80195FFF793
:106B6C00D5FF00EB85002C4FD0F80037019440F294
:106B7C000D663B403343C0F8003701A8FFF7C6FF52
:106B8C0000EB8400D0F800373B403343C0F80037AB
:106B9C00042004F0D2F9012707FA04F80926AF40C3
:106BAC0001A80194FFF7B2FFD0F8103518EA030FD3
:106BBC0012D101A80195FFF7A9FFC0F80C750420AC
:106BCC0004F0BBF9284604F054FC013E042004F008
:106BDC00B4F916F0FF06E3D101A80194FFF796FF74
:106BEC00C0F80C85042004F0A8F9204604F041FC00
:106BFC00042004F0A2F901A80194FFF787FFD0F854
:106C0C001035E34013F0010F0CBF6FF08B00002028
:106C1C0002B0BDE8F08100BFF0F8FCFF08B5124BE4
:106C2C00A8220021184604F044FD032202610F49FA
:106C3C0042610F4A8161C2614FF4805202620022AC
:106C4C0082624262C26201660A4941661021816613
:106C5C00094902670346C266426711F8010D985450
:106C6C000132102AF9D108BD1010002038DD0000C7
:106C7C00100000200000002051DD00002DE9F84F2D
:106C8C00DFF87C80182606FB008E00FB0666464467
:106C9C00DEF82440DEF828C07368A4450746894610
:106CAC00154603EB040022D8DEF820B0ABEB040A47
:106CBC000AF1FF339A4203D804F0EDFC2C440FE0A8
:106CCC0063449A4219D852462C4404F0E4FCB4EBC9
:106CDC000B0405D07068224609EB0A0104F0DBFCBA
:106CEC00182303FB078301205C62BDE8F88F0CF1CD
:106CFC00FF3CACEB040C9445DED20020F5E700BF62
:106D0C0010100020F8B5144B182700FB07751D4414
:106D1C0007FB00330E46DB6A012B14460AD0022B0C
:106D2C0014D023B9284604F0B1FB844208D90024BE
:106D3C002046F8BD284604F0A9FB844228BF04462F
:106D4C0022463146284604F0AAFBF1E72846BDE866
:106D5C00F84004F0BFBB00BF10100020F8B50B4B7F
:106D6C001B78532B04460E46174601D0FFF756FFEF
:106D7C0004F0DFFB3A46054631462046FFF7C2FFDA
:106D8C000446284604F0DDFB2046F8BD1010002018
:106D9C00034B182202FB00339A6A586A801A704718
:106DAC001010002010B4084A08490023C85C12F8DF
:106DBC00014D844204D10133102BF7D110BC704724
:106DCC0010BCFFF72BBF00BF51DD000010100020DE
:106DDC0038B5436905463BB90024EA68537843F05B
:106DEC0001035370604238BD984704460028F3D025
:106DFC0000F1FF03FE2B0ED9094A0A490A48212348
:106E0C0003F08FFB29680948224603F08AFB0448EB
:106E1C00212103F07DFBEB6844421C70DDE700BFD1
:106E2C0052DD000075DD0000EAC300008DDD0000BE
:106E3C0010B50446FAF7E2FF0348044A012103F0B7
:106E4C008BFD204604F091FB84BD0000B2DD0000F8
:106E5C002DE9F843044600AF0D46EFF311882023CB
:106E6C0083F31288BFF36F8F0428304A98BF304BDE
:106E7C009668117C94BF53F820302E4BE9468AB0AB
:106E8C006A462D48C2E9073140F2013393842B4BFB
:106E9C00C2E9050442F8103F294800234FF4315150
:106EAC00FBF70AF9CD4645B1EB69C3F3080323B1EF
:106EBC00244A2348012103F04FFD2EB1304604F043
:106ECC006EFB08B1037803B91F48E9468AB06A46DD
:106EDC001E4BD061C2E9053640F2013313841C4BC2
:106EEC0042F8103F164800234FF41151FBF7E4F819
:106EFC002946CD462046FFF79BFF042C0CD11549A3
:106F0C00154A1648872303F00CFB154803F009FBC0
:106F1C001148872103F0FCFA88F31188BFF36F8FB7
:106F2C003046FCF78BF8BD46BDE8F883381B0020D3
:106F3C004CC20000C1DD0000D7DD000005000001DF
:106F4C0084BD0000FFDD0000CFDD000020DE00006E
:106F5C00040000015ADE000038DE0000EAC3000025
:106F6C0077DE000038B50A4B53F82040013053F857
:106F7C002050A54200D838BD606830B1037EDB07D5
:106F8C0001D4FFF725FF0834F3E723689847FAE7A5
:106F9C0060C2000070B5384B384C394D012286B0B8
:106FAC0003201A70FFF7DEFF04F074FB0420FFF7D8
:106FBC00D9FFAC42264628D93249334A33484423B8
:106FCC0003F0AFFA324803F0ACFA44212E4803F038
:106FDC009FFA54F80C3C059354F8103C049354F865
:106FEC00143C039354F8183C029354F81C3C019342
:106FFC0054F8203C009354E90A2354E90C0100F0A6
:10700C005DFA54F8303C5E65D3E7AE4204F13004CF
:10701C00DFD300F0E3FE194C1E4EAC421FD91949C8
:10702C00194A1A48682303F07CFA194803F079FAD4
:10703C006821CBE7D4E90A23B3F1FF3F08BFB2F1D3
:10704C00FF3F05D052EA0301206803D101F024F977
:10705C003034E2E73146183001F038FCF8E7E9D378
:10706C0000F02EFFF9F7A6F90B4A137B23F001036E
:10707C00137306B070BD00BF961D0020C0BC00008D
:10708C00C0BC000017DF0000F6DE0000EAC3000001
:10709C0042C900000FB600002818002070B5174E2A
:1070AC00174D184986B0B02303FB0066164B0593A9
:1070BC0001220F23CDE903320023CDE90133142340
:1070CC0003FB005504464FF4C07000FB04110F4B3A
:1070DC0000954FF4A072304600F0F0F9737B0C4A27
:1070EC00EE6023F0040373734FF4046304FB033367
:1070FC0013442C746B6006B070BD00BF7817002071
:10710C00381B0020402E002044DF000031720000AC
:10711C00002600207FB50020FFF724FF334B83F3BC
:10712C000888334C636943F400736361E02384F88B
:10713C0022300023E37723766376A37684F820301D
:10714C00626A42F4E022626284F82330FBF7ECFEC0
:10715C00FCF794F84FF0FF33A362E362FCF7A0F95D
:10716C00FCF7B0F8FAF776FD224800F0BBFA224B98
:10717C00224A93420ED92249224A2348CC2303F0B7
:10718C00D0F9224803F0CDF91E48CC2103F0C0F908
:10719C001C33EEE7FCD30120FFF7E4FE0220FFF7DF
:1071AC00E1FE00F01DFF1A4B1A4C5C611A4B059363
:1071BC0000250123194900954FF48062CDE9035352
:1071CC00CDE90155164B204600F078F9637B064655
:1071DC0023F004032046637300F0F0FB2846FFF70E
:1071EC005DFF0F4A31462046FCF728F8402E002060
:1071FC0000ED00E0D8180020FCBA000088BB0000AD
:10720C0049DF0000F6DE0000EAC3000042C90000BE
:10721C00381B00202818002061DF0000C02F002040
:10722C00A16F000008B50D4B9B6893F90E30002B35
:10723C0009DB2024EFF3118384F31288BFF36F8FE3
:10724C0003F05BFCF6E706490648074A1C2303F0EB
:10725C0068F905481C2103F05BF900BF381B0020BE
:10726C008ADF0000EAC3000069DF000008B583680C
:10727C004BB90B490B480C4A8F2303F052F90A48BF
:10728C008F2103F045F9D0E9003213605A60427B3C
:10729C000023C0E9003322F002024273836008BD70
:1072AC00DDDF0000EAC30000B2DF000070B5044669
:1072BC00EFF31186202585F31288BFF36F8F3048CA
:1072CC0001F056FA60B92F4A2F493048882303F051
:1072DC0028F92B492E4803F024F98821294818E075
:1072EC00274801F069FAEFF3118385F31288BFF395
:1072FC006F8F83F31188BFF36F8F63B92549264ACB
:10730C002248A62303F00DF9244803F00AF9224879
:10731C00A62103F0FDF82568AC4213D095B12846A0
:10732C00FFF7A4FF05F1180001F0ACFB0023284681
:10733C00C5F8AC3000F042FB31461148BDE8704056
:10734C0000F0F2BCD4E902329A4218BF01330C4867
:10735C00A36001F01BFA68B90A4A11490B484FF4B3
:10736C009A7303F0DEF806490E4803F0DAF84FF48E
:10737C009A71B3E786F31188BFF36F8F70BD00BFAE
:10738C005C1B002061C700008EC70000EAC3000030
:10739C00A3C70000F4DF0000B2DF00000CE0000027
:1073AC00B9C70000D0C70000F7B5044616461D4605
:1073BC00EFF305837BB152EA05030CD02D492E4A1D
:1073CC002E48882303F0ADF82D4803F0AAF82A487C
:1073DC00882103F09DF8EFF31187202383F31288A3
:1073EC00BFF36F8F274801F0C3F960B9264A2749CC
:1073FC002248882303F095F82249254803F091F898
:10740C0088212148E5E71F4801F0D6F9A368D3B1DC
:10741C00013B1C48A36001F0B9F968B91A4A1D492F
:10742C0016484FF49A7303F07CF816491A4803F087
:10743C0078F84FF49A71E4E787F31188BFF36F8FF4
:10744C00002003B0F0BD56EA05030BD10D4801F046
:10745C009DF90028E2D087F31188BFF36F8F6FF08E
:10746C000F00EEE7CDE9006522463946054800F0ED
:10747C0087FBE6E72FE000000FE00000EAC3000006
:10748C000CE000005C1B002061C700008EC70000F0
:10749C00A3C70000B9C70000D0C7000010B5044650
:1074AC0008B9054B9C681F2204F1740004F009F91B
:1074BC00002084F8930010BD381B00202DE9F04FFC
:1074CC0085B00446DDF844B0DDF838A0139FBBF15D
:1074DC000F0F0E461D465DD1534B9D425ED10732B8
:1074EC0022F007027F3204F1580322F03F02002001
:1074FC00C4E916330421129B84F80EB03F2AC4E968
:10750C000600A06023736173E07306F14009A2F1D9
:10751C00400B05D880F31188BFF36F8F084602DF4C
:10752C0006EB020841462046FBF75AFA0730109B3F
:10753C0020F00700C4E9259BC4F89C0002930F9B24
:10754C00A8EB000BCDE900A331462B465A4620464A
:10755C00FBF740FE0F9BA3660026109B6665C4E9F3
:10756C00185AE366EFF31188202383F31288BFF3D4
:10757C006F8F2E4801F0FCF818BB2D4A2D492E4870
:10758C00882302F0CEFF29492C4802F0CAFF88213B
:10759C00274814E00BF110031E2BA0D9284A2949C7
:1075AC00254840F24B2302F0BCFF274859466FF0A8
:1075BC000F030E2202F0B5FF214840F24B2102F0DE
:1075CC00A7FF224D194801F0F7F82B6A17482367DB
:1075DC002C6201F0DBF868B9154A1D4916484FF4C6
:1075EC009A7302F09EFF11491A4802F09AFF4FF469
:1075FC009A71CDE788F31188BFF36F8F8FB11F227B
:10760C00394604F1740004F05CF884F89360AB68BC
:10761C000BB1D3F8A030C4F8A030584605B0BDE883
:10762C00F08F84F87470F2E7317200006C1B00204C
:10763C0061C700008EC70000EAC30000A3C70000AA
:10764C007CE000009FE000001FE10000381B0020E0
:10765C00B9C70000D0C70000F0B587B0DDE91276DD
:10766C000446EFF3058575B119491A4A1A4840F2D8
:10767C001A3302F056FF194802F053FF154840F236
:10768C001A3102F045FF0595109D04950F9D039549
:10769C000E9D02950D9D01950C9D0095FFF70EFF1B
:1076AC00B6F1FF3F08BFB7F1FF3F05D056EA07031D
:1076BC0005D1204600F0F0FD204607B0F0BD3A465B
:1076CC00334604F11800064901F000F9F4E700BF55
:1076DC0050E100007CE00000EAC3000062E1000021
:1076EC000FB6000040F2011383810023C0E925335B
:1076FC00C0F8A030014B9860704700BF381B0020C9
:10770C0070B590F90D20437B002A5ADBDC0658D16A
:10771C002D4A43F080039042437309D12B492C4AE4
:10772C002C48522302F0FDFE5221294802F0F0FEB3
:10773C00D90707D52849264A2648532302F0F1FEDB
:10774C005321F2E7254C2246E16952F8183F934247
:10775C0007D1C0E900210860E06111E09942F8D03E
:10776C001B68002BF5D090F90E5093F90E60B542C2
:10777C00F4D0AE42F2DD5968C0E9003108605860BF
:10778C00A569954200D005B9E568A3685BB91449B1
:10779C00144A1048EA2302F0C4FE134802F0C1FE5A
:1077AC001048EA21C2E75A7BD20604D1DA897F2A33
:1077BC0001D9AA6932B1AB4202D0284600F050FF81
:1077CC00656170BD6361FCE778170020A9E10000DA
:1077DC0087E10000EAC30000CAE10000381B00206A
:1077EC000FE20000E3E100000CE0000038B590F976
:1077FC000D20437B002A01461BDA224A03F07F034B
:10780C009042437309D12049204A21485A2302F05F
:10781C0088FE5A211D4802F07BFEDC0707D51D4966
:10782C001A4A1B485B2302F07CFE5B21F2E703F053
:10783C00B8FE194D2A46AB6852F8184F944200D046
:10784C0004B9EC688B4214D05BB91449144A104843
:10785C00EA2302F066FE134802F063FE1048EA21A8
:10786C00D9E75A7BD20604D1DA897F2A01D9A269D9
:10787C002AB1A34202D0204600F0F2FE23466B61EF
:10788C0038BD00BF78170020A9E1000087E1000097
:10789C00EAC30000CAE10000381B00200FE2000020
:1078AC00E3E100000CE0000008B583684BB909491E
:1078BC0009480A4A8F2302F034FE08488F2102F04F
:1078CC0027FE03F06EFE437B23F002034373002379
:1078DC00836008BDDDDF0000EAC30000B2DF0000FA
:1078EC0008B5144A936880B1597B11F0090F0CD17B
:1078FC001149124A1248D22302F013FE114802F029
:10790C0010FE0E48D22102F003FE6FF00A01C3F8FC
:10791C00AC100D49C3F8A8004B6843F080534B6082
:10792C00002383F31188BFF36F8F9368D3F8AC00F7
:10793C0008BD00BF381B002060E2000036E20000EA
:10794C00EAC30000C9E2000000ED00E038B5194CB4
:10795C00A168E0690B68814214BF1A46002249688D
:10796C000B605960A368E1692AB9134AC3E9002185
:10797C000B60E3610CE093F90E0092F90E50A842F3
:10798C0014D0854212DD5168C3E900210B605360AD
:10799C00A569094B9D4200D005B9E568A3689D42D5
:1079AC0002D0284600F05CFE656138BD9142DCD007
:1079BC001268D9E7381B0020501B002038B504464C
:1079CC00EFF31185202383F31288BFF36F8F1748D1
:1079DC0000F0CEFE68B9164A16491748882302F003
:1079EC00A0FD1249154802F09CFD8821104802F0B8
:1079FC008FFD0E4800F0E0FE2046FFF781FE0B489D
:107A0C0000F0C4FE68B90A4A0D490B484FF49A734A
:107A1C0002F087FD05490B4802F083FD4FF49A7183
:107A2C00E4E785F31188BFF36F8F38BD601B00202E
:107A3C0061C700008EC70000EAC30000A3C70000A6
:107A4C00B9C70000D0C7000038B50446EFF3118564
:107A5C00202383F31288BFF36F8F184800F088FE41
:107A6C0068B9174A17491848882302F05AFD134978
:107A7C00164802F056FD8821114802F049FD0F48C6
:107A8C0000F09AFEA36813B12046FFF70DFF0B48D8
:107A9C0000F07CFE68B90A4A0D490B484FF49A7302
:107AAC0002F03FFD05490B4802F03BFD4FF49A7183
:107ABC00E2E785F31188BFF36F8F38BD601B0020A0
:107ACC0061C700008EC70000EAC30000A3C7000016
:107ADC00B9C70000D0C7000038B50446EFF31185D4
:107AEC00202383F31288BFF36F8F1E4800F040FEF3
:107AFC0068B91D4A1D491E48882302F012FD194918
:107B0C001C4802F00EFD8821174802F001FD1548B3
:107B1C0000F052FE637B13F0280F0BD1A36813B156
:107B2C002046FFF7C1FE637B23F0040363732046FA
:107B3C00FFF7E6FD0B4800F029FE68B90A4A0E492A
:107B4C000B484FF49A7302F0ECFC06490B4802F018
:107B5C00E8FC4FF49A71D7E785F31188BFF36F8F68
:107B6C0038BD00BF601B002061C700008EC700003D
:107B7C00EAC30000A3C70000B9C70000D0C70000CB
:107B8C002DE9F047DFF8D4A0354D364B1746A84207
:107B9C00DAF808201A60DDE9089804460E460BD185
:107BAC0031493248324A40F29E2302F0BAFC304846
:107BBC0040F29E2102F0ACFCEFF31183202383F3FF
:107BCC001288BFF36F8F284600F0D2FD60B9294AA6
:107BDC0029492648882302F0A4FC2946274802F0AC
:107BEC00A0FC88212348E5E7284600F0E5FDDAF8FB
:107BFC0008503946284603F0DCFCB8F1FF3F08BFBB
:107C0C00B9F1FF3F06D01E494A46434605F118001C
:107C1C0000F05CFE204600F0B9FD68B91949154A20
:107C2C0012484FF4B77302F07CFC2146164802F060
:107C3C0078FC4FF4B771D5E7094800F0A7FD40B9BF
:107C4C0010490C4A09484FF4B77302F06AFC044916
:107C5C00ECE73046BDE8F047FFF742BE381B00208A
:107C6C00601B0020641B0020F1E20000EAC300004E
:107C7C0087E1000061C700008EC70000A3C70000A9
:107C8C000FB60000B9C70000D0C7000070B505469C
:107C9C00EFF31186202383F31288BFF36F8F1B48F9
:107CAC0000F066FD68B91A4A1A491B48882302F08D
:107CBC0038FC1649194802F034FC8821144802F0AB
:107CCC0027FC124800F078FD2C68A54215D014B1A1
:107CDC002046FFF7E9FD0D4800F058FD78B90C4A35
:107CEC000F490D484FF49A7302F01BFC07490D48DD
:107CFC0002F017FC4FF49A71E0E70024EBE786F3EF
:107D0C001188BFF36F8F204670BD00BF601B002031
:107D1C0061C700008EC70000EAC30000A3C70000C3
:107D2C00B9C70000D0C7000070B504460D46F9B9BC
:107D3C00EFF30586E6B91A4B5A699B689A4217D03D
:107D4C0000F024FD78B9174A174918484FF4B77357
:107D5C0002F0E7FB2146164802F0E3FB4FF4B77143
:107D6C00104802F0D5FB3046BDE87040FFF7B8BDB7
:107D7C00204600F00BFD68B90A4A0B490B484FF43A
:107D8C009A7302F0CEFB2146094802F0CAFB4FF46D
:107D9C009A71E5E785F31188BFF36F8F70BD00BF53
:107DAC00381B002061C70000B9C70000EAC30000FF
:107DBC00D0C70000034648B9EFF3058232B9064A32
:107DCC0051699268914201D0FFF78ABD83F3118803
:107DDC00BFF36F8F704700BF381B002010B5EFF357
:107DEC001184202383F31288BFF36F8F284800F08F
:107DFC00BFFC60B9274A28492848882302F091FB28
:107E0C002349274802F08DFB8821224812E02048A4
:107E1C0000F0D2FCEFF3058373B12249224A1F48CC
:107E2C0040F23B3302F07DFB204802F07AFB40F23B
:107E3C003B311D4802F06CFB1D4B9A68D37B012B28
:107E4C000CD11C49184A15484FF44F7302F069FBCA
:107E5C00164802F066FB4FF44F71EAE7013BD3730F
:107E6C000B4800F093FC68B90A4A13490B484FF4CD
:107E7C009A7302F056FB0649104802F052FB4FF47D
:107E8C009A71C2E784F31188BFF36F8F10BD00BFE6
:107E9C00601B002061C700008EC70000EAC3000011
:107EAC00A3C7000050E1000087E100000CE00000D7
:107EBC00381B00202AE30000B9C70000D0C700001F
:107ECC0070B5EFF31186202383F31288BFF36F8F05
:107EDC00374800F04DFC60B9364A3749374888239B
:107EEC0002F01FFB3249364802F01BFB8821314857
:107EFC0013E0344D2E4800F05FFCAB68DA7B72B9AE
:107F0C003149324A2D4840F2473302F00AFB3048DF
:107F1C0002F007FB40F247312C4802F0F9FAEFF37C
:107F2C00058161B12B49294A24484FF4527302F060
:107F3C00F8FA274802F0F5FA4FF45271ECE70132E7
:107F4C00DA732A4652F8184F944200D004B9EC6800
:107F5C005A7BD20604D1DA897F2A01D9A2692AB1C7
:107F6C00A34202D0204600F07BFB234610486B61F5
:107F7C0000F00CFC68B90F4A174910484FF49A737B
:107F8C0002F0CFFA0A49154802F0CBFA4FF49A7175
:107F9C00ADE786F31188BFF36F8FEFF311802023C9
:107FAC0083F31288BFF36F8FBDE87040FFF702BFF9
:107FBC00601B002061C700008EC70000EAC30000F0
:107FCC00A3C70000381B00205BE3000087E1000022
:107FDC000CE0000050E10000B9C70000D0C7000061
:107FEC00024B03F11802C3E906227047381B00202C
:107FFC0070B5EFF3058373B139493A4A3A484FF4F7
:10800C008E6302F08EFA394802F08BFA35484FF441
:10801C008E6102F07DFAEFF31186202383F3128830
:10802C00BFF36F8F324800F0A3FB60B9314A32497D
:10803C002D48882302F075FA2D49304802F071FA68
:10804C0088212C48E5E72E4C294800F0B5FBA168A7
:10805C00E0690B68814214BF1A46002249680B6024
:10806C005960A368E1692AB9264AC3E900210B606B
:10807C00E3610CE093F90E0092F90E50A84225D062
:10808C00854223DD5168C3E900210B605360A5696B
:10809C001C4B9D4200D005B9E568A3689D4202D0F7
:1080AC00284600F0DDFA1248656100F06FFB88B9D4
:1080BC00104A15490C484FF4B77302F032FA0C49C8
:1080CC00124802F02EFA4FF4B771BAE78A42CBD0BD
:1080DC001268C8E73046BDE87040FFF701BC00BF2E
:1080EC0050E1000087E10000EAC300000CE0000052
:1080FC00601B002061C700008EC70000A3C70000F2
:10810C00381B0020501B0020B9C70000D0C700004E
:10811C002DE9F04106460C46EFF3058777B134495B
:10812C00344A35484FF4916302F0FBF9334802F0BE
:10813C00F8F930484FF4916102F0EAF950EA010382
:10814C0004D1FFF755FF0020BDE8F081EFF3118853
:10815C00202383F31288BFF36F8F294800F008FBAC
:10816C0060B9284A28492448882302F0DAF92449BE
:10817C00264802F0D6F988212248DDE7244D204814
:10818C0000F01AFB234BA8681860FFF72FFBA868B8
:10819C00214923463246183000F098FBAA68537BDD
:1081AC0043F0040304465373154800F0EFFA68B922
:1081BC00144A1A4910484FF4B77302F0B2F9104937
:1081CC00174802F0AEF94FF4B771D5E74046FFF708
:1081DC0087FBAB68D3E90A23B3F1004F08BFBA425F
:1081EC00B1D103F029FA201A20EAE070ACE700BF05
:1081FC0050E1000087E10000EAC300000CE0000041
:10820C00601B002061C700008EC70000A3C70000E0
:10821C00381B0020641B00200FB60000B9C70000FB
:10822C00D0C7000070B505460E46EFF3058474B157
:10823C001549164A164840F2B24302F072F9154835
:10824C0002F06FF9114840F2B24102F061F9FFF708
:10825C005FFFB6F1FF3F08BFB5F1FF3F024628466E
:10826C0011D04FF47A7147F6FF73C2FB0134D80B6F
:10827C0040EA4440B0F1004F4FEAD43474F10004AA
:10828C0028BF6FF0004070BD50E1000087E1000096
:10829C00EAC300000CE0000038B50446EFF311858A
:1082AC00202383F31288BFF36F8F204800F060FA0D
:1082BC0068B91F4A1F492048882302F032F91B492C
:1082CC001E4802F02EF98821194802F021F91748AE
:1082DC0000F072FA637B5B0710D504F1180000F014
:1082EC00D1FB637B23F0040320466373FFF708FA8A
:1082FC0029460E48BDE83840FFF716BD0B4800F084
:10830C0045FA68B90A4A0E490B484FF49A7302F0C1
:10831C0008F906490B4802F004F94FF49A71D3E7B7
:10832C0085F31188BFF36F8F38BD00BF601B002031
:10833C0061C700008EC70000EAC30000A3C700009D
:10834C00B9C70000D0C70000014B9868704700BF48
:10835C00381B00202DE9F8430446077BEFF3118509
:10836C00202383F31288BFF36F8F844800F000FA48
:10837C0068B9834A83498448882302F0D2F87F493C
:10838C00824802F0CEF888217D4802F0C1F87B4883
:10839C0000F012FA637B180717D5784800F0F6F94D
:1083AC0068B9774A7A4978484FF49A7302F0B9F869
:1083BC007249784802F0B5F84FF49A71E4E785F306
:1083CC001188BFF36F8FBDE8F883D90943F0080219
:1083DC0040F086806273A36813B12046FFF764FAFD
:1083EC0004F1180000F04EFBA66D04F15808B045DE
:1083FC0011D04FF0000976B13046FFF755FA06F16F
:10840C00180000F03FFBC6F8AC903046FFF778F947
:10841C00A66DB045EFD1DFF88081D8F808309C42CA
:10842C007DD1EFF30589B9F1000918BF4FF00109AF
:10843C00D8F81860594A964200D00EB9D8F80C609A
:10844C00B34202D0304600F00BF92046C8F8146055
:10845C0002F049FB204600F0B7F9B9F1000F02D049
:10846C004F48FFF73FF9D8F808309C426AD1EFF338
:10847C000586002E66D1237BDA071FD53F4800F016
:10848C0085F900288DD085F31188BFF36F8F86F3A3
:10849C001188BFF36F8F0423184602DFEFF31185A9
:1084AC00202383F31288BFF36F8F344800F060F9F8
:1084BC0000283FF45EAF314800F07EF92F4800F001
:1084CC0065F978BB2E4A32492F484FF4B77302F046
:1084DC0028F82A492F4802F024F84FF4B77153E7D3
:1084EC00304A03F07F0343F008039442637308D1CE
:1084FC002D492E4A24485A2302F013F85A212B48AE
:10850C0043E7D90707D52A49284A1F485B2302F0BD
:10851C0008F85B21F3E7204603F043F85BE74FF0E4
:10852C00000985E72846FFF7DBF922491F4A164860
:10853C004FF4EE7301F0F5FF1F4801F0F2FF4FF41A
:10854C00EE71DCE70D4800F021F900283FF429AF6B
:10855C0085F31188BFF36F8FFB077FF534AF134A98
:10856C001649094840F28E5301F0DBFF21461448AE
:10857C0001F0D7FF40F28E51C1E700BF601B002015
:10858C0061C700008EC70000EAC30000A3C700004B
:10859C00B9C70000D0C70000381B0020501B0020BA
:1085AC00D818002078170020A9E1000087E100000E
:1085BC00CAE100008CE3000097E30000B9E300007F
:1085CC00C4E30000427B12F01F02034610D10A499B
:1085DC0088420DD00949086868B1D9897F2909D822
:1085EC0093F90E20064B1B689A42B8BF00207047C7
:1085FC00002070471046704778170020F0110020BB
:10860C00681B002008B568B10F4B98420AD303F1E0
:10861C001802904206D2C01A1822B0FBF2F302FBE9
:10862C0013034BB109490A480A4A3F2301F079FF69
:10863C0008483F2101F06CFF074BC0105843074B13
:10864C0001221A5408BD00BF881900200AE400005A
:10865C00EAC30000E2E30000ABAAAAAA971D00201F
:10866C0070B50D4B0D4D1E7CFFF7ACFF06EB4603B2
:10867C0005EBC3050446284600F004FA084B00221B
:10868C009A553CB1621E28460649BDE87040D31786
:10869C0000F01CB970BD00BF381B002088190020E9
:1086AC00971D00201186000038B5EFF311852023AB
:1086BC0083F31288BFF36F8F234800F059F868B921
:1086CC00224A23492348882301F02BFF1E492248C4
:1086DC0001F027FF88211D4801F01AFF1A4800F00D
:1086EC006BF81E4B1E4A9C681068A04213D1FFF712
:1086FC00B7FF154800F04AF800BB144A1949154851
:10870C004FF49A7301F00DFF0F49174801F009FF60
:10871C004FF49A71DFE700211B7C1160134AD35C84
:10872C00002BE6D02046FFF74DFF0028E1D0637BFD
:10873C00DB0601D1FFF70AF92046D8E785F311884B
:10874C00BFF36F8F38BD00BF601B002061C70000F6
:10875C008EC70000EAC30000A3C70000381B00202E
:10876C00641B0020B9C70000D0C70000971D002073
:10877C00006838B1044B1B7C00F00300C01A18BF12
:10878C000120704701207047381B0020002302682D
:10879C000360EFF30581074B19B19968497BC90751
:1087AC0006D4197C98680843831A5842584170477C
:1087BC0001207047381B0020024B1A7C9B68134326
:1087CC0003607047381B002038B50446EFF3118561
:1087DC00202383F31288BFF36F8F1D48FFF7C8FF68
:1087EC0068B91C4A1C491D48882301F09AFE184997
:1087FC001B4801F096FE8821164801F089FE1448AA
:10880C00FFF7DAFF174A136AA34214D11B6F1362E6
:10881C000F48FFF7BBFFB0B90E4A13490F484FF48E
:10882C009A7301F07EFE0A49104801F07AFE4FF46B
:10883C009A71E1E71346002BEAD01A6FA242F9D1E4
:10884C00226F1A67E4E785F31188BFF36F8F38BD89
:10885C006C1B002061C700008EC70000EAC300003B
:10886C00A3C70000381B0020B9C70000D0C7000008
:10887C00024B1868984208BF00207047F411002082
:10888C00034B1B680BB9FCF7F3B90020704700BF12
:10889C00701B002030B570B10B4B5B6898420AD04E
:1088AC00036843B1D3E90421D0E90445121941EB23
:1088BC000501C3E90421D0E9003213605A6000239A
:1088CC00C0E9003330BD00BFF4110020B3F1FF3F0D
:1088DC0008BFB2F1FF3F2DE9F84F04469B46154601
:1088EC001F4600F0B280D0F80090B9F1000F0CD008
:1088FC005749584A5848702301F013FE574801F065
:10890C0010FE5448702101F003FE8160EFF31188D2
:10891C00202383F31288BFF36F8F5148FFF728FF92
:10892C00824660B94F4A50494B48882301F0F9FD03
:10893C004B494E4801F0F5FD88214A48E3E7484889
:10894C00FFF73AFFBBF1000F494A1FDBFFF798FF17
:10895C00474A0135D2E900174BF1000B2D184BEBB0
:10896C00E073C4E904536D18064643EB0707FFF7A1
:10897C007FFFDFF800E1DEF804900346EBB9C4E9B1
:10898C0000E9C9F80040CEF8044028E0D2E9001212
:10899C006FF001035B1A4FF0FF3161EB02025B1BBE
:1089AC0062EB0B02012B72F10001BCBF01234A46A2
:1089BC00C4E904324FF0000AD9E7D3E9041CD4E926
:1089CC0004208A4270EB0C0B2EDA891A5A686CEB75
:1089DC000000C3E90410C4E9003214605C60FFF7C6
:1089EC0047FF84420ED1244B1B685BB9BAF1000FD0
:1089FC0002D1FFF745FF0646304602F006FE002185
:108A0C00FCF706F91648FFF7C1FEB0B9154A1B4929
:108A1C0011484FF49A7301F084FD1149184801F084
:108A2C0080FD4FF49A7188E7521A60EB0C0099455F
:108A3C00C4E90420A3D01B68A0E788F31188BFF316
:108A4C006F8F28463946BDE8F88F00252F46F8E78A
:108A5C0035E6000011E60000EAC300000CE000005F
:108A6C00741B002061C700008EC70000A3C7000064
:108A7C00A0190020F4110020701B0020B9C70000C1
:108A8C00D0C7000070B50446EFF31186202383F3A2
:108A9C001288BFF36F8F2348FFF76AFE68B9224A2A
:108AAC0022492348882301F03CFD1E49214801F04E
:108ABC0038FD88211C4801F02BFD1A48FFF77CFE7D
:108ACC00236833B3FFF7D4FE05462046FFF7E2FEDA
:108ADC0000224FF00043A542C4E9042306D1FFF75E
:108AEC00CFFE02F092FD0021FCF792F800240D4815
:108AFC00FFF74CFE80B90C4A0F490D484FF49A739E
:108B0C0001F00FFD07490D4801F00BFD4FF49A7170
:108B1C00D0E76FF01504EAE786F31188BFF36F8F87
:108B2C00204670BD741B002061C700008EC700007A
:108B3C00EAC30000A3C70000B9C70000D0C70000FB
:108B4C002DE9F0470446EFF31188202383F31288B4
:108B5C00BFF36F8F4448FFF70BFE68B9434A444993
:108B6C004448882301F0DDFC3F49434801F0D9FC1F
:108B7C0088213E4801F0CCFCDFF800913A48DFF840
:108B8C0000A1FFF719FEC9F80040FFF771FE00269F
:108B9C0004460027D9F80030DAE900C0D91754B1DF
:108BAC00D4E90452AB4271EB020E20DAED1A62EBFF
:108BBC000102C4E9045213EB0C034FF0000440EB28
:108BCC0001012046CAE90031C9F8004002F01DFD40
:108BDC002146FCF71DF82448FFF7D8FDB0B188F307
:108BEC001188BFF36F8FBDE8F047FFF75DBD15EB44
:108BFC000C0340EBE570CAE90030C4E90467204679
:108C0C00FFF748FE1848FFF7C1FD68B9174A1D4920
:108C1C0018484FF49A7301F084FC13491A4801F078
:108C2C0080FC4FF49A71A4E788F31188BFF36F8F1F
:108C3C00A36820469847EFF31188202383F312880A
:108C4C00BFF36F8F0848FFF793FD002886D00648C6
:108C5C00FFF7B2FDD9F800305B1BC9F80030FFF705
:108C6C0007FE044696E700BF741B002061C7000096
:108C7C008EC70000EAC30000A3C70000701B0020D1
:108C8C00A0190020B9C70000D0C7000070B5EFF3E1
:108C9C001186202383F31288BFF36F8F1A48FFF7D6
:108CAC0067FD68B9194A1A491A48882301F039FC3A
:108CBC001549194801F035FC8821144801F028FCAD
:108CCC001148FFF779FDFFF7DBFD144AD2E90045A7
:108CDC00041945EBE0750C48FFF758FD68B90B4AD1
:108CEC000F490C484FF49A7301F01BFC06490D48D0
:108CFC0001F017FC4FF49A71DFE786F31188BFF38C
:108D0C006F8F2046294670BD741B002061C7000080
:108D1C008EC70000EAC30000A3C70000A019002002
:108D2C00B9C70000D0C70000F8B50646EFF31187AD
:108D3C00202383F31288BFF36F8F5948FFF718FD78
:108D4C0068B9584A58495948882301F0EAFB5449F4
:108D5C00574801F0E6FB8821524801F0D9FB5048F6
:108D6C00FFF72AFD32689AB14D48FFF70FFD002836
:108D7C0040F091804B4A4F494C484FF49A7301F0A4
:108D8C00D0FB47494C4801F0CCFB4FF49A71E3E718
:108D9C00D6E90A54691C44F10003022973F100035B
:108DAC0034D3013D44F1FF34002CBCBF15462C4696
:108DBC0002F046FC013041F10001401944EB010185
:108DCC00012871F100015DDB02F03AFC013041F148
:108DDC0000016FF00203401944EB010183426FF074
:108DEC0000438B4153DB02F02BFC013041F10001BD
:108DFC006FF00102401944EB0103121A4FF0FF31DE
:108E0C0061EB03032D493046FFF760FD336B0133F3
:108E1C003363336ADBB12248FFF7B8FC0028A9D0D2
:108E2C0087F31188BFF36F8F336A30469847EFF39F
:108E3C001187202383F31288BFF36F8F1848FFF735
:108E4C0097FC00283FF47DAF1548FFF7B5FC304682
:108E5C0050F8184F844287D0002C85D02046FEF75E
:108E6C00F3FD00230E48C4F8AC30FFF78FFC00284C
:108E7C0080D087F31188BFF36F8F2046BDE8F84090
:108E8C00FEF79CBD6FF001024FF0FF33BAE70022F2
:108E9C004FF00043B6E787F31188BFF36F8FF8BD2F
:108EAC00781B002061C700008EC70000EAC30000D9
:108EBC00A3C70000B9C70000D0C70000358D000063
:108ECC002DE9F843064614461D4691469846EFF3A5
:108EDC001187202383F31288BFF36F8F2748FFF786
:108EEC0047FC68B9264A27492748882301F019FB13
:108EFC002249264801F015FB8821214801F008FB86
:108F0C001E48FFF759FCB5F1FF3F08BFB4F1FF3F16
:108F1C0011D11A48FFF73AFC50BB194A1C491A48A0
:108F2C004FF49A7301F0FDFA14491A4801F0F9FA5A
:108F3C004FF49A71E1E7002D0ADB012C75F1000367
:108F4C002246BCBF0122002512F1FF3945F1FF3842
:108F5C003046FFF797FDDDE90823C6E90A23002315
:108F6C0033634A46434630460B49FFF7AFFCD0E724
:108F7C0087F31188BFF36F8FBDE8F883781B00204F
:108F8C0061C700008EC70000EAC30000A3C7000041
:108F9C00B9C70000D0C70000358D00000CB430B547
:108FAC0089B005460C461C22002101A802F081FB69
:108FBC0002238DF806300E4B0293059523462CB1F7
:108FCC00B4F1004F28BF4FF00043013B1D440DAAE4
:108FDC000C99069501A8009200F0A8F814B1059B15
:108FEC0000221A7009B0BDE8304002B0704700BFD3
:108FFC0069BA00002DE9F04101260746B24201DCB6
:10900C00BDE8F0813B461F4613F8014B002CF7D00E
:10901C00252CF8D11C78252C07F10207F2D000235F
:10902C00DFF804819C461D461F2D18D8A4F1200E94
:10903C00BEF1100F09D9A4F1300EBEF1090F1ED8E4
:10904C000A2404FB03E3202504E028FA0EFE1EF09C
:10905C00010F06D017F8014B002CE5D128E07F2D2D
:10906C001CD8A4F1300EBEF1090FE9D9242C10D173
:10907C00BCF1000F46D0B34246D00023EAE724F0FF
:10908C00040EBEF12A0FF8D06C2C09D145F08005E6
:10909C00E0E724F0040EBEF12A0FEED06C2C22D0A7
:1090AC006C2C1BD8682C23D06A2C28D04C2C26D0A6
:1090BC00BCF1000FA4D0B445A0D144F02007A7F117
:1090CC00650CBCF1020F0B6801D9612F1ED107335F
:1090DC0023F0070308330B6001368EE7742CB9D0EC
:1090EC007A2CB7D0E4E72C0648BF45F40075CDE7E1
:1090FC00EC0548BF45F4007545F48075AAE745F4C6
:10910C002075A7E79C46B8E76324D6E7692C02D004
:10911C0007D8632C03D02F0601D5AC05D7D4043364
:10912C00D9E7732CF6E700BF892801002DE9F04F31
:10913C0095B043680393837880469807CDE908126D
:10914C0017D50D920B4600251F78A7B1252F16D0E9
:10915C0001330793039B414638469847002805F195
:10916C00010580F2398498F8023043F0040388F842
:10917C0002304FF0FF35284615B0BDE8F08F5F7810
:10918C009A1C252F0792E5D000242646A246A3461A
:10919C00BBF11F0F32D8A7F12003102B0AD8DFE840
:1091AC0003F02409092A0909091B090909220927BD
:1091BC0009091900A7F13003092B2DD92A2F39D110
:1091CC0054B90D9B1BF0400F53F8042B0D9329D071
:1091DC00164601E04BF0010B079B13F8017B07933C
:1091EC00002FD5D15BE04BF0020B4BF0040BF3E7F7
:1091FC004BF0080BF0E74BF0100BEDE7BBF17F0FDA
:10920C003FD8A7F13003092BD8D81BF0400F03D05F
:10921C000A2202FB0636DFE70A2202FB0A3A4BF06F
:10922C00200BD9E7B2F1000AF9DACAF1000A4BF0C7
:10923C00280BD1E72E2F05D11BF0400F9BD14BF003
:10924C00400BC9E7242F1CD1002C00F04281099B54
:10925C000D931BF0400F0AD1524608980DA9FFF749
:10926C00C9FE0D9B1A1DD3F800A00D92B4E732462F
:10927C0008980DA9FFF7BEFE0D9B1A1D1E680D92D6
:10928C00AAE76C2F00F0128100F20981682F00F020
:10929C0015816A2F00F01A814C2F00F0178134B120
:1092AC00099B08980D9322460DA9FFF7A3FE002EEB
:1092BC0047F02009B8BF2BF0400BA9F16503BCBFE8
:1092CC001FFA8BFB0026022B40F20881B9F1610FCB
:1092DC0040F06782FF4307F0200306930D9B073392
:1092EC0023F007031BF0400FD3E9000103F1080240
:1092FC0008BF4FF0FF36069B0D9200930EAA334623
:10930C0002F018FB0130C3B2B3424BF4C0540493C7
:10931C0001DB049B5E1E01230E9F0593A3464FF0B9
:10932C00700907F10903122B0DD907F16303C62B42
:10933C0040F20F8107F2E73340F2CE72934294BFB2
:10934C000323042305939DF83C2002F00C0312F038
:10935C00010240F019811BF0020F40F012811BF04A
:10936C00040400F0F880002B40F0118120231BF442
:10937C00405F1FD1049A5032002E6A4408BF012668
:10938C00133A049921B112F8011D302900F03681ED
:10939C001BF0100F049A18BF3246391DC0F23381EE
:1093AC00B74280F23081BA424BF4005B40F32D811E
:1093BC007E1C961B1BF400520A9200F0288127EAAF
:1093CC00E774013403B10134002E00F02881721CC3
:1093DC001444A245CCBFAAEB040400241BF0090FD3
:1093EC0004D12C44A54240F01F81002443B11846FF
:1093FC004146039B9847002805F10105FFF6B3AEE3
:10940C001BF4006F13D0039B414630209847002873
:10941C00FFF6A9AE069BC3F178004146039B00F012
:10942C00F8009847002805F10205FFF69CAE1BF0EA
:10943C00080F05D12C44AC4240F002812546002493
:10944C000A9B002B00F01C8127EAE77AA7EB0A079E
:10945C007642049BBB4284BF0EABFB180AF1FF3A69
:10946C0088BF5879039B98BF3020564505F10109F8
:10947C00414600F3EF809847002807F10107FFF6FB
:10948C0072AEBAF1FF3F08D1039B41462E2098479C
:10949C000028FFF668AE05F102094D46D9E7742F96
:1094AC003FF49AAE7A2F3FF497AEF8E61BF0800F9C
:1094BC0018BF4BF4007B4BF0800B8DE61BF4807FC8
:1094CC0018BF4BF4007B4BF4807B85E64BF4207B80
:1094DC0082E62646B3465446B2467DE6FF4307F085
:1094EC00200306930D9B073323F007031BF0400F5B
:1094FC0003F1080208BF0626B9F1650FD3E9000194
:10950C000D9213D1731C0022DBB24BF4805B14461A
:10951C00112BCDE9002428BF11230EAA00F0FCFA70
:10952C00C3B2049302230E9F0593FAE6B9F1660FBA
:10953C0005D14BF4005B344601221123E8E7F3B26A
:10954C00012B4FF0000238BF012314464FF0650980
:10955C00DEE70223F6E6002B3FF409AFBAF1030F66
:10956C003BDC9DF83C30A64E13F0080FA54B08BF12
:10957C001E463746B94617F8010BB0BBAE1BB144BB
:10958C007BE033BB2B23F2E62BBB2D23EFE6202213
:10959C00BAF1040F13DD1BF0080FAAF104040FD16C
:1095AC002C44039B0492414620209847002805F147
:1095BC000105FFF6D8ADA542049AF2D19AB1002468
:1095CC00039B414610469847002805F10105C8DA6F
:1095DC00C9E52B22DCE72D22DAE71BF0080FAAF1F4
:1095EC000304BED1DCE71446BBE7069BC01A414618
:1095FC00039BC0B298470028BCDAB4E50499013942
:10960C00C9B20491BDE6561ED4E60026D2E61BF480
:10961C00006F059A0CBF032405241444D2E61BF0FA
:10962C00100F18BF0134D4E60B934146039B202046
:10963C00984700280B9B05F10105BFF6D3AE92E5C8
:10964C00039B414630209847002805F10105BFF6E1
:10965C00F2AE88E598470028FFF685AD1BF0100F99
:10966C000BD0BAF1FF3F08D105F1020941462E207B
:10967C00039B98470028FFF676AD4D464C4433E2E9
:10968C009DF83D00039B414698470028FFF66BADC3
:10969C00002E69DD039B41462E2098470028FFF6DB
:1096AC0062AD4FF0010A049B9A45BBBF0EAB53440D
:1096BC0030205879039B414698470028D346FFF643
:1096CC0052AD0AF1010A5645EDDA02355D44069BAE
:1096DC00A9EB03004146039BC0B298470028FFF654
:1096EC0042AD002FB4BF2D202B20039B4146B8BFA9
:1096FC007F4298470028FFF636AD059B042B41D1DD
:10970C004FF47A79B7FBF9F606F13000039B41462A
:10971C00C0B29847002805F10305FFF624AD09FBFC
:10972C0016774FF06409B7FBF9F606F13000039B8E
:10973C004146C0B29847002805F10105FFF613AD6C
:10974C0009FB16774FF00A09B7FBF9F606F1300062
:10975C00039B4146C0B29847002805F10105FFF66E
:10976C0002AD09FB167715E01BF0100F01D1013586
:10977C00ADE7039B41462E209847002805F10205D2
:10978C00A5DAF0E4059B032B05F10205C9D0059B76
:10979C00012BD7D107F1300005F101094146C0B2C8
:1097AC0066E7A7F16303122B00F2FF80DFE813F0EA
:1097BC0013005700FD00FD00FD00FD005700FD00EB
:1097CC00FD00FD00FD00FD001701F800FD00FD008F
:1097DC002C00FD00B9000D9B1A1D1B680D928DF815
:1097EC00383001240EAF1BF0080F2ED03E19B946AD
:1097FC00B1452CD1EF1BB944AAEB04043DE700BFE3
:10980C0055E6000036CB00000D9B1A1D0D921F680B
:10981C00AB4B002F08BF1F461BF0400F14BF314647
:10982C004FF0FF31384601F05CFF0446DBE7039B49
:10983C004146202098470028FFF695AC013EB442E3
:10984C00F5D35544AD1BB246D0E75646F7E719F8A9
:10985C00010B039B414698470028C9DA83E41BF0AF
:10986C00800F0D9B35D01BF4007F2DD0073323F0D8
:10987C000703D3E9000103F108020D922BF0100944
:10988C0000291FFA89F936DA404261EB410149F4AB
:10989C0080690DF1380B0A235A4601F02EFF19F09E
:1098AC00400FA0EB0B0B65D029F001025E4592B284
:1098BC0040F3B280002F00F0A98019F01003344659
:1098CC00914626D002345CE01A1D18680D92C1171F
:1098DC00D4E71A1D1BF4807F19680D9201D108463C
:1098EC00F5E71BF4007F15BF48B208B241F3C01175
:1098FC0041F3C031C2E750EA0103CAD11BF0400F5B
:10990C00C7D0002EC5D12BF0110B1FFA8BF93446A2
:10991C00B34640F2064319EA03031CBF013400238B
:10992C002FE02BF0100B1FFA8BFB0A231BF080048B
:10993C000D9A57D01BF400711DBF073222F007029D
:10994C0002F10801101D19BF0D91D2E900010D9013
:10995C00106850EA010252D12BF016091BF0400F8F
:10996C001FFA89F94FD0002E4DD12BF0170B1FFA8F
:10997C008BF9B34619F0100352D0002F4ED10BF1D6
:10998C00010419F0080F5ED119F0010F06D0A245A1
:10999C006EDDAAEB040404EB0B06544622464DE0A4
:1099AC004BF0100B10237827C0E7B9F1780F04D1D6
:1099BC00C7F1780343F01003B8E7039B4146252019
:1099CC0098470028FFF6CFAB039B41463846984793
:1099DC000028FFF6C8AB0235079BFFF7B5BB082381
:1099EC000027A3E7111D0D911BF480711068B0D0F6
:1099FC001BF400711ABFC0B2214680B2A9E72BF04C
:109A0C00060B1FFA8BF90DF1380B45E729F01109FC
:109A1C001FFA89F934467CE79146ABE75C4651E77F
:109A2C005C4676E7CDE904234146039B202098470A
:109A3C000028FFF698AB049A059B01329245F1DCA5
:109A4C002C1BA5181446F3B1039B414630209847B4
:109A5C000028FFF688AB6FB90135A9462E44A6EB5A
:109A6C0009035B4521DC5D460EAE5DBBD944C3E604
:109A7C005E4693E7023541463846039B98470028DB
:109A8C00EBDAFFF770BB40F2064319EA030FE4D0A0
:109A9C0019F0020F14BF2B20202019F4806F05F150
:109AAC000105414618BF2D20E7E7039B41463020B6
:109ABC009847002809F10109D1DAFFF754BB00BF20
:109ACC0059E60000013D039B705D41469847002814
:109ADC00CBDAFFF748BB039B414620209847002870
:109AEC0005F10105FFF63FAB631B002BF3DC73E7BD
:109AFC001FB502AB0093074A4FF0CC3301F0E0FEE8
:109B0C00DDE90201C00840EA4170C90805B05DF802
:109B1C0004FB00BFCDCCCCCC2DE9F04F9BB0044660
:109B2C0005920A460A93C2F30A559DF890300B939E
:109B3C00D20FC1F313030992090D7DB950EA030248
:109B4C001BD1059A30235371099B156043F0020316
:109B5C001371012738461BB0BDE8F08F40F2FF723D
:109B6C0095424AD10343099B059A14BF43F008035D
:109B7C0043F0040313710027ECE700F00102089294
:109B8C004FEA83080122AC4D48EA907887009A4648
:109B9C001646C5F1000B5846069200F011FAB5F1C5
:109BAC00FF3FACBF8146A0F10109ABEB090B09EB00
:109BBC0005035846049300F009FA16A9A0F17D0597
:109BCC00584600F023FA12AB069A0193A9EB05054F
:109BDC0010AB0292009320462B4616AA514601F078
:109BEC00B4FDB9F1010F04460D4600F2D280089B7A
:109BFC00002B40F0C58001276BE043F4801A00F085
:109C0C0001024FEA8A080343A5F23545089248EA57
:109C1C0090784FEA800749D140F2FE7319420CBF8D
:109C2C0001260026002D3246B3DB284600F0C2F98F
:109C3C00032DC8BF0138049000F0C8F9049B7C3098
:109C4C005D1B054416A9184600F054FA12AB01939B
:109C5C0010AB009320462B46029616AA514601F0F3
:109C6C0074FD049B152B04460D4600F2868014AB44
:109C7C00724A009338464FF0CC33414601F020FE37
:109C8C00149B159A9B0843EA827303EB8303BB4234
:109C9C00DDE9109A0CD13846414600F09FF9049B3F
:109CAC0083428CBF00270127002612E00126B9E76A
:109CBC00089B002B51D1013F48F1FF31B81B61F1DA
:109CCC00000100F08BF9049B089F83428CBF002697
:109CDC0001260B9B002B40F09180DDF828B04FF053
:109CEC000008CDE906884FF00A0ADDE91001FFF7FC
:109CFC00FFFE129B0E93CDE90C0118461399FFF74A
:109D0C00F7FE0C9B0D9A0F9198420B46934181469E
:109D1C0080F08E8020462946FFF7EAFE0E9A0AFB59
:109D2C0009F3934214BF002606F001060C9B109316
:109D3C000D9BCDE911390F9B1393079BB8F1000FC5
:109D4C0014BF002707F0010701330AFB10485FFA24
:109D5C0088F8079304460D46C7E7B81C48F1000184
:109D6C0000F03CF9049B83428CBF00200120B9EB2E
:109D7C0000006AF10002CDE9100200273E46A8E778
:109D8C00109B119A013B42F1FF32CDE910320127B1
:109D9C008AE7B9F13E0FF0D84FF0FF33A9F120005C
:109DAC0003FA09F203FA00F0C9F1200123FA01F1D8
:109DBC0002430A4303FA09F327EA030728EA0208D5
:109DCC0057EA08070CBF012700276DE700FB02FCD0
:109DDC00A1FB0012013362448C4275EB020CF5D2EC
:109DEC00049ADDF828B01344259A1344D20F9342F9
:109DFC00B8BF13469B45A8BF9B4670E70A210022BB
:109E0C0001230846E8E70AFB03F0A2FB0A23013111
:109E1C000344944275EB0300F5D2594510DDBBF1B8
:109E2C00000F02D154EA05030AD00123069371E70F
:109E3C000A2200230121ECE7CCFBFFFFCDCCCCCCDC
:109E4C00002E2FD04FF00A0A129B13990D9318462F
:109E5C00FFF74EFE0D9B0C910AFB00F29A428146D5
:109E6C0020D1DDE91001FFF743FE0E900D91204645
:109E7C002946FFF73DFE0D9B0E9A1092CDE9113944
:109E8C000C9B1393079BB8F1000F14BF002707F02E
:109E9C00010701330AFB10485FFA88F80793044660
:109EAC000D46D1E7DDF81090079B9944002F5AD04E
:109EBC00B8F1050F57D114F001034AD1069A32B903
:109ECC00DDE912239D4208BF94425FD0069B18190E
:109EDC004FF00A0445F10001002201262546A0425C
:109EEC0071EB020755D2EBB1B3451BDA0B9B6BB18F
:109EFC00259ADDF828B006EB09031344012BB8BFF3
:109F0C0001239B45A8BF9B465E450BDD05304FF0FA
:109F1C000A024FF0000341F10001F6F7D9F809F1FC
:109F2C000109013E5E45A8BF5E4637B20FFA89F9BA
:109F3C00059B09FA86F607F10508013E98444FF097
:109F4C000009B9452CDB059B1A461E60099B137151
:109F5C0000E6069B2BB9DDE912239D4208BF944213
:109F6C0009D00123B3E7069B53B9DDE912239D42C7
:109F7C0008BF944204D1089B002BF2D1002EF0D0E4
:109F8C00B8F1040F94BF00230123A0E74FF004089D
:109F9C00F1E705FB02F7A4FB054201363A449EE7C4
:109FAC000A220023F6F794F8303208F8012D09F153
:109FBC000109C6E7014B5843800C7047413401003E
:109FCC00014B5843000D7047FB2E0B00024B5843BE
:109FDC00C00C0130704700BF4F9312000A4A70B595
:109FEC0003464FF0CC3600204FF0333506FB03F41C
:109FFC0002FB0144A3FB023121449D4275EB010499
:10A00C0001D30130F2E770BDCDCCCCCC2DE9F04FB3
:10A01C001A23354EB0FBF3FA03FB1A0389B004463E
:10A02C000D4606EB0A1653B9D6E90023C1E9002305
:10A03C00D6E90201C5E9020109B0BDE8F08F2B4A4F
:10A04C0002EBC303D3E9008904AB0093D6E90223E6
:10A05C004046494601F034FC06AB0093D6E9002398
:10A06C0083460F464046494601F02AFCDDE906626C
:10A07C0016EB0B0652EB07084FF0000328BF012329
:10A08C00814633B1049B059A013342F10002CDE9BC
:10A09C00043220460391FFF799FF07461A2000FB74
:10A0AC000AF0FFF793FF3F1A324643460399009795
:10A0BC00484601F020FC4FEA141C0D4A640004F0E1
:10A0CC001E0352F82C40DC4004F00304241841F128
:10A0DC000001C5E90041DDE9042300973046414603
:10A0EC0001F009FCA6E700BFE8BE000018BE0000A6
:10A0FC0078C200002DE9F04F1A27DFF8E4A000F138
:10A10C001905B5FBF7F56F433A1A4FEA051B89B0F1
:10A11C0004460E460AEB05150AD1D5E90023C1E920
:10A12C000023D5E90201C6E9020109B0BDE8F08FB0
:10A13C002C4B03EBC203D3E9008904AB0093D5E9A4
:10A14C0002234046494601F0BBFB5AF80B206B68D2
:10A15C00013ACDE9020106A963F1000300914046E2
:10A16C00494601F0ADFBDDE906528A4602996D18AD
:10A17C00039952EB01084FF0000328BF01238146DD
:10A18C0033B1049B059A013342F10002CDE904324C
:10A19C003846FFF71BFF07462046FFF717FF3F1A0D
:10A1AC002A46434600974846514601F0A4FB4FEA25
:10A1BC00141C0D4A640004F01E0352F82C40DC40C1
:10A1CC0004F003040134241841F10001C6E90041F4
:10A1DC00DDE9042300972846414601F08CFBA2E7F9
:10A1EC00B8BF000018BE0000CCC20000704707B515
:10A1FC0002228DF804008DF805106A2001A900F0E8
:10A20C003DF803B05DF804FB08B53C210220FFF7D4
:10A21C00EEFFBDE8084008210420FFF7E8BF0A461E
:10A22C00012301466A2000F04EB807B500230DF15A
:10A23C0007010E208DF80730FFF7F1FFC8B99DF824
:10A24C000720142302F07F024FF4106113FB02135A
:10A25C0040F64752934209DD40F6736293420BDDA0
:10A26C0040F66D708342CCBF0320022003B05DF832
:10A27C0004FB4FF0FF30F9E70120F7E74FF04023E4
:10A28C00C3F88805C3F84415C3F848250022C3F861
:10A29C006021C3F8242101229A60D3F860211AB9F5
:10A2AC00D3F82421002AF8D001225A614FF0402320
:10A2BC00D3F80421002AFBD0D3F82401003818BFAE
:10A2CC0001204042704782B08DF807104FF04021BA
:10A2DC00C1F888050DF10700C1F844050120C1F84B
:10A2EC004805C1F83425C1F838358023C1F800324F
:10A2FC000023C1F85C31C1F824318860D1F85C319D
:10A30C001BB9D1F82431002BF8D001234B614FF04D
:10A31C004023D3F80421002AFBD00022C3F80022EA
:10A32C00D3F82401801A18BF0120404202B07047B4
:10A33C00836800EBC101B3F5004F2CBF51F822002C
:10A34C0031F81200704700EBC1018068B0F5004F86
:10A35C002CBF41F8223021F81230704708B5012289
:10A36C00FFF7E6FFD04008BD8368B3F5004F00EB64
:10A37C00C10108D34B681AB143F001034B6070471D
:10A38C0023F00103FAE74B881AB143F001034B8029
:10A39C00704723F00103FAE753000122FFF7D3BF04
:10A3AC008368B3F5004F34BF04230823481C0833DB
:10A3BC00A0EBD300B0FA80F0C0F11F0070472DE97C
:10A3CC00F0410D4686680446FFF7C8FFB6F5004F0E
:10A3DC00014601D3012832D02046FFF7E1FF04EB00
:10A3EC0080010E6996B9E368012282401343E36051
:10A3FC0002220D612B4629462046FFF7A4FF0322BB
:10A40C0029462046BDE8F041FFF79DBF02223146A8
:10A41C002046FFF78DFF2946034607462046FFF7E7
:10A42C0092FF0322334629462046FFF78CFF39461C
:10A43C002B462046FFF787FF02223146E1E7BDE8B5
:10A44C00F0812DE9F04706460D46174698462BB38A
:10A45C0098F8004093F80190DB78A40004EB4304D7
:10A46C0098F802301C4444444FF0000ACA4509D302
:10A47C00D8F8042008F1080339463046AC46BDE84C
:10A48C00F047604714F8013B48F823402046F5F7A5
:10A49C0039FE013004440AF1010AE7E76FF01500B8
:10A4AC00BDE8F08770B5002502462846144614F81E
:10A4BC00013B0BB9184609E098B18D4207D1702BBE
:10A4CC0004D0A3F140023A2A0BD8002070BDA3F1AE
:10A4DC0040063A2E05D853780135941C002BE9D050
:10A4EC000020252B08BF80F001002246DEE700206B
:10A4FC00704700F0AEB90FB407B504A951F8040BBE
:10A50C00019100F0A6F903B05DF804EB04B07047BC
:10A51C00002383F31188BFF36F8F0423184602DFE7
:10A52C0070470FB407B504A951F8040B0191FFF75C
:10A53C00E0FF03B05DF804EB04B0704710B503699D
:10A54C00024613F0080009D11368D4689C4297BFE7
:10A55C00526AE31AD31A01200B6010BD002318466F
:10A56C00FAE713B501A90446FFF7E8FF20B1019BF8
:10A57C00E268013B13440193606A019BC01A0138E5
:10A58C0002B010BD10B5044650182269636AD20798
:10A59C0002D5013B184010BD984228BFC01AFAE7FB
:10A5AC0010B504460A46C168FFF7ECFF2369E0606A
:10A5BC0023F00803236110BD38B50D46026A8B00E9
:10A5CC00016843F0020342F82130044601682A4630
:10A5DC00FFF7D8FFE36861682060984202BF2369E7
:10A5EC0043F0080323612A462046FFF7CBFF606047
:10A5FC0038BD2DE9F74FC768066A9B4606EB870303
:10A60C00009316F8273003F00303022B0446884608
:10A61C0091464FF000030BD01360CBF80030236948
:10A62C009B0713D44FF0000A504603B0BDE8F08FDF
:10A63C0056F8271013608908CBF80030EFD0FFF7DD
:10A64C00AFFFE368A3604FF0010AEDE7E36906EBA7
:10A65C008700984716F8272012F0010A0546E1D02A
:10A66C0012F002021FD0B8F1000F03D04146204671
:10A67C00FFF7A2FF61682A462046FFF783FFD4E963
:10A68C0002219142606006D12A462046FFF77AFFEC
:10A69C004FF0000AA060A2682260E260226942F0DA
:10A6AC0008022261C0E7014620460192FFF778FFBD
:10A6BC00E368A360B8F1000F04D02168236A019A03
:10A6CC0043F8212005EB0802CBF800202168204636
:10A6DC00FFF758FF2369206043F00803236116F845
:10A6EC0027306FF3000306F82730009BC9F80030C1
:10A6FC00A9E770B504461546FFF744FF236883426B
:10A70C0005D12369216023F00803236170BD226AFF
:10A71C00AB0043F0020342F82130204661682A4620
:10A72C00FFF730FF6060F1E738B503695B0704465B
:10A73C0006D5856AFFF715FF85422CBFA562A0627E
:10A74C0038BD838B13F0070305D10368002B0CBFB6
:10A75C00002003207047022B05D1C08BB0FA80F08B
:10A76C00400980007047012B05D10368002B0CBFFA
:10A77C000020052070470020704710B50C4600B132
:10A78C0011B96FF0150010BD081D00F02FF800284E
:10A79C00F9D1A368032BF6D9F3E72DE9F0410D4667
:10A7AC0007461946281D90461E46F7F7C5F804467D
:10A7BC0038B13346424629463846A446BDE8F041F6
:10A7CC006047BDE8F08138B50C46054658B151B12B
:10A7DC000B6843B14B6833B12022002100F069FFB4
:10A7EC002C61002038BD6FF01500FBE7034658B113
:10A7FC00426802F00302012A03D0032A04D1026842
:10A80C0012B10020986070476FF0150070477047C8
:10A81C0003785B075FBF03684288C3F34A2303EBEB
:10A82C0012105DBF173020F0070080080020704721
:10A83C000020704700F06CBB0346BFF35B8F53E8FE
:10A84C00000F421C43E800210029F8D1BFF35B8FB5
:10A85C0070471FB50023CDE90201CDE900331A463C
:10A86C0019461846F7F7BEFC05B05DF804FB01204D
:10A87C00F7F77EB9002070474368DA7143681960B6
:10A88C00436801225A71F7F765B970B515460C4645
:10A89C0069B1D2E901369B1B99420AD813680A4662
:10A8AC000146981900F0F7FEAB682344AB602046D4
:10A8BC0070BD6FF01B00FBE770B50E4615461946D0
:10A8CC00044618B9BDE87040F7F752B933B1C2F37A
:10A8DC004A231030120D184400F0DDFEC4E9005676
:10A8EC002046BDE87040F7F7C7BB2DE9F3415F1C6C
:10A8FC004FEA8708064608F1170020F00700800889
:10A90C000C461546F7F7E6F90023ADF805308DF83F
:10A91C0007308DF8047068B10346019A43F8102F84
:10A92C00A8F104012A46294452F8045B43F8045F59
:10A93C008A42F9D1A20102F4E07242EA482222F0E2
:10A94C007F4222F47002002322F03F02314602B013
:10A95C00BDE8F041FFF7B0BF07B50123019201AA92
:10A96C00FFF7C3FF03B05DF804FB07B5CDE9002387
:10A97C0002236A46FFF7B9FF03B05DF804FB1FB56D
:10A98C00CDE90123069B039301AA0323FFF7ADFF37
:10A99C0005B05DF804FBF8B506460D4614461F4697
:10A9AC0004B9F8BD214628463A46B047241A054456
:10A9BC00F6E710B5426881680446D2E900230068C6
:10A9CC00FFF7E9FF636800221A6010BD0A2838B54A
:10A9DC0004460D4602D10D20F7F7A0FC294620466F
:10A9EC00F7F79CFC002038BD2DE9F043054687B0F5
:10A9FC0008460E8891F80090D1F808800C4617464E
:10AA0C00F7F760FC011EC6F38216C9F3C2091EDB00
:10AA1C004846F7F743FB03462146608851F8102B54
:10AA2C000196C2F34A22002A01EB0204C0F30B1078
:10AA3C0008BF00210022CDE90407CDE902140092E1
:10AA4C0041462846F7F79AFC07B0BDE8F08300238F
:10AA5C00E2E743681B685B680020196170472DE9C9
:10AA6C00F04143681B685A68012111751D68D5E9CE
:10AA7C000136D3E900482F681CB96B681C60BDE82F
:10AA8C00F081214630464246B847241A0644F3E783
:10AA9C0043681B681868F7F7FFBD70B543681D68FD
:10AAAC006B6818690C46F7F73FF8214603460F22EE
:10AABC002868BDE87040184700F0FBBD00F0EBBD06
:10AACC0001460068F7F72CBF08B5F7F785FFBDE81E
:10AADC000840F7F7A5BF0A460121FFF73DBF00214B
:10AAEC000120F7F71DBF6FF08500704761B662B6A5
:10AAFC0080F31188BFF36F8F704772B6002383F316
:10AB0C001188BFF36F8FBFF34F8F30BF62B6BFF3A7
:10AB1C006F8F704772B6002383F31188BFF36F8F6A
:10AB2C00BFF34F8F20BF80F31188BFF36F8F62B6D6
:10AB3C007047202809D9B0F1004F08D80138B0FA75
:10AB4C0080F0C0F11F0040007047082070473E2085
:10AB5C00704708B5D1E904319847002008BD08B505
:10AB6C00F8F7E2FD002008BDF8B5069F0469C9B2EC
:10AB7C00EFF31186202585F31288BFF36F8F0C2518
:10AB8C0069430C44A56C05F0070CBCF1010F0BD10B
:10AB9C00A76486F31188BFF36F8FC4E91023436851
:10ABAC005B5898470020F8BD05F0C005AF4286F30E
:10ABBC001188BFF36F8F0CBF6FF077004FF0FF3031
:10ABCC00F1E713B580240094FFF7CEFF02B010BD5F
:10ABDC000069CBB200EB4310002110471046FCF784
:10ABEC0065BBFAF7C5BB8022F8F744BE43685B68C7
:10ABFC00D3F810350B600020704743685B6802EA9D
:10AC0C00010021EA0201C3F80805C3F80C15002065
:10AC1C00704743685B680020C3F8081570474368A9
:10AC2C005B680020C3F80C15704743685A68D2F86B
:10AC3C00043521EA03000B40C2F80805C2F80C35B4
:10AC4C0000207047FAF792BF37B504460022012165
:10AC5C000320F8F769FA63685D6901AA00212846A8
:10AC6C0000F0E9F800280DDB019B2A6819791868B7
:10AC7C00F9F742FC002805DB204603B0BDE8304064
:10AC8C00F9F730BA03B030BD02780B69012A07D04E
:10AC9C00022A08D052B95A6603F15400FCF706BBDD
:10ACAC006FF00402F7E76FF00A02F4E76FF08B0223
:10ACBC00F1E72DE9F04F056985B006460C46904644
:10ACCC00039305F144094FF0FF324FF0FF33484630
:10ACDC00FCF76AFB05F1540A002200235046FCF7EE
:10ACEC0063FB2846FBF790F9002708F1FF3BB845BA
:10ACFC0001D8002322E0BB4588BF237D217A86BF83
:10AD0C0083F00403C3F3800300230193039B00939C
:10AD1C00D4E900233046F9F72FFA034670B94FF403
:10AD2C00804200235046FCF73FFB98B12846FBF7C6
:10AD3C0097F9304600F014F86FF00403284603939B
:10AD4C00FBF78EF94846FCF7B1FA039B184605B0A1
:10AD5C00BDE8F08F6B6E0C34002BEDD10137C6E7DC
:10AD6C0003691B68D3F80805D3F80C15FBF7ECBE88
:10AD7C0002780B69012A07D0022A08D052B91A6549
:10AD8C0003F14000FCF792BA6FF00D02F7E76FF099
:10AD9C000A02F4E76FF00402F1E738B504460569DE
:10ADAC000122114605F1300000F0E7FB012205F10C
:10ADBC004000002100F0E1FB2046BDE83840F9F7E7
:10ADCC0047BB00693030FCF7EFBA00693030FCF754
:10ADDC006DBA13B501AA044600F02DF8002805DB66
:10ADEC00019B226819791868F9F786FB02B010BD2F
:10ADFC0070B54568A86A0368D3F80845D3F80C65A4
:10AE0C00FBF738FB31462046FBF79EFE002104463B
:10AE1C00E869FFF7DEFFA86AFBF700FB204670BD70
:10AE2C0010B544680021E069FFF7D3FFA06ABDE8C4
:10AE3C001040FBF7F3BA30B543681360057A4468E9
:10AE4C0004EBC504A34202D36FF0010030BD5C7962
:10AE5C008C4201D00833F0E70020F7E743681B6809
:10AE6C00D3F88004C3F88004704742681368D3F8A1
:10AE7C00100150B1D269002012780A70C3F8100189
:10AE8C00D3F8102101221A6070474FF0FF30704741
:10AE9C0002680346D2F8580140B95B68DB0706D458
:10AEAC00D2F82001003818BF0120704701207047EC
:10AEBC0043681B68D3F80423D20517D5D3F8202197
:10AECC00A2B1EFF31182202181F31288BFF36F8FAF
:10AEDC00D3F8201131B10021C3F82011D3F820117F
:10AEEC000121D96082F31188BFF36F8FD3F85831E9
:10AEFC00704713B501AA0446FFF79DFF002805DB38
:10AF0C00019B226819791868F9F7F6FA02B010BD9E
:10AF1C0008B5F9F7E9FC08BD4FF08053D3F83001C0
:10AF2C00421C04BF4FF0704393F8E00F831F58424C
:10AF3C005841704703460020184700F007BB10B576
:10AF4C0002461168B1B1BFF35B8FB1FA81F3C3F163
:10AF5C001F000123834021EA030352E8004F8C4277
:10AF6C0004D142E8003CBCF1000FF6D1BFF35B8F7B
:10AF7C00E7D110BD6FF00B00FBE710B50368CB40B9
:10AF8C00DB0714D401238B400268BFF35B8F43EAC9
:10AF9C00020150E8004F944204D140E8001CBCF17F
:10AFAC00000FF6D1BFF35B8FEED1002010BD6FF018
:10AFBC001500FBE770B50C46002105460846164601
:10AFCC00F9F7BEFF00280ADB3378DB0003F180437E
:10AFDC0003F5F8330020C3F81055C3F8144570BDC1
:10AFEC0008B5FAF723F9BDE80840FAF7DDB938B52A
:10AFFC004FF080440223C4F808330123E36000239C
:10B00C00C4F80431D4F8043142F21075D4F8183471
:10B01C00DB0304D50120FFF790FF013DF6D138BDCD
:10B02C00430903BF4FF0FF3323FA00F000F0010097
:10B03C0000207047C9B200EB4100808AC0F3401079
:10B04C007047C9B200EB4100808AC0F340007047E2
:10B05C0008B50A460346FFF7F4FF18B11146184627
:10B06C00FFF7E8FF00F0010008BD70B5CBB2083364
:10B07C00164630F81330DA0504460D4609D5C3F3ED
:10B08C00432300EBC302314650F833305268284654
:10B09C009847A3682BB1E26831462846BDE870405A
:10B0AC00184770BD2DE9F341019001A8DDE908585E
:10B0BC000C4617461E46FAF7E1F9019B391E18BFDC
:10B0CC00012100EB8300231E18BF0123002E43EA4D
:10B0DC00410314BF0C210021002D43EA010314BFCE
:10B0EC004FF4E0610021B8F1000F43EA0103D0F8FE
:10B0FC00002714BF4FF4403100210B4322EA030315
:10B10C0004B124780FB13F787F001C430EB1367820
:10B11C00B6003C438DB1297809023443B8F1000FD5
:10B12C0003D098F800804FEA0848214341EA08010F
:10B13C00C0F8001702B0BDE8F0812946EDE71FB555
:10B14C000DF10F03019300238DF80F1000931A4695
:10B15C001946FFF7A7FF05B05DF804FB70B511F0B9
:10B16C0001040CD04FF0A046D6F820550560C6F867
:10B17C002055FAF763F908B1D6F8203505B9002443
:10B18C00204670BD2DE9F047002504468846D7B20D
:10B19C002E464FF00109AA46BD420CD1D4F87C31A1
:10B1AC0033B10023C4F87C31D4F87C3146F000462E
:10B1BC003046BDE8F0872846FAF78EF9A0F5807383
:10B1CC009B0809FA03F318EA030F05D022581AB1A9
:10B1DC0044F800A022581E430135EDB2DCE708B557
:10B1EC0002460B46FFF726FFC0B119461046FFF783
:10B1FC0028FF98B9DBB202EB43031068998A01234C
:10B20C00490B8B40C0F80833136803EB8103D3F868
:10B21C00102522F00302C3F8102508BD18460021A2
:10B22C00BDE80840FFF78BBF30B5D0F804312BB127
:10B23C000023C0F80431D0F80431012391F82F20F9
:10B24C0022B30022C0F82421D0F82441C0F81C21DC
:10B25C00D0F81C41C0F80821D0F80821002B79D077
:10B26C00002281F82D2091F82F20002A37D14D6B28
:10B27C008C6AA5421FBF0523C0F80025C0F8003515
:10B28C00134683F0010381F82F3028E0D0F82441D5
:10B29C0014B1C0F824210EE0D0F81C216AB3C0F818
:10B2AC001C41D0F81C214A6B01324A63D0F824515E
:10B2BC0045B1C0F82441D0F824210122426181F823
:10B2CC002F20CBE78C6AA24204D24C6AA25CC0F855
:10B2DC001C25C3E791F82C201AB10123C36100206F
:10B2EC0030BD0A6A12F0400F4FF0010203D0C26168
:10B2FC0081F82D20F3E74261B0E7D0F80841002C2B
:10B30C00ACD0C0F80821D0F80841D0F82441002C6A
:10B31C00BFD14A6B8C6AA242A0D24C6AD0F81855A5
:10B32C00A5544A6B8C6A0132651EAA424A6308D145
:10B33C000A6A540602D40222C0F8002201220262D8
:10B34C008CE7A242FAD10A6A520687D5022381F809
:10B35C002D30C4E70120C3E791F820200346032ACF
:10B36C0029D8DFE802F0212519028A68500304D598
:10B37C00D3F84C250869904207D18A6852031AD435
:10B38C00D3F84C258969914215D000200622C3F8C8
:10B39C000005C3F800257047D3F84C250869904286
:10B3AC00F3D1D3F83C25EDE7D3F84C250969EAE74E
:10B3BC00D3F83C25FAE70120704730B5A2F580752B
:10B3CC00AD080124AC400C4207D0815829B10021B2
:10B3DC00815082581A6822431A6030BD13B500237D
:10B3EC000C4601934FF4A47201ABFFF7E6FF214624
:10B3FC004FF48272FFF7E1FF21464FF49272FFF790
:10B40C00DCFF21464FF4A872FFF7D7FF21464FF41B
:10B41C00A672FFF7D2FF21464FF4B072FFF7CDFFB3
:10B42C004FF4AE722146FFF7C8FF019802B010BD71
:10B43C00F8B505468E68CF7B0C46FAF73FFF20B176
:10B44C00B6F1C86F08BF4FF0C4662B682FB9D4E9AA
:10B45C000012C3F80815C3F80C25C3F824656B68F3
:10B46C0033B12868BDE8F84040F30730F7F740BE29
:10B47C00F8BD07B5019001A8FBF748FB019A012321
:10B48C009340C0F8083503B05DF804FB0369C2684B
:10B49C0093429CBF81685B18013B981A70472DE959
:10B4AC00F041D0E902840546A8EB040640689642B8
:10B4BC0020440F46144404D900F0EDF8EC60BDE8CC
:10B4CC00F0813246A4EB080400F0E5F868682246E7
:10B4DC00B919F1E72DE9F843C568064689461746C0
:10B4EC004FF000083369B46870689D4228BF1B197F
:10B4FC00641BBC4203F1FF3328BF3C465B1B9C42E0
:10B50C0028BF1C4649462844224600F0C4F8B368BC
:10B51C002544AB4208BF00253F1BA044A144F56065
:10B52C00E0D14046BDE8F88308B5FBF73BFC0020B2
:10B53C0008BDEFF31180202383F31288BFF36F8FC4
:10B54C00704780F31188BFF36F8F704708B1F8F71D
:10B55C001DB9704740B1C368587810F001001EBF88
:10B56C001878B0FA80F040097047EFF3118320236C
:10B57C0083F31288BFF36F8FFEE73AB18A4205D38B
:10B58C00C0E90212C0E90000002070476FF01500FE
:10B59C007047EFF30580003818BF012070477430F6
:10B5AC007047D0E9003213605A600023C0E90033C1
:10B5BC00704738B504460D46FCF718F9637B43F029
:10B5CC0002036373E5B1A5602B689D4209D16B68DA
:10B5DC00C4E900531C606C6012E06A689A42F6D0B1
:10B5EC001B68002BF3D094F90E2093F90E108A42AD
:10B5FC00F3D09142F1DD5A68C4E9003214605C600A
:10B60C0038BD01211838FCF767BA08B50246FDF7BA
:10B61C002FF970B1D0E904319B1A61EBE272B3F1EE
:10B62C00004F72F1000104DA002AACBF184600206A
:10B63C0008BD6FF00040FBE708B5FDF727FB08BD20
:10B64C00FDF724BB0023C0E9081200F11802C0E981
:10B65C000622C0E9003303634363704710B5044608
:10B66C00FDF710FAA8B9636A0BB12046984704F1AC
:10B67C001800FCF70BFB60B1FCF7A0F9EFF311809D
:10B68C00202383F31288BFF36F8FBDE81040FCF7C3
:10B69C0091BB10BD70470A44914200F1FF3300D1B9
:10B6AC00704710B511F8014B03F8014F9142F9D1D5
:10B6BC0010BD02440346934200D1704703F8011BAE
:10B6CC00F9E710B50139044632B111F8013F00F821
:10B6DC00013B013A002BF7D10021FFF7EAFF20468E
:10B6EC0010BD10B5024601448A42134603D01C78A3
:10B6FC000132002CF8D1181A10BD2DE9F047C3F116
:10B70C003709074688465FFA89F903F01F05164684
:10B71C004FF0000A384641462A465346F4F7D8FC07
:10B72C00D4B2092C88BF4C443A46434688BFE4B295
:10B73C00AA4204F1300473EB0A0306F8014B0746E6
:10B74C008846E7D23046BDE8F0872DE9F04F87B048
:10B75C000618994602AB41EB01040093154630469E
:10B76C00D2E900232146DDF844B000F0A9F804AB7F
:10B77C000093D5E90223074688463046214600F05F
:10B78C009FF8DDE90263841951EB0306049BD5E9AC
:10B79C0000014FF0000228BF0122D218059B43F193
:10B7AC000003381848EB0101B84271EB0801D5E9E8
:10B7BC0002C134BF0120002014EB0C0C46EB01013C
:10B7CC0010EB0C0041F10001A04271EB060C34BFF0
:10B7DC004FF0010C4FF0000CCDE90423A9F1410A04
:10B7EC001CEB020243F10003CDF800A000F083F83B
:10B7FC00109BC3E90001129B012BDDE9042329D125
:10B80C00D5E90201D5E900C5201A66EB01016745AF
:10B81C0078EB050534BF01250025401B61F10001C3
:10B82C00844276EB010534BF01250025521BCDF86F
:10B83C0000A063F1000300F05EF8DDE90423CBE91E
:10B84C000001CDF800A02046314600F054F807B0B6
:10B85C00BDE8F08F17EB070E48EB080C201946EBF0
:10B86C000601BE457CEB080834BF01270027C71929
:10B87C0041F10008D5E9000186457CEB010CD5E9C6
:10B88C00021534BF01200020381A68F1000C401A50
:10B89C006CEB050192185B41A74278EB060534BFAF
:10B8AC0001250025521943F10003874278EB01086A
:10B8BC0034BF01250025521BA9F140050095B8E7BE
:10B8CC00F0B50F460446A0FB0201A7FB0252491932
:10B8DC00A3FB044542F10002A7FB0373611845F179
:10B8EC000004D219059E43F10003121943F1000321
:10B8FC00C6E90023F0BDF0B5059CC4F14007C4F1C6
:10B90C00200602FA06F6A4F12005BB4022FA05F542
:10B91C003343C4F120062B4301FA06F6A4F12005AB
:10B92C00E04021FA05F53043BA402843E14010438A
:10B93C001943F0BD2DE9F0410446CD0FC1F30A5077
:10B94C00C1F3130154EA0107157140F2FF7607D0D9
:10B95C00B0420CD145F0080515710020BDE8F0810E
:10B96C00002863D0B0425ED145F00405F4E700280E
:10B97C0059D10120A0F2FF30002B106059DB0C2BA9
:10B98C0059DCC3F10D05AD00012005F1FF3CA5F11B
:10B99C002107C5F1210620FA06F600FA07F700FA8E
:10B9AC000CF03743061847EB0708D6F1000E68EB8E
:10B9BC00480C013E48F1FF38264008EA0108B04225
:10B9CC0077EB08080FDBC5F12008B5F1200601FA6A
:10B9DC0008F824FA05F545EA08055CBF41FA06F6B5
:10B9EC003543ED0703D52018044641EB070104EA63
:10B9FC000E0401EA0C019DF81860123218460D2550
:10BA0C00C6F127064FF0300E04F00F03240944EA68
:10BA1C00017405F1FF3C0911571EB3B9A8420CDAA9
:10BA2C0065463A46F0E741F48011A3E70446014627
:10BA3C00A2E70023DFE70D23DDE782F800E01CF12D
:10BA4C00010365463A46DFD188E7092BC8BF9B192D
:10BA5C003033A8421370B8BF2846F0E7D1E904325E
:10BA6C0093421EBF5A1C0A61187070470148006847
:08BA7C0070470000041A0020CD
:08BA84008C46FF7F0100000069
:10BA8C00BD370000000000008137000000000000FE
:10BA9C0000000000FCBA000035B5000000000000FA
:10BAAC000000000018BB00000000000034BB0000C8
:10BABC00293C000000000000893C00000000000050
:10BACC00554B00000000000085190000000000002C
:10BADC005D370000000000000000000050BB0000BB
:10BAEC00000000006CBB0000C1280000000000003A
:10BAFC0052D400008CC1000014BD0000FC110020C9
:10BB0C00401A002021390000000000007AD5000006
:10BB1C00A4C10000C0BC0000FE1100209C1A002033
:10BB2C00B54000000000000052D7000008C2000021
:10BB3C0030BD000004120020001B00202147000033
:10BB4C00000000008CD50000B8C10000E4BC00006F
:10BB5C00001200205011002055AC00000000000025
:10BB6C00C9D60000B8110020FCBC00000212002055
:0CBB7C00A81A0020A7AD00000000000087
:10BB8800EDAF000041AF000000000000EBAA00008C
:10BB980034BB0000BDAE000050110020ED61000074
:10BBA800A81A0020DD68000000000000EBAA0000D1
:10BBB800E010002051AC000000000000EBAA0000DB
:10BBC80000000000EBAA000000000000EBAA000043
:10BBD80000000000EBAA000000000000EBAA000033
:10BBE80000000000EBAA000000000000EBAA000023
:10BBF80000000000EBAA000000000000EBAA000013
:10BC080000000000EBAA00000000000055490000F9
:10BC180000000000EBAA000000000000EBAA0000F2
:10BC280000000000EBAA000000000000EBAA0000E2
:10BC380000000000EBAA000000000000EBAA0000D2
:10BC480000000000EBAA000000000000EBAA0000C2
:10BC580000000000EBAA000000000000EBAA0000B2
:10BC680000000000EBAA000000000000EBAA0000A2
:10BC780000000000EBAA000000000000EBAA000092
:10BC880000000000EBAA000000000000EBAA000082
:10BC980000000000EBAA000000000000EBAA000072
:10BCA80000000000EBAA000000000000EBAA000062
:08BCB80000000000EBAA0000EF
:10BCC000293F0000F9AB000007AC00001FAC0000EA
:10BCD0002BAC000037AC0000B53D0000D93C0000A3
:04BCE0000000000060
:10BCE4004141000000000000BFAC00000000000063
:10BCF400000000006DAD0000B14300000000000032
:10BD0400194200000000000000000000FDAD00002A
:10BD140079390000F3AB0000CFAB00000000000055
:0CBD240049380000000000000000000092
:0CBD300077AE00006946000069AE00001C
:10BD3C00C1C60000030000006DD400000300000029
:10BD4C0088D500000300000099D500000300000016
:10BD5C00D6D60000030000007DC9000003000000DF
:10BD6C0081C9000003000000B7CB000003000000F5
:10BD7C00E5D100000300000066DF000003000000B6
:10BD8C00EDD3000003000000E5C700000300000035
:08BD9C0060D700000300000065
:10BDA400F4C00000C81900203ECB000001000000D0
:10BDB40038C10000C8100020A6CB0000010000001C
:10BDC400040000000F000000010000000800000053
:10BDD4002000000060000000700000000D00000062
:10BDE4000C0000000E000000500000007400000071
:10BDF400A8000000FFFFFFFFFFFFFFFFFFFFFFFFA3
:04BE0400FFFFFFFF3E
:10BE10000338FDD87047000001000000000000005A
:10BE200005000000000000001900000000000000F4
:10BE30007D00000000000000710200000000000012
:10BE4000350C000000000000093D0000000000006B
:10BE50002D31010000000000E1F5050000000000A8
:10BE600065CD1D0000000000F902950000000000F3
:10BE7000DD0EE90200000000514A8D0E00000000B6
:10BE80009573C24800000000E941CC6B010000003E
:10BE90008D49FD1A07000000C16FF28623000000E3
:10BEA000C52EBCA2B1000000D9E9AC2D780300007A
:10BEB0003D9160E45811000031D6E275BC56000097
:10BEC000F52E6E4DAEB10100C9EA268367780800F1
:10BED000ED95C28F055A2A00A1EDCCCE1BC2D3002E
:10BEE00025A4000A8BCA2204000000000000000004
:10BEF0000000000000000010000000000000000032
:10BF0000B9340332B7F4AD1410DB1AB30892540EEF
:10BF10000D307D951447BA1A66088F4D26ADC66D53
:10BF2000F598BF85E2B74511CA96853D92BD1DEBD8
:10BF3000FCA11860DCEF52163C92AE220BB8C1B4E3
:10BF4000839D2D5B0562DA1C304C7E8F4E8BB25B7D
:10BF500016F4529F8B56A512FBD4827643ED8AF0DD
:10BF60008FE7F9311565191850F19BD94A13EEB4D2
:10BF7000284CF0A686C1251F035FC270CB9E4916D0
:10BF8000E642889C44EB2014B0650836AD6EA5856A
:10BF900085F0CA14E2FD031A0B899979D5B13D09E0
:10BFA000D8DA973A35EBCF10AC363F5E73BB38CF5B
:10BFB0003E6752FA44AFBA150100000000000000CD
:10BFC0000000000000000020345065C05FC9A65288
:10BFD000BB13CBAEC440C21806C8DF7100D5A87C25
:10BFE000F56F0FDA58FC27136E4756357D24206510
:10BFF00002C7E768E48CA41DE9E60268D7CD396181
:10C000007977FCC2405BEF16798CDE43FFA751F9CC
:10C0100091F3B278F5BDBE11E857E9D6E8BEE87BEA
:10C02000B054AC8F848D751BEA23A499E9F9D38BA6
:10C03000B7A3714061DA3E15CEE33ECB73F94808F1
:10C040008C97B427D51B7010A2BFEFB9EB853215C2
:10C050004DB44DB49BBB6F1996B6076CF8E7EEADC7
:10C0600036D9B4F59135AE13222218AF4E6A684D19
:10C0700091DAAA3D4F40741E9FBD9EE006A1C09874
:10C0800057C2A7FDA40E90170E7D497173E3208F50
:10C09000B220D87605143B12853D7434811343B029
:10C0A000AD297A5F27F4351C081300200001000039
:10C0B0007BA800001DA8000002000000F5A90000F8
:10C0C0000000000000000000000000000000000070
:10C0D0001ECB000026CB0000000000000000000086
:10C0E000000000002ECB000032CB000036CB000059
:10C0F0003ACB00004D2700004127000071270000C7
:10C100002927000000000000352700000000000083
:10C11000CD270000D0190020801B00201000000057
:10C1200028C10000E019002055280000F81900205F
:10C13000901B002001000000A7AA00009DAA00009B
:10C140006BAA000079280000000000005FAA000030
:10C1500000000000C01000200000000000000B06DE
:10C160000200000068C1000000000000DED30000F3
:10C170002400020600000020E6D300001E000B1180
:10C18000D9370000F938000000000000753A0000BF
:10C190001538000061D40000AD390000EFAB00009D
:10C1A00067D40000FFFFFFFF00000050E0100020F8
:10C1B000000000000000000000000000000000007F
:10C1C000000098010000010195AC0000D0C1000002
:10C1D00000300040DCC1000001000000E4C10000AC
:10C1E000020000001A00000C1B00000B0040004081
:10C1F000F8C100000100000000C2000002000000C1
:10C200001A00000C1B00000B002000400100000081
:10C210000000000028C200000000D601000000005D
:10C22000951D0020941D00200020004034C2000015
:10C23000010000003CC200000400000006000000F5
:10C24000080000010500000207000003ACDE00004A
:10C25000BADE0000CEDE0000DDDE0000E9DE000018
:10C260008CBA000094BA0000CCBA0000D4BA000026
:10C27000F4BA0000FCBA000000000000000000005A
:10C2800000000000000000000000004095596959BE
:10C2900055555455155555560405154110545540DE
:10C2A0004551554440455044505555450040004087
:10C2B00040044496655556554540455451411540F6
:10C2C000559155555555405105010000544554545C
:10C2D00045550504001004101404400000000140FE
:10C2E0005555154154040000440001000000004071
:10C2F0004100004450444550540055555455655133
:10C30000004000400100000100050100115451519E
:10C31000545555050000000000000000000000001A
:10C320004251323538393520546573742053746165
:10C3300072740A00537461747573207265616420AD
:10C340006572726F720A004261747465727920724C
:10C35000656164206572726F720A0042617474656F
:10C360007279204C6576656C3A2025642F330A007B
:10C3700042515F7374617475733A204920414D20B6
:10C380004120434855442E207468657265206861D9
:10C3900073206265656E20616E206572726F720D2A
:10C3A0000A004251205245473042203D2030782536
:10C3B0003032580D0A00574553545F544F5044498A
:10C3C000522F7A65706879722F6C69622F68656187
:10C3D000702F686561702E63006368756E6B5F75A2
:10C3E00073656428682C20632900415353455254D7
:10C3F000494F4E204641494C205B25735D2040202B
:10C4000025733A25640A0009756E65787065637452
:10C4100065642068656170207374617465202864A8
:10C420006F75626C652D667265653F2920666F7257
:10C43000206D656D6F72792061742025700A006C23
:10C440006566745F6368756E6B28682C2072696717
:10C4500068745F6368756E6B28682C2063292920D7
:10C460003D3D20630009636F7272757074656420CE
:10C470006865617020626F756E64732028627566EE
:10C48000666572206F766572666C6F773F292066ED
:10C490006F72206D656D6F72792061742025700A4E
:10C4A000006279746573203E20686561705F666F15
:10C4B0006F7465725F6279746573286279746573ED
:10C4C000290009686561702073697A6520697320A5
:10C4D000746F6F20736D616C6C0A00686561705FCA
:10C4E000737A203E206368756E6B737A2873697A5D
:10C4F000656F6628737472756374207A5F6865610E
:10C50000702929006368756E6B305F73697A6520E6
:10C510002B206D696E5F6368756E6B5F73697A65FA
:10C52000286829203C3D20686561705F737A005758
:10C530004553545F544F504449522F7A657068797F
:10C54000722F6C69622F6F732F63627072696E74E1
:10C55000665F7061636B616765642E630009537485
:10C5600072696E67207769746820746F6F206D61DF
:10C570006E7920617267756D656E74730A00097358
:10C5800074725F7074725F706F735B5D20746F6F35
:10C5900020736D616C6C0A0009756E657870656357
:10C5A0007465642073697A652025750A0009746FC3
:10C5B0006F206D616E7920666F726D61742061729B
:10C5C00067730A00696E5F7061636B616765642001
:10C5D000213D202828766F6964202A2930290028E7
:10C5E000756E7369676E6564292063686172202ABD
:10C5F000207573656420666F722025257020617236
:10C6000067756D656E742E2049742773207265639B
:10C610006F6D6D656E64656420746F206361737403
:10C6200020697420746F20766F6964202A20626507
:10C630006361757365206974206D6179206361752C
:10C640007365206D69736265686176696F722069D0
:10C650006E206365727461696E20636F6E666967D0
:10C6600075726174696F6E732E20537472696E6790
:10C670003A2225732220617267756D656E743A25C2
:10C680006400736370795F636E74203C2073697A11
:10C69000656F66286370795F7374725F706F73295A
:10C6A000006B6565705F636E74203C2073697A650A
:10C6B0006F66286B6565705F7374725F706F732946
:10C6C0000063627072696E74665F7061636B61674C
:10C6D0006500574553545F544F504449522F7A6573
:10C6E000706879722F696E636C7564652F7A6570F6
:10C6F0006879722F6B65726E656C2E6800216B5FB6
:10C7000069735F7072655F6B65726E656C28290076
:10C71000096B5F63757272656E745F676574206321
:10C72000616C6C6564207072652D6B65726E656CF2
:10C730000A00574553545F544F504449522F7A656D
:10C74000706879722F6C69622F6F732F6D707363CD
:10C750005F706275662E6300657272203D3D203009
:10C7600000574553545F544F504449522F7A6570D7
:10C770006879722F696E636C7564652F7A6570686D
:10C7800079722F7370696E6C6F636B2E68007A5FBD
:10C790007370696E5F6C6F636B5F76616C69642840
:10C7A0006C290009496E76616C6964207370696E4A
:10C7B0006C6F636B2025700A007A5F7370696E5F1F
:10C7C000756E6C6F636B5F76616C6964286C2900B1
:10C7D000094E6F74206D79207370696E6C6F636B96
:10C7E0002025700A007379735F6765746F70740039
:10C7F000574553545F544F504449522F7A657068DF
:10C8000079722F6C69622F7574696C732F6F6E6FFC
:10C8100066662E63007374617465203D3D2030555B
:10C8200000217379735F736C6973745F69735F65FB
:10C830006D70747928266D67722D3E636C69656E24
:10C84000747329007472616E73697420213D20280D
:10C8500028766F6964202A29302900737461746511
:10C86000203D3D202831554C203C3C2028312929B1
:10C87000006D67722D3E72656673203D3D2030006D
:10C880007374617465203D3D202831554C203C3C3B
:10C89000202830292900574553545F544F504449AC
:10C8A000522F7A65706879722F6C69622F7574697E
:10C8B0006C732F6E6F746966792E63006C6F676797
:10C8C000696E6700574553545F544F504449522F87
:10C8D0007A65706879722F7375627379732F6C6FD4
:10C8E0006767696E672F6C6F675F636F72652E6332
:10C8F000006C6F675F6261636B656E645F636F7529
:10C900006E745F6765742829203C20282833322004
:10C910002F20335529202D202831202B2030292964
:10C92000006261636B656E64203C3D205F6C6F67E5
:10C930005F6261636B656E645F6C6973745F656E83
:10C94000640009756E6578706563746564206C6950
:10C95000737420656E64206C6F636174696F6E0A16
:10C96000006C6F675F6261636B656E645F636F75B8
:10C970006E745F6765742829203E2030006C6F67F5
:10C98000006C6F675F6D676D74004D6573736167F1
:10C9900065202822257322292064726F70706564D7
:10C9A00020626563617573652069742065786365CD
:10C9B0006564732073697A65206C696D697461744C
:10C9C000696F6E202825752900574553545F544FD1
:10C9D000504449522F7A65706879722F737562736B
:10C9E00079732F6C6F6767696E672F6C6F675F6D08
:10C9F00073672E6300706C656E203E3D2030004DE5
:10CA00006573736167652064726F7070656420621E
:10CA10006563617573652069742065786365656415
:10CA2000732073697A65206C696D69746174696FCC
:10CA30006E202825752900574553545F544F5044A4
:10CA400049522F7A65706879722F737562737973A2
:10CA50002F6C6F6767696E672F6C6F675F6F757498
:10CA60007075742E63006F75745F6374782D3E6308
:10CA70006F6E74726F6C5F626C6F636B2D3E6F666E
:10CA800066736574203C3D206F75745F6374782D08
:10CA90003E73697A65001B5B306D006C6576656C72
:10CAA000203C3D203400257320005B2530386C7518
:10CAB0005D20005B253032753A253032753A2530DD
:10CAC00032752E253033752C253033755D200025C9
:10CAD000732F003C25733E200025733A20006572B9
:10CAE00072203E3D2030002530327820002020206A
:10CAF000007C00256300206D65737361676573209A
:10CB000064726F70706564202D2D2D0D0A1B5B30D3
:10CB10006D001B5B313B33316D2D2D2D20001B5BD8
:10CB2000313B33316D001B5B313B33336D0065723C
:10CB3000720077726E00696E6600646267006C6FE7
:10CB4000675F6261636B656E645F72747400574502
:10CB500053545F544F504449522F7A65706879722C
:10CB60002F7375627379732F6C6F6767696E672FA8
:10CB70006261636B656E64732F6C6F675F62616384
:10CB80006B656E645F756172742E630064657669AF
:10CB900063655F69735F726561647928756172743A
:10CBA0005F64657629006C6F675F6261636B656EB9
:10CBB000645F75617274006C6F675F756172740099
:10CBC0002A2A2A20426F6F74696E67206E524620AF
:10CBD000436F6E6E6563742053444B2076332E335F
:10CBE0002E302D6261313637643966336462342009
:10CBF0002A2A2A0A002A2A2A205573696E67205A8F
:10CC00006570687972204F532076342E332E39396F
:10CC10002D666439323034613032643532202A2A4C
:10CC20002A0A0072302F61313A20203078253038BE
:10CC300078202072312F61323A2020307825303828
:10CC400078202072322F61333A2020307825303816
:10CC5000780072332F61343A2020307825303878CC
:10CC6000207231322F69703A2020307825303878A0
:10CC7000207231342F6C723A202030782530387889
:10CC80000020787073723A20203078253038780090
:10CC90004661756C74696E6720696E737472756332
:10CCA00074696F6E206164647265737320287231D9
:10CCB000352F7063293A2030782530387800556E4A
:10CCC00068616E646C6564204952516E3A20256437
:10CCD000002A2A2A2A2A20425553204641554C54DC
:10CCE000202A2A2A2A2A002020537461636B696E45
:10CCF00067206572726F72002020556E73746163D5
:10CD00006B696E67206572726F72002020507265C9
:10CD10006369736520646174612062757320657254
:10CD2000726F720020204246415220416464726555
:10CD300073733A2030782578002020496D70726531
:10CD40006369736520646174612062757320657224
:10CD5000726F72002020496E737472756374696F0C
:10CD60006E20627573206572726F72002020466CAF
:10CD70006F6174696E672D706F696E74206C617A73
:10CD80007920737461746520707265736572766161
:10CD900074696F6E206572726F72002A2A2A2A2ABD
:10CDA000205553414745204641554C54202A2A2AB4
:10CDB0002A2A0020204469766973696F6E2062799F
:10CDC000207A65726F002020556E616C69676E6510
:10CDD00064206D656D6F72792061636365737300A4
:10CDE00020204E6F20636F70726F636573736F7274
:10CDF00020696E737472756374696F6E730020209E
:10CE0000496C6C6567616C206C6F6164206F662093
:10CE10004558435F52455455524E20696E746F20F9
:10CE20005043002020496C6C6567616C2075736508
:10CE3000206F6620746865204550535200202041C1
:10CE40007474656D707420746F2065786563757493
:10CE50006520756E646566696E656420696E7374BD
:10CE600072756374696F6E002A2A2A2A2A204D502F
:10CE700055204641554C54202A2A2A2A2A0020208F
:10CE8000537461636B696E67206572726F722028DC
:10CE9000636F6E746578742061726561206D696777
:10CEA0006874206265206E6F742076616C696429F5
:10CEB00000202044617461204163636573732056D0
:10CEC000696F6C6174696F6E0020204D4D46415250
:10CED00020416464726573733A20307825780020AD
:10CEE00020496E737472756374696F6E2041636359
:10CEF0006573732056696F6C6174696F6E00574576
:10CF000053545F544F504449522F7A657068797278
:10CF10002F617263682F61726D2F636F72652F636B
:10CF20006F727465785F6D2F6661756C742E630027
:10CF3000212828285343425F54797065202A2920EC
:10CF4000282830784530303045303030554C292055
:10CF50002B20307830443030554C2920292D3E4349
:10CF60004653522026202831554C203C3C20283066
:10CF700055202B2034552929290009537461636BEE
:10CF8000696E67206572726F72206E6F7420612007
:10CF9000737461636B206661696C0A0A0052657381
:10CFA000657276656420457863657074696F6E207C
:10CFB000280053707572696F757320696E7465729D
:10CFC0007275707420284952512000535053454CBB
:10CFD00020696E20746872656164206D6F646520DD
:10CFE000646F6573206E6F7420696E646963617429
:10CFF00065205053500065736620213D2028287617
:10D000006F6964202A293029000945534620636F3F
:10D01000756C64206E6F742062652072657472692D
:10D0200065766564207375636365737366756C6C90
:10D03000792E205368616C6C206E65766572206F66
:10D04000636375722E0A002A2A2A2A2A204841522E
:10D0500044204641554C54202A2A2A2A2A002020BE
:10D06000427573206661756C74206F6E20766563FF
:10D07000746F72207461626C652072656164002057
:10D08000204465627567206576656E7400202046D1
:10D0900061756C7420657363616C6174696F6E2077
:10D0A000287365652062656C6F772900415243489B
:10D0B0005F45584345505420776974682072656114
:10D0C000736F6E2025780A00094661756C742065BF
:10D0D0007363616C6174696F6E20776974686F75D2
:10D0E000742046535220696E666F0A0009486172C7
:10D0F000644661756C7420776974686F7574204834
:10D1000046535220696E666F205368616C6C206EC6
:10D1100065766572206F636375720A002A2A2A2A6F
:10D120002A204465627567206D6F6E69746F722086
:10D13000657863657074696F6E202A2A2A2A2A002E
:10D140002A2A2A2A2A20257320256429202A2A2AE5
:10D150002A2A00574553545F544F504449522F7A5E
:10D1600065706879722F617263682F61726D2F63C9
:10D170006F72652F636F727465785F6D2F6972715E
:10D180005F6D616E6167652E63007072696F203C30
:10D190003D20282831554C203C3C2028332929208B
:10D1A0002D2031290009696E76616C6964207072E6
:10D1B000696F7269747920256420666F7220256416
:10D1C00020697271212076616C756573206D7573AD
:10D1D00074206265206C657373207468616E20250D
:10D1E0006C750A0A006D7075004661696C65642093
:10D1F000746F20616C6C6F63617465206E6577205D
:10D200004D505520726567696F6E2025750A005074
:10D210006172746974696F6E2025753A2073616E4E
:10D2200069747920636865636B206661696C656405
:10D230002E00574553545F544F504449522F7A653E
:10D24000706879722F617263682F61726D2F636FDE
:10D2500072652F6D70752F61726D5F6D70752E63C5
:10D260000009436F6E6669677572696E6720257580
:10D2700020737461746963204D505520726567692D
:10D280006F6E73206661696C65640A0A0009436FFA
:10D290006E6669677572696E672025752064796EA0
:10D2A000616D6963204D505520726567696F6E73BB
:10D2B000206661696C65640A0A00095265717565CA
:10D2C000737420746F20636F6E6669677572653A58
:10D2D00020257520726567696F6E732028737570DD
:10D2E000706F727465643A202575290A0A00212836
:10D2F000726567696F6E5B6964785D2E64745F61E7
:10D300007474722026202831554C203C3C20283053
:10D31000292929000952414D5F4E4F434143484559
:10D3200020776974682044545F4D454D5F43414305
:10D33000484541424C452061747472696275746558
:10D340000A0A00094661696C656420746F20616C8B
:10D350006C6F63617465204D505520726567696F0D
:10D360006E732066726F6D2044540A0A00282828C4
:10D370004D50555F54797065202A2920282830782F
:10D380004530303045303030554C29202B20307816
:10D3900030443930554C2920292D3E5459504520D0
:10D3A00026202830784646554C203C3C20385529CC
:10D3B00029203E3E203855203D3D20380009496E49
:10D3C00076616C6964206E756D626572206F66208F
:10D3D0004D505520726567696F6E730A0A00464C9E
:10D3E0004153485F30005352414D5F3000736F63CB
:10D3F00000574553545F544F504449522F7A65703B
:10D400006879722F647269766572732F636C6F63CB
:10D410006B5F636F6E74726F6C2F636C6F636B5FA7
:10D42000636F6E74726F6C5F6E72662E63007479D8
:10D430007065203C20434C4F434B5F434F4E54524A
:10D440004F4C5F4E52465F545950455F434F554EC7
:10D450005400636C6F636B403430303030303030A8
:10D46000006866636C6B006C66636C6B00636C6F6A
:10D47000636B5F636F6E74726F6C00574553545FDC
:10D48000544F504449522F7A65706879722F696EF3
:10D49000636C7564652F7A65706879722F64726940
:10D4A000766572732F6770696F2F6770696F5F752C
:10D4B00074696C732E680063616C6C6261636B00ED
:10D4C000094E6F2063616C6C6261636B210A0063BB
:10D4D000616C6C6261636B2D3E68616E646C657239
:10D4E00000094E6F2063616C6C6261636B20686140
:10D4F0006E646C6572210A00574553545F544F5057
:10D500004449522F6D6F64756C65732F68616C2F81
:10D510006E6F726469632F6E7266782F68616C2F0C
:10D520006E72665F6770696F2E68006E72665F6705
:10D5300070696F5F70696E5F70726573656E745F3E
:10D54000636865636B282A705F70696E29005745B0
:10D5500053545F544F504449522F7A657068797222
:10D560002F647269766572732F6770696F2F6770A9
:10D57000696F5F6E7266782E63006770696F403501
:10D58000303030303030300069326300693263400F
:10D590003430303033303030006932635F6E726661
:10D5A000785F747769004661696C656420746F20E8
:10D5B000696E697469616C697A652064657669630E
:10D5C000653A20257300756E737570706F7274659F
:10D5D000642073706565640031302D626974204980
:10D5E0003243204164647220646576696365732008
:10D5F0006E6F7420737570706F72746564004E6521
:10D60000656420746F207573652074686520696E89
:10D610007465726E616C20647269766572206275E1
:10D620006666657220627574206974732073697A06
:10D630006520697320696E73756666696369656ED6
:10D640007420282575202B202575203E202575293E
:10D650002E2041646A75737420746865207A657041
:10D660006879722C636F6E6361742D6275662D73B9
:10D67000697A65206F72207A65706879722C666CA1
:10D680006173682D6275662D6D61782D73697A6599
:10D690002070726F70657274792028746865206FCD
:10D6A0006E652077697468206772656174657220A1
:10D6B00076616C75652920696E2074686520222565
:10D6C0007322206E6F64652E0069326340343030FF
:10D6D0003034303030006932635F6E7266785F7468
:10D6E00077696D00547279696E6720746F20747267
:10D6F000616E73666572206D6F7265207468616E0D
:10D7000020746865206D6178696D756D2073697A24
:10D710006520666F7220746869732064657669633A
:10D72000653A202564203E202564000001020304A0
:10D730000506074661696C656420746F20616C6C36
:10D740006F6361746520505049204368616E6E6557
:10D750006C007561727440343030303230303000DB
:10D76000756172745F6E7266785F75617274650060
:10D7700000000000010000000101000001010101A2
:10D7800000000000574553545F544F504449522FF6
:10D790006D6F64756C65732F68616C2F6E6F72644A
:10D7A00069632F6E7266782F68656C706572732F6F
:10D7B0006E7266785F677070695F7070692E630063
:10D7C000705F6770706920213D202828766F69643A
:10D7D000202A29302900574553545F544F5044495B
:10D7E000522F6D6F64756C65732F68616C2F6E6F4F
:10D7F000726469632F6E7266782F647269766572DF
:10D80000732F7372632F6E7266785F636C6F636BD6
:10D810002E63006D5F636C6F636B5F63622E6D6F71
:10D8200064756C655F696E697469616C697A656459
:10D8300000574553545F544F504449522F6D6F6405
:10D84000756C65732F68616C2F6E6F726469632FDE
:10D850006E7266782F647269766572732F73726365
:10D860002F6E7266785F636C6F636B5F6866636C64
:10D870006B2E63000000010101574553545F544F64
:10D88000504449522F6D6F64756C65732F68616CDD
:10D890002F6E6F726469632F6E7266782F6472697F
:10D8A000766572732F7372632F6E7266785F636C26
:10D8B0006F636B5F6C66636C6B2E6300000001012D
:10D8C00001574553545F544F504449522F6D6F6474
:10D8D000756C65732F68616C2F6E6F726469632F4E
:10D8E0006E7266782F68616C2F6E72665F67706902
:10D8F0006F74652E6800696E646578203C2038007E
:10D90000574553545F544F504449522F6D6F6475BF
:10D910006C65732F68616C2F6E6F726469632F6E14
:10D920007266782F647269766572732F7372632FD3
:10D930006E7266785F6770696F74652E6300705FE2
:10D94000696E7374616E636500705F6368616E6EAB
:10D95000656C0070696E5F6861735F747269676798
:10D96000657228705F696E7374616E63652C2070D8
:10D97000696E2900696E745F656E61626C65000096
:10D9800000010101574553545F544F504449522FF1
:10D990006D6F64756C65732F68616C2F6E6F726448
:10D9A00069632F6E7266782F647269766572732F61
:10D9B0007372632F6E7266785F7477692E6300707E
:10D9C0005F696E7374616E636520262620705F63E5
:10D9D0006F6E66696700705F636F6E6669672D3E84
:10D9E00073636C20213D20705F636F6E6669672DE5
:10D9F0003E73646100705F63622D3E737461746591
:10DA0000203D3D204E5246585F4452565F5354418C
:10DA100054455F494E495449414C495A4544007068
:10DA20005F63622D3E737461746520213D204E5208
:10DA300046585F4452565F53544154455F554E49D2
:10DA40004E495449414C495A45440028705F63622D
:10DA50002D3E7374617465203D3D204E5246585FE3
:10DA60004452565F53544154455F504F57455245B9
:10DA7000445F4F4E29202626202828705F7866654F
:10DA8000725F646573632D3E705F7072696D617261
:10DA9000795F62756620213D202828766F696420B1
:10DAA0002A29302929207C7C2028705F78666572BD
:10DAB0005F646573632D3E7072696D6172795F6C2E
:10DAC000656E677468203D3D203029292026262078
:10DAD0002828705F786665725F646573632D3E7099
:10DAE0005F7365636F6E646172795F627566202132
:10DAF0003D202828766F6964202A29302929207C36
:10DB00007C2028705F786665725F646573632D3E64
:10DB10007365636F6E646172795F6C656E6774685C
:10DB2000203D3D2030292920262620212828705FED
:10DB300063622D3E68616E646C6572203D3D2028F5
:10DB400028766F6964202A29302929202626202852
:10DB5000705F786665725F646573632D3E7479707B
:10DB600065203D3D204E5246585F5457495F584608
:10DB700045525F545852582929202626202128280A
:10DB8000705F63622D3E68616E646C6572203D3D1E
:10DB9000202828766F6964202A2930292920262602
:10DBA0002028705F786665725F646573632D3E74CC
:10DBB000797065203D3D204E5246585F5457495F6D
:10DBC000584645525F5458545829290057455354D4
:10DBD0005F544F504449522F6D6F64756C65732FBD
:10DBE00068616C2F6E6F726469632F6E7266782F36
:10DBF000647269766572732F7372632F6E726678C2
:10DC00005F7477696D2E6300705F636F6E6669671E
:10DC10002D3E73636C5F70696E20213D20705F63E1
:10DC20006F6E6669672D3E7364615F70696E007028
:10DC30005F63622D3E7374617465203D3D204E52DA
:10DC400046585F4452565F53544154455F504F57B6
:10DC5000455245445F4F4E00212828705F63622D76
:10DC60003E68616E646C6572203D3D202828766FA9
:10DC70006964202A29302929202626202828705F37
:10DC8000786665725F646573632D3E747970652094
:10DC90003D3D204E5246585F5457494D5F584645CA
:10DCA000525F5458525829207C7C2028705F786637
:10DCB00065725F646573632D3E74797065203D3DC8
:10DCC000204E5246585F5457494D5F584645525F63
:10DCD00054585458292929002128666C61677320FB
:10DCE00026202831554C203C3C203429292026264A
:10DCF000202128666C6167732026202831554C202E
:10DD00003C3C20332929202626202128666C616787
:10DD1000732026202831554C203C3C2032292900F4
:10DD2000705F63622D3E68616E646C657200000016
:10DD300001010100010101015465726D696E616CA0
:10DD4000000000000000005454522052454747454F
:10DD50005300574553545F544F504449522F7A65EE
:10DD6000706879722F6B65726E656C2F6465766969
:10DD700063652E63007263203E3D202D2830786657
:10DD80006629202626207263203C20300009646525
:10DD90007669636520257320696E69743A20696E1F
:10DDA00076616C6964206572726F7220282564291F
:10DDB0000A0048616C74696E672073797374656DCD
:10DDC00000556E6B6E6F776E206572726F720075A4
:10DDD0006E6B6E6F776E003E3E3E205A455048593E
:10DDE0005220464154414C204552524F5220256406
:10DDF0003A202573206F6E2043505520256400463D
:10DE000061756C7420647572696E6720696E7465E3
:10DE100072727570742068616E646C696E670A0056
:10DE200043757272656E74207468726561643A201D
:10DE30002570202825732900574553545F544F50AF
:10DE40004449522F7A65706879722F6B65726E65DE
:10DE50006C2F666174616C2E6300726561736F6E06
:10DE600020213D204B5F4552525F4B45524E454C61
:10DE70005F50414E49430009417474656D7074658B
:10DE80006420746F207265636F7665722066726FAE
:10DE90006D2061206B65726E656C2070616E6963C8
:10DEA00020636F6E646974696F6E0A004350552079
:10DEB000657863657074696F6E00556E68616E6435
:10DEC0006C656420696E7465727275707400537449
:10DED00061636B206F766572666C6F77004B65725D
:10DEE0006E656C206F6F7073004B65726E656C2091
:10DEF00070616E696300574553545F544F504449F5
:10DF0000522F7A65706879722F6B65726E656C2F0F
:10DF1000696E69742E63007468726561645F646120
:10DF20007461203C3D205F5F7374617469635F744A
:10DF300068726561645F646174615F6C6973745F6A
:10DF4000656E640069646C6500646576203C3D2004
:10DF50005F6465766963655F6C6973745F656E6441
:10DF6000006D61696E006F7300574553545F544FE5
:10DF7000504449522F7A65706879722F6B65726EC2
:10DF8000656C2F69646C652E63005F6B65726E65EE
:10DF90006C2E637075735B305D2E63757272656E87
:10DFA000742D3E626173652E7072696F203E3D2054
:10DFB0003000574553545F544F504449522F7A65AF
:10DFC000706879722F6B65726E656C2F696E636C09
:10DFD0007564652F6B73636865642E68007468727E
:10DFE0006561642D3E626173652E70656E64656463
:10DFF0005F6F6E0021617263685F6972715F756E39
:10E000006C6F636B6564286B65792900090A00579A
:10E010004553545F544F504449522F7A6570687984
:10E02000722F6B65726E656C2F73656D2E630028A1
:10E0300028617263685F69735F696E5F69737228D4
:10E0400029203D3D203029207C7C20282874696DC2
:10E05000656F7574292E7469636B73203D3D2028AC
:10E0600028286B5F74696D656F75745F74297B30E8
:10E070007D29292E7469636B7329290057455354F0
:10E080005F544F504449522F7A65706879722F6BF4
:10E0900065726E656C2F7468726561642E6300280A
:10E0A0002828287072696F2929203D3D20313520AC
:10E0B0002626207A5F69735F69646C655F74687295
:10E0C0006561645F656E7472792828656E74727913
:10E0D000292929207C7C202828283135202D203111
:10E0E00029203E3D2028282D313629292920262681
:10E0F0002028287072696F2929203E3D2028282D6C
:10E10000313629292026262028287072696F29296E
:10E11000203C3D20283135202D2031292929000996
:10E12000696E76616C6964207072696F7269747966
:10E1300020282564293B20616C6C6F776564207210
:10E14000616E67653A20256420746F2025640A009B
:10E1500021617263685F69735F696E5F69737228BA
:10E1600029000954687265616473206D6179206EBD
:10E170006F74206265206372656174656420696EE6
:10E1800020495352730A00574553545F544F50442B
:10E1900049522F7A65706879722F6B65726E656C63
:10E1A0002F73636865642E6300217A5F69735F690A
:10E1B000646C655F7468726561645F6F626A6563F1
:10E1C000742874687265616429002169735F7468DA
:10E1D000726561645F64756D6D79287468726561DC
:10E1E000642900574553545F544F504449522F7A85
:10E1F00065706879722F6B65726E656C2F696E63DE
:10E200006C7564652F6B7468726561642E68005F5D
:10E210006B65726E656C2E637075735B305D2E631B
:10E22000757272656E7420213D202828766F6964AE
:10E23000202A29302900574553545F544F504449F0
:10E24000522F7A65706879722F6B65726E656C2FCC
:10E25000696E636C7564652F6B737761702E6800EF
:10E26000617263685F6972715F756E6C6F636B6515
:10E2700064286B657929207C7C205F6B65726E65F4
:10E280006C2E637075735B305D2E63757272656E94
:10E29000742D3E626173652E7468726561645F738C
:10E2A0007461746520262028282831554C203C3C78
:10E2B000202830292929207C20282831554C203C31
:10E2C0003C202833292929290009436F6E74657879
:10E2D0007420737769746368696E67207768696C06
:10E2E0006520686F6C64696E67206C6F636B210AD0
:10E2F0000073697A656F66285F73636865645F732E
:10E3000070696E6C6F636B29203D3D2030207C7CF2
:10E31000206C6F636B20213D20265F73636865640A
:10E320005F7370696E6C6F636B005F6B65726E65B7
:10E330006C2E637075735B305D2E63757272656EE3
:10E34000742D3E626173652E73636865645F6C6FE4
:10E35000636B656420213D203155005F6B65726EF3
:10E36000656C2E637075735B305D2E6375727265BC
:10E370006E742D3E626173652E73636865645F6CB5
:10E380006F636B656420213D2030550021746572F8
:10E390006D696E617465000961626F7274656420F5
:10E3A0005F63757272656E74206261636B20667262
:10E3B0006F6D20646561640A0021657373656E7416
:10E3C00069616C000961626F7274656420657373C2
:10E3D000656E7469616C2074687265616420257073
:10E3E0000A00574553545F544F504449522F7A65A1
:10E3F000706879722F6B65726E656C2F74696D65CC
:10E40000736C6963696E672E6300282874696D6593
:10E410006F75742920262620282875696E747074FB
:10E42000725F742928736C6963655F74696D656FC9
:10E430007574732929203C3D20282875696E7470F5
:10E4400074725F74292874696D656F757429292049
:10E45000262620282875696E747074725F742928C6
:10E4600074696D656F75742929203C2028287569A9
:10E470006E747074725F7429282628736C696365E2
:10E480005F74696D656F757473295B282873697A89
:10E49000655F7429282828696E742973697A656F05
:10E4A0006628636861725B31202D202832202A2083
:10E4B0002128215F5F6275696C74696E5F74797081
:10E4C00065735F636F6D70617469626C655F7028FE
:10E4D0005F5F747970656F665F5F28736C696365F1
:10E4E0005F74696D656F757473292C205F5F747933
:10E4F00070656F665F5F282628736C6963655F745B
:10E50000696D656F757473295B305D292929295DF3
:10E5100029202D203129202B202873697A656F66E8
:10E5200028736C6963655F74696D656F75747329B1
:10E53000202F2073697A656F662828736C6963657C
:10E540005F74696D656F757473295B305D29292966
:10E55000295D29292026262028282875696E7470AF
:10E5600074725F74292874696D656F757429292028
:10E570002D20282875696E747074725F7429287351
:10E580006C6963655F74696D656F7574732929299A
:10E5900020252073697A656F662828736C69636526
:10E5A0005F74696D656F757473295B305D29203DFB
:10E5B0003D20302900574553545F544F5044495231
:10E5C0002F7A65706879722F6B65726E656C2F7427
:10E5D00068726561645F6D6F6E69746F722E63003F
:10E5E000757365725F636220213D202828766F690C
:10E5F00064202A2930290009757365725F636220DF
:10E6000063616E206E6F74206265204E554C4C0A1B
:10E6100000574553545F544F504449522F7A657008
:10E620006879722F6B65726E656C2F74696D656F9A
:10E6300075742E6300217379735F646E6F64655F18
:10E6400069735F6C696E6B65642826746F2D3E6E0E
:10E650006F646529006E616E00286E756C6C290010
:10E66800FBA400003DA8000020C10000000000003D
:10E67800000000006BAB000000000000000000007C
:10E6880000600040000000000000000000000000E2
:10E698000000000000000000000000000000000072
:10E6A8000000000000000000000000000000000062
:10E6B8000000000000000000000000000000000052
:10E6C8000000000000000000000000000000000042
:10E6D8000000000000000000000000000000000032
:10E6E8000000000000000000000000000000000022
:10E6F80000300040000000000000000000000000A2
:10E708000000000000000000000000000000000001
:10E7180000000000000000000000000000000000F1
:10E7280000000000000000000000000000000000E1
:10E738000000000094110020941100200100000046
:10E7480001000000A4110020A41100200000000016
:10E7580001000000000000000000000000000000B0
:10E7680000009801000001017DAD000000020000DA
:10E77800F9410000ECC10000941B0020FF000000DC
:10E7880000000000000000000090D003FF0000001F
:0CE7980090020000F4110020F411002099
:0CE7A40000000000000000000000000069
:10E7B0000000000000000000000000000000000059
:10E7C0000000000000000000000000000000000049
:10E7D0000000000000000000000000000000000039
:0CE7E0000000000000000000000000002D
:04E7EC000000000029
:10E7F0004812002048120020000000000100000024
:04E8000015E015E02A
:0400000300002F6169
:00000001FF
