:020000040000FA
:1000000080A5002019270100AD310200052701005D
:100010000527010005270100052701000000000059
:100020000000000000000000000000009128010016
:1000300005270100000000002D2801000527010010
:10004000592A0100455B0200592A0100592A010082
:10005000592A0100592A0100592A0100592A010090
:100060005B5B0200592A0100592A01002F5B020044
:10007000592A0100592A0100592A0100592A010070
:10008000592A0100592A0100592A0100592A010060
:10009000592A0100592A0100592A0100592A010050
:1000A000592A0100592A0100592A0100592A010040
:1000B000592A0100592A0100592A0100592A010030
:1000C000592A0100592A0100592A0100592A010020
:0C00D000592A0100592A0100592A010098
:1000E00080EA101404F0F01480EA0410604081EA01
:1000F000111404F0F01481EA0411614082EA121430
:1001000004F0F01482EA0412624083EA131404F04B
:10011000F01483EA0413634080EA102404F47F445B
:1001200080EA0420604081EA112404F47F4481EADB
:100130000421614082EA122404F47F4482EA04220A
:10014000624083EA132404F47F4483EA0423634077
:1001500081EA500404F0553480EA4400614083EAA7
:10016000520404F0553482EA4402634082EA900467
:1001700004F0333480EA8400624083EA910404F09E
:10018000333481EA84016340704700BF82EA9004FF
:1001900004F0333480EA8400624083EA910404F07E
:1001A000333481EA8401634081EA500404F0553419
:1001B00080EA4400614083EA520404F0553482EA44
:1001C0004402634080EA102404F47F4480EA04205F
:1001D000604081EA112404F47F4481EA04216140F3
:1001E00082EA122404F47F4482EA0422624083EA11
:1001F000132404F47F4483EA0423634080EA101448
:1002000004F0F01480EA0410604081EA111404F054
:10021000F01481EA0411614082EA121404F0F0142F
:1002200082EA0412624083EA131404F0F01483EAB1
:1002300004136340704700BF2DE9F14F94464FEA25
:10024000930B8A68CB6808684968FFF749FF0BF190
:10025000060E33E083EA134480EA134582EA13472B
:1002600046BA96EA3444604000F00F1684EA063439
:1002700020F00F1684EA161054BA94EA0106724070
:1002800002F00F1486EA043622F00F1486EA1412E4
:100290004CBA6540694001F00F1485EA043521F03D
:1002A0000F1485EA14115CBA67407B4003F00F1409
:1002B00087EA043723F00F1487EA1413BCE8F00030
:1002C0006040694072407B4000F0E03400F010353F
:1002D00000F00F3040EA540040EAC50080EA900484
:1002E00004F0332480EA8400604001F0E03401F03F
:1002F000103501F00F3141EA540141EAC50181EAAC
:10030000910404F0332481EA8401614002F0E03476
:1003100002F0103502F00F3242EA540242EAC502FE
:1003200082EA920404F0332482EA8402624003F0F9
:10033000E03403F0103503F00F3343EA540343EA8B
:10034000C50383EA930404F0332483EA84036340FF
:1003500081EA324787EA134581EA354690EA060486
:1003600084EA034B82EA1B4280EA044484EA05449F
:1003700083EA144A85EA14448BEA044B84EA37443E
:1003800081EA0B4181EA164104EA0A00454082EA0B
:1003900004082BEA080041408AEA0B0602EA06003C
:1003A00084EA34438AEA3A4603EA0607784045403D
:1003B000414088EA38478BEA3B4007EA000985EA72
:1003C000090583EA0709464006EA0906714085EAFD
:1003D000010005EA3546464006EA314181EA3041EE
:1003E00081EA364606EA304686EA3546344008EA6F
:1003F000010886EA01052A4086EA364003405A4051
:1004000081EA31431F407C4080EA030709EA07097B
:1004100088EA0908544088EA020806EA0A0601EA5E
:100420000B018AEA0B0215408AEA3A421040454025
:100430008BEA3B4003405E404240174079404D40CC
:100440004E40E443F64386EA18435D4085EA0540A2
:1004500083EA134386EA034183EA384284EA11437C
:1004600083EA04435FEA3343BEF1010E3FF6F2AE86
:100470001ED4BCE8F0006040694072407B4020BC64
:10048000FFF784FE28606960AA60EB60BDE8F08F2A
:100490002DE9E0414FF2F00280EA1031114080EA8C
:1004A0000130484041088208C3084FF0000E4FE772
:1004B00000F0113001F0113102F0113203F011336C
:1004C00040EA410040EA820040EAC3004FF2F002F5
:1004D00080EA1031114080EA01304840BDE8E081F7
:1004E0002DE9F04F02F11C050646074600EB850892
:1004F00051F8040B043A46F8040BF9D14FF0010C03
:10050000FFF7C6FF5FEA302080EA0C001ECF4140B3
:100510004A4053405C401EC62000464517D04FEA73
:100520004C0C1CF4807F18BFACF1E50C2C2DE7D0EF
:100530003C2D06D1FFF7ACFF06CF41404A4006C62E
:10054000100006CF41404A4006C61000D8E736E901
:100550000F00FFF7C5FD043D86E80F00F7D1BDE8A9
:10056000F08F00BF2DE9F14F03F11C0402EB840C66
:100570004FEA930B8A68CB6808684968FFF7B0FDBB
:100580003CE9F0006040694072407B400BF1060E90
:100590004EE083EA134480EA134582EA134746BAE1
:1005A00096EA3444604000F00F1684EA063420F0E6
:1005B0000F1684EA161054BA94EA0106724002F04B
:1005C0000F1486EA043622F00F1486EA14124CBA8D
:1005D0006540694001F00F1485EA043521F00F14DD
:1005E00085EA14115CBA67407B4003F00F1487EA78
:1005F000043723F00F1487EA141344BA44404DBA69
:100600004D4056BA56405FBA5F4087EA174886EABF
:10061000174B84EA17464FEA38488BEA1B4485EAB1
:100620001B4788EA1B4580EA3440694072407B40A2
:1006300000F0703400F0803500F00F3040EA4400E4
:1006400040EAD50080EA900404F0332480EA840074
:10065000604001F0703401F0803501F00F3141EA63
:10066000440141EAD50181EA910404F0332481EA8E
:100670008401614002F0703402F0803502F00F32E4
:1006800042EA440242EAD50282EA920404F03324A8
:1006900082EA8402624003F0703403F0803503F094
:1006A0000F3343EA440343EAD50383EA930404F097
:1006B000332483EA84036340C943DB4381EA0004B3
:1006C00083EA044686EA020183EA014382EA33456B
:1006D00083EA14435C4084EA00077FEA040A8AEA5A
:1006E000024A8AEA010B87EA11488AEA374A80EA15
:1006F000060181EA1A418AEA030A04EA0A0045402F
:1007000088EA040707EA0B0041408AEA0B0608EA78
:10071000060084EA34428AEA3A4602EA060358406E
:100720004540414087EA37438BEA3B4003EA0009F2
:1007300085EA090582EA0309464006EA090671408E
:1007400085EA010005EA3546464006EA314181EA7C
:10075000304181EA364606EA304686EA354634407C
:100760000F4086EA010508EA050886EA364002409D
:1007700088EA020881EA314213405C4080EA0203C1
:1007800009EA030987EA0907674088EA040806EAD4
:100790000A0601EA0B018AEA0B0425408AEA3A4478
:1007A000204045408BEA3B4B02EA0B02564084EA6C
:1007B0000B04234059406E40694087EA364080EA86
:1007C000384080EA060380EA104481EA134585EA4E
:1007D000344585EA17427D4082EA354180EA05408A
:1007E0003CE9F0006040694072407B40BEF1010E80
:1007F0003FF6CFAE20BCFFF7C9FC28606960AA6055
:10080000EB60BDE8F08F00BFFFF76ABE2DE9F0078F
:1008100091E8F807B2E802105B1854EB0C04B2E858
:1008200002104D4156EB0C06B2E802104F4158EB56
:100830000C08B2E8021059EB01095AEB0C0A80E8E7
:10084000F80780410130BDE8F00770472DE9F00757
:1008500091E8F807B2E802105B1A74EB0C04B2E8F6
:1008600002108D4176EB0C06B2E802108F4178EB56
:100870000C08B2E8021079EB01097AEB0C0A80E867
:10088000F80780414042BDE8F00770472DE9F007C6
:10089000524290E87800B1E880071740DB1918EA67
:1008A000020854EB080419EA020955EB09051AEA93
:1008B000020A56EB0A0678C090E87800B1E8800793
:1008C00017407B4118EA020854EB080419EA0209B0
:1008D00055EB09051AEA020A56EB0A0678C0804170
:1008E0000130BDE8F00770472DE9F007524290E86B
:1008F0007800B1E880071740DB1B18EA020874EBA8
:10090000080419EA020975EB09051AEA020A76EBEE
:100910000A0678C090E87800B1E880071740BB412C
:1009200018EA020874EB080419EA020975EB0905D4
:100930001AEA020A76EB0A0678C080414042BDE816
:10094000F00770472DE9F00152424FF0040890E89B
:10095000300091E8C000A31B1340E41AF618EB1B0B
:100960001340ED1AFF1830C0C0C1B8F10108EED134
:10097000BDE8F001704700BF00B592E8DC072DE943
:10098000DC07B1E8805702B4A7FB02510A95A8FB27
:10099000020BE7FB6310E9FB62B00B91A8FB03516C
:1009A000EAFB6201E7FB64B5E7FB6605E8FB661559
:1009B000CDF830B0A9FB03B6EAFB6316ECFB635637
:1009C000E8FB640BE9FB641BEAFB645BECFB646B18
:1009D0000D90ACFB0230059CEEFB6250E9FB6460BD
:1009E000EAFB64B0E7FB6431E8FB6451069CE8FB7A
:1009F0006461E9FB64B1EAFB64010E93A7FB043276
:100A0000079CE7FB6462E8FB64B2E9FB6402EAFB73
:100A10006412049CE9FB6453EAFB6463089CE7FBF3
:100A200064B3E8FB6403E9FB6413EAFB64230F95FA
:100A30005DF8049B99E80006DDF80080A9FB0854E6
:100A4000EAFB68B4DDF81080ECFB6804EEFB681488
:100A5000E9FB6824EAFB6834DDF80480EEFB686596
:100A6000E9FB68B5EAFB6805DDF81480ECFB681566
:100A7000EEFB6825E9FB6835EAFB68450F96DDF873
:100A80000880AEFB0876E9FB6806EAFB6816DDF82D
:100A90001880ECFB6826EEFB6836E9FB6846EAFB4B
:100AA0006856DDF80C80ECFB68B7EEFB6807E9FBE5
:100AB0006817EAFB6827DDF81C80ECFB6837EEFB63
:100AC0006847E9FB6857EAFB686708B000BD00BFEC
:100AD0002DE9F14F87B0FFF74FFFDDF81C8008F1DB
:100AE000200888E8FF00FFBC87E87F08BDE8F08F9A
:100AF00000B591E89857A3FB03520195A3FB0401AD
:100B0000E3FB6420E3FB67100292A3FB0752E3FBC5
:100B10006802E4FB6415E3FB6805E3FB69250391C8
:100B2000A4FB07B6E3FB6926E3FB6A56E4FB670B0D
:100B3000E4FB682BE3FB6A5BE3FB6C6B0490A4FBB8
:100B40000810E4FB6950E3FB6C60E3FB6EB0E7FB6D
:100B50006721E4FB6951E4FB6A61E3FB6EB1E4FBEE
:100B60006E010592A7FB0832E4FB6A62E4FB6CB2FB
:100B7000E4FB6E02E7FB6E12E7FB6853E7FB696379
:100B8000E4FB6CB3E7FB6C03E7FB6E13E8FB6E233F
:100B90000695A7FB0954E7FB6AB4E7FB6C04E8FB86
:100BA0006C14E8FB6E24E9FB6E34E8FB6865E7FB38
:100BB0006AB5E8FB6A05E8FB6C15E9FB6C25E9FB07
:100BC0006E35EAFB6E450796A8FB0976E8FB6A06D8
:100BD000E9FB6A16E9FB6C26EAFB6C36EAFB6E461B
:100BE000ECFB6E56E8FB69B7E9FB6907E9FB6A179E
:100BF000EAFB6A27EAFB6C37ECFB6C47ECFB6E57B1
:100C0000EEFB6E6700BD00BF2DE9F14F87B0FFF727
:100C10006FFFDDF81C8008F1200888E8FF00FFBCAA
:100C200087E87F08BDE8F08F30B44FF0000310F87C
:100C3000014B11F8015B013A84EA050443EA04031D
:100C4000F5D1A3F101034FEAD37030BC704700BF68
:100C50004FF0000310F8012B013943EA0203F9D1E8
:100C6000A3F101034FEAD370704700BF30B411F80D
:100C7000014B12F8015B6C4000F8014B013BF6D1CF
:100C800030BC70472DE9F00791E8F807B2E8021090
:100C90005B1854EB0C04B2E802104D4156EB0C0605
:100CA000B2E802104F4158EB0C08B2E8021059EBC1
:100CB00001095AEB0C0A8941B3F1FF3374F1FF3497
:100CC00075F1FF3576F1000677F1000778F100083D
:100CD00079F101097AF1FF3A51F100015B184C41B9
:100CE0004D4156F1000657F1000758F1000859EB45
:100CF000D1795AEB010A80E8F807BDE8F0077047A0
:100D00002DE9F00791E8F807B2E802105B1A74EBDE
:100D10000C04B2E802108D4176EB0C06B2E802102A
:100D20008F4178EB0C08B2E8021079EB01097AEBFD
:100D30000C0A89415B184C414D4156F1000657F1B0
:100D4000000758F1000859EBD1795AEB010A80E805
:100D5000F807BDE8F007704718EB040859EB0509E0
:100D60005AEB060A5BEB070B5FF0000C4CF1000C32
:100D700018EB050859EB06095AEB070A5BEB070B62
:100D800050EB0C005FF0000C51EB0C0152EB0C022D
:100D900063414CF1000CB8EB070879F100097AF1D6
:100DA000000A7BEB040BA841B141A241B3416CF1B5
:100DB000000CBBEB050BB041B941AA41BB416CF142
:100DC000000C4CF001068CF0020718EB060859EBFA
:100DD0006C095AEB6C0A7BEB6C0B70EB6C0471EBDF
:100DE0006C0572EB670653EB6C076CEB6C0C18EB45
:100DF0000C0059EB0C015AEB0C025BF1000354F1AF
:100E0000000455F1000556EBDC7657EB0C077047F4
:100E10002DE9F14F87B0FFF7AFFDDDF81080DDF869
:100E20001490DDF818A0FFF797FFBDE8000FFFF75B
:100E300093FF03B05DF8048B88E8FF00BDE8F08FF6
:100E40002DE9F14F87B0FFF753FEDDF81080DDF894
:100E50001490DDF818A0FFF77FFFBDE8000FFFF743
:100E60007BFF03B05DF8048B88E8FF00BDE8F08FDE
:100E7000064B074A5B7802604FF41A728280C37196
:100E80000822002382710372704700BFF01C00200B
:100E90004BF10000064B074A5B7A02604FF49072F8
:100EA0008280C3710822FF2382710372704700BFE2
:100EB000F01C002063EC0000F8B5C41D002824F0ED
:100EC0000704054614BF2046002000F0E7FA071E7D
:100ED00002DA6FF00B00F8BD254EB1887088F37907
:100EE000B2790331033089B280B20BF048FD00289B
:100EF000EFDB737831783C4403341944002D24F03F
:100F0000030400FB01F114BF2046002000F04AFC5E
:100F100023180DB9002BDCDB717A184679B1033345
:100F2000002D23F0030414BF20460020728900F036
:100F3000ABFC0028CDDB20440DB90028C9DB317A99
:100F400091B1737A83B1C41D002D24F0070414BF3E
:100F50002046002003F03EFC0028BADB0DB1002043
:100F6000B9E72018B7D5B4E7002DF8D1B3E700BF33
:100F7000F01C00201FB572B6194BDD68EDB9BFF348
:100F80004F8F1849184BCA6802F4E0621343CB60D4
:100F9000BFF34F8F00BFFDE72346B2FBF6F25C1CA8
:100FA000002AF9D104AEDCB256FA83F303F80C2C14
:100FB0000A2234B901A8A847E1E7024600230A261D
:100FC000EDE7631E04AEDCB256FA83F3B0FBF2F633
:100FD00002FB1600303003F80C0C3046E9E700BF86
:100FE000F01C002000ED00E00400FA0507B50A4BF4
:100FF000DA88ADF8002068469A885B88ADF804204E
:10100000ADF8023001F074FE18B1FC219C20FFF70E
:10101000B1FF03B05DF804FBF01C002038B50546B5
:1010200040B30AF0C3FC10B94FF0FF3038BD0AF0EE
:1010300025F8B0F5FA7FF7D8104C1148E56000F0BC
:10104000A7F9002323744FF4807323801B2363804C
:10105000A38040F20323E3804FF4847323811F2392
:101060006381EFF3108472B600F0E4FC04B962B659
:101070000020DBE76FF01500D8E700BFF01C002070
:10108000ED0F000010B5002840D1234C237C032B2A
:1010900039D059B1002A3CD00239052936D8DFE8C9
:1010A00001F0031227352A2D137863700020FFF713
:1010B00003FF0028B7BF0123022323746FF00B0046
:1010C000A8BF237410BD13791BB353790BB31188D8
:1010D000FB291ED853881B3B9BB2E02B19D81A2939
:1010E00017D91368C4F802300C4B92889A80DDE758
:1010F00013786372DAE713886381D7E71388FF2BCD
:1011000007D82372D2E74FF0FF30DBE76FF02C00F7
:10111000D8E76FF01500D5E7F01C0020F21C002086
:10112000F8B50D46064620B319B311F0070420D1D7
:10113000114F3B7C012B02D16FF00B00F8BD032B4C
:1011400002D14FF0FF30F9E700F060F80028F8D046
:101150002846FFF7B1FE0028EEDB0EF05BF83046C4
:10116000214601F059FEFFF741FF03233B7420465F
:10117000E4E76FF01500E1E7F01C002010B5064C25
:10118000237C032B03D101F05FFE02F02BFE0BF05A
:10119000F7FC0020207410BDF01C002050B1074B5C
:1011A00003F1140253F8041B40F8041B9342F9D1D5
:1011B000002070476FF01500704700BF02C80200A2
:1011C00008B501F0F3FDBDE808400249012000F038
:1011D0005DB900BF950E000008B501F0FBFDBDE84C
:1011E00008400249002000F051B900BF710E000014
:1011F000024B02681A600020704700BF041D0020E7
:10120000014B1B68184700BF041D0020024B1868E3
:10121000003818BF01207047041D00202DE9F74356
:10122000264E0446071D2548376002F0F3FD0228CC
:10123000054607D1214920460AF052FF284603B04F
:10124000BDE8F0830428F9D13378072B18D13E206C
:1012500000F04AF878B9F378327901A943EA022319
:101260006846ADF800300BF060F90028DBD0532160
:101270000820FFF77FFE052000F076F80028EAD06E
:10128000314620460AF05BFFB0F5817F01D3722121
:10129000EEE70028C7D094F8008094F8029040460A
:1012A00000F022F80028BED0B8F13E0FC6D1484663
:1012B00000F05AF80028C1D1B5E700BF081D002092
:1012C000074B4FF0FF3141F6FF72C3E900120549A9
:1012D0000022C1E900221F21C3E90212704700BFAA
:1012E000C01000204C1D00203F280CD801380B4BAB
:1012F000C0F3421200F01F0053F8223023FA00F02E
:1013000000F001007047FF2806D04038C0F34212B9
:10131000034B00F01F00EFE701207047C0100020D2
:101320004C1D00200146074B006849681A4603C25D
:1013300040F48C221A6041F0107242F4FF625A604D
:10134000704700BFC01000200246024B0068516881
:1013500003C370474C1D00200246024B00685168D1
:1013600003C37047C8100020382800F1FF33DBB2F8
:101370001FBF064A590902EB810203F01F031DBF7C
:101380009068D84000F0010000207047C010002095
:10139000014B1860704700BF541D002010B5FFF7C7
:1013A0008FFF0BF0AEFD034B1B68044603B198475B
:1013B000204610BD541D0020F0B50C88C37C028867
:1013C000A5B2C4F30E0404F118060233865B1A4476
:1013D000334497B213FA82F3013B4288B3FBF7F32D
:1013E00013FB07439BB29A42044A93BF22EA0503C8
:1013F0002A4013439BB20B80F0BD00BF0080FFFF6B
:101400004A1E062A08B50346084604D84FF4D1718F
:101410001520FFF7AFFD094A914202D940F2A3110E
:10142000F6E711B903B1196008BD2BB11B680022A2
:10143000C3E901211A1D1A600430F5E7FAFFFF7FA6
:1014400010B5114B00EB41041A786389B3FBF2F33A
:1014500003FB0223013A1A44B2F5706F02798078D7
:1014600028BF00231A440B18B2FBF0F100FB112136
:101470005B1AB3FBF0F100FB113313446FEA4343F3
:101480006FEA5343638110BD581D0020024B03EBEC
:1014900080035960704700BF581D00202DE9F04FB0
:1014A00010F0070A85B0054604D040F261111720FC
:1014B000FFF760FD524F07F10C06B1460446B046F7
:1014C00057F8043B8DF80BA03BB101A898479DF855
:1014D0000A30082B01D9E821E9E79DF80B1041BB40
:1014E00005B131604F4506F10406E9D1002D6FD0FA
:1014F000DFF81091002289F800209646022758F85C
:1015000027A0013FBAF1000F55D09AF804609AF86D
:1015100002C0FF2E60D039460023481C38D19C44BD
:10152000BCF1FF0F3FD90AB189F800E040F2271162
:10153000BDE79DF80AC06046022838BF02204B1D57
:101540005A0004EB4303441E2344BDF8084064449E
:10155000013CCCF1000C04EA0C044042B4F5803F9D
:1015600003EA000301D3F821A1E775B19A1A01201B
:10157000326091701480D0709DF80C001071019849
:1015800010814FEA104CA2F806C004FB0134A9E711
:1015900058F8210028B190F804B0B34504BF807812
:1015A0001B180139B9E7DBB2E6458AF804303CBFC5
:1015B0005FFA8CFE01227B1CA1D10AB189F800E000
:1015C000022640F6FF6A58F82670B7B9013EFAD2F3
:1015D000601B05B0BDE8F08F0023E5E707EB410392
:1015E0003846A3F80AA0FFF72BFF09F10109BB78E1
:1015F0005FFA89F18B42F1D8E8E74FF00009F6E78E
:101600005C1D0020581D002038B54FF6FF73038085
:10161000184B03EB810302461869A8B1847803795B
:10162000B3FBF4F104FB1133DBB2194600EB4105C7
:10163000B5F90A50002D0EDB0131B1FBF4F504FBC6
:101640001511C9B28B42F1D1002038BD6381BDE8CC
:1016500038400BF070B900EB41046389C3F30E030B
:101660001380C278002AF1D14FF4D5711720FFF70B
:1016700081FC00BF581D00201C4B03EB810370B59B
:101680001C69054644B3030404D54FF4DC711720EC
:10169000FFF770FC014620460BF02FF9FF280146AA
:1016A00004D02046BDE870400BF045B9A078B5FBEA
:1016B000F0F300FB1353DBB219460A1D04EB42069C
:1016C000B6F90260002E09DB0131B1FBF0F200FB3C
:1016D0001211C9B28B42F0D1002070BD8B4201D0F3
:1016E0000023E37004EB42025580DAE7581D002026
:1016F000094B03EB810310B51C69014620460BF032
:10170000FCF8FF28014604D02046BDE810400BF04D
:1017100012B9002010BD00BF581D0020F8B5104BB5
:1017200003EB810307461C69014620460BF0E5F8F0
:10173000FF28054611D0E288238953EA024606D0E5
:10174000014620460BF0F7F801463846B0472046E0
:101750002946FFF775FE0020F8BD0520FCE700BF15
:10176000581D002038B50E4B827903EB82030446E6
:10177000186908B9052038BD8278E1799142F9D21B
:101780004B1CE37100EB41035D89B3F90A30002B78
:10179000F3DBA5800BF0CFF820600020EBE700BF63
:1017A000581D002070B5044610F003000E4603D00B
:1017B0004E211820FFF7DEFBFFF722FE054624B17D
:1017C000034831460460FFF71BFE284670BD00BF8A
:1017D000741D00202DE9F14FDFF870B09DF828A0AE
:1017E0009DF82C901E46DBF8003007460D469046CB
:1017F0001BB960211820FFF7BDFB52460921404666
:101800000AF0F8FE4A4684B2092130460AF0F2FE98
:1018100014FA80F1DBF800000BF043F8386018B9D7
:10182000286001B0BDE8F08F04442C60386853464E
:10183000414609220AF0A1FE28684B46092231469A
:1018400001B0BDE8F04F0AF098BE00BF741D002043
:1018500070B50E4604460AF0E0FE054630460AF032
:10186000DCFE044B2A1821461868BDE870400BF0D6
:101870003DB800BF741D0020024B186808B10BF082
:1018800004B87047741D00201F2AF8B5044613469B
:101890000ED89200033222F00303B3F5803F2DD21D
:1018A000184DACB1A00710D05F210920FFF762FBF3
:1018B000FF2B4FEA420204D9FF339A42A8BF1A46CF
:1018C000E8E77C2AB8BF7C22E4E729706C602B81B2
:1018D00022F003022823120403FB01F001276B68A6
:1018E000120C0025EEB2B14200D8F8BD14B1261892
:1018F0001F705E60104401352833F3E74FF0FF306E
:10190000F3E700BF781D002070B5154A15785368BD
:101910000021C8B2854203D8AB210920FFF72AFB7A
:101920001C46184614F8286B01310EB92346F0E71F
:1019300000219970128999610124D96159685C70FC
:10194000920803F11E0403F1260524F8022FA54294
:1019500043F8041F1144F8D100234361037070BDA4
:10196000781D00204B782DE9F04106460C4602F028
:10197000040702F0FB05E3B1A5BBFF23A3707B08BE
:1019800004EB57073A7D032A02D1022D18BF013319
:10199000E2180121117503F10C0104EB830300220D
:1019A00024F811205B68A2703360B2803046BDE835
:1019B000F081002DE1D101234B701D4B8D611B89FE
:1019C000CD6101F11E0249689B08204604F1260CF6
:1019D00022F8023F944540F8041F1944F8D100232F
:1019E0006361CAE7D1F80480142200216170A01855
:1019F0000AF048FA0E4B1B89B3F5FF7F0FD25A0845
:101A00009B1A9BB208EB0301C4F804802384A160F5
:101A10006284C4F80C80A3842161E284ADE7B3F54D
:101A2000EE6F4FF0FF02EBD940F27263EAE700BFBE
:101A3000781D0020134B012200214FF0FF309A60E7
:101A4000C3F80012C3F80803C3F80015C3F804254F
:101A50009A60C3F80803C3F80015C3F804250A49BF
:101A60000A4A03F580334FF40040C3F80825C1F853
:101A70008000BFF34F8FBFF36F8FC1F88001C3F8B1
:101A80000825704700F0004000E100E00000F63F4C
:101A90000A46192302F8033B0448C368C1F803301F
:101AA0000369536043699360704700BF841D002041
:101AB000024B5A8C02435A845B6A1847841D0020EB
:101AC000014B00215B6A1847841D002010B5154C9E
:101AD00005F0B0FF05F0F4FA208DFFF7F1FF237E4B
:101AE00063B12246104952F80C3BE36063685360CF
:101AF00004F11900A36893600CF022FA0B4B228DBD
:101B000093E8030002F096FE236B188802F018FE9B
:101B1000A36B94F8341094F835009847002384F8A8
:101B20003C3010BD841D0020911A0000B01D002023
:101B3000034B93F83C300BB1FFF7C8BF704700BFB1
:101B4000841D002070B51E4C256B636C95F88C20AD
:101B5000236494F8483095F86910064603EB820038
:101B60002EB9FF2803D195F868308B4201D005F0DB
:101B7000E9FD95F88C30E3B1E06C05F0FBFF012343
:101B800084F86830D5F8E8302366E16CD5F8EC309D
:101B9000206C636605F070FA16B9304606F03AF824
:101BA00095F86810002006F089F8022384F83C308C
:101BB00070BD206C05F0DEFF05F082FAECE700BF97
:101BC000841D002008B5094B93F83C20022A04D05C
:101BD00040F24F212720FFF7CDF9DA7A42F00102D7
:101BE000DA72BDE80840FFF771BF00BF841D002016
:101BF000032810B50A4B044605D15A6FD278022A41
:101C000001D1002010BD986F0AF089FD0028F9D19C
:101C1000032CF6D001F0DCFA80F00100C0B2F1E74D
:101C2000841D00202DE9F043484C94F83C30012BF2
:101C300085B005468846DFB204D040F20451272023
:101C4000FFF798F9266B616F02A80AF09BFF96F8E0
:101C50007C309DF808903BB1002186F87C10042070
:101C6000FFF726FF86F87E70B9F1030F27D0BDF885
:101C70000C30002B18BF022796F88C3086F8827043
:101C8000BBB1236BD6F8E82093F8690022660127E0
:101C9000D6F8EC20626684F868700AF090FF94F839
:101CA00048902B4900220346009238464A4605F0E8
:101CB0005FF96DB105B0BDE8F043FFF707BF96F8D7
:101CC00082301BB9616F0220FFF7F2FE0327D3E7D2
:101CD000B8F1000FEED0E36F284698470028E9D00E
:101CE00094F83430002BE5D194F8803023B194F887
:101CF0008100FFF77DFF0546606C0CF096F8D4F884
:101D00008430B3B9B4F88830B3FA83F35B09628CDA
:101D1000910710D5626F137803F00303032BC9D129
:101D2000D378022BC6D1002005B0BDE8F043FFF701
:101D300009BF0123EBE7002ABCD1012814BF00230F
:101D400003F001032B43EED1B4E700BF841D002054
:101D5000D41D002010B5094CD4F8843023B940F2CA
:101D6000F6412720FFF706F9B4F88820216C0332EA
:101D700018460AF0C7F8206410BD00BF841D00207B
:101D800010B5064B93F83C2002F0FF0422B91C76F4
:101D900002F048FD204610BD0C24FBE7841D002006
:101DA0000A4B0B4A70B506460D461A60FFF7E8FF6E
:101DB00018B1F4212720FFF7DDF8064C012104F1CA
:101DC0008A000CF022F86664E56470BD08110020FA
:101DD000DC250000841D0020024B012283F88D20A9
:101DE000704700BF841D0020F0B5794C85B002AE6D
:101DF00086E8030094F83C100A9F01F0FF0511B932
:101E00000AB103B127B940F283112720FFF7B2F8D6
:101E100096E8030004F12C0C8CE8030084F88D5044
:101E200084F8345084F88E5084F8355084F88F50FC
:101E300084F8905065842585256BE3676262A7630B
:101E400005F0C4FC05F03CF995F9700005F048FD7B
:101E50006E6AE86905F04AFD304605F07DFE95F8AA
:101E60009C0005F04DFD236B93F89F310BB105F0FD
:101E70009BFC0CF019FC95F8692000F17901012018
:101E800005F0C4FD534B186805F06CFE2B69A36781
:101E9000514A6B69C4F8943005F5807105F1F0037F
:101EA00053F8040B42F8040B8B42F9D1D5F800210A
:101EB000C4F869205A68494B5A60236B93F886200E
:101EC00093F86860A2F12501012903D993F88710DE
:101ED00025295FD193F83E322BB1012E03D0012B7F
:101EE0000CBF0126022605F13007314638460CF0BA
:101EF000B7F831460BF0DDFDAB8F95F869108342E2
:101F000028BF0346384684F898300CF092F895F8CC
:101F1000691095F88C70B5F84460042908BF032156
:101F20000BF0C7FD0FB9043080B2864228BF0646C9
:101F300095F88C30F6B284F8996084F84860A3B1C3
:101F4000D5F8E83095F8690023660127D5F8EC301C
:101F5000636684F868700AF032FE0022034600923D
:101F60001D493246384605F003F80120FFF7EAFD27
:101F7000002323606360A360B5F8803063802B8802
:101F8000238095F89C302371EB6E0BB101221A600F
:101F900005B0F0BD203A012A0DD823290DD093F8C1
:101FA000263113F0010202D19B079CD50222012E9B
:101FB00018BF164697E7232905D193F8262193F8F1
:101FC00061301340EDE7032E08BF04268BE700BF06
:101FD000841D002008110020D41D0020ED1D0020CC
:101FE00008B50C4B93F83C201AB9BDE80840FFF740
:101FF0006DBD93F83C20022A04D040F23121272005
:10200000FEF7B8FF1B6BD3F8B001BDE8084005F040
:10201000CDBD00BF841D0020014B1876704700BF66
:10202000841D0020014B93F88F007047841D002011
:10203000024B93F82900C0F3C0007047841D0020B4
:10204000014B93F88E007047841D00202DE9F0436A
:10205000314D85B004460F4602A8296C2E6B0AF05C
:1020600091FD14F00109BDF80C8004F0020428D0A1
:10207000002385F89A3094B1FFF76CFE0DF102024F
:1020800001A9D5F894000AF0F6FB01980AF0D9FBF3
:10209000012238604146D5F894000AF081FBB9F17D
:1020A000000F0BD0D6E93A32013342F10002C6E903
:1020B0003A3296F88430013386F8843005B0BDE8B2
:1020C000F08395F89A30032B20D801A252F823F020
:1020D00077200000E1200000FB200000FB20000032
:1020E000002CEBD0FFF736FED5F8940000224146D5
:1020F00005B0BDE8F0430AF053BB002CDED0D5F8A4
:10210000940005B0BDE8F0430AF0B1BB40F2A24133
:102110002720FEF72FFF00BF841D00202DE9F04F80
:10212000A94C002389B0CDE9043394F83C30266BE8
:10213000022B8046894604D040F28B512720FEF7BF
:1021400019FF216C06A80AF01DFD96F88C30B8F135
:10215000000F00F028819DF819B0BDF81C70002B0D
:1021600039D004F0C5FFB0BB6FB196F8843003F0EE
:1021700001035B450BD1012384F83530FFF7A6FC42
:1021800009B0BDE8F08FA4F88870002006E0A4F83C
:102190008870D4F8940039460AF0E2FA238D9DF84D
:1021A0001A20C4F8840043F40073238596F8833022
:1021B00003F001039A4263D0256B95F88230002B1F
:1021C0003DD0022B13D1A06F04A90AF072FA38B9DE
:1021D00040F23B41B2E7A4F88870002FD5D0D8E791
:1021E000D5E93832013342F10002C5E9383295F8B9
:1021F0007E30002185F8821023B185F87E101020F2
:10220000FFF756FC95F87D30A3B14FF0000A85F832
:102210007DA000F0C7FF10B940F252418EE7514651
:102220000820FFF745FCD5E93832013342F10002BE
:10223000C5E9383295F88330013385F88330238D32
:1022400043F4006323854FF0000A96F8843003F0CE
:1022500001035B4544D19DF81830256B022B11D842
:10226000EBB995F88430013385F88430002F37D0EE
:10227000D5E93A32013342F10002C5E93A322FE0A2
:10228000C246E2E7032BECD1238D216C012043F4FD
:10229000805385F87C002385FFF70AFCE1E7002FD7
:1022A000DFD0238D95F88C5043F48053238505F0BF
:1022B000FBF9042894F8993006D1002D0CBF1F2299
:1022C0001B22934228BF1346BB4262D3D4F884300A
:1022D00033B194F88D30002B74D02020FFF7F0FB41
:1022E000002796F88B309BB1D6F8E03096F868005E
:1022F00023660025D6F8E430636684F868500AF057
:102300005EFC324900950346FB22284604F030FE6D
:10231000B9F1000F5CD1638C94F88E10180708D5C2
:10232000626F137803F00303032B02D1D378022BDF
:102330004ED001294CD8E36F01209847002847D0A0
:1023400094F83430002B43D11FB105A90120FFF7C9
:102350007DFE256B002395F88C208DF80D3094F8C8
:10236000483095F8681003EB8203FF2B03D195F8F2
:1023700069308B4202D0FF2005F0E4F995F88230F5
:10238000032B00F21781DFE813F07A00A500FC00B0
:102390000D0194F83430012043F0100384F83430F8
:1023A00007F00CFD9CE70BB104F0DEFE94F88E30D4
:1023B000013384F88E30238D002743F48063238516
:1023C000BA468EE747468CE7841D0020D41D0020C6
:1023D00005F080FC002F4DD14FF00109238D5A06E6
:1023E00006D44020FFF76CFB238D43F04003238588
:1023F000BAF1000F0DD0B4F80720B4F8053013433C
:10240000B6F8802013431EBFB4F809300133A4F896
:102410000930B8F1000F00F0D580B4F80530013371
:10242000A4F80530002384F88E30694802F076F96C
:10243000049830B10AF005FA216B0022027201F013
:102440002DFD059B33B1216B00221A720C220598D9
:1024500001F0F2FCB9F1000F7FF490AE238D1B0662
:102460003FF58EAE8020FFF72BFB238D43F08003DA
:10247000238585E605A90320FFF7E8FDACE794F87E
:102480009830ADF80E305348A5F8583000F07AFE79
:1024900028B1012385F87D3084F890301CE0A06FCE
:1024A0000DF10D020DF10E010AF0DEF8606788B142
:1024B00095F8C73073B99DF80D302BB90380837040
:1024C000606F01210BF0A1FC636FBDF80E205A7004
:1024D0000123E1E7404B6367D4F874B095F883209B
:1024E0009BF80000D20002F0080200F0F30313434F
:1024F00095F88420920002F0040213438BF8003018
:1025000000F00300FFF774FB9BF8003023F010038A
:1025100043EA00138BF8003095F88B30606F002B86
:102520004BD04378002B48D0E06C05F023FB002310
:1025300084F86830D5F8E0302366616FD5F8E43070
:10254000E06C636604F05EFD95F86910012005F00B
:10255000B5FB0125606F84F88F500BF066FC636F4C
:1025600084F880001B7884F83C5003F0030384F85F
:102570008130002F3FF432AF05A90220FFF766FD3E
:102580002CE7B5F85830A06FADF80E300DF10D0204
:102590000DF10E010AF068F86067002898D140F24A
:1025A000F121CBE50B4800F0EDFD002890D140F281
:1025B000FB21C3E540F20931C0E505F0DBFA04F088
:1025C0007FFDC1E7B4F807300133A4F807302CE7EA
:1025D000B01D0020F81D00200E1E0020C51B0000AD
:1025E0001D210000251C0000311B0000F0B5070C68
:1025F000A7F5AA42144B543A012A03EA90231FD9A3
:1026000027F4004042F6AA22801A18BF01200022B7
:10261000162116461F2487EA060562EA05050135DC
:1026200010D0DD03ADB245EA5606E503ADB201397F
:1026300045EA52024FEA53034FEA5404EBD1F0BD8E
:102640000020E4E70020FAE7E0FF3F00304BF0B560
:102650005A88B0F85C70B0F85A609D88974228BFDD
:102660001746964228BF16461B2E85B00C462ED024
:10267000B5F5A47F2DD040F648039D4201A928BF9F
:102680001D460AF001FBBDF80A30BB4228BF3B469D
:10269000E380BDF80C30AB4228BF2B462381BDF848
:1026A0000630B34228BF33466380BDF80830AB42E2
:1026B00028BF2B46A380FF232370E3881B3B9BB2DC
:1026C000E02B08D940F2EE613920FEF753FC1B2FB6
:1026D000CED105B0F0BD63881B3B9BB2E02B02D985
:1026E0004FF4DE61F0E72389A3F5A4739BB2B3F541
:1026F000E06F02D940F2F261E6E7A388A3F5A47384
:102700009BB2B3F5E06FE4D940F2F461DCE700BFBF
:10271000201E002010B501210020FEF7E9FF04462D
:1027200070B90121FEF7A8FF044620B940F29131AB
:102730003920FEF71FFC034B93F906100CF063FAE7
:10274000204610BD201E002008B50BF01AF900F03D
:10275000E5FE00F0A7FB0BF0CBFB02F04DF801F01B
:1027600049F9094B00221A60084B1B214FF4A47051
:1027700098801A805980064B064818605A829A75CC
:1027800099805A749A8208BD0C110020201E0020E6
:102790004C22002003021B00044B41F64C52C3E9BB
:1027A00002221B221A74FFF7CFBF00BF4C22002069
:1027B00073B5244DAB680363234B836104460CF06F
:1027C000DDF8064600F05EFB830654BF1B236B88D2
:1027D000A4F85A3058BF1A461C4B297C1B6848BFC6
:1027E000AA88A4F85C2084F8381066871BB194F995
:1027F000701020889847164E204631460BF07BF922
:1028000001236A886978E385AB88019116F8121C68
:102810000091033303329BB292B204F1140104F12C
:102820001000FEF7D7FF236923B940F2C5613920B4
:10283000FEF7A0FB636913B940F2C661F7E7002019
:1028400002B070BD4C22002000093D001011002094
:102850005E220020F7B504460D460CF007FA00286A
:102860006DD020460CF0DEFA38B1B5F80130013BEE
:102870007F2B02D9122003B0F0BD20460CF0D6FA0F
:1028800008B90C20F7E720460CF06EF90028F8D1C3
:1028900020460CF0A9F906460028F2D1204603F0A4
:1028A000A3F90028E6D0B5F80170E97842F2107378
:1028B00020465F430CF0A2FA20460CF0ABFA01462A
:1028C00048B93A46204602F03FFBB0B341F69D417D
:1028D0003920FEF74FFB31460DF10600FEF794FE5E
:1028E000054608B90D20C6E7314600F0D1FFBDF816
:1028F00006302B80204629460CF0A2FA20460CF028
:102900009BFA88B9216A20460CF098FA01462846BD
:10291000FFF74EFF3A462946204602F015FB0246D5
:1029200020B14FF4E651D3E70121F0E7054B9B6856
:102930001BB105F58D712846984700209BE7422082
:1029400099E700BF201E0020024B1B6803B1184707
:102950000C2070470C110020034B5A8802801B7812
:1029600083700020704700BF4C22002037B5837869
:102970001A2B054608D8042B04D9144A22FA03F36B
:10298000DB0705D412241AE0292B01D03B2BF9D107
:102990002888B0F5706FF5D269460BF041F888B918
:1029A000019B93F8182102F0FF046AB9AA7883F812
:1029B0001921FF2283F8182168460BF074FA20468B
:1029C00003B030BD0224FAE70C24F8E720003804F5
:1029D0000188A1F11B039BB2E02B0CD84288A2F521
:1029E000A4739BB244F24810834204D8034B0020E6
:1029F00059809A8070471220704700BF201E002027
:102A0000034B5A889B88028043800020704700BF98
:102A1000201E002038B50278447802F0010354EA01
:102A2000030102F0020201D1112038BDBAB9857844
:102A3000002DF9D0002B18BF002400E01D462046D1
:102A40000AF0CDF80028EFD028460AF0C8F8002890
:102A5000EAD0054B00209C74DD749882E5E7002BDA
:102A6000ECD000242546EAE74C22002013B500886C
:102A700069460AF0D5FF18B10224204602B010BD05
:102A8000019A92F8DC31DBB292F8A820002AF3D147
:102A900013F0FB0FF0D0019890F82A310BB13A24D3
:102AA000EBE790F8D23003F0FF04002BF7D190F859
:102AB000C9309B0706D1FF2380F82A3168460BF006
:102AC000F2F9DAE70249CA300BF03AFAD5E700BF6B
:102AD0001BE60000F7B50778EF2F05460C460FD828
:102AE00090F901204378002A0ADB8278900707D109
:102AF00013F010001DD1990603F0030202D51AB19C
:102B0000122442E0032AFBD01E07F9D42979EA787F
:102B1000EE7942EA0122697942EA0142A97941EA61
:102B200006212E7A41EA06418A42E9D81F2A0FD8A7
:102B3000E6E713F0600FE3D103F00702052A05D0A2
:102B400003F00F010D22CA40D107D9D51A07DDD5F0
:102B50006A7A013A062AD3D8AA7A032AD0D813F07F
:102B6000040102D1023A012A03D8EA7A012AC7D81D
:102B700011B9AA7C032AC3D82A7D48B1012ABFD142
:102B80002A7E012ABCD830B91124204603B0F0BDFA
:102B9000022AF5D1B4E7DB0712D46B782A7D03F063
:102BA0001803082B11D1022AEED101213846FEF775
:102BB0009FFD064678B10BF0D7FFB8B10C24E4E7CF
:102BC00000F024F90028E8D1DEE7022AEDD02B7FBF
:102BD000002BEAD0D8E701213846FEF74DFD064626
:102BE00040B3154B93F906100CF00DF830460CF07D
:102BF0000EF929462070E87430460CF053F8EB7E4D
:102C00000446002BC1D00028BFD1316B0246684674
:102C1000FEF7A8FE306B2246012109F0F8FE316B69
:102C200068460422FEF79EFE306B2246214609F0DC
:102C3000EEFEAAE70724A8E7201E002030B502799F
:102C4000042A8BB003464FD84088B0F5804F4BD84C
:102C500026498D5C114400244A79ADF8004042F0C9
:102C6000100242EA45028D7AC97B8DF8084042EA9B
:102C7000850242EAC10202F01F028DF80020BDF871
:102C80000020ADF809201A888DF80B208DF80E0071
:102C9000120A000A8DF80C208DF80D408DF80F00F7
:102CA0008DF810405A7B8DF811205A798DF812203A
:102CB0009A79D3F807008DF81320B3F80B209B7B8B
:102CC0008DF81A307F2305908DF81B3069464FF040
:102CD000011302A8CDE90734ADF818208DF824407F
:102CE000FFF7F8FE0BB030BD1220FBE7D08B0200DF
:102CF0000278034672B1427862B142881A2A09D931
:102D000082881A2A06D9044A006810609B8893803A
:102D100000207047122070474C220020024B0268AE
:102D20009A600020704700BF4C2200200378A3F176
:102D30000A02112A9DBF024A002013741220704714
:102D40004C22002008B5052000F090F804F060F84F
:102D5000014B024A9A6008BD201E00204D2600004B
:102D600008B502F029FF02F0DBF9BDE80840014890
:102D700002F00CBF2C1E002010B50B4A0123144694
:102D800082F8023102F020FF0CF002FA0AF0F7FD9F
:102D900004F203112046FFF703F8002009F0D3FDE9
:102DA000BDE8104001F02EB82C1E002010B5064CD6
:102DB000064904F502700AF0A2FC04F50370044908
:102DC000BDE810400AF09BBC2C1E0020141100200E
:102DD0001C11002010B5094C094904F502700AF0D5
:102DE0008EFC04F5037007490AF089FC04F50470B1
:102DF0000549BDE810400AF082BC00BF2C1E00202F
:102E0000241100202C11002034110020014B93F8D4
:102E1000020170472C1E002010B5074C00F0CEFFB9
:102E2000D4F808020AF063FCFFF7B6FC01F0FCF8E6
:102E3000012384F8143210BD2C1E0020014B93F89E
:102E4000140270472C1E002010B5074CD4F80C0259
:102E50000AF04DFCD4F810020AF049FCFFF774FCAC
:102E6000002384F8143210BD2C1E0020C20804492F
:102E700000F0070001238340885C03438B547047B4
:102E8000D0100020014BD3E900017047D010002082
:102E9000034B1868C0F30020400040F00100704769
:102EA000D010002008B508F0E9F8084A002332F8ED
:102EB0002310814205D302EB83029378044A1370F6
:102EC00008BD01330C2BF2D10023F7E7E48B02009D
:102ED0004120002010B544682388A4F8683194F894
:102EE000683084F86711012B06D0022B04D04FF410
:102EF00061710620FEF73EF884F86A3194F8693073
:102F0000012B01D0022BF2D184F86B31044904F576
:102F1000AF700BF015F8002384F8243110BD00BF0A
:102F200079D70000406808490388A0F85A3190F822
:102F3000603080F85C3190F8613080F85D3100F2EB
:102F400051100AF0F7BF00BF8FD700002DE9F04302
:102F50008946097999F80580456801F0070108F06C
:102F600007084B1E08F1FF3202EA08020B40134328
:102F700095F8872095F88660232A85B004463BD1D2
:102F800005F18707FBB940460AF042FC00283DD016
:102F900095F86830984239D095F8262118EA020F42
:102FA00011D0212E32D095F8612018EA020F2DD1D0
:102FB0000138013B4D4AC0B2DBB2032B105C20D874
:102FC000D35C834222D995F82431012B53D11E21A1
:102FD0002046FFF77FFF212E51D16368182283F826
:102FE0000921092283F8862093F8C230002B3ED1B4
:102FF0004FF43171AE2007E0212E75D105F186071F
:10300000C0E74FF40F710620FDF7B4FF08460AF041
:10301000FFFB38B195F86930834203D095F827312A
:103020001942D0D0B9F8066003AB00932846334666
:1030300042460AF0FAFB6368054678BB93F8242100
:10304000012A28D101462046FFF744FF3D706368FE
:1030500003F18702974202D1002283F88720636838
:1030600003F1870297423BD120460BF085F8002000
:1030700005B0BDE8F083002385F82431ABE70023D9
:1030800020463B700BF078F81821204605B0BDE8CB
:10309000F0430BF099B883F82401D8E7B3F8802007
:1030A000A3F83C62013EB61AB6B247F6FD729642EC
:1030B00006D9282283F8A920204601F02DF9CEE771
:1030C00093F887200D2A02D00A3A012A01D82A2231
:1030D000F0E7BDF80C20A3F83E2225233B70BEE7A5
:1030E000002283F8C220C2E70220C1E7148C02004C
:1030F000044B002283F822204FF6FF729A84DA8470
:103100001A85704742200020054B9A8C824201BFED
:10311000002283F822204FF6FF729A84704700BF86
:1031200042200020014BD884704700BF422000207D
:10313000084B998C4FF6FF72914206D193F82220EA
:10314000012A04D00360012070470023036000209F
:10315000704700BF42200020064B93F82220012A2E
:103160001FBF0120DA8C83F822009A8408BF002058
:10317000704700BF42200020014B1885704700BFF8
:1031800042200020064B0246198D988C884205D1BA
:1031900093F8220018B11360012070470020704797
:1031A00042200020094B998C1A8D914201D00020B9
:1031B00070474FF6FF729A8493F82220002AF6D0C7
:1031C000002283F822200120704700BF4220002007
:1031D000054B998C1A8D914203BF93F82200B0FAE7
:1031E00080F04009012070474220002050B90A4A6F
:1031F0001346012003F8010B0868C2F801008A8811
:103200009A807047012805D1034B0A689A608A8822
:10321000D8719A81704700BF6C20002050B90B4BC9
:10322000187888B1D3F80120B3F805300A608B8094
:1032300001207047012806D1044BD87920B19A6843
:103240000A609B89F3E70020704700BF6C200020D4
:1032500010B9044B18787047012806BF014BD87984
:10326000002070476C200020F7B500238A888DF875
:103270000600ADF8042008680B4A8DF80730019D60
:103280001478014602F5A872D8B2844201D8082009
:1032900008E052F8087F5668AE4208BF8F4203F13B
:1032A0000103F1D103B0F0BD8020002030B5094BFF
:1032B00001465C78002203F20113D0B2844201D8A7
:1032C000082005E013F8015F8D4202F10102F4D1FC
:1032D00030BD00BF80200020F8B52D4C6378013B45
:1032E000DBB22218834292F80251637030D01A0187
:1032F0000101961C8F1C2644274406F1100C56F839
:1033000004EB47F804EB6645F9D18232823122445E
:10331000214402F1100652F8047B41F8047BB242CA
:10332000F9D1E118221891F8026182F802610626AB
:103330007343704303F5857300F58570E618E35811
:1033400023502718B388BB8091F83A3182F83A317C
:103350002846FFF7ABFF082818D12378013BDBB2E2
:103360009D42237012D02B3304EBC30393E8030078
:1033700005F12B0204EBC20282E803002078FFF77C
:1033800095FF08281CBF241884F80251F8BD00BF1F
:1033900080200020F0B5254D95F8984189B022464F
:1033A00005F29911684608F0ADFD214668460AF01D
:1033B00007FB0446B8B300EB4001C9B202A8FDF711
:1033C0001FFF631E95F8A161DBB2012495F89811E7
:1033D00005E0721CB2FBF1F001FB1022D6B206F13F
:1033E00020020DEB020010F8202C002AF1D103EB93
:1033F00043012031694406EB46022A4411F8187C47
:1034000082F8A27111F8177C11F8161C82F8A371CA
:1034100082F8A41100F8204C013BAA19DBB2FF2B63
:1034200082F89941D2D109B0F0BD00BF80200020C0
:1034300070B5064688B00C46002A4ED0294A92F84C
:10344000A131D01890F8991119B9FF212820FDF762
:1034500091FD03EB43011144013391F8A251E57052
:1034600091F8A35191F8A41161710021257180F8A0
:10347000991192F89811B3FBF1F001FB103382F827
:10348000A13192F8C23123B9174902F5DD700AF073
:1034900054FD657905F03F0545F0400565710D2245
:1034A0000021684608F0EEFCE3788DF80F302379B0
:1034B0008DF80E3004AA0423694630468DF80D506D
:1034C00008F03EFB9DF81F3023709DF81E3063709E
:1034D0009DF81D30A37008B070BD03216018FDF782
:1034E0008FFED6E78020002095330000044B5A78E9
:1034F000824286BF1B1893F84A010020704700BF24
:1035000080200020044B5A78824286BF1B1893F813
:1035100042010020704700BF80200020064B00229F
:103520004FF461711A8083F8C32183F8C421A3F892
:10353000C61183F8C2217047802000202DE9F04792
:103540008246894617469846FFF78EFE08280546AC
:10355000064603D0FFF7AAFE082860D1324C6378F4
:10356000072B5ED8082D15D12678731C072E2370E3
:1035700003D96C212820FDF7FDFC06F12B02D9F8B8
:10358000000044F8320004EBC203B9F804209A802A
:1035900083F806A065786B1C290163704B1C07F14A
:1035A0001002234412F8010D03F8010FBA42F9D1B9
:1035B000813108F11003214413F8012D01F8012F86
:1035C0009845F9D1102140460AF037FA25441021D8
:1035D00085F8420138460AF030FA85F802616678CB
:1035E00085F84A010023114885F83A3131460AF03E
:1035F000E7F90128054607D80D4831460AF0E0F9F9
:10360000002818BF0135EDB284F8985100252846EE
:1036100084F8A151FFF7BEFE2846BDE8F0871220CE
:10362000FBE70720F9E700BF80200020C22100202F
:10363000CA21002010B5064B5878013840B2002846
:1036400000DA10BDC4B22046FFF746FE601EF5E763
:1036500080200020014B83F8C301704780200020A8
:10366000014B93F8C301704780200020431E9BB29A
:103670004AF2B71293429DBF024BA3F8C601012044
:103680000020704780200020014BB3F8C60170472E
:103690008020002030B50A4B5C7884420ED9184453
:1036A00090F802012B3003EBC004A5790D7053F89C
:1036B00030001060A3889380012030BD0020FCE71B
:1036C000802000200246074810B590F8C34124B17D
:1036D000417821B1023003F0C1FB204610BD0C46F9
:1036E000FBE700BF802000202DE9F74F2F4C9A46C2
:1036F000637883428046894656D9231893F842510D
:1037000085F00105F9B193F84A31E3B945F00207B4
:103710000135BAF1000F18D1FA070AD5062101FBCD
:10372000084104EB0810524601F585718230FFF71D
:103730007FFEBB0734D504EB0810524649460230E1
:10374000FFF776FE2CE02F46E3E794F8A1614FF0F7
:10375000010B002DE0D0A319019393F8991199B9A9
:103760000092DAB100F030FC06EB46012144019BE7
:1037700081F8A2014FEA102C009A81F8A3C1000C35
:1037800081F8A40183F899B194F898310136B6FB19
:10379000F3F103FB1166F6B2013DDAE747F00407E7
:1037A000384603B0BDE8F08F0027F9E780200020FD
:1037B000074B5A78824209D91A1892F842212AB93D
:1037C000062202FB003000F585707047002070472C
:1037D00080200020064B5A78824281BF1B1893F844
:1037E0003A01B0FA80F0400998BF0020704700BF4E
:1037F00080200020F8B50E460746062130461546C3
:103800000AF01BF9044670B10C4B0022587803F201
:103810003913D1B2884202D801242046F8BD03F8FA
:10382000015F0132F5E7314638460AF0E5F808282D
:10383000F3D0024B034483F83A51EDE78020002097
:1038400030B50024A0F84040B0F8444042F2107572
:103850004C43B4FBF2F4A0F84440541E05FB034370
:10386000B3FBF2F3A0F84230084BB3FBF2F30133A1
:10387000A0F84830838F05FB0344436BB4FBF2F49C
:1038800059438463B1FBF2F1416330BD005A6202D7
:1038900070B504460D4659BB4FF41A7208F0F2FA9F
:1038A000012384F88E306FF0360384F8D930042376
:1038B00084F8DA306FF03B0384F8DB306F2384F850
:1038C000DC306FF03C0384F8DD306FF07F0384F868
:1038D000DF302B2384F8D830FE2384F80E317F2389
:1038E00084F88530202384F8DE5084F8F73170BDE9
:1038F000012923D10023A0F8B43180F8AB318269CB
:1039000040F6B833A0F8B4301146438C7830FFF756
:1039100097FF104B1B68062B01D001330CD10E4BC7
:103920001B68063B083307D9E069FEF75FFE18B94C
:10393000012384F89F31DAE70023FAE70229D6D180
:10394000B0F84A32D0F844228169BDE8704078303E
:10395000FFF776BFA8250020AC250020034B80F898
:1039600070101B680BB10088184770473C1100208D
:103970000B2808B504D940F2C7112920FDF7FAFA3F
:10398000014B33F8100008BD188C0200074B93F967
:1039900000301844142804DC10F17F0F03DB40B220
:1039A0007047142070476FF07E0070474822002057
:1039B00007B57F230DF107008DF8073004F066F995
:1039C00003469DF9070053B1094B5B785B4240FA0F
:1039D00083F0142806DC10F17F0F05DB40B203B042
:1039E0005DF804FB1420FAE76FF07E00F7E700BFF4
:1039F00048220020024B00221A705A70704700BF04
:103A00004822002003464078B0B1DB783F2B0BD82A
:103A10000A4AD35C03F07F0290420CD08CBF012095
:103A2000002000EAD310704703F10A02D2B2022A42
:103A300001D8B63BECE70120704700BF308C020094
:103A40003F2908B5C17005D80C4B5B5C03F07F03C0
:103A5000437008BD01F10A03DBB2022B04D8074B07
:103A60000B4413F8B63CF1E7FF2904D040F2434180
:103A70002A20FDF77FFA0123EAE700BF308C02001D
:103A80002DE9F347894669461546984609F0C8FF6F
:103A9000044620B9019E35B9012386F88D300120F6
:103AA00002B0BDE8F08737692946384608F086FD40
:103AB00001460028F4D0164B5B88AB4225D338462C
:103AC00008F0BBFE96F88D300480002B0CBF4946F1
:103AD0000221824684700AF098F941462A460AF18A
:103AE000030008F00FFA2946384608F0A2FD18B97D
:103AF0007E212B20FDF73EFA68460AF0D4F9019B9F
:103B0000A3F8A24186F88D40C9E72046C8E700BF68
:103B10004C220020024B987DC04300F0010070470A
:103B20004C220020044B987DC0F3400080F001003F
:103B300000F00100704700BF4C22002083230B706F
:103B4000014B1B78CB707047642200202DE9F84FA1
:103B5000D0F80480D8F8146030460D4608F05FFEB7
:103B6000044618B9FF211020FDF704FA014630463B
:103B700008F063FEB4F800B01FFA8BF98246B9F181
:103B8000000F02D140F20311EDE71E4B1B68C71C6A
:103B90008BB9B8F80030AB8000236B72A5F806B083
:103BA0009AF8003003F00303012B0FD0022B0DD045
:103BB00040F21D11D7E7B8F800004A463946984749
:103BC00004460028E5D12046BDE8F88F2B72304628
:103BD00008F039FE044610B94FF49371C3E7B9F108
:103BE000FB0F02D940F23511BDE7286810B94FF438
:103BF0009B71B8E74A46394608F084F9304608F028
:103C00007DFDE0E7401100202DE9F347DFF850810A
:103C10008246894605270026D9F8103053B11B7A11
:103C20001BB980211020FDF7A5F9D9F81040B4B9CF
:103C3000002071E0D9F80440237A012BF8D0EFF38B
:103C4000108372B6D9F804201268C9F8042003B9A9
:103C500062B6C9F81040237A0BB9A621E2E7257AAB
:103C6000EDB227726B1E0B2B6AD8DFE803F06606F5
:103C70001C3463693D6969696958636813B94FF415
:103C8000D771CFE72046514698470420EFF31082C2
:103C900072B6237A052BD9B25CD12672C9F81060AE
:103CA000B2B962B614E0636813B940F2B711B9E76C
:103CB0005146204698470346C3F30723012BADF82E
:103CC0000400C0B23FD0022BE0D10023C9F810306D
:103CD0000028A1D020E0636813B940F2BF11A1E72A
:103CE000204698470020D1E763680BB9B52199E7D2
:103CF0000B228AF8002019881869AAF803100122FB
:103D000000248AF802208AF805208AF8064008F084
:103D1000F5FCC9F81040042002B0BDE8F087D8F8DF
:103D20000030514620469847034660B1C9F81060FC
:103D30000220F1E74FF4FB7174E740F2F91171E7EB
:103D40004FF4FE716EE725720028E5D1002B7FF459
:103D500063AF6DE711B940F21D2163E700209FE7D3
:103D60004411002038B5134C14220021201D08F006
:103D700089F801252574142204F10803002104F1B7
:103D80001800C4E9013308F07DF884F8245004F1E8
:103D90001C03C4E90633084A0023E362236384F862
:103DA0003430C4F83530C4F8393084F83D3013600D
:103DB00038BD00BF642200204011002010B5084C1F
:103DC0002378FF2B04D04FF4A0711020FDF7D2F818
:103DD00007F0FCFE2070BDE81040FFF7C3BF00BF36
:103DE000DD10002010B5034C207807F009FFFF23F9
:103DF000237010BDDD100020014B187807F010BFB4
:103E0000DD100020014B024A1A6070474411002067
:103E10004D3B000010B506490446FFF7F5FE28B9F2
:103E200020460449BDE81040FFF7EEBE10BD00BFBC
:103E30007C2200206822002010B51346027A22B1AD
:103E400040F299211020FDF795F80A46BDE8104090
:103E5000014601480AF04EB868220020044890F854
:103E600034301BB903492C300AF061B8704700BFE9
:103E700064220020E7DE00000346064890F83E205A
:103E80003AB190F83D2022B900F8353B02490AF0DA
:103E90004EB87047642200203D3B000010B50A4632
:103EA000037A23B140F2A1211020FDF763F8014607
:103EB000BDE81040014807230AF01CB87C2200200E
:103EC0001346027A0AB1037270470A460146014856
:103ED0000AF010B8682200201B234FF01B128384C5
:103EE000038482618382C260038539B94FF4A4736D
:103EF000034AC3844384C261C3820261704700BF26
:103F0000480148010346F0B4B3F85420B3F84840E0
:103F1000B3F84460DF8FB3F84250944228BF144690
:103F20000846B3F84C20B3F85610DC878A4228BF05
:103F30000A46B3F84610A3F84220914238BF114612
:103F4000A64238BF2646A742A3F84460A3F846100D
:103F50001FD1AA1A18BF0122B3F84A50B3F8504033
:103F6000B3F852709E8FB3F84010A54228BF254683
:103F7000B3F84E409D87BC4228BF3C46AE42A3F8F2
:103F8000404002D1A14200D12AB1F0BC034909F05E
:103F9000D7BF0122E0E7F0BC704700BF47DF000059
:103FA0000B8BA2F80B304B8BA2F80D308B8BA2F849
:103FB0000F30CB8BA2F809000249A2F8113010464D
:103FC00009F0B8BF97DF0000094AD2E90003434077
:103FD00083EAB01181EA43214FEAF3435360054B72
:103FE000116058434FEAF06000EB8000704700BF5B
:103FF000A4220020BB79379E094AD2E9000343403E
:1040000083EAB01181EA43214FEAF3435360054B41
:10401000116058434FEAF06000EB8000704700BF2A
:10402000E0100020BB79379E10B50A4C09480821E2
:10403000FDF7E6F8D4E900321343F7D0064CFFF75A
:10404000DBFF2060FFF7D8FF236860601843F6D0DD
:1040500010BD00BFE0100020A4220020174B184A1A
:104060009A60184A5A60184A1A60184A9A62184A9E
:10407000DA62184ADA60184A9A61184A1A63184ACA
:104080001A62184ADA64184A9A64184A5A62184B33
:10409000184A9A60184A5A62184ADA62184A1A612B
:1040A000184A5A61184A9A61184A1A63184A9A6457
:1040B000184ADA64184A9A63704700BF4811002012
:1040C0005DE200008DE20000F9E200005FE4000024
:1040D000B3E4000041440000C9E40000854600004C
:1040E0002545000097E50000B3E500006D450000A0
:1040F0005412002079E2000069E50000EBE40000C2
:104100008FE400000FE50000C544000039E6000020
:10411000E1E50000D3E500004FE50000044B054A4F
:104120005A65054B054A1A65054A5A65704700BF2E
:1041300048110020ADE300005412002093E300007A
:104140000BE40000054B064A9A65064A1A66064BC0
:10415000064A9A65064ADA65704700BF4811002092
:10416000ADD800004D2F000054120020F7D70000FA
:104170005FD90000252A034610B5084618D8012A41
:1041800019D9023A232A16D8DFE802F01A15252495
:1041900024311533152439434715154B24245E5E0D
:1041A000747415151515151515151515157B868EB1
:1041B000FF2A00F0818040F2DD415120FCF7DAFE59
:1041C0001A785B68012A02D193F8103101E093F864
:1041D0001931037110BD5968D1F8BE214260D1F880
:1041E000C22182605B68D3F80431C360F2E75B6888
:1041F000EAE70146BDE81040184600F00DBA592222
:1042000042710022102382715E220371C271037217
:10421000E0E75B6893F80A31DBE7BDE8104000F0A7
:10422000EBB95A681B784BB992F8103133B192F858
:104230000D31037192F80C314371CBE792F80B31D9
:10424000037192F80A31F7E75B68B3F85420027102
:10425000120A4271B3F812218271120AC271B3F8C4
:1042600050200272120A4272B3F8103183721B0A94
:10427000C372AFE75B6893F82621027193F8273188
:10428000DAE7124A1468002CA4D001461A4623200B
:104290002346BDE8104018470C4A1468002C99D0FA
:1042A00001461A462420F3E7084A1468002C91D0EE
:1042B00001461A462520EBE75B68BDE8104093F8FD
:1042C0003722D3F8381209F0B4BD00BF60130020C4
:1042D0003F2803D8064B53F82000704700F10A032B
:1042E000DBB2022B01D8B638F4E70020704700BFDC
:1042F000481100203F2803D8064B53F82000704790
:1043000000F10A03DBB2022B01D8B638F4E7002033
:10431000704700BF54120020F7B545682E69044667
:104320004FF6FF770DF102010DF101023046ADF8B5
:10433000027008F099F901A9304608F0BAF940B1C5
:10434000019808F07EFA616800220272FFF7A6FD6C
:10435000E8E7044905F1A00003B0BDE8F04009F02A
:10436000E9BD00BFEBE10000F0B5044685B00D46A5
:10437000FF2600F8856C10F8863CF3B1184F3B78A7
:104380001BB148211F20FCF7F5FD0C21381DFCF75F
:1043900037FF3E70002304F8853C2A46072302F8C5
:1043A000033BD4F80930C5F80330D4F80D3053601E
:1043B000D4F81130936005B0F0BD01A80C21FCF7D2
:1043C0001FFFA4F51373039AC3F8042101AB03CBB9
:1043D00044F88E0C44F88A1C04F8866CDAE700BFB7
:1043E000AC22002010B5054C23782BB90C21201DE0
:1043F000FCF706FFFF23237010BD00BFAC22002096
:10440000024690F8C631BBB990F8C73103F0FF01FE
:104410000BB100207047094B18780028F9D01970AB
:10442000D968C2F80411043303CBC2F8BE01C2F844
:10443000C211FF2382F8C63101207047AC22002050
:1044400038B5426892F8873004460D463BB1132BCD
:1044500005D0113B0B2B8CBF0120082038BD92F8F2
:10446000C83013B9204609F07DFE6268D5F80E30D9
:10447000C2F8B631D5F81230C2F8BA316368D5F84F
:104480001620C3F800211A88A3F855226A68C3F8D9
:104490005722AA68C3F85B226368AA89A3F85F223F
:1044A0006368002583F8C6516068054900F51370FC
:1044B00009F03DFD6368152283F887202846CDE783
:1044C0006943000038B5436893F887201C2A0446E6
:1044D00004D04FF4DE711F20FCF74CFD93F8C81098
:1044E0001D88002283F8C72003F5C97069B10B4904
:1044F00083F8C820A3F89C5183F89B2109F017FD8D
:104500006368002283F8872038BD012283F89B115D
:10451000A3F89C51024983F89E21EFE74BE4000089
:104520003DE4000038B54568AB6F13F0010417D1C6
:104530004A680C4B896813400B4AC5F8D830C3F35E
:10454000076343F008030A4085F8DB30C5F8DC2038
:1045500009F008FEAB6F43F00103AB67204638BD9E
:104560000120FCE72FC904F76FDB008008B5406825
:1045700090F88630042B28D14B688A68C0F8D83070
:10458000C3F3076343F0080380F8DB300023C0F86F
:10459000DC2080F8C23080F8863090F8743103F067
:1045A000FF020BB1002008BD0388A0F8763180F827
:1045B00075214B68C0F878318B68C0F87C310449AC
:1045C00000F5B67009F0B3FCECE70120EBE700BFA3
:1045D0002DE50000406890F8743153B90388A0F8C5
:1045E00076311A2380F87531024900F5B67009F06A
:1045F0009EBC70472DE5000010B50446FEF742FC56
:10460000034A044B02400B406260A36010BD00BF30
:104610002FC904F76FDB008037B50C464568FEF7FD
:1046200031FC084A084B0A4095F8D8100192034023
:1046300000930B408DF800306B4603CB6060A160A7
:1046400003B030BD6FDB00802FC904F738B5DB0441
:10465000154604D5037D13B10023436338BD446B75
:104660000134446309F0C9FF836B9C42F6D30023F5
:10467000436303492846BDE8384009F061BC00BFE8
:1046800089E5000038B5446894F88630012B05466A
:1046900002D0A36F98073CD494F8C9309A0715D478
:1046A0000A7984F8D320B1F80520A4F8D420B1F811
:1046B0000720A4F8D620D80743F0020284F8C920C6
:1046C0000FD5154904F1CA0009F03AFC94F8C93035
:1046D000D90711D4A36F9A0708D555214020FCF7BC
:1046E00049FC94F82A31002BEBD1EFE743F00203A9
:1046F000A367284609F036FD94F88630012B4FF069
:10470000000301D0002038BD84F8863084F8C23020
:10471000F8E70120F7E700BF1BE6000070B5456829
:104720000446FFF745F9054B85F885001B680146EF
:104730001BB12046BDE87040184770BD68130020CB
:10474000024B1B6803B11847704700BF6413002079
:10475000F0B51F4D2B78002414709BB1013B6D68A0
:10476000DBB21E1B012E0FDC05EBC40655F83470BE
:1047700076688E4208BF874227D0B84271EB0606A2
:1047800012D214700020F0BD1E19771005EBC70E71
:1047900055F837C0DEF804708445C6F347068F41EC
:1047A0002CBF33463446DCE705EBC30455F83350E1
:1047B00064688C4208BF854206D0A84271EB0404AD
:1047C00028BF01331370DDE71C4614700120DAE7BF
:1047D000CC22002010F0070208B503D06321482046
:1047E000FCF7C8FB18B1034B197258601A70C80067
:1047F00008BD00BFCC220020014B00221A70704778
:10480000CC2200200A46822302F8033B04480368B6
:10481000C1F803304368536083689360704700BFFA
:10482000D522002002481622002107F02BBB00BF32
:10483000D522002082B002AB03E903000B48437D80
:1048400093B1530610D50A880280D1F81822B1F826
:1048500080304260D1F81C220549826043800222E8
:104860000C3002B0FFF72CBB02B07047D5220020FD
:1048700005480000094B53F8203070B503F5234379
:104880000C461646A1334FF47A72B3FBF2F503F0EF
:1048900075FB34442C44204470BD00BF408D0200A1
:1048A0002DE9F04F8DB09A4690F869300293044696
:1048B0008946069208F05EFF834694F87300FFF77E
:1048C00057F8834409F0F0FE94F887300393069B71
:1048D0001FFA8BFB00F1500783BB94F8DC31032BEC
:1048E0002CD1039B0D2B29D1B4F83C324B4525D15B
:1048F000D4F8E431C4F8D031A369B4F8B421C4F8D1
:10490000D431B4F82A321344C4F8D831204602F026
:104910004FFAD4E99023A262B4F83E22A285D4F8DB
:104920004822226241F64B529342A3618CBF00237E
:10493000012384F87230022384F8DC31B4F8285261
:10494000B4F88080A9EB05052DB204F5FC73A9EB42
:104950000808002D04930FFA88F818DAD4E98423A4
:10496000C4E98823012345460493CA4B1B7813B13D
:1049700006F078FB70B9002694F8DC31032B00F2C6
:10498000DE81DFE813F06C006601BD008B01CDF81D
:1049900010A0EAE7B4F8C831012BECD994F8DC3167
:1049A000022BE8D094F8F661002EE4D194F873005D
:1049B000FEF7DEFF94F8DC3100F5C86B012B1FFA1F
:1049C0008BFBD9B23ED194F88A20A36A032A32D154
:1049D000D4F8D42113445946D4F8D401079306F0EF
:1049E00005FBD4F8D061079BD4F8D821C4F8D001D6
:1049F000861B59461846564306F0F8FAD4F8E031BB
:104A0000C4F8E001C31A5946A0691E4406F0EEFA44
:104A1000B4F8B431D4F8D82143445B1B9B1AD4F8C2
:104A2000E421013B821A02FB03660123C4F8E4017E
:104A300084F8F631A0E73046079309F071F8079B38
:104A40000344C8E7A069594606F0D0FAB4F8B46147
:104A5000D4F8E4314644761BC31A5E43E5E70121EE
:104A6000002009F05DF88046A06A5946404406F0EF
:104A7000BDFA5946C4F8E001A06906F0B7FA09A9E1
:104A8000C4F8E4010AA803F035F9099B0093D4E9BE
:104A90008801DDE90A2305F093F90290204609F028
:104AA0001BFEA16AD4F82C2294F869008D1803F03B
:104AB0006DFAD4F8E011029B203D6D1AED1B4544C0
:104AC00000F52340ED1AA1304FF47A73B0FBF3F0F8
:104AD000A38D30312D1A03EB410194F869003A4659
:104AE000FFF7C8FED4F82C32EB1A2230B3F5917FD1
:104AF000C4F8E80159D240F2FC413020FCF73AFA00
:104B0000A36AD4F8D4015946184406F06FFA5946FE
:104B1000C4F8E001A06906F069FAC4F8E40120468F
:104B200009F0DAFDA36AD4F8D4511D44B4F8B431C5
:104B3000002B40F08A80BAF1000F00F0868094F8D4
:104B4000690003F023FAD4F8E011D4F8183294F88D
:104B500069206D1A203D1D44D4E984BC4E4B53F8A6
:104B60002220A5EB0B054FF47A7302F2E732B2FB79
:104B7000F3F21544ED1B00F52340A130B0FBF3F038
:104B80002D1AD4F8D821D4F8D03194F8690002FB5A
:104B90000313A18D303301EB43013A46FFF76AFE60
:104BA0000123C4F8E80184F8DC31A369D4F8E421D6
:104BB000E73B9B1ADF1B002384F8F831D4E98832E5
:104BC0008742A5EB060528BF07465B1942F10002A4
:104BD000C4E98232C4F8B07104F1300009F027FA58
:104BE000D4E98223C4E98823B4F8A031A4F8289238
:104BF000A3EB09031BB2002BD4BF002201225200F9
:104C000084F80022039A38440D2AC4F8FC0100F00D
:104C10009980BAF1000F40F0988094F8DC31002BB5
:104C200000F0B080A169D4F8E43104F5FC70C91A31
:104C300008F00FFF80B2002800F0A480169B03B19B
:104C4000188001200DB0BDE8F08FD4F8E0116D1A86
:104C500097E7D4F8E411A369B4F8B421D4F8D801E3
:104C6000D4F8D0C15B1A5D43D4F8E0314244121A43
:104C70003033013A0CFB003301FB0233A18D94F871
:104C800069003A4601EB4301FFF7F4FDC4F8E8017F
:104C90008BE700BFF8220020408D0200D4F8E4E149
:104CA000A369A3EB0E035D4394F88630252B03D054
:104CB00094F88730252B0CD1B4F83C32A9EB0303D0
:104CC0001B0406D4029A94F83F32002B18BF1A46F0
:104CD0000292049BB4F8B4C143B3BCF1000F25D1D8
:104CE000D4E98623D4E98401904271EB030302D313
:104CF0004FF4AA6101E794F869102C4B53F8213066
:104D0000D4E98401CDE904010498203A121A03F28F
:104D1000E7314FF47A7B03F52343B1FBFBF10A44FF
:104D2000A133B3FBFBF3D21AD21B15440CEB0801E1
:104D30000EFB01F1303102983A464900A4E74FF4E6
:104D4000AD61DAE6BAF1000F1CD0B4F8C80118B3AF
:104D5000B4F8CA1194F8CC21A4F8CA1101FB0222BC
:104D6000904201F101050DDD002B0BDD002384F8DD
:104D70000032A4F8CA51FFF727F900F0070001300C
:104D800084F8CC0194F8F70104F5FC7104F010FEEE
:104D900020B940F2B151B0E60146DBE7069B83F053
:104DA000010384F8F43100204CE700BF408D02007D
:104DB000F7B5044618B9E2213020FCF7DBF80729E3
:104DC00000F2BC80DFE801F00484464641BA33B704
:104DD00004F0DAFFC4E94001204601F02DF8D4F8D0
:104DE000F400CB3804F0CCFE10B940F27B21E3E7AD
:104DF00020460AF017F80546F8B90146204609F0A2
:104E00003AFF00F1E506D4F8F400B04209D2301AB6
:104E1000322838BF3220032104F0D4FE051E18BF0B
:104E20000125C4F8F46020460AF016F83DB120468A
:104E300003B0BDE8F0400AF010B80025F3E7D4E96C
:104E40004023C4E93A2303B0F0BD03B0BDE8F0400D
:104E500002F05CBF09F01AFF002384F8F93007461E
:104E60000E4604F0DFFC0722A7FB023502FB0655C5
:104E7000D4F8EC200192D4F8E8209B18019A45EB75
:104E80000205D4F8CC2032B157EA060203D098428A
:104E900071EB050216D2022284F8F820D4F808211A
:104EA000D4F80CC1121A6CEB010C94F818E1BEF1A5
:104EB000000F09D1012A7CF1000E11DA204600F022
:104EC000C3FF05E00122E7E7012A7CF1000CF5DBD6
:104ED00094F8C80004F0C0FC002384F81031B2E755
:104EE000984271EB050E0ED23E430CD01B1A65EBB7
:104EF00001019A427CEB010005DB012B71F10000FE
:104F0000A4BF1A468C460F4994F8C8000123914269
:104F100084F811314FF0000384F8F03073EB0C0388
:104F2000B8BF0A4604F1F00104F058FF00288AD106
:104F300040F2EF6140E74FF480713DE74FF482713A
:104F40003AE700BF0040420F2DE9F04104460E460B
:104F5000154690F8103103F0FF071BB10C273846B7
:104F6000BDE8F0810146474804F088FC20288046CF
:104F7000F4D05722394604F1C90006F083FF84F8C3
:104F8000C880C4F8CC60FF2384F8103136B1FFF735
:104F900033F800F00700013086F8CC0102234FF00F
:104FA0000008A4F8F83084F8F08006F071F800F1F9
:104FB0009E06204609F036FFB6B20146002839D0D9
:104FC00008F0D8FB00F5CD6189B2284606F00EF84E
:104FD0002844C4F8F40004F025FC301841F1000125
:104FE000C4E94001012084F8D000A4F8268009F02B
:104FF000D8FFE53D2D1AC4F8D4504FF0FF356FF0BF
:105000000041D4E94023C4E942510025C4E93823D2
:10501000C4E93A2394F8C80084F8115142F210729E
:1050200004F1F00104F0DAFE38BB40F2EB1130205D
:10503000FBF7A0FF204609F01EFEDFF84C80E530AC
:10504000C4F8F400B8F8020048B1E08C38B1FEF7BB
:10505000D3FFB8F80230B0FBF3F202FB13000644B2
:1050600004F0E0FB361841F10001C4E94061002D75
:10507000C3D0AD1941F10001C3E72946204609F02C
:10508000EEFE6CE7B14D0000F8220020F0B50023E1
:1050900085B0CDE9003301238DF806306846FCF772
:1050A00061FB70B11D4E012333710027CDE90277FA
:1050B00002A8FCF757FB0546C8B10023337105B0C1
:1050C000F0BD009809F023FCE8E790F8F70104F040
:1050D00003FD94F8F70104F039FE94F8F70184F821
:1050E000DC5104F0B9FB202384F8F731DEE7029BA2
:1050F000002BDDD093F8F721202AD9D018884FF65D
:10510000FF739842D9D02946FCF7F2FA04460028EA
:10511000DBD140F237113020FBF72CFFF8220020C2
:10512000054B002201215A7119701A7142F2107256
:105130005A80FFF7ABBF00BFF8220020014B587127
:10514000704700BFF822002008B502F0B3FA044B04
:105150009A6882422ABF1879002080F0010008BDB9
:10516000F82200202DE9F3470446062900F2DA80F0
:10517000DFE801F0048673838A8FD300D0E98401CD
:10518000D4E98623904271EB030354D294F8F631AC
:10519000002B50D094F8DC31032B4CD109F084FA69
:1051A00094F869A0814608F0E5FA064694F8730081
:1051B000FEF7DEFB064494F87300FEF7D9FBD4E952
:1051C0008423D4F81872D4F8B05180465046BF1AE0
:1051D00002F0D4FE554A52F82A20A5F1500302F5F8
:1051E0002342A1324FF47A71B2FBF1F29B1AA3EB86
:1051F00009031B1A09F1790909EB5309B6B2603B9F
:1052000008F5C86873431FFA88F8B3FBF8F36033F6
:105210005A08A9EB53039F4202D391444F4501D949
:1052200005F026FFA069314605F0E0FE0023C4F832
:10523000E40184F8F6313E4B1B7903F0FF0263B9B9
:105240000092B4F8A41101232046FFF729FB38B1DE
:1052500040F21E713020FBF78DFE042384F8DC3110
:1052600002F03AFC04F0E2FAB4F88020A4F8F2214B
:105270000023A4F82A3284F8F53102B0BDE8F087A3
:10528000032380F8DC31F8E70AF02DF8C4E9860141
:10529000F3E790F86900264F09F00EFAB530D4F81C
:1052A000E431A56995288CBF0020C0F19600C21892
:1052B000954288BFED1A7B798CBF2D1A00251BB94A
:1052C000236B9D4228BF1D4604F13000D4F8B06125
:1052D00008F0ADFE0644022004F02EFDAD1B25EAC9
:1052E000E575854228BF05460221284604F06AFC80
:1052F00000B92E44012340F245123146204608F001
:10530000F3FED4F8B031B860A069184404F038FC5A
:105310000028B2D140F2A3319CE702B0BDE8F047CB
:1053200009F0DAB940F2ED7194E700BF408D020058
:10533000F82200202DE970430C4615466ABB024650
:10534000174994F8C80004F0C3FA20B940F2FD717F
:105350003020FBF70FFE02F0ADF9D4E94089064694
:1053600084F8D05084F810510121D4F8CC00FEF715
:105370008FFAD4F8CC00C0E9848994F8C83080F85A
:10538000F731C0E98889C0F82C6209F095FA02F07B
:10539000A3FBBDE8704304F049BA40F61801D7E713
:1053A000F3E60000014B5880704700BFF822002050
:1053B000074A03461068D3F85120C0F80320B3F819
:1053C0005520A0F8072093F8501008F0A3BC00BFA8
:1053D0000423002070B504460E466588407F15F012
:1053E0000401134618BF04F15F013246FEF77CF951
:1053F0004107054621D4C2070BD5012384F850305C
:10540000607FFEF7D5F90368C4F851308388A4F8AB
:105410005530AB0701D4012070BD094B1868D4F892
:105420005F30012184F85E10C0F80930B4F86330B1
:10543000A0F80D3008F077FCEDE70020ECE700BFA6
:105440000423002038B5C38D0F4D0133C3F30E0381
:10545000C385AB7C04462BB102F00AFC01F030FDA1
:105460000023AB7400232B7194F871302BB1012110
:105470002046BDE8384009F0F6BA637C13B1E28DEE
:105480009A42F4D20021F3E70423002010B5094C1E
:105490002379012B02D02379022B05D1A37C1BB1E8
:1054A00002F0E6FB01F00CFDE069BDE81040FFF7FB
:1054B000C9BF00BF0423002070B5294C2379012BFC
:1054C00007D02379022B04D040F65C412D20FBF756
:1054D00051FDA0B90125A37C1BB102F0C9FB01F06D
:1054E000EFFC002D3AD0E06909F036FA002830D000
:1054F00002F0A0FA236ABDE870409B681847216853
:10550000E26911F8095B02F15103E80992F85020B1
:1055100008F038FA0028DDD02068002108F028FCC7
:105520000028D7D02379E069012B05D02379022BFD
:1055300002D040F63541C9E72379226A03F180435E
:105540005269013B05F00F0152F823309847054698
:10555000C1E7E069BDE87040FFF774BF70BD00BFF0
:1055600004230020074A0346D06903B909B9FFF7AD
:1055700069BF1379126A03F180431269033B52F841
:1055800023301847042300202DE9F043032985B078
:105590000546174607D14388980723D400242046A0
:1055A00005B0BDE8F083428890F87030D107DBB2D7
:1055B000F4D5002BF2D14FF00108DFF8D49099F820
:1055C0001260C6B108F022FA0828387016D002AA74
:1055D0000DF10701FEF75EF838B940F6D4612D20D1
:1055E000FBF7C8FC4FF00208E7E79DF8070002A9A7
:1055F00009F050F806463B78082B08D1D9F800107E
:1056000011F8030BC0F3801009F044F80646D9F8EE
:10561000001095F8572011F8030B05F15803C0F35B
:10562000801008F0AFF9D9F80010044611F8030B08
:10563000C0F3801008F0E0F98146FEF7CBF840B1E6
:10564000B9F1080F1BD04846FDF750FF80F0010369
:10565000D8B23A78082A14D01CB96C7FA21A5442E6
:1056600054416A8853079AD4002897D176B9EC7CC4
:10567000444518BF002C0CBF012400248FE70020F4
:10568000E7E780F001022240D4B2EAE7344686E739
:10569000042300202DE9F04F85B008230DF1070207
:1056A000052104468DF80730FFF76EFF064620B946
:1056B0000026304605B0BDE8F08F744F3968FA7C9B
:1056C00011F8030B07F11403C0F3801008F05AF926
:1056D00080460028ECD13B68216A184691F88E205C
:1056E00010F8035B02EA551202F0010281F88E20E5
:1056F000D3F80320C1F803208288A1F807201D46B3
:10570000226A15F81F1BC1F380119170D3F81F0096
:10571000029002A928790871D3F80F00D061587D52
:105720001D7D000440EA0520DD7C28435062B3F86B
:10573000190082F8728040F2E24909FB00F09061A2
:105740009D7DC5EB451005EB800505EB85056D00DE
:105750009585B3F8170009FB00F09062B3F81B00C1
:105760001084B3F81D00508493F8243003F01F0018
:105770005B0982F89A0082F87330256A94F912A0C6
:1057800005F18E0008F022FA40F20113A5F8683006
:105790004FF0FF0B85F86AB0414605F13000FEF787
:1057A0009BFB51462846FEF7D9F8236A84F87B8094
:1057B0001A88A4F87C2084F899B04FF6FF72A4F8F8
:1057C0009A209A69B2FBF9F2A4F892201A8CA4F8F4
:1057D00094205A8CA4F8962093F8732084F898208B
:1057E000227F9DF8070004F186015AB394F85020F7
:1057F000012A27D194F8562002F0C002402A21D174
:10580000D4F85120C4F88620B4F855208A809A78BC
:1058100084F87F20082803F1030504F18C01D3F8F4
:10582000033004F1800227D0C4F88C30AB888B8021
:1058300004F17F01FDF72EFF40B940F6BB312D206A
:10584000FBF798FB0022C4F88620DFE794F87F304E
:1058500043F0020384F87F3004F172000C4908F031
:1058600066FB0C4B206A1B6800223A71002B3FF448
:1058700020AF214698471CE7C4F88030AB8893805E
:105880000023C4F88C308B80E6E700BF042300209F
:105890008DEB000070130020032973B5044604D07B
:1058A000052952D0012002B070BD08230DF1070276
:1058B0008DF80730FFF768FE0028F3D0237C274DD2
:1058C00003B39DF8070094F8BE30DBB9237884F861
:1058D000BF30082804F1C10228D004F1C001FDF74F
:1058E000D9FE20B940F64A712D20FBF743FB94F80E
:1058F000C03043F0020384F8C030194904F1B60007
:1059000008F015FB2B68062204265A701E702046EC
:10591000FFF74EFD286894F84020E16B08F019FA73
:1059200028682E7102F026F90020BCE7286803469B
:1059300013F8031BC1F3801184F8C010D0F80310D2
:10594000C4F8C1109B889380D7E7064B1B68002BD7
:10595000EAD0984780F00100C0B2A4E704230020F9
:1059600075EB00006C130020F8B504460F4619B320
:1059700000F12805284609F0EDFAA0B963881A0756
:105980002ED5284609F0FDFA0646284609F0E2FA27
:10599000301AC0B209F005FB474A93680344284611
:1059A000936009F0B3FA284609F0B5FA01F0A8FFB0
:1059B0002179252001F0C6FE3F4E94F85E20306824
:1059C0000023037043706388103B0D2B64D8DFE81D
:1059D00003F05F635B0C6340636363636363634013
:1059E0002046BDE8F840FFF72DBD06234370202375
:1059F00003702046FFF7DCFC638823F008039BB2AA
:105A0000152B05D094F83820616B306808F092F9B6
:105A1000306802F0AFF8032321793371002001F0E0
:105A200099FF054607B9F06063881B0704D509F0A4
:105A3000B5FA0544C4F8D8506388103B0D2B36D80E
:105A4000DFE803F038352F2F352F3535353535352F
:105A5000352F0C2343700346212103F8091B52B153
:105A6000D4F85F20C0F80920B4F863209A8001219F
:105A700008F059F9BDE7A26DC0F80920B4F85C2020
:105A80009A8094F85710F3E7062303704370B0E749
:105A9000022303700623F9E740F236612D20FBF75D
:105AA00069FA21790120BDE8F84002F007B940F613
:105AB000CF41F3E7F8BD00BF0423002038B5438889
:105AC000102B044604D1BDE838400121FFF74CBF3C
:105AD0000B4DAB7C23B101F0D9F9402002F0BCF8AA
:105AE000286802F047F8608810F0040002D121799C
:105AF00002F0E4F8002002F08DF801232B7138BD8C
:105B000004230020024B0121D869FFF72DBF00BFFD
:105B10000423002010B5134CA37C1BB102F0A8F89D
:105B200001F0CEF9E06908F017FF70B12379012B7D
:105B300010D12379226AE069D26803F18043013BE6
:105B4000BDE8104052F823301847E069BDE8104026
:105B5000FFF778BC2379022BEBD040F65E312D2085
:105B6000FBF708FA0423002010B50748037903F077
:105B7000FF0433B918222146043006F083F9204689
:105B800010BD0C24FBE700BF0423002010B5094C16
:105B9000002323712060FFF7E7FF20B140F2EF21DF
:105BA0002D20FBF7E7F9236A13B940F2F221F7E75A
:105BB00010BD00BF04230020014B024A1A62704747
:105BC00004230020945E0000034B044A1A60044B37
:105BD000044A1A60704700BF6C13002095560000FD
:105BE0007013002035530000F8B5057DAF1E044644
:105BF000FFB2002D3AD0012F2DD800F1580190F8B6
:105C0000570007F0F9FE0828064624D0FDF77AFC75
:105C100010BB023D18BF0125012F8CBF00270127B3
:105C200084F8505027776677FDF72EFD054603F080
:105C3000F9FD174B0022E5FB0301C4E9120184F8CA
:105C40005E2011462046FFF7C5FB70B940F27A414D
:105C50002D20FBF78FF90826022D09D104F15101FF
:105C60000020FDF7DBFA80B90020F8BD0826F5E733
:105C7000E37E002BF8D0D4F81530C4F85130B4F8D6
:105C80001930A4F855300125C6E70025C4E700BF48
:105C900040420F00F0B5464E327985B0044602F01E
:105CA000FF0312B90278FF2A04D140F6B9112D2062
:105CB000FBF760F93382B3607371B37180F87130B0
:105CC0003C4B00933C4B01933C4B0293336A684638
:105CD0005B68039301F046FF01F078FD01F0C8FF17
:105CE00001F0EEF8364801F001FE04F128053548D0
:105CF00001F032FF284609F009F9284609F00BF9AE
:105D000001F0FEFD2179252001F01CFD94F912001F
:105D100001F0E6FD04F13401206B06F09DFE04F174
:105D20003C010746206B06F0BEFE0546E7B194F83D
:105D30002430CBB1B4F92E50ED43ED0F237F13B9CE
:105D400063885B0709D5D4E912126FF000439A42C9
:105D500008BFB1F1FF3F0ED1A5B930680330FDF7A0
:105D6000B1FCB07405B0F0BD002DE7D094F825501B
:105D7000002DDFD1E2E703F055FDD4E91223904274
:105D80009941E9D3012229462046FFF723FB50B170
:105D9000FDF77AFC054603F045FD0B4BE5FB0301DF
:105DA000C4E91201D9E7002DD7D040F6F6117EE7FD
:105DB00004230020155B0000B95400006555000065
:105DC000D6BE898E5555550040420F0073B5044626
:105DD000FFF760FF00212046FFF7C6FDA36E0BB161
:105DE00001221A606388DB0720D50023104E256A44
:105DF000CDE90033FF23F3746846FBF7B3FCA8B981
:105E0000009CA542F8D06A7A607A05F10A0304F191
:105E10000A0107F0B7FD0028EED0A378F374D4F898
:105E200003007061034BB4F807209A8002B070BD84
:105E30000423002018230020024BD8611B6A1B6832
:105E4000184700BF0423002043881B0710B50446F1
:105E500011D5036A0A493C2280F87B201B88A0F8F0
:105E60007C30FF2380F899304FF6FF73A0F89A300A
:105E7000723008F05CF8FF2384F8713010BD00BF69
:105E80008DEB0000DFEB0000BD5A0000E5EB0000E9
:105E900099580000CD5D00008D540000055B0000A6
:105EA000845E0000885E0000905E000001380228D9
:105EB00008B503D9C3212F20FBF75CF813290A4B3F
:105EC00005D811290CD8102907D0D121F3E71529BD
:105ED000FBD103EB4003D88801E033F8100008BD84
:105EE00003EB40039889FAE7B48C02000C4A11785E
:105EF000034689B9906833B9B0F85810828F91423F
:105F00000AD8FFF721B993891B0707D590F88800B5
:105F1000073818BF012070470020704701207047E4
:105F2000282300202D4AF8B5948903461C43402BB2
:105F30009068948104D10421BDE8F840FFF712B9BC
:105F4000802B01D10521F7E703F00304032C04D1D2
:105F500040F6C3213120FBF70DF813F0020418BFFF
:105F60001161DD0705D55161C97806290DD00B29CE
:105F700017D02CB11169C97805291DD00B2927D05C
:105F80009B0644BF08231370F8BD90F887101829AA
:105F9000EFD1002600270121C0E9386780F88B1077
:105FA000E7E790F88710122901BF002180F88B10D5
:105FB000012180F8C810DCE790F887101629DFD19E
:105FC00000240025C0E93A45012180F88C10D7E76C
:105FD00090F887101129D3D10021F6E7282300205B
:105FE00073B504464068836F13F0300F0D4646D1F9
:105FF00009891A2903D96B89B3F5A47F06D2E978F8
:10600000204602B0BDE8704008F0DEB8AA881A2A1F
:10601000F5D9EE88B6F5A47FF1D30096303008F0BC
:1060200018F8184B9A8992070ED51B69DB78142B48
:106030000AD16268936F43F010039367204608F01B
:1060400091F8002002B070BD636893F886201D2A85
:10605000EFD093F81B31002BEBD1636893F81A3122
:10606000002BE6D16268936F114643F020039367DB
:1060700031F8300B02F59F72FDF792FFDEE7012049
:10608000E0E700BF2823002037B5044601A8FDF74C
:106090004FF820B940F6A3013120FAF76BFF222216
:1060A0000021019805F0EEFE019D0321284607F02E
:1060B000ACFE2B7823F010032B7001982146FDF7DE
:1060C000BFFC019905482246FEF754F8FDF744F855
:1060D00010B940F6AD01DFE703B030BD2C2300203E
:1060E000264B70B59C6894F83E5294F83F62002DA0
:1060F0003DD194F86810002E3BD194F8693084F8B3
:10610000681084F86930FF2384F86A301C4B1B68E0
:106110000BB12046984794F82431012B01D0354328
:1061200003D018480021FCF7D5FE04F130063046B4
:1061300007F07DFF04F2351105462046FDF7E2FE2B
:1061400020460621FFF70EF8304607F070FF854223
:10615000044610D203F0E4FD0146601B322838BF2C
:10616000322003F02FFDB0FA80F0400970BD2946BF
:10617000C1E73346C3E70120F8E700BF282300202A
:10618000801300202C23002010B5154B1B691979B2
:10619000436893F88620092A09D193F809218A4295
:1061A00005D1002283F8862083F8C22010BD9A6FA3
:1061B00012F0080406D022F00802BDE810409A67E9
:1061C00007F0DABFFF2905D1332283F8862083F850
:1061D0003442EBE740F24C513120FAF7CBFE00BFDE
:1061E00028230020F8B50D79A5F10E03DBB2152B9D
:1061F00004460DD8012606FA03F740F25122174251
:1062000008D14268152B92F8862028D0082B08D098
:106210000020F8BD024631462846BDE8F84008F0A7
:10622000C4BE212A01D02E2AF2D1204607F091FFC8
:10623000636893F88720222AEAD093F8D92022F0C5
:10624000010283F8D920626892F8D93023F008035C
:1062500082F8D9301A212046FCF73CFED8E7282ADC
:10626000D6D1034B1B68002BD2D09847D0E700BF94
:106270007C1300202DE9F041A0F10E040029E4B2C6
:1062800008BF1F21172C13460AD80126A64040F24A
:1062900051273E4207D116F4600F23D1082C07D0B6
:1062A0000020BDE8F081BDE8F041002108F07DBE8E
:1062B000546894F88620212A08D11846FCF70AFE73
:1062C000002384F8863084F8C230E9E72E2AE7D12B
:1062D00094F88720A2F120010629F1D92E2AEFD0C7
:1062E0002A21EAE7054A1468002CD9D00A4601465B
:1062F00018462346BDE8F041184700BF7813002038
:106300002DE9F7437F4D0646AC68002840F0A48095
:10631000AB891A0724D594F80E31FE2B04D140F234
:10632000CF513120FAF726FEFE2384F80E3194F87F
:1063300087301A2B06D184F8C700281D07F01CFFF0
:1063400084F8876094F88630202B33D0332B3FD0ED
:1063500094F88830072B02BF02232B7684F80E3185
:10636000AB89DB073DD4AB895F0700F1AB809907B0
:1063700040F1B280AB68012283F80F212B69DF78EE
:106380000D2F00F0A680112F00F0B180072F00F034
:10639000B0803846FDF7AEFF0346002840F09A80F3
:1063A000FF2F40F0A880AA68332182F8861082F877
:1063B000340291E094F88730A3F12002062A05D92F
:1063C0002E2B03D0212384F88630C1E72E23FAE751
:1063D000012384F83532002384F8863084F8C230F3
:1063E000B6E7D5F80890D5F8148099F88730113BB6
:1063F0000B2B0BD898F80330023BDBB2092B7DD86E
:1064000040F2333222FA03F3D80777D54046FDF73E
:10641000F9FA98F8037020B939463B4807F0D4FEE2
:1064200049E0012F01D9162F30D199F8860007F0E5
:10643000B8FE40B199F88630202B04D0212B07D12B
:106440002E2389F886303846FDF742FF03462AE0BE
:10645000162F14BF022620262B781B0712D594F87E
:106460008730113B0B2B4BD9002501A90320019547
:10647000FBF7ECFD019B2BB11D720C22019821460C
:10648000FDF7DAFC304603B0BDE8F083112F0ED0E3
:1064900005D8072F14D00D2FD5D11C4B08E0142F91
:1064A000D1D11B4B1B681BB998F80310B5E7194BEA
:1064B00069691548984700283FF455AF0646CBE771
:1064C000154BF5E794F88820062A04BF01222A76A6
:1064D0004DE7124B0C489847AB89DA06BCD594F8C7
:1064E00087300A2BB8D10B2384F88730B4E70C4BE4
:1064F000F0E70C4BEEE740F2C25112E70826ABE79B
:106500000820C0E7282300202C230020E9F0000009
:106510007413002031F10000E561000079F0000003
:1065200097F00000896100002DE9F74FB64F0E4645
:10653000B989BC688D0556BFB4F8B8200023013274
:1065400004F1780A804646BFA4F8B83084F8AF3129
:10655000A4F8B820504608F0B6FD30B10B4604F55B
:10656000967221465046FEF771F8BB8903F4C0636A
:106570002BB194F88A30002B47D0032B4CD094F8E1
:106580008A20BB89012A04D1180544BF022284F85D
:106590008A20B8F1000F40F0958059065DBFB4F82D
:1065A000C821013292B24246A4F8C82103F00A027F
:1065B0000A2A0DD13A69D278022A09D123F00803B8
:1065C0003046BB81FFF79CFE08233043C6B2BB8137
:1065D0003046FFF795FEBD6895F80E313043FE2B2F
:1065E000C6B23CD1DEBB95F88830063B012B36D9CC
:1065F00095F81831ABB195F81931A5F8BC6085F85C
:1066000010310122022128462BE1012184F88A1051
:106610002046FEF7A7FDB2E7022384F88A30012165
:10662000F6E795F88790A9F110095FFA89F9B9F1B1
:106630000C0F40F2ED80AB6FDA0702D5324609212C
:10664000E1E7980740F1938032460C21284608F094
:10665000FAFC95F8C93043F0010385F8C930B4F865
:10666000A83194F8AC510133A4F8A831002D00F002
:10667000FD81FBF7DDFC10B10023A4F8A83194F8EC
:106680008A10012940F2278294F88830072B40F0C5
:106690000582B4F8B830022B40F21D82B4F8BA502B
:1066A0000135ADB2B4F880302B44A4F8A03194F891
:1066B000AD31002B00F013820123B4F88020134485
:1066C000A4F8A431BB89BD685B065FBFB5F8B431DF
:1066D000B5F8A6219B189BB248BF0023A5F8B4319A
:1066E00095F8183123B995F88830063B012B06D868
:1066F000B5F8BC30B5F8A6211344A5F8BC3095F820
:10670000C21031B1B5F8BE30B5F8A6211344A5F8D2
:10671000BE3095F9C620002AC1BFB5F8C430B5F81F
:10672000A6011B18A5F8C43095F8A93063B9B8F1D3
:10673000000F40F065823B7E022B40F0178295F8F7
:106740001031062B18BF162395F8A82022B92F4820
:1067500085F8A930FDF7E0FD284608F022FD00236A
:1067600084F8AB3103B0BDE8F04FFCF71BBD59070F
:1067700002D53246132146E71A0706D595F80831A7
:1067800085F81031324607213DE713F0300F35D040
:1067900095F81B31002B4AD195F81A31CBB195F8F9
:1067A0008730252B05F58D7105F23E2224D095F812
:1067B0008630A3F1250043424341284607F03BFCC5
:1067C000AB6F23F0200343F01003AB67002385F881
:1067D0001A31AB6FDA062AD505F235112846FDF7D6
:1067E00091FBB5F85230A5F81031B5F85630A5F840
:1067F00012310022152106E70123DEE75B0616D5DC
:1068000000222421FFE600BF282300202C230020A3
:10681000D7F808B09BF88730113B0B2B0ED8DFE878
:1068200003F01D0D0D0D232C0D0D0D0D0D55B8682C
:1068300090F88730222B4FD0312B4AD095F88630F4
:10684000002B59D195F88730103B0C2B5CD995F86B
:10685000B630002B58D001221221D4E600220B21A1
:10686000584608F0F0FBFAE65846FDF7C9FD002847
:106870003FF4F5AE00220421F2E79BF83032012B01
:1068800008D100220521584608F0DDFB00238BF8D3
:106890003032E4E69BF83032022BD9B27FF4DFAE1F
:1068A0009BF8C85025B106238BF810310022EAE787
:1068B00003210622B34807F06EFC9BF8D83013F092
:1068C000040F2A460CBF0D211121DCE7002206210E
:1068D000C6E700221121C4E790F82431022B02D12F
:1068E00000221721BDE790F82431012BA6D190F8A2
:1068F0002531002BF4D0A1E7092B05D195F80931FA
:1069000085F8103101223EE7B9F10C0F7FF6A7AEF2
:10691000D7F8089099F886B0BBF1000F40F08C8052
:1069200099F82B313BB101220E21484608F08BFB30
:1069300089F82BB1ADE799F82A3193B199F8C9B02C
:106940001BF003030DD101220C2148464BF0010B33
:10695000019308F078FB89F8C9B0019B89F82A31C6
:1069600097E799F81A3133B399F81B311BBB99F8A3
:106970008730252B09F58D7109F23E2219D099F83F
:106980008630A3F1250043424341484607F053FBBC
:10699000002389F81A3101221421484608F053FBDC
:1069A000B9F85230A9F81031B9F85630A9F81231B7
:1069B00055E60123E9E799F82431012B4BD199F8E9
:1069C0002531002B47D199F88730A3F12002062A00
:1069D00041D92E2B3FD099F86800012806D0022813
:1069E00004D04FF461710620FAF7C4FA99F86910DF
:1069F000012901D00229F4D1022899F826210BD0CF
:106A0000012A14BF0022012242B90A3B042B13D9E8
:106A100001221621484624E7022AF2E7022999F8C2
:106A2000272116D0012A14BF00220122002AECD00F
:106A300054480021FCF74EFA95F88630002B7FF47D
:106A40000EAE95F83432002B3FF409AE0122FF213F
:106A5000D9E5022AE7E74C4B1B68002BECD04948EC
:106A60009847FE280146E7D00122D3E7FBF7DAFA80
:106A700008B1A4F8A851FBF7E3FA00283FF4FFADF2
:106A800094F8AF310133DBB2022B84F8AF3182BF0F
:106A90000023A4F8A83184F8AF31F0E594F8B630BB
:106AA0001BB194F886300F2B15D1B4F8BA50B4F856
:106AB000B8305046ED1A033D08F005FB68B1D4F834
:106AC000B030D4F8AC20033B9B1A9D42A8BF1D46B2
:106AD000012D3FF7E6AD0125E4E52B46F5E7012D55
:106AE0007FF6EAAD94F8873013B10B2B7FF4E4AD59
:106AF00094F88630002B7FF4DFAD94F88830002BBB
:106B00007FF4DAAD02297FF4D7AD94F8AF31002BD2
:106B10007FF4D2AD2069B4F82E9005F0F9FD00287D
:106B20003FF4CAAD94F80E31FE2B7FF4C5ADB4F836
:106B3000A231012B7FF6C0ADB4F8A821238C9A4274
:106B4000BFF4BAAD9B1A9BB2013DADB2B5FBF9F5EE
:106B50009D4228BF1D4619FB05F3003D03F10103CB
:106B600018BF01259BB284F8AA51A6E5012B0DD1CF
:106B700095F88930002B7FF4E7AD00212846FEF719
:106B8000F1FAECE52C230020841300205EB1F0061E
:106B900034D4310734D4B20634D4B30734D140F6F8
:106BA0004421312020E739B1B5F8BE10B5F8C03026
:106BB000994201D32223C7E5002A05DDB5F8C42098
:106BC000B5F8C0309A42F5D2B5F8BC20B5F8BA3065
:106BD0009A420AD295F88A20B5F8B83052B1B5F881
:106BE000BA209A42C9D80823AEE595F81831002B8F
:106BF000E0D1EFE7052BC0D93E23A5E51E23A3E591
:106C00003D23A1E523239FE52A239DE5634B73B52F
:106C10000025012604461E7198609D811D701D7619
:106C2000FF2380F8AB310088FCF77CFA2088FCF762
:106C3000A3FAB4F8A231E3B194F80E31FE2B18D1C7
:106C400094F81831ABB194F88830063BB34210D9B0
:106C500094F81931A4F8BC50204684F8103132461B
:106C6000022108F0F0F984F8AA510220FFF70CFA8B
:106C700003E094F80E01FE28F8D1B4F8A611B4F898
:106C8000A821E38D013989B2B1FBF3F31344A4F8D1
:106C9000A831B4F8B83004F178060B44A4F8B83041
:106CA000304608F010FA20B1D4F8AC300B44C4F8E8
:106CB000AC30B4F8A231012B9CBF0133A4F8A2314F
:106CC000002509B184F8AF5194F8873084F8AA51AF
:106CD000A3F10A02012A1DD8B4F88030B4F83C228E
:106CE0009B1A19042FD404F23E2104F18E0006F001
:106CF0006DFF84F88750FF2384F8C330B4F8A621D1
:106D00002146304606F0A8FF98B340F6C81131205E
:106D1000FAF730F9252B16D1B4F83C22B4F88030BC
:106D20009B1A1A040FD484F88750FFF7D9F901464B
:106D300030B984F8240102B0BDE87040FFF7F4BB1D
:106D400084F82451DAE794F8863003F0FD03252B0C
:106D5000D4D1B4F88030B4F83C229B1A1B04CDD4B3
:106D6000002384F88630FFF7BBF901460028C5D11F
:106D7000E1E70B4B0B49009303C90B4B0B4AFBF7A5
:106D800033F894F88730113B0B2B04D802B0BDE8E0
:106D90007040FBF721B802B070BD00BF282300206F
:106DA000296500002C230020ED5E0000255F000017
:106DB000D0F844328269934210B5044604D1D0F829
:106DC0004812026A914215D02288A4F88A2140F222
:106DD000E242B3FBF2F3A4F88C31B4F84832A4F8E1
:106DE0008E31B4F84A320949A4F8903104F5C070E4
:106DF00007F0A6F802212046FCF74AFD002384F89C
:106E00008730032384F88A3010BD00BFD9E2000028
:106E100008B5FDF783F9024B024A1A6008BD00BFAE
:106E200074130020E15F0000064BD3F8000138B175
:106E3000D3F8040120B1D3F80801B0FA80F040097A
:106E4000704700BF00F00040034B00221A705A70D8
:106E500010229A70704700BF4323002070B5064689
:106E6000022014460D4600F0ADF9064B01221A70BF
:106E7000054B033CC3F81045C3F80865C3F8045537
:106E800070BD00BF4323002000F0004008B5022081
:106E900000F098F9084B01221A70084B0022C3F841
:106EA0000021C3F80421C3F8082103F580334FF40F
:106EB0000002C3F8042508BD4323002000F0004071
:106EC0000E4A08B5137883B10D4B4FF40001C3F897
:106ED0000815FFF7A9FF68B101235370094BD3F8D8
:106EE0000034DBB2937000231370BDE8084000202B
:106EF00000F068B950701023F4E700BF432300206E
:106F000000F0014000F00040094B1A7862B1094BD3
:106F1000D3F8002152B1D3F8040140B1D3F80801ED
:106F2000B0FA80F0400970475878704702207047E7
:106F30004323002000F0004008B5074B1A783AB10F
:106F4000FFF772FF30B1054BD3F80004C0B208BDA3
:106F50009878FCE71020FAE74323002000F0004077
:106F6000024B00221A705A709A7070474623002014
:106F70002DE9F041044601201E460F46904600F0E0
:106F800021F904F0030040EA0643184D18482E7119
:106F900043F08073C0F80435164BC0F808751B68C1
:106FA000062B07D001331EBFD0F8183568F307034E
:106FB000C0F81835104B114AC3F8082514F0FB0F20
:106FC00001BF0F4AC3F89825FC3AC3F89C2501225B
:106FD000022C6A70EC7007D8054B2A700021C3F8A8
:106FE0000011C3F800121A60BDE8F08146230020AA
:106FF00000F00040A825002000F00140000002023F
:1070000000F1004070B5194C637823B94FF4077153
:107010003C20F9F7AFFF164BC3F80C15C3F8100569
:10702000E5780122A270C5B924780CB9E321EFE715
:10703000104CC3F804514FF40035C4F80455D3F88C
:10704000006116B15A60C4F808550B7803704B788C
:10705000043343708B78837070BD00212270C3F8B5
:107060000411C3F800221A60F6E700BF462300208F
:1070700000F0004000F001400E4A08B5537823B9F3
:107080004FF412713C20F9F775FF0B4BC3F80C1548
:107090000121C3F810059170127812B940F20F1156
:1070A000F0E70022C3F80421044B4FF00072C3F84C
:1070B000042508BD4623002000F0004000F00140F8
:1070C000084B1A784AB10849084AC1F80825002235
:1070D000C1F89825C1F89C251A7000225A709A7040
:1070E000704700BF4623002000F00140000002026C
:1070F000194B1B7870B523B940F28A213C20F9F76F
:1071000039FF164CD4F80431BBB90223C4F8043358
:10711000134B144E1D691A6942F0100205F0100558
:107120001A61D4F804317BB125B90D4A136923F0F3
:10713000100313610223C4F80833084BD3F800048A
:10714000003818BF012070BD4FF40043C6F88031ED
:1071500008F09FFAE5E700BF4623002000F000405A
:1071600000ED00E000E100E0014B01229A60704771
:1071700000F0004008B50A4BD3F80025032A04BFED
:1071800001229A600022C3F80025C3F80025FFF70A
:1071900097FF044B4FF40002C3F8082508BD00BF59
:1071A00000F0004000F00140054B4FF40042C3F8EE
:1071B0008020BFF34F8FBFF36F8FFFF7DBBF00BFA0
:1071C00000E100E010B50446FFF7D4FF012C06D023
:1071D000022C0CD054B18C213D20F9F7CBFE0B4B87
:1071E0000222C3F800250A4AC3F8142510BD074B34
:1071F0000322C3F80025064AC3F8142503F580339B
:107200004FF40002C3F80425F0E700BF00F000408F
:107210004B230020044B1868062818BFB0F1FF3F2D
:107220000CBF012000207047A825002008B5FFF7FB
:10723000F1FF38B1044B1868063810F1080F94BFFD
:107240000020012008BD00BFAC25002008B5FFF7D5
:10725000E1FF38B1044B1868063810F1080F8CBFF5
:107260000020012008BD00BFAC250020064B0022F5
:10727000C3F80021C3F80C21C3F81021C3F804217E
:10728000C3F80821704700BF00100040024B0022E5
:107290001A809A701A7170475824002038B5144D1E
:1072A00095F83D200346084622B940F6B2113E202B
:1072B000F9F760FE6BB9012AAC6B95F83C1005D16B
:1072C00000F082FE20442B6BC01A38BD08F015F880
:1072D000F8E7012B0AD1012AAC6B95F83C1002D1DA
:1072E00000F064FEEEE708F013F8EBE70020EAE7B1
:1072F0005824002008B5094B012883F82400084BC6
:1073000006D0022808D040F6E2613E20F9F732FEAE
:107310000322C3F8102508BD0422FAE758240020F0
:107320000010004008B5144B93F84A30D90720D517
:107330009A070ED5114BD3F8002242F00102C3F890
:107340000022D3F8500500F0F600023818BF0120E3
:1073500008BD5B070DD50A4B0A4AC3F8AC25A3F557
:10736000B833D3F8403123B140F28A713E20F9F7A7
:1073700001FE0120ECE700BF58240020001000406F
:1073800000F001400810004008B570B9104B2831DA
:10739000D96018460F4900F0BFFE0130012816D908
:1073A00040F66D013E20F9F7E5FD01280CD1084BB0
:1073B0002931D9601846074900F0B4FE0130012890
:1073C00005D940F67701EDE740F67B01EAE708BD15
:1073D000E8100020D48C020008B50C4B9B78012BE0
:1073E00009D100F0A5FE013001280ED940F6042194
:1073F0003E20F9F7BFFD022B07D100F09FFE0130C0
:10740000012802D940F60A21F2E708BD58240020DD
:10741000094B0A4A1B8DB3F5166F3ABFA3F6381312
:1074200043F48073A3F5166300F07F00C2F80835BB
:10743000C2F85405704700BF5824002000100040D7
:1074400037B50D460446FFF755FF2846FFF7E0FF26
:107450001B4A01AB92F925202946204600F0F6FD93
:107460009DF8050000F070FE20B140F255713E20FD
:10747000F9F780FD9DF9040000F090FD114A40F2FB
:107480000313C2F8343540F25B63C2F83835FFF7B6
:10749000CDFE90B14FF08053D2F88825D3F8203339
:1074A000022C22F4FE420CBFC3F30663C3F306238F
:1074B00042EA0323034AC2F8883503B030BD00BF57
:1074C000582400200010004010B50C46FFF712FFB2
:1074D0002046FFF79DFF0F4A0023C2F81C31D2F867
:1074E000003243F48873C2F8003240F20313C2F84A
:1074F000343540F25B63C2F83835FFF797FE40B988
:10750000FFF7A4FE28B9D2F8683543F4C023C2F8C7
:10751000683510BD00100040F8B5414C0D461646C8
:107520000746002847D10123A3702378012B2BD1D4
:107530003C4B33F812304FF47A7203F5FA73B3FB15
:10754000F2F3CD1A236B384A384E1D44384BC6F837
:107550004055C2F8A835236C43F4002323644FF44C
:107560000023C2F804352378002B47D194F84A3021
:1075700043F0020384F84A30FFF7D4FE04460028A3
:1075800043D100242046F8BD104694F82610FFF79A
:1075900057FF284B33F816304FF47A7203F5FA731D
:1075A000B3FBF2F3ED1A2378002BCBD11E4B224A0A
:1075B000C3F8AC25C6E701281BD10223A3702378AA
:1075C000012B0AD11C4B0022C3F81C21D3F8002246
:1075D00042F48872C3F80022B4E794F826101046EB
:1075E000FFF772FF2378293D002BABD10E4B134AD6
:1075F000DEE74FF413613E20F9F7BCFC012BBBD151
:1076000094F84A3043F00403B4E70123F364D6F856
:107610004C35AB42B5DA29463846FFF7B5FEB1E73F
:1076200058240020528D020000F0014000800040EC
:10763000408100404C8D02000010004004100040CA
:1076400008B560221148002104F01CFCFFF71EFE63
:107650000F4B1B6823F004020A2A05D0102B03D01D
:10766000082B0ED1402200E024220A48FF2104F01A
:1076700009FC4FF080430022C3F8082EC3F8102EF7
:1076800008BD0D2BEED03822EFE700BF58240020B4
:10769000A8250020000E0040024B0344187E00F590
:1076A00016607047D48C0200014B93F83C00704781
:1076B00058240020024B986B1B6BC01A704700BF08
:1076C000582400200A4B93F83C20D3E90C30C01A10
:1076D000084B03EB82031B6CC01A074B53F8223094
:1076E0004FF47A7203F2F313B3FBF2F3C01A70474C
:1076F00058240020D48C0200408D020008B50F4AA7
:1077000092F83C10012906D0022914D040F2C6217B
:107710003E20F9F72FFC40F6B830D2E90C239B1A33
:10772000074A02EB8102126C9B1A4FF47A72B0FB8B
:10773000F2F0184408BD4FF4FA60EEE75824002038
:10774000D48C0200FF2808B504D940F2E5213E2080
:10775000F9F710FC124B0129A3F8480004D00229C4
:1077600019D040F24131F2E700230E4A43F480136E
:1077700040F0007043F4847340F44030C2F8143594
:10778000C2F81805D2F8503503F0F703032B05D1E2
:107790004FF45671DBE74FF08073E6E708BD00BF9A
:1077A000582400200010004008B5FFF73FFD50B1FD
:1077B000054AD2F8743723F0807323F0010343F0B5
:1077C0008073C2F8743708BD001000403D4B0222A0
:1077D00070B5C3F88020BFF34F8FBFF36F8F3A4A65
:1077E0000023C2F8FC3F0123C2F8FC3FFFF72EFD47
:1077F00028B1D2F83C3743F48063C2F83C37FFF736
:1078000009FD58B1D2F83C3723F0004323F0FF03C1
:1078100043F0004343F09603C2F83C37FFF706FD00
:10782000294C38B1D4F8403723F47F4343F4B053A4
:10783000C4F84037254BC4F8783700F097FC38B1CE
:107840004FF08053D3F830335A1C18BFC4F84C376C
:107850004FF010231C4C1A6E1D4D531C1EBFD4F844
:107860008C3562F31743C4F88C350123C4F83035E6
:1078700085F824300323C4F8103540F20123C4F8FE
:1078800050360226134BC4F80062187C00F074FCDA
:10789000114B124AC3F804250023AB87AB6385F86C
:1078A0004A3002F083FA074B28631022C3F8806144
:1078B000C4F804231E602B6E03B19847BDE87040E6
:1078C00000F01EBC00E100E0001000402C00008928
:1078D00058240020E810002000F001400000020CB5
:1078E000014B83F82500704758240020034B020EFB
:1078F0000002C3F82425C3F81C057047001000409F
:10790000044B054A034482F826001B7E03F51663E8
:1079100013857047D48C02005824002010B504460B
:107920000068FFF7E3FF094B6268C3F83C25207A43
:10793000FFF7E6FF617A6089FFF704FF607AFFF7DF
:10794000D9FC034B227B83F8252010BD001000409A
:1079500058240020F8B5294C94F84A30DA07064636
:107960000F4604D440F6BE013E20F9F703FB244D38
:10797000D5F8002243F0020342F00102C5F80022CC
:1079800084F84A3020BB012394F82610A3703846AF
:10799000FFF756FDA378012B02D040F6CA01E3E7BA
:1079A000184AD3642B60174BD3F84C553046294600
:1079B000FFF7EAFC236BED1AEEB9134B33F81730DF
:1079C0004FF47A7203F5FA73B3FBF2F35819F8BD6A
:1079D0000128E8D1022394F82610A3703846FFF757
:1079E00073FDA378022B02D040F6D201BCE7054B11
:1079F000DE646E60D7E705F12900E8E7582400202F
:107A000000100040008000404C8D020008B5FFF7D8
:107A100083FD58B9064BC3F84005A3F5E0430122A6
:107A20001A610220BDE80840FCF726BA08BD00BF75
:107A30000080004037B5244B2449D3F80443022288
:107A40004FF0FF30C3F80803C1F880212049C3F884
:107A50000022002281F84A201E49C1F8402501F584
:107A6000B8314FF46025C1F80855D3F85015C9B2A4
:107A700004F01004D1B18DF80700C3F810210122E1
:107A80001A619DF8072012B1D3F810213AB19DF880
:107A900007305BB940F6F2113E20F9F76BFA9DF81A
:107AA0000720013AD2B28DF80720EAE7FFF794FCED
:107AB00005490023C1F81031FFF7E8FB14B110238A
:107AC000C1F8043303B030BD0010004000E100E015
:107AD000582400200080004038B51B4D0024C5F814
:107AE0004845C5F84445C5F84045C5F84C45FFF73D
:107AF000A1FF00F00BFB154B15491A6C1C6442F0FA
:107B0000446242F40032C1F80825C3E90D441C77F1
:107B1000104BC5F848450222C5F84445C5F8404514
:107B2000C5F84C45C5F84841C5F84441C5F8404141
:107B3000C5F84C41C3F88020BFF34F8FBFF36F8F60
:107B4000C3F8802138BD00BF0080004058240020C9
:107B500000F0014000E100E0014BC3F83C05704734
:107B60000010004010B50FC8014C84E80F0010BD94
:107B7000BC24002008B50B4BC3F804050A4B93F84E
:107B80004A20586442F0010283F84A20FFF7CAFBFA
:107B900030B9FFF74FFFBDE808400320FCF76CB990
:107BA00008BD00BF0010004058240020154B1A6B80
:107BB00010449A6B824210B504D340F6A8213E20AF
:107BC000F9F7D8F9104A1862012119775164D2F8EF
:107BD00044450534844205D30C4BD3F8042102B943
:107BE000196110BD0021C2F84411C2F844051A6C95
:107BF00042F480021A64064B4FF48002C3F8042555
:107C0000EFE700BF58240020008000400010004033
:107C100000F0014010B50E4C034694F83D0094F876
:107C20003C100222012822774FF0960094F824207D
:107C30000BD100F0D5F9074A20620023C2F8443185
:107C4000A36B0344C2F8443510BD00F0E3F9F2E73A
:107C50005824002000800040044BC3F86005D3F88E
:107C6000002242F04002C3F800227047001000409A
:107C7000054BD3F8002222F04002C3F80022002274
:107C8000C3F86025704700BF001000400A4A014653
:107C9000D2F81C0182B068B1D2F8483503F07F03F6
:107CA0005B420B700023C2F81C31D2F81C310193E7
:107CB000019B012002B07047001000400022044BDD
:107CC00090421A7014BF02220122D9705A70704774
:107CD00058240020054B0022C3F84025044AD2F85E
:107CE0005035DBB20BB101231361704700800040B7
:107CF0000010004030B5044BD3E914459B6DC0E93A
:107D000000450B6030BD00BF582400202DE9F0472E
:107D1000954D964C0123EB64D5F84C25236BB4F8B4
:107D20004870A2EB030802F047F8C4F85880C4E991
:107D30001401FFF751FB8E4B226CC3F8082500217C
:107D40008C4A2164D2F8003223F48E7323F00103AD
:107D5000C2F80032237F84F84A1023B1D5F84431A9
:107D60005B1A18BF0123A17801290AD1D2F80C515E
:107D7000002D43D17F4BD3F81031A3B145F010054E
:107D800011E0022938D17B4AD2F80C51D2F80024F4
:107D9000003D18BF01256D00D10758BF45F004050F
:107DA00033B345F00105FFF761FAEA06A37803D57E
:107DB000012B08BF45F020056B4A94F80190D2F8DA
:107DC0004815A163D2F8442584F83D3094F8243056
:107DD000626384F83C30B9F1000F11D1FFF756FA15
:107DE00084F81C90EE0740F1A280636E984763E030
:107DF00015F00B0FD7D1BDE70025BBE70825D2E76B
:107E000015F0110F0ED123792678B9F1010A18BFA8
:107E10004FF0010A012B67D0022B7AD02BB140F62C
:107E2000464169E0FFF706FEDCE796215046FFF782
:107E300035FA0146FFF72AFA012E74D1B9F1010F84
:107E400014BF252337239844884567D90220FCF7BF
:107E500013F8484B1E61A8076BD5FFF7E7F9E0B9A7
:107E6000FFF7F4F9C8B9434BD3F85034D90114D50E
:107E70001A0705D013F0F00F02D013F4706F0CD175
:107E80003C4AC3F304410129D2F8542405D1012A04
:107E900003D0C3F34253022BA7D9636C5B78BB4278
:107EA00088BF45F00405C5F3800080F00100A36E93
:107EB000314600F001009847A378022B12D1237FAE
:107EC00083B1022B284A43D1A36B216A0B44C2F829
:107ED0004435236C43F480032364254B4FF4800224
:107EE000C3F80425BDE8F0872348FFF717FD94F891
:107EF0003D3023B940F6B5013E20F9F73BF8012BA0
:107F000004D1FFF7FBFBA369C11893E7FFF7DAFB86
:107F1000F9E71948FFF702FDA1698BE7124B2670BC
:107F20000022C3F84021E2785046FFF76FFD00269B
:107F300091E715F0280F05F0200105D0B1FA81F185
:107F4000E36E49093046B6E7EB06B5D5236F4DE73A
:107F5000012B02D040F6A551CEE7236AA16B8B42DC
:107F6000B5D840F6A651C7E700800040582400204D
:107F700000F001400010004060240020024B03EBA1
:107F80008003186C704700BFD48C0200024B03EBD7
:107F90008003D86C704700BFD48C0200024BC0B283
:107FA000C3F80C05704700BF00100040054B33F8C4
:107FB000113002384FF47A7203F2E733B3FBF2F375
:107FC00018447047388D0200044B4FF47A7233F82E
:107FD0001130B3FBF2F3013318447047388D0200BF
:107FE00038B51D460A4B33F8114003EB82030535C3
:107FF0009B681C4404F6B7344FF47A7303FB0044C7
:108000001046B4FBF3F4FFF7B9FF2544284438BD0C
:10801000388D020070B5064608461546FFF7B6FFD4
:10802000094B03EB85039C684FF47A7304F6B7346D
:1080300003FB0644241A2846B4FBF3F4FFF79EFF23
:108040000530204470BD00BF388D02002DE9F04F8F
:10805000264C87B0074698460D46164602F0F2FBBE
:108060002378BB42814611D16378AB420ED194F99B
:108070000230B3420AD1E378834207D1A388A8F83B
:10808000003094F9060007B0BDE8F08F7B1EDBB22C
:10809000032B0DD8164A12F803A029460DF1170339
:1080A0003246504602F0D4FB38B14121A92002E00B
:1080B00040F2FE410620F8F75DFF039028469DF947
:1080C00017B0FFF7E9FA039A009203465246414679
:1080D000584600F03FF8B8F80030A071A380277030
:1080E0006570A67084F80390CBE700BF00110020F4
:1080F000588D0200014B1B681B681847881300202D
:10810000014B1B685B68184788130020014B1B68F4
:108110009B68184788130020014B1B681B69184790
:1081200088130020014B1B685B69184788130020E7
:10813000014B1B689B69184788130020014B1B6883
:10814000DB69184788130020014B1B689B6A18479E
:108150008813002030B4044C9DF808502468029520
:10816000E468A44630BC604788130020014B1878AF
:10817000704700BFE42B002010B500220C491346C5
:1081800040FA02F4E40744BFCA545C1C02F1010245
:1081900048BFE3B2042AF3D1054AFF24D118032BC8
:1081A00001D9107110BD013301F8014BDBB2F6E7C4
:1081B000F02B002008B5074801F0F6F9054800F05B
:1081C00039F801F099FE01F07BFE00F0A1FC0120DE
:1081D00008BD00BFF425002008B501F0C1F901F089
:1081E0002FFF01F00BFFBDE8084000F0ADBC00BF61
:1081F00002F01EB801F00ABA10B5EFF3108472B69F
:1082000001F004FA04B962B610BD00BF01F010BA63
:1082100002F0ECB802F082B902F094B902F0E2B9CF
:1082200002F0E6B902F0A6B808B52721032003F052
:1082300039FB00BF024B186000221A719A60704728
:10824000FC25002070B582B01E4C2379012B11D083
:10825000DAB2022A0BD1A0680DF1070100F08CFC04
:108260000023A36023719DF8070002B070BD0120B8
:1082700002B070BDA0680DF1070100F073FCA568A5
:108280006B7DDB07ECD5AB7F042BE9D001F014FA52
:1082900006460028E4D001F015FA2A69B3682E6872
:1082A0006D68961945F1000500220A3342F100027B
:1082B0001B1842EB0102B342AA41D1D3A06800F0DF
:1082C0003FFDCDE7FC250020837F0BB100207047E8
:1082D00010B50A684B688C68D1F80CC0C0F80CC0A7
:1082E0008460026043600A694B6943610124026152
:1082F0008477054B1A792AB998601C7101F078F9D6
:10830000204610BDFFF790FFFC25002070B5044605
:1083100082B00D4601F0D0F9A37F012B17D02B6856
:108320006A68A9680646E868E060A1602360626048
:108330006A692B69626101222361A2770DF107014D
:10834000204600F00FFC2EB1012002B070BD0020CD
:1083500002B070BD024B0421186807F041F9F3E741
:10836000FC25002070B5044682B00D4601F0A4F94A
:10837000A37F012B1CD02B686A68A9680646E868B1
:10838000E060A160236062606A692B69626101221A
:108390002361A27720460DF1070100F0E3FB084CB2
:1083A0004EB12068062107F01BF9012002B070BD14
:1083B000002002B070BD2068042107F011F9F0E739
:1083C000FC250020024B0621186807F009B900BF00
:1083D000FC25002010B5EFF3108472B601F06CF9A3
:1083E00038B1064B0621186807F0FAF804B962B6EE
:1083F00010BDC921032003F055FA00BFFC25002061
:1084000010B5084B1A7952B90446986002221A71C5
:1084100001F0EEF8A07FB0FA80F0400910BDFFF740
:1084200003FF00BFFC25002038B5837FC3B104469D
:1084300009E0A37F042B09D0A37F012B11D007F003
:1084400028F9A37F63B1A37F032BF2D1EFF310854B
:1084500072B6204600F0AEFB05B962B6A37F2BB919
:1084600038BD4FF48971032003F01CFA40F20D115E
:10847000032003F017FA00BF38B5194B1A7962BB15
:108480000446986002221A7101F0B2F8A37F5BB92A
:1084900038BDA37F032B0BD0A37F042B08D0A37F71
:1084A000012B15D007F0F5F8A37F002BF1D1EFE7F2
:1084B000EFF3108572B6204600F07CFB05B962B67A
:1084C000A37F002BE4D040F20D11032003F0EAF962
:1084D0004FF48971032003F0E5F9FFF7A5FE00BF13
:1084E000FC25002010B582B00DF1070100F044FB1F
:1084F000044601F0E1F810B1204602B010BD40F290
:108500002F11032003F0CEF970B50D46044601F09B
:10851000D9F8A4680346E41841F10006284633461A
:10852000224600F09FFBA04271EB06034FF00005CE
:108530000CD3001B6FF0010361EB0601834275EB66
:10854000010100D370BD4FF0FF3070BD284670BDF3
:10855000F8B504460E46EFF3108572B601F0B2F896
:10856000A468241841F1000730463B46224600F03B
:1085700079FBA04271EB07034FF000060ED3001BFE
:108580006FF0010361EB0701834276EB010102D337
:1085900005B962B6F8BD4FF0FF30F9E73046F7E7AE
:1085A0002DE9F04185680C46002349195B4113B160
:1085B0000020BDE8F0811746064601F083F82A182E
:1085C00041F100033846A51843F1000800F04AFBCA
:1085D000A84271EB0801EBD301F02AFE00F0E8FAA3
:1085E000B368377523440120B360BDE8F08100BF54
:1085F0002DE9F843EFF3108872B6846863184FF0E2
:1086000000035B4133B10020B8F1000F00D162B626
:10861000BDE8F88317460D46064601F053F82218C8
:1086200041F100033846AC1843F1000900F01AFB91
:10863000A04271EB0901E6D301F0FAFD00F0B8FAAF
:10864000B36837752B440120B360DDE7837F012BCE
:1086500001D00020704700F019BC00BFD0E9000134
:10866000704700BF0069704701F02CB810B5EFF3F8
:10867000108472B601F026F804B962B610BD00BFCE
:1086800080687047007D7047F8B50369002B4ED1B4
:10869000044601F0CDFD05460E4602F0DDFC78B340
:1086A000D4E90003643546F10006A84273EB0602E4
:1086B00023D3C4E90003EFF3108672B600F0FCFF89
:1086C000054698B100F0FEFFAB6800220B3342F183
:1086D00000021B1842EB0101D4E90002834271EB56
:1086E00002053CBF03461146C4E9003106B962B633
:1086F0002046BDE8F84000F04BBB28463346D8E79B
:1087000002F0C6FC074600F0F3FFB8422168626839
:1087100038BF3846963546F10006401946F1000349
:10872000884273EB02053CBF08461346C1E740F29E
:10873000D511032003F0B6F8F8B5254C00222260CD
:10874000EFF3108172B6636823606260A26009B9BA
:1087500062B623686BB300259A79032AA3F1180047
:1087600028D01F6877B3BA79042AA7F11803844682
:108770004FF000060FD1818B9A8B521A12049A691E
:1087800044BF0CF11806184642B19C46A2F11803EA
:108790009A7F042AEFD09B7F032B15D196B13368C3
:1087A0001B683360C3688577022198472368002BD4
:1087B000D2D1F8BD196853F80C2C9D7121600121AC
:1087C0009047F3E72760EDE763219F2003F06AF805
:1087D000082600202DE9F84F3A4B4FF00008C2F868
:1087E0000080D3F80CE0BEF1000F5ED0AEF1180CA3
:1087F000E1469246D9F81850002D45D0DCF80040EB
:1088000055F8186CDCF8042055F8147CA64277EB78
:108810000203A5F1180E50D3844272EB01030BD270
:10882000DCF810301B1942F1000298421C4671EB33
:1088300002033CBF04460A46864277EB01030BD293
:1088400055F8083C9B1947F1000798421E4671EB0A
:1088500007033CBF06460F46DCF808300A3348F1F0
:10886000000B1B1942EB0B029E4277EB02020BD26C
:108870009CF8143015F8042C9A4209D00ED3F14616
:10888000D9F81850002DB9D1E6467046BDE8F88FEA
:10889000AB88BCF81C209B1A1B04F0D509F1180307
:1088A000CAF80030D9F8183013B97046BDE8F88F0F
:1088B000F446A3F1180EF146E2E7BF219F2002F033
:1088C000F1FF00BF082600202DE9F043224EF46896
:1088D0006CB30025A8460427AE46234653E906C2DA
:1088E000844572EB0109246823D253F8089C19EBE4
:1088F0000C0C42F1000284458A411AD2FDB12A686B
:1089000012682A609F71726883F800E083F801E0C2
:1089100083F802E083F803E07AB1B2681360B360D1
:108920004FF00108002CD8D1B8F1000F0DD1BDE8EF
:10893000F0831D46002CD0D1F6E77360EFE7F268B4
:10894000002ADFD01268F260DCE7044BBDE8F04398
:10895000187803F065B900BF08260020D113002065
:108960002DE9F04F684B0468D3F80C8085B00546BC
:1089700082838A464068B8F1000F00F0BA80002672
:10898000A8F11802B446D2E900366F7D9C4270EB24
:10899000060107F00107C1462AD3F7B192F814C0C7
:1089A000297D8C4519D89168C91846F1000311F149
:1089B0000A0843F1000E444570EB0E0657D22E69AB
:1089C000361940F1000CB0457EEB0C0B01D2464647
:1089D000F4468E427CEB030C4FD39369944673B1FB
:1089E000A3F11802D2E900369C4270EB0601D4D202
:1089F000C846002F00F085801346624602E0C84654
:108A0000002F57D0AE68361940F10009002B65D011
:108A1000CDE90082D3E9007116F10A0C49F1000298
:108A2000BC458A4158D31A7D95F814C0944519D392
:108A30009A68D21941F1000112F10A0841F1000EC1
:108A4000444570EB0E0751D22F693F1940F1000CDD
:108A5000B8457EEB0C0B01D24746F44697427CEBBF
:108A6000010C0AD39B69002B36D0183BD2E726466F
:108A700084468E427CEB030CAFD2234A0423AB77AF
:108A8000516800232B766B76AB76EB7605F11802F6
:108A90001D4B002933D09B681A601C4B1A4918786B
:108AA0008A6003F0BDF800258AF8005005B0BDE8E3
:108AB000F08F9369294641F8183F916103AA00217C
:108AC0000020FFF787FE2D1AB5FA85F56D098AF8A3
:108AD000005005B0BDE8F08FDDE90082002AE8D142
:108AE0002B46094A43F8188FD360E7E727468446A8
:108AF000B4E76B7DDB07F3D54246434682E75A6015
:108B0000CBE76246EAE700BF08260020D113002029
:108B100010B50A4C2378FF2B0AD1094803F056F808
:108B2000084B20700022DA605A609A601A8210BDE9
:108B30004FF484719F2002F0B5FE00BFD1130020D6
:108B4000398700000826002010B5054C2078FF2842
:108B500000D110BD03F054F8FF23237010BD00BFF7
:108B6000D1130020034B1A8A02F1010CA3F810C0A4
:108B7000F6E600BF0826002030B583B004460D4657
:108B800001AA00210020FFF725FE0346E31AB3FAED
:108B900083F35B0905482B7004F1180106F046FDCC
:108BA00010B10023A377012003B030BD14260020AC
:108BB0008AE600BF70B5154E7368054600F11801CE
:108BC000BBB17368002423B913E01A681C4682B154
:108BD00013469942F9D10CB1AA6922607268914298
:108BE00004BF1B687360B36899420AD00023AB7757
:108BF00070BD064806F01AFD0028F9D00023AB77B7
:108C0000F6E70023B460AB77F2E700BF0826002048
:108C100030B5054683B00C46FFF756FE01AA28463C
:108C20002146FFF7D7FD28B1054B00F118025A6124
:108C300003B030BD024B02465A6103B030BD00BFE5
:108C40000826002010B5064C616904F10C0006F0FE
:108C5000EDFC18B1606900231838636110BD00BFD6
:108C6000082600201C49C96839B3A1F1180C9CF8EA
:108C7000141081421DD870B5DCE9004112F10A05DB
:108C800043F1000EAC4271EB0E0620D2DCF810600E
:108C9000341941F10001AC4271EB0E0115D2DCF840
:108CA000181071B1A1F1180C9CF814108142F6D87B
:108CB000E2E7DCF818100029D7D14FF0FF30014669
:108CC00070474FF0FF30014670BD2C467146B4F13D
:108CD0000A0041F1FF3170BD0826002010B5837FE6
:108CE000022B06D0837F012B02D0837F042B1DD162
:108CF00010BD437D13F0020313D103210E4A817787
:108D00005468037600F1180143768376C3765CB12C
:108D100093681960094B9160BDE81040187802F023
:108D20007FBF0023837710BD5160F3E74FF4FB71E1
:108D30009F2002F0B7FD00BF08260020D1130020BD
:108D400070B5114D00F118060446314605F10C00CE
:108D500006F06CFC98B10423A3776A68002323769D
:108D60006376A376E37642B1AB681E60074BAE60D4
:108D70001878BDE8704002F053BF6E60F6E74FF41C
:108D800000719F2002F08EFD08260020D1130020E4
:108D90002DE9F04F066983B0002E70D1D0E900159F
:108DA0008368077DEFF3108472B6DFF8DCC0DCF86F
:108DB0000C20002A5CD013F10A0EBCF81080CDF80C
:108DC000048046F10006183AB046D2E9003611EBAD
:108DD0000E0A45EB08099A4579EB060C48D38B42FD
:108DE00076EB050C28D3D2F810C01CEB030C46F12F
:108DF000000BD4457BEB090B34BF4FF0010C4FF057
:108E0000000CBCF1000F13D092F814C0BC4526D062
:108E100034BF4FF0010C4FF0000CBCF1000F07D035
:108E200013F10A01936846F10005591845F1000550
:108E30009269EAB1183AC8E7D2F808A013F10A0C0F
:108E400046F100091AEB0C0C49F10009614575EB7C
:108E5000090934BF4FF0010C4FF0000CD1E7B2F814
:108E60001CC0DDF80490ACEB090CCCF3C03CD4E79B
:108E700004B962B6C0E9001503B0BDE8F08F40F256
:108E80001F219F2002F00EFD0826002070B5054628
:108E900082B00C4601AA00210020AE8BFFF79AFC9D
:108EA0000346EB1AB3FA83F35B0910488DF80330DD
:108EB00005F1180106F0BAFB98B10023AB77A44680
:108EC000BCE80F002C460FC49CE80300324684E83F
:108ED000030028460DF10301FFF742FD012002B017
:108EE00070BD40F24A219F2002F0DCFC14260020D5
:108EF000024B0521186806F073BB00BF2026002036
:108F0000042970B512D00CD905292ED1194E7579C6
:108F100005F0FD05012D11D040F2BF11B02002F087
:108F2000C1FC0239012920D8002070BDFFF78AF961
:108F30000028F9D00F4B01221A71F5E70446B079E9
:108F40000028E9D1B3689847D6E90401B3690A4A11
:108F5000B571323841F1FF31C01841F1000101F023
:108F6000F1F8064B2360022070BD40F2C911B02019
:108F700002F098FC20260020F18E0000E192000013
:108F8000054BD86910B1C3680621184710B540F2E7
:108F90008D21B02002F086FC202600202DE9F84328
:108FA0001646002B6AD0D3E90089804579EB01038E
:108FB0003CBF89468046474F04460D4640464946D9
:108FC000C7E9088901F08AFB3B8DB8EB040403F183
:108FD000640369EB05050022A342AA410FDBBB69CC
:108FE00003F5E1739C4275F1000519DA3A4A4046EF
:108FF000494601F0A7F8394B3360BDE8F883BA79E8
:109000007B791AB39A1E012A1AD9B9690022012B59
:1090100001F5E171BA7144D08C4275F10005E5DBD0
:1090200001F068FB02F012F8BB692B4AB8EB0300B1
:1090300069F1000101F086F8294B3360BDE8F8833F
:10904000BB68012098470023BB717B79BA69012B6B
:1090500002F5E172114624D0032BDDD1944275F163
:10906000000522DA388D1C4AB8EB000069F10001D6
:1090700001F068F81B4B3360BDE8F883154FBB79EE
:109080001BB17B79023B012B20D90023BB7101F07E
:1090900031FB01F0DBFF01F023FB134B3360BDE834
:1090A000F8838C4275F10005DCDB01F023FB01F055
:1090B000CDFF388DBB698342B7D2B8EB0000064ABA
:1090C00069F1000101F03EF8084B95E7BB6801200B
:1090D0009847DAE720260020F18E0000E194000096
:1090E00091930000F1900000319400006194000021
:1090F000042970B5044612D00CD9052931D11B4E74
:10910000757905F0FD05012D1DD04FF40D71B020CE
:1091100002F0C8FB0239012923D8002070BDFFF7F7
:1091200091F80028F9D001F071F801F081F80646B5
:109130000D46FFF76DFD2246034629463046FFF7F0
:109140002DFF022070BDB0790028DED1B3689847AA
:10915000D6E90801064AB57100F0F4FF054B23601B
:10916000EFE74FF40F71B02002F09CFB20260020A7
:10917000F18E0000E194000002392DE9F04104294C
:109180002DD8DFE801F00309292C0C00164A537989
:10919000003B18BF012393710020BDE8F081044615
:1091A00000F09CFF01F044F80E460746FFF730FD43
:1091B0000D4D8046E869FFF791FD2246384631465D
:1091C0004346002400260027C5E90867EC61FFF745
:1091D000E5FE0220BDE8F081FFF734F8DCE740F25D
:1091E000EF11B02002F05EFB202600202DE9F04FA9
:1091F000364E96F80690B56983B08046B9F1000FF7
:1092000032D1737903F0FD03012B3ED001F010F849
:10921000431941F1000204460F46184611460193D6
:109220000092FFF7F5FC00283BD0D0E900ABAA453F
:109230007BF10001DDE9002319D200200146C6E9D7
:109240000832234A00F07EFF5046594601F046FAA4
:10925000B9F1000F02D0338D9D421CD01D4BC8F8D0
:10926000003003B0BDE8F08F4FF00009CEE7BAEB55
:1092700005006BF10001844277EB01033CBF04461B
:109280000F46631947F10002D9E7328D954299469E
:1092900038BF1546BAE7104BC8F8003003B0BDE838
:1092A000F08FB3791BB17379023B012B09D90023ED
:1092B000B37101F015FA094BC8F8003003B0BDE8EE
:1092C000F08FB36801209847F1E700BF2026002007
:1092D000F18E000091930000619400003194000031
:1092E000023970B503294AD8DFE801F005022407E6
:1092F000254B00221A71002070BD044601F002FACD
:1093000008B3214D2E796EBBFFF79CFC50B3E8618A
:10931000C5E90B6600F0D6FEE86902238377314683
:10932000C3689847D5E90801FFF742FC174B236053
:10933000022070BDFEF786FF0028DCD0124B012210
:109340001A710020D8E700200021FFF761FC08B166
:10935000FFF7F6FC01F0CEF901F078FE2046FFF7AA
:1093600045FFE5E700F064FF06460D46FFF750FCB9
:109370002246034629463046FFF710FED8E740F262
:10938000A511B02002F08EFA20260020799100006D
:10939000042938B5044621D01BD905293BD1204DDD
:1093A00001F0A0F901F04CFE6B7903F0FD03012BF5
:1093B0001ED000F03DFFAB691A4A323B65EB050554
:1093C000181845EB010100F0BDFE174B2360022089
:1093D00038BD023901291ED8002038BDFEF732FF02
:1093E0000028F9D000F012FF2046FFF7FFFEEEE75D
:1093F000AB79002BDDD100F01BFF2A8DAB699B1AE6
:10940000C5E904011818074A41F1000100F09AFE6D
:10941000064B2360DBE740F26B11B02002F042FA0A
:1094200020260020F18E0000E1920000018F000054
:10943000032910B506D801290AD840F21711B02027
:1094400002F030FA0429F8D10446FEF7FBFE08B911
:10945000002010BD2046FFF7C9FE022010BD00BF4E
:10946000042970B5044612D00CD905292CD1194E07
:10947000757905F0FD05012D14D040F23311B020AF
:1094800002F010FA023901291ED8002070BDFEF743
:10949000D9FE0028F9D000F0B9FE2046FFF7A6FE5D
:1094A000022070BDB0790028E7D1B3689847B3694E
:1094B000306A716A084AB571C01A61F1000100F0A2
:1094C00041FE064B2360EBE740F23B11B02002F077
:1094D000E9F900BF20260020F18E000091930000E2
:1094E000042970B504461FD019D905292FD1FFF7DB
:1094F000A9FBF8B1184D0026E861C5E90B6600F03C
:10950000E1FDE869022383773146C3689847D5E9CE
:109510000801FFF74DFB114B2360022070BD02399B
:10952000012914D8002070BDFEF78CFE0028F9D068
:1095300000F06CFE00F07CFE06460D46FFF768FB6F
:109540002246034629463046FFF728FDE5E740F26C
:109550001721B02002F0A6F9202600207991000002
:1095600010B5EFF3108472B60B4B0C4A1B681B68E6
:1095700093420DD00A4A93420AD00A4A934207D036
:1095800001F0B8F801F062FD01F0AAF800F03EFE2B
:1095900004B962B610BD00BF20260020319400003F
:1095A000619400009193000010B5054A054C0260DB
:1095B00000232060637101F06BFD3230A06110BDAB
:1095C000319400002026002008B5074B074A19688F
:1095D0000968914202D13230986108BD40F272218F
:1095E000B02002F05FF900BF202600203194000077
:1095F00010B5EFF3108472B6034B0421186805F020
:10960000EFFF04B962B610BD2026002008B5064B56
:10961000DB6923B1BDE80840044A00F093BD40F285
:109620009321B02002F03EF920260020818F000017
:1096300008B5064BDB691BB1BDE8084000F0E6BD8C
:1096400040F29921B02002F02DF900BF2026002021
:1096500008B5054BDA690AB1D86208BD40F29F210E
:10966000B02002F01FF900BF2026002008B5054BEE
:10967000DA690AB1186308BD40F2A521B02002F0F2
:1096800011F900BF20260020044B1B6B03B11847C3
:1096900010B540F2AB21B02002F004F920260020E2
:1096A000044BDB6A03B1184710B540F2B121B0207A
:1096B00002F0F8F820260020014BD869704700BF5F
:1096C0002026002008B5054BDA6912B1D3E908015C
:1096D00008BD4FF42F71B02002F0E4F820260020DE
:1096E000024B323158719A6019857047202600204C
:1096F000044A537903F0FD03012B0CBF108D0020A9
:10970000704700BF20260020054B1B681BB1D3E922
:1097100008200521104710B57621452002F0C2F837
:1097200058260020054B1B681BB1D3E908200421F3
:10973000104710B57021452002F0B4F858260020DB
:109740002DE9F0412A4E2B4A06F10803C31ADB101B
:1097500002FB03F305460F46DBB206EB43045A0057
:1097600094F80835C9B93368ABBBD6F84835B3BBF4
:1097700006F5A163134430601F48C6F84835FFF76B
:1097800067FF1E48FFF772FFD6F848355BB3FEF758
:109790006BFF94F8093580462BB9D5E90830394676
:1097A000BDE8F0411847FEF733FD18F12008A8EB9B
:1097B0000000C6F84C0500F08BFD0028FBD0104BD4
:1097C0000022C3F8A8253946C3F8AC25D5E90830EE
:1097D000BDE8F04118478E21452002F063F88F2143
:1097E000452002F05FF84FF4F671452002F05AF878
:1097F00058260020CDCCCCCC25970000099700003E
:1098000000F00140FFF724BFFFF730BF044B0021F9
:10981000402203F5A1601960C3F8481502F032BB7D
:1098200058260020FEF7E4BC704700BF08B5084B7F
:109830001A684AB1002107481960C3F84815D0607A
:10984000BDE80840FEF7BEBDC121452002F02AF860
:1098500058260020419700001F280AD8064B03EB2A
:10986000400393F8082522B1002283F8082501203F
:1098700070470020704700BF5826002070B50023B5
:10988000114C0D4602E00133202B19D004EB430CA0
:109890009CF8082502F0FF01002AF4D1DEB2FF2275
:1098A0008CF8082503EB830304EBC304C4E90A0521
:1098B0000648202200EBC30002F0E4FA304670BDF7
:1098C0001E46304670BD00BF58260020602600208E
:1098D0001F2812D810B40A4B03EB400494F8084533
:1098E00044B100EB800003EBC003C3E90A1201207E
:1098F00010BC7047002010BC70470020704700BFAC
:109900005826002030B50A7887B00023CDE900330F
:10991000CDE90233CDE904330D460446002A3ED199
:10992000D1E90401203841F1FF316B7A9DF815200F
:109930000191C3F340035B0022F0030243F00103F3
:1099400013438DF815306B68174A297A8DF8141077
:1099500020330293154B039353680090C3F308031D
:109960008BB1103B5BB2002B13DB03F1604303F5BB
:10997000614393F800335B092BB969462046FEF733
:10998000C5FC07B030BD69462046FEF79DFC07B018
:1099900030BD03F00F031A44137D5B09ECE7FEF7BB
:1099A00027FC2B690493C0E700ED00E0419700001D
:1099B0001F285CD830B5044687B0344A02EB400219
:1099C00092F8083513B9002007B030BD4B7A0D4628
:1099D000C3F3800181F0010182F809150022CDE96D
:1099E0000022CDE90222CDE904222A78002A46D1BC
:1099F00028696969203841F1FF319DF815200191EE
:109A0000C3F340035B0022F0030243F0010313435E
:109A10008DF815306B681E4A297A8DF814102033A2
:109A200002931C4B039353680090C3F30803A3B144
:109A3000103B5BB2002B1CDB03F1604303F5614379
:109A400093F800335B0943B9134804EB8404694677
:109A500000EBC400FEF75AFCB6E70F4804EB8404A1
:109A6000694600EBC400FEF72FFC07B030BD0020B4
:109A7000704703F00F031A44137D5B09E3E7FEF719
:109A8000B7FB2B6904936B7AB7E700BF5826002019
:109A900000ED00E041970000602600200D4A536869
:109AA000C3F308036BB1103B5BB2002B0BDB03F17C
:109AB000604303F5614393F800335B090BB9FEF78C
:109AC00011BDFEF79DBC03F00F031A44137D5B0923
:109AD000F4E700BF00ED00E0124A5368C3F3080347
:109AE00093B1103B5BB2002B15DB03F1604303F530
:109AF000614393F800335B0933B90B4B00EB8000F3
:109B000003EBC000FEF7EEBC074B00EB800003EB5D
:109B1000C000FEF775BC03F00F031A44137D5B0908
:109B2000EAE700BF00ED00E06026002010B50278F3
:109B300086B0FAB9D0E90431044640680592203B6A
:109B400000F1200041F1FF3100930290237A8DF85B
:109B500014306846CDE903220191FEF795FDDDE959
:109B6000003220334FF0010042F10002C4E9043218
:109B700006B010BD4FF4AA71452001F093FE00BF5E
:109B80000C4BD3F8483510B573B10446FEF76CFDA5
:109B900020344FF0000343F10003201843EB010190
:109BA000FEF728FB012010BD4FF4F671452001F0AF
:109BB00079FE00BF5826002008B54FF4BA71452041
:109BC00001F070FE10B50B4C0A46D4F8481559B197
:109BD000034619462068FEF7E3FC08B9022010BDD1
:109BE000FEF714FB002010BD40F27911452001F072
:109BF00059FE00BF5826002010B51D4C6368C3F302
:109C0000080386B053B3103B5BB2002B0A4628DB37
:109C100003F1604303F5614393F800335B09EBB94B
:109C20001169547A203900915169CDE90433C4F3A4
:109C300040045368127A8DF8142041F1FF310D4A27
:109C400001916400203344F001046946CDE90232F9
:109C50008DF81540FEF7FAFC06B010BD002006B0E6
:109C600010BD03F00F031C44237D5B09D7E700BF41
:109C700000ED00E0419700001F2805D8244B03EBBE
:109C8000400393F808350BB9002070470A46214974
:109C90004B68C3F30803002BF6D0103B5BB2002BDC
:109CA0002FDB03F1604303F5614393F800335B0955
:109CB000002BE9D110B5D2E9044186B0CDE90433D7
:109CC00092F809C0144B00EB8000203C03EBC0006D
:109CD000CCF3400C5368127A8DF8142041F1FF3117
:109CE0000E4A01914FEA4C0C4CF0010C20336946AE
:109CF000CDE9023200948DF815C0FEF7A7FC06B03E
:109D000010BD03F00F0319440B7D5B09D0E700BFC2
:109D10005826002000ED00E060260020419700005A
:109D2000044BD3F8482512B11868FEF7ABBC0220EB
:109D3000704700BF58260020024B01461868FEF706
:109D4000E3BB00BF58260020FEF76EBB1F2808B5F6
:109D50000ED80C4B03EB400292F808256AB1083389
:109D600000EB800003EBC000BDE80840FEF75CBBE1
:109D700040F2E511452001F095FD4FF4F3714520C7
:109D800001F090FD5826002008B5074BD3F8483560
:109D90002BB1FEF769FC203041F1000108BD4FF402
:109DA000F671452001F07EFD58260020014BD3F8C6
:109DB0004C05704758260020FEF72EBA704700BFAA
:109DC000FEF728BAFEF72ABAFEF72ABA08B5FFF757
:109DD00087FC002008BD00BF00F0AABC10B50C78BD
:109DE00086B064BB0492D1E904320594203B164C42
:109DF000009342F1FF324B7A019200EB800E04EBAC
:109E000040020834C3F3400C04EBCE00C3F38003DC
:109E10004C68097A8DF8141083F001030B4982F81D
:109E2000093520344FF00002CDE902416CF34102C4
:109E300069468DF81520FEF747FA06B010BD40F2CE
:109E40003121452001F02EFD5826002041970000C9
:109E500070B4EFF3108672B617490D78ADB1174B99
:109E6000D3F80445D3F848314FF6FF7294421FD01F
:109E7000E3B147F6FE739C4218D84B68013306B92C
:109E800062B6C0E9004370BC70470C4AD2F8044582
:109E9000D2F8043153B14B6801334B60C2F804511E
:109EA000D2F80445D2F80431002BF4D14B68E6E730
:109EB000002BFBD11C46F9E7A82B002000B0004086
:109EC00010B50A4C002222742277094B094801215F
:109ED0005960C3F84025C3F840214FF400221961AE
:109EE000C0F8082501F0EAFE206210BDA82B002072
:109EF0000080004000F001403749384BF0B44D6A13
:109F0000374C002201204A6058609860C3F808432B
:109F1000C3F84843C3F80421C3F84021C3F84421DF
:109F2000C3F84821002D55D02E4C2F4EC4F8A865FB
:109F30002E4AC4F8AC55C4F85C394FF40023C4F879
:109F400004350523C2F840351060D2F84031002BAB
:109F5000FBD02448002301244FF40025C0F8085505
:109F60005460D460C2F84031C2F84035C0F8A8351A
:109F7000C0F8AC35C0F8AC350B7833B391F8284055
:109F8000184816491A4E1B4DE30003F1804303F5B0
:109F9000F8330122A2404FF6FF774FF48024C0F837
:109FA0000825C1F84443C1F84875C1F80443C3F813
:109FB0001065C3F81455C0F804250F4B4FF4006228
:109FC000C3F88021F0BC1A607047044B0222C3F82A
:109FD0000423F2E71860CFE7A82B002000B0004070
:109FE0000200070000F00140408100400080004076
:109FF00048B1004008B0004000E100E00D4B0E4ABF
:10A0000030B4012000210D4C58604FF40025C3F8F6
:10A010004015C3F840114FF480711861C4F8085519
:10A02000C2F88011C2F88010BFF34F8FBFF36F8F5B
:10A0300030BC70470080004000E100E000F00140CB
:10A0400030B41B4A1B4C1C4D1C480023012163608B
:10A0500051609160C2F80853C2F84853C2F8043105
:10A06000C2F84031C2F84431C2F848312278C0F811
:10A07000A835C0F8AC3572B194F828209140D200D0
:10A0800002F1804202F5F832C2F81035C2F81435F8
:10A09000C0F8081523700A4B4FF40062C3F8802102
:10A0A000C3F88020BFF34F8FBFF36F8F30BC704772
:10A0B00000B00040A82B00200200070000F0014083
:10A0C00000E100E0044B4FF080411A6A0123C1F81F
:10A0D00008351360704700BFA82B002010B4144C43
:10A0E0001449154A0023C4F8A8350120C4F8AC353A
:10A0F0004FF0FF3448600861C1F808430F48916889
:10A100004FF48074C0F8804141B10D494FF4803064
:10A11000C1F808031374C1F840319360126A10BC8F
:10A120004FF080410023C1F808351360704700BF2D
:10A1300000F0014000800040A82B002000E100E07A
:10A1400000B0004070B52E4CA36888B0002B51D1F0
:10A150000DF10B03009304ABA26003AA01F040F8D9
:10A160009DF80B300F2B06D9DDE90432013342F1A3
:10A170000002CDE9043206A8FFF76AFE069B2678A6
:10A18000079800220533DDE9041542F10002B6B953
:10A190004FF08076E0FB0632994275EB020220D345
:10A1A0000B0E43EA052321F07F41164A4FF480301D
:10A1B000C2F84015E360C2F8040308B070BD4FF464
:10A1C0008036E0FB0632994275EB020209D30B0C94
:10A1D0004FF6FF7289B243EA0543002908BF1146D2
:10A1E000E3E7FF232374084B4FF40062C3F8002118
:10A1F00008B070BD40F26121052001F053FB00BFA3
:10A20000A82B002000B0004000E100E0064B9A6857
:10A210004AB106494FF48032C1F8082300221A746B
:10A22000C1F840219A607047A82B002000B0004080
:10A2300038B5EFF3108572B621490C78BCB1214BCB
:10A24000D3F80405D3F848314FF6FF7290422ED070
:10A250005BB347F6FE73984227D84C680134CDB102
:10A2600000F07AFF184D0021E4FB050138BD154AC6
:10A27000D2F80405D2F8043153B14B6801334B6076
:10A28000C2F80441D2F80405D2F80431002BF4D10D
:10A290004C681DB962B60B78002BE1D10B4D00F074
:10A2A0005BFF0021E4FB050138BD4C68D7E7002BBC
:10A2B000FBD14C680DB92846ECE7034D1846EEE794
:10A2C000A82B002000B0004080841E000080841E67
:10A2D00070B5EFF3108672B6224C217891B1224B03
:10A2E000D3F80405D3F848314FF6FF72904230D0CE
:10A2F0006BB347F6FE73984229D865680135A6B15D
:10A300001A4E17E0184AD2F80405D2F8043153B1B6
:10A31000636801336360C2F80411D2F80405D2F80F
:10A320000431002BF4D165681EB962B62378002B86
:10A33000E6D10F4E00F010FFD4E90C120023E5FB2C
:10A340000603884293412CBF0120002070BD656840
:10A35000D5E7002BFBD165680EB93046E5E7034E23
:10A360001846E7E7A82B002000B0004080841E00BC
:10A370000080841E194B1A4810B5012200214FF4A9
:10A3800000245A60C3F84015C3F840111A61C0F8A0
:10A390000845D3F8040520F00300C3F80405D3F8FA
:10A3A000080540F003001021C3F8080591FAA1F157
:10A3B000B1FA81F109290CDC0A48C3F810154FF4F1
:10A3C0008074DA60C0F8804104605A60DA601A6014
:10A3D00010BD05484FF4737101F05AFA0080004037
:10A3E00000F0014000E100E0809802002DE9F04714
:10A3F000444D454E012100234FF4002284B0696092
:10A40000C5F84035C5F840312961C6F80825D5F8AA
:10A41000042522F00302C5F80425D5F8082542F0EA
:10A420000302C5F80825102292FAA2F2B2FA82F2CB
:10A43000092A62DCC5F81025344ADFF8D480E960C7
:10A440004FF48070C2F880011060324A6960E960A0
:10A45000C6F8A82598F80020C6F8AC5502A85AB34B
:10A46000019304E00123C6F808A56B60EB60FFF7D9
:10A47000EFFCDDE90243DDF804904FF4002A4FF4CD
:10A480008037C6F804A5E3FB0749FFF7E1FCDDE9E7
:10A4900002320199E2FB0731494508BFA342E1D1ED
:10A4A000601C49F1000100F065FE02460B46C8E958
:10A4B0000C2304B0BDE8F087019204E00123C6F844
:10A4C00008A56B60EB60FFF7C3FCDDE90243DDF834
:10A4D00004904FF4002A4FF08077C6F804A5E3FB00
:10A4E0000749FFF7B5FCDDE902320199E2FB0731CC
:10A4F000894508BF9C42E1D1D2E707484FF4737108
:10A5000001F0C6F90080004000F0014000E100E0E9
:10A51000A82B002000B100408098020010B5029CDA
:10A52000201841F10001801A61EB0301B0F1004FE6
:10A5300071F1000100DA10BD40F23131052001F067
:10A54000B1F900BF38B5EFF3108572B621490C7828
:10A55000BCB1214BD3F80405D3F848314FF6FF7254
:10A5600090422ED05BB347F6FE73984227D84C68D2
:10A570000134CDB100F0F0FD184D0021E4FB0501E0
:10A5800038BD154AD2F80405D2F8043153B14B68EE
:10A5900001334B60C2F80441D2F80405D2F804310B
:10A5A000002BF4D14C681DB962B60B78002BE1D1B9
:10A5B0000B4D00F0D1FD0021E4FB050138BD4C68D6
:10A5C000D7E7002BFBD14C680DB92846ECE7034DCB
:10A5D0001846EEE7A82B002000B0004080841E0043
:10A5E0000080841E014B5861704700BFA82B0020DB
:10A5F000F0B5304C636989B0002B55D0EFF310856E
:10A6000072B60DF10B03009303AA04AB00F0E8FD52
:10A610009DF80B300F2B06D9DDE90432013342F1EE
:10A620000002CDE9043206A8FFF712FC069B27784A
:10A63000079E05334FF00002DDE9041042F10002ED
:10A64000C7B94FF08077E6FB0732994270EB020200
:10A6500022D30B0E43EA002321F07F41164AA36167
:10A660004FF40033C2F84415C2F8043305B962B69A
:10A6700009B0F0BD4FF48037E6FB0732994270EB2A
:10A68000020209D30B0C4FF6FF7289B243EA004372
:10A69000002908BF1146E1E7FF232377074B4FF45A
:10A6A0000062C3F80021E1E740F24131052001F0EA
:10A6B000F9F800BFA82B002000B0004000E100E046
:10A6C000014B1878704700BFA82B0020024B0122D5
:10A6D0001A7083F828007047A82B0020704700BF2D
:10A6E000704700BF024B0122C3F84423704700BFEC
:10A6F00000B00040024B0122C3F84823704700BF5E
:10A7000000B0004008B500F0A7FC30B9074A936BD1
:10A710000133312B936304D808BD044B00229A63A4
:10A7200008BD4FF46271052001F0BCF8A82B002091
:10A73000014B5862704700BFA82B002010B53F4C5A
:10A74000237882B0002B55D03D4BD3F8042352031D
:10A750005BD43B4BE168D3F80423D00334D5D3F862
:10A760004031002B30D0636899425DD800232374B8
:10A77000334AA168C2F840314FF48030C2F8080370
:10A78000002955D0A36088472D4BA169D3F8042335
:10A79000920324D5D3F844310BB363688B423FD383
:10A7A00000222277264B6169C3F844214FF4003020
:10A7B000C3F8080300293BD08847214BD3F8403128
:10A7C0000193019B02B010BD6268237C002BCDD1A8
:10A7D0009142D9D91A4B0022C3F84021D4E76268CC
:10A7E000237F002BDCD18A42E7D2154B0022C3F82D
:10A7F0004421E2E7124AD2F804110029A9D0C2F894
:10A800000431636801336360A3E7D3F84821002A69
:10A810009FD00022C3F8482163680133636098E742
:10A82000237F002BE1D0BBE7237C002BD2D09DE718
:10A8300040F2CA31052001F035F800BFA82B0020F6
:10A8400000B00040014B187D704700BFD0240020AD
:10A85000042810B511D883B104280CBF1024282473
:10A86000A1420AD2064C54F8200018B141568A423F
:10A87000A8BF0A461A70002010BD6FF01500FBE754
:10A88000D024002030B50346114890F91C209A428C
:10A8900019DD90F924209A4217DA9A1A846AA05C8A
:10A8A0000C4A15569D420DD00E32002918BF0130BA
:10A8B0009442C0B206D129B1013BDBB2012B01D8D1
:10A8C0000130C0B230BD0D20FCE70020FAE700BF28
:10A8D000D02400205C8D020008B5054B93F91C3094
:10A8E000984203DAFFF7CEFF024B1B56184608BD0D
:10A8F000D02400205C8D020008B5184B93F82C2062
:10A90000FAB9012283F82C20154A1268A2F1080036
:10A91000082803D813490141C90709D5911F0929FE
:10A9200010D9013212D04FF4DF71742000F0BAFF59
:10A930000D4A9A62D8221A6283F8242008229A616A
:10A940001A7708BD094A0A41D207ECD4084A9A622C
:10A95000D8221A6283F824200422F0E7D0240020B1
:10A96000A8250020DEFEFFFF978D0200EEFCFFFF12
:10A970006A8D020010F0FF0008B508D14FF0804347
:10A9800001225A60C3F80001034B187008BD8421EE
:10A99000B52000F087FF00BFFD240020014B0122FD
:10A9A0001A707047FD24002008B548B94FF0804365
:10A9B000D3F8003113B9044B187808BD0120FCE727
:10A9C000D021B52000F06EFFFD240020044B186854
:10A9D000062818BFB0F1FF3F0CBF012000207047D0
:10A9E000A825002008B5094B1A680A2A02D1084B8D
:10A9F0001B6823B1FFF7EAFF08B9082A04D14FF01A
:10AA000080430222C3F8342C08BD00BFA8250020D3
:10AA1000AC250020F8B50F4E0127375404460D46EB
:10AA200004F0CFFC60B934B94FF08043B770756063
:10AA3000C3F80473F8BD4FF494716D2000F032FF39
:10AA4000002DF7D01CB92046A8477460F2E740F209
:10AA50004311F2E700250020044B191800228A70E8
:10AA600003EB80011A544A60704700BF00250020A4
:10AA700010B5034CA08100F045FCE08110BD00BF83
:10AA800000250020014B188A704700BF00250020D8
:10AA9000014B9889704700BF0025002010B5EFF3E7
:10AAA000108472B6064B03449A7C0132D2B29A7477
:10AAB0009B7C012B01D104F078FC04B962B610BD77
:10AAC0000025002010B504F0A4FC04F07AFC4FF03F
:10AAD0008044084940B1FFF785FF01232361042327
:10AAE0000B7500234B7510BD03230B750123C4F8B0
:10AAF0000433F6E70025002010B5EFF3108472B69A
:10AB0000094B03449A7C22B940F267216D2000F082
:10AB1000C9FE9A7C013AD2B29A749B7C0BB9FFF7BA
:10AB200029FF04B962B610BD00250020024B187D34
:10AB3000003818BF012070470025002073B51B4D59
:10AB4000EB7D63B9686A00F0030004F052FC30B199
:10AB5000EFF3108372B62A7D1AB103B962B602B060
:10AB600070BD01222A7503B962B64FF080430822F6
:10AB7000C3F808234FF42073ADF80630BDF8064043
:10AB8000A4B2631E9BB2ADF80630002CF6D14FF094
:10AB900080460748C6F80C4104F05DFD85F8294061
:10ABA000FFF790FF0823C6F80433D8E700250020FC
:10ABB000282500202DE9F347484CA37D002B00F009
:10ABC0008A800323ADF804304FF08043D3F800515E
:10ABD000F5B9D3F80481B8F1000F09D04FF08043E4
:10ABE0000022C3F804210222C3F80823FFF7A6FFBE
:10ABF00094F829603A484FF08047F6B2D7F80C81B4
:10AC000004F02DFD48B340F253316D2000F04AFEB0
:10AC100000258DF804500122D3F80481C3F80823DD
:10AC20000DF10409271DA61C19F8010B03280AD0F1
:10AC3000337843B13B684FF0000A86F800A013B1A7
:10AC40009847C7F800A06B1C022B07F1040706F118
:10AC500001064FF00105E7D1BDE745B1237D032B88
:10AC600005D104232375FFF7BDFE01233B61B8F135
:10AC7000000F1FD04FF080430022C3F80C21237D2A
:10AC8000042B02D040F27931BFE7164B1A680A2A2A
:10AC900002D1154B1B6823B1FFF798FE08B9082AAB
:10ACA00004D14FF080430022C3F8342C02232375D3
:10ACB00004F0B2FB4EB1002384F82930237D022B2F
:10ACC00001D1FFF7FFFE04F0A7FB054802B0BDE885
:10ACD000F04704F0D3BC02B0BDE8F08700250020A7
:10ACE00028250020A8250020AC25002010B5054C03
:10ACF000606A00F0030004F07CFB0028F8D000201C
:10AD000010BD00BF00250020F8B5054650B10278FF
:10AD1000042A07D8437842B9013B1F2B02D8837815
:10AD2000212B07D96FF0150076E0002BFAD183783C
:10AD3000002BF7D17B4B0127C3F88070BFF34F8FF7
:10AD4000BFF36F8F4FF08046C3F88071764C0B23B2
:10AD5000C6F808330023C6F80031C6F80431C6F837
:10AD60000C31A374E374AB88238204F02DFB08B18B
:10AD70002770A774D6F80C24D6F80C34D20303D568
:10AD8000DF0701D5FFF70AFE4FF4AF60FFF770FE53
:10AD90002B78A978E3750022626221766275042B14
:10ADA0004DD8DFE803F005033A484A000123636207
:10ADB00004F011FB00284DD004F014FB636A03F08B
:10ADC0000303984246D1AB79002B3DD1FFF78EFFAC
:10ADD000237E6BB12B785BB904F0F3FA054600F0E3
:10ADE000B9FE6FF00043002D00F09980C4E907031D
:10ADF0004FF08043D3F80C24D3F80C34D20303D59E
:10AE0000DB0701D5FFF7CAFD464A01230020207564
:10AE1000A375C2F880311360F8BD04F0FAFA4FF060
:10AE20008043D3F80C14D3F80C24CE03F9D5D00703
:10AE3000F7D50223BBE73D4BB9E73D4BB7E740F2FF
:10AE40002E516D2000F02EFD4FF080430222C3F8FA
:10AE50000423BDE74FF080430122DA600022C3F8EB
:10AE60000421626AC3F81825324A1368A3F10E015F
:10AE7000012904D90A2B02D0FFF7A8FD48B14FF0F1
:10AE800080534FF08041D3F84432C3F34233C1F8CA
:10AE90003C351368A3F10E02012A04D90A2B02D013
:10AEA000FFF794FD20B14FF080430122C3F84C25F9
:10AEB0004FF0804301229A600222C3F80423AA794A
:10AEC000002A85D1D3F80423910702D440F2E1414E
:10AED000B7E7194A1669116941F010011161D3F8F9
:10AEE000043106F010060BB904F0D5FB4FF0804793
:10AEF000D7F8043183B1FFF7F9FE26B90E4A13697A
:10AF000023F0100313614FF080430222C3F808239B
:10AF10000022C3F804215BE704F0BBFBE8E7C4E9C7
:10AF2000073065E700E100E0002500200100020095
:10AF300001000300A825002000ED00E010B50D4C35
:10AF400004F1280004F08BFB48B9237D022B01D1CA
:10AF5000FFF7B8FDBDE81040074804F08FBB074A73
:10AF6000012384F82930BDE81040C2F8003104F014
:10AF700050BA00BF002500202825002000E100E095
:10AF800038B50C4B0C46197919B18D216F2000F0A2
:10AF900089FC60B95D790DB1002038BD01225A717C
:10AFA000FFF77CFD21462846FFF734FDF4E76FF0FC
:10AFB0001500F2E72C25002038B50B4D2B790446FF
:10AFC0001BB1A4216F2000F06DFC50B96B790BB957
:10AFD000002038BDFFF740FD20466C71FFF78CFD67
:10AFE000F6E76FF01500F4E72C25002010B501B34B
:10AFF000F0B14FF0FF33104A1C46E0FB013494429D
:10B0000003D9E5216F2000F04DFC1A0D42EA04320D
:10B01000C3F30F10094B00EB02404FF22444B2FB84
:10B02000F4F103FB1100B0FBF4F040EA0140013001
:10B0300010BD0846FCE700BF3F420F00000024F4AB
:10B04000014B9B68184700BF2C250020014BDB6893
:10B05000184700BF2C250020014B1B69184700BF73
:10B060002C250020014B1B6A184700BF2C2500200F
:10B07000014BDB69184700BF2C250020034B1A79D0
:10B080000AB9FFF7FFBC988D704700BF2C25002040
:10B09000034B1A790AB9FFF7FBBC988A704700BFC7
:10B0A0002C250020024B1B790BB9FFF747BD7047D9
:10B0B0002C250020014B9B69184700BF2C25002040
:10B0C00010B5144C2379A3B1636A9847002806DBB6
:10B0D00094F82E3023B1012384F83230002010BDC3
:10B0E000FFF7E8FF0028F6DA40F2A5116F2000F024
:10B0F000D9FB094BA361094BE361094B2362094B5F
:10B10000A360094BE360094B2361FFF7FDFD0028B5
:10B11000E1D0E4E72C250020EDAC00003DAF0000BD
:10B120002DAB000013F4000019F400001FF4000020
:10B1300038B5084B1D79044625B140F2F9116F204E
:10B1400000F0B0FBFEF740FA2046FFF791FC2846DE
:10B1500038BD00BF2C25002043F60952C0F3080378
:10B1600002FB03F3400A03F5807302FB00F000EBDF
:10B170005320704710B5C0F34E22C0F30804000EF0
:10B1800040EA012043F60953090E03FB04F403FBD4
:10B1900002F24FEA401E4B01BEEB000E43EAD063C1
:10B1A00004F5807402EB542263EB01044FEA841C23
:10B1B0004FEA8E13B3EB0E034CEA9E6C6CEB040C5F
:10B1C0004FEACC0C4CEA537CDB001B1841EB0C0122
:10B1D000D803C903101841EA534141F1000110BDE1
:10B1E0002DE9F04180460C4617461E46FFF768FAE7
:10B1F000D0B13D4B9C426FD83C493D484FEA585234
:10B2000042EAC422A1FB0243C8F34F149B0B04EB98
:10B21000024400FB1344A1FB0414A40B44EA0344BE
:10B22000344B03FB148819E0334B9C4258D82F4908
:10B230002F484FEA587242EAC402A1FB0243C8F306
:10B240004F349B0B04EB024400FB1344A1FB04149A
:10B25000A40B44EA0344294B03FB148848F23762E9
:10B260004FEA583302FB03F31B0C43F60952244DFB
:10B2700002FB138101FB05F56D0D05FB02F205EBE9
:10B28000432502F574530833B1EB532F21D802F54F
:10B290008072A1EB5221C9B2069B1970FFF710FA18
:10B2A00058B123045D194FEA144444F10004C6E97F
:10B2B0000054C7F80080BDE8F08123065D194FEA0D
:10B2C000142444F10004C6E90054C7F80080BDE826
:10B2D000F08101350021DFE79D219B2000F0E2FA9B
:10B2E000A6219B2000F0DEFA7F841E0083DE1B4334
:10B2F000000024F480841E00FF7F841E0080841ED2
:10B300006F0C0100420B48F2376303FB02F2120C90
:10B3100043F6095C084B0CFB120101FB03F303F538
:10B3200086336E335B0D0CFB03FC5002B1EB5C2FDC
:10B3300088BF0130184470476F0C0100034610B3FA
:10B34000007888B91A79012A1ED85A79012A1BD89F
:10B350009A680E49643A8A4216D8D8680C4B9842CB
:10B360002CBF00200120704701280CD11A79012A36
:10B3700009D85A79012A06D8DA680449643A8A4217
:10B3800001D89868EAE70020704700BF3C860100BA
:10B390000040420FF8B5044620B94FF4DC716A2032
:10B3A00000F080FA90F82C50072900F2FF80DFE8C7
:10B3B00001F004B65D5D8D97A1A890F82A30033B9B
:10B3C000012B02D940F2C311E9E7052380F82A30A6
:10B3D000002380F82D3003789BB32378012B3DD1D7
:10B3E000FEF7D2FC94F8286063686362C4E9060142
:10B3F000BEBB734B0122DA60C3F84065C3F84061FD
:10B40000C3F84465C3F84461C3F84865C3F84861AC
:10B41000C3F84C65C3F84C616A4B4FF48072C3F8B3
:10B4200080213146204604F017F8236A3146284629
:10B4300098470146204600F0F1F8022840F0B98014
:10B44000F8BDFEF7EFF906460F46FEF79DFC1F36E6
:10B4500047F1000786428F41F3D3BEE7D4E90401E8
:10B46000C0E72046BDE8F84000F0AEB890F82A30BA
:10B47000DA1E012A02D940F2FB1190E790F8282049
:10B480002AB121462846BDE8F84003F0CBBF042B83
:10B4900014BF01230223022980F82A30036A0AD14B
:10B4A0000521284698470028CAD00378002BC7D02A
:10B4B0004FF4047173E70621284698470028BFD04F
:10B4C0000378002BBCD040F2152168E790F82A30B1
:10B4D000052B02D04FF4077161E7036A0221A6E74A
:10B4E00090F82A30052B02D040F2222157E7036A58
:10B4F00001219CE790F82A30052BB2D04FF40A7155
:10B500004DE790F82A30052B02D040F22D2146E776
:10B51000036A0A21284698474FF40C713FE790F8D8
:10B520002A30052B07D090F829200AB1032B02D02E
:10B530004FF40D7133E794F82820002AA1D194F834
:10B540002D3093B1022384F82A3084F82D20236A09
:10B5500008212846984700283FF472AF0378002B53
:10B560003FF46EAF4FF4107119E794F8292062B1DF
:10B5700094F82B0084F829302146FEF719FA0028A8
:10B580007FF45EAF40F2452109E7022384F82A30B8
:10B590000721236A2846984700283FF451AF0378D3
:10B5A000002B3FF44DAF4FF41371F8E640F25121F8
:10B5B000F5E60128236A0CBF0421032137E700BF09
:10B5C0000080004000E100E070B50446FEF72AF973
:10B5D000D4E90632656A503342F100025B1942F148
:10B5E000000205F5DF6540F2F966B5FBF6F55B197B
:10B5F00042F1000283428A4103D207212046FFF72D
:10B60000C9FE054C236813B1984700232360BDE8A9
:10B610007040FEF70BB900BF6025002070B50446EE
:10B620000D4639B9012380F82D30FFF7CDFF0226F2
:10B63000304670BD0E78032E6AD801A353F826F069
:10B640002FB6000051B60000B3B600006FB6000080
:10B650004868C72801D80026EAE70421FEF7B2FAB5
:10B660000028F8D16968204603F0F6FEE0E790F87C
:10B670002860F6B94D682846FFF760FE002847D0DD
:10B680002B78C3B9012222702B79003B18BF01230C
:10B6900063726B79002B14BF042302232372AB68FF
:10B6A0006F336360EB682361032384F82A3084F8E6
:10B6B00029202046B9E794F82A30052B04D04FF40E
:10B6C000CF716A2000F0EEF826702B7994F82B00E9
:10B6D000003B18BF012363726B79002B14BF042356
:10B6E00002232372EB68A9686F336360D4E90632E2
:10B6F0005B1842EBE172C4E90432042384F82A3077
:10B700002146FEF755F90028D3D14FF4D071D8E780
:10B71000012384F82D30CCE72DE9F843884607460D
:10B7200088B300F035F84FF0000905465FFA89F656
:10B73000B54203D86FF00B00BDE8F883304600F047
:10B740002DF890F82A4009F10109002CEED130467D
:10B7500000F024F80546048580F82A4080F82C6023
:10B7600001460A48FEF78AF8202885F82B0002D106
:10B770006FF02200E0E701232F6285F82A3020468F
:10B7800088F80060D8E76FF01500D5E795B30000A2
:10B79000014B1879704700BF64250020044B1A79CB
:10B7A000824283BF1B68302202FB003000207047BA
:10B7B000642500200A4610F0030110B50AD1074C99
:10B7C0002271206008B9002010BD30235A4300F0D8
:10B7D00059FBF8E76FF00D00F6E700BF6425002085
:10B7E000BFF34F8F0549064BCA6802F4E06213436A
:10B7F000CB60BFF34F8F00BFFDE700BF00ED00E05F
:10B800000400FA05094B01225A604FF0FF32C3F8D9
:10B810000823074B4FF48042C3F88020BFF34F8FBB
:10B82000BFF36F8FC3F88021704700BF00E0004076
:10B8300000E100E0094B01225A604FF0FF32C3F8EB
:10B840000823074B4FF48052C3F88020BFF34F8F7B
:10B85000BFF36F8FC3F88021704700BF00C0004066
:10B8600000E100E0084B0022C3F8FC2F0122C3F8DE
:10B87000FC2F064B0222C3F88020BFF34F8FBFF38B
:10B880006F8FC3F8802170470010004000E100E096
:10B8900008B572B6024B5B6803B19847FFF7A0FF8B
:10B8A0006C2500201FB572B6134B5D6895B9FFF784
:10B8B00097FF2346B2FBF6F25C1C002AF9D104AED6
:10B8C000DCB256FA83F303F80C2C0A2234B901A82F
:10B8D000A847ECE7024600230A26EDE7631E04AE04
:10B8E000DCB256FA83F3B0FBF2F602FB16003030FE
:10B8F00003F80C0C3046E9E76C250020F8B51F4E24
:10B90000337805460C461746A3BB00F0CBF9FEF78B
:10B91000F3FF77603472FFF7A5FFFFF78BFFFFF7A8
:10B9200071FF174B002D14BF28461846FFF7C8FBC0
:10B930000546E8B9FDF76AFFFFF7B4FB03F0A3FD86
:10B94000FCF738FC18B9BE211120FFF7ABFF002C23
:10B950000CDB04F01F026409A40004F1604404F548
:10B96000614401239340C4F8803123600123337084
:10B970002846F8BD4FF0FF35FAE700BF6C250020E0
:10B98000C88D0200074B93F90830002B09DB5A09D8
:10B99000012103F01F03994002F14003024A42F8DB
:10B9A000231070476C25002000E100E0014B18785F
:10B9B000704700BF6C2500202DE9F047DFF8CC90E0
:10B9C000334C344D344F82B00246012699F8008042
:10B9D0005FFA88F8FF2389F80030B8F1000F01D032
:10B9E00089F80130EFF3108172B600236660C4F865
:10B9F0000031C4F80431C4F80425266039B962B6B0
:10BA000005E0D4F8043133B92B69DB0621D4D4F82E
:10BA10000031002BF5D0D4F80431002BE2D1B8F17D
:10BA2000000F13D199F80130DBB289F801800320AF
:10BA30004FF48041C4F80803C4F80481C4F80081BD
:10BA4000C7F8801189F80080002BBFD102B0BDE893
:10BA5000F0874FF48043C7F88031EFF3108A72B655
:10BA60000323C4F80433D4F8003113B9D4F80431F3
:10BA70001BB1BAF1000FCAD1C1E7019203F009FE70
:10BA8000019ABAF1000FC2D1B9E700BF78250020B2
:10BA900000E0004000ED00E000E100E070B5144679
:10BAA000DA078CB01D4686468C4633D5C36842689B
:10BAB0001BBA0093CB681BBA049383681BBA01932B
:10BAC00003681BBA03938B6812BA1BBA02920593E0
:10BAD0004A680B6812BA1BBA6E4606920793304644
:10BAE000FFF76AFFAB070DD5DDE90A10DDE9083283
:10BAF00000BA09BA12BA1BBA20606160A260E360A2
:10BB00000CB070BD08AD0FCD20606160A260E36035
:10BB10000CB070BDDEF80410DEF80820DEF80C3042
:10BB20000068EE46AEE80F00DCF80000DCF8041018
:10BB3000DCF80820DCF80C306E46AEE80F00CEE7EB
:10BB400010B5002482B0CDE90044FFF7A7FF02B092
:10BB500010BD00BF1A4B4FF4805270B5C3F880205F
:10BB6000BFF34F8FBFF36F8F164C174D0021C4F8F2
:10BB70000011C3F880212E692B6943F010032B615B
:10BB80000123C4F8043306F010062360D4F8003112
:10BB90009BB11EB92B6923F010032B610123D4F84C
:10BBA00008056360C4F808330023C4F80031044B6F
:10BBB0004FF48052C3F8802170BD03F06AFDE5E7C1
:10BBC00000E100E000C0004000ED00E00B4938B5A6
:10BBD000042301EBC302157905F0FF042DB1013BED
:10BBE000F7D240216920FFF75DFE41F833000121C3
:10BBF000547194711171D8B238BD00BF7C250020FA
:10BC0000042808B503D947216920FFF74BFE034BF1
:10BC100003EBC00300221A7108BD00BF7C25002081
:10BC2000042808B503D950216920FFF73BFE094BD2
:10BC300003EBC0000379012B01D05121F4E74379D4
:10BC400082790133DBB29A4218BF4371BDE80840E4
:10BC5000FFF798BE7C25002038B5114D052495F8D6
:10BC6000281005EBC1031A79012A09D158799A796C
:10BC7000904205D05A79D2B29A7155F8313098472E
:10BC800095F828300133DBB2052B04F1FF3428BFCF
:10BC9000002314F0FF0485F82830E0D138BD00BF40
:10BCA0007C2500204FF08052034BD2F830111960F0
:10BCB000D2F834215A607047A8250020084B1B6831
:10BCC000083B082B0AD840F2211222FA03F313F0A2
:10BCD000010F044B044818BF1846704702487047CC
:10BCE000A825002000E701400C050040144B1B680C
:10BCF000062B03D0013301D020BF7047EFF3108033
:10BD000072B6104A1369116941F0100111610E49B0
:10BD1000D1F80021D1F804110A4303F0100300D038
:10BD200040BF20BF00BF00BF00BF00BF23B9054A0E
:10BD3000136923F01003136100B962B6704700BFA6
:10BD4000A825002000ED00E000E100E0914270B580
:10BD50003FD2B2FA82F33BB1C3F1200420FA04F4DB
:10BD60009940214398409A40150CB1FBF5FC05FB26
:10BD70001C1E4FEA0E4E030C84B20EEB10401FFA4D
:10BD800082FE0CFB0EF6864206D9361A964294BF06
:10BD900001260226ACEB060C03EB01430CFB12332D
:10BDA000B3FBF5F005FB103304EB034400FB0EFE80
:10BDB000A6454FEA0C4C09D9AEEB040E964594BF4C
:10BDC0004FF0010E4FF0020EA0EB0E0040EA0C0007
:10BDD00070BD73219620FFF765FD00BF2DE9F84384
:10BDE0001C4652EA040349D0074615460E4684B95C
:10BDF000914204D2FFF7AAFF2146BDE8F88321460D
:10BE00003046FFF7A3FF04462A46384604FB156177
:10BE1000F0E74FF00108B4FA84F908FA09F3A3FB3C
:10BE2000021220FA08F003FB042240EAC67026FA48
:10BE300008F1FFF78BFFC9F11F0230FA02F34FF050
:10BE4000000C08D140461946AF42A6413CBF1846F7
:10BE50006146BDE8F8835A1E61466CEB0C0C05FB8D
:10BE60000CFE02FB04EE18461346A5FB0228BA1A84
:10BE70000EEB080766EB07061746E5E7A6219620B6
:10BE8000FFF710FD10F0030FC9B2034607D0BAB395
:10BE900003F8011B13F0030F02F1FF32F7D170B565
:10BEA000032A01EB012404EB04441ED9161FB50834
:10BEB000032E05F1010521D94FEA550E03EBCE0EF5
:10BEC0009C46CCE900440CF1080CF445F9D115F07E
:10BED000010F04D025F0010503EB85052C6026F049
:10BEE00003060433334402F0030232B1012A19700D
:10BEF00003D0022A597018BF997070BD1D46EDE736
:10BF0000704700BF844641EA000313F003037DD16C
:10BF1000403A51D3F0B4F0C9F0C0F0C9F0C0F0C954
:10BF2000F0C0F0C9F0C0403AF5D2F0BC44E0403A6D
:10BF300042D300BF51F8043B40F8043B51F8043BA6
:10BF400040F8043B51F8043B40F8043B51F8043BF3
:10BF500040F8043B51F8043B40F8043B51F8043BE3
:10BF600040F8043B51F8043B40F8043B51F8043BD3
:10BF700040F8043B51F8043B40F8043B51F8043BC3
:10BF800040F8043B51F8043B40F8043B51F8043BB3
:10BF900040F8043B51F8043B40F8043B51F8043BA3
:10BFA00040F8043B51F8043B40F8043B51F8043B93
:10BFB00040F8043B403ABDD2303211D351F8043B33
:10BFC00040F8043B51F8043B40F8043B51F8043B73
:10BFD00040F8043B51F8043B40F8043B103AEDD2E2
:10BFE0000C3205D351F8043B40F8043B043AF9D233
:10BFF000043208D0D2071CBF11F8013B00F8013B06
:10C0000001D30B8803806046704700BF082A14D311
:10C010008B078CD010F0030389D0C3F10403D21A2C
:10C02000DB071CBF11F8013B00F8013BFFF47FAFB9
:10C0300031F8023B20F8023B79E7043AD8D3013AC1
:10C0400011F8013B00F8013BF9D20B7803704B78F3
:10C0500043708B7883706046704700BF53B94AB90C
:10C06000002908BF00281CBF4FF0FF314FF0FF3000
:10C0700000F00CB8ADF1080C6DE904CE03F02DFB17
:10C08000DDF804E0DDE9022304B07047704700BF2B
:10C09000F6F758BE01F024BB01F025BB01F01DBB33
:10C0A0001FB5014601A800F006F801A801F005FF40
:10C0B00005B05DF804FB0B88C3F30B0383804B884A
:10C0C000C380002343724B78C3F30113012B03D0C9
:10C0D0009A1E534253415B00043103720160704762
:10C0E00010B58B880370437803F0F00343708A889F
:10C0F000C2F3032213434370CA888270CA8803F0D4
:10C10000CF03120A4370C2700A7A120102F03002A1
:10C11000134303F03F0343704A7A43EA82134370A8
:10C120000C4609680430814205D0E288FB2A28BF0A
:10C13000FB22FFF7E7FEE0880430C0B210BD70B507
:10C140000B78192B05460C4612D8CBB1013B182BA6
:10C1500016D8DFE803F01A2615999FA5ABB1B5B73D
:10C16000C7CD1515152ABBC1D1D7DDE3E9EFF50021
:10C17000822B4FF0FF0200F0E980832B00F0EA8071
:10C1800040F26721C720F4F7F5FE0C230B7008235B
:10C19000637066780236324621462846FFF7B2FEC3
:10C1A00049E01A230B700123F2E72920F5F7DCF8A8
:10C1B00030B13E232370222363702923A370E8E764
:10C1C0000A20F5F7D1F83E2305F1080204F1080131
:10C1D0002B7090B30A23AB70E378EB70A3882B71BC
:10C1E000A3881B0A6B71A379AB71E379EB71A36828
:10C1F000AB608B889380D4F80E30C5F80E30638A1C
:10C200006B8263696B61238B2B83638BAB76638B50
:10C210001B0AEB76A38B2B77A38B1B0A6B77E38B25
:10C22000AB77E38B1B0AEB7794F8203085F820304E
:10C230001F266E700236304670BD0123AB70E37866
:10C24000EB70A3882B71A3881B0A6B71A379AB7168
:10C25000E37903F00103EB71A368AB608B889380F3
:10C26000638BAB73638B1B0AEB73A38B2B74A38B56
:10C270001B0A6B74E38BAB74E38B1B0AEB7494F8AF
:10C2800020302B751326D4E73E230B7004234B700C
:10C29000142393E73E230B700C234B7004238DE78C
:10C2A0003E230B700A234B70032387E73E230B705A
:10C2B0000D234B70052381E705232370042367E7D3
:10C2C0000823FAE730230B70032361E73E230B704A
:10C2D0000B234B70072371E73E230B7006234B7033
:10C2E0000C236BE713230B708B789B0001334FE714
:10C2F00057230B7002234BE73E230B7006234B7032
:10C3000012235BE73E230B7009234B70132355E781
:10C310003E230B7005234B7020234FE73E230B7009
:10C3200009234B70212349E7FF230B700B234B702C
:10C33000A22343E7FF230B7005234B70A3233DE7A4
:10C34000FF230B700D234B70802337E70A700D22FB
:10C35000627033E70A700222FAE708B510B96FF08D
:10C36000150008BDFFF79CFE0028F8D00020F8E774
:10C3700010B50C4648B141B1F4F750FF00282070C9
:10C380000CBF6FF02200002010BD6FF01500FBE71E
:10C3900008B5F4F7C7FF002008BD00F034BE08B5AB
:10C3A000F4F7D2FF002008BD01F010B901F01EB96A
:10C3B000034602221A709A7090225A713D229A7195
:10C3C0006A22DA716FF00E021A726FF05A025A7214
:10C3D0006FF0520200209A7264225870D87018715F
:10C3E000DA72704700F05CBE70B5044602F02FFFB1
:10C3F000012805461AD1601C02F030FFB0B1A379C4
:10C4000063F03F03A3710020F6F722FFE61D38B169
:10C41000102200213046FFF735FD2570002070BD49
:10C42000304602F02EFF0028F2D0F6E70025F4E7B0
:10C4300010B5102204460021FFF724FD04F110037B
:10C44000102200211846FFF71DFD02F033FF0020E7
:10C45000F6F7FEFE20B1204602F013FF002010BDCB
:10C4600002F0F5FE0028F6D0F8E710B50446FFF715
:10C4700071FBB0F5007F09DA10F5007F08DD031EBF
:10C48000B8BF03339B102370002010BD7F23FAE751
:10C490006FF07E03F7E70120704701F008B90078DC
:10C4A000003818BF012000F002BFF6F737BC8178D2
:10C4B000008801F0C8B801F0E3B837B505460C466E
:10C4C00000880DF1060100F0F7FE2B882380BDF8EF
:10C4D0000630638003B030BDF6F728BC01F005B923
:10C4E00000F07FBD00F0D1BD08B5F4F735FF0020A6
:10C4F00008BDF6F731BA00F00CBF00F0E2BDF6F768
:10C500009DBB00F0AEBD01F000B800F0CABF01F065
:10C5100011B800F0E3BD00F0DCBE00F0ADBD00F0EE
:10C520006CBD03880B8001F036B803880B8001F0E6
:10C5300040B800F0FABDF6F763BAF6F749BA00F072
:10C54000E5BC00F006BD00F03ABD00F046BD00F0CD
:10C5500026BD00F01BBD00F016BE00F03FBEF6F792
:10C5600059BA00F079BE00F06BBD00F01CBE01F0BE
:10C57000A7B8F6F7FBB9F6F779BAF8B5941C0C44EE
:10C580006343B3F5004FA8BF4FF0FF330E4610F0E2
:10C590000301054617469CB203D0B0211420F4F7DE
:10C5A000E9FCB4F5004F01D9B121F7E714220430BA
:10C5B000FFF768FCEF746C802E80F8BD38B50388F7
:10C5C000C48805898B42C4F30E0203D2D121142002
:10C5D000F4F7D0FC84EA0503C3F30E030BB9AC42B5
:10C5E00006D102F118030122C1528274184438BDE9
:10C5F0001846FCE7023101444A43B2F5004FA8BF98
:10C600004FF0FF3290B21B3020F00300B0F5004F26
:10C6100034BF00B24FF0FF30704740881B3020F02D
:10C620000300B0F5004F34BF00B24FF0FF3080B2CE
:10C63000704738B503888B4203D2F7211420F4F7F2
:10C6400099FC857C65B1C388C3F30E031833C25AC5
:10C650008A4207D3C152811DF4F7AEFE00238374D2
:10C66000284638BD0025FBE70346F0B59E88DD88E7
:10C67000B4B2A54200F11800C6F30E0616D05F89C9
:10C68000DD7C845B3D4402353544E41B28440D8841
:10C69000A4B2A54288BF0C805989B1FA81F14FEA52
:10C6A000511188BF25461170DD81F0BD0025284657
:10C6B000FAE7F8B58288C389002604460D4692B28F
:10C6C0000E60CBB1C2F30E024189183287180B44B9
:10C6D000825A9BB29342438104D94FF4A271142031
:10C6E000F4F748FC04D1011DF4F766FE46812F6083
:10C6F0000023E3810120F8BD1846FCE78388028906
:10C700009BB29A42014602D00831F4F755BE7047F9
:10C710008388C0889BB2C31A5842584170478288A8
:10C7200073B5C48895B2AC42C2F30E0202F118028E
:10C7300012D04189C689835A314499420EDB0DF1EA
:10C740000601ADF80650F4F737FEBDF80600001BF1
:10C7500018BF012002B070BD0020FBE70120F9E7FF
:10C7600070B5C488068984EA0602C2F30E02034645
:10C77000C4F30E0518300AB9B4420FD19C891A8847
:10C780000CB1465B921B914207DCDA7C2C440232EE
:10C79000224410440A461A8270BD00221046FAE76D
:10C7A000F8B5038A002B38D08B4236D3C4888589EC
:10C7B00000F11803C4F30E041E1995B91D557570C8
:10C7C00085891E5B0D44ADB2314485811953D2B1C8
:10C7D000811DF4F7F1FD00238381002303820120F2
:10C7E000F8BD1E5BAE4204D04FF4F6711420F4F78E
:10C7F000C1FBC57C878A2644023535445E195F53E8
:10C80000857DB570DCE7C27C254402322A44991844
:10C810009B5A83828B788375DFE70020E0E783886B
:10C82000C2889BB29A4206D0428922B9C3F30E0352
:10C8300018331844704700207047C37C0233C8186F
:10C8400070470230704738B58388C2889BB29A42DD
:10C8500009D043893BB9C5893DB9011DF4F7ACFD49
:10C86000C581012038BD0020FCE71846FAE7002307
:10C8700083810382704703881380C388C3F30E0348
:10C88000183303440B60808970470368002223B982
:10C89000C0E90132031D0360704759681B680A44F0
:10C8A000F5E7072970B5034604D84FF4EC7115205D
:10C8B000F4F760FB0068C0B144681A688C42064611
:10C8C00010D0106860B901F10805AC420DD354686E
:10C8D00050501868651A541800686560505002E09E
:10C8E0001346E9E714681C60304670BD0023C1E9B7
:10C8F000003203680B600160704730B590B18478F6
:10C90000B1FBF4F304FB131300EB430252898A4298
:10C9100001D1D8B230BDC27822B900F10803D0B23B
:10C92000844201D8FF20F5E733F8025F8D4202F11F
:10C930000102F4D1EEE78278038805324B4303EB22
:10C9400042031844704737B50024CDE9004405463A
:10C950008DF806006846ADF80440F4F703FFBDF813
:10C96000044008B103B030BD29462046F4F7D6FE96
:10C970000028EFD040F215211720F4F7FBFA70B52C
:10C980000D4609211E46FFF735FE324604460921B1
:10C990002846FFF72FFE40EA04031B0454BF00198A
:10C9A0004FF0FF3070BD012303707047F8B50C469F
:10C9B00084F001046400054611461E46E4B2FF23DC
:10C9C000837003191B7D012B06D0631CDCB250FA67
:10C9D00083F31B7D012B0AD105EB44073B8B3A8C7B
:10C9E0009819904205DD2C4400233B8323750020D9
:10C9F000F8BD05EB8404324660681844FFF782FAFC
:10CA00003B8B1E443E830023AB700120F0E781F096
:10CA10000101490010B5C9B2FF23837043181C7D82
:10CA2000012C07D10C3120F8112002221A750023A5
:10CA3000837010BD0131CBB250FA81F10C7D012C15
:10CA400005D10C3320F8132002230B75EFE74FF4C8
:10CA50008C710920F4F78EFA30B50246837803F022
:10CA6000FF00F3B9137D022B19D0537D022B15D192
:10CA70000346012089B1D5180C3300242C7522F807
:10CA80001340131803241C7502EB80035B680B60D2
:10CA900000F10C0332F813308B80012030BD0123EC
:10CAA000E8E70020FAE730B50346827802F0FF009D
:10CAB000E2B99A7D022A17D0DC7D022C13D1032221
:10CAC00081B11D190C340020287523F81400981822
:10CAD0000324047503EB82000C32406833F81230F3
:10CAE00008608B80012030BD0324E9E70020FAE7CD
:10CAF000037D012B01D1008B7047437D012B0CBFBF
:10CB0000408B00207047837D012B01D1808B7047C3
:10CB1000C37D012B0CBFC08B00207047038B23B952
:10CB2000408B003818BF0120704701207047838B6D
:10CB300023B9C08B003818BF01207047012070470F
:10CB4000027D022A01D1008B7047437D022B01D167
:10CB5000408B7047032AF6D0032BF9D00020704792
:10CB6000827D022A01D1808B7047C37D022B01D1C7
:10CB7000C08B7047032AF6D0032BF9D000207047F2
:10CB8000F4F758BF2DE9F041044608460D4691F8E8
:10CB9000008001F046F90746284601F03EF90646B6
:10CBA000284601F042F908F003086B78E07084F839
:10CBB00000806770A670A3802046BDE8F081012840
:10CBC00008B506D0022806D040F29D410620F4F7B1
:10CBD000D1F9002008BD0120FCE7F4F777BF10B5BC
:10CBE000044638B1F6F754F924EA0000B0FA80F0B0
:10CBF000400910BD0120FCE707B50023CDE9003353
:10CC000001238DF806306846F4F7ACFD08B100202A
:10CC100004E0009801F0A8FF0028F4D003B05DF80C
:10CC200004FB1FB50022009240F6881303A9FBF70E
:10CC300091FA05B05DF804FB38B5054602F016F828
:10CC4000F0B1284601F090FF08B9002038BD284611
:10CC500001F05AFE0446284601F059FE054688B9FF
:10CC6000002CF2D02088F6F74FFA20882946F4F7F6
:10CC700055FD0028E9D041F6E3413920F4F77AF96F
:10CC80004220E3E70C20E1E72DE9F8430F46B0F836
:10CC90005A60B0F85C50804601F070FE02210446F4
:10CCA00000F007FF02218146204600F002FF4E45BA
:10CCB00028BF4E46B6B21B2E38BF1B26FB2E28BF00
:10CCC000FB26854228BF0546ADB21B2D38BF1B256C
:10CCD000FB2DB8F800303B8028BFFB25B4F5A47FBE
:10CCE00038BF4FF4A47440F648039C4228BF1C464A
:10CCF0007E80FD80BC803C81BDE8F8832DE9F04159
:10CD000086B0054601A9008800F08AFE0446002886
:10CD10006FD1029A92F84631D91E4B424B418DF8A1
:10CD20000230936F98064ABF9DF80230234683F085
:10CD300001038DF8033092F8D8309B0603D49DF898
:10CD40000330002B5BD0EB881B3B9BB2E02B58D809
:10CD50002989A1F5A4739BB244F24810834250D8AC
:10CD60006B881B3B9BB2E02B4BD8AA88A2F5A4731F
:10CD70009BB2834245D840F64807B94243D8BA42ED
:10CD800041D8029E4FF0FF0886F81B819DF80230C3
:10CD90009BBB03A93046FFF777FF6A88BDF81230C6
:10CDA000BDF81410E888934228BF1346A6F8203136
:10CDB000BDF80E30AA88B94228BF3946834228BF41
:10CDC0000346A6F81C31BDF810302889BB4228BFA5
:10CDD0003B46834228BF03468A42A6F81E311346CB
:10CDE00028BF0B46A6F8223186F81A81002386F860
:10CDF0001B31204606B0BDE8F0813A24F6E71A243C
:10CE0000F7E71224F5E71124F3E710B5FFF7F4FE76
:10CE100060B1F5F77FFC044602F000F840B9204607
:10CE200001F0F8FF80F00100C0B210BD0120FCE766
:10CE30000020FAE72DE9F04385B0064688460088D1
:10CE400002A900F0EDFD054640BB039C94F8593162
:10CE500003F0FF051BB1B8F1020518BF012594F8D6
:10CE60008730222B94F8D93043EAD3030CBF85F0E6
:10CE700001094FF00009DB0702D4B9F1000F3BD0E4
:10CE8000B77817B9F6F704F80746F078B0BBF5F7AE
:10CE9000FFFF3FB9B9F1000F29D10925284605B098
:10CEA000BDE8F0830028F5D0FF2384F825310DBBC1
:10CEB00094F8243103F0FF05E3B984F8270184F8DE
:10CEC000248184F82671B3788DF80430F3788DF8D6
:10CED00005303379727901A943EA02232046ADF87F
:10CEE000063000F008FE002384F82531D6E7002044
:10CEF0000746D9E73A25F6E71A25CFE7002FD3D121
:10CF0000C8E708B5F5F7A0FF002008BD10B5037805
:10CF1000012B044601D9122010BDFFF76DFE58B950
:10CF2000207810F0FD000DD104F11703E21D611C03
:10CF3000BDE81040F6F702BBF6F792FB0028EFD0F1
:10CF40000C20E9E7A37903F0C003C02BE3D1012053
:10CF5000EAE710B50378012B04460DD8FFF74CFE25
:10CF600060B9214611F8010B00F0FD00003818BF30
:10CF7000012000F032FD38B9122010BDF6F770FB29
:10CF80000028EED00C20F8E70020F6E708B500886E
:10CF9000F6F76CFB00280CBF3020002008BD38B528
:10CFA0000546FFF729FE044638B92878003818BF2F
:10CFB0000120F6F74FFB204638BD0C20FCE708B5F2
:10CFC000FFF71AFE18B9F6F735FB002008BDF6F793
:10CFD00047FB0028F7D00C20F8E708230370002057
:10CFE00070471022027041F25E03C2705922A0F80D
:10CFF00001308280C3800020704708B50821F4F713
:10D00000FFF8002008BD73B506460D460088694646
:10D0100000F006FD044688B9B3785BB9019B93F92B
:10D020007000A87033882B80F6F7B0FCA8702046FB
:10D0300002B070BD7F20FFF7F4FDF2E70224F6E7AF
:10D0400010B504466FF07F00FFF7EBFDF6F79EFC8E
:10D0500020707F20FFF7E5FDF6F798FC6070002058
:10D0600010BD10B50446F5F755FB01F0D0FEF6F7FC
:10D070008DFC2070002010BD08B50A46072300F182
:10D080001001FEF75DFD002008BD10B50146044605
:10D090000020F6F7C3F808B92060A080002010BD7A
:10D0A00010B50446F5F7CAFE28B900202146F6F768
:10D0B0009DF8002010BDFFF7A8FE0028F5D10C2038
:10D0C000F8E710B50446FFF7A0FE28B1012021467D
:10D0D000F6F78CF8002010BD0C20FCE7F7B50C46E5
:10D0E00005466946008800F09BFCA21C034690B9E7
:10D0F000019901F18F0781F8C330386810603879E1
:10D1000010712888208091F8C36006F0FF00002E7F
:10D11000F1D103B0F0BD0023C4F802300220137136
:10D1200023706370F5E7FFF7E9BD1FB5838844F20C
:10D130009022934217D840F64802934228BF1346E4
:10D140000288ADF804204088ADF80600ADF80A006A
:10D150000A8001A8ADF80830ADF80C30FFF7CEFD1D
:10D1600005B05DF804FB1220FAE737B50D466946B5
:10D1700000F056FC044618B901982946FFF784FDD3
:10D18000204603B030BD10B503466FF00404002004
:10D19000482108221C7058709970DA701C715871FF
:10D1A0009971DA7110BD10B50446FFF725FD78B905
:10D1B0002146E27911F8010B00F0FD00003818BF9C
:10D1C0000120F6F717FB80F001004000C0B210BD4F
:10D1D000F6F746FA0028EBD00C20F8E737B50546FD
:10D1E0000C460088694600F01BFCD8B9019B83F807
:10D1F0006A0093F86820012A06D0022A04D04FF46E
:10D2000061710620F3F7B6FEA27093F86920012A37
:10D2100001D0022AF3D1E27093F86A20002AE6D105
:10D220002B88238003B030BD10B58388022B0446C1
:10D2300010D8C078FFF7D3FC08B9112010BDA07832
:10D24000FFF7CDFC0028F8D020460121BDE81040B2
:10D25000FFF7F0BD1220F1E737B58378C178027986
:10D2600003F0010451EA040503F002031DD052EA61
:10D2700003051AD0002C18BF0021002B18BF002274
:10D280008DF80320037842788DF8021043EA0223D8
:10D29000ADF8003043798279684643EA0223ADF85D
:10D2A0000430FFF7C1FF03B030BD1120FBE708B524
:10D2B000F4F7B2FE002008BD13B50C46694600F035
:10D2C000AFFB20B9019BB3F880300133238002B05B
:10D2D00010BD07B50088694600F0A2FB38B99DF87B
:10D2E0000020019B012A05D093F82B216AB103B0DD
:10D2F0005DF804FB93F8DC21D2B293F8A81011B9C1
:10D3000012F0FB0FF0D10220F1E7FF2283F82B216E
:10D31000EDE710B50446F5F7B5FD2060616000202B
:10D3200010BD2DE9F3410546477800780121F4F757
:10D33000DFF9044600285ED001F059FDEE78864200
:10D3400028BF0646042FB6B22FD1002E39D1204671
:10D3500001F072FD6B78032B37D107F0FD08B8F1AF
:10D36000010F44D1204601F067FD00283CD1012F78
:10D3700008BF4FF00208216B42466846F4F7F2FA04
:10D380006A68206B33460121FFF710FB002834D078
:10D390006B78023B012B2CD8206BFFF7A9FB0121F6
:10D3A0000246206BFFF733FB23E0206BFFF7A0FB67
:10D3B000304480B21F2804D8FB1E012BC7D9002E91
:10D3C000C5D1122002B0BDE8F0810028F9D1042BAC
:10D3D000C3D1204601F0C8FB0028F2D0206BFFF734
:10D3E0009DFB0028B9D1ECE74FF00008C3E7042FFC
:10D3F000C6D10020E6E74220E4E70720E2E72DE976
:10D40000F3410746457890F8038000780121F4F74E
:10D410006FF9044600283CD001F000FD0028206B85
:10D4200008BF4FF00008FFF76EFB00EB0806B6B22E
:10D430001F2E30D8042D2ED0032D0CD1204601F004
:10D44000FBFC20BB012D14BF05220622216B684680
:10D45000F4F788FA08E0B8F1000F1CD0204601F07C
:10D4600083FBD0B9012DE9D07A68206B43460021B7
:10D47000FFF79CFA98B1023D012D04D8206B32468B
:10D480000021FFF7C4FA002002B0BDE8F0810422B9
:10D49000DCE74220F8E71220F6E70C20F4E707204B
:10D4A000F2E713B50446F5F735F94FF44073ADF8DC
:10D4B000003000238DF80230684614F8013B8DF8E7
:10D4C00003300194FFF79BFF02B010BD38B5012176
:10D4D00005460078F4F70CF90446A0B101F044FBCE
:10D4E00028B92046691C01F0D4FB002038BD204635
:10D4F00001F094FC08B10C20F8E7204601F08AFC0A
:10D500000028EED0F7E74220F0E713B50446F5F720
:10D5100001F914F8013B8DF803304FF44073ADF876
:10D520000030684600238DF802300194FFF7F9FEC1
:10D5300002B010BD73B50546F5F7ECF82B7804463C
:10D5400063B100230DF1010101208DF80030F5F7E2
:10D5500065FE18B16846FFF7B9FF88B90026204676
:10D560008DF8006001F05EFC2B788DF80360C0013F
:10D57000012BADF8010005D169462046F5F76AF99F
:10D5800002B070BD2BB9204602B0BDE87040FFF775
:10D5900053BB1220F4E710B5002104460088F4F7CD
:10D5A000A7F820B1A11CBDE8104001F007BE022081
:10D5B00010BD08B500880021F4F79AF820B1BDE845
:10D5C0000840002101F0FABD022008BD37B505462C
:10D5D0000C460088694600F023FA28B92B8823807E
:10D5E000019BB3F8B430638003B030BD37B5038816
:10D5F0000B80044698B2638813B9122003B030BD83
:10D60000694600F00DFA0028F8D16588019B42F2C6
:10D610001072A9B29C695143DA8D62431C8C04FBE1
:10D6200002229142E9D39A699C699442FBD100227B
:10D63000C3F8AC20621E0A44A3F8B450B2FBF4F263
:10D64000C3F8B020DAE710B50C460021F4F750F823
:10D6500090B1022C12D804F00102C4F3400480F807
:10D66000AD2180F8AC4112B190F8AA310BB900207D
:10D6700010BD01F093F9FAE70220F9E71220F7E76D
:10D6800010B504460078FF280AD00121F4F730F8DD
:10D6900058B16378A27843EA0223C384002010BD06
:10D6A000B4F80100F7F77EFEF8E74220F7E708B587
:10D6B0000078003818BF0120F7F740FD002008BDB2
:10D6C00010B50446F5F726F86178C1F3400201F081
:10D6D000010101F0C7FB002010BD0620F5F7C6BB15
:10D6E0000820F5F7C3BB01F093BD1220704710B5B9
:10D6F000044604B910BD236898476468F9E70368D5
:10D700000BB9016070471A465B6813B18A42FAD1BF
:10D7100070478A4218BF5160704708B50020FFF774
:10D7200012F9F4F7A9F8F5F7E3FCF4F729FB20B1B7
:10D7300040F221119320F3F71DFC08BD08B5F7F75F
:10D74000A5FCF8F711FA20B140F241119320F3F74C
:10D7500011FCBDE808400120FFF7F5B808B5FFF758
:10D76000EDFF01F013FD20B14FF4AB719320F3F7FF
:10D7700001FC08BDFDF782BC0B46122203F8032B07
:10D78000D0F80920C1F80320427B1A71704737B5E1
:10D7900004460D46F6F7BEF918B36FF4A873E01807
:10D7A00002210388ADF8003034F8ED3CADF80230CA
:10D7B000684634F8EB3CADF80430FFF73BFB18B19A
:10D7C0004221AE20F3F7D6FBADF800009DF8003003
:10D7D000002063F307009DF8013063F30F2003B0CE
:10D7E00030BD18232B70D4F80930C5F8033004235A
:10D7F000ADF80030EAE708B5436893F886201AB11F
:10D800008521AE20F3F7B6FB202283F8862008BDE1
:10D81000034610F0010007D19A0704D4C3F3800334
:10D820009B00D8B27047022070472DE9F84F074699
:10D83000104692461D46FFF7EBFF83460846FFF76A
:10D84000E7FF4BEA0006F6B2003E0A9C8846814696
:10D8500018BF0126F5F71CFB10EA0A0A18BFDA46C2
:10D86000F5F716FB97F8683010EA080118BF49462B
:10D87000534508BF4FF0000A84F800A097F86930BC
:10D880008B4208BF002161705AEA01010BD1B7F841
:10D890008030013DED1AADB247F6FD739D428CBF5D
:10D8A000002606F001063046BDE8F88F70B54468E2
:10D8B00094F88750A5F12003062B06464DD92E2D4E
:10D8C0004BD0002D47D194F88630252B45D00B79CD
:10D8D00013F0070335D04A7912F0070231D084F8EB
:10D8E000612084F8603094F8253113BB94F824311A
:10D8F000012B1ED094F8693094F86020D91E0129BC
:10D9000098BF04239A4222D194F86830DA1E012A83
:10D9100094F8612098BF04239A4218D10223B4F8E6
:10D92000642084F82431B4F86630A4F82621A4F8E1
:10D930002831222384F88730304600F013FC284633
:10D9400070BD3046C978BDE8704000F03DBC30463F
:10D95000F5F7E8FAEDE70125F1E72025EFE708B54F
:10D96000436893F88720222A05D022B140F2EA3199
:10D97000AE20F3F7FFFA232283F8872008BDF5F7DE
:10D98000B7BB704730B542401C7808785D7860407E
:10D990004C786C4020449D788C786C402044DD7835
:10D9A000CC786C4020441D790C795B7949796C40C6
:10D9B00020444B4018441044B0FA80F0400930BD78
:10D9C000024600200139C9B2FF2900D17047535CDB
:10D9D00083F001030344D8B2F4E708B5F5F744FC3B
:10D9E000082807D0F5F762FC082803D0F5F774FC87
:10D9F000012008BD0020FCE708B5F5F735FC082834
:10DA000003D0BDE80840F5F751BC08BD08B501F0EA
:10DA10000CFC18B1BDE80840F9F78EBA082008BD23
:10DA200010B50C460021F3F763FE606018B10123C6
:10DA30002370002010BD0220FCE70144002388422F
:10DA400003D1B3FA83F04009704710F8012B134358
:10DA5000F5E7F8B5D0E9047605460C46FCF766F81C
:10DA600020B940F207112920F3F784FAECB1D5E987
:10DA70000423D21B63EB0603012A73F100014FF06C
:10DA8000000114DB6FF001009042994102DA40F28C
:10DA90001111E8E7631E1344B3FBF4F35C43E4198C
:10DAA00046F10006C5E904461C462046F8BD0C4672
:10DAB000FBE7CB1E012B10D803290CBF96234FF494
:10DAC000167303F5BC730CBF10224022984210D984
:10DAD000C01A90FBF2F080B27047022904D13C28B2
:10DAE00007D980100F38F6E7702802D9C0100E3819
:10DAF000F1E70020704738B50D460446F5F7C8F940
:10DB00002B78002B08BF034684F864306B78002B19
:10DB100008BF034684F865306B88A4F8663038BDCA
:10DB2000012908B5034606D002290CD040F289111C
:10DB30002920F3F71FFA40F6C41040F2E242002B0E
:10DB400008BF104608BD40F6C410FBE707B5002328
:10DB500001A80193FAF7CEFA019810F0030018BF5C
:10DB6000012003B05DF804FBC2B292FAA2F2030AEC
:10DB700093FAA3F31B0E100E40EA0320704770B512
:10DB80000131C9B20530002210F8013F8B4216D393
:10DB900010F8054C0023012505FA03F626421CBFA8
:10DBA00001F1FF31C9B269B10133082BF4D101325F
:10DBB000D2B2052AE8D199214620F3F7DBF9C91A38
:10DBC000C9B2F4E703EBC200C0B270BD0B6870B518
:10DBD000C0F801300B7903F01F03437100230446A2
:10DBE000C3720546461D15F8010F00F0A1FA6871D1
:10DBF000E37AB5421844E072F5D170BD70B581EAA0
:10DC000011418CB20546C17A032682EA0400FFF76F
:10DC1000ABFF013E00EB0010221816F0FF0690B299
:10DC2000F5D144402522B4FBF2F302FB1343C3F3C6
:10DC3000C4022A44D8B2567803F00703012202FA3C
:10DC400003F31E4207D161432846C1F30741BDE8F3
:10DC50007040FFF794BF70BDF8B590F821506B1E6F
:10DC6000242B044654D80AB90020F8BD807D18B191
:10DC7000012844D01F20F8E794F8233094F82210AC
:10DC800002FB01322523B2FBF3F103FB1123DBB2CC
:10DC900004EBD30284F82330D17D03F00706012280
:10DCA000B240114202D084F82430DDE7B3FBF5F234
:10DCB00005FB1233013303F0FF0304F11B0111F8DC
:10DCC000012F934218D811F8055C0022012606FAAC
:10DCD00002F72F4208D0013B13F0FF0304D102EBFF
:10DCE000C00284F82420BFE70132082AEFD10130B6
:10DCF000C0B20528E3D1BDE79B1ADBB2F7E7228962
:10DD0000C96904F11600FFF779FF84F82400ABE736
:10DD10001220AAE70378890123F0400301F04001B3
:10DD20000B4303707047037803F07F0343EAC1138A
:10DD3000037070471F2A38B50546144603D9B7212A
:10DD40002A20F3F717F909300634FEF7DBF86C7078
:10DD500038BD1F2A38B50546144603D9D9212A20D3
:10DD6000F3F708F909300634FEF7CCF86C7038BDCB
:10DD7000037803F00F03032B02463ED0052B42D15C
:10DD8000C37F90F82000034392F82100034392F8E8
:10DD90002200034392F8230000F01F00184333D001
:10DDA0005378222B2FD1B2F81930B1B1B3F5506F9F
:10DDB00013D940F607518B4225D8B2F81B30B3F582
:10DDC000FA7F20D2B2F81D000A3880B240F67643BE
:10DDD00098428CBF002001207047991F89B240F6FD
:10DDE0007A4081420FD8917D481E07280BD899426E
:10DDF00009D2B2F817109942DEE74078A0F10C037F
:10DE000058425841704700207047037801F00301E1
:10DE100023F003030B43037070470078C0F38000C6
:10DE200070470078C0F3C00070470078C0F300105E
:10DE300070471B2A08B504D940F24D412A20F3F758
:10DE400099F84270BDE808400330FEF75BB8B0F8BF
:10DE50000730B1B1B3F5506F13D940F60752934272
:10DE60001FD8B0F80930B3F5FA7F1AD2B0F80B001A
:10DE70000A3880B240F6764398428CBF00200120D9
:10DE800070479A1F92B240F67A418A4209D80279C5
:10DE9000511E072905D89A4203D2B0F805209A42AC
:10DEA000DEE700207047406890F8AA3123B10023D4
:10DEB00080F8AA3100F072BD704708B5017A19B137
:10DEC00001290AD0002008BD0368C2880221808889
:10DED000F5F7D6FD20B10120F5E70368C288F6E723
:10DEE000F5F7BCFFF7E702230B7001238B70704737
:10DEF000F5F738BF10B521B94FF410711020F3F7C2
:10DF000039F84A600B72EFF3108472B6031D0B6090
:10DF100042681AB1127A012A08BF036003681960C7
:10DF2000016004B962B6BDE81040F5F765BF022292
:10DF3000F5F782BF0322F5F77FBF0422F5F77CBF18
:10DF40000222F5F7BDBF11230B706FF49A731844CA
:10DF50000388A1F80330838FA1F80530B0F8403072
:10DF6000A1F80730C38FA1F80930B0F84230A1F80A
:10DF70000B307047012908B503D10E30C00080B2C4
:10DF800008BD022902D10F308000F8E74FF42E714E
:10DF90000620F2F7EFFF30B587B004460D46F5F7DF
:10DFA000C1FD90B3A4F59F74694624882046FFF70D
:10DFB000DCF820B14FF484712C20F2F7DBFFBDF8C0
:10DFC0000630ADF80E30BDF80830ADF81030BDF8B1
:10DFD0000230ADF8123003A8BDF80430ADF80C40A3
:10DFE000ADF81430FFF79FF810B140F21111E3E7DC
:10DFF000ADF80C009DF80C30002063F307009DF88D
:10E000000D3063F30F2007B030BD2B46172203F805
:10E01000032BD4F80920C5F80320D4F80D205A604A
:10E02000B4F811201A810423ADF80C30E2E74068FF
:10E030007047C08A704710B58A880B89CC88498898
:10E04000A0F85010A0F85440A0F85220A0F8563084
:10E0500010BD8383BDF8003001834283C3837047C2
:10E0600038B5C58B438C04469D42007A28BF1D46B7
:10E07000FFF780FF6389AB4228BF2B46984238BF29
:10E08000184680B238BD2DE9F04106460F4680891A
:10E09000194698461446FFF76DFF4146054630463F
:10E0A000FFF7DEFF854228BF05469DF81810B08AAD
:10E0B000FFF760FFF38A834228BF0346ADB2A01D7D
:10E0C00015FA83F338441844BDE8F08107B590F899
:10E0D0006930009390F86830002296213030FFF7C5
:10E0E000D2FF03B05DF804FB38B50D46194614465F
:10E0F000FFF7ECFF96342044A84294BF281A002072
:10E1000038BD38B50D4611460446FFF7DFFF2844F9
:10E11000606338BD8369006B984228BF184601F1DF
:10E120009C0383423DBF401A9C3840080020704742
:10E1300000F05503400800F05500034403F033009D
:10E140009B0803F03303034403F00F0000EB1310AC
:10E1500070474368002283F8862083F8C220A3F822
:10E16000BE20704743680022A3F8C42093F8C6205D
:10E17000013283F8C620704708B5426892F8C6306D
:10E18000013B5BB2002B82F8C63003DA52214A20F1
:10E19000F2F7F0FE08BD436883F80B1183F80A21FB
:10E1A0007047A0F10A03042B0CD9A0F14303012B03
:10E1B00008D9A0F120032E2818BF062B94BF0120F8
:10E1C00000207047012070474268936F10B513F02C
:10E1D000080408D143F00803936782F80811FFF799
:10E1E000C1FF204610BD0120FCE730F8023CF7B526
:10E1F00030F8A07C05460E4673B1012268468DF8C2
:10E200000020ADF80170ADF80330F4F79DFB18B1B4
:10E2100095216320F2F7AEFE082300243370B4701A
:10E22000A6F803706B7A55F88C0C7371FEF770FAD0
:10E2300008B9BA21EDE73846F4F766FF21463846BB
:10E24000F3F76CFA4FF4017303F00402204662F313
:10E2500007001B0A63F30F2003B0F0BD436893F877
:10E260008820063A012A81BF0A7983F8892006228C
:10E2700083F8882000207047426892F88830063B77
:10E28000012B84BF072382F88830704770B542683D
:10E2900092F88750F5B9B1F80930B2F88060A2F869
:10E2A0003C32013B9B1B9BB247F6FD76B34206D93D
:10E2B000282382F8A930F6F72FF8284670BD4B685E
:10E2C000C2F83E320B7A82F8423243680A2283F85F
:10E2D0008720F2E70125F0E70B46062203F8032B1F
:10E2E000D0F80920C1F80320D0F80D205A60427CF4
:10E2F0001A720023CB70704770B5436893F887504B
:10E3000006460C46002D42D129462046FFF79FFDC8
:10E3100028B9E1783046BDE87040FFF755BF726814
:10E32000B4F80D30B2F88010A2F83C32013B5B1A11
:10E330009BB247F6FD718B4207D9282382F8A9309A
:10E340003046F5F7E9FF284670BDB4F8073040F2D3
:10E35000E2414B43C2F844322379C3EB431003EB51
:10E36000800303EB83035B00A2F83E32B4F8053070
:10E370004B43C2F84032B4F80930A2F84832B4F83E
:10E380000B30A2F84A320D2382F88730DBE70125F3
:10E39000D9E708B5436893F886201AB12621A3204F
:10E3A000F2F7E8FD1D2283F8862008BD73B54568A5
:10E3B00095F886301D3B022B06460C4623D809896A
:10E3C0001A2919D96389B3F5A47F15D3A2881A2A0B
:10E3D00012D9E088B0F5A47F0ED3009005F130008B
:10E3E000FFF737FE7168284601F23511F5F78AFD0F
:10E3F00070680621F6F7B6FE002085F8C20085F8A1
:10E40000860002B070BD0120FBE74268936FD90619
:10E4100010B5044603D4B021A320F2F7ABFD990652
:10E4200001D5B121F8E723F010039367FFF7A4FEAD
:10E4300060680621BDE81040F6F794BE09230B7012
:10E44000D0F80930C1F8023070470B460A2203F8B1
:10E45000022BB0F809204A80C27A9A70704738B50A
:10E46000436893F88740054634B1113C0B2C8CBFB0
:10E4700001240824204638BD93F88C30002BF9D0B5
:10E48000FFF770FE6B68112283F88720F2E708B56A
:10E49000436893F88720152A04D04FF4BD711F20DC
:10E4A000F2F768FD012283F8C720162283F887203F
:10E4B00008BD436893F88720122A03BF1322002067
:10E4C00083F887200220704710B5436893F887309F
:10E4D000182B044607D1FFF74FFE63681C2283F810
:10E4E0008720002010BD0220FCE708B5436893F8A0
:10E4F0008720112A04D040F2A3111F20F2F73AFD21
:10E50000012283F8C720122283F8872008BD08B5AE
:10E51000436893F88720162A04D040F2AB111F20DD
:10E52000F2F728FD182283F8872008BD0B46052244
:10E5300003F8032BD0F80920C1F80320D0F80D20F0
:10E540005A60B0F811201A81C27C9A72704708B5DF
:10E55000436893F886201AB1DD211C20F2F70AFDEA
:10E56000042283F8862008BD426808B5936FD90756
:10E5700003D4EB211C20F2F7FDFC23F00103936789
:10E58000BDE80840FFF7F8BD0C23A0F596700B70AE
:10E5900003884B807047436893F886200F2A01BF99
:10E5A000002283F8B62083F8C22083F8862000205A
:10E5B000704738B54568AB6F13F0040407D1FFF717
:10E5C000D1FDAB6F43F00403AB67204638BD01209B
:10E5D000FCE74268936F23F004039367FFF7CCBD19
:10E5E00008B5436893F886201AB170214B20F2F7E2
:10E5F000C1FC0F2283F8862008BD10B5D0E90D427A
:10E60000A24206D30B8CC98D05334B43121B934298
:10E6100002D3012380F83E3010BD01230B7000238C
:10E620008B7030F8CA3CA1F80330437A4B714389B0
:10E63000CB8083890B81704710B5446894F8C9304A
:10E640009A070ED494F886301BB174214020F2F75B
:10E6500091FC012284F8862084F8C220A4F8BE3000
:10E6600010BDA36F9B0705D5FFF786FDA36F23F0B1
:10E670000203A367002384F82A31F1E710B50B7970
:10E680004C790A68012843EA042108BF41F480312B
:10E69000104610BD07B5FFF7F1FF0DF10702F6F7C1
:10E6A00057F803B05DF804FB08B5FFF74FFA0028F0
:10E6B00014BF1420002008BD10B5F9F767FC04460C
:10E6C000FFF7F2FF04F55F43D0304FF47A72413325
:10E6D000B3FBF2F3184410BD10B5044690F869007E
:10E6E000FFF7EAFF012201462046BDE81040FFF790
:10E6F00008BD7FB5044618B9AA213020F2F73AFCCC
:10E70000072900F2D780DFE801F004C933332ED5A2
:10E71000C1D390F8F431B0F88020DBB1B0F8F23119
:10E72000934208BFB0F8A4319A1AA0F8A621A4F821
:10E730008030D4E982232046C4E98423F8F766FABE
:10E7400094F8AB31002B00F09F8004B0BDE870401E
:10E7500000F025BDB0F8F0319B1AA0F8A631B0F852
:10E76000F0319BB2E3E704B0BDE87040F9F7CEBAF0
:10E77000FBF758F8D4E98423801A61EB03010128E0
:10E7800071F1000302DA40F23C61B6E76FF0010379
:10E7900083424FF000038B4102DA40F23D61ACE767
:10E7A000A3690BB1B0FBF3F394F88710B4F8F2212E
:10E7B0000D2932D10132A4F8F221B4F82A32B4F88A
:10E7C00080500133A4F82A32B4F8BA301D44B4F8AA
:10E7D000B830013DED1AADB202AEB4F8F2116B1AC9
:10E7E000180435D4002300961A462046F6F758F848
:10E7F000012849D1B4F8F221B4F8A011BDF80830CD
:10E800001344521A12049BB204D5EA1A12F4004FB0
:10E8100018BF0B46A4F8F231DFE7B4F880100B44C0
:10E820009BB2D11A0D044DBF0133013293B29BB29A
:10E83000A4F8F23194F8F531002BBED1B4F8A4312C
:10E84000B4F8F221934204BF0133A4F8F231B4E7E3
:10E8500094F88A300394002B14BF08233E2384F8D5
:10E86000A930304601238DF80830F5F755FD2046D4
:10E8700000F097FC002384F8DC3194F8F701FAF7F4
:10E88000EBFF202384F8F73104B070BD0120FBF7C3
:10E8900095FA04B0BDE87040FEF79FB990F8DC31FE
:10E8A000042B01D0D02128E7002380F8DC31EBE7EE
:10E8B000D62122E7DA2120E713B5002380F8DC31E6
:10E8C000A0F828321A46009319460446F5F7E8FFE7
:10E8D00020B140F21D213020F2F74CFB012384F8D7
:10E8E000DC31C4F8D801C4F8D001A4F8F201A4F8CE
:10E8F000F00184F8F501B4F88030A4F82A02013B55
:10E90000A4F8803002B010BDD0F8CC00704710B52C
:10E91000044690F81031EBB1FF2380F81831012143
:10E9200000F09DFA94F81031A3B194F8C800FBF7F9
:10E93000D3F894F8C800FBF709FA94F8C800FAF77E
:10E940008BFF20B940F209213020F2F713FB00239E
:10E9500084F81031002010BD08B590F8182142B994
:10E9600090F8D02042B1D0E93531994202D9F7F779
:10E970006BFA0022104608BD0122FBE710B50446E1
:10E98000FFF792FE00F2DB112046FFF7C3FB40F6D3
:10E990004803984228BF184680B210BD7FB5044690
:10E9A00090F8AB3103F0FF05002B5AD190F8DC3121
:10E9B000032B56D1FAF736FFD4E98423801A61EB92
:10E9C0000301012871F100034BDB6FF00103834267
:10E9D00075EB010104DA40F2E5513020F2F7CAFA92
:10E9E000A269B4F880300AB1B0FBF2F201331344EB
:10E9F0009BB2A4F8F031B4F8F021B4F8A4319B1A1A
:10EA00001BB2002B2DDD94F8F701FBF765F840B33E
:10EA1000FF2384F8F531B4F8BA30B4F880501D44BF
:10EA2000B4F8B830013DED1AADB20DF10E06B4F8F0
:10EA3000F031EB1A1B0414D4B4F8F0110096002343
:10EA4000012289B22046F5F72BFF012809D1B4F83D
:10EA5000F031BDF80E2012FA83F39BB2A4F8F03126
:10EA6000E5E704B070BD70B5044621B1012977D047
:10EA700040F6280171E000F009F994F811310546DB
:10EA80000E46DBB150EA010318D0D4E93832D4E99C
:10EA90004001C01A61EB020133462A46FDF79EF998
:10EAA00005FB01F300FB0633A5FB00021344D4E988
:10EAB0003821121843EB0103C4E93823E08C30B14C
:10EAC000F5F782FAE38CB0FBF3F202FB1300D4E912
:10EAD0003832ED1846EB02062D184FF0000346F1D0
:10EAE00000060222C4E93856C4E9405684F8F030E2
:10EAF000A4F8F82084F8113194F8183103F0FF01DC
:10EB0000DBB9D4E942026FF000439A4208BFB0F18A
:10EB1000FF3F18D02046D4E9405600F0ACF8D4E9C5
:10EB20004232E5305B1B62EB06021B1A62F1000207
:10EB3000002A08DA2046F7F787F9F8F7CDFFBDE895
:10EB40007040FAF773BE94F8C80004F1F001FAF7C8
:10EB50002FFF0028F1D14FF4EA613020F2F70AFAD2
:10EB6000002380F8D030E8E790F81001003818BF93
:10EB7000012070470B46142203F8032BD0F809201C
:10EB8000C1F80320D0F80D205A60704738B50B4605
:10EB9000102203F8032B0C4600F10902293052F829
:10EBA000041B43F8041B8242F9D112781A70A5881D
:10EBB0000123A37100212846F2F79AFD70B1E37892
:10EBC00063B10088F4F7A0FA00212846F2F7A6FD09
:10EBD00020B140F22B212D20F2F7CCF938BD0121D4
:10EBE000F6F7C2BEFFF7FBBF90F87A300BB10120F9
:10EBF000704790F8B22002F0FF03002AF7D190F896
:10EC0000A4201846704737B504460D464FF490725D
:10EC10000021FDF737F9FF2323701323638042F2AD
:10EC20001073E384F2F770FE002201462063684609
:10EC3000F2F798FE206B00220121FDF7E8FE216B20
:10EC400068460422F2F78EFE0022206B1146FDF783
:10EC5000DEFE04F12800A57403B0BDE8304000F0EA
:10EC60003AB9FF23086B0B70FDF79DBE0078FF38A3
:10EC700018BF0120704710B50446283000F081F914
:10EC800061882822F7F712F96D3010BDD0E9020132
:10EC900070470B68C0F815308B88A0F81930012335
:10ECA000C37670472DE9F04F06460C4607460FCE57
:10ECB00091B006AD0FC50FCE0FC596E803000DF15C
:10ECC000100885E80300404600F005F9667894F8DE
:10ECD000149094F80AA094F800B006F07F05B9F1FA
:10ECE000010F2E4607D0B9F1020F04D040F29A313D
:10ECF0000620F2F73FF9617A404600F0F3F8237DF1
:10ED0000227F022B08BF617D02F1010206BF0131A3
:10ED1000C9B20121D2B2404600F0E6F815F008036E
:10ED200062D14046019300F02CF928223146F7F7D2
:10ED3000BDF8E578019B00F2D722207945EA00254D
:10ED4000607940F2712145EA00454D43B2FBF1F292
:10ED50004A43AA420AD9E079A57945EA0025207AF2
:10ED600045EA00454D43954228BF1546227E039350
:10ED7000531E5A425A41A17C386B02910192FDF711
:10ED8000DFFE386BFDF7ECFE039B019A0299ADF8AC
:10ED90001A6008958DF828208DF82B108DF82CA07E
:10EDA0008DF818B08DF81C90099306AE0FCE3D4635
:10EDB0000FC50FCE0FC596E8030085E8030098E85D
:10EDC0000300B862B985E37A03F0FD03003B18BF86
:10EDD000012387F85730E368BB65238AA7F85C30C6
:10EDE000002011B0BDE8F08F00252B46BEE7438818
:10EDF00013F0040F0CBF1F20002070474FF4004396
:10EE0000C38543881D2B08BF00214174704790F9CA
:10EE100012007047408800F0010070478078C0F30E
:10EE2000400070478078C0F3C000704708B5006BA1
:10EE3000FDF77DFE012008BD0120704701207047CD
:10EE400090F8503001624B72D0F85130C1F80A305E
:10EE5000B0F85530CB8170477047F6F7F3BA80F8B9
:10EE60007010704780F8241080F825207047827851
:10EE7000034612F0010002D0D978C90710D59007D7
:10EE800002D5D97889070AD512F0040008D0D878BD
:10EE9000C0F3800080F001008000C0B27047022003
:10EEA0007047C0F34002C0F38003134400F0010038
:10EEB00018447047022808B507D0042807D0012855
:10EEC00007D039212E20F2F755F8262008BD27203B
:10EED000FCE72520FAE70023C0F802300123437045
:10EEE000037070478170704710B542700170807870
:10EEF0001446FFF7D6FF10FB01F010FB04F2FE2AC8
:10EF000003DD5C212E20F2F735F810BD0023C3701D
:10EF100043710371704710B50446FFF7A8FF63798A
:10EF200062780133DBB29A4263710FD1E378A17842
:10EF30000343DBB29942E37008BF23794FF000022C
:10EF400008BF0133627104BFE2702371BDE8104055
:10EF5000FFF7B0BF38B501468078FFF7A2FF04463F
:10EF6000C8784D78FFF79DFF0A790B789B1A13FB41
:10EF700005F34A7913FB04F39B1A00FB1530C0B26A
:10EF800038BD08B501468078FFF78BFF4B780A78CB
:10EF900013FB02F313FB00F0C0B208BD40F2EF20F8
:10EFA000704740F25A335843704738B553680E38AB
:10EFB00014460D4693F8862009283FD8DFE800F074
:10EFC000053E3E3E0F3E173E3E26042A05D1204612
:10EFD000FFF7BFF82046F5F7FDFA002038BD0F2AED
:10EFE000FBD120460021BDE83840FFF7D4BA1D2AE6
:10EFF000F3D12046FFF7ADF8002DEED0626892F80D
:10F00000D83023F0200382F8D830E6E793F8872041
:10F01000232AE2D1002583F887502046FFF7ACF879
:10F02000636893F82431012B03D129462046F3F776
:10F0300051FF6368002283F82421CEE740F2562175
:10F040003120F1F797FF08B590F80E31FE2B04D070
:10F0500040F6B3013120F1F78DFF002380F80E1147
:10F0600080F80F3112B9A0F8C42008BDA0F8BE3056
:10F07000012380F8C230F8E708B5436893F8872089
:10F08000162A04D040F252513120F1F773FF1A22B0
:10F0900083F8872008BD08B5436893F88720312A94
:10F0A00006D1002283F88720BDE80840FFF764B846
:10F0B000162A03D11A2283F8872008BD40F267512F
:10F0C0003120F1F757FF037D63B9C37BA3F1100231
:10F0D000032A07D990F8500028B11C2B8CBF0020C0
:10F0E000012070470120704702464068097990F876
:10F0F00086301D2B14D00BD8042B13D00F2B13D01C
:10F1000090F88730232B0CBF1720FE20F7F7B2B8FA
:10F11000282B0BD02E2B01D0212BF1D11620F5E777
:10F120001420F3E70E20F1E71220EFE72320EDE7AC
:10F13000024640680B4690F8D81041F0040180F870
:10F14000D81059791879F7F795B838B50C460546AF
:10F15000D1E90401F2F77CFB94F8F70120280FD0E5
:10F16000FAF7BAFC94F8F701FAF7F0FD94F8F70112
:10F17000FAF772FB20B940F61D113120F1F7FAFEC3
:10F1800028460221BDE83840F2F7C8BA002070478F
:10F1900008B5F4F763FFBDE80840F5F723B9F2F7C7
:10F1A0001FBF0022A0F8862080F88A2090F8AB319B
:10F1B00013B10221F5F7D6BF0321FBE738B50446AA
:10F1C000084694F8303213B10C25284638BD94F81F
:10F1D0008730153B012BF7D894F8543203F0FF0524
:10F1E000002BF1D191B194F8C63123B940F69921A1
:10F1F0003120F1F7BFFE052304F1F00204F5DB71C5
:10F20000FCF79EFC012384F83032DEE70223FAE7A4
:10F21000F4F798BF08B5F8F713FAF7F7C5FFF7F753
:10F2200013FEBDE80840F7F79BBE08B5C821F7F705
:10F230006BFE022807D1013911F0FF01F7D1EB2154
:10F240003B20F1F797FE431E5842584108BD4FF04E
:10F250008053D3F8A00000F0010070474FF08053B6
:10F26000D3F8A420D3F8A830511C9BB203D14FF699
:10F27000FF718B4203D00260838001207047002021
:10F2800070474FF0805330B5D3F89050D3F8944086
:10F29000D3F89810D3F89C2005EA04030B401340E0
:10F2A00001331FBF056044608160C2600CBF002055
:10F2B000012030BD4FF0805330B5D3F88050D3F8E3
:10F2C0008440D3F88810D3F88C2005EA04030B405F
:10F2D000134001331FBF056044608160C2600CBFF2
:10F2E0000020012030BD10B5F8F7ECF90446FAF71C
:10F2F0004BFD201841F1000110BD10B50446084631
:10F30000F8F744FE4FF47A73B0FBF3F0201A10BD07
:10F3100010B504460846F8F739FE023C00F2E73320
:10F320004FF47A72B3FBF2F3E01A10BD08B5FCF7A4
:10F33000B9FCBDE80840FBF7DFBA801A00F307000C
:10F3400038B540B20D4659B21446FBF7C5FA002352
:10F3500028706B70204440B238BD002303607047B2
:10F360007047002070474FF0FF3070474FF0FF307C
:10F37000704770474FF0FF30704700207047002003
:10F3800070470023037070479DF800300022FFF79C
:10F39000D4BF4FF0FF307047002070474FF0FF3070
:10F3A00070474FF0FF3070477047C0B208B520B9C2
:10F3B0004FF0804301221A6008BD5121B520FCF7AF
:10F3C00071FA0020FBF7F0BA4FF08043D3F808043D
:10F3D00000F0010070474FF08043D3F8140400F0B0
:10F3E000010070474FF08043D3F81C0400F0030085
:10F3F00070474FF08042D2F81834D2F81824C3F383
:10F40000004302F00302824214BF002003F0010017
:10F4100070470020FBF742BB0020FBF76DBB0020CC
:10F42000FBF7C2BA38B5054691F82B000C46FAF73F
:10F4300013FA18B9F6216A20FCF734FA0023238561
:10F4400084F82A300921236A2846984718B103789E
:10F450000BB1FA21EFE738BD08B5426A0346114403
:10F460001A785962012AA1F1500006D1FAF788FBF7
:10F4700040B9DA216A20FCF715FAFAF781FB08B9DE
:10F48000DF21F7E708BD70B5FCF782F900240546D7
:10F490002646E0B2854200D870BDFCF77FF9013402
:10F4A000068580F82A60F4E7F8B504460D46FCF7B7
:10F4B0006FF900270646F8B2864204D8082D0CD909
:10F4C0006FF0150008E0FCF769F990F82A30013771
:10F4D000002BF0D04FF0FF30F8BD2CB1294620466C
:10F4E000BDE8F840FCF766B921462046F8E710B5BC
:10F4F0000446FCF753F9014688B190F828308BB9DF
:10F5000090F82A3073B1013B012B04D82046FFF755
:10F5100089FF002010BD012380F82830F9E76FF043
:10F520000100F7E76FF02200F4E770B50D46FCF735
:10F5300035F90446002848D090F82A60731E012B44
:10F5400049D8002D44D02846FBF7F8FE00283FD0CC
:10F550002B78FBB9012323702B79003B18BF0123C3
:10F5600063726B79002B14BF042302232372AB68F0
:10F570006F336360EB682361032394F82B0084F8F6
:10F580002A302146FAF714FA40BB40F2E2216A2001
:10F59000FCF788F9022E1ED1002323702B79003B43
:10F5A00018BF012363726B79002B18BF04262672E3
:10F5B000EB68A9686F336360D4E906325B1842EBED
:10F5C000E172C4E904320423D7E76FF0010070BD93
:10F5D0006FF01500FBE76FF02200F8E70020F6E778
:10F5E000F8B5037904461BB11B219D20FCF75AF99D
:10F5F0004679017126B901234371217909B96171F5
:10F60000F8BD276826712046B84702280546F4D180
:10F6100003212046B84708B12F21E6E72368294691
:10F62000204698470028E8D03021DEE703460068EE
:10F63000884204D109B10A681A600846704728B99F
:10F640007047884202D10A681A60F6E703460068EC
:10F650000028F6D170470346002018707047EFF37A
:10F66000108272B603780121DBB2017002B962B672
:10F67000012B0CBF6FF0220000207047EFF31083C6
:10F6800072B60022027003B962B600207047FCF720
:10F69000E3BAFCF72BBBFCF729BB00280CBF6FF0CB
:10F6A00015000020704700207047072303700020DA
:10F6B00070470020704700207047034611F8012B67
:10F6C00003F8012B002AF9D17047034613F8012BE8
:10F6D000002AFBD1181A013870472DE9F0478646F9
:10F6E0008C460846089E154674461946002B40F085
:10F6F000C2808542B2FA82F245D94AB1C2F12003F2
:10F7000000FA02FC2EFA03F3954043EA0C0C9440F5
:10F710004FEA154EA8B2BCFBFEF8230C0EFB18CC2A
:10F7200008FB00F943EA0C43994528D9EB1808F186
:10F73000FF3704D2994502D9A8F102072B44A3EB65
:10F740000903A4B2B3FBFEFC0EFB1C330CFB00F060
:10F7500044EA0344A04214D92C190CF1FF3304D21B
:10F76000A04202D9ACF102032C44241A43EA074018
:10F770001EB1D440002334607360BDE8F087474673
:10F78000DDE76346F1E792BB431B01214FEA154ECB
:10F79000AFB2B3FBFEFC200C0EFB1C330CFB07F8D6
:10F7A00040EA0343984562D9EB180CF1FF3004D2CC
:10F7B000984502D9ACF102002B44A3EB0803A4B294
:10F7C000B3FBFEFC0EFB1C330CFB07F744EA0344BF
:10F7D000A7424ED92C190CF1FF3304D2A74202D90B
:10F7E000ACF102032C44E41B43EA0040C0E7C2F141
:10F7F000200320FA03F1954090402EFA03F30343CF
:10F800004FEA154EAFB2B1FBFEFC0EFB1C10190CFB
:10F810000CFB07F841EA0041884504FA02F422D9BA
:10F8200069180CF1FF3004D2884502D9ACF102000E
:10F830002944A1EB08019BB2B1FBFEFC0EFB1C119D
:10F840000CFB07F743EA01439F420ED9EB180CF17A
:10F85000FF3104D29F4202D9ACF102012B44DB1BE1
:10F8600041EA004192E76046E3E76146F7E7604618
:10F87000A3E76346B7E7834206D916B900210846D5
:10F880007BE7C6E900E0F9E7B3FA83F78FB9834273
:10F8900001D3724508D8BEEB020460EB03030120DC
:10F8A0009C461EB9002168E73846FAE7C6E9004CD5
:10F8B000F8E7C7F1200CBB4022FA0CF41C432EFAE7
:10F8C0000CF120FA0CF3B84001434FEA14490EFA48
:10F8D00007F5B3FBF9F81FFA84FE09FB18300B0C8F
:10F8E00008FB0EFA43EA00439A4502FA07F240D9B0
:10F8F000E31808F1FF3004D29A4502D9A8F10200BA
:10F900002344A3EB0A0389B2B3FBF9F809FB1833CC
:10F9100008FB0EFE41EA03418E452CD9611808F11F
:10F92000FF3304D28E4502D9A8F10203214443EAF1
:10F930000040A0FB0298A1EB0E014145CE46434694
:10F9400002D306D14D4504D2B9EB020E68EB040395
:10F950000138002EA6D0B5EB0E0261EB030101FACF
:10F960000CFC22FA07F34CEA0303F940C6E9003124
:10F9700098E74046C5E74346D9E70000000000008D
:10F980002DE9F04F054687B0214FBB68029304AACA
:10F990005B68002138469847002832DBDDE9044BDC
:10F9A0001C4BDFF87490A4FB031203FB0B2803919C
:10F9B00015A3D3E9002308464146FCF74FFB039B00
:10F9C0004FF0FF3A9A4579EB0803064619D3A5FB99
:10F9D000044305FB0B3529460BA3D3E9002320463E
:10F9E000FCF73CFBA24579EB0505034609D38642AB
:10F9F00007D300220092029A00211468384632464A
:10FA0000A04707B0BDE8F08F00CA9A3B0000000095
:10FA1000C485020090D00300FFC99A3B000000009B
:10FA2000F0B5002285B0114640F6034003F05EFFBA
:10FA30000446002859D103F02DFE214603AA41F2C5
:10FA4000030003F053FF044600284ED1039AB84D3B
:10FA5000D168D1F80100D1F8051005F1780303C38E
:10FA6000104603F08FFA214603AA41F2010003F089
:10FA70003DFF0446002838D10398C3685A7885F8BA
:10FA800070205A88A5F872201A7985F87120B3F889
:10FA90000720A5F87420B3F80530A5F8763003F0F8
:10FAA00071FA214603AA41F2020003F01FFF044647
:10FAB000D8B9039FFA6805F18006531C41321868D3
:10FAC0005968344603C4083393422646F7D1384672
:10FAD00003F058FA95F87C305B0609D4954A9648AD
:10FAE000012113F020FD6FF01204204605B0F0BD97
:10FAF00003AA002142F2030003F0F8FE04460028A6
:10FB0000F3D1039A8D4BD168D1F80100D1F80510DB
:10FB100003C3104603F036FA214603AA42F202005C
:10FB200003F0E4FE04460028DFD1039EF468B4F835
:10FB300001309AB292B1E27882B1A5F80431E3784B
:10FB4000032B06D0032200927B487D4A022113F04A
:10FB500066FAE2787B48114616F0DEFF304603F085
:10FB600011FA95F87C601F2316F02006A5F82031C5
:10FB700019D14FF0FF304FF0FF3103F0B3FD0446D1
:10FB8000002800F0C88002210C3013F09AFB0123FA
:10FB9000037046702146324640F66D4003F0A6FEE3
:10FBA00004460028A1D195F89C301F0712D503AA5E
:10FBB000002142F21C0003F099FE0446002894D173
:10FBC0000398C368D3F80120D3F80530C5E938237A
:10FBD00003F0D8F995F8D8309E0626D50DF10A0124
:10FBE00002A803F063FF044600287FF47EAF4FF0C5
:10FBF000FF304FF0FF3103F075FD0646002800F09E
:10FC00008A8004210C3013F05CFBBDF808300380BF
:10FC1000BDF80A3043802246314642F2240003F008
:10FC200065FE044600287FF460AF95F8D8305C0686
:10FC300010D503AA002142F22A0003F057FE044621
:10FC400000287FF452AF0398C3685B7885F82231AF
:10FC500003F098F94FF0FF304FF0FF3103F042FD11
:10FC60000446002857D008210C3013F02AFB95F8E1
:10FC7000D81011F0400F024640F2022308BF0323C0
:10FC800088074CBF43F02C0043F00C0095F8D930A6
:10FC90008F0648BF40F0400013F0090F18BF40F432
:10FCA0000060CE0748BF40F01000002113F05AFC5E
:10FCB0002146002242F2010003F018FE044600280B
:10FCC0007FF413AF95F87C30B5F80411980625D46D
:10FCD000C9B903AA41F2050003F008FE0446002852
:10FCE0007FF403AFB5F80431039C4BB9E368B3F874
:10FCF0000120A5F804219A881248114616F00CFF3D
:10FD0000204603F03FF94FF0FF304FF0FF3103F092
:10FD1000E9FC0446D0B96FF06804E6E60029F2D1A8
:10FD2000094A0548012113F0FEFB6FF00404DCE6EC
:10FD3000E8130020E7AB0200A4890200C0140020F1
:10FD40000BAC0200F014002051AC020008210C3072
:10FD500013F0B7FA95F8D830D907024632D43248B2
:10FD60004FF0005113F0FEFB2146002240F6014007
:10FD700003F0BCFD044600287FF4B7AE014603AA99
:10FD80004FF6014003F0B2FD0446F8B1274A284877
:10FD9000022113F0C8FB13F010FD044600287FF485
:10FDA000A4AE05F041F8044600287FF49EAEEB793E
:10FDB000002B3FF49AAE08211E4813F0B6FB03F067
:10FDC000CBFC92E616A1D1E90001CBE7039803F042
:10FDD000D9F8214603AA4FF6024003F087FD0446F6
:10FDE00008B1154AD3E70398C368B3F80130A5F802
:10FDF000C13003F0C7F895F8C1305B07CBD503AA33
:10FE000021464FF6034003F071FD08B10B4ABEE7EF
:10FE10000398C3685B7885F8C03003F0B3F8BAE79D
:10FE200090880002008000201088000274AC02005C
:10FE3000A4890200BC14002098AC0200C1AC0200EE
:10FE40002DE9F04F87B00546039117461E4683689B
:10FE500004AA5B689847002831DBDDE9044AA7FB68
:10FE600004B307FB0A37584619A3D3E900233946E0
:10FE7000FCF7F4F8DFF8608002904FF0FF39D945C5
:10FE800078EB07031ED3A6FB04B406FB0A4410A3B9
:10FE9000D3E9002321465846FCF7E0F8D94578EB32
:10FEA000040403460ED30299AA6899420DD3BDF803
:10FEB0004010009114682846DDE90221A04707B0F0
:10FEC000BDE8F08F6FF08500F9E76FF01500F6E7F9
:10FED00000CA9A3B00000000FFC99A3B10B50A48CF
:10FEE00012F002FC094B02221A7000F0AFFB084826
:10FEF00016F0EEFEBDE81040064907484FF40042F8
:10FF000000230EF0BFB800BFC49902005660002065
:10FF1000282C0020F82B0020582C002008B50D4874
:10FF200012F0E2FB4FF0A0420B4BD2F808170B483F
:10FF30000B4043F00303C2F808370423C2F8083526
:10FF400012F0D2FB4FF0FF314FF0FF3016F0C5FF3B
:10FF5000F8E700BFF2990200F0F8FCFF059A0200F2
:10FF6000F8B550781C46111813788E78013280EA63
:10FF700003010025EFB2B84207D88E420AD00B4ADF
:10FF80000B48012112F075F808E012F8017F0135E5
:10FF90007940EFE70C2B03D100F036FD2046F8BD89
:10FFA0005A1E012AFAD9034AEAE700BF179A02004B
:10FFB000BC8A0200389A0200F8B50D480D4F194668
:10FFC00014461D4612F090FB6619B44204D10A484B
:10FFD00012F08AFB2846F8BD14F8011BA1F120039A
:10FFE0005E2B94BF0A463F22384612F07DFBECE7B9
:10FFF000699A0200AA9A02003FA20200124A13481C
:020000040001F9
:1000000008B50B4600211170114A032112F031F896
:10001000104B1B785BB1104910480E2202F032F8E9
:10002000034658B10E4A0948012112F022F800F0A7
:10003000C7FCBDE808400B480DF0AEBF0A4A0348B4
:10004000032112F018F8F2E755600020BC8A020084
:10005000B89A02007457002075570020E19A0200F8
:10006000EE9A0200884400200D9B02000346024ADB
:100070000248012111F0FDBF2A9B0200BC8A020048
:1000800008B50E4B0E4801221A7002210D4A11F0DC
:10009000F2FF0D4B1A78042A0CD105221A700B4B73
:1000A0001B782BB10A490B48002200230DF0EAFF10
:1000B00000F0CCFABDE8084000F058BC55600020C4
:1000C000BC8A0200539B020056600020536000204F
:1000D000282C0020582C00200B4621B1034A04484C
:1000E000012111F0C6BFFFF7CBBF00BF669B020026
:1000F000BC8A02000A4930B502464C1C00209042DE
:1001000001D300200BE0431C9342FADA235C0D5C20
:10011000033303449A42F4DB022D98B2EFD130BD91
:10012000286900202DE9F04F89B09D4D9D489E4CD7
:1001300002AF1646FB6016F0CBFD2B78062B18D0CD
:100140009A4A9B48022111F096FF06232B70002546
:100150004FF4007229469748258017F046FF964BCA
:1001600096481D704FF40D62294617F03EFF00F0CF
:100170006DFA002123888F4D0A46D7F80CC088B24B
:1001800084450FD802B123802088DFF82C82FFF746
:10019000B1FF054685B94FF48032002388480DF041
:1001A0009FFF4BE0B3F5007F04D25A1C705CE8540B
:1001B00093B201220131E0E798F800907F4B8D2443
:1001C00019FB04F4E3187B6000267A48DFF8F4C1D9
:1001D000825D431C9B5DD91CB960B11C0144981918
:1001E00003EB010A1CF800E082EA03008C46E245BA
:1001F00029D186452CD013466D48734A012111F050
:1002000038FFBB6833449EB2B542DED8664E3488B0
:10021000641BA4B224B167482246411917F0CBFEF3
:1002200098F8003034800F2B40F2B480644816F008
:100230004FFD6348002200230DF01EFFF8681C37B5
:10024000BD46BDE8F08F1CF801BB8BEA0000CEE78D
:10025000013A0A2AD5D8DFE802F006680F23364AA9
:100260004A5959616100594812F03EFA78688D2266
:10027000002117F0BAFEC4E7042BDFF840A128BF25
:10028000042304F129001A4650449B4617F085FECA
:100290008D2303FB09AADA4400238AF82930B0E74A
:1002A000132BDFF818A128BF1323601C1A465044F3
:1002B0009B4617F072FE8D2303FB09AADA44002344
:1002C0008AF801309DE7132BDFF8F0A028BF132335
:1002D00004F115001A4650449B4617F05EFE8D232C
:1002E00003FB09AADA4400238AF8153089E7DFF80E
:1002F000CCC004F15A0E04F12E002C22009260446E
:100300000A460CEB0E0111F0C4FE7AE7DFF8ACC030
:1003100004F1730E04F15B001822EFE7DFF89CC0D4
:1003200004F18C0E04F17400F6E78D2202FB09F251
:10033000224B0121995498F80010EA468CB0013103
:1003400002AA2348C2E90501611C1944D16104F1E4
:100350001501194411621F49396140F20351B982F4
:1003600004F129010B44536207F1180313E9030058
:10037000194B9062918542F8103F00230C484FF4CE
:10038000725101F037FB98F800300133D54688F8F8
:10039000003036E72046FFF7ADFE0546FAE600BF1F
:1003A00056600020282C00202C500020859B020045
:1003B000BC8A0200286900202769002057600020BD
:1003C000302D00202A690020179A0200B39B0200FA
:1003D000C49B0200010302040600000380B50C4A1E
:1003E0000C4B00AF88B0012908BF13466A460A4982
:1003F000C2E905134FF400739383084B42F8103F92
:10040000074800234FF4E45101F0F4FABD4680BDE3
:10041000E29B0200EA9B0200F39B02000300000142
:10042000BC8A0200FF2810D877290ED8D0F1F90035
:100430000BD4CA1002EB0012C943044801F00701B3
:1004400001238B40815C0B4383547047296B002050
:100450002DE9F0471C4C1D4F00214FF0180E4FF0B6
:100460000C0C4FF00108254600200CFB01764FF0E4
:10047000000AB0FBFEF316F80390534643F35B0209
:10048000C2F1070249FA02F2D20742BFC3F10F02DA
:1004900008FA02F24AEA020203F1010348BF1FFA16
:1004A00082FA102BEAD10C30B0F5907F25F802AB20
:1004B000DDD10131262904F13004D4D1044B0122CD
:1004C0001A60BDE8F08700BF2E5000205C180020A5
:1004D0009844002008B5064B1B680BB9FFF7B8FF1E
:1004E000BDE8084003484FF47A62002117F07DBD53
:1004F00098440020296B00202DE9F04F87B0DFF8E9
:10050000B8900392CDE901010025A9F13003A9F5C6
:10051000DE6A019A505D10B907B0BDE8F08FA02DDA
:1005200046D0A0F13004E2B2092A2DD8302202FBD5
:1005300004A4039918222F1102FB0717029A05F051
:100540000F0B02EB0B1B0026B919772917DC34F8C7
:1005500016204FF00008C8F10F0042FA00F0C00763
:1005600008D50BEB0800CDE90412FFF75BFFDDE9CE
:100570000412124B08F10108B8F1100FEBD101364B
:10058000182EE1D10135C4E7A0F14102192A04D89F
:100590003738302404FB00A4CBE7A0F16102192A0C
:1005A00001D85738F5E7202814BF4C461C46C0E751
:1005B0004FF0FF30B0E700BF1E570020EE5600207E
:1005C00084B000B58BB00DF1300C8CE80F0000F05A
:1005D00069FAFFF77FFF9DF8303093B104220A21BA
:1005E0000DF15900FFF788FF0A490DF131020DF1B5
:1005F0004503684610F09CFB1C220A216846FFF761
:100600007BFF054811F0B2FD00200BB05DF804EB54
:1006100004B07047B59C0200296B002010B5044659
:1006200000F040FA074B1B680BB9FFF711FF4C2293
:100630000A212046FFF760FF034811F097FD0020D4
:1006400010BD00BF98440020296B00202DE9F04127
:100650006C4BA2B01B78013B20AF072B00F29080BF
:10066000DFE813F0080011001D00240032002B0009
:100670009200C4006448654A022111F024FD6448D8
:10068000FFF7CCFF7CE0634A5F48022111F01BFDBD
:100690005D48614A022111F016FD6048F0E75A48B2
:1006A0005F4A022111F00FFD5E48E9E756485E4AB5
:1006B000022111F008FD5D48E2E753485C4A02213F
:1006C00011F001FD5B48DBE75B4B1A7832B94E480D
:1006D0005A4A022111F0F7FC5948D1E7594C2178C8
:1006E0001A78914224BF0022227026781D78207843
:1006F00021782378E8468EB0F6B2EDB2C0B2C9B226
:10070000DBB220AA0136C2E906658D26012516FB5B
:1007100000504D4DDFF834C1C2F814C006FB015142
:100720001531516206FB035349493960293340F2C0
:10073000046128449362B98007F10803106213E949
:100740000300444BD062118642F8103F2E4800232C
:100750004FF4894101F04EF923787343E918C546F7
:10076000CC6855F803804E688D687D22103168464C
:1007700017F013FC404631462A462346FFF720FF78
:100780000837BD46BDE8F0812E4B187819781D78E2
:100790006C468CB0C0B2C9B2EDB220AA2E4B5361E8
:1007A0008D26012316FB0030274B06FB0131153146
:1007B0001844D16106FB053328493960293340F2DA
:1007C00002411362B98007F10803906113E9030045
:1007D000234B5062118542F8103F0B4800234FF421
:1007E000525101F007F91F48A54649E71E4A06483D
:1007F000022111F068FC04481C4A022111F063FC3C
:100800001B483DE756600020D48A0200BB9C0200D2
:10081000F39C0200169D0200389D02006F9D0200AD
:10082000899D0200C69D0200EE9D02001C9E0200F2
:100830002F9E0200619E020053600020869E0200EF
:100840009F9E02005460002083570020AE9E02004D
:100850000204030507000003DC9E020000020103FE
:1008600005000003039F02001A9F0200439F02003D
:10087000699F020070B5C3880B2B66D18368334E25
:10088000012B12D116F0B6FB4FF47A72A0FB0203D3
:1008900002FB0131C00B40EA4140C90BC6E900012F
:1008A0004FF4A0222A48002321E016F0A3FB4FF4C6
:1008B0007A73A0FB034503FB0155D6E90032E40B34
:1008C00044EA4544E41A22484FEAD53565EB02056F
:1008D00016F0FEF9B4F57A7F75F100030BDA1D4AC4
:1008E0001D4813780133137043F234320023BDE8FE
:1008F00070400DF0F5BBB4F57A7142F2283245F143
:10090000FF33914273F100034FF00002CAD2114B42
:10091000124E11481A7016F0DBF93378052B0FD1FF
:1009200022462B460E4811F0DFFE0E4811F0DCFE89
:1009300002233370FFF78AFEBDE87040FFF7CEBA9E
:10094000BDE87040084811F0CFBE70BDC02D00203A
:10095000602D0020286B0020902D00205660002084
:10096000739F0200AD9F0200D29F020010B50E4B94
:100970001B7833B90D4A0E48BDE81040022112F031
:100980003BBB0C4A0A48032112F036FB002200232D
:1009900009480DF0A5FBBDE8104008484FF470224F
:1009A00000230DF09DBB00BFC97A002018A00200F3
:1009B000C48A020043A00200F82D0020C82D0020A8
:1009C00008B50B4B1B7833B90A4A0B48BDE8084001
:1009D000022112F011BB094A0748032112F00CFB57
:1009E000074816F075F9BDE80840064816F070B9DA
:1009F000C97A00205AA00200C48A020084A0020022
:100A0000F82D0020C82D002010B50A4C23784BB9D2
:100A10000948FEF7B5FF012308482370BDE81040E0
:100A200011F062BE0020FEF7ABFF002304482370E4
:100A3000F4E700BFCA7A002048E80100A7A002003E
:100A4000B2A0020010B5144C86B08DF807002068E3
:100A500015F0FCFE20B9114811F046FE06B010BD9D
:100A6000032011F049FB21460DF10703029302AA6E
:100A70000123CDE9042351F8040B0393836804AAEE
:100A80001C680023A047011E02DA054811F02CFE65
:100A9000032011F024FBE1E790150020CBA0020019
:100AA000DEA0020038B501204224002511F017FB1A
:100AB0002946204611F02DFB012011F01DFB0021DD
:100AC000212011F026FB012011F009FB29462046C8
:100AD00011F01FFB014B00221A6038BD9C4400201E
:100AE0002DE9F04F91B08407009302F004030293C4
:100AF000C2F3C20303F10103DDF8688003920546E7
:100B00000E46059340F0BA81041D30B1072909D87B
:100B10006FF01B0011B0BDE8F08F01F00706344400
:100B2000C6F10806009B4FF00009591E4FF0040A59
:100B30004FF0FF330193CDF810904F46CB4653460C
:100B40000DB1009A22600598002800F3E8809848CB
:100B5000009A824203D397488242C0F0E080039A11
:100B6000A4EB050E92074FEA9E0000F103810F2FC0
:100B700000F2B180002D00F0058107F140020DEB7D
:100B8000020C019A0CF8200C0CF8102C049801307F
:100B90000490E7E07A285DD84B280ED8472859D82A
:100BA00029282DD8252852D054D820287AD0233867
:100BB000D0F1000B4BEB000B74E04C382E2849D8D9
:100BC000DFE800F0704848484848484848484848E6
:100BD0004B484848484848484859484B4B59595948
:100BE000704B6D487048184B184848827F4B4848F6
:100BF0004B487F0000204FF0000B4FF0040A38E014
:100C00002A38C0B2012202FA00F010EA0E0F49D1D0
:100C100010F0625C2FD110EA020B43D06046013C19
:100C20005444B4FBFAF40AFB04F4002D61D0A3EBA6
:100C3000050CA444B4453FF66BAF002868D1042BE3
:100C400047D158F8043B2360043404232AE0019A76
:100C5000013A01924FF0000B24E011F8010C6C28CE
:100C600034D111F8023C00206C2B8346C5D14FF0E3
:100C7000080A5346D3E708F1070828F007080734A5
:100C8000F8E802AB24F0070435B106982044B042DE
:100C90003FF63EAFC4E900AB08344FF0000B4FF015
:100CA000080A534611F8010F002878D0BBF1000F55
:100CB0007FF470AF2528F5D1019B013301934FF0EC
:100CC000010B4FF0040AECE7584694E700208346F6
:100CD000A5E7082B02D06FF015001BE708F1070805
:100CE00028F00708F8E80223C4E9002308340823A1
:100CF000D8E768B9042B02D108F10408A4E7082B4F
:100D0000E9D108F1070828F0070808F10808EDE71D
:100D1000059A013A059258F8042B009210E7039ABD
:100D2000900720D5A4EB050E4FEA9E004FF0010C72
:100D3000BEF5007FCFD20F2FCDD8F5B107F140021D
:100D40000DEB020EC0B2019A0EF8200C0EF8102C1A
:100D5000BCF1000F3FF41AAF60F07F000EF8200CDA
:100D600009F101090137C5F10802043406924FF672
:100D7000DA7E97E74FF0000CDAE7BCF1000F01D004
:100D80000136EFE7029802360028EBD10098CDE952
:100D90000631FEF79AFCDDE906310644E2E7631B03
:100DA000B3F5806F97D23DB9A6F10804E018B1E61B
:100DB000FC83020028C80200029A28609B082B705E
:100DC0009DF81030C2B1EB7085F80290B9F1000FB8
:100DD00005D008A80022C5F1010C97420ED1C5F13B
:100DE00001030DF120084FF0000A01930DF1300BC3
:100DF000574512D1601B8DE66B70E5E710F8013B9B
:100E0000190608D50CEB040EB64503F07F033FF638
:100E10007FAE04F8013B0132DFE7B9F1000F03D0E8
:100E200098F90020002A17DB029BD3B11AF80B2097
:100E300004F8012B0022019B18191044B0423FF620
:100E400067AE98F8000004F8010B00990392204661
:100E500017F0A3F8039A14440AF1010A08F10108F3
:100E6000C6E798F8002055F822300093029B45F819
:100E700022300098FEF729FC421CDCE76FF00D00E1
:100E800048E600BF2DE9F04F97B000AF90F802A000
:100E9000D7F880B03B62CBF3C0030446FA62BB6173
:100EA000894641B9457800780AEB800020444D45D9
:100EB00017D8A0EB0409E378FB61BAF1000F02D068
:100EC0001BF0010F16D1FB6953BBFB6A1BB13A6AD9
:100ED0004946204698474D4628465C37BD46BDE802
:100EE000F08F461C3046FEF7F0FB0130304409F12C
:100EF0000109DCE7237862687A62FA6A990079610D
:100F000004EB8301002A40F000814D460E4601EBC0
:100F10000A094FF000084E454CD101EB0A0610E0DB
:100F20001BF0020FD1D023789A007A6162687A624E
:100F3000FA6A04EB8301002A77D14D4601EB0A06D9
:100F400090461BF0050F0CBF02230123FB62FB69D7
:100F500006EB430A0BF00203BB625645BCD016F801
:100F6000021B16F8013C54F82390994B994502D383
:100F7000984B994536D3BB69002B40D0786A11F065
:100F80008AFB00283BD0E9468AB06A46924B5361FF
:100F90007B6AC2E906314FF4007313848F4B42F829
:100FA000103F8F4800234FF4125100F023FD023D03
:100FB000CD46D2E716F8013BF96254F82300FEF75C
:100FC00084FBD7F88430F96A01304BB1D7F8883008
:100FD00098453EBFD7F8843023F8180008F101087F
:100FE000054498E7BB6923B1786A11F054FB0028E7
:100FF000C9D11BF0010F05D1FB6AED1AADE7BB6A41
:10100000002BAAD04846FEF760FBD7F8843053B1D6
:10101000D7F8883098453FBFD7F88420431C22F882
:10102000183008F10108054497E7BAF1000F72D0B3
:101030001BF0040672D0D046002607F14800524645
:101040003B61B96216F0A9FFB96A3B6901EB0A027C
:10105000BA62FA69F9695200FA60BA6A02EB4102AF
:101060003A610BF00202BA603A69B96A8A4257D112
:1010700062787A621BF0020F32440CBF4FEA5801CB
:1010800000211BF0010FD2B240F09F801BF0040F33
:1010900014BF40460020BB616270A070E1703A6AE4
:1010A0007969FB6A20469847051EFFF615AFBB69B4
:1010B00023707B6A6370FB69E37041463A6AFB6A9E
:1010C00084F802A007F148009847B0F10008C0F288
:1010D000BB807B693A6AA9EB0A01C91AFB68C91A85
:1010E000D7E90A0398470028C0F2B080A84408EB6B
:1010F00000054FF0000B07F1380AB34572D3002109
:101100003A6AFB6A08469847E6E656464FF00008FA
:1011100007F1380093E75646D04697E7B04695E783
:10112000BA6A12F8021BBA6212F8015C284A54F833
:101130002500904202D3274A90421ED3BA6932B1A9
:10114000786A7B6011F0A7FA7B6800288CD1BA68B6
:1011500002BB08F1280207F1300C08F101009444A9
:1011600007F1580252FA80F008F102080CF8101C3E
:101170005FFA88F800F8105C76E7BA693AB1786AE5
:101180007B6011F088FA7B6800287FF46DAF1BF05C
:10119000010F09D006F1280207F13000711C161862
:1011A00006F8205CCEB25FE71BF0040F3FF45CAFA3
:1011B00008F1280207F1300008F1010102EB0008F4
:1011C00008F8105C5FFA81F84EE7002063E700BF83
:1011D000FC83020028C80200F7A0020004000001FE
:1011E000EC8902001BF80A3087F8373054F8239056
:1011F000D7F884302BB3D7F888309B4521D2D7F865
:10120000843033F81B803A6AFB6A012107F137000A
:10121000984700281ADB0544B8F1000F06D148466C
:10122000FEF753FA00F101081FFA88F83A6AFB6AE0
:10123000414648469847002808DB05440BF1010B5E
:101240005BE74FF00008DEE7454645E6054643E626
:10125000014B1860704700BFA815002080B50546F7
:101260000E46174698460DF0C5FA034617F0BCF82F
:10127000DFF81890044649F80030424630463946B7
:10128000A84754F8090001F0BBFA00BF08000000AD
:101290002DE9F047058B04462807904611D4022912
:1012A00005F0070540F0CC80204611F01AFD78B11A
:1012B0000138218B042811D8DFE800F0C2106D85B9
:1012C000950001290CBF45F0100545F02005258348
:1012D00088F31188BFF36F8FBDE8F08701F0070A2C
:1012E000AA4500F0A5800027B9463E46A368002B1A
:1012F00000F0BC8041F00801218388F31188BFF31E
:101300006F8FA168002900F0BA800D68002900F0F5
:10131000B680D1F80480334652462046C047002D9F
:1013200076D02B6829461D46F0E701F007035A1FC7
:10133000012A1BD8002221F00701062B276889B259
:10134000C4E9002209D13B4603E0628B013262838B
:101350001B68002BF9D141F002012183204611F0D6
:10136000C0FC00287AD041F0200176E0042B0AD19D
:1013700021F0070189B22183204611F0B2FC10B19F
:1013800041F020012183218B01F0070AAA454FD0AB
:101390000027B946AAE7236921F0070141F00601B9
:1013A000062DD3F8009021832DD1B9F1000F3FD045
:1013B00041F00801218388F31188BFF36F8F3A4908
:1013C0002046C84729E021F00701236941F00401C4
:1013D00089B2042DD3F804902183E6D000273E463D
:1013E0004FF0040A82E721F00701236941F005016B
:1013F00089B2052DD3F808902183D6D000273E4628
:101400004FF0050A72E700273E464FF0060A6DE7E7
:101410002B4687E7B9F1000FD1D1EFF311884023B4
:1014200083F31288BFF36F8F238B23F0080323838A
:10143000258BEA062ED525F01003238305F007053A
:101440006669218B002EBFF670AF00232768C4E9C0
:10145000003321F0070141F001012183218B01F0CC
:10146000070AAA454FF000097FF440AF002F9CD037
:1014700041F00801218388F31188BFF36F8F002F9B
:10148000C8D03D68394633465246204611F055FCD7
:101490002F46F4E7AB067FF51BAF25F0200323832F
:1014A00005F0070500E700BF672D02002DE9F047B2
:1014B000DFF85880044607464FF0010914B9384652
:1014C000BDE8F08794FAA4F5B5FA85F509FA05F3B5
:1014D0002E0108EB05156FEA030A24EA03042B7BAF
:1014E000002BEBD058F806301B694BB94644042258
:1014F00073682846196807EA0A0711F00DFDDDE751
:10150000284698470028D9D1F0E700BFDC8A0200BE
:1015100030B51049104889B0002215F0B3FD0F4DC9
:101520000F4900220023CDE9062300240E23CDE934
:101530000334CDE901440B4B00944FF4407228462C
:101540000CF094FE084928460CF00AFE204609B02B
:1015500030BD00BF6D150100E8320020282E0020AC
:101560008080002099180100B2A1020001480CF00F
:1015700001BB00BF701B00202DE9F04780462148C9
:101580000F4611F0A9FC0646002833D00025284656
:10159000BDE8F087237B83B12368DB680BB120466D
:1015A0009847636883F8069023681B69D3B963681A
:1015B00004221968204611F0AFFC0136103454455E
:1015C000E8D3B8F1000FE2D0002DDFD02846FFF7B6
:1015D0006DFF0546002FF7D000214FF4A47015F0E1
:1015E0007CFCF1E7204698470028E0D009FA06F392
:1015F0001D43E2E7044CDFF814A005464FF0010953
:10160000DDE700BFB0440020DC8A0200EC8A020063
:10161000014B53F8200070478491020008B503463F
:1016200008462BB1044A136000F07AFC002008BD84
:101630006FF01500FBE700BFAC15002010B5044C9F
:10164000237813B903480CF095FA0123237010BDD9
:10165000CB7A0020701B002010B504460B4811F017
:101660003BFC5CB1BFF35B8F094B53E8001F0139B2
:1016700043E80012002AF8D1BFF35B8F054815F04C
:101680000DFD0548BDE810400CF074BAA8440020D8
:10169000AC440020E8320020701B00200020064BE4
:1016A000BFF35B8F014653E8000F43E80012002AA6
:1016B000F9D1BFF35B8F7047A844002070B5FFF7E6
:1016C000EDFF084C084E0546B44200D370BD636878
:1016D0005B792BB123685B6813B129462046984794
:1016E0001034F1E7DC8A0200EC8A020010B5044CE9
:1016F0000449204611F015F9034B1C6010BD00BFD2
:10170000441A002070910200A04400200D4A0E48A7
:10171000002310B513700D4A13600D4A4FF40041B9
:101720001360FFF77BFFFFF7E1FF0A4B0A491846FA
:101730008B4200D310BD1A1A5C681211013222715B
:101740001033F5E7CC7A0020D52E0200A844002003
:10175000AC440020DC8A0200EC8A02000146002230
:101760000148002311F0FEB8441A0020014811F08E
:1017700097B900BF441A0020024B0146186811F0C7
:10178000E3B900BFA0440020014811F018BA00BF1F
:10179000441A002070B5294B187800284DD0FFF767
:1017A000E5FF0546002845D1254B264C1B68002B3C
:1017B00019DD15F01FFC4FF47A72A0FB020302FB47
:1017C0000131C30BD4E9002043EA41439B1A4FEA9D
:1017D000D13140F2E93261EB0001934271F1000135
:1017E00001D3FFF76BFFD4E9003213F57A7342F1AE
:1017F0000002C4E90032BDE87040FFF7C5BF63686E
:101800005B7923B1236829461B682046984710342A
:10181000B442F4D32846FFF7AFFFBFF35B8F0A4B08
:1018200053E8001F013943E80012002AF8D1BFF342
:101830005B8FB9E7054C064EEAE770BDCB7A002016
:10184000A8440020E0320020AC440020DC8A0200E2
:10185000EC8A020070B50D4D297861B90120FFF7BF
:101860008BFE0B4C0B4EB44206D3FFF793FF0028C0
:10187000FBD101232B7070BD63685B791BB12368BA
:1018800020469B6898471034EDE700BFCC7A0020D3
:10189000DC8A0200EC8A020000212DE9F0470846AC
:1018A000FFF76AFE044658B340F267684FF000093C
:1018B00016F09AFD1B4B1C4A1B58136033B11B4B8F
:1018C0001B68092B02DD1A480CF054F9194FDFF898
:1018D00060A0002544B12046FFF7E8FD044618B992
:1018E0004FF0FF384FF0FF39FFF754FF064628B995
:1018F000B5B942464B4650460CF076F93546E9E715
:101900004FF0FF384FF0FF39D2E72B689B691BB1CE
:1019100000221146284698471035BD42F5D3E8E726
:10192000054DFAE708000000A4440020AC44002064
:10193000701B0020EC8A0200DC8A020013B51848F4
:1019400011F0CAFA174B1B7873B1EFF311844023DF
:1019500083F31288BFF36F8FFFF71CFF84F31188A6
:10196000BFF36F8F02B010BD0F4B1B68002BF9D077
:1019700050B900220023CDE900230C484FF4004267
:1019800000230DF053FAEDE70928EBD1074815F0D5
:1019900085FB074802B0BDE810400CF0EBB800BF73
:1019A000AC440020CC7A0020A4440020E83200207F
:1019B000701B002010B5064B1B6804469847214653
:1019C000A060044811F04DF8BDE81040FFF7B6BF25
:1019D000AC150020441A0020044A054B9B1AB1EBB9
:1019E000D30F34BF52F831000020704764890200E1
:1019F000DC8A02002DE9F04F8FB004AFC1F34A2812
:101A0000B8600D4691467B600C0DB8F1000F63D0B5
:101A1000002607F114034FF0040B4FF00A0AC7F831
:101A20000C80C7E907667E620193CDF808B0CDF857
:101A300000A007F11C03F96832464846FFF722FA76
:101A4000B0F5006F03461CD36C468AB0D9F8041079
:101A500004AB2648C3E9050140F2FF71D9611A467B
:101A60004FF400711984224B42F8103F214833464D
:101A70004FF41251FFF7BEFFA5462C37BD46BDE817
:101A8000F08FC0F30A0804F11700184420F0070093
:101A900080083B60FFF762FE68F35325044690B16F
:101AA0003B68154AC7E9083600F1100107F1140335
:101AB000F961CDE900A3CDF808B0F96807F11C037E
:101AC0004846FFF7DFF968F353257B68B9682A4673
:101AD000204611F041FAD0E704F1170020F007008A
:101AE0008008FFF73BFE0446EDE700BFC7A10200F8
:101AF000040000014C8A02002B2F02002DE9F04F58
:101B000087B0DDE91279DDE9105A04460391934666
:101B10009846BFB1CDF800903B46524610210020B8
:101B2000CDF81490FEF7DCFFB0F5006F06460AD33F
:101B3000184A194840F2FF73022107B0BDE8F04F80
:101B400011F063BA3E4605F11700304420F007005B
:101B500004F007048008FFF701FE0BF0070BE40018
:101B600044EA8B1444EA462444EA0554054640B14D
:101B70003FB1CDF800903B46524631461030FEF75B
:101B8000AFFF039943462246284607B0BDE8F04F11
:101B900011F0E2B906A202004C8A0200406820B1AE
:101BA000034BC01A40F3CF0070474FF0FF3070472F
:101BB000648902000EB403B503AB014653F8042B4D
:101BC0000448019301F0D0F802B05DF804EB03B0D3
:101BD000704700BF6D300200CA0605D48B064CBFAB
:101BE00002490349FFF7E6BF704700BF3FA202006A
:101BF0003EA202002DE9F04F89B09B46149B06934C
:101C00009DF84CA0159B0593169B179E04930446C4
:101C10000D469046BAF1000F00F09D8006F48073E7
:101C2000079311F077F906F00209024600283ED02A
:101C300091492046FFF7BEFF0746B9F1000F08D0D3
:101C400016F0440F35D18D492A462046FFF7B2FFE2
:101C5000074406F0010353B1894B8A4953F82A20FF
:101C6000894B2046002A08BF1A46FFF7A3FF06F457
:101C70008073002B49D006F00803002B63D1B8F124
:101C8000000F66D0814942462046FFF793FF054684
:101C9000069B3D44002B6DD1049B002B73D1F307B1
:101CA00000F1E48031462046FFF796FFD8E0074672
:101CB000C3E7774B18680028CAD0764B4FF47A797F
:101CC0001B68B5FBF3F54FF46163B5FBF0F100FB66
:101CD000115509FB05F54FF03C0CB1FBF3F203FB8A
:101CE0001211B5FBF0FEB1FBFCF300FB1E550CFB23
:101CF000131109FB05F50091B5FBF0F56649CDE937
:101D000001E52046FFF756FFA2E706F00803EBB116
:101D1000624B634953F82A202046FFF74BFF0546E4
:101D2000B8F1000F05D0594942462046FFF742FF5F
:101D30000544BBF1000FABD05A495A462046FFF785
:101D400039FF0544A4E74FF0000BE1E706F0080572
:101D5000E6E745469CE7BBF1010F069B06D1002B49
:101D600064D1049B002B7BD000250CE0002BF8D025
:101D70004D485CE04D48069B4D49224610F05AFC08
:101D8000049B002B68D0DFF82C81DFF82C91049F96
:101D90003146102F204628BF1027FFF71DFF4FF0B8
:101DA000000B5D4545DC059B49461A782046FFF748
:101DB00001FF4FF0010B1BF0070F03D141462046F6
:101DC000FFF7F8FE5F453BD9059B494613F80B200A
:101DD0002046FFF7EFFE0BF1010BBBF1100FEAD12C
:101DE000364920464FF0000BFFF7E4FE5A46059BAC
:101DF0009A5CA2F120015F2928BF2E22304920469B
:101E0000FFF7D8FE0BF1010BBBF1100F1DD01BF03B
:101E1000070F03D141462046FFF7CCFE5F455A46E7
:101E2000E5D841462046FFF7C5FEEBE71F4855467B
:101E3000A1E741462046FFF7BDFE0BF1010BB0E7DD
:101E400020492046FFF7B6FEC5E7059B3B440593B6
:101E5000049BDB1B04939AD1BAF1000F7FF41FAFF0
:101E6000204609B0BDE8F04F11F0F3B8064A054925
:101E70002046FFF79FFE15E746A202004AA2020095
:101E80009491020035C1020041A202006FA202003B
:101E9000B8440020B444002053A20200A8910200DC
:101EA00073A2020079A20200A33002006D3002008A
:101EB000692D010086A202007EA2020088A2020013
:101EC0008AA2020084A2020073B542F20F738B4211
:101ED00028BF0B4605680F4A0446052168460EF0E8
:101EE000FBFE63680C495B6806460B22284611F02E
:101EF000A2F863683246694628465B6811F09BF891
:101F0000636806495B681B22284611F094F802B00A
:101F100070BD00BF4FC60200A9A202008DA2020040
:101F2000074A00210123904206D8064A01B901233D
:101F30001360054B1860704740085B000121F2E711
:101F400040420F00B4440020B8440020014B01225D
:101F50001A707047CD7A0020014B0020196070473D
:101F6000D04400200148FFF7AFBF00BFD891020066
:101F700010B5064B18680C46FFF74AFB214603468E
:101F8000BDE8104002480F22184700BFD04400208F
:101F9000D8910200F8B5094D094B0A4ED5E9004722
:101FA00001221A700CB92C60F8BD214630463A4621
:101FB00000F01EF8241A0644F4E700BFC4440020D1
:101FC000CE7A0020CF7A002010B9074B18707047E6
:101FD000064B1B781BB141F2883014F01BBCA420C7
:101FE000002114F07ABF00BFCD7A0020CE7A002005
:101FF0002DE9F047DFF878901E4F80460E46042406
:1020000099F80050A5B914F0F8FB324682464146D3
:1020100028460BF043F90546504614F0F6FBE5B1AF
:1020200001233B7099F8003073B93046BDE8F08762
:102030003246414600200BF031F90546EFE72046D5
:10204000FFF7C2FF651E2C4600200BF0B1F90028F7
:10205000EBD03B78002BF2D1E7E73B78002BE4D0C4
:10206000013C2046FFF7B0FF3B78002BC8D1DCE7EE
:10207000CE7A0020CD7A0020014B0360002070470B
:10208000E89102002DE9F0410C4B1C6805460E4614
:1020900017467CB100F02CF863682046D3F8108016
:1020A00032463B462946C047044600F02BF82046FE
:1020B000BDE8F0816FF00104F9E700BFD4440020CF
:1020C0001FB5CDE90101039200F012F8074B1C681F
:1020D00024B900F017F8204604B010BD636820460C
:1020E0001B6801A998472468F2E700BFD844002084
:1020F00003484FF0FF324FF0FF330BF041BC00BFFD
:102100002C1B002001480BF0B3BC00BF2C1B00208F
:1021100008B5044810F0E8FABDE80840024810F09D
:10212000E3BA00BFE5A202001AA3020008B5034803
:10213000034A0021121A11F031F808BDF01C0020EA
:102140005C8000200748084A084908B5121A11F0B7
:1021500027F80748074A0849BDE80840121A11F055
:102160001FB800BFC0100020EC1C002030C80200C7
:10217000B8100020C010002028C802002DE9F04748
:10218000064600AF0C46002936D0E9468AB0D1E9B0
:102190000012A3686D462148A8464FF0050AC5E91C
:1021A0000501C5E9072348F810AF1D484246002342
:1021B0004FF42151FFF71EFCCD46D4E903126369A9
:1021C000AD461848C5F810A0C5E90501C5E90723C3
:1021D0001348002342464FF42151FFF70BFCCD4634
:1021E000E369114A0E48012110F00FFFA3690F4A5D
:1021F0000B48012110F009FF012E07D1EFF30583F1
:102200000B4A0748103B314610F0FFFE214630468E
:102210000BF0FEF8BD46BDE8F08700BF48A3020002
:102220008C8A020077A30200A6A30200B5A30200D5
:10223000E3A3020030BFFFF7FDBF00BF2DE9F0416F
:102240000B4EDFF8308006EB0807CC1B0546324604
:102250000949204615F0A1FEA01942460021083C7C
:1022600015F0C3FEC5F8A84007F10800BDE8F081ED
:102270000000000008000000CC8B0200054B5A69EA
:102280009B689A421FBF044A536843F080535360CF
:10229000704700BFF448002000ED00E070B5294C05
:1022A00006460D462848294910F087FFA36AD9043D
:1022B0003CD52548264910F080FF1720A36A1A054F
:1022C00004D52148234910F078FF18201D4CA36A3B
:1022D0009B0512D51C48204910F06FFFA36BA26A22
:1022E000100409D51D4A1848012110F08EFE1EB1B8
:1022F000A36A23F40043A3621920124CA36A590570
:1023000004D51148164910F058FF1A20A36ADA05BF
:102310000ED50D48134910F050FF1B20094A936A4F
:1023200043F47F43936200232B7070BD1620C5E7F2
:10233000A36A9B04F2D504480B4910F03EFF1C2011
:10234000ECE700BF00ED00E08C8A0200F6A302007B
:102350000CA402001DA4020030A4020049A4020043
:102360005EA4020079A4020091A4020010B5204CE2
:102370002049214810F021FFA36A990136D51E4853
:102380001E4910F01AFF1E20A36ADA0104D51A486C
:102390001B4910F012FF1F20154CA36A1B0304D524
:1023A0001548184910F009FF2120A36A590304D5E4
:1023B0001148154910F001FF22200D4CA36A9A0321
:1023C00004D50D48114910F0F8FE2320A36ADB0361
:1023D00004D509480E4910F0F0FE2420044A936AFF
:1023E0006FEA03436FEA1343936210BD1D20CBE7EE
:1023F00000ED00E0C0A402008C8A0200D8A4020014
:10240000EBA4020005A5020023A5020048A50200D6
:1024100062A502002DE9F843364D804689463648CC
:102420003649174610F0C9FEAB6ADE0627D5344997
:10243000314810F0C2FE1124AB6A1D0704D53149A2
:102440002D4810F0BAFE12242A4DAB6A980718D511
:102450002D49294810F0B1FE6E6BAB6A190646D5BE
:102460002A4A25483346012110F0CFFDB9F1000F6B
:1024700003D0AB6A23F08003AB62132403E0102483
:10248000DAE76FF015061B4DAB6ADA0704D5204971
:10249000194810F092FE1424AB6A9B0604D51D491E
:1024A000154810F08AFE1524124B9A6AD50602D4FC
:1024B0009A6A90070AD55B68190507D541463046E8
:1024C00000F080FA10B180F309880224094B9A6A5F
:1024D000920642BF5A6A22F400525A629A6A42F045
:1024E000FF029A6200233B702046BDE8F8836FF03C
:1024F0001506C2E700ED00E08C8A02008DA50200FF
:10250000A3A502001DA40200D6A50200EEA50200AC
:1025100004A6020091A402002DE9F041664B8AB0A6
:10252000D3F8048000AF0446C8F30805002686F3FC
:102530001188BFF36F8F02F07F43B3F17F4F07D154
:1025400002F00C03082B12D15C495D4810F035FEF7
:10255000002634460023FB71EB1E092B00F28A8013
:10256000DFE803F00A80837C8888888888861007E3
:102570004CBF0C460126EDE7524951484E4D10F034
:102580001CFE0023FB71EB6A9A0705D54E494C48A7
:1025900010F013FE002332E0EB6A002B01DA4B4906
:1025A000F5E7EB6A5B00F5D54949454810F005FEB3
:1025B0006B69A26943F480736B61BFF34F8FBFF304
:1025C0006F8F6B6932F8022C23F480736B61BFF359
:1025D0004F8FBFF36F8F4DF602739A4208D0AB6AEC
:1025E000DBB273B3FA1D01212046FFF713FF37E07A
:1025F0002368384A3248012110F007FD2368FA7930
:10260000DAB907F1080504F1200C206861682A4650
:1026100003C2083464451546F7D17A6A002E45D0C6
:10262000C2F3080121B96FEA52226FEA42227A62AC
:1026300007F108011846FFF7A1FD2837BD46BDE8A0
:10264000F081AB6A13F47F4F04D0F91D0120FFF72E
:1026500025FE05E0AB6AB3F5803F9BD3FFF786FE0E
:102660000346CCE7FA1D0021BEE7F91D0020EEE786
:1026700019498CE7194A1A4B18F4F87FE8468AB0D2
:1026800018BF13466A461749C2E905134FF4007391
:102690001384103D144BD56142F8103F08480023C5
:1026A0004FF41151FFF7A6F9C54673E722F4FF7204
:1026B00022F00102BBE700BF00ED00E051A60200DE
:1026C0008C8A02007CA6020093A60200B4A6020037
:1026D000C2A60200E1A60200FDA6020038A6020082
:1026E00023A6020021A7020004000001044B5A693E
:1026F00042F010025A615A6922F008025A6170478A
:1027000000ED00E0EFF30880EFF3098101B57246B8
:10271000FFF702FF01BD00BF002080F31488BFF364
:102720006F8F114880F3088800201049087009F065
:1027300011FD00200E490860BFF34F8F00F02EF806
:10274000402080F311880B484FF40461401880F357
:102750000988EFF314800221084380F31488BFF343
:102760006F8F00F0FFF8000080A500205880002047
:1027700094ED00E0C09300200749D1F89020002399
:10278000C2F307221846934200DB7047C1F8983025
:10279000C1F8A0000133F6E700ED00E008B572B61D
:1027A000002383F31388FFF7E7FF144B4FF0FF324A
:1027B000C3F88020C3F88420C3F88820C3F88C2095
:1027C000C3F89020C3F89420C3F89820C3F89C2045
:1027D000C3F88021C3F88421C3F88821C3F88C2171
:1027E000C3F89021C3F89421C3F89821C3F89C2121
:1027F00062B6BFF34F8FBFF36F8F08BD00E100E0FB
:10280000084B9B6883420BD1EFF3058343B1064B22
:102810005A6842F080525A605A6A22F400425A6260
:102820000BF0EEBFF448002000ED00E015498A6887
:102830004FF030001044EFF3098C80E8F01F402087
:1028400080F31288BFF36F8F0F4F4FF000664A6915
:102850008A603E60D2F8A8000C4C2060D2F8AC0030
:102860000023C2F8AC3080F3118804B5104600F0A4
:1028700011F9BDE8044002F1300090E8F01F8CF33C
:1028800009887047F448002004ED00E0E04400208F
:102890001EF0040F0CBFEFF30880EFF3098081698D
:1028A00011F8021C0229FFD001B5724610F07AFC23
:1028B00001BD00BF40B2002807DB044A41090123E3
:1028C00000F01F00834042F82130704700E100E033
:1028D00040B200280CDB4309064900F01F002033FA
:1028E0000122824041F82320BFF34F8FBFF36F8F47
:1028F000704700BF00E100E0054B420900F01F00F7
:1029000053F82220012303FA00F01040704700BF63
:1029100000E100E040B2D30754BF0231002100289B
:10292000ACBF00F16040074A4FEA4113ACBF00F56D
:10293000614000F00F00DBB2B4BF135480F80033E5
:10294000704700BF14ED00E0044B054A23F07F03FD
:102950009360BFF34F8FBFF36F8F7047000000008D
:1029600000ED00E008B5FFF7EFFF074AD2F8883026
:1029700023F47003C2F88830FFF7D8FBFFF7E2FBBF
:1029800000F05EF80AF06CFE00ED00E042F8203C3A
:10299000009B42F81C3C0A49019B42F8183C029BF0
:1029A00042F8143C21F001014FF0807342F8043CDE
:1029B00042F8081C0023203A0265C0F8AC3070478A
:1029C0005D1201000A4A0346906878B113F1160FB0
:1029D000D0F8980005D0A0F140029A4205D8834271
:1029E00003D2814228BF002070470020704700BFFB
:1029F000F448002008B515460C4A0D4B9060D0F8FD
:102A0000A8201A600E4600F045F82C4686F3098887
:102A10000020044B98472046002100220023024C4E
:102A200020470000D13102005D120100F44800206F
:102A3000E0440020014B10221A61704700ED00E0D5
:102A4000044800234021C2180133272B82F80013C9
:102A5000F9D1704700E100E008B5EFF30583064ABD
:102A6000103B02EBC30152F8330049688847BDE8C8
:102A70000840FFF703BC00BF84860200024B034AF4
:102A80000348012100F08CB8000001200000002064
:102A9000E8910200D0F89820054B403A1A60054AA8
:102AA0004021C3E901121846012100F083B800BF9C
:102AB000E444002000000B1508B503461048D0F888
:102AC0009020C2F30722013A934207D90D480E4ADB
:102AD000012110F09AFA6FF0150008BDC0F8983087
:102AE0000A6822F01F021A4342F01002C0F89C202C
:102AF0008A6842F00102C0F8A0201846EDE700BF46
:102B000000ED00E06C8A020038A70200F0B50E4626
:102B100085B01F4604460025B5420DDA606810B343
:102B200097B1431E18420AD0104A11482B46012182
:102B300010F06BFA6FF01502104605B0F0BD1F28BB
:102B4000F2D921680B42EFD12368019310F063FBA7
:102B5000A36801A90343D0B20393FFF7ADFF10F1BF
:102B6000160FE7D0421C01350C34D5E75EA70200F2
:102B70006C8A0200044B0522C3F89420BFF34F8FE8
:102B8000BFF36F8F704700BF00ED00E0BFF35F8FB2
:102B9000024B0022C3F89420704700BF00ED00E014
:102BA00010B5034C01232278FFF7B0FF207010BD51
:102BB000DF7A002008B50B4A00231278FFF7A6FF42
:102BC00010F1160F07D0084A0021D2F89030C3F355
:102BD0000723984200DB08BDC2F89800C2F8A01095
:102BE0000130F2E7DF7A002000ED00E02DE9F0434C
:102BF00057485849D0F890300D68C3F307239D42D9
:102C000085B000F2A180FFF7C1FF4968002295421C
:102C100001F10C011AD1504C504F25706846FFF756
:102C20002BFADFF83C81DFF83C9106460025AE42E6
:102C30001FD1237846490020D1F89020C2F3072203
:102C400093427BDBFFF796FF00204CE0C0F8982012
:102C500051F80C3C23F01F03134343F01003C0F85A
:102C60009C3051F8043C43F00103C0F8A03001321D
:102C7000CDE7009800EB05114FEA051CCB683B40FF
:102C8000B3F5000F44D00AD8B3F5001F2ED0B3F52A
:102C9000800F34D0B3F5801F10D00135C7E7B3F1F2
:102CA000807F3ED0B3F1007FF7D150F80C308868B8
:102CB0004A6810F0B0FA40F4802009E050F80C3077
:102CC00088684A6810F0A7FA40F0885040F4302035
:102CD000039001A92078CDE90123FFF7EDFE00283C
:102CE00028DA6FF0150005B0BDE8F08350F80C301D
:102CF00088684A6810F08FFA40EA0800E8E750F860
:102D00000C3088684A6810F086FA40EA0900DFE76C
:102D100050F80C3088684A6810F07DFA40F08270F4
:102D2000D6E750F80C3088684A6810F074FA40F022
:102D30008870CDE7237801332370AEE7C1F898306F
:102D4000C1F8A000013377E74FF0FF30CBE700BFB9
:102D500000ED00E0F4910200DF7A00200000F0FFB7
:102D60000000081100000202F0B587B007460E46C9
:102D700014460021102268461D4615F036F902233C
:102D80008DF802302A46054B019321466846CDE96D
:102D900004760EF0F7F807B0F0BD00BF373202003E
:102DA00008B502480DF078FFFEE700BF90A70200CB
:102DB00008B5024B1B689847002008BDF04400206E
:102DC000034B044A1860937843F0020393707047F2
:102DD000F0440020B015002008B50649064821F04F
:102DE0000701C1F1005202F580320FF0CBFB002049
:102DF00008BD00BFABBA0020F444002070B54169A3
:102E0000867A0B4D044659B1437ADB0706D42C234E
:102E100003FB06535B6A1B689B689847002363614A
:102E20002C20214606FB0050BDE8704013F066BE22
:102E3000B81B0020024B2C2202FB0030704700BF61
:102E4000B81B0020827A064B2C2101FB02339A6AC0
:102E50001B7F1B33801A23F00303B0FBF3F0704792
:102E6000B81B002038B5074B827A2C2404FB0233B0
:102E70005B6AD3E901240C601568FFF7E3FF04FBEC
:102E8000005038BDB81B00202DE9F04385B0054641
:102E90006846039190461C4614F0AEF8DDE90067E1
:102EA000EFF31189402383F31288BFF36F8F6B8B8D
:102EB000002B41D02A8B9A4225D900220023284694
:102EC0000AF026FE0446F0B189F31188BFF36F8F34
:102ED000039B002B41D032463B46684614F0B1F8C4
:102EE000A27A264B2C2101FB023320465B6A1B6829
:102EF00003A91D68DDE90023A847606170BB204677
:102F0000FFF77CFF24E0698B4B1E6B8389F31188EC
:102F1000BFF36F8F2B7F2A8BAC6A1B3323F0030325
:102F2000521A02FB0344154B154AEB1A9B105343EC
:102F3000A3722B7FE372CBE789F31188BFF36F8F06
:102F40002346424628460AF0E3FD04460028BFD146
:102F50000024204605B0BDE8F0836361012300250D
:102F60002381039B6382E27A6560294604F118009D
:102F700015F03BF863692582E360EAE7B81B00209F
:102F8000A38B2EBA70B50D4C2C2500B970BD037AF9
:102F90004668002BFAD0013BDBB20372002BF5D15F
:102FA000C3604360837A05FB03431B6A13B19847F0
:102FB0003046EAE7FFF722FFFAE700BFB81B002020
:102FC000044A0123C2F840354FF080420020C2F885
:102FD0007835704700E0014048B1054B054A1B6851
:102FE000B3FBF2F35843044B43F001031847704717
:102FF0002C18002040420F00108E020008B5044833
:10300000044A3F23C0E9002309F0E0F9002008BD8D
:1030100000450020FFFF010030B503788BB0044667
:1030200007AD032B21D8DFE803F0021A1C1E12495A
:103030002846FCF742FB059563780493A378039335
:10304000E37802932379019363790093A3790B4A80
:103050000B481E210DF040FE09480BB030BD094958
:10306000E6E70949E4E70949E2E7094A0A2128466F
:103070000DF032FEDFE700BFC3A70200E5A70200A4
:10308000E07A0020CAA70200D1A70200DBA7020055
:103090004CBC02002DE9F341234DBFF35B8F9846F2
:1030A0002B68BFF35B8F1746DA07044620D538B983
:1030B0001E4A1F4801210FF09FFF6FF0010018E02A
:1030C00001A910F059F81B490246204614F0A5FF4B
:1030D0000028F2D1BFF35B8F2B68BFF35B8FC3F384
:1030E000C0061B0708D5144A114802210FF084FFBF
:1030F000002002B0BDE8F081A5F1D40407222146EA
:103100004046B84706280AD80C4A094801210FF062
:1031100073FF45F8D46CE671C4F80360E8E7072351
:10312000B0FBF3F0E071E3E7BC1400200FA802004D
:10313000DC890200D8A7020030A8020054A80200CF
:103140002DE9F04188B09C79DDF838805D791E79F1
:10315000DF7893F802C093F801E01B78B8F1000F14
:103160000ED0CDE90638CDE904CE1346CDE902678D
:10317000CDE90045084A0DF0AFFD08B0BDE8F0818B
:10318000CDE905E3CDE9037C1346CDE90156034AB9
:1031900000940DF0A1FDF0E779A802009DA80200BF
:1031A00070B504468CB01E461546A2B129B10A4638
:1031B00002A804210FF01CFD02A900912B46224613
:1031C000242103A8FFF7BCFF109A314603A8FEF79D
:1031D00059FF0CB070BD0346044A242103A80DF02A
:1031E0007BFD0028F0DA6FF01500F2E7BEA80200C0
:1031F00007B50B4B0B48DA79C2EBC20200920022F2
:103200001146FFF7CDFF034638B1074A07480121B1
:1032100003B05DF804EB0FF0F8BE03B05DF804FBFB
:10322000E8130020D8A70200C4A80200DC8902002D
:1032300030B504468DB0154692B129B10A4602A8B0
:1032400004210FF0D5FC02A900912B46224624212F
:1032500003A8FFF775FF03A80FF066FF0DB030BDA0
:103260000346054A242103A80DF036FD0028F2DAB2
:103270006FF01500F2E700BFBEA8020007B500938B
:1032800013460A4601460348FFF78AFF03B05DF87C
:1032900004FB00BFEAB902000A4601460148FFF7F5
:1032A000C7BF00BFEAB9020007B5009313460A463C
:1032B00001460348FFF774FF03B05DF804FB00BF4D
:1032C000E4B9020007B5009313460A4601460348D5
:1032D000FFF766FF03B05DF804FB00BF07B902000B
:1032E00007B500220346009103481146FFF758FF37
:1032F00003B05DF804FB00BFDCB9020008B502486A
:103300000AF04AFE002008BD30160020F8B51E4D18
:10331000BFF35B8F2B68BFF35B8F13F0010F2E465B
:103320002FD015F8CD3CA5F1D4078BB900F074FE71
:10333000044630B1154A164801210FF05DFE2046C3
:10334000F8BDFB7923B900F077FE04460028F1D1DF
:10335000BFF35B8F2B68BFF35B8F5A0701D400F07C
:10336000FBF9BFF35B8F56E8003F23F4006246E8A9
:1033700000210029F7D1BFF35B8F1B0501D5FFF7B3
:10338000BDFF0024DBE700BFBC140020DFA8020063
:10339000DC89020007B5009313460A46014603483C
:1033A000FFF7FEFE03B05DF804FB00BF67BE02003E
:1033B0000A4601460148FFF73BBF00BF67BE020057
:1033C00030B50B4D0B4B87B0002428460393CDE955
:1033D000044413F06BFC03AB0093284606490A2310
:1033E0004FF4E8620AF0DEFD204607B030BD00BFB2
:1033F0002033002012A90200C083002001460148AA
:103400000AF010BE203300200146014813F023BC0F
:10341000203300200378012B30B513D0022B27D0A6
:103420007BB9194B0A4603F1100453F8045B42F8C8
:10343000045BA342F9D11B78137043884B731B0ABA
:103440008B7330BD104B0A4603F1100453F8045B34
:1034500042F8045BA342F9D11B78137043684B73A5
:10346000C3F307221B0CCB731B0A8A730B74E8E7A8
:1034700000F1100350F8042B41F8042B9842F9D1C5
:1034800003780B70DDE700BF1BA9020010B50FF039
:10349000EEFF13F06DFC0E4C30B1BFF35B8F236871
:1034A000BFF35B8F7BB910BD0BF0B0F8BFF35B8F40
:1034B0002368BFF35B8F1BB9BDE810400BF0BAB8AF
:1034C0000A209847F8E7BDE810400A20184700BFD7
:1034D0000845002038B5044608480FF0BDFE0546F3
:1034E00048B1631EDBB21F2B96BF054A0021D15C99
:1034F0000C300FF0F5FE284638BD00BF941C0020AC
:103500002CA90200054BBFF35B8F53E8002F43E863
:1035100000010029F9D1BFF35B8F704708450020F7
:103520000F2810B50CD80D280CD90A480FF094FEBE
:10353000044618B104210C300FF0D2FE204610BD15
:103540001328F2D009B10448F0E7BDE8104002208A
:10355000FFF7C0BFC01C0020101C00202DE9F74F52
:10356000DFF81CA1BFF35B8F804689461746002316
:103570005AE8004F4AE80032002AF9D1BFF35B8FC6
:10358000264644B93F4A40484346012103B0BDE8BE
:10359000F04F0FF0D9BF2046FFF754FC3B4D4FF0E2
:1035A0000C0B0BFB0050438843451FD02046FFF710
:1035B00049FC0BFB00504388354A00933248434690
:1035C00001210FF02CFDBFF35B8F5AE8003F4AE862
:1035D0000062002AF9D1BFF35B8F002B4DD01E464D
:1035E000304603B0BDE8F04FFFF7CCBCA74208D08F
:1035F00020460FF02CFE3A8AF96804F10C000FF017
:1036000066FE2046FFF71EFC0C2707FB00504368B0
:10361000ABB1B9F1000F12D12046FFF713FC07FB45
:10362000005001214268D2E90003127A03F01F071B
:10363000B9405B09DAB100EB83000FF076FF20465A
:10364000FFF700FC0C2707FB00508368002BC7D056
:103650002046FFF7F7FB784305F800902046FFF778
:10366000F1FB07FB0055A8680AF084FAB8E7C943E4
:1036700000EB83000FF06AFFE1E703B0BDE8F08FD5
:103680003015002098A90200A48902000C450020F2
:10369000C0A90200094BBFF35B8F1A68BFF35B8FB1
:1036A00002F00B02BFF35B8F53E8001F43E80020DA
:1036B0000028F9D1BFF35B8F704700BFBC14002016
:1036C00010B5C1E900239DF808300B720C46FFF7D6
:1036D000B9FB034B0C2202FB00335C6010BD00BF42
:1036E0000C450020F8B502460B4610480FF0B4FD1B
:1036F0000446C0B104210C300FF0D8FD2046FFF77E
:10370000A1FB0B4D0C2707FB0050002646802046EE
:10371000FFF798FB07FB005086602046FFF792FBFF
:1037200007FB00556E602046F8BD00BF681C0020F6
:103730000C45002029289ABF014B185C09207047CE
:10374000EAAC0200034B0146D3F86C018268926830
:10375000104700BFE8130020014804210FF0E5BE28
:10376000BC14002000487047A19C020001480AF0E8
:1037700013BC00BF4016002070B505460C4659B971
:103780004FF0FF304FF0FF31FFF7ACFF044618B9A0
:103790006FF06805284670BD2046FFF753FB194BB4
:1037A0000C2202FB0033A61830465D800FF0D1FDDD
:1037B00003280BD9032130460FF09AFD0580238A98
:1037C000033B8370012130460FF09AFD40F63543EC
:1037D0009D420FD12046FFF7B5FF05460028D9D0FE
:1037E0000346094A094801210FF0AEFE2046FFF7C3
:1037F000C9FBCFE70648214613F075F90025FFF70E
:10380000B5FFC7E70C450020ADAA0200A48902005D
:103810003C15002038B502460B462B4DD5F8541107
:1038200009B9002038BD05F598700AF0DDF90028C7
:10383000F7D10022002305F5AA700AF069F90446C1
:1038400068B9224A2249234840F6B8430EF059FF8E
:1038500084F31188BFF36F8F0323184602DFD5F876
:1038600048315BB11C4A1D4801210FF05CFED5F8C0
:103870004801FFF787FB0023C5F8483120460FF0C9
:10388000EFFCC5F848012046FFF75CFF0346C8B1CE
:10389000134A124801210FF057FE12480AF06AF944
:1038A0002046FFF7CFFA104B0C2202FB003358885A
:1038B00018B122461F21FFF751FE2046FFF762FB99
:1038C000FFF754FF0120ADE7E81300202FAA020004
:1038D0004FA902007CAA0200CFAA0200A48902001C
:1038E000ADAA0200181500200C4500202DE9F04F6C
:1038F00087B0064600AF90460C4671B94FF0FF30D6
:103900004FF0FF31FFF7EEFE044668B96FF068052F
:1039100028461C37BD46BDE8F08F887AFFF78AFA43
:10392000534B834240F09D8001220021384613F022
:10393000F3F82046FFF786FADFF838B10C2303FBD3
:1039400000B0876020460FF08BFC01463046FFF741
:1039500013FF054618B12046FFF714FBD8E714F013
:1039600043FD454B1A58454B9A421ED1444813F02B
:10397000CFF8002182464FF4A020FFF74BFF81468D
:1039800088B9404A404941484FF4F9730EF0B9FEF6
:103990003F4831460EF0B5FE89F31188BFF36F8FB3
:1039A0000323184602DF5445E0D14FF4A022002340
:1039B00038460AF019F9814698B14FF4FC73314A40
:1039C000344932480EF09DFE33484A4631460EF0E7
:1039D00098FE002383F31188BFF36F8F03231846EB
:1039E00002DF2046FFF72EFA0C2358431BF8009005
:1039F000B9F1000F2ED06D468AB06A46274BC2F847
:103A00001C90C2E90536264B136240F202439384B0
:103A1000244B42F8103F244800234FF43251FDF765
:103A2000E9FF2046AD46A9F10909FFF7ABFAB9F164
:103A3000090F0CD8DFE809F0180B0B08050B0B0B6E
:103A40000B156FF00B0563E76FF00C0560E76FF087
:103A500004055DE7B8F1000F3FF47DAFC8F8004002
:103A600056E76FF0150553E76FF06E0550E700BF9E
:103A7000681C00200C45002008000000D8420020EF
:103A80003C1500202FAA0200EAAA02007CAA02002C
:103A9000F2AA020012AB02001BAB020060AB0200F4
:103AA00040A2020005000001A489020073B5064689
:103AB0000D4601AA002142F22F00FFF717FF04462E
:103AC00038B1154A154801210FF02DFD204602B0EE
:103AD00070BD0198C368B3F801203280B3F8033099
:103AE0002B80FFF74FFA3388A3F11B02E02A04D999
:103AF0000B4A0A4802210FF027FD2B88A3F5A47278
:103B000092B244F248118A42E0D9064A034802219F
:103B10000FF01AFDDAE700BF7FAB0200A4890200B4
:103B20009FAB0200C4AB020010B5FBF779FF034B5B
:103B30001B6813B1BDE81040184710BD3045002088
:103B4000F8B50A4DEF7906460024E3B29F4202D849
:103B50006FF0010007E0294630460FF048FD0735B9
:103B6000631C08B12046F8BD1C46EEE7E8130020B0
:103B700037B504460D46B9B1164928460FF037FD52
:103B800090B91548C4EBC404294620440FF039FD10
:103B900012480FF03DFD430703D5FFF7AFFB0FF0D1
:103BA00008FC002003B030BD68460FF052FC00282E
:103BB000F8D16846FFF7C4FF0028F5DA064BC4EBDE
:103BC000C400184469460FF01CFD002DE0D00146EA
:103BD0002846DBE7B0A70200E8130020BC14002051
:103BE000084BBFF35B8F53E800CF4CF4806C43E885
:103BF00000C2002AF7D1BFF35B8F037A1943017229
:103C0000704700BFBC140020F7B500210446022213
:103C1000084601F0CFF8064648B120460121FFF7DB
:103C2000DFFF304603B0BDE8F04000F061BD3B4D22
:103C300001463B4800F06CFA95F823317BB13046E1
:103C40000FF029FD58B1374A022137480FF0D7FC51
:103C50003648002103B0BDE8F04000F059BA95F8AD
:103C6000232195F822319A4218D1314A2E48022157
:103C70000FF0C5FC0022114642F22900FFF736FE84
:103C800010B12C4A0121E0E795F82331013385F882
:103C90002331237A43F004032372D9E72246671CB9
:103CA00012F82A0B39460FF0B9FC064610B1224A29
:103CB00001210EE095F82331013385F82331237A71
:103CC00043F00403237295F8A7305B0708D41B4A1E
:103CD000022115480FF093FC01200FF0DCFCB7E740
:103CE000394668460FF08DFC01234FF0FF304FF04E
:103CF000FF318DF80730FFF7F5FC044660B108226C
:103D000069460C300FF0E3FA3246214642F24E008B
:103D1000FFF7ECFD0028DFD0094AC9E7E8130020CF
:103D20006337020065AD0200AC890200C9360200AB
:103D30008AAD0200BBAD0200DBAD0200FBAD0200AC
:103D400025AE020000212DE9F0410222044608467A
:103D500001F030F8054640B120460221FFF740FF50
:103D60002846BDE8F04100F0C3BC01462A4800F0F7
:103D7000CFF928460FF08FFC284D064688B1284A17
:103D80000346012127480FF040F995F8233113B17C
:103D900001200FF080FCBDE8F0412348002100F035
:103DA000B7B995F8233195F822219A420CD2013BFC
:103DB00085F82331237A1D4923F004030246237238
:103DC000022005F033F8E0E74FF0FF304FF0FF310D
:103DD000FFF788FC04F10108074668B107210C30A1
:103DE0000FF06FFA41460FF00CFC3246394642F2B2
:103DF0002800FFF77BFD28B10D4A0A4801210FF08A
:103E0000FEFBC2E795F82331013B85F82331237A85
:103E100023F004032372B8E763370200E81300209D
:103E200040AE0200AC890200C936020081360200B1
:103E30006DAE02000A4BBFF35B8F53E8002F22F4F4
:103E4000806143E800100028F7D1BFF35B8F530572
:103E500004D504490022022004F0E8BF704700BFE7
:103E6000BC1400209B3702001FB50023CDE90233AC
:103E700001908DF80C1001AA0349022004F0D6FF2E
:103E8000029805B05DF804FB3937020010B4034610
:103E900070B10A4991F8224191F823210CB1944262
:103EA00008D2013281F823211A7A42F004021A72F0
:103EB00010BC704710BCFFF7A7BE00BFE81300207E
:103EC00010B4034698B10B4C94F8221194F82321B6
:103ED00029B101318A4203DC10BCFFF733BF12B1B4
:103EE000013A84F823211A7A22F004021A7210BCD3
:103EF000704700BFE813002070B50446B1B9C0B1E7
:103F00001F490FF074FBA0B92046FFF719FE0028E7
:103F10002FDA2378012B04D1A37903F0C003C02B3F
:103F200007D0184A184801210FF069FB6FF01500FF
:103F300070BD164DEB79012B1ED005F1D4000FF0AA
:103F400067FBC30707D4002CF0D00D4920460FF0C3
:103F50004EFB0028EAD1EE792146731C3046EB7106
:103F6000FFF706FE08B93046E2E7EB79013BEB715B
:103F7000DEE76FF07700DBE76FF00B00D8E700BFFC
:103F8000B0A7020092AE0200AC890200E813002044
:103F90002DE9F341044640B91A4A1B4802210FF0AB
:103FA0002EFB002002B0BDE8F08101AA002141F201
:103FB0000900FFF79BFC054608B1144AEDE7019E96
:103FC0001349D6F80C8008F101070622384614F090
:103FD00014F828B10F490622384614F00EF818B923
:103FE0003046FEF7CFFFDCE7D8F80130C4F80130E7
:103FF000BB88A4F8053030462570FEF7C3FF0120CA
:10400000D0E700BFC0AE0200AC890200D9AE02000A
:10401000BDA70200B7A7020007B56846FFF7B8FFC3
:10402000044BD87118B169460020FFF7A1FD03B019
:104030005DF804FBE8130020F0B5304DEC7989B051
:10404000002C53D195F8C26016F0010610D12C4A0D
:104050002C4802210FF0D3FAEC7116260024012718
:10406000EB79E0B298422CD3002B3FD000203BE00C
:104070006A4621464FF60940FFF738FC08B1224A4C
:10408000E6E7DDF800C0DCF80C104B7823B9604699
:10409000FEF778FF1D4ADBE78B1C02AA01F1120430
:1040A00018685968174603C70833A3423A46F7D140
:1040B000186838609B88BB806046FEF763FF344613
:1040C000CAE708AB06FB0033694653F8182C33F8EF
:1040D000143CCDF80120ADF805308DF80070FFF7E5
:1040E00047FD01340028BBD009B0F0BD00210846CF
:1040F00009B0BDE8F040FFF7FFBE00BFE8130020A5
:10410000F7AE0200AC89020023AF020043AF020009
:1041100003460148184700BF0014002070B59AB04C
:10412000414B02931822002103A813F05EFF44F2D2
:10413000010309A809930FF06AFB099B04936946E0
:104140003A4B059302A813F02FFB034638B3384AC5
:10415000384801210EF059FF1F25374BBFF35B8F05
:1041600053E8001F21F0010143E80012002AF7D1B3
:10417000BFF35B8F314E0AF049FA3468002C4BD004
:10418000002DA4F104042E4D18BF002523680BB1A7
:10419000284698476468002C3ED0043CF6E701AB03
:1041A0000098412209A913F0D1F9034608B1254A24
:1041B000CEE7254A0DF125030DF1650153F8040BF7
:1041C00042F8040B8B42F9D101AB20490098202220
:1041D00013F06AF9034608B11D4AB9E700980BF0DD
:1041E0005BFB054610B11B4A0346B1E7164914486C
:1041F0000FF01AFB184820310FF016FBBFF35B8F4E
:10420000164B53E8001F41F0100143E80012002A4A
:10421000F7D1BFF35B8FA0E70023C6E900330AF0B4
:1042200009FA1AB070BD00BF127100010000020946
:1042300079AF020094890200344500203C450020FB
:104240005E7B002097AF02001E7B0020FE7A0020DC
:10425000BAAF0200DEAF02007E7B0020BC1400205B
:1042600030B5A7B004233D22002116A8159313F002
:10427000BCFE324B06931822002107A813F0B5FEAE
:1042800044F201030DA80D930FF0C1FA0D9B0893A2
:104290002B4B09932B4904AB202206A80BF03EFBC5
:1042A000034600B3284A294801210EF0AEFE6FF004
:1042B00004040AF0ABF9264B1D6885B10020186094
:1042C000244BBFF35B8F53E8001F21F0020143E84A
:1042D0000012002AF7D1BFF35B8F44B3A8470AF05E
:1042E000A9F927B030BD1C4B0DF1550203F1400078
:1042F000194653F8044B42F8044B8342F9D105ABFD
:1043000002932023CDE900130D480499412315AAF7
:1043100013F0FCF9034608B1104AC4E704980BF007
:10432000BBFA04460028C4D00D4A0346BBE70DA8DB
:1043300009490FF079FA0DA8D0E700BF127100010A
:1043400000000209FE7A0020FEAF020094890200FC
:1043500038450020344500201E7B002034B0020088
:1043600050B0020008B50449402213F046FEB0FAEE
:1043700080F0400908BD00BFB8B0020010B59AB087
:10438000182204461B4B0293002103A813F02DFEB4
:104390004FF4804309A809930FF039FA099B04935D
:1043A000154B0593214604230DF125008DF824308B
:1043B0000FF03AFA04F120010DF145000FF034FA44
:1043C00001AB412209A902A80BF0A8FA044602A8F1
:1043D00013F062FA2CB901980BF05EFA01201AB0C2
:1043E00010BD0648064A234601210EF00EFE0020AD
:1043F000F5E700BF124100010000020994890200A4
:104400006DB0020010B500283FD0234A136823B1D5
:10441000043B98423CD05B68F9E7204BBFF35B8FCD
:104420001968BFF35B8F890707D51D481D4A022114
:104430000EF0E2FD6FF00F0010BD14684460011D26
:104440005068116000B95160BFF35B8F53E8002FD3
:1044500042F0010143E800100028F7D1BFF35B8F61
:10446000D30701D50020E7E70F4BBFF35B8F53E87D
:10447000001F21F0100143E80012002AF7D1BFF31A
:104480005B8F0A48FEF7C0FFECE76FF01500D3E73B
:104490006FF07700D0E700BF3C4500203445002096
:1044A0009489020091B00200BC1400206016002024
:1044B000054BBFF35B8F1B680448BFF35B8F13F0A2
:1044C000100F08BF00207047BC1400205E7B002046
:1044D00070B505461E4803688B4232D0BFF35B8F30
:1044E0001C4B1B68BFF35B8FDA062DD5036813B135
:1044F0006FF00F0070BD184ABFF35B8F1368BFF3F6
:104500005B8FDB07F4D4BFF35B8F52E8003F43F0CF
:10451000020442E80046002EF7D1BFF35B8F13F090
:104520000204E5D101600D4829460FF07DF90C48E1
:1045300005F120010FF078F90A48FEF765FF2046E3
:10454000D8E76FF07700D5E76FF07C00D2E700BFC7
:1045500038450020BC140020344500201E7B00207C
:104560003E7B00205016002070B50C4B1C680546A1
:1045700044B154F81C3C1C3C13B1297B2846984795
:10458000E469F5E7064C074EB44200D370BD2368DA
:1045900013B1297B284698472034F5E77845002059
:1045A0000C8902004C89020010B50446FEF74AFC53
:1045B000044901EB001120460EF096FFBDE81040C3
:1045C000FFF7D4B84445002070B5D1E90156002268
:1045D0000446C1E90122064812F085FA3DB1314690
:1045E00020462B466FF06D02BDE87040184770BD45
:1045F000A01B002070B505460F480022002309F0DB
:10460000F3FAB8B90D4B1C6834B154F8143C1C3C97
:1046100003B19847E469F7E7094C0A4EB44204D362
:104620002846BDE8704009F0B7BCA36803B19847BD
:104630002034F3E770BD00BF881B002078450020C0
:104640000C8902004C8902002DE9F843DFF8548000
:10465000044640270025EFF3118387F31288BFF348
:104660006F8FE16929B983F31188BFF36F8FBDE8BC
:10467000F883206A0A68E261814208BF226283F3FC
:104680001188BFF36F8FD1E901694046C1E9015537
:1046900012F029FA1EB1002249462046B047FFF722
:1046A00065F8D8E7A01B002030B5044613F09CFE47
:1046B0000D4A0D460D490858D2F8B81088428BB003
:1046C00005D120460BB0BDE83040FFF7BDBF243414
:1046D0002146104612F0BFFA1DB16946204612F07D
:1046E000CAFA0BB030BD00BFD8420020080000005D
:1046F00008B5C830BFF35B8F50E8003F013B40E88E
:104700000032002AF8D1BFF35B8F3BB9044809F0AF
:1047100031FABDE80840034809F03EBC08BD00BFBF
:10472000881B00207016002010B504460FF0C5F855
:1047300009F06CFF0C4BD3F8243104F1BC012BB908
:104740000A480FF07BF809F075FF06E0994208D19E
:1047500009F070FF2046FFF7CBFFBDE81040FFF7E0
:1047600005B81B68EBE700BFE81300200C1500201C
:10477000F8B5467B8E4200AF04460D461AD1082E8E
:1047800096BF554B554B53F826306C4688B06A4659
:104790005349C2E905134FF400739383514B42F818
:1047A000103F514800234FF4E451FDF723F9A5468B
:1047B000BD46F8BD41730EB90FF07FF8637B082B3F
:1047C00000F2868001A252F823F000BF21480100C8
:1047D00077480100B1470100B1470100B14701002E
:1047E000B1470100B1470100F1470100B1470100A5
:1047F0003E4800210AF052FB0023C4E90D33E37860
:10480000012BD5D1A378012B04BF032384F8983062
:104810004FF42032002304F1400009F02DFCC7E7DB
:10482000082EC5D8DFE806F02005171C1C1C172031
:10483000200004F14005284612F04AFA01212046E2
:10484000FFF732FF20460FF02FF800220023284602
:1048500009F046FCACE7237B13B12046FFF784FE4A
:104860002046FFF745FFA3E7214A2B461E480221B9
:104870000EF0EEFF9CE7237B3E2B0FD16D4688B0F8
:104880006A461C4BC2E90534032342F8103F164820
:1048900000234FF4C451FDF7ADF8AD46164D05F5B4
:1048A0008476616911B9FEF761FF81E7A2690B683F
:1048B0006361914208BFA3612046FFF785FEB5F80A
:1048C0000431002B14BF3046002009F053F9E8E70B
:1048D0000A4A2B46CAE700BF74920200FFB00200EA
:1048E00009B10200030000017C890200801600204B
:1048F0001AB1020031B10200E813002058B10200E1
:10490000F8B5074609480D4616460EF0D6FF044690
:1049100050B183781F4203D1BDE8F840FFF7E8BEED
:104920003146A8472046F7E7F8BD00BFF83300201E
:10493000034BC01A034B00115843C0B2704700BF6D
:10494000F8330020C54EECC470B51C461443054630
:104950000E460DD00F4913F047FDD1F8B8400E496F
:1049600009588C4206D10D4A0D4802210EF044FB35
:10497000002213460B49002D14BF284608460EF0AE
:104980006BFC044618B1711D0C300EF08FFC2046F4
:1049900070BD00BFD84200200800000074B10200C2
:1049A0007C890200B81B00202DE9F04F87B000AFD2
:1049B0000023FB607B61BE4B5A8B3AB1BD4DD5F8ED
:1049C00024413CB91C37BD46BDE8F08F1B68002B65
:1049D000F4D1F7E754F8BC3903B1BC3BB649002623
:1049E00001E01C461346B5F80421002A00F05E8160
:1049F000D5F810214AB904F1BC06002BE2D0D3F857
:104A0000BC20002AEDD0BC3AEBE70A68002AF2D0BD
:104A1000D4F8A820002AEED0D4F8AC20002AEAD09E
:104A2000D4F8B020002AE6D0637B072B6AD1204659
:104A30009047002866D0BFF35B8FD4F8C030BFF337
:104A40005B8F022B5EDC20460EF037FF0446002809
:104A5000B8D0637B072B40F02681D4F8A830B5F896
:104A6000041107F11002204698478146002800F003
:104A70000D81B5F804213B699A4208D30146D4F868
:104A8000AC6007F1140307F10C022046B0477B69C4
:104A90003B60B9F81030D7E9038A002B00F0FD80A5
:104AA00048460EF037FD7860002840F0F980B5F8F0
:104AB0000431DFF808B2002B14BF58460020002252
:104AC000002309F091F878B97B480022002309F00F
:104AD0001FF8064600283BD1B5F80431002B18BF5B
:104AE0005E46304609F046F86FF00B054846FEF783
:104AF00049FAB8F1000F00F0B38039682A46204621
:104B0000C047ADE0D4F8BC3004F1BC02C6B9D5F85A
:104B10002811C5F824318A4201D1C5F82831002373
:104B2000C4F8BC302046D4F8B0309847002890D064
:104B3000637B072B40F0B7802046FFF7F5FD88E741
:104B40003360D5F828319A4208BFC5F82861E6E7F6
:104B50003B68C0F804808360B5F804B15448DA4576
:104B60004FF000024FF000034FF0000198BF1FFA12
:104B70008AFBFEF789F9804650B1FEF763F9504B86
:104B80005A4603EB0013494640460EF088FC804627
:104B9000B5F8043194F8C4909A4584BF01237B6032
:104BA0007B6884F8C4309CBF09F102095FFA89F977
:104BB00004F1C00ABFF35B8F5AE8003F01334AE8B3
:104BC0000032002AF8D1BFF35B8F04F1140B314699
:104BD00058460EF033FEA378012B5BD108F10C038D
:104BE000042118467B600EF083FB22887B6809F065
:104BF000FD0942EA09320280B8F81020043A4280E6
:104C0000022118460EF07CFB4046FEF79BFD8146D4
:104C1000002848D0BFF35B8F5AE8003F013B4AE8C9
:104C20000032002AF8D1BFF35B8F314658460EF0B0
:104C300020FE4B46234A244801210EF009FE40463F
:104C4000FEF7A0F920463146FFF7BEFCB5F8043167
:104C50001A48002B08BF002008F08CFF6FF00405F5
:104C60006E4688B06B46194ADC61C3E905251A46D1
:104C7000042342F8103F14484FF401510023FCF77D
:104C8000B9FE1321B54620460EF033FE2046FFF74D
:104C90002FFD97E66FF01509BCE76FF0790525E762
:104CA0006FF0040522E7FEF761FDEFE79368FFDE92
:104CB0003C1C0020E8130020A01B0020F014002062
:104CC00044450020ADAA02007C8902009DB102008B
:104CD0002DE9F041C37804468BB900F17E06114BF3
:104CE0001D687DB11C3D04F170076B691BB13A462C
:104CF000314620469847ED6925B11C3DF5E700F1A6
:104D00007706ECE7084D094F04F17008BD4201D366
:104D1000BDE8F0816B691BB1424631462046984799
:104D20002035F3E7784500200C8902004C89020009
:104D3000F8B5437A8372054616460EF093FE0D4B86
:104D40001C684CB154F8043C1C3C1BB1697A3246D7
:104D500028469847E469F4E7074C084FBC4200D363
:104D6000F8BDA3691BB1697A3246284698472034BA
:104D7000F4E700BF784500200C8902004C8902004E
:104D800070B505460A480E460EF097FD044620B160
:104D90008378012B04D0FFF7ABFC0024204670BDC4
:104DA000324629460EF017FE0028F7D12046F2E7DA
:104DB000F8330020F8B505460E480E4617460EF0AB
:104DC0007CFD044620B18378012B03D0FFF790FCD3
:104DD00000240DE036B1324629460EF0FCFD08B93C
:104DE0002046F3E7637BBB42FAD1237AAB42F7D18B
:104DF0002046F8BDF833002008B568B1094B1A68A1
:104E000000F10C0122B907480EF018FD104608BD4C
:104E1000914204D01268F5E76FF01500F7E76FF0E4
:104E20007700F4E78045002010B50C4811F04FFEE4
:104E30000B490A4811F057FE0A49084811F053FE81
:104E40000949064811F04FFE0FF013FA03F0AAFFCC
:104E5000044608B90EF063FE204610BDA01B0020DA
:104E600054450020604500206C45002008B50346ED
:104E7000034A044801210EF0C8F8002008BD00BF15
:104E800049B20200BC89020080B500AF88B06A4612
:104E9000074BC2E90530032342F8103F05480023C1
:104EA0004FF4C251FCF7A6FD6FF00B00BD4680BD6C
:104EB00071B20200BC890200044B1A680AB1FFF704
:104EC000E3BF034858600B60104670478C450020D4
:104ED000C092020070B5044652EA03000AD013F0F3
:104EE00083FA074D074ED5F8B8503058854204BFB5
:104EF0000022134620460431BDE87040FFF724BD70
:104F0000D84200200800000073B5054618462B68FB
:104F10000BB35B7B072B1ED1002A0E7A14BF022332
:104F200001239E4209DD0D4A0D48009601210EF035
:104F300076F86FF0150002B070BDCB7A072BF8D968
:104F4000C8618A6105F1300011F0CDFD28460EF0F0
:104F500069FD0020EFE76FF07F00ECE798B20200F8
:104F6000BC89020073B50D460646042105F10C000C
:104F70000EF0D7F92B8A42889A42044607D0009255
:104F80001C4A1D4801210EF04AF802B070BD43785A
:104F90003BB91A4A1848012102B0BDE870400EF032
:104FA0002BB80378012BF0D0132B06D1022AECD0BA
:104FB000022300931346124AE3E7124A0E480221E5
:104FC0000EF023F861783568022201200EF067FDAB
:104FD00004460028D9D002210C300EF072F90023CB
:104FE000037043702146284602B0BDE870400EF0C1
:104FF0007BBD00BFB8B20200BC890200D9B202007A
:10500000FAB2020025B3020008B50B8A032B06D8BA
:10501000044A054801210DF0EFFF002008BDFFF70D
:10502000A1FFFAE74DB30200BC89020023281FD874
:105030001A2804D8431E182B0ED906207047A0F159
:105040001B03082B1ED8DFE803F0051D1B231D19C9
:10505000251D0500032070470F4A012383401A4095
:10506000C2B90E4A1A40002A14BF01200620704718
:1050700000F07F03522B05D10020704701207047BC
:105080000520704710F0400F0CBF0620002070472D
:105090000420704702207047AAAA8A02545545018D
:1050A0002DE9F84F074608460C46FDF7CBFEDFF822
:1050B000BC80E1681823434308EB03020646D2F89C
:1050C00008A0BFF35B8F786DBFF35B8FC00709D477
:1050D000274A284801210EF045FD6FF015052846A6
:1050E000BDE8F88FE06800781071002248F80320CE
:1050F0000B78D22B0FD13B68214618680FF09DFD2D
:10510000054640B11C4A1B4801210EF02BFD2046EC
:10511000FDF738FFE3E704F10C000EF01AF918234D
:1051200003FB0683B4F810B09F60002381461A4643
:105130002146381DFFF7E8FE05460028CFD010F1C4
:10514000690F04D10D4A0B4801210EF00BFD636974
:10515000A4F810B013FA89F3E36018235E4308EB58
:10516000060348F80650C3F808A0B8E7DC4500205D
:105170007BB302006C89020095B30200A8B3020061
:10518000011F014811F0B3BBA41A0020024A0348D2
:1051900001210EF0E7BC00BFCBB302006C89020016
:1051A00010B500F150030446BFF35B8F53E8001FB6
:1051B00041F0010143E80012002AF7D1BFF35B8FF1
:1051C000201F0EF0AEFD04F17400044911F074FDCF
:1051D0002068BDE8104002F07DBB00BF4D620100B9
:1051E00070B503788AB004460E4607AD032B20D86D
:1051F000DFE803F002191B1D11492846FAF75DFA92
:10520000059563780493A3780393E3780293237955
:10521000019363790093A3790A4A1E2130460BF06B
:105220005BFD0AB070BD0849E7E70849E5E70849B2
:10523000E3E7084A0A2128460BF04EFDE0E700BFED
:10524000C3A70200E5A70200CAA70200D1A7020077
:10525000DBA702004CBC02002DE9FF4105460E46CB
:105260004FF000084FF42053006817688DF808804D
:1052700002A91446ADF80A300EF09DF8A0B142F62E
:10528000010328688DF80C8003A9ADF80E300EF0EC
:1052900092F848B123691BB15A88B24200D25E80AD
:1052A000012004B0BDE8F081616828680EF083F841
:1052B00010B100232361F3E7E368A0681A786AB1AC
:1052C000B7F81AC0798D038A8C4594BFC3EB0C03E1
:1052D000C3EB0103934201DA0020E2E704210C3022
:1052E0000DF0EFFF2061068023695E80074B00937D
:1052F0000194A2680023294638460EF06EFD00286E
:10530000EADB2069003818BF0120CAE7893D0200A6
:1053100073B50E46438D418B8B4202F1010228BFCB
:105320000B469A42054609D91D48009202211D4AA2
:105330000DF075FE0024204602B070BD3046FFF728
:1053400075FE022812D0042810D013F04DF8164B29
:105350001958164BD3F8B83099421FD0144B1B681C
:105360005A1A18BF4FF0FF32134602E04FF4702272
:10537000002310480021FFF7ADFD04460028DAD0D5
:10538000FDF760FD0C4B182202FB0033012104F1F4
:105390000C009D600DF095FF0670CCE70022E3E75E
:1053A0006C890200E8B3020008000000D842002027
:1053B00024460020E41B0020DC450020F0B51D46FB
:1053C00003680E46003987B0044618BF01211868EB
:1053D00017460FF0ACFA40B904F154000EF0BDFDD1
:1053E000002846D0002007B0F0BD002D43D0182281
:1053F0000021684612F0F9FD6FB1002239462046BF
:10540000FFF786FF019030B91C481D4A01210EF0BC
:10541000A9FB1120E7E723681A4A1B6800930023C1
:10542000ADF812300C9B0393BDF83430ADF810305A
:1054300001238DF8143029466B4628468DF8086004
:105440000EF0FAFB9DF8143063B1002FCAD001981A
:10545000FDF798FD9DF814302A46314620460EF09F
:105460008BFDBFE701990029BCD020460EF0EFFB71
:10547000B8E71220B7E70120B5E700BF6C8902004A
:105480000DB40200C73B02002DE9F347176805463B
:10549000894600685168D7F804A014460DF08BFFC8
:1054A000804600284BD19522294650460FF0CDF971
:1054B0000646207540B1E3681B780BB184F8148070
:1054C000002002B0BDE8F087294650460FF069FA87
:1054D00010B908232375F3E7A06826750DF0C4FE04
:1054E00002210C300DF0EDFE164B2061A0F800906B
:1054F00000930194A2683346294638460EF06DFCAD
:10550000002807DA10F1FF0F26BF4042C0B20E207C
:105510002075D5E72369002BD2D0A0680EF00AFBD6
:105520007B8D7A8B9A4294BFC0EB0200C0EB0300E4
:10553000E3681B78984294BF00200120C1E7012056
:10554000BFE700BF453B0200F7B50B8A076804467A
:105550000D463BB9284A294801210EF003FB0020E3
:1055600003B0F0BD012105F10C000DF0DAFE7B7BEC
:10557000072B0646F3D154F8043C002BEFD00378F8
:105580001F48043C002210F832709F4200EBC20119
:105590000FD12A8A48788F78904220D917480093F3
:1055A00001211346174A0DF03AFD012FD7D10423EC
:1055B0001EE001320C2AE6D11048134A02210DF0F8
:1055C00024FD31780846FFF731FD0028C7D00528B3
:1055D000C5D00623002220460EF0CEFCBFE74B6864
:1055E000204629469847012F0346B8D10028B6D057
:1055F00031780022EFE700BF26B402006C89020078
:10560000E89202005BB4020041B402002DE9F04FC1
:1056100091B0166880460F46002542F601030068E7
:10562000D6F804908DF82C500BA91446ADF82E3006
:105630000DF0C1FE002870D04FF42053D8F80000C0
:105640008DF82C500BA9ADF82E300DF0B4FE38B10A
:10565000A3681BB15A88BA4200D25F8001200EE0D5
:10566000616808460EF066FA728D738B9A4294BF99
:10567000C0EB0200C0EB0300032803D8002011B0E8
:10568000BDE8F08F08460DF0EFFD054660680EF0AE
:1056900051FA728B738D05F10C0B9A4294BFC0EBDB
:1056A000020AC0EB030A58460DF057FE824537D276
:1056B00060680EF03FFA728D738B9A4294BFC0EB14
:1056C0000200C0EB030070B96368987AFDF7B2FB83
:1056D000002200230DF0C0FD05460028CED0014673
:1056E00060680DF0D2FD00230093D8F80460102309
:1056F00002AA41464846B047061E0EDB227CE068FF
:10570000B2422BD001460BA80DF083FE60B9237C7A
:10571000144A154802210DF078FC0023A3609DE790
:1057200058460DF01AFECEE7F2B202A906A80DF017
:1057300070FE10B90D4A3346EBE706A90BA80DF031
:105740003AFE0028E9D100236374042105F10C001E
:105750000DF0B7FDA0600780A3687EE702A912F0F4
:105760004CFCEEE77AB402006C89020099B40200A6
:10577000F8B54FF470220746002311480D460DF08E
:105780006BFD044638B90F4A0F482B4601210DF036
:105790003CFC2046F8BD00F10C06092130460DF016
:1057A00085FD2046FDF74EFB084B182202FB003317
:1057B000012130469F600DF084FD0570E9E700BFD0
:1057C000E41B002049B202006C890200DC45002085
:1057D0002DE9F0410E8A043EF6B2022E04468CB04A
:1057E000084601D0102E64D104210C300DF099FD33
:1057F0000DF1080805884788011D324640460DF026
:1058000008FE002857D09DB3002687B3AF422FD3A0
:105810004FF4205301A940468DF80460ADF80630DE
:105820000DF0C9FD40BB1422002107A812F0DDFBDA
:1058300011212046FFF79CFF0990002837D0012155
:105840000C30CDE907480DF03CFD00230A901B4ABF
:10585000037039460B93284607AB0EF0EDF90A9B0F
:105860001B78FBB90998FDF78DFB0A2301E03D4643
:1058700001232A4610210EE042F6010307A9404603
:105880008DF81C60ADF81E300DF095FD0028CAD0D3
:1058900010232A46194620460EF06EFB00200CB05D
:1058A000BDE8F081099920460EF0D1F9F6E7112004
:1058B000F5E70420F3E70E20F1E700BF595201009D
:1058C0002DE9F043036885B004460D4618680121B0
:1058D0000FF02DF840B904F154000EF03EFBB0BBC0
:1058E000122005B0BDE8F08310220021684612F0B6
:1058F0007CFB21212046FFF73BFF029048B3DFF8F5
:105900005890009405F10C074FF001082B8A012BE9
:1059100004D8029920460EF09AF918E038460DF0A6
:1059200010FD6B464A46014606468DF80C800EF087
:1059300083F99DF80C30002BE8D00298FDF722FB8C
:105940009DF80C303246202120460EF015FB002039
:10595000C7E71120C5E700BF674002002DE9F0430B
:10596000036885B004460D46186801210EF0DFFF7C
:1059700040B904F154000EF0F0FAB0BB122005B0AB
:10598000BDE8F08310220021684612F02EFB0F21A3
:105990002046FFF7EDFE029048B3DFF858900094E0
:1059A00005F10C074FF001082B8A012B04D802994E
:1059B00020460EF04CF918E038460DF0C2FC6B465C
:1059C0004A46014606468DF80C800EF035F99DF8E2
:1059D0000C30002BE8D00298FDF7D4FA9DF80C307B
:1059E00032460E2120460EF0C7FA0020C7E71120EC
:1059F000C5E700BF07400200F0B51D46036885B04B
:105A000004460E461868012117460EF090FF38B97B
:105A100004F154000EF0A1FA48BB122005B0F0BD0D
:105A200065B310220021684612F0DFFA394620469D
:105A3000FFF79EFE029018B3BDF82830ADF8043091
:105A400001238DF80C300F4A00946B4629462846F6
:105A50000EF0F2F89DF80C305BB10298FDF792FA67
:105A60009DF80C302A46314620460EF085FA00207B
:105A7000D4E7029920460EF0EAF8F8E70120CDE7D6
:105A80001120CBE7074002002DE9F0410E8A043EC9
:105A9000F6B2022E04468CB0084601D0102E76D104
:105AA00004210C300DF03DFC0DF1040805884788F9
:105AB000011D324640460DF0ACFC002869D085B38C
:105AC00077B3BD422DD8606801210EF030FF064645
:105AD00078BB8DF8000042F6020369464046ADF8F7
:105AE00002300DF068FC20B342F6030306A94046DD
:105AF0008DF81860ADF81A300DF05DFCC8B1012DBD
:105B000003D14FF6FF739F4213D004F154000EF0FF
:105B100024FA002814BF002012200CB0BDE8F08148
:105B20003D4601232A46082120460EF025FA002092
:105B3000F3E7182200210DEB020012F056FA0921BA
:105B40002046FFF715FE0890F8B101210C30CDE991
:105B500006480DF0B6FB0023099003700A238DF868
:105B60002C300D4A06AB394628460EF065F89DF8F4
:105B70002C302BB10898FDF705FA9DF82C30D1E7B1
:105B8000089920460EF063F8D1E71120C5E70420FC
:105B9000C3E70E20C1E700BF895401002DE9F0439F
:105BA0000F4687B00446062107F10C000DF0B9FB43
:105BB0000588B0F802808288D7F80C90C5B1002320
:105BC000B8F1000F13D0454512D88DF800308DF88C
:105BD000043001A94FF420536846ADF80220ADF817
:105BE00006300DF0E8FB064660B10A2301E04546A9
:105BF00001232A46062120460EF0BEF9002007B0F8
:105C0000BDE8F0830146142201A83F7C12F0EDF9B3
:105C100007212046FFF7ACFD0290D8B10A238DF88A
:105C200015300D4A019401AB41462846CDE9036980
:105C30008DF814700EF000F89DF815302BB1029815
:105C4000FDF7A0F99DF81530D3E7029920460DF035
:105C5000FEFFD3E71120D2E70D5601007FB5CB68D8
:105C60001D885E88044685B176B1B5420DD81022F4
:105C70000021684612F0B9F905212046FFF778FDAA
:105C8000019058B9112007E0354601232A46042126
:105C900020460EF071F9002004B070BD6B46094A31
:105CA0000094314628460DF0C7FF029B23B90198A6
:105CB000FDF768F90A23E9E7019920460DF0C7FFCF
:105CC000E9E700BF6B3C02002DE9F04182B000AF74
:105CD000044688463E4800220023394607F04EFD20
:105CE0000546B0B16D4688B06A463A4BC2E9053404
:105CF000032342F8103F384800234FF4C251FBF70A
:105D000079FEAD466FF00B0630460837BD46BDE85C
:105D1000F08112F069FB314B3E681A58304B29462E
:105D20001A60301D282212F060F934603C682D485A
:105D30007D60C4E90155C4E9095500220023391DDD
:105D400007F01CFD064688B123686C4688B06A4699
:105D50002549C2E90513032342F8103F1E482B468C
:105D60004FF4C451FBF746FEA546CBE77B680146DE
:105D7000B022184612F039F91C4A82605C3010F0EB
:105D8000A6FE7B68BFF35B8F543353E8002F43E8D4
:105D900000610029F9D1BFF35B8F7B681C60636AE7
:105DA0007D681BB904F10C0010F091FE626AC5F821
:105DB000A820A26A05F1A803636202B9A3627B6806
:105DC00017225A855A830433C8F800309CE700BF75
:105DD000881A0020B8B402006C8902000800000094
:105DE00024460020A41A0020DDB4020090160020F2
:105DF00008B5437B072B06D00C4A02210C480DF056
:105E0000B1FE002008BD04210DF07FFE10B9094A43
:105E10000121F3E7BFF35B8F036DBFF35B8FDB07FC
:105E200001D4054AF4E750F8040CEBE702B5020090
:105E30006C89020010B502007BB302002DE9F14F1E
:105E40000546FCF7FFFF3D49182202FB00F3C81886
:105E500051F803800779B0F80690D0F810A000211F
:105E6000D0E9024612F0C1F8A87AFCF7E3FF6969AD
:105E7000834651B16B7AD80705D4DBF824301B6810
:105E800028469B68984700236B612946584610F0C6
:105E900035FE002F45D0002C43D02368002B40D086
:105EA0001B68002B3DD0B8F1000F08D0244A2548CC
:105EB0004346012101B0BDE8F04F0DF0A6B8201D0A
:105EC0000EF053F93846FFF7B1F8052829D8DFE876
:105ED00000F01E03281E2803BFF35B8F636DBFF322
:105EE0005B8FDA0707D4184A1648012101B0BDE8D4
:105EF000F04F0DF037BEA36D9BB14FF4702200231D
:105F000004F1780001B0BDE8F04F08F0E9B823686B
:105F10001D68BFF35B8F636DBFF35B8FDB07E2D55B
:105F200056B901B0BDE8F08F51462846B04701345C
:105F3000A3B29945F8D8F4E70024F9E7DC4500203E
:105F40002BB502006C8902007BB30200F8B50F4646
:105F50001646FFF74DFFB0B1446A20461CB150F819
:105F6000A84904B1A83C731C194638B1428D458B31
:105F7000AA4228BF2A469A4207D264B90A4A0B4865
:105F800002210DF042F80020F8BD32463946BDE846
:105F9000F840FFF7BDB9D4F8A85005B1A83D204698
:105FA0000B462C46E2E700BF4AB502006C890200AE
:105FB00007B50B460246002112F016FA01910F496F
:105FC00009580F480068884204D00E48D0F8B8003D
:105FD000884201D10022134601A90B4807F0CEFBED
:105FE000014648B9019B1C22184611F0FEFF0346EA
:105FF000184603B05DF804FB0023F9E70800000031
:1060000024460020D8420020C01A002010B50446C3
:10601000806818B1FCF7B6FF0023A3602146024850
:10602000BDE8104010F063BCC01A00202DE9F34712
:10603000044678300E4617461D4610F049FEA06D06
:1060400058B91848184A02210DF08CFD204600F07E
:10605000DDF8002002B0BDE8F087144B98424FF005
:10606000000805D12068C4F858800EF0B3F8F0E7B6
:10607000D0F80490C0F80480A06DD0F818A0FFF705
:10608000C5FF2068C4F858800EF0A4F8B9F1000FDD
:10609000DFD02068CDF800A000683B463246294694
:1060A000C847D6E76C89020065B502002846002083
:1060B00070B5054650F8043C55F804690446002BB9
:1060C0003AD039B1436D002B36D01B7CDA0733D57B
:1060D00005231BE0304601F065FC737A012B2BD0C1
:1060E000646D4CB3237CDB0726D5E368002BEFD02F
:1060F0006269617C2846FFF70BF9064668B9637C44
:106100000E4A0F4801210CF080FF0E230022284682
:106110001146BDE87040FFF789BFD4E90512E36876
:10612000984718B13046FCF72DFFEEE73146284678
:10613000FEF7B6FF0028F5D170BD00BF7CB50200A8
:106140006C890200F7B550F8044C0546002C59D074
:1061500000F1A40104F124000DF0E6FE2E1F05F16C
:10616000580700220023384607F0D2FC024678BBCD
:106170006B6D2BB101466FF067033046FFF756FF9A
:10618000002345F8043C05F15003BFF35B8F53E84F
:10619000001F21F0010143E80012002AF7D1BFF3EC
:1061A0005B8F636A73BB04F10C0600220023304648
:1061B00007F0AEFC78B9666886B9134826602146B8
:1061C00010F095FB286803B0BDE8F04001F002BC78
:1061D000FCF7D8FEC5E7FCF7D5FEE6E7A268336812
:1061E0006360964208BFA36077683FB1B3690093CC
:1061F000002320681A466FF06701B8473046FFF762
:1062000005FFD8E703B0F0BD881A002030B5054679
:1062100089B055F8043B044618680DF0FCFB69464C
:10622000FEF7DEFF2846FFF78DFF606813210DF0B3
:1062300060FB034620B1034A034801210CF0E5FE50
:1062400009B030BD9CB502006C890200B0B50446AF
:1062500088B054F8783D00AF18680DF0DCFB394683
:10626000FEF7BEFF6D4688B06A460B4BC2E90537A4
:106270004FF400739383094B42F8103F00234FF40F
:10628000E2510748FBF7B6FB2046AD46FFF7BEFFDD
:106290002037BD46B0BD00BFBAB502000300000103
:1062A0006C890200F8B51D460F461646FCF7CAFD7C
:1062B000044C182303FB0040C0E903760123C3808C
:1062C0000575F8BDDC45002008B511F0C7F938B1F7
:1062D0000346044A044801210EF064F86FF00400FC
:1062E00008BD00BFEDB502009C89020010B5084949
:1062F000144618461022A047041E07DA054A06482D
:10630000234601210EF04EF8204610BD0024FBE785
:106310002035002003B602009C89020070B50D4CA8
:106320002378834206460D4604D1611C28460EF0B0
:106330008EF858B9237CB3420AD1074928460EF09B
:1063400086F810B1012004EB001070BD0020FAE7C0
:106350000020FAE75C4600206D46002070B50D4C29
:106360002378834206460D4604D1611C28460EF070
:106370006EF858B9237BB3420AD1074928460EF07C
:1063800066F80028054808BF002070BD2046FCE7DD
:106390000020FAE7C8340020D5340020D43400208F
:1063A00070B50D4C2378834205460E4603D1601C20
:1063B0000EF04DF860B9237BAB420BD10748314654
:1063C0000EF045F818B101200C2303FB004070BD0E
:1063D0000020F9E70020FAE7525700205F5700201D
:1063E00070B5204B144682689A420FD1A568C668E2
:1063F00075B92279216830460EF031F8024628B18D
:10640000194901300EF058F815701581012070BD42
:10641000E0680028FBD02B888B420AD0F6D2E068D7
:10642000A36801380433E0600038A36018BF01207E
:10643000EDE725682279294630460EF010F802462D
:1064400060B9094930460EF00AF802460028E6D045
:10645000294601300EF030F823791370A3685B8869
:106460001381DCE7116A0100B0A7020010B50748EC
:106470001021FCF735FF034630B1BDE81040044A57
:10648000044801210DF08EBF10BD00BF1035002063
:1064900024B602009C89020070B5144D064640B136
:1064A00015F8011C2A466C1E0DF095FA98B120468D
:1064B0000CE00F4928460DF0CAFF40B90C4905F120
:1064C00010000DF0C4FF20B105F10F0070BD681E73
:1064D000FCE70020FAE7217C04F1110230460DF0C0
:1064E0007AFA0028F5D004F11000EFE75D460020AD
:1064F000B0A7020010B54A1C0C4638B109780DF05F
:106500006AFA08B1204610BD0020FCE70249104697
:106510000DF09DFFF5E700BFB0A702002DE9F041A7
:1065200006460F4690460DF02FF850B339463046D8
:10653000FFF714FF054698B913480DF0C4FF044651
:10654000E8B112480DF0BFFF50B9114D01240C23E2
:106550005C43104A601C394610440DF0ADFF1655DF
:10656000012101FA08F105F108000DF087FFBDE8EF
:10657000F04109484FF40042002307F0B1BD054D3A
:10658000E5E7BDE8F08100BFD0340020DC34002016
:10659000D4340020C8340020E034002010B5014677
:1065A0000246042311F8010B0832FCF767FE03468C
:1065B00030B1BDE81040034A034801210DF0F2BE9E
:1065C00010BD00BF4AB602009C8902002DE9F041CF
:1065D00080460F4616461D46FFF7E2FE044680B988
:1065E0001549FFF7DDFE044630B9BDE8F041134A16
:1065F000134801210DF06DBF00F8018B39460DF0F5
:106600005BFF228963896AB973B926816581214656
:1066100011F8010B0CF0B8FF40B12046BDE8F04185
:10662000FFF7BCBF964203D39D42EFD8BDE8F0818F
:106630009D422681EBD9E9E7B0A7020066B60200C9
:106640009C89020008B5034A034801210DF041FF6F
:10665000002008BD85B602009C89020038B50F4BAA
:10666000144682689A420D4615D122792168C06885
:106670000DF0F5FE78B1D4F8C8302F2B03D9BDE862
:106680003840FFF7DFBF04EB830201331581018936
:106690005181C4F8C830012038BD00BF116A010023
:1066A00008B5044A044801210DF013FF6FF01500EE
:1066B00008BD00BFD9B602009C8902001FB5104674
:1066C000074A19464FF42813CDE902230823009303
:1066D000BDF818206B440DF016FF05B05DF804FB03
:1066E0001800280038B5094B154682689A420AD12D
:1066F000C4682968013420460DF0A9FE18B1696804
:1067000020460DF0D9FE012038BD00BF116A0100FE
:1067100008B513468168074A914209D11A79196868
:10672000C0680DF09CFE18B1002303604360038134
:10673000012008BD116A010002484FF4A472002331
:1067400007F0CEBCA835002008B5042108480DF09C
:1067500095FE07486FF002010DF09FFE04480DF012
:10676000B2FEC30701D5FFF7E7FF002008BD00BF59
:10677000D8350020024608B5084901300DF09CFECE
:10678000002313720C32BFF35B8F52E8001F42E804
:1067900000300028F9D1BFF35B8F08BDB0A702001D
:1067A00010B5FFF7FDFD044678B1014611F8010B65
:1067B000FCF772FD034620B1054A064801210DF0A1
:1067C000F1FD002323606360A360002010BD00BFC3
:1067D000E5B602009C89020070B500F1700605461E
:1067E0003146007A0CF0D0FE04463146287A54B186
:1067F000FFF7D6FF034660B1BDE87040054A064882
:1068000001210DF0CFBDFFF7CBFD10B10460446056
:10681000846070BD02B702009C89020037B504464F
:106820000D46FFF77BFD0246C0B1037A8DF80430B8
:106830000C300DF048FE00F001008DF80500022339
:1068400001AA29462046FCF72FFD034620B1044A41
:10685000044801210DF0A6FD03B030BD0346F0E76A
:1068600018B702009C8902002DE9F04385B00E465E
:1068700000AF90469946044658B9354A354801213B
:106880000DF027FE6FF0150528461437BD46BDE80C
:10689000F08307F108010CF068FD054698B16D46DC
:1068A00088B06A462C4BC2E905344FF400739383D9
:1068B0002A4B42F8103F274800234FF4E251FBF7E0
:1068C00099F8AD46DEE7391D20460CF055FC786896
:1068D00058B10A2229460AF053FA034628B1204A41
:1068E0001C4801210DF05EFDCCE707F108010020F6
:1068F000FFF756FD044620BB002EC5D01949FFF70F
:106900004FFD044638B9184A124801210DF0E1FD47
:106910006FF00B05B8E7002300F8013B07F1080111
:106920000DF0CAFD04F1080104224846C047041EC8
:10693000AADA0E4A0748234601210DF033FD254609
:10694000A2E7002EEED10660466086609CE700BF9D
:106950000FA802009C89020041B702000300000159
:106960005DB70200B0A7020078B7020003B60200CC
:106970002DE9F041234B154682689A42074602D121
:10698000C468638933BB0120BDE8F081FDF7B0FE28
:10699000E36800216181002BF5D038469847F2E783
:1069A00005F17008287A41460CF0EEFD68B9164BE7
:1069B0009C4202D12846FFF70FFF144930460DF0E4
:1069C0007BFD002323702381E2E7414630460DF032
:1069D00073FDDDE72389002BDAD02646284616F81A
:1069E000011B32460CF0F7FF0028D9D12078314640
:1069F000FEF7C6F90028CBD0437B072BC6D1FDF7A5
:106A000077FEC0E7116A0100E0160020B0A702007F
:106A10002DE9F0471F46BDF82030D1F80C9006460E
:106A20008846002B4ED17B1E012B4ED8012F4946A4
:106A3000157818BF1588FFF75DFD0446B8B915B97C
:106A40003846BDE8F0874946FFF754FD044638B99B
:106A50001F48204A02210DF03CFD6FF01000F0E7C6
:106A600006F1700101300DF027FD337A2370D9F85B
:106A70001030DBB9B4F808A02581B9F80A30AB4270
:106A800003D0494640460DF026FDAA4505D0307A90
:106A9000002206F17001FFF741FD002DD0D10E4913
:106AA000601C0DF009FD25702581C9E72A46414685
:106AB000304698470028C4DB01380128DAD96FF046
:106AC0000D00BEE76FF00600BBE76FF00C00B8E703
:106AD0009C8902009AB70200B0A7020008B51248CC
:106AE00001210DF0CBFC10F0010F104B0AD1104A20
:106AF0009A610D480DF0E7FC830713D4BDE8084008
:106B0000FFF71ABE1A8B588B012A4FF6FF7205D871
:106B1000904207D04FF6FF725A83EAE790421983FA
:106B2000E7D0F7E708BD00BFD83500208835002042
:106B30000100FFFF10B5104C104920460DF087FCF6
:106B4000014638B9601E0DF07AFD14F8010C21469B
:106B5000FFF764FE09490A480DF079FC014650B977
:106B600008480DF06CFD084BBDE81040187C03F19F
:106B70001101FFF753BE10BD5D460020B0A7020013
:106B80006D4600206C4600205C4600202DE9F04157
:106B90001F46BDF81830012B0646904635D83B44B9
:106BA000012B3D4634DCFFF777FC044668B9FFF75C
:106BB00073FC044648B9194A194802210DF089FCB2
:106BC0006FF010052846BDE8F08197B1217A98F85A
:106BD0000020002321FA03F0C70703D522FA03F0AF
:106BE000C00718D50133032BF4D102F0070211437B
:106BF000217206F17001601C0DF05EFC337A237087
:106C0000012120460DF02BFDDCE76FF00605D9E7EA
:106C10006FF00C05D6E76FF01205D3E7B4B70200AA
:106C20009C89020010B56FF0020104460E480DF079
:106C300034FC0D480DF047FCC20704D50B48002278
:106C4000002307F04DFA20460DF064FB58B12046B2
:106C5000FFF722FC38B1037ADB0704D5BDE810400A
:106C600001210DF0FCBC10BDD8350020A835002056
:106C70002DE9F04385B0894600AF16469846044694
:106C800058B9424A424801210DF023FC6FF0150526
:106C900028461437BD46BDE8F08307F108010CF023
:106CA00064FB054698B16D4688B06A46394BC2E927
:106CB00005344FF400739383374B42F8103F344848
:106CC00000234FF4E251FAF795FEAD46DEE7391D99
:106CD00020460CF051FA786858B10A2229460AF089
:106CE0004FF8034628B12D4A294801210DF05AFBDF
:106CF000CCE707F108010020FFF710FB044690B92C
:106D0000FFF7CAFB044638B9254A214801210DF096
:106D1000E0FB6FF00B05BBE7002300F8013B07F138
:106D200008010DF0C9FBB9F1000F2AD00222394643
:106D30004046B047061E07DA1A4A15483346012175
:106D40000DF030FB3546A3E73B782372022E09D0C5
:106D5000154A0F4802210DF0BCFB002120460DF022
:106D60007EFC95E77B78012B05D9104A084831460F
:106D70000DF018FBF1E703F0010120460DF05FFC78
:106D800086E72046FFF7F6FC82E700BF0FA8020067
:106D90009C89020041B70200030000015DB70200B8
:106DA000E0B7020003B6020002B8020056B80200C3
:106DB00010B51B4801210DF061FBC3072ED4022141
:106DC00017480DF05BFB084007D11649164A0B889F
:106DD000164CA2421CD300B10B80154915480FF088
:106DE0006BFF4FF4A47200231248FCF707FB124913
:106DF00012480FF061FF022111480DF03FFB1148CE
:106E000011490FF059FFBDE810401048FDF7F4BFDD
:106E1000506803449BB208320120DAE710BD00BF7E
:106E20007C4600206A5700204C89020064890200D9
:106E300093470200303500203D760100A835002040
:106E4000D8350020E03400202B480200B81600207E
:106E50002DE9F041034648B1008A38B91249DFF8FC
:106E60004CE001244FF0140C714501D3BDE8F081D2
:106E7000D1E90076BB4204D30CFB0672143A93426C
:106E80000ED93444A2B208311446EDE70CFB057864
:106E9000434507D001356219B54292B2F6D1F2E707
:106EA0000025F8E71046E1E74C89020064890200FA
:106EB0002DE9F74FBDF83050009199464FF6FF731A
:106EC000002D08BF1D46244B1B8883420746904671
:106ED0003CD203B0BDE8F08F73682344BB4232D28A
:106EE0009CB208361D4B9E42F6D3F2E789580193B7
:106EF00040460CF060FA019B90B101340AF1010A9E
:106F0000A4B273685345ECD9009B9C42E1D8BC42C3
:106F10003168F2D30BFB0AF28B18B8F1000FE5D100
:106F2000B9F1000F0BD1013DADB218460E9A0D9B81
:106F300021469847002DCCD00028DED1C9E7DA6879
:106F40009145DAD1EFE74FF0000ADAE7044E012469
:106F50004FF0140BC6E700BF6A5700206489020097
:106F60004C89020010B51822E4B000210DEB02009C
:106F7000CDE90111CDE9031111F037F84FF41053A9
:106F8000ADF81430254C8023ADF816304FF48063F3
:106F9000CDE90734102262AB01A905A808F0BEFCB8
:106FA000034630B11E4A1F4801210DF0FBF964B0C1
:106FB00010BD01464FF4AC720CA811F016F862999E
:106FC00022460CA810F047FB034608B1164AEAE730
:106FD000164A0CAB4FF6FF7101200DF0CFFB1449A0
:106FE00005AB10220CA810F04DFB0446629808F087
:106FF00053FC14B10F4A2346D5E70D4B214603F14C
:1070000010020131187812F8014D03F8014B0829DC
:107010001070F6D108480DF031FAC8E70002C0033D
:10702000A7B802009C890200D0B80200A943020060
:1070300010350020EEB80200D83500202DE9F041CF
:107040001849BDF818700446A1F1300015461E46D7
:107050000FF051FE14480DF036FA010705D4FFF782
:1070600081FFFFF767FDFFF701FA2046FFF714FAEB
:1070700068B1037ADA070AD500F10C0420460DF056
:1070800022FAC30703D4022120460DF0F7F910239A
:1070900006933A4631462846044BBDE8F0410DF0D0
:1070A00032BA00BF60350020D835002010350020EE
:1070B00010B51A480DF007FAC0F3C00080F00104C3
:1070C00008B9FFF74FFF15480DF0FDF903461348C7
:1070D0000DF0F9F9DA061FD5830606D5E4B1FFF7FE
:1070E00029FDBDE81040FFF7C1B920210B480DF084
:1070F000C5F90B491022881810F07FFF48B90948DC
:107100000FF0E6FDBDE8104004486FF001010DF0FE
:10711000C4B9FFF7E3FCE2E710BD00BFD83500209B
:1071200010350020A835002008B5102103480DF0C7
:10713000A5F9FFF7BDFF002008BD00BFD83500202E
:107140002DE9F04FB9B000AF0C4690463749D7F85B
:1071500008013A4699460BF0EBFF38B9FFF7A0FA61
:1071600005462846E437BD46BDE8F08F3E68391D28
:1071700030460CF001F83EB92D4A2E4801210DF0A1
:10718000A8F96FF015043EE07868F8B907F1080A2D
:107190004FF0000B5146304687F814B00CF0E5F87C
:1071A000054600B36C4688B06A46234BC2E90536F3
:1071B0004FF400739383214B42F8103F1D485B4608
:1071C0004FF4E251FAF716FCA546DAE70A2200214D
:1071D00009F0D6FD03460028D8D0194A15480121E8
:1071E0000DF0E0F8CDE7C7F810A0E4B1C02207F138
:1071F00020014846C047041E07DA124A0D482346BC
:1072000001210DF0CFF82546ABE7A40807F12003D4
:10721000C7E906340C4A07F110034FF6FF7101204D
:107220000DF0ACFA9DE72346F2E700BF04B9020077
:107230000FA802009C89020041B702000300000170
:107240005DB7020003B60200E163010030B5B5B0DE
:10725000002301918DF8080033930E4A01AB0446D8
:107260000D4601204FF6FF710DF088FA339B73B184
:107270009B0003AA29462046FCF724F8034620B1C8
:10728000054A064801210DF08DF835B030BD1A468B
:10729000F0E700BF5D6601000BB902009C890200A7
:1072A0002DE9F34100F17008CDE9001204460F46C4
:1072B000007A414616460CF067F90F4A05466B46C0
:1072C0004FF6FF7101200DF059FA1DB1207A4146A9
:1072D000FFF7BCFF207A3946FFF720F840B131466E
:1072E00001300DF0E9F81DB1207A4146FFF796FA1A
:1072F00002B0BDE8F08100BFE566010007B50023DC
:107300000193FFF7A5FD411C89B20846034A01AB72
:107310000DF034FA019803B05DF804FB65430200F8
:107320002DE9F04387B0437B072B02AF80460C4624
:10733000164640F0A58000233B7342F60303206805
:10734000FB8107F10C010CF036F80546002834D11A
:10735000D4F80490B9F1000F05D14C4A4C480121F2
:107360000DF0B7F88CE00123009007F108022146E8
:10737000C847031E11DA6E4688B002AA4549D36198
:107380000423C2E9051442F8103F41482B464FF44C
:107390000151FAF72FFBB54672E0012B05D03E4AAA
:1073A0003B4801210CF0FEFF6AE03B7A13F0300FFE
:1073B00066D02046FFF7A2FF0446002320683B73F7
:1073C00042F60213FB8107F10C010BF0F4FF18B138
:1073D0002046FFF793FF0446002542F60219206875
:1073E0003D703946A7F802900BF0E5FF10BB002373
:1073F00020683B7342F60213FB8107F10C010BF08E
:10740000DAFF054600283BD1D4F80490B9F1000F0B
:10741000A3D00090022307F10C0221464046C84742
:10742000031EA8DB022BBAD1BB891E4214BF012068
:10743000002026E020683D7142F60303391DFB80E1
:107440000BF0B9FF0028D2D04FF4205320683D72D2
:107450007B8107F108010BF0AEFF0028C7D042F690
:10746000010320683D73FB8107F10C010BF0A3FFC2
:107470000028BCD02046FFF741FF04460028AED1CB
:1074800000201437BD46BDE8F08300BF29B90200D3
:107490009C8902003DB9020063B902002DE9F8435E
:1074A000154689469422696806460DF0CEF9804655
:1074B000002842D1696802223046FFF731FF0028D8
:1074C0003ED04FF470200021AF8AFEF771FD0237E5
:1074D000044680B11C4B47611D214174C0F80C80EB
:1074E000436085613A463046FEF730FD074638B9BD
:1074F0002046FEF78BFD6FF00B052846BDE8F883AC
:10750000012342464146FEF7CDFEA98A07F10C0051
:1075100002310BF0D6FE20F8029BAA8A296910F0EE
:107520003CFDA760214630460CF0D7FE05460028FA
:10753000E3D02046FEF76AFDDFE74FF0FF35DCE7DA
:107540006FF01505D9E700BF6B43020030B5044664
:107550008BB037480CF0B7FF42070D4661D514B128
:10756000637B072B60D168680590FFF771FC2A6880
:10757000ADF818003AB305A902912E4901910121F5
:10758000002300914FF6FF710593FFF791FC059BD7
:107590001BB96FF001000BB030BD6B60059B186824
:1075A00000238DF8103004A942F60303ADF8123021
:1075B0000BF001FF70B90598C3689B799B0605D451
:1075C0006FF01500E7E70028E8D1E2E70DF08FF84B
:1075D000ADF81800BDF818003CB101230146AB75A9
:1075E0002A462046FFF75AFFD5E76FF07F0307933F
:1075F0000223ADF8203042F60213ADF8123005AB8D
:10760000AC7502930C4B01930123009304AA23460B
:107610004FF6FF7109958DF81040FFF749FC079868
:10762000B9E76FF00A00B6E76FF07F00B3E700BF7D
:10763000BC14002099430200B977010073B500F132
:107640003005044650F8083C0193A0F120066FF085
:10765000010128460CF021FF0D4B44F81C3C0D4B5A
:1076600044F8183C01AB002044F8103C042324F8F3
:10767000080C24F8060C24F80C3C3146FFF766FF92
:1076800018B9022128460CF0F9FE02B070BD00BF07
:1076900084930200256C01002DE9F8433D4B1468EA
:1076A000904682689A4200AF054620D1C668338969
:1076B000721CE3B1317820460CF08DF9B8B14FF46B
:1076C0009572294620460DF0C0F830B3032812D138
:1076D0006C4688B06A46304BC2E9053542F8100F57
:1076E0002E4800234FF4C451FAF784F9A54601202F
:1076F000BD46BDE8F883052820460CBF4FF00309BE
:107700004FF002090CF061F9814506D998F8043070
:107710004B45ECD288F80490E9E7314628460CF056
:10772000DAFE1F4B9E42E2D1207A04F17001FEF78F
:1077300037FE05460028DAD0038913B94389002BA8
:10774000D5D02046FDF7F4F8164A2B8922F82030D0
:1077500002EB8003698959801349144D182303FBF8
:10776000001300B202EB800200EB40005D601A6182
:107770000F4D9D60042201EBC00120469A82FFF765
:10778000E5FE0028B3D00B4A044801210CF0A1FE0D
:10779000ADE700BF116A01007CB902009C890200BC
:1077A000E01600204E57002044460020849302003B
:1077B0007B46020090B902002DE9F843414B144684
:1077C00082689A42074603D001273846BDE8F8830D
:1077D000C6683D4B9E4211D03289A3899A4206F178
:1077E0000101F1D13078FDF7CBFA05460028EBD046
:1077F000437B072B26D0FCF77BFFE5E7334DDFF813
:10780000D0904FF00008494628460CF020FE78B989
:1078100015F8010C07222946FDF7CCFA78B923693F
:1078200015F8010C1A69294653881288FEF7CEFE16
:107830000C35B8F1000FCFD14FF00108E3E7FCF7AA
:1078400057FFF5E7736923B13946984708B92846C9
:10785000D1E73946942228460CF0F7FF0746002866
:10786000F5D1A389022B14D1338913F0020604D178
:107870002846FCF73DFFA660A6E72269A1882846B6
:10788000FFF70CFE0646A8B92269937D0133937574
:10789000EEE7012B04D02846FCF72AFFA76093E708
:1078A000338913F00106E3D02269A18828460DF040
:1078B00007F806462846FCF71BFF002EA66084DB6F
:1078C00082E700BF116A0100E01600205357002034
:1078D000B0A7020070B58EB000F1700504460390A9
:1078E0000123007A8DF8103029460BF04DFE90B13F
:1078F000227A52B302AE042130460BF079F9009699
:10790000134A242105A82B46FBF71AFC05AA1149A6
:107910001046FAF7D5FB4FF6FF710F4A03AB012073
:107920000CF02CFF20460CF050F89DF81010884207
:1079300009D220460CF014F8034620B1074A084843
:1079400002210CF02FFD0EB070BD0092D8E700BFF1
:1079500007B902004171010099760100ADB902003A
:107960009C890200F8B50E4B1B6805460E4617466B
:10797000A3B11C6804B1043C53F8043C1BB13A4663
:107980003146284698474CB1234664681B681CB1B1
:10799000043C002BF3D1F7E7002BF0D1F8BD00BF7A
:1079A0008046002013B50A4A009004464FF6FF7146
:1079B00001206B468DF804000CF0E0FE002120460B
:1079C0000CF0B5FF08B9FFF789F802B010BD00BF91
:1079D0009976010073B5044603461A4A4FF6FF71C3
:1079E000012004F170060CF0C9FE207A31460CF03B
:1079F000E2FE207A31460BF0C7FD50B1237A8DF8B4
:107A00000430114A00966B464FF6FF7101200CF0CE
:107A1000B5FE2046FEF740FD054688B1207A314686
:107A20000BF0B2FD28B9284602B0BDE87040FEF761
:107A3000A1BE3146681C02B0BDE870400CF03CBDF0
:107A400002B070BD716901001167010008B5054BF6
:107A5000014618460CF0ADFF043B002814BF184641
:107A6000002008BDE435002010B50C4A11680C4A0E
:107A7000BFF35B8F00F5B87353E8004F944204D115
:107A800043E8001CBCF1000FF6D1BFF35B8FBFF3DE
:107A90005B8FD0F87001BFF35B8F10BD884500206D
:107AA000E035002008B5FFF7DFFF0346C8B1D0E995
:107AB000001221B9002A0CBF0320022010E032B1CD
:107AC000836813B9094B1B7833B9042008E00749D0
:107AD000087828B19B6833B9003A18BF01225000DA
:107AE00008BD0320FCE70120FAE700BF9E7B0020D1
:107AF00008B5034A034801210CF059FF002008BDD6
:107B0000F5B90200E4890200024A034802210CF0A0
:107B10004EBF00BF10BA0200E489020038B500234E
:107B200004461A46EC300D46FDF7EEF958B16930BF
:107B300004D1074A074801210CF039FF2846BDE867
:107B40003840FBF71FBA2046BDE838400CF08BBF29
:107B5000A8B30200E489020038B5051D04460821D7
:107B600028460CF089FF084904F15700FCF7B0FCE7
:107B700048B1082128460CF05AFF0448044A012164
:107B80000CF015FF082038BD414C0200E4890200CA
:107B900029BA020038B5EC220546002110F025FA7A
:107BA000102105F1270004F0EBF8044648B905213F
:107BB00028460CF061FFFCF77BFC034B1860204665
:107BC00038BD0824FBE700BF8846002070B50E468C
:107BD00086B00446FFF748FFF36804F13702054614
:107BE000114603F1100053F8046B41F8046B834213
:107BF000F9D1237A052B00F29580DFE803F01723F3
:107C00002303936A02AB4B490093096804F12703ED
:107C100004F1570001F0B0FA58BB0A21201D0CF006
:107C20002BFFAB680299D4F8EC00984720460D2151
:107C30000CF022FF201D10210CF01EFF20460CF03E
:107C40004EFF20E094F8DC10D4F8D83002ADCB40E1
:107C50003849009503F00103096843F0800304F1FB
:107C600057000DF0A4F830B1334A344801210CF02C
:107C70009EFE082007E01022294604F1170010F0AC
:107C8000BCF910B1042006B070BD032120460CF0F1
:107C9000F3FE0CF024FF0028F5D194F8DC3001331A
:107CA000DBB2142B84F8DC3009D10D2120460CF016
:107CB000E3FE1021201D0CF0DFFE0020E3E7102181
:107CC00004F1270004F05CF8003818BF0120C00060
:107CD000D9E7102104F1270004F052F80028C8D198
:107CE00035B3EB6823B3164BE27A1B88ADF8083046
:107CF000A37CD20703F0010312D4002B14BF01238D
:107D000003238DF809300023C4E93833201D0C21EA
:107D10000CF0B2FEEB68D4F8EC0002A99847CCE76F
:107D20005B00EEE7074A054801210CF08FFEA0E753
:107D30000220A8E78846002042BA0200E489020037
:107D4000D08D02005BBA02002DE9F04790B00446E6
:107D50000CAD10220021284610F047F9237A052B9C
:107D600034D8DFE803F0060303063323D4F8D83011
:107D70000C93D4F8EC3004F1470204F1C707CDE9C5
:107D8000017204F1370803F17E0204F12709009221
:107D900077334A46414604F1970001F085F9F0B186
:107DA000454A464801210CF002FE14E0D4F8E430C4
:107DB000002BDED02E4603F11007186859683246B2
:107DC00003C20833BB421646F7D1D2E73C4A3B48D0
:107DD00001210CF03BFE082010B0BDE8F087D4F87C
:107DE000EC3003F177027E3308AE019304F1110306
:107DF0000292009303962B464246494638460CF0C1
:107E0000FBFF08B12F4ACCE7237A052B0ED1D4F81B
:107E1000E01011B30B46AC4601F1100E186859681A
:107E2000624603C2083373459446F7D1D4F8EC3068
:107E300003F17E0277330DF1100A019304F10A0376
:107E400002920093CDF80CA02B464A464146384694
:107E50000CF0D2FF30B11C4AA3E71022284610F0E4
:107E6000C4F8E3E71022514604F1B70010F0C5F85A
:107E7000F8B90D2120460CF013FE07460028AAD0C1
:107E800010210C300BF01DFA32460346164603CE85
:107E9000AE4218605960324603F10803F6D1394604
:107EA0002046FFF73BFE201D01210CF0E5FD0020E0
:107EB00092E70B2090E700BF77BA0200E489020046
:107EC0005BBA02008CBA0200AFBA020073B5047A42
:107ED000022C054623D844B190F8DC30D0F8D840C5
:107EE000DC4004F0010444F08004032128460CF037
:107EF000D7FD0646D8B110210C300BF0E2F9009006
:107F000012482346006805F1270205F157010CF0DD
:107F10004EFF044680B13046FBF734F807E0032CEF
:107F200008D00B4A0B48234601210CF08FFD082096
:107F300002B070BD0024D8E731462846FFF7EEFDB9
:107F4000281D21460CF073FD2046F1E788460020ED
:107F50005BBA0200E489020070B5061DCD680446D4
:107F60000B2130460CF063FD2B4604F1170205F19E
:107F7000100153F8040B42F8040B8B42F9D1237A19
:107F8000012B09D0022B13D1204604210CF074FDE3
:107F9000BDE87040FFF79ABF0A2130460CF009FD9A
:107FA0000028F1D0304600210CF066FD002070BDA5
:107FB0000348044A01210CF049FD0820F7E700BFFF
:107FC000E48902005BBA0200F7B50446FFF74CFDF6
:107FD000251D06460E2128460CF0EBFC70B94E4BD1
:107FE0002022196804F1570010F007F830B94B4A05
:107FF0004B4802210CF0DBFC082033E00C2120462A
:108000000CF04EFD07460028F6D040210C300BF056
:1080100058F9414B1B680246014603F1200053F812
:1080200004CB41F804CB8342F9D1203203F1200183
:1080300053F8040B42F8040B8B42F9D13946204621
:10804000FFF76CFD237A052B5DD8DFE803F0033CD6
:108050000D035C59042120460CF00EFDFFF736FF9E
:1080600000283FD003B0F0BD2046D4F8EC70FFF7F5
:10807000FBFC042106464FF0FF330DEB010001939A
:1080800003F07EFE0028B7D1019B264AB3FBF2F134
:1080900002FB11330193C4F8D83084F8DC0056B1E8
:1080A000336843B10B2128460CF0E6FC3368D4F862
:1080B000D81038469847032120460CF0DDFC0E21ED
:1080C0000CF0DAFC0EE0204603210CF0D5FC0E216A
:1080D0000CF0D2FC28460A210CF0CEFC7368D4F8D0
:1080E000EC009847284607210CF0C6FC0820FFF753
:1080F000ADFC70B9204603B0BDE8F040FFF72CBDE1
:1081000004212046DCE7084A054801210CF09EFCCA
:1081100072E70020A6E700BF88460020D3BA02001D
:10812000E489020040420F005BBA020070B50E46BF
:108130000446FFF799FCF36804F157052A4603F15A
:10814000200153F8040B42F8040B8B42F9D104F1DF
:10815000770203F1200153F8040B42F8040B8B4221
:10816000F9D12846FCF7FEF8D8B10E21201D0CF0FD
:1081700083FCD4F8EC50D5F8A43033B9287A05F153
:10818000700100F02DFEC5F8A400D5F8A4309BB115
:10819000DA8902F024027AB15B7B9B070CD40320BE
:1081A00070BD2846FCF7EAF830B90A480A4A0221AD
:1081B0000CF0FDFB0B20F3E7084B1D682DB9201DCB
:1081C00006210CF059FC2846EAE72046BDE870403D
:1081D000FFF7FABEE4890200EEBA020088460020EA
:1081E00038B512490446A0F1EC0554300EF064FD98
:1081F00028460CF0DBFCBFF35B8F0D4A04F18403CF
:1082000053E8001F43E800200028F9D1BFF35B8F3B
:10821000BFF35B8F88344FF0FF3354E8002F44E8FE
:1082200000310029F9D1BFF35B8F38BD5D8D0100AE
:10823000E035002080B500AF88B06A46074BC2E940
:108240000530032342F8103F054800234FF4C25184
:10825000F9F7D0FB6FF00B00BD4680BD0ABB0200F2
:10826000E4890200064BD3F8EC200AB1FFF7E2BF25
:108270000448C3F8F000EC330B601046704700BFB1
:10828000E0350020889402002DE9F0410B4600AF54
:1082900006460D2104300CF08CFB78B3DD68D6F86F
:1082A000EC3003F17008197A424602200CF044FDCC
:1082B0000446C8B94046FAF7AFFE6D4688B06A4634
:1082C000114BC2E905304FF4007393830F4B42F812
:1082D000103F0F4823464FF4E251F9F78BFB08207B
:1082E000AD46BD46BDE8F0812B462A3405F11002AB
:1082F00053F8041B44F8041B9342F9D1304609217A
:108300000CF0BAFB0020ECE72FBB020003000001D9
:10831000E489020038B5174B1B78054623B301F0FA
:108320000F042846FFF7BEFB134A03280CBF04F0D6
:108330000B0444F0040405F5BA731278BFF35B8FA5
:1083400053E8001F013103D143E800200028F7D192
:10835000BFF35B8FBFF35B8FD5F87431BFF35B8FD7
:108360002BB144F0010038BD01F00704D9E704F057
:10837000FE00F8E79E7B0020241A0020F8B50D4689
:10838000D0F8EC600446FFF76FFBEF68FB78102B2A
:1083900001D00620F8BDD6F8A4305BB1251D0F2111
:1083A00028460CF006FB80B92046FFF7F3FB60B1CE
:1083B000C0B2EFE7307A06F1700100F011FDC6F8A7
:1083C000A4000028EAD10820E4E7012363723B6897
:1083D000C4F80A30BB88E38102232374B9782046AD
:1083E000FFF798FFE0742046FFF75CFB10236074F2
:1083F00023753B7903F0030363757B7903F0010375
:10840000A375E37C1A070CD5BB781B0709D505219A
:1084100028460CF031FB637D03F0020363750023F3
:10842000A375052128460CF0C4FA002843D04C4B14
:108430001B78A374E37C980606D5BB78990603D510
:10844000142128460CF018FBE37CDA0735D5BB78FD
:10845000DB0732D50D2128460CF00EFBA37D84F8F6
:10846000E830637D84F8E930032128460CF004FBF2
:10847000237BE17C3F7803EA0102100704D5E27A0E
:10848000A07C0243D2071CD4042F1CD80B4313F04A
:10849000040307D02046FFF705FB324B07EB8707A5
:1084A0003B441B5C2372D6F8A41020460CF08AFAD9
:1084B00058B903206EE72C4BBAE700236375A37508
:1084C000CCE70523EEE70023ECE7D4F8EC309B7A09
:1084D000032B36D024D8013B012B3FF674AF052186
:1084E00028460CF066FA0028E3D00C2120460CF058
:1084F000C3FA02210CF0D4FA054600283FF463AF1A
:1085000006210C300AF0DDFED4F811300360B4F817
:108510001530838029462046FFF700FB002039E70D
:10852000042B7FF450AF237D627B934228BF134618
:10853000102B7FF42EAF052128460CF03AFA0028C4
:10854000B7D0237A002BB4D0052128460CF031FA9D
:108550000028C4D1237A013B012BC0D8A9E700BF72
:10856000A07B002043BD02009F7B00202DE9F0414D
:10857000C678012E044604D06FF015042046BDE8ED
:10858000F0810CF065FA0546002800F0AB80071D6D
:10859000042138460CF00DFA002840F0A680032193
:1085A00038460CF006FA10B16FF00F04E6E73146DA
:1085B00038460CF0FEF90028F6D12846FFF754FAA9
:1085C000D5F8EC309B7A032B064642D032D8013BDB
:1085D000012B48D90F21201D0CF0EBF90028CBD13D
:1085E000D4F8A43083B904F17006217A32462020F1
:1085F00000F034FCC4F8A40030B9217A32460420DB
:1086000000F02CFCC4F8A400D4F8A430002BB3D0A4
:10861000DA8912F0240FAFD0A17A022923D9587B2E
:10862000C007A9D503291ED09206A5D51B7B102B08
:10863000A2D118E0042BCDD12846FFF733FA032846
:1086400004D1002EC6D0F368002BC3D0284B1B7872
:1086500007E02846FFF726FA032804D1002EB9D0F8
:10866000F368002BB6D0D4F8A4303BB12846FFF70E
:1086700091FA044670B16FF068047FE7207A04F144
:10868000700100F0ADFBC4F8A4000028EED16FF03B
:108690000B0473E70B2128460CF002FA064600286B
:1086A000E9D001210C300AF00CFE09218046284651
:1086B000FFF730FE234688F800002246314605F1D8
:1086C000EC00FCF721FC044618B13046FAF75AFCDE
:1086D00054E738460F210CF0CFF9012128460CF061
:1086E000CBF94BE76FF07F0448E76FF0040445E7F0
:1086F0009E7B0020F8B5D0F8EC40D4F8A4300646B4
:10870000051D002B32D10221404A41480CF04FF99F
:108710000721404B5F5CD4F8A4304BB11B7B002B8E
:108720005CD1D4F8A4000CF017FB0023C4F8A430EB
:10873000022128460CF03DF940B9072F96BF364B71
:108740001F21D95D3A462046FCF7F2FA032128465C
:108750000CF02FF968B3314B1B6853B31D6805B19A
:108760000C3D53F8083C002B41D143E081BB0D2167
:1087700028460CF01EF9074620B1D4F8A40008B131
:1087800000F07AFC254B1B689BB11D6805B10C3DC0
:1087900053F80C3C13B13946204698474DB12B464F
:1087A000ED681B681DB10C3D002BF4D1F7E7002BE1
:1087B000F1D130460CF0FAF9637B072B24D1627AB1
:1087C000A37A9A4220D02046BDE8F840FFF7CEBEFB
:1087D0000139C9B20E299CD909279CE702212846F4
:1087E0000CF0E7F800289CD1A2E70C3D23B13946F4
:1087F00020469847002DDCD02B46ED685B68002DA5
:10880000F3D1002BF3D1D4E7F8BD00BF49BB020080
:10881000E489020034BD020023BD0200804500202F
:10882000F8B5031D06460F46184602210CF0C1F8A4
:10883000044620B1B6F8E840B4FA84F46409032190
:1088400018460CF0B6F880B139463046FFF752FFB3
:10885000C4B11A481A4A02210CF0A9F8D6F8EC0063
:1088600005210BF046F80020F8BD012118460CF058
:10887000A0F80028E8D10F2118460CF09AF800283B
:10888000E2D1E5E7052130460CF00AF9054688B14A
:1088900001210C300AF015FD2346077022462946B7
:1088A00006F1EC00FCF730FB0028DCD02846FAF794
:1088B00069FBD8E76FF06800D6E700BFE4890200E3
:1088C00073BB0200134B10B5044618604FF0FF3223
:1088D0004FF0FF33104805F053F8104805F006FC40
:1088E0000D4805F0C5F81CB9BDE81040FFF70CB9FC
:1088F0000B4CBFF35B8F54F80439BFF35B8F5B06FF
:1089000007D52046FFF760FB014610B12046FFF770
:1089100087FF10BD88460020101700202417002074
:10892000E43500202DE9F3410B8A04460E4643B995
:108930002D4A2E4801210CF03AF8002002B0BDE883
:10894000F081012106F10C000AF0EBFCA4F1EC052A
:10895000E83C0746042120460CF02BF83B7828B170
:10896000234A224802210CF071F8E6E70E2B01D9C8
:10897000204AF6E7DFF8808058F833204AB9022110
:108980001E4A1A480CF062F807212846FFF748FFF4
:10899000D3E7194628460CF0F3F83B7860B9134842
:1089A000174A02210CF052F8032120460CF001F87E
:1089B0000028C2D00821E8E708EBC301328A097910
:1089C000914208D001210093084813460D4A0AF04D
:1089D00026FB0A21D9E7314658F833302846984714
:1089E00001460028A9D0D0E7CBBB0200E4890200F1
:1089F000E6BB020017BC0200B094020039BC0200C2
:108A000053BC02005BB402002DE9F04784B090F83B
:108A1000E930D1F80C80D0F8EC6023F0020380F844
:108A2000E93098F8003000AF054606F17009BBB395
:108A300098F8063003F0C003C02B31D04046FAF757
:108A4000EBFA6E4688B06C465C4BDFF874812546C5
:108A50004FF4007AC4E90530A4F81CA045F8108F43
:108A600000232A464FF4E2515648F8F7C3FF484620
:108A7000B546FAF7D1FAA546534BA4F81CA0C4E9B1
:108A80000530C4F810804F4800232A464FF4E251C5
:108A9000F8F7B0FF0A20B5461037BD46BDE8F087AD
:108AA0000722414648460FF0A8FA68B1307A41469D
:108AB00000F0F0F9044638B1014628460BF082FF79
:108AC00028B320460CF048F90D21281D0BF071FF4A
:108AD000002862D0317A4A4602200CF02DF9044673
:108AE000B8B94846FAF798FA6D4688B06A46374BE7
:108AF000C2E905304FF400739383314B42F8103FC5
:108B0000304823464FF4E251F8F774FFAD46082091
:108B1000C2E7F378002B3AD106F17E0318780128DA
:108B200029D19A7902F0C002402A24D1D3F8012039
:108B3000C4F83A20B3F80530E38796F87030D3B123
:108B400096F8763003F0C003C02B14D02049FC60A7
:108B50003A1DC7E90198FBF7D3FED8F80030C4F8F6
:108B60000130B8F80430A4F8053098F80630E37105
:108B70003046FCF7ADF800212046FBF775F948B107
:108B80001048144A02210BF012FF032084E706F17B
:108B90007703C3E72046FBF779F995F8E9305B07DF
:108BA00003D50A2128460BF067FFB5F8E81009B194
:108BB000002071E72846FFF79DFDF9E76EBC020033
:108BC00003000001E4890200ECBC02002FBB02009C
:108BD000F34B020082BC02002DE9F0410E46044630
:108BE000D0F8EC80FEF740FFF668114A3378012197
:108BF0000546271D0F480BF029FF0A2138460BF0C8
:108C0000BFFF38B16DB920463178FFF773FD002002
:108C1000BDE8F0810B2138460BF0B2FF0028F1D1FE
:108C2000F1E72B69002BEED040469847EBE700BFF9
:108C3000BDBC0200E48902002DE9F8430546A0F11D
:108C4000E80600AF044688463046012155F8EC9905
:108C50000BF096FF28B3B8F1000F17D00321304670
:108C60000BF0A7FEE8B14046FAF764FD0138C0B248
:108C700008289ABF354B1C5C0024022130460BF0BB
:108C8000FBFE21462846FFF735FD0AE099F80B3038
:108C90003BB1032130460BF08CFE28B928460BF07F
:108CA00085FFBD46BDE8F883052130460BF081FE07
:108CB000B8B114F8043C1B0707D514F8033C180797
:108CC00003D5112130460BF0D7FE14F8043C23F0F5
:108CD000080304F8043C14F8033C23F0080304F8E8
:108CE000033C14F8033CD90710D5062128460BF0A5
:108CF000C3FE304602210BF0BFFE2068D0F8A4600E
:108D000066B134F8041C0029CBD1BBE79A0701D522
:108D10000821EBE75B07ECD50A21E7E77030FAF7AB
:108D20007BF96C4688B06A46094BC2E905304FF4BE
:108D300000739383074B42F8103F074833464FF4C4
:108D4000E251F8F757FEA546ABE700BF2BBD020086
:108D5000DFBC020003000001E489020037B5A0F582
:108D6000A075A0F59E74BFF35B8F2368BFF35B8F84
:108D7000BFF35B8F2A68BFF35B8F08480092012125
:108D8000074A0AF04CF928460821FFF7B3FC0421F2
:108D9000204603B0BDE830400BF06EBEE48902000F
:108DA000F4BC020008B5044B044801221A70FBF71A
:108DB00029FB002008BD00BF9E7B00202C1700204F
:108DC00008B5437B5B0607D40121FAF709FFBDE82C
:108DD0000840024805F0E0B808BD00BF3417002085
:108DE00070B50F4C14F8013B834206460D4604D182
:108DF000072220460FF001F968B10A490A48072204
:108E00000FF0FBF848B904F8016C2B682360AB88BD
:108E1000A380AB79A371024870BD0020FCE700BFBE
:108E20008C460020B0A702008D46002010B40B46EF
:108E30001146044AD489044202D010BC1046184797
:108E400010BC70478C46002008B503490022022060
:108E5000FFF7ECFF002008BDC18D0100F8B50C4CF8
:108E6000E389074620463B400D464FF00006114679
:108E700010F8012B07D0954203D107220FF0BDF85F
:108E800018B1304600E01846F8BD2046FCE700BFA8
:108E90008C46002010B5074C2378834208D1072266
:108EA000601C0FF0AAF800280CBF2046002010BD5F
:108EB0000020FCE78C4600202DE9F04192B01446DA
:108EC00002AF054638B9624A624801210AF094F8B7
:108ED0006FF0150640E0342207F10C011846A04758
:108EE000041E06DA5C4A23465A4801210AF08DF82E
:108EF000EEE7391D28460AF038FA064698B16C4666
:108F000088B002AA554BC2E905354FF4007393832C
:108F1000534B42F8103F4F4800234FF4E251F8F70B
:108F200069FDA546D4E7394628460AF025F9386890
:108F300038B10A22314607F023FF034608B1494AF7
:108F4000D2E72CBB3A1D21463F20FFF787FF40B1F7
:108F5000402221460FF049F830464037BD46BDE873
:108F6000F081381DFAF758F86D4688B002AA3E4BDA
:108F7000C2E905304FF400739383394B42F8103F38
:108F8000344823464FF4E451F8F734FDAD46E3E7A7
:108F9000391D0020FFF724FF0546C0B9381DFAF738
:108FA0003BF86C4688B002AA304BC2E905304FF45A
:108FB000007393832A4B42F8103F26482B464FF408
:108FC000E251F8F717FD6FF00B06A546C4E7342C05
:108FD0000BD034230093264A1E48234601210AF071
:108FE0001EF828460BF0B8FE72E707F10C0300F1FB
:108FF0000C0207F13C0C1C4603CC64451060516028
:10900000234602F10802F6D1206810606B7BDA0774
:10901000A2D513F030049FD1381DF9F7FDFFE846C3
:1090200088B002AA134BC2E905304FF40073938352
:109030000B4B42F8103F074823464FF4E451F8F732
:10904000D9FC6B7B23F00103C5466B7384E700BF3B
:109050000FA80200B489020063BD020041B70200FC
:10906000030000015DB7020082BD0200A5BD020041
:10907000C4BD0200E2BD020010B501460246342321
:1090800011F8010B0C32FAF785F9044628B1044AAD
:1090900003460121034809F0B8FF204610BD00BF78
:1090A00047BE0200B48902002DE9F0479AB01D4680
:1090B000DDE923972E4B16460CAA84468A4603F117
:1090C000300E904618685968144603C40833734537
:1090D0002246F7D118681B7920602371614620224F
:1090E00004A80BF04CFE23486B46202204A900F094
:1090F00071F80446C0BB102251460DF135000BF04B
:109100003EFE102231460DF145000BF038FE294697
:10911000062211F8013B8DF855300DF156000BF089
:109120002EFE2299062211F8013B8DF85C300DF1DC
:109130005D000BF024FE4B4635224146684600F0A8
:1091400049F8044680B948460BF023FE01238DF808
:10915000303035223B464146684600F03BF8044635
:1091600010B938460BF015FE20461AB0BDE8F0875E
:10917000D28D020074BE020070B598B00E4614463F
:109180000146202204A81D460BF0F9FD202231469D
:109190000CA80BF0F4FD1022294614A80BF0EFFDEB
:1091A0001022214668460BF0EAFD6B46502204A9C6
:1091B000184600F00FF840B9039B054A1BBAB3FBF1
:1091C000F2F102FB11331C9A136018B070BD00BF9E
:1091D00040420F002DE9F0418EB007460C4615467F
:1091E0000021182208A81E460EF0FFFE4FF410536F
:1091F000ADF81C30DFF85C808023ADF81E304FF4F2
:109200004063CDE90938102205AB394607A806F0BE
:1092100085FB034648B1104A1048012109F0F5FECC
:109220006FF004000EB0BDE8F08106AB029310238E
:109230002246CDE9006341462B4605980EF059FAC7
:109240000446059806F028FB2043EBD0044A234649
:10925000E2E700BF0002C0038EBE02008489020064
:10926000AABE0200F0B5114D114E124F85B04FF05D
:10927000FF334FF0FF3201A9284604F01DFB0346DF
:1092800090B10D483A46012109F0BFFEEFE723688F
:1092900013B1019A934203D1D4E9013101A898474F
:1092A0000C34B442F3D3E2E7044CFAE7401B00204D
:1092B000CC8B0200C3BE0200348A0200C08B0200C5
:1092C000F0B585B0DDE90C5417461E4601902346E3
:1092D0009DF828008DF808002C432A468DF80910C7
:1092E000ADF80A7003960AD00D490FF07DF8D1F859
:1092F000B8400C4909588C4204BF002213460A4862
:1093000001A90DF044FB041E07DA084A08480221AF
:1093100009F072FE204605B0F0BD0024FAE700BF58
:10932000D842002008000000401B0020D8BE0200E8
:10933000348A0200084B70B5C31A0D4607499B10CA
:1093400004465943064840220BF0AFFD2B46014628
:109350002046BDE870401847E0460020B76DDBB6F8
:10936000E484020073B50C4C0C4A4023041B0093A8
:109370000D460B460A49A4106143064609480BF006
:10938000BFFD011E05DA30462B4602B0BDE8704035
:10939000184702B070BD00BFE0460020694F0200D0
:1093A000B76DDBB6E48402000022F8B50121054662
:1093B0001046F9F7AFFA104802F0C0FD0446B8B9FC
:1093C0000CF0E2FB2F690D49384609F0D9FC031E69
:1093D00009DB01263E642D69084905F11C0009F0EE
:1093E000CFFC031E02DA1C462046F8BDEE64FBE704
:1093F0006FF00404F8E700BF5595010028950200BE
:109400007FB500220123CDE9022304ABCDE904336B
:10941000094ACDF800D06B46CDF804D00BF09DFD85
:10942000002805DB4FF480420023684604F0DCFB93
:1094300007B05DF804FB00BF7B4F020010B5064C7F
:1094400023782BB94FF4A5700DF0E4F901232370B4
:10945000BDE8104002F05CBDA17B002010B5EFF329
:109460001184402383F31288BFF36F8F074A136878
:1094700023F00201DB07116002D401200CF07EFB17
:1094800084F31188BFF36F8F10BD00BF30470020F9
:1094900030B4104B0C2202FB003301460020D3E90C
:1094A0000E529863EFF31180402484F31288BFF3C7
:1094B0006F8F1C6C04F0C00444F002041C6480F341
:1094C0001188BFF36F8F1DB12B46034830BC18477E
:1094D00030BC7047E0460020E484020010B4EFF393
:1094E0001182402383F31288BFF36F8F17480168FE
:1094F00041F002040460C80707D482F31188BFF367
:109500006F8F012010BC02F009BD4FF08041D1F8EF
:109510000C04D1F80C14C907EFD5EFF3118083F3D5
:109520001288BFF36F8F0A490B6C03F0C00343F03E
:1095300002030B6480F31188BFF36F8F82F31188ED
:10954000BFF36F8F002010BCFFF7A2BF3047002091
:10955000E046002010B1012804D07047034B1B6C7B
:109560005B0701D1FFF794BF704700BFE0460020C2
:109570002DE9F0413849BFF35B8F0746012251E8DE
:10958000003F41E800200028F9D1BFF35B8F33B9D9
:10959000324933484B60CB608A6009F004FC7B1E83
:1095A000012B2BD8012F07D14FF08043D3F81C3467
:1095B00003F00303012B21D00DF0DAFB0546F8B9C7
:1095C000284B1B78E3B14FF080430222C3F80823F5
:1095D0000646DFF894804FF08044D4F81824D4F87D
:1095E0001834D20315D503F00303012B01D0012F4A
:1095F0000FD155B386F31188BFF36F8FBDE8F081AB
:10960000EFF31186402383F31288BFF36F8F012598
:10961000DFE7ADB1304609F0EFFDD4F81835002B87
:10962000DBD1D4F80421002AD7D0C4F80431D4F80F
:1096300004310123C4F81835C8F88031A360CCE7A1
:10964000002121200DF049FCE7E74FF08043022282
:10965000C3F80423D2E700BFDC460020CC4600203C
:10966000FC4600205880002000E100E010B5044CCA
:109670002046F7F7EDFD2046F9F7A2FB002010BDCC
:109680008596010073B5104E8DF80700044603253A
:1096900001220DF10701002003F070FE20B101232B
:1096A0003370204602B070BD3378002BF9D0013DF5
:1096B00008D00DF05DFB0028EAD1002142200DF01A
:1096C0000CFCE5E73570ECE7A27B0020EFF311829C
:1096D000402383F31288BFF36F8F0A4BD3F8001136
:1096E00061B10021D3F80805C3F80011D3F80031A7
:1096F000C0B282F31188BFF36F8F70476FF00A001A
:10970000F7E700BF00D00040F0B5034610469C7854
:1097100093F803C0EFF31182402585F31288BFF35D
:109720006F8F1F7893F801E0E41B04EA0C04A04259
:1097300088BFA0B23E180CEA06063D461E7082F3B2
:109740001188BFF36F8F0A188A4216D177450CD162
:10975000EFF31182402181F31288BFF36F8F1978E4
:10976000597082F31188BFF36F8F1B79241AA342BB
:1097700022BF064B01221A60F0BD5E1901357679D1
:1097800001F8016B05EA0C05DEE700BF00D00040E0
:10979000DB432DE9F04713F001050E46144604D0D3
:1097A0002248FFF7B1FFBDE8F0879AB3EFF31188C5
:1097B000402383F31288BFF36F8F0D20F9F79CF8D5
:1097C00007460D20F9F784F888F31188BFF36F8FEF
:1097D000DFF85CA0DFF85C80CAF80051DAF80031ED
:1097E0004FF400590123CAF800302546C8F880918B
:1097F000DAF8003183B1FFF769FF031EC8F88091E2
:10980000F6DB013DADB27355002DF1D117B10D203E
:10981000F9F750F82046C6E7EFF31180402383F3B1
:109820001288BFF36F8F09F0E7FCE1E7644700207F
:1098300000D0004000E100E02DE9F041124F0D465C
:10984000144607F1450814B92046BDE8F0814FF0F1
:10985000FF334FF0FF32384604F0C6F9224629465E
:109860004046FFF751FF0646384604F083F93EB9FB
:109870004FF0FF324FF0FF33044804F0B5F9E6E74C
:10988000A41BA4B23544DEE7344700204C47002037
:1098900038B5194C0122114620460DF03DF9012240
:1098A000002104F118000DF037F940F20743A4F845
:1098B00048304FF0706323630C2384F83430002564
:1098C0000E4B84F84550A4F84650D3F8042522F0F6
:1098D0000102C3F804250121C3F80051D3F8002187
:1098E000C3F804132A4619600D20F9F713F80D2068
:1098F000F8F7E0FF284638BD3447002000D000408C
:1099000010B5FFF7E3FE002820DB174B93F8322059
:1099100093F8314093F83310141B31EA0404C0B2B9
:109920000DD193F8472093F8464093F84810141B44
:1099300031EA04040BD10D4B01225A600EE09C1851
:109940000132114084F8350083F8321010BD9C18A4
:109950000132114084F84A0083F847100448BDE8FA
:10996000104004F007B900BF3447002000D0004089
:109970004C470020024B0B6001231360704700BF6F
:1099800088470020004870474C95020007B5034601
:10999000054A00910548012109F041FB6FF01500CF
:1099A00003B05DF804FB00BF49BF0200048A020057
:1099B00010B5012211460748074C0DF0ADF802F032
:1099C0000BFB0CF0A2FC20600CF09BFC6060002004
:1099D00010BD00BF904700208847002038B5037BAA
:1099E00004460BB10CF0DFF80125A368032B06D861
:1099F000124AD2F80034DB07FBD5002038BD2368BB
:109A00006068196802F08CFD636804336360236842
:109A100004332360A368043BA360237B0135002B40
:109A2000E3D0284602F066FB0028DED0034AD2F8D5
:109A30000034D907FBD50120E0E700BF00E001407A
:109A4000F0B589B00E4615460CF05BFC294607467A
:109A500030460BF0C7FA60B3B6FBF7F307FB1363AE
:109A600023B9B5FBF7F407FB14545CB11F4A00950A
:109A700033461F48012109F0D2FA6FF01504204641
:109A800009B0F0BDAF42FAD84FF0FF334FF0FF32CC
:109A9000184804F0A9F80CF07AF804AB014660B954
:109AA000102218460EF0A1FACDE905650BF076FA02
:109AB00016E0114A00953346DBE71022214618468E
:109AC0000EF093FA01228DF81C200C4ACDE90220F9
:109AD0000B48CDE9056502F087FA02A802F08AFA80
:109AE0000446044804F046F8C9E700BF66BF020018
:109AF000048A02009047002049BF02009D4F0200E7
:109B0000645E010070B50D4688B0194628461646B9
:109B10001C460BF067FA58B91D4A00942B461D48A5
:109B2000012109F07CFA6FF01504204608B070BDE1
:109B300045EA04039B0703D0174A00942B46EEE73F
:109B4000002CF2D04FF0FF334FF0FF32134804F0F7
:109B50004BF80CF01CF80346CDE9046504A8069404
:109B60008BB101238DF81C300D4BCDE9023041F64D
:109B70004C5002F039FA02A802F03CFA04460748B9
:109B800003F0F8FFD1E78DF81C30FFF727FFF5E76A
:109B900049BF0200048A020085BF020090470020EE
:109BA000DD990100430970B507D10B4B596821B10C
:109BB00001250C68094E854001B970BD8A682A40AC
:109BC00002D04B68304698471CB1236821461C469A
:109BD000F2E72346FAE700BFA84700200485020009
:109BE00038B54568A86890B10CF079FA014670B9AB
:109BF000A8680CF058FA044658B902460649A86805
:109C00000CF042FA224605210620F8F783FE0020D8
:109C100038BD6FF00400FBE7A59B0100054A064B29
:109C200093624FF040221A60012100220420F8F7CD
:109C300071BE00BF44170020B44700202DE9F04F4B
:109C400089B002AF9346BB6003693B614368D3F8B8
:109C500020A09B8AFB604FF0FF324FF0FF33054698
:109C60000C460BF09AFB3B6948337B610023786913
:109C70000022002603F0B8FF33465E4501D30023DF
:109C800040E0207A010700F1938001365E452168AB
:109C90000BD2820709D4227D80EA020C0CF0010C61
:109CA00002F004025CEA020C08D023B901F0604221
:109CB000B2F1005F3FD04FF0000801E04FF0010823
:109CC0006268D7F80CE003EB020CF44524D96C462B
:109CD0008CB0286802A9384ECA61C1E90563FB68E7
:109CE0000A46C1E9083040F203530B85334B42F872
:109CF000103F002332484FF45151F7F77BFE6FF0CD
:109D00001B03A54628467B610BF04BFB7B691C3788
:109D10001846BD46BDE8F08FC00705D40AEB030026
:109D20007B600EF03AF97B6862681A4493B2B8F12E
:109D3000000F26D1D3B9D4F80090A3884FF00008C3
:109D4000BA68217A009228464A4600F05FF8031E5E
:109D5000D8DB4FF480427869002303F045FF40B11F
:109D600028460BF031FB6FF00403CBE79846D14651
:109D7000E6E73B691B6E002BF5DB237ADB0702D499
:109D800000230C3479E7CA45FAD123460AE0A8EB50
:109D90000201D8687B601FFA81F819FA81F10EF090
:109DA000FCF87B685A689045A3F10C03EFD2E7E713
:109DB0006FF08503A6E700BFD9BF020006000001CF
:109DC0002C8A020008B5CA0743680AD4C1F34201CD
:109DD000012909D002290FD00A4A0B48012109F0B4
:109DE0000BF96FF0150006E09B6A1B684FF0CC7210
:109DF000C3F82425002008BD9B6A4FF0C8621B6889
:109E0000F6E700BFBFC002002C8A0200F0B589B09F
:109E100047680C461646002112220DF10E001D4621
:109E20000EF0E3F804F001038DF80C30BDF8383083
:109E30008DF80D30BB8C0495AB4206960AD20A48C9
:109E400000930A4A2B46012109F0E9F86FF01B0044
:109E500009B0F0BD84F00202C2F34002B86A5201B8
:109E600003A902F0F1FEF3E72C8A0200D1C0020040
:109E7000B0B5456800AFAB6904469847E869012171
:109E80000BF093FA2A69A86A234629460CF0F9FBDD
:109E9000002817DA23686C4688B06A460C49C2E984
:109EA00005134FF4007393830A4B42F8103F0A489E
:109EB00000234FF4E251F7F79DFD6FF00400A54633
:109EC000BD46B0BD20460BF097FA0020F8E700BF72
:109ED00018C10200030000012C8A0200F0B50346FD
:109EE00085B053F8186D7268D16892685C1A164B89
:109EF000E4105C430C236343D71805463979D058E6
:109F00000BF099FA031E08DA104A00931048234612
:109F1000012109F084F805B0F0BD15F9082C9A422A
:109F2000F9D005F8083C4FF0FF304FF0FF313A8987
:109F3000003BCDE902014FF00101009118BF012360
:109F40003046FFF7BDF9E6E7398EE33838C1020045
:109F50001C8A02002DE9F04F85B04668F56802AF13
:109F6000183578604FF000093D6073684B4505DC9B
:109F7000337D002B40F0A380002423E00C23D6F88F
:109F800008A003FB09F80AEB08045AF808000CF0D3
:109F90005DFC0346D8B95AF808206C4688B01168B1
:109FA00002AA5048C2E905014FF4007191834E495D
:109FB00042F8101F4D484FF4E251F7F71BFDA5463C
:109FC0006FF0120420460C37BD46BDE8F08FE388E1
:109FD0005AF80800217943F480320469D0F808E087
:109FE00013F0010F4FF0010C23680CFA01FC14BFB1
:109FF0004CEA030323EA0C032360DEF800309847A1
:10A00000044638B13A4A00904B463848012109F0DD
:10A0100006F8D7E77B6845F8183C316928460CF00C
:10A020004BFE337D002B46D1D6F808B00BEB080A67
:10A0300001239AF8042003FA02F22E4B45E9043278
:10A040005BF808008268D469A5F1140164B10122AB
:10A05000A047041E0BDA284A2448012108F0CCFF4F
:10A06000264A00944B46D0E76FF05704F3E79AF87E
:10A0700004105BF808000BF0DEF905F8080CBAF8DC
:10A0800006305BF808009AF8041003F04003826879
:10A0900094696CB143F0C0634FF0A072A047041EF6
:10A0A00009DA174A11482346012108F0AEFFD7E725
:10A0B0006FF05704F5E709F10109483555E73568B0
:10A0C0004FF4004440F2E73000214FF47A7200234D
:10A0D000E5FB0401F1F7C2FF02460B46386803F0C6
:10A0E000FFFF49E754C10200030000011C8A02007F
:10A0F00064C102005F54020084C10200A0C10200DA
:10A10000A7C102002DE9F0474668336800AF054655
:10A11000D3B96C4688B001686A463748C2E9050180
:10A120004FF400719183354942F8101F34484FF4C1
:10A13000E251F7F75FFCA5466FF01204336813BBDA
:10A140002046BD46BDE8F0870024F7E72D4A0346C8
:10A1500001212B4808F059FFF2E76C4688B02968C6
:10A160006A462948C2E905014FF4007191832349E9
:10A1700042F8101F22484FF4E251F7F73BFCA54686
:10A180006FF01204DCE7002CFAD1A1464FF0010871
:10A19000746854F8390004EBC90A0CF057FB034605
:10A1A0000028DAD054F839009AF80410BAF80630CA
:10A1B000D0F810C0D0F808A0DCF80040DA0754BF8F
:10A1C00043F4B01383F4D01323F4801208FA01FE91
:10A1D000DB074CBF44EA0E0424EA0E04CCF800402E
:10A1E000DAF80030984704460028AFD1336809F107
:10A1F00001094B45CCD8A3E7DCC1020003000001F4
:10A200003C8A020007C2020026C202002DE9F0418A
:10A2100045682B6800AF73BB6C4688B001686A461E
:10A220001648C2E905014FF400719183144942F8C0
:10A23000101F14484FF4E251F7F7DCFB6FF01200E7
:10A24000A546BD46BDE8F081D5F80480260158F842
:10A2500006000CF0FBFA034638B958F806206C46A5
:10A2600088B011686A460848DBE701342B689C42D5
:10A27000EADB0020E5E70024F8E700BFDCC10200CC
:10A2800003000001448A020049C202002DE9F043A4
:10A290005B4E5C4F00EB810140F2FF15814202D121
:10A2A0000020BDE8F083046814F4804FC4F3C32C8D
:10A2B000C4F3080340F09080240E16F80CC0AB42A3
:10A2C00008BF4FF0FF33192C00F28980DFE804F05B
:10A2D0000D13191C1F251C8787878736638787877F
:10A2E000878787878787667B7E81C2F80C355C1CF1
:10A2F0005ED10430D2E7C2F814355C1CF9D00024DA
:10A300005FE0C2F80835F2E7C2F81035F5E75C1CEB
:10A31000C2F80835EDD0002404E05C1CC2F80C350E
:10A32000E7D001245FEA531E5CD14FF001084FF0E3
:10A33000A04E08FA03F9CEF80C950AE0C2F80835E9
:10A34000BCF1000FD9D15C1CD3D00024A0464FF043
:10A35000060CD0F8009009F4004EBEF1000F1CBFAF
:10A360004FF00008012403F01F0E5B0942D14FEAB1
:10A370008E0E0EF1A04EC9F34129DEF800373B40A6
:10A3800043EA890343EA0C2343EA080343EA44030C
:10A39000CEF80037ADE7C2F80C35D1E7C2F860352A
:10A3A000B3F1FF3F0468A4D0C4F30044002CB8D03C
:10A3B0005C091BD101244FF0A04E04FA03F8CEF83B
:10A3C0000885A046C5E7C2F86435E9E7C2F86835F4
:10A3D000E6E7C2F86C35E3E76FF0150061E76FF070
:10A3E00085005EE70023C3F80C35FFDE0023C3F8C9
:10A3F0000835FAE70EF5E07E002353F82E30F4E737
:10A400007DC20200F0F8FCFF014802F0B1B900BFC4
:10A4100070170020F0B5044683B0002200AF012180
:10A420001C20F8F777FA25696668002201211820B8
:10A43000F8F770FA284623692E4A314602F070F97F
:10A44000051E17DA23686C4688B06A462A49C2E9B5
:10A4500005134FF400739383284B42F8103F2848AC
:10A4600000234FF4E251F7F7C5FAA54628460C370A
:10A47000BD46F0BD636826691D6B3A1D0021284664
:10A480000BF06AF8002805DB7B682A6819791868E0
:10A49000FFF7FCFE0020356802464FF0A04602F5AB
:10A4A000AC7355F8231000290BDB4B091ED1D6F8ED
:10A4B0000435CB4013F001031CBF01239340034339
:10A4C000D8B20132042AEAD1002301256268116A58
:10A4D00005FA03F202420CBF01220022D20321F846
:10A4E00013200133042BF1D10025BFE70023D3F85B
:10A4F0000435FFDE7F55020018C102000300000191
:10A50000948A0200F8B5BDF818C0466804690329AA
:10A510000D460CF0010C06D9544A0B465448012153
:10A5200008F073FD17E0B17D012904BF5B085208F4
:10A53000002B69D09A426AD9216A8A421ED094F8C7
:10A540002470012101FA05FE37EA0E0706D0494AB8
:10A55000474808F051FD6FF01500F8BD1146B1F500
:10A56000004F49D2226284F82570226896F816E0DE
:10A57000C2F80C75C2F804E5C2F8081594F8252055
:10A5800023FA02F292B2012741688CF0010E096AA7
:10A5900042EACE3221F81520002F43D1226805F57A
:10A5A000AC7152F82120002A11DBBCF1000F51D010
:10A5B000B3FA83F35B0902F01F070121520953BB71
:10A5C000002A4BD14FF0A043B940C3F80C1594F8C2
:10A5D0002410012707FA05F521EA050184F8241063
:10A5E00041B394F8263063BB1023012206F1200109
:10A5F00020460BF0D9FE22E00137082F4FEA510127
:10A60000ADD113461C4A89E71F461A46BCE700270E
:10A6100047F6FF72B8E722BB4FF0A043B940C3F83A
:10A620000815D4E794F824300122AA40134384F893
:10A630002430D6E700690BF0EFFE84F82670002086
:10A640008BE7002384F8263020460BF0FFFE00281D
:10A65000FAD0C9E7003B18BF0123ACE7C3F80C35BB
:10A66000FFDE0023C3F80835FAE700BF85C2020009
:10A67000948A02009AC20200AFC202002DE9F041A2
:10A68000044647680D460CF073FB4FF0400888B94C
:10A69000264B1B7873B1642660680BF026F8F0B97E
:10A6A00001200BF092FA013EF6D1002121200CF09E
:10A6B00014FCF0E7EFF31186314688F31288BFF3FC
:10A6C0006F8F60680BF011F8A8B986F31188BFF39B
:10A6D0006F8FEFE786F31188BFF36F8FE5E7EFF336
:10A6E0001186314688F31288BFF36F8F60680AF0D5
:10A6F000FCFF0028EED0BB691D706368BA691B6857
:10A700000020C3F844250122C3F84825C3F82001DE
:10A71000D3F82041C3F85801D3F858019A6081F367
:10A720001188BFF36F8FBDE8F08100BF5880002013
:10A730002DE9F0410022054601210220F8F7EAF850
:10A740000220F8F7B7F86C680121E0680BF021F8F7
:10A750006B681A682369C2F82435637D217D0B4339
:10A76000C2F86C356F68D7E9004313F0010346D097
:10A77000D5F8108004F10C0108F10C0204F590707A
:10A780000BF060FA061E07DA2A4A2B48012108F06E
:10A7900033FC3046BDE8F08198F80C0001F02AFE49
:10A7A0000823C4F80035BB69C4F844350023C4F855
:10A7B00048350123A360D4F85831002BFBD0002684
:10A7C000C4F800656B683146D8680AF0E2FF6D682E
:10A7D00031462C68E8680AF0DCFF0823C4F800352D
:10A7E0002A7A52B9EB69C4F834350123C4F83835F4
:10A7F000C4F81021D4F8102123600026C9E70822EC
:10A80000C4F80025BA69C4F84425C4F848350123C2
:10A81000A360D4F82031002BFBD00023C4F82031F2
:10A82000D4F820310123E3604FF48073C4F804337B
:10A83000C1E700BFEFC20200B48A02002DE9F04375
:10A8400083B045680669D5F8208000AF3A1D002125
:10A8500040460AF081FE041E19DB7B68D8F8002010
:10A8600019791868FFF712FD041E10DBA96A481C4D
:10A870001AD0686A0BF074F810F1130F04460BD16C
:10A88000304A314801210AF0DFFF6FF01204204600
:10A890000C37BD46BDE8F083411D05D12B4A2A483F
:10A8A00001210AF0D1FFF2E7EB699847B5684FF054
:10A8B0000108D6E9023203EBC2039D4204D33046BD
:10A8C0000AF0F0FF0024E2E728680BF0BFFF034620
:10A8D000B0B92A68297910686C468AB06A461C4D5E
:10A8E000D1614FF4007111841A49C2E9055042F850
:10A8F000101F15484FF41151F7F77CF8A546C4E72F
:10A9000028682979EB88D0F810C0D0F80890DCF8D6
:10A910000040DA0754BF43F4B01383F4D01323F498
:10A92000801208FA01FEDB074CBF44EA0E0424EA59
:10A930000E04CCF80040D9F800309847041EA6DB7E
:10A940000835B6E72CC30200AC8A020057C30200E8
:10A9500074C302000400000138B503780C4663B9E3
:10A960008D6E5DB94B6E1C696FF07303236404F147
:10A97000280003F0FFF884F86C5038BD8B6D33B1BC
:10A980009D4213D9224A234801210AF05DFF236E1C
:10A99000A26E33B19A4221D91D4A1E4801210AF004
:10A9A00053FF606EBDE838400AF0A6BF5B1B8B65A5
:10A9B00073B94B6C08334B648B6C013B8B6401F1B6
:10A9C000580204F1440048310AF045FF6065DEE7B3
:10A9D0004B6D002BDBD02B444B65D8E79B1A2366CD
:10A9E0007BB9E36C0833E364236D013B236504F119
:10A9F000600204F1500104F14C000AF02CFFE06504
:10AA0000CFE7E36D002BCCD01344E365C9E700BF6B
:10AA100098C30200AC8A02002DE9F04F8BB000AF62
:10AA2000C7E9023243687B608B88046989469904D0
:10AA3000804631D44FF0FF324FF0FF3304F1100065
:10AA400003F0D2F8C4F80490D8F810A0D8F804B0F5
:10AA50009AF86D3023B1DAF80030994500F0D680CD
:10AA6000B9F8046016F400631DD0B24AB24801215F
:10AA70000AF0EAFE6FF08505236813B19B889B04FA
:10AA800005D40023636004F1100003F073F8284636
:10AA90002C37BD46BDE8F08FA369002BCAD163688F
:10AAA0009945C7D1D0E7F20716D56D4688B0D8F8DA
:10AAB00000106A46A148C2E905014FF40071918374
:10AAC0009F4942F8101F9C484FF4E251F6F792FF5D
:10AAD000AD466FF01505CFE7350705D5994A96487D
:10AAE00001210AF0B1FEF4E7C6F34513082B01D0AB
:10AAF000954AF4E7D9F80050944B9D4201D8944A06
:10AB0000EDE70BF1080EBEE80F0007F1140CACE8FE
:10AB10000F00DEF80030CCF800308E4B9D4254D947
:10AB20008D4B9D4254D98D4B9D4254D98C4B9D42A7
:10AB300054D98C4B9D4254D98B4B9D422CBF4FF026
:10AB400000454FF08045B007FD6106F004034BD58A
:10AB5000002B14BF0323022387F82030C6F3001311
:10AB600087F82130DBF80030D3F80825511C12D0CB
:10AB700016F0020F02F01F00C6F340014FEA521216
:10AB80004FF0010334D1002A40F029814FF0A04258
:10AB90008340C2F80C359AF86D302BB1584601F05D
:10ABA000E3FE00238AF86D305346704A07F1140122
:10ABB000584601F0A9FE034618B36D4A5E480121CC
:10ABC00008F023FA6FF0040556E74FF00075BAE776
:10ABD0004FF08065B7E74FF00065B4E74FF0805560
:10ABE000B1E74FF00055AEE7003B18BF0123B3E7D4
:10ABF000002A40F0F7804FF0A0428340C2F80835A9
:10AC0000C9E701238AF86D30CAF80090012384F85F
:10AC10006C307B68996A4A1C09D0586A00F0E6F8E3
:10AC2000743004D1534A444802210AF00DFEFB68F7
:10AC3000002B76D163640023A36404F1580204F16D
:10AC4000480104F144000AF006FEBB686065002B71
:10AC500040F09480E3640023236504F1600204F172
:10AC6000500104F14C000AF0F6FDE0652068002375
:10AC7000236448B183683BB1012108300AF0FEFD2E
:10AC8000236818690BF0C6FD40460AF035FE002324
:10AC9000A06C1A4682427AD10022256D1146A94243
:10ACA0007CD19342264638BF13464FF4FA5202FB3A
:10ACB00003F556F8283B4FF4004C1B68B5FBF3F541
:10ACC00040F2E730C83500214FF47A720023E5FBEB
:10ACD0000C01F1F7C3F902460B46304602F084FF3F
:10ACE000002862D0244A144801210AF0ADFD4FF03B
:10ACF00000097868C4F8689001F036FE84F86D9019
:10AD0000D8F810506FF07308C5F8408005F128009E
:10AD100002F030FF85F86C90304602F08BFF45461C
:10AD200047E0FB681B686364002B84D0FB685B68AA
:10AD300082E700BFB6C30200AC8A0200D0C30200A3
:10AD400003000001F2C3020011C4020047E8010041
:10AD500040C402008FD003001FA107003F420F0034
:10AD60007F841E00FF083D0000127A0059A90100EF
:10AD700071C4020096C40200C0C40200BB681B6814
:10AD8000E364002B3FF467AFBB685B6864E7616C0A
:10AD900001EBC201013249680B447BE7E06C00EB38
:10ADA000C10001314068024479E7256C15F1740F48
:10ADB0009DD02368002B3FF45FAE9A68002A3FF4D1
:10ADC0005BAE998811F480567FF456AE18690BF08B
:10ADD00021FD2068314608300AF050FD4CE6C1F8EC
:10ADE0000C15FFDE0023C3F80835FAE72DE9F04122
:10ADF0000D4606460BF0C4F90022074629463046A8
:10AE00000BF075F96B0905F01F0429D1A40004F1BA
:10AE1000A044164BD4F80027134043F00C03C4F8A9
:10AE200000370AF0D1FD80463368DB597BB100273B
:10AE3000304629460BF0A2F9D4F800270B4B1340FB
:10AE400043F00403C4F800373846BDE8F0810AF047
:10AE5000BBFDA0EB08000628E6D96FF07307E7E713
:10AE600004F5E074002353F82430FFDEF0F8FCFF13
:10AE700070B5012383400E4ABFF35B8FDC4352E879
:10AE8000001F01EA040542E80056002EF7D1BFF387
:10AE90005B8F4FF4803282400648C0F80823BFF32E
:10AEA0005F8FBFF36F8F0B4214BF0120002070BD76
:10AEB000204800200010014070B40E49D1E9003450
:10AEC000D01AC31844F10004C2F30E06C1E90034DD
:10AED000A6F58053B3F5C04F09D2074B1B685A0C37
:10AEE000DB039C19054B42F10005C3E9004570BC2A
:10AEF00003F09CBE5039002024480020583900201F
:10AF000011B3BFF35B8F0123104A834052E800CF97
:10AF10004CEA030C42E800C10029F7D1BFF35B8F74
:10AF20000B4A4FF480338340C2F80433094BBFF31C
:10AF30005B8F1B68BFF35B8FC340DB0742BF064BD1
:10AF40004FF40032C3F80021704700BF20480020B2
:10AF5000001001401848002000E100E030B5144B1B
:10AF60001868410CC003BFF35F8F124BD3F8043550
:10AF700047F6FF7293420AD10F4AD2E90045844254
:10AF800075EB010209D3C01841F1000130BD18185A
:10AF900041F10001B3F5006FF8D2074BD3E900236C
:10AFA000904271EB0303F1D210F50040ECE700BFD3
:10AFB0002448002000100140583900202DE9F04FAE
:10AFC00085B016461F469DF840A00446FFF750FF87
:10AFD0000190FFF7C3FFB04271EB07035CD2301A58
:10AFE00044F2010367EB0101984271F1000156D26E
:10AFF0003D4B03EB0413D3E902239F4208BF964263
:10B0000065D03A494FF4803804F1500508FA04F845
:10B01000AD002046C1F84883ADB20AF0C9FCC6F3C2
:10B020000E0B05F1804504F5A87305F588355846E3
:10B030004FF003090293C0F30E03002B029A08BFDE
:10B040000120C0F30E0341F82230C1F84483D1F847
:10B0500004356FF0020CACEB030C6044C0F30E003F
:10B0600043F6FD72904232D9286868B1D1F80435B0
:10B070000393A3EB0B00C0F30E00B0F5804F26D96D
:10B0800020460AF095FC039BBAF1000F07D109EBAB
:10B09000030009F10109CEE7BAF1000F09D06FF002
:10B0A000150520460199FFF72BFF284605B0BDE89E
:10B0B000F08F01230E4ABFF35B8FA34052E8000FCD
:10B0C000184342E800010029F8D1BFF35B8F06491D
:10B0D0000E98230101EB0412C8500F9B5360C2E984
:10B0E00002670025DDE700BF303900200010014075
:10B0F0001848002070B5294C294BC4F80833C4F80F
:10B100004833284B284A00254FF0FF304FF0FF31DD
:10B110004FF48036C4F80855C3E90201C4F804634B
:10B12000C3E906014FF4003386B00121C4F80433AB
:10B130001120C2F880312A46F7F7ECFB1120F7F70F
:10B14000B9FB1A4B01200322A06020601A60184B43
:10B15000009343F6FF720023CDE90155FFF72EFF60
:10B160000220FEF705FA134A13491368134823F027
:10B170000103136047F6FF73C4F844630DF117022F
:10B18000C4F840350AF05EFD002804DB9DF8170086
:10B1900001F030F9284606B070BD00BF0010014034
:10B1A00001000F003039002000E100E020480020BD
:10B1B000B9AE01001C4800200810014040110140B8
:10B1C0002DE9F743334CD4F80433D90319D5402380
:10B1D0000022990810290CD1D4F84031002B3BD023
:10B1E0000023C4F84031D4F840314FF48032442376
:10B1F000EFE70433502BECD11AB1274A136801331F
:10B200001360D4F804339A0323D5BFF35B8F234B29
:10B2100053E8002F22F0020143E800100028F7D184
:10B22000BFF35B8F930702D4D4F844318BB1002570
:10B23000C4F84451D4F84431FFF790FEEFF3108284
:10B2400072B6174BD3E90667B042B94106D282F312
:10B25000108803B0BDE8F0834423BAE74FF0FF380D
:10B260004FF0FF39C3E90689D3E904101D614FF49B
:10B270000033C4F84833C4F84451D4F8443182F35D
:10B2800010880029E5D0009032463B4601208847CF
:10B29000DFE700BF001001402448002018480020CC
:10B2A0003039002030B5431C85B043F6FF7223D0FF
:10B2B0009042A8BF104601280446B8BF0124FFF7FA
:10B2C0004DFE0F4BD3E90013401AB0F5804F43F603
:10B2D000FF7513D22218AA4228BF2A4652184FF0EF
:10B2E000000008490091CDE9010043F1000301206D
:10B2F000FFF764FE05B030BD1446E0E72A46EDE7EF
:10B3000050390020B9AE010008B5FFF727FE024B07
:10B310001B68C01A08BD00BF5039002002460B460A
:10B32000014802F02DBB00BF181B0020014802F0AD
:10B330009FBB00BF181B0020B0B584B000AF002435
:10B340003B1D7C600A22BC60C7F80B403960014697
:10B3500018460CF074FE6D468AB0396803466A469A
:10B360000D48D161C2E905034FF4007313840B4B00
:10B3700042F8103F0A4823464FF41151F6F73AFBC2
:10B38000AD4684F31188BFF36F8F0323184602DFA5
:10B390001037BD46B0BD00BF00C50200040000016B
:10B3A000D4890200014902480BF055BC2C4800200A
:10B3B00090400020094B93F84A30042B02D18107BA
:10B3C00009D47047022B02D1020704D47047082B1E
:10B3D00003D1830601D5FFF7E5BF7047C57D002087
:10B3E00010B403460A46034881680C681946234690
:10B3F00010BC18472485020070B5064688B029485D
:10B400000D4629490BF00BFC03A8E5F7C7FE2748BA
:10B410000BF01CFA48B9264A2648012107F0ECFD3A
:10B420006FF01204204608B070BD234B019301A8B1
:10B43000E5F7DEFE034638B1204A1E48012107F039
:10B44000E4FD6FF01504EDE74FF0FF304FF0FF31F2
:10B45000FFF764FF04460028E4D119491948E5F7CD
:10B460005FFE044610B1FFF761FFDBE741F64C5386
:10B4700002A80293F1F719F820B1FFF757FF6FF018
:10B480008504CFE7012368468DF80030F1F705F811
:10B490000028F2D1FFF74AFF33690B481D60F8F727
:10B4A00031F8BFE72C480020755A020024850200BD
:10B4B00025C50200D4890200E1B3010045C50200A0
:10B4C000603900209DB50100B5B3010030B53048AA
:10B4D00087B0E5F7A3FD0446002854D1E5F770FED8
:10B4E0000125E5F779FEF0F7D3FDF0F7D3FDF0F78E
:10B4F000D3FDF0F7D3FD03AA022120468DF80C50AE
:10B50000E5F7C0FD00283DDB082303AA07212046FC
:10B51000ADF80C30E5F7B6FD002833DB4FF04513EE
:10B52000039303AA40F2032303212046ADF8103011
:10B53000E5F7A8FD002825DB03AA042120468DF8A5
:10B540000C50E5F79FFD00281CDB1F2303AA0621F2
:10B550002046ADF80C30E5F795FD002812DB40F2EF
:10B560002A73984212DD0B4A009029460A4807F0D8
:10B5700056FD84F31188BFF36F8F0423184602DF52
:10B580006FF00B000446204607B030BD2046F9E7B7
:10B5900039B3010069C50200D489020073B5474C74
:10B5A00094F84A3023B394F84A30042B5BD12078C6
:10B5B0003E2830D0FF2834D00025637802334A2B50
:10B5C00034D94A2200923E483E4A012107F027FD25
:10B5D0003D4A3B486FF00B03012107F016FD0023A5
:10B5E00083F31188BFF36F8F0423184602DF26E030
:10B5F0004FF0FF304FF0FF31FFF790FE48B904F1F4
:10B600004A01204600F0A6FB0546FFF78FFE002DFD
:10B61000C9D002B070BDA578022D14BF0025012548
:10B62000CBE7A57805F0FD05802DF6E70022002385
:10B630002946F7F775FF064648B9002DE9D00023E3
:10B6400084F84A3002B0BDE87040FFF7ABBE6278C4
:10B650001A4902320C3007F03AFE1C4B1B68314687
:10B660001B489847EBE7022B15D100220023082046
:10B67000F7F730FF05460028CBD0638804334A2B08
:10B680009FD80E491A4605F10C0007F020FE0F4B1B
:10B6900029461B68E4E7082B09D10023002220205B
:10B6A000F7F718FF638805460028E7D1B1E7094A94
:10B6B0000348012107F0A9FCC1E700BFC57D0020B8
:10B6C000D48902008CC50200E6C50200284800208B
:10B6D00064850200ADC50200F7B5804D2B780646A3
:10B6E000002B40F0328304238DF807307C4B048814
:10B6F0001F68B7B10DF106030DF10702691CB847C9
:10B7000001280ED09DF80630002B40F05B819DF89B
:10B710000730AB700E2201236A70EB70AC80A87109
:10B7200059E1B4F5105F4FEA94230AD2002B4ED0B2
:10B73000013B072B08D8DFE803F00907367A070733
:10B7400007C13F2B00F00782012055E0304640F250
:10B75000064230F9033B93420FD040F21D42934220
:10B760001ED0012040F206439C4200F02B8140F2A3
:10B770001D439C4200F026813EE0F0F7FAFE42F2C3
:10B7800064039C4240F2B68242F285039C4233D865
:10B7900042F267039C4200F2C18242F26603E8E78C
:10B7A000F0F7E9FEEBE7304640F6634230F9033B41
:10B7B000934230D00DDC40F6034293421FD040F656
:10B7C0002D4293421ED040F60142934212D00120F6
:10B7D000F8E040F67B42934220D040F67C42934210
:10B7E000F5D19DF807303F4902338DF80730F0F767
:10B7F000DDFD01E0F0F7CCFD0128E8D087E7E5F7B3
:10B80000CDFDF9E79DF80730364903338DF8073051
:10B81000F0F7C3FDF0E7F0F7C2FDEDE79DF8073064
:10B82000304904338DF80730F0F7BEFDE4E7338884
:10B83000A3F58053013B082BC9D801A252F823F08D
:10B8400065B8010077B801008BB80100CFB70100DF
:10B85000CFB70100CFB70100CFB70100CFB70100CC
:10B86000ABB801009DF807301E4808338DF807304B
:10B87000F0F736FEC0E79DF807301A4840338DF8E0
:10B8800007300AF0F9F8002041E79DF80730083347
:10B890008DF80730134B00221A605A60EB7A23F0C0
:10B8A000600343F06003EB72EDE79DF807300D484D
:10B8B00006338DF80730F0F715FE9DE7304642F26B
:10B8C0004E0130F8033B1AB28A4242F264016BDC4B
:10B8D000B2F5005F08DC8C425EE000BF107E002005
:10B8E0003C480020177E0020A3F50053013B4D2B60
:10B8F0004FD8DFE813F0600075007E004E0087002F
:10B900008A008D00960099009C004E004E004E006B
:10B910004E004E004E004E004E004E004E009F0066
:10B92000A800AB00B4004E00BD00C600CF004E0022
:10B930004E004E004E004E00DF00E800F1004E00C9
:10B940004E00F400F700FA00FD004E004E00060124
:10B9500009010C0115011E0121014E004E004E008F
:10B960004E004E004E004E004E004E004E004E0067
:10B970004E004E004E004E004E004E004E004E0057
:10B980004E004E004E004E004E0024014E004E0070
:10B990002D0142F264039C423FF419AF40F2BA8198
:10B9A00042F285030120F1E642F27C039A4292D1F1
:10B9B000F0F7DDFD01E0F0F797FD42F264039C42F1
:10B9C0007FF4DDAE0F236B700423AB700123E870AE
:10B9D0002B71A5F8054001232B70002003B0F0BDAA
:10B9E0009DF80730CC4803338DF80730F0F781FD20
:10B9F000E3E79DF80730C84808338DF80730F0F7C3
:10BA00007AFDDAE7F0F779FDD7E7F0F778FDD4E7CC
:10BA10009DF80730C04801338DF80730F0F771FD0D
:10BA2000CBE7F0F770FDC8E7F0F76FFDC5E7F0F77B
:10BA30006EFDC2E79DF80730B74907338DF8073030
:10BA4000F0F767FDB9E7F0F766FDB6E79DF8073058
:10BA5000B14910338DF80730F0F75FFDADE79DF881
:10BA60000730AD4808338DF80730F0F758FDA4E7EC
:10BA70009DF80730A84902338DF80730F0F751FDE3
:10BA80009BE79DF80730A44902338DF80730F0F7A3
:10BA90004CFD92E79DF8073008338DF807308F236F
:10BAA000EB71C023EB7242F264039C4240F01C81B4
:10BAB000002087E79DF80730974902338DF807305B
:10BAC000F0F737FD79E79DF80730934804338DF898
:10BAD0000730F0F730FD70E7F0F72FFD6DE7F0F776
:10BAE0002EFD6AE7F0F72DFD67E7F0F72CFD64E720
:10BAF0009DF80730884801338DF80730F0F725FDB1
:10BB00005BE7F0F724FD58E7F0F723FD55E79DF8D4
:10BB10000730814808338DF80730F0F71CFD4CE7FB
:10BB20009DF807307C4904338DF80730F0F715FD98
:10BB300043E7F0F714FD40E7F0F713FD3DE79DF80C
:10BB40000730754802338DF80730F0F70CFD34E705
:10BB5000F0F70BFD31E730464FF6165230F8033B55
:10BB600093425BD84FF60152934206D803F2FF325C
:10BB700092B20A2A34D901205FE0A3F57D43023B4B
:10BB8000142BF8D801A252F823F000BFADBC01007D
:10BB9000B3BC0100B9BC0100BFBC010077BB010010
:10BBA00077BB010077BB0100C5BC010077BB01007A
:10BBB00077BB0100CBBC010077BB010077BB010064
:10BBC00077BB010077BB010077BB010077BB0100A9
:10BBD00077BB0100D1BC010077BB0100E3BC0100D1
:10BBE000A3F57C43013B0A2BC5D801A252F823F0F0
:10BBF0002BBC010047BC010077BB010077BB0100F3
:10BC000077BB010095BC010077BB010077BB010049
:10BC100071BC010083BC01009BBC01004FF61D52AA
:10BC20009342A8D1F0F75AFC07E09DF807303A4854
:10BC30000C338DF80730F0F7BBFB24F008034FF608
:10BC40000252934296E59DF8073040338DF8073055
:10BC5000314B00201880EB7923F0230343F02303BA
:10BC6000EB712B7A23F0070343F007032B72E4E711
:10BC70009DF80730284817338DF80730F0F7B4FBEC
:10BC8000DBE79DF80730244820338DF80730F0F7C4
:10BC9000CFFBD2E7F0F7A6FBCFE79DF807301E48B1
:10BCA00001338DF80730F0F7E0FBC6E7F0F7F3FB60
:10BCB000C3E7F0F7F2FBC0E7F0F7F1FBBDE7F0F701
:10BCC000F4FBBAE7F0F7F3FBB7E7F0F7F4FBB4E700
:10BCD0009DF80730104904338DF80730F0F7EDFB7D
:10BCE000ABE7F0F7F9FBA8E703D942F285030020A0
:10BCF0004CE5002042F219039C421AD842F20C0390
:10BD00009C427FF62FADA4F500530D3B9BB241F250
:10BD1000412208E00120EDE7177E0020A4F5015341
:10BD2000283B0B4A9BB222FA03F3DB077FF564AD95
:10BD300048E642F232039C423FF444AEA4F501537C
:10BD4000033B012B3FF658AD3CE64FF0FF3045E694
:10BD50002F80402038B5094C23780D461BB9BDE82B
:10BD60003840F0F705BBA278611C02320CF015F9DF
:10BD70000020042320702B7038BD00BF107E0020EF
:10BD800070B505460E46084C20460AF05FFD38B1F6
:10BD9000A368B2B2294620461B68BDE87040184728
:10BDA0006FF0120070BD00BF2485020002484FF4FE
:10BDB000007103F031BA00BF587E002037B532233E
:10BDC000ADF80430154A00230125192168468DF885
:10BDD0000630ADF800508DF80230EFF78FFD0446C5
:10BDE000C8B909F0CFF880B2EFF7A2F90C4829469C
:10BDF000F3F75AFB044670B901462A460820F6F7C5
:10BE000089FD2A4621460B20F6F784FD2A46214665
:10BE10002846F6F77FFD204603B030BD35BE010051
:10BE200040480020014902480AF015BF7048002030
:10BE300090400020B0B584B000AF00243B1D7C6072
:10BE40000A22BC60C7F80B403960014618460CF066
:10BE5000F6F86D468AB0396803466A460D48D161E6
:10BE6000C2E905034FF4007313840B4B42F8103FF3
:10BE70000A4823464FF41151F5F7BCFDAD4684F353
:10BE80001188BFF36F8F0323184602DF1037BD46BA
:10BE9000B0BD00BF3EC6020004000001648A02007B
:10BEA00037B50D4D0D49002400946FF009034FF490
:10BEB0008062284602F076F80949284602F050F9D7
:10BEC000084909480AF0ABFE224604211920F6F77A
:10BED00021FD204603B030BD90400020808F00201F
:10BEE00052C60200155B0200704800200346024A59
:10BEF0000248022107F089B866C60200848A02005F
:10BF000010B9024B1B681847FFF7F0BF80480020AC
:10BF1000014B01201B6818478048002028B10128E8
:10BF200007D104490020EFF72BB8034B01201B6811
:10BF30001847704701BF010080480020014B18607E
:10BF4000002070478048002010B51F48BFF35B8F6A
:10BF50000368BFF35B8F23B9062904D8042926D8C8
:10BF600039B1002010BD0729FBD1403801F002FE95
:10BF7000F7E750F8203CA0F14004D3E900209047B7
:10BF8000012808D0114B984203D00223E06384F8C3
:10BF900034300F48E6E742F210732363032384F83A
:10BFA000343004F1240384F82900A363F1E700F896
:10BFB000173C084B40F8103CA0F11C014038007EB3
:10BFC000F3F7B3FACDE700BFC44800201F64660250
:10BFD000B8480020FF3F420F0248012200210AF02A
:10BFE0009BBD00BF84480020014BD861704700BF53
:10BFF0008448002038B54FF0FF3105464FF0FF3040
:10C00000FFF78CF934493548EFF786FB0446FFF714
:10C010008DF9002C08DA3248324A2346012106F015
:10C02000F4FF6FF00B0038BD2F4C40F20113238555
:10C03000E36925626433E36242F2107323630022F2
:10C040006FF0730384F82420E36304F14005BFF329
:10C050005B8F55E8003F45E800210029F9D1BFF387
:10C060005B8F4FF0FF314FF0FF30FFF757F904F1CE
:10C070002401207EF3F759FAFFF758F91B4A0023F1
:10C08000204601F0B1FD00280FDA194A14480121B9
:10C0900006F0B2FFBFF35B8F012355E8002F45E8A0
:10C0A00000310029F9D1BFF35B8F4FF0FF314FF022
:10C0B000FF30FFF733F9207EF3F719FAFFF736F96F
:10C0C000BFF35B8F236CBFF35B8F13B1064801F0A6
:10C0D000B1FDE06BA7E700BF9C48002049BF01000D
:10C0E0000C8A020092C6020084480020447B0B00A8
:10C0F0000FBC0200074B01221A64D3F84035B3FB92
:10C10000F0F01844044BDB69984234BF0020012052
:10C11000704700BF00800040844800204FF070430B
:10C1200093F8E02F062A09D1D3F8E83FC3F30313AD
:10C13000033B042B02D8024AD05C704700207047B2
:10C14000D7C60200024AD2F80034002BFBD0704759
:10C1500000E0014010B509F027FD40B14FF08053D9
:10C160008E4AD3F82433C3F30423C2F84035FFF7D3
:10C17000D5FF10B18A4B8B4A5A6709F015FD48B1BB
:10C180004FF080534FF08042D3F84432C3F3423330
:10C19000C2F83C35FFF7C2FF30B1834AD2F8FC3019
:10C1A00023F08073C2F8FC3009F0FEFC40B14FF080
:10C1B00080430022C3F80C21C3F81021C3F83825AE
:10C1C000FFF7ACFF20B14FF080430322C3F8A02556
:10C1D000FFF7A4FF60B1754B0522C3F810260122BA
:10C1E000C3F888260022C3F818263F22C3F8142675
:10C1F0004FF08053D3F83021511C09BF4FF07043EA
:10C20000D3F8343193F8E02FD3F8E83F08BFC3F3F5
:10C210000313062A4DD1033B042B03D8644AD35C95
:10C22000002B46D04FF08052624BD2F80414C3F872
:10C230002015D2F80814C3F82415D2F80C14C3F84A
:10C240002815D2F81014C3F82C15D2F81414C3F81A
:10C250003015D2F81814C3F83415D2F81C14C3F8EA
:10C260004015D2F82014C3F84415D2F82414C3F8AA
:10C270004815D2F82814C3F84C15D2F82C14C3F87A
:10C280005015D2F83014C3F85415D2F83414C3F84A
:10C290006015D2F83814C3F86415D2F83C14C3F80A
:10C2A0006815D2F84014C3F86C15D2F84424C3F8CA
:10C2B000702509F079FC48B14FF080534FF080426F
:10C2C000D3F8583203F04F03C2F8E43E09F06CFC97
:10C2D00048B14FF08043D3F80024D20744BF6FF039
:10C2E0000102C3F800244FF08053D3F83021062A0E
:10C2F00026D1D3F83431033B042B02D82E4AD35C29
:10C3000063B12E4AD2F83C3743F48063C2F83C371D
:10C310004FF08053D3F83031062B11D14FF08053BA
:10C32000D3F83431033B042B02D8254AD35C3BB10C
:10C330004FF01023D3F808224FF08043C3F858255C
:10C340004FF01023D3F80022002A03DBD3F8043285
:10C35000002B22DA1B4901234FF01020C1F80435CD
:10C360001524FFF7EFFEC0F80042FFF7EBFEC0F820
:10C370000442FFF7E7FE0023C1F80435FFF7E2FEB1
:10C38000BFF34F8F0849104BCA6802F4E0621343B1
:10C39000CB60BFF34F8F00BFFDE710BD0030014001
:10C3A00000C007400DF0ADBA00ED00E000500040C5
:10C3B000D2C6020000C00040CDC6020000100040FE
:10C3C000C8C6020000E001400400FA05014B1860F5
:10C3D000704700BFC848002010B5054B18681446C8
:10C3E00009F0F5FB0028A4BF2070002010BD00BF9D
:10C3F000C8480020024A01238340C2F80435704730
:10C4000000F001404FF08053D3F83021511C09BF98
:10C410004FF07043D3F8343193F8E02FD3F8E83F6E
:10C4200008BFC3F30313062A05D1033B042B04D82A
:10C43000034AD05C7047002070470120704700BF5E
:10C44000DCC6020073B5CEB200EB46060446B38AE2
:10C45000DB070D4625D509F0F8FCB38A9A0608D506
:10C460005A0B236803EB82030022C3F81025C3F89C
:10C47000102520462946002409F079FCB48201A841
:10C48000019509F0F5FB019B00EB8300064BD0F80A
:10C490000027134043F00203C0F80037204602B0E3
:10C4A00070BD6FF01500FAE7F0F8FCFF014809F0E5
:10C4B000ACBB00BF3018002010B504480C4609F092
:10C4C00086FB0028A4BF2070002010BD301800207B
:10C4D000044AD2F80034DB07FBD50160BFF35F8F5D
:10C4E000704700BF00E001404FF080531A69B0FB75
:10C4F000F2F302FB13036BB9084B0222C3F80425C5
:10C50000C3F80805D3F80024D207FBD50020C3F8F0
:10C51000040570476FF00C00704700BF00E0014059
:10C5200010B5054C0123C4F80435FFF7D1FF0023F3
:10C53000C4F8043510BD00BF00E001404FF0805347
:10C54000D3F83021511C09BF4FF07043D3F8343178
:10C5500093F8E02FD3F8E83F08BFC3F30313062A8C
:10C5600005D1033B042B04D8034AD05C704700205C
:10C5700070470120704700BFE1C602002DE9F0417D
:10C580001D4602234A610B74036814460122C3F856
:10C5900000258B68D0F8008007460E4683B3FFF76E
:10C5A000CDFF58BB14F0040F0CBF82239223210748
:10C5B00001D543F02003E20601D523F08003C8F83B
:10C5C0000033AB0014F080043A6803F108031DD077
:10C5D000D418FFF7B3FF70B1327934600123934070
:10C5E0000C4A9BB2C2F804333479A400E4B204F1DB
:10C5F000804404F5C0342046BDE8F081B223DAE778
:10C60000FFF79CFF0028DCD03023D8E70121D15070
:10C61000F1E700BF008001402DE9F0410B7F002BC6
:10C620003BD04C7F0F8B91F815C091F816E08A7EB5
:10C6300091F81B8003685CB9D1E90065D1E902413A
:10C64000C3F86065C3F86455C3F86845C3F86C1552
:10C6500042EA0822C3F80CC5C3F804E5C3F808751C
:10C66000C3F8102500680023C0F81031D0F810215D
:10C67000C0F80831D0F80821C0F80C31D0F80C31DE
:10C6800040F30730F6F716F9FFF758FF002843D0BC
:10C69000BDE8F0411820F6F70DB9DFF880C00C1F97
:10C6A00001F1100501F10C07012654F8043F5A1C52
:10C6B00020D095F800E003F01F024FEA5318BEF1B6
:10C6C000000F1CD0B8F1000F03D00023C3F80835C9
:10C6D000FFDE4FF0A04E06FA02F2CEF808259B00CE
:10C6E00003F1A043D3F8002702EA0C0242F0030250
:10C6F000C3F80027BC4205F10105D6D191E7B8F196
:10C70000000F06D14FF0A04E06FA02F2CEF80C252B
:10C71000E5E7CEF80CE5DBE7BDE8F081F0F8FCFFDB
:10C7200010B50446007DE8B9C4E9032323680F4A25
:10C73000934213D002F58052934211D0A2F5C04229
:10C74000934201D10D23237221B10B7F2377204621
:10C75000FFF762FF01232375002010BD0E23F2E7CF
:10C760000F23F0E76FF07700F7E700BF00100240FB
:10C77000027A064B920013441A682AB100221A600A
:10C780001B68436801221A60704700BF00810140A6
:10C7900007B5019001A809F090FE019B00EB830012
:10C7A000054BD0F80027134043F00303C0F80037CF
:10C7B00003B05DF804FB00BFF0F8FCFF73B5CB7B62
:10C7C0000446002B38D10B7B0878012B77D809F071
:10C7D0008BFE0B78019301A809F06FFE019B00EB23
:10C7E00083003C4BD0F80027134043F00103C0F80E
:10C7F00000374878FF2804D009F076FE4878FFF724
:10C80000C7FF8B78FF2B0FD001A88D7B019309F018
:10C8100054FE019B00EB83002E4BD0F80027134001
:10C8200043EA8503C0F80037C878FF2804D009F030
:10C830004EFEC878FFF7ACFF23792748CA78282531
:10C8400005FB03039A770B7C9BB94B7825680E7820
:10C85000FF2B18BF1A468B78C5F8086508BF4FF044
:10C86000FF32FF2B08BF4FF0FF33C5F80C25C5F88A
:10C87000103523688A68C3F824254B7B0A7B25681A
:10C88000003B18BF0123022A1CD0032A1DD0012A15
:10C8900001D143F00203C5F85435237949792822A0
:10C8A00002FB0303D97723795343C35883B120682C
:10C8B00040F3073002B0BDE87040F5F7FBBF09F068
:10C8C00006FE86E743F00403E5E743F00603E2E7EC
:10C8D00002B070BDF0F8FCFFCC48002007B5019015
:10C8E00001A809F0EAFD019B00EB8300054BD0F89D
:10C8F0000027134043F00203C0F8003703B05DF88F
:10C9000004FB00BFF0F8FCFF2DE9F04190F8048033
:10C91000144C4FF0280C0CFB08FC04EB0C060746EB
:10C9200096F81CE0BEF1000F18D144F80C2073609B
:10C9300041B1CB7B86F82530CB78B3774B79F37751
:10C94000FFF73CFF3A680123C2F80035282202FBBA
:10C950000844002060772377BDE8F0816FF077000E
:10C96000FAE700BFCC48002070B50679194C05687D
:10C9700028237343E35833B145F30730F5F7A8FF95
:10C980000423C5F808330023C5F80035282303FB2A
:10C99000064393F82530BBB9D5F80805FFF79EFF8D
:10C9A000D5F81005421C01D0FFF798FFD5F80C050B
:10C9B000431C01D0FFF792FF282303FB0643987F17
:10C9C000FF2801D0FFF78AFF282303FB064400233A
:10C9D000237770BDCC4800202DE9F84307793A4C05
:10C9E00028237B439046E2180E46517F814600295A
:10C9F00067D1E3580BB10123537796E80F00282540
:10CA000005FB074505F10C0C8CE80F00A87F0023FF
:10CA1000FF2885F8243001D009F066FD2823B8F1FD
:10CA2000000F07D003FB074300225A776FF0850001
:10CA3000BDE8F883D9F8005003FB07430422C5F88A
:10CA40000823C3F82080C5F80881D5F8082172684A
:10CA50009AB133681B78C5F81C357368012B0ED961
:10CA600033685B78C5F81C3528237B43E65876B1DC
:10CA70000423C5F804330020DAE7DB7FEBE7F36833
:10CA8000012BF1D9282303FB0743DB7FEAE707EB00
:10CA9000870104EBC101D5F80831002BFBD0C5F8A4
:10CAA00008612846D5F8083109F02BFD0028F2D19D
:10CAB000282303FB0744A07FFF28DCD009F007FDF3
:10CAC000D9E76FF00F00B3E7CC48002010B50C4851
:10CAD0000C490023C0F80831D0F8083109F011FDE5
:10CAE00068B9887FFF2801D009F0F1FC00234B775B
:10CAF0000B72BDE81040D1E900310348184710BD62
:10CB000000300240CC480020D44800204FF0805331
:10CB1000D3F83021511C09BF4FF07043D3F83431A2
:10CB200093F8E02FD3F8E83F08BFC3F30313062AB6
:10CB300005D1033B042B04D8034AD05C7047002086
:10CB400070470120704700BFE6C6020000F01F03D7
:10CB500040090BD19B0003F1A043074AD3F800170B
:10CB60000A4042F00202C3F800277047002203F592
:10CB7000E07352F82330FFDEF0F8FCFF30B5847B21
:10CB8000F4B9016801F01F0349091BD19B0003F1AF
:10CB9000A043114DD3F8002740F20C642A402243F1
:10CBA000C3F80027426802F01F0352090FD19B000F
:10CBB00003F1A043D3F800272A402243C3F80027FB
:10CBC000012030BD03F5E07354F82330FFDE03F598
:10CBD000E07351F82330F9E7F0F8FCFF0268002316
:10CBE000C360174BC2F80833D2F8003223F4BC53A9
:10CBF000C2F800324FF08053D3F83011B1F1FF3F4B
:10CC000009BF4FF07043D3F8343193F8E01FD3F8E5
:10CC1000E83F08BFC3F30313062908D1033B042BE5
:10CC200002D80849CB5C13B10923C2F800350023B0
:10CC3000C2F80035012280F8262080F8283070479D
:10CC400002029C01EBC602002DE9F84F002380F898
:10CC500027304B68046805460E46174633B1CB684B
:10CC600003F06043B3F1005F40F073813378023B1F
:10CC7000012B06D8336903F06043B3F1005F40F045
:10CC80006881B54BC4F8083395F8282002F0FF03FB
:10CC90003AB1EB68C4F804336FF00F084046BDE8C2
:10CCA000F88F17F0140F0CBF0122002285F82820FE
:10CCB000327885F82420727885F82520F2682A6178
:10CCC00072686A613269AA61B268EA61C7F30012E8
:10CCD00085F829202F627278C4F88825C4F860315D
:10CCE000D4F86021C4F84831D4F84821C4F824317C
:10CCF000D4F82421C4F80431D4F8043117F0010326
:10CD000018BF0123C4F8503517F0020318BF0123E0
:10CD1000C4F840353378032B00F29E80DFE803F03F
:10CD20007B9367024FF48073C4F80032D5E9042383
:10CD3000C4F84425C4F848350123A3604FF480119A
:10CD4000204609F053FC0028F8D1D5E90623C4F8A1
:10CD50004425C4F848354FF48023EB604FF00008B9
:10CD600017F008096A6810D13378032B0DD0012B16
:10CD700040F08A802360002A71D072686B6822B903
:10CD8000002B00F0C480012363616B68002B00F06E
:10CD9000BE80780744BF0023EB6079065EBFEB6876
:10CDA00043F00203EB60EB6843F40073EB60EB6865
:10CDB000C4F80433FFF7AAFE00283FF46FAFB9F1BF
:10CDC000000F00F098803378012B00F0948000234E
:10CDD000C4F85035C4F84035C4F82435C4F850318F
:10CDE000D4F850314FF48013C4F8043356E7D5E932
:10CDF0000423C4F84425C4F84835D5E90623C4F80B
:10CE00003425C4F838354FF48453C4F80032012374
:10CE100023620223A1E7D5E90423C4F84425BA0616
:10CE2000C4F848354BBF4FF480734FF40073C4F817
:10CE30000032C4F800324CBF4FF480230223EB6071
:10CE4000012323628AE7D5E90423C4F83425C4F812
:10CE500038354FF48053D8E76FF0150880E76A69DA
:10CE600002B963613D49DFF8F8A04FF0010B20469D
:10CE700009F0BCFB10F4007F18BFC4F814B010EA2E
:10CE80000A0F3649F3D078E70123A360002A7FF424
:10CE900074AF6A6922B1DFF8C8A04FF0000B06E05A
:10CEA0006361F8E70123236263614FF0000B1BEA23
:10CEB0000A0F7FF462AF2949204609F097FB10F46E
:10CEC000007F8346F3D04FF08071204609F08EFB3F
:10CED000D4F800220028E5D012F4007103D1012318
:10CEE00023628B466361D305E1D54FF48021204650
:10CEF00009F07CFBD9E7ED6AFFF708FE20B1B5F138
:10CF0000C86F08BF4FF0C465C4F82455C6E6D4F80E
:10CF1000C434C4F8C434002285F828206BB19A07C1
:10CF20005ABF03F00108A8F18C086FF00D0813F048
:10CF3000040F18BF6FF00A08B0E67B063FF5AEAEEF
:10CF4000291D204609F010FB002808BF6FF08B0850
:10CF5000A4E66FF00C08A1E602029C0102020400A4
:10CF60000200040070B586B004680546FFF7CEFDE8
:10CF700078B34FF48011204609F038FB48B34FF4E2
:10CF80008013C4F80833D4F8243513BBC4F8003533
:10CF90000623C4F80035FFF7B9FDEB6A20B1B3F101
:10CFA000C86F08BF4FF0C463C4F824352B6A13F070
:10CFB000010318BF0123C4F850352B6A012213F076
:10CFC000020314BFC4F84025C4F84035A26006B07F
:10CFD00070BD0221204609F009FB4FF4007106469E
:10CFE000204609F003FBC8B1D6B9EB68C4F8083392
:10CFF0000223EB60EB68C4F804334FF080712046E5
:10D0000009F0F4FA18B1D4F800329B0502D40123D8
:10D0100023626361012385F82730D8E7002E6AD0A8
:10D020002B6A5E060AD495F827303BB9291D2046A5
:10D0300009F09AFA80F0010085F827002B6A13F0B6
:10D04000040324D1C4F86031D4F86021C4F85C3101
:10D05000D4F85C3195F829301BB195F82730002BB6
:10D0600055D00023C4F80032EB603B4BC4F80833C2
:10D0700044F30733002B4ADB5A09012103F01F0355
:10D08000994002F16003354A42F823103FE0FFF770
:10D090003DFD70B195F82430012B0AD00023C4F86F
:10D0A0005035C4F84035C4F824354FF48013C4F823
:10D0B0000433D4F8C434C4F8C434980745D45907A9
:10D0C00045D4DA0745D495F827309B00DBB28DF8BC
:10D0D000003095F829300BB985F828302B6A5B07AA
:10D0E00004D595F82730002B3FF471AFD5E9013115
:10D0F000684698476BE74FF48021204609F076FA9E
:10D1000095F824307BB995F82930002BAAD0AB8C48
:10D11000ADF804302B6904936B690293AB690593F6
:10D12000EB690393C5E74FF40073C4F8003240F293
:10D130000223EB6003F1CE73C4F80833EB68C4F844
:10D1400004330123A360236241E70123BFE70223E5
:10D15000BDE70323BBE700BF02029C0100E100E042
:10D16000F7B5064609F0E9FA084609F0E6FA01A81B
:10D17000019609F0D8FA019B2F4D00EB83000C4675
:10D18000D0F80037019440F20D612B400B43C0F8FA
:10D19000003701A809F0C7FA019B00EB83000127C3
:10D1A000D0F800372B400B43C0F80037042008F0BC
:10D1B0000CFD092501A8019409F0B5FA019AD0F8EF
:10D1C0001035D340DB0715D401A8019609F0ABFA5E
:10D1D000019B07FA03F3C0F80C35042008F0F5FCB6
:10D1E000304609F0AAFA013D042008F0EEFC15F0E3
:10D1F000FF05DFD101A8019409F095FA019A0123F6
:10D200009340C0F80C35042008F0DFFC204609F0FC
:10D2100094FA042008F0D9FC01A8019409F083FADB
:10D22000019AD0F81035D34013F0010F0CBF6FF006
:10D230008B00002003B0F0BDF0F8FCFF08B5124BE6
:10D24000A822002118460AF0D0FE032202610F49ED
:10D2500042610F4A8161C2614FF480520262002232
:10D2600082624262C26201660A4941661021816699
:10D27000094902670346C266426711F8010D9854D6
:10D280000132102AF9D108BD10100020F0C60200AA
:10D29000100000200000002009C702002DE9F84F0F
:10D2A000DFF87C80182606FB008E00FB06664644ED
:10D2B000DEF82440DEF828C07368A4450746894696
:10D2C000154603EB040022D8DEF820B0ABEB040ACD
:10D2D0000AF1FF339A4203D80AF05FFE2C440FE0B4
:10D2E00063449A4219D852462C440AF056FEB4EBD5
:10D2F0000B0405D07068224609EB0A010AF04DFEC6
:10D30000182303FB078301205C62BDE8F88F0CF152
:10D31000FF3CACEB040C9445DED20020F5E700BFE7
:10D3200010100020F8B5144B182700FB07751D449A
:10D3300007FB00330E46DB6A012B14460AD0022B92
:10D3400014D023B9284609F005FA844208D90024EC
:10D350002046F8BD284609F0FDF9844228BF04465E
:10D3600022463146284609F0FEF9F1E72846BDE895
:10D37000F84009F013BA00BF10100020F8B50B4BAD
:10D380001B78532B04460E46174601D0FFF756FF75
:10D3900009F033FA3A46054631462046FFF7C2FF08
:10D3A0000446284609F031FA2046F8BD1010002046
:10D3B000034B182202FB00339A6A586A801A70479E
:10D3C0001010002010B4084A08490023C85C12F865
:10D3D000014D844204D10133102BF7D110BC7047AA
:10D3E00010BCFFF72BBF00BF09C7020010100020C0
:10D3F00010B50446F4F72EFA0348044A012105F05B
:10D40000FBFD204609F02DFA8C8A02000AC70200B3
:10D410002DE9F843044600AF0D46EFF31188402391
:10D4200083F31288BFF36F8F0428294A98BF294BD2
:10D430009668117C94BF53F82030274BE9468AB098
:10D440006A462648C2E9073140F201339384244BEF
:10D45000C2E9050442F8103F224800234FF431513D
:10D46000F4F7C8FACD4645B1EB69C3F3080323B11D
:10D470001D4A1C48012105F0BFFD2EB1304609F0C0
:10D480007DFC08B1037803B91848E9468AB06A46BA
:10D49000174BD061C2E9053640F201331384154BB6
:10D4A00042F8103F00230F484FF41151F4F7A2FA4D
:10D4B0002946CD462046FFF79BFF88F31188BFF32E
:10D4C0006F8F3046F5F79CF9BD46BDE8F88300BF85
:10D4D000F44800204897020019C702002FC7020035
:10D4E000050000018C8A020057C7020027C702000E
:10D4F00078C702000400000138B50A4B53F82040F9
:10D50000013053F82050A54200D838BD606830B1D2
:10D51000037FDB0701D409F081F90834F3E72368BE
:10D520009847FAE75C97020070B52A4B2A4C2B4DBE
:10D53000012286B003201A70FFF7DEFFF4F7E8FD42
:10D540000420FFF7D9FF2646AE4204F1300410D381
:10D5500001F05CF8204C224EAC4226D301F06AF870
:10D56000F2F7DCFC1F4A137B23F00103137306B0B0
:10D5700070BD54F80C3C059354F8103C049354F8D7
:10D58000143C039354F8183C029354F81C3C019348
:10D5900054F8203C009354E90A2354E90C0100F0AC
:10D5A000EFFD54F8303C5E65CDE7D4E90A23B3F1D2
:10D5B000FF3F08BFB2F1FF3F05D052EA03012068E8
:10D5C00003D101F0F3F83034C6E73146183001F0EA
:10D5D0009DFAF8E758800020C0870200F08702001B
:10D5E0006F6E02002042002070B5174E174D18498B
:10D5F00086B0B82303FB0066164B059301220F2368
:10D60000CDE903320023CDE90133142303FB005598
:10D6100004464FF4C07000FB04110F4B00954FF40B
:10D62000A072304600F0ACFD737B0C4AEE6023F034
:10D63000040373734FF4046304FB033313442C7427
:10D640006B6006B070BD00BF68410020F448002048
:10D65000009C0020DAC702005F690200C09300202E
:10D66000BFB50020FFF748FF2A4B83F308882A4CF8
:10D670002A4F636943F400736361E02384F8223026
:10D6800000252023E37725766576A57684F820505B
:10D69000636A43F4E023636284F82350F5F726F8C5
:10D6A000F5F7C8F94FF0FF33A362E362F5F79EFA8E
:10D6B000F5F7E4F9F4F72AF819481A4C00F002FEDD
:10D6C0000120FFF719FF0220FFF716FF00F0E6FF29
:10D6D000154B16495C61164B05930123CDE90353A5
:10D6E0004FF400623B46CDE901550095204600F01D
:10D6F00047FD627B064622F004022046627309F071
:10D7000079FB2846FFF770FF3A4631462046F5F789
:10D7100071F900BF009C002000ED00E029D5010058
:10D72000B043002020420020F4480020809D0020CB
:10D73000DFC7020038B5064C064DAC4201D30020CD
:10D7400038BDD4E90112204609F093F81434F4E707
:10D75000DC1A0020DC1A002038B5064C064D0020EB
:10D76000AC4200D338BD204609F0A7F80028F9DB09
:10D770001C34F5E7881A0020DC1A002073B50C462B
:10D78000EFF31181402585F31288BFF36F8FC568D1
:10D790005DB125602B68C36083690133836100201C
:10D7A00081F31188BFF36F8F11E052EA030603D1B2
:10D7B00025606FF00B00F3E7CDE900230246083047
:10D7C00000F06AFE18B9034B9B681B69236002B026
:10D7D00070BD00BFF44800202DE9F34104460E4619
:10D7E0009DF8200004F10808EFF31187402181F330
:10D7F0001288BFF36F8F256AE1688D4246D2256893
:10D80000AC4218D0BDB1284609F0B4F805F11800B3
:10D8100009F0C4FBA268286931460AF0BEFB002368
:10D82000C5F8B030284609F0E5FA4046394600F020
:10D83000C7FE002037E0A268D8B1E06931460AF09F
:10D84000ACFBE369A26813446269E361934201D1CE
:10D850002369E361236A01332362102104F1240068
:10D8600009F07BFC0028E0D187F31188BFF36F8FAC
:10D8700019E0A1692369994204BF6369A361A069A2
:10D88000801AA06131460AF088FBE3E752EA0301FF
:10D890000CD00849896840460E61CDE9002339461D
:10D8A000224600F0F9FD02B0BDE8F0816FF02200E1
:10D8B000DAE700BFF4480020F7B5044604F1080792
:10D8C0000846EFF31186402181F31288BFF36F8F72
:10D8D000216A00293AD0A268A1690AF05EFBA36917
:10D8E000A268256813446269A361934204BF236957
:10D8F000A361236AAC4203F1FF33236234D028468C
:10D90000002D32D009F036F805F1180009F046FB79
:10D91000A2682969E0690AF040FBE369A268134440
:10D920006269E361934204BF2369E361236A0133BF
:10D93000236200242846C5F8B04009F05BFA384657
:10D94000314600F03DFE204603B0F0BD52EA03012F
:10D9500010D00A4989680861CDE900233146224682
:10D96000384600F099FDEFE7002086F31188BFF3F9
:10D970006F8FE9E76FF02200F7E700BFF44800205F
:10D980002DE9F341044617461E46EFF31188402364
:10D9900083F31288BFF36F8FC368334A7BB180680B
:10D9A0009168884219D057EA060318D188F3118884
:10D9B000BFF36F8F6FF00F0002B0BDE8F081916888
:10D9C00091F90E1021610133E3609368A36088F33D
:10D9D0001188BFF36F8F0020EEE72169F2E791F91C
:10D9E0000E1090F90E309942A8BF19466FF07E02D2
:10D9F0009142B8BF11468B422DDD08F0CFFF05469E
:10DA0000CDE9007619482246414600F045FD002840
:10DA1000E1D0EFF31186402383F31288BFF36F8FB9
:10DA2000A068D0B1236821699C420AD04BB193F918
:10DA30000E309942A8BF19466FF07E039942B8BFD5
:10DA4000194608F0ABFF40B10848314600F0B8FD78
:10DA50006FF00A00B0E70025D2E7002DF4D186F37D
:10DA60001188BFF36F8FF3E7F4480020598000203E
:10DA7000F8B583680546002B40D0234A926893424C
:10DA80003FD1C368012B03D9013BC3600020F8BD1F
:10DA9000EFF31187402383F31288BFF36F8F01697F
:10DAA000806808F07BFF2C68AC4207D10023C5E9F1
:10DAB000023387F31188BFF36F8FE7E7002CF5D0AF
:10DAC000D4E9003213605A60637B002623F002031E
:10DAD0006373C4E90066A66004F1180009F05EFAF9
:10DAE000AC6094F90E302B612046C4F8B06009F0A8
:10DAF00081F90648394600F063FDC7E76FF015006D
:10DB0000C5E74FF0FF30C2E7F448002059800020FD
:10DB100037B51146EFF31185402282F31288BFF327
:10DB20006F8F04689CB12368426823F0030394421A
:10DB3000036008BF43600121204608F0BCFF044693
:10DB400085F31188BFF36F8F204603B030BD51EAD3
:10DB50000302F5D000F10802CDE900131046294672
:10DB600000F09AFC0028EFD1014B9B681C69EBE7A1
:10DB7000F448002070B5EFF31186402383F3128838
:10DB8000BFF36F8F0468A0421BD0D4B1D4E9003238
:10DB900013605A60637B002523F00203C4E900553B
:10DBA0006373A56004F1180009F0F8F9C4F8B050E7
:10DBB000204609F01FF931460A48BDE8704000F0E0
:10DBC000FFBCD0E902329A4218BF013383600221C0
:10DBD000103009F0C2FA0028EDD186F31188BFF3A6
:10DBE0006F8F70BD5980002013B5EFF31181402471
:10DBF00084F31288BFF36F8F846844B1013C846062
:10DC000081F31188BFF36F8F002002B010BD52EA7C
:10DC1000030406D181F31188BFF36F8F6FF00F00FB
:10DC2000F3E7CDE900230246014800F035FCECE7BC
:10DC3000598000202DE9F8430546EFF31188402371
:10DC400083F31288BFF36F8F002637466FF00A09FF
:10DC50002C68A54216D0ACB1D4E9003213605A60EA
:10DC6000637BA76023F002036373C4E9007704F1C8
:10DC7000180009F093F9C4F8B090204609F0BAF8FA
:10DC80000126E5E70023AB60022105F1100009F051
:10DC900064FA30B92EB988F31188BFF36F8FBDE8ED
:10DCA000F88341460248BDE8F84300F089BC00BF54
:10DCB0005980002007B5074B0093074907484FF0EC
:10DCC000FF334FF4006200F06DF9002003B05DF8FF
:10DCD00004FB00BF74970200C0A50020D8420020BA
:10DCE0002DE9FF414F4E04464027EFF3118887F39B
:10DCF0001288BFF36F8FD4F8BC50F5B9022104F13C
:10DD0000D40008F019FF002868D004F1CC050022E7
:10DD10000121284609F008F90028F8D100230293D0
:10DD20004FF0FF324FF0FF33CDE90023414604F1BD
:10DD3000C4023D4800F006FED7E7D4F8C0202B68A7
:10DD4000C4F8BC30954208BFC4F8C030D4F8D43011
:10DD500043F00203C4F8D430EB6823F0040343F02B
:10DD60000103EB606B6888F31188BFF36F8F28465F
:10DD70009847EFF3118887F31288BFF36F8FEB6832
:10DD8000D80623F0010236D4EA60EB689A0716D56C
:10DD9000306823F00203EB6088B10368002170B1A2
:10DDA0004268954235D1036869BB7268336082422C
:10DDB00000D17360002340F8083BFFF7DBFED4F886
:10DDC000D43023F00203C4F8D43088F31188BFF3B1
:10DDD0006F8FDB0589D400F069FC86E7D4F8D43076
:10DDE000D9069BD5C4F8D40088F31188BFF36F8F90
:10DDF00004B0BDE8F08123F01103EB6005F11000E1
:10DE0000FFF7B8FEC1E70B607368834208BF71601B
:10DE1000D0E723B11A68014618461346BFE71A46F1
:10DE2000F9E700BF184900205980002070B5C36889
:10DE3000C3F340069B0705460C460DD50122002181
:10DE400004F1080008F068FE00232360054B6560BC
:10DE50005A681AB9C3E90044304670BD14605C606A
:10DE6000FAE700BF18490020F8B5C3689A070446CE
:10DE70000F46C3F340062ED45B071CD40B680BB9C6
:10DE800083680B60E368DD0744BFA3683B603D68BF
:10DE90004CBF02260126002D3CD0204B9A68D5F8B5
:10DEA000B8309A420AD0D5F8D430D807C3F38002EC
:10DEB00014D46FF0120600233B6025E008F058FFF1
:10DEC000D5F8D4300028F0D1D907C3F3C002F0D57B
:10DED00052B15B0708D46FF00F06ECE7002AFAD1C5
:10DEE000C3F3C003002BF6D100232360D5F8C03064
:10DEF00063B9C5E92F44284608F039FEE36843F0CA
:10DF00000403E3603B68A3603046F8BD1C60C5F8BD
:10DF1000C040F0E76FF01506CDE700BFF4480020E1
:10DF2000F8B5C36803F00503002B06460C4614BF82
:10DF3000012700271CD085680122002104F1100070
:10DF400008F0EAFD1349204608F069FEE36843F053
:10DF50001003E360F3685B0712D5336823606BB985
:10DF6000D5F8C03033B9C5E92F44284608F0FFFD85
:10DF70003846F8BD1C60C5F8C040F6E73460F4E7E9
:10DF8000D5F8BC302360D5F8C030C5F8BC40002BB4
:10DF9000EBD1F0E74F6B02000146014808F05BBE91
:10DFA000D8420020F0B589B004460020C4E92F0013
:10DFB0000E9D04F1C400C4E9310004F1CC00C4E9B1
:10DFC000330055B32879002840F2011008BF012022
:10DFD000C4F8D40000204FF0FF364FF0FF37CDE9F2
:10DFE0000330CDE90100CDE906670D4B00942046D2
:10DFF00000F03CF955B1296811B1204600F0B0F8A5
:10E000006B791BB1237B43F001032373204600F09F
:10E01000CDFBC4F8B84009B0F0BD0120D8E700BF7F
:10E02000E1DC010037B501900846EFF3118440218F
:10E0300081F31288BFF36F8FC16811F01E0F16D1E4
:10E0400053EA020508D101A9FFF70EFF84F31188F6
:10E05000BFF36F8F03B030BD41F00801C16001997B
:10E0600081620449103000F051FD0120EEE70020EC
:10E07000ECE700BFE36B020001460148FFF7D2BFA7
:10E08000D8420020F7B50C46019016461D46EFF326
:10E090001187402383F31288BFF36F8F084608F07F
:10E0A00057FD55EA060309D101A92046FFF7DCFE1A
:10E0B00087F31188BFF36F8F03B0F0BDE3680749A2
:10E0C00043F00803E360019BA36232462B4604F150
:10E0D000100000F01BFD0120EAE700BFE36B020027
:10E0E00001460148FFF7CEBFD84200202DE9F0419C
:10E0F0000546EFF31187402383F31288BFF36F8F38
:10E100000468A04223D014B3204608F024FE04F192
:10E11000180008F043FF0026B046C4F8B08020463F
:10E1200008F068FE2C68A54206F1010608D03CB153
:10E13000204608F010FE04F1180008F02FFFECE76D
:10E140000648394600F03CFA3046BDE8F08187F3D6
:10E150001188BFF36F8F0026F6E700BF59800020BB
:10E1600010B5044608B9054B9C681F2204F17800DD
:10E1700009F065FF002084F8970010BDF4480020E6
:10E180002DE9F04F073285B022F0070204461E4603
:10E190007F3200F15803C0E9163322F03F02129B90
:10E1A000237300200D46119BDDF838A0139FA0605B
:10E1B00004213F2AC4E906006173A373E07305F1EB
:10E1C0004009A2F1400B05D880F31188BFF36F8F8F
:10E1D000084602DF05EB020841462046F4F72EF818
:10E1E0000730109B20F00700C4E9269BC4F8A0006C
:10E1F00002930F9BA8EB000BCDE900A35A463346D0
:10E2000029462046F4F7C2FB0F9BE3664FF0000857
:10E21000109BC4F85480C4E9196A2367EFF3118294
:10E22000402181F31288BFF36F8F0F4D296A616718
:10E230002C6282F31188BFF36F8F8FB11F22394692
:10E2400004F1780009F0FBFE84F89780AB680BB10D
:10E25000D3F8A430C4F8A430584605B0BDE8F08F18
:10E2600084F87870F2E700BFF4480020F0B587B07A
:10E2700000250595109D04950F9D03950E9D029513
:10E28000DDE912760D9D01950C9D00950446FFF782
:10E2900077FFB6F1FF3F08BFB7F1FF3F05D056EA61
:10E2A000070305D1204600F081FA204607B0F0BDF3
:10E2B0003A46334604F11800014900F027FCF4E720
:10E2C0006F6E020040F2011383810023C0E9263300
:10E2D000C0F8A430014B9860704700BFF44800209C
:10E2E0000A4A93686FF00A01C3F8B0100849C3F8EE
:10E2F000AC004B6843F080534B60002383F31188DC
:10E30000BFF36F8F9368D3F8B0007047F4480020D4
:10E3100000ED00E070B590F90D20437B002A36DB5C
:10E32000D90634D11B4C63F07F032246437352F865
:10E33000183FE169934207D1C0E900210860E0611C
:10E3400011E09942F8D01B68002BF5D090F90E50DF
:10E3500093F90E60B542F4D0AE42F2DD5968C0E9DF
:10E36000003108605860A569954200D005B9E5689C
:10E37000A3685A7BD20604D1DA897F2A01D9AA6917
:10E3800032B1AB4202D0284600F01CFB656170BD83
:10E390006361FCE7F448002038B590F90D20437B19
:10E3A000002A014604DA03F07F03437308F0E8FC17
:10E3B0000D4D2A46AB6852F8184F944200D004B96C
:10E3C000EC688B4207D05A7BD20604D1DA897F2AC7
:10E3D00001D9A2692AB1A34202D0204600F0F2FA84
:10E3E00023466B6138BD00BFF4480020B3F1FF3F06
:10E3F00008BFB2F1FF3F03D00249183000F086BBDE
:10E40000704700BF6F6E020070B590F90D20437B1E
:10E41000002A014604DA03F07F03437308F0B0FCDE
:10E420004B7B1C4C63F07F0322464B7352F8183F22
:10E43000E069934207D1C1E900200160E16111E088
:10E440009842F8D01B68002BF5D091F90E5093F943
:10E450000E60B542F4D0AE42F2DD5868C1E900303A
:10E4600001605960A569A368954200D005B9E568C7
:10E470008B4207D05A7BD20604D1DA897F2A01D990
:10E48000AA692AB1AB4202D0284600F09BFA2B467B
:10E49000636170BDF4480020F8B50E4B0C46114680
:10E4A0000D4A98681060DDE90667EFF3118240229B
:10E4B00082F31288BFF36F8F9D68284608F072FCC4
:10E4C000284632463B46FFF791FF2046BDE8F8401C
:10E4D000FFF706BFF448002020490020F8B50446A5
:10E4E000EFF31187402383F31288BFF36F8F437BD1
:10E4F00003F01F02002A0CBF0126002649B239D1C1
:10E5000003F07F03437308F03BFC2C4D437B817386
:10E5100063F07F032A46437352F8183F934227D192
:10E52000E869C4E900200460EC610FE09842F8D08B
:10E530001B68002BF5D093F90EC06145F6D08C45D1
:10E54000F4DD5968C4E900310C605C60AC69944248
:10E5500000D004B9EC68AB689C4202D0204600F0C1
:10E5600031FA6C6187F31188BFF36F8F3046F8BDC5
:10E57000E869DEE79B071ED5856808F001FC81731A
:10E580002B689D4209D16B68C4E900531C606C6024
:10E59000E8E76A689342F6D01B68002BF3D093F942
:10E5A0000E209142F5D08A42F3DD5A68C4E9003268
:10E5B00014605C60D6E78173D4E700BFF4480020A4
:10E5C00049B9EFF3058030B9054B5A699B689A4207
:10E5D00001D0FFF785BE81F31188BFF36F8F7047BD
:10E5E000F4480020034648B9EFF3058232B9064AE1
:10E5F00051699268914201D0FFF772BE83F311888E
:10E60000BFF36F8F704700BFF4480020EFF3118114
:10E61000402383F31288BFF36F8F054B9A68D37B37
:10E62000013BD37381F31188BFF36F8F704700BF35
:10E63000F448002070B5EFF31186402383F312886D
:10E64000BFF36F8F144DAB68DA7B0132DA732A4661
:10E6500052F8184F944200D004B9EC685A7BD206A5
:10E6600004D1DA897F2A01D9A2692AB1A34202D052
:10E67000204600F0A7F923466B6186F31188BFF3AB
:10E680006F8FEFF31180402383F31288BFF36F8FF6
:10E69000BDE87040FFF7A6BFF4480020024B03F12D
:10E6A0001802C3E906227047F448002070B5EFF362
:10E6B0001186402383F31288BFF36F8F1B4CA16830
:10E6C000E0690B68814214BF1A46002249680B605A
:10E6D0005960A368E1692AB9154AC3E900210B60B2
:10E6E000E3610CE093F90E0092F90E50A84218D0A5
:10E6F000854216DD5168C3E900210B605360A569AE
:10E700000B4B9D4200D005B9E568A3689D4202D03D
:10E71000284600F057F965613046BDE87040FFF7C4
:10E72000DFBD8A42D8D01268D5E700BFF448002088
:10E730000C490020F8B550EA010306460C4603D107
:10E74000FFF7B4FF0020F8BDEFF31187402383F3F8
:10E750001288BFF36F8F124D124BA8681860FFF735
:10E760001BFEA868104923463246183000F0CEF947
:10E77000AA68537B43F00403537304463846FFF7FB
:10E78000AFFDAB68D3E90A23B3F1004F08BF002AFD
:10E79000D8D108F02BFC201A20EAE070D3E700BFA4
:10E7A000F4480020204900206F6E020038B504466E
:10E7B000EFF31185402383F31288BFF36F8F437B00
:10E7C0005B070FD5183008F0E9FB637B23F00403E7
:10E7D00020466373FFF79EFD29460548BDE8384093
:10E7E000FFF7EEBE85F31188BFF36F8F38BD00BF12
:10E7F00059800020014B9868704700BFF448002002
:10E800002DE9F8430446077BEFF31185402383F39A
:10E810001288BFF36F8F437B190705D585F31188E5
:10E82000BFF36F8FBDE8F883D90943F0080260D1C8
:10E830004273A36813B1204608F0AAFA04F1180045
:10E8400008F0ACFBA66D04F15808B04511D04FF0AC
:10E85000000976B1304608F09BFA06F1180008F07E
:10E860009DFBC6F8B0903046FFF754FDA66DB0454D
:10E87000EFD1DFF8C480D8F808309C4241D1EFF3E3
:10E880000589B9F1000918BF4FF00109D8F81860DF
:10E890002A4A964200D00EB9D8F80C60B34202D092
:10E8A000304600F08FF82046C8F8146004F08DFC64
:10E8B000204600F0DFF8B9F1000F02D02048FFF742
:10E8C00001FDD8F808309C4231D1EFF3058373BBCA
:10E8D000227BD20718D42846FFF702FDFB07A1D5FB
:10E8E000002383F31188BFF36F8F0423184602DFE0
:10E8F00098E703F07F0343F00803437308F040FAFE
:10E9000097E74FF00009C1E785F31188BFF36F8FD8
:10E9100083F31188BFF36F8F0423184602DFEFF3F0
:10E920001180402383F31288BFF36F8FD4E785F300
:10E930001188BFF36F8FD1E7F44800200C49002005
:10E94000B0430020D3B5DDE90667089CCDE9006738
:10E95000FFF7A2FD1CB1034B9B681B69236002B04B
:10E96000D0BD00BFF4480020044BC01A044BC010B7
:10E970005843044B01221A54704700BF68440020DA
:10E98000ABAAAAAA59800020C3897F2B12D80A4BB0
:10E990001B6863B1094B90F90E201B689A4209DB92
:10E9A000437BDB0606D1064BC31A18BF012303F0D5
:10E9B000010070470023FAE73418002024490020A2
:10E9C0006841002070B50E4B0E4C1E7C06EB4603D2
:10E9D00004EBC3040546204608F0E0FA0A4B002287
:10E9E00028469A55FFF7D0FF48B1084B08491A68E6
:10E9F000013A2046D317BDE8704000F087B870BDDB
:10EA0000F448002068440020598000203418002079
:10EA100069E9010038B5EFF31185402383F31288CB
:10EA2000BFF36F8F104B114A9C681068A04206D14B
:10EA3000FFF7C8FF85F31188BFF36F8F38BD002142
:10EA40001B7C11600A4AD35C002BF3D02046FFF7F1
:10EA50009BFF0028EED0637BDB0602D12046FFF748
:10EA6000D3FC2046E4E700BFF44800202049002002
:10EA700059800020EFF31181402383F31288BFF304
:10EA80006F8F0A4A136A834207D15B6F136281F367
:10EA90001188BFF36F8F70471346002BF7D05A6F62
:10EAA0008242F9D1426F5A67F1E700BFF448002073
:10EAB000024B1868984208BF0020704738180020A1
:10EAC000034B1B680BB9FCF71FBC0020704700BF4D
:10EAD0002849002030B570B10B4B5B6898420AD0D2
:10EAE000036843B1D3E90421D0E90445121941EB8D
:10EAF0000501C3E90421D0E9003213605A60002304
:10EB0000C0E9003330BD00BF38180020B3F1FF3F2B
:10EB100008BFB2F1FF3F2DE9F84F0446994615466C
:10EB20001F467AD08160EFF31188402383F3128867
:10EB3000BFF36F8FB9F1000FDFF8E4A020DBFFF720
:10EB4000BFFFDAE90027013549F100092D1849EB2B
:10EB5000E073C4E90453AD18064643EB07074FF0D2
:10EB60000109FFF7A5FFDFF8BCE0DEF804A00346CB
:10EB7000EBB9C4E900EACAF80040CEF8044028E046
:10EB8000DAE900126FF001035B1A4FF0FF3161EB1D
:10EB900002025B1B62EB0902012B72F10001BCBF98
:10EBA00001230022C0E904324FF00009D9E7D3E97C
:10EBB000041CD4E904208A4270EB0C0B24DA891A75
:10EBC0005A686CEB0000C3E90410C4E90032146019
:10EBD0005C60FFF76DFF84420ED1134B1B685BB97D
:10EBE000B9F1000F02D1FFF76BFF0646304608F07F
:10EBF000BEF90021FCF756FB88F31188BFF36F8F35
:10EC000028463946BDE8F88F521A60EB0C009A4549
:10EC1000C4E90420ADD01B68AAE700252F46EFE722
:10EC20008044002038180020284900202DE9F047B2
:10EC3000EFF31185402383F31288BFF36F8FDFF862
:10EC4000A490DFF8A480C9F80000FFF731FF002688
:10EC50000027D9F80030D8E900ECD91750B1D0E935
:10EC60000442A34271EB020A1CDAE41A62EB0102CD
:10EC7000C0E9044213EB0E034FF000044CEB01011A
:10EC80002046C8E90031C9F8004008F070F9214673
:10EC9000FCF708FB85F31188BFF36F8FBDE8F047E1
:10ECA000FFF7B8BE14EB0E024CEBE473C0E9046747
:10ECB000C8E90023FFF70EFF85F31188BFF36F8FBC
:10ECC00083689847EFF31185402383F31288BFF3DD
:10ECD0006F8FD9F800301B1BC9F80030FFF7E8FE32
:10ECE000B7E700BF284900208044002010B5EFF3AB
:10ECF0001184402383F31288BFF36F8FFFF7E0FE88
:10ED0000054A0346D2E90001181841EBE37184F388
:10ED10001188BFF36F8F10BD80440020F8B5054601
:10ED2000EFF31187402383F31288BFF36F8F0368DB
:10ED300023B187F31188BFF36F8FF8BDD0E90A467E
:10ED4000611C46F10002022972F1000236D3012C47
:10ED500076F10002BCBF01241E46013C46F1FF369D
:10ED600008F048F9013041F10001001946EB0101BA
:10ED7000012871F1000130DB08F03CF9013041F16C
:10ED800000016FF00203001946EB010183426FF0AE
:10ED900000438B4126DB08F02DF9013041F10001E1
:10EDA0006FF00102001946EB0103121A4FF0FF3118
:10EDB00061EB03031C492846FFF7A8FE2B6B0133C8
:10EDC0002B632B6A93B93C462B4653F8185F9D4240
:10EDD00000D0D5B984F31188ADE76FF001024FF090
:10EDE000FF33E7E700224FF00043E3E787F31188A2
:10EDF000BFF36F8F2B6A28469847EFF311844023A7
:10EE000083F31288BFF36F8FDEE7284608F001F81E
:10EE10000023C5F8B03084F31188BFF36F8F284604
:10EE2000BDE8F84007F0E6BF1DED01002DE9F04117
:10EE300005461C4690461F46EFF31186402383F398
:10EE40001288BFF36F8FB4F1FF3F08BFB2F1FF3FED
:10EE500005D186F31188BFF36F8FBDE8F081002CD8
:10EE600009DB012A74F10003BCBF0122002412F166
:10EE7000FF3844F1FF37284608F090F8DDE9060135
:10EE80000023C5E90A012B6342463B462846024956
:10EE9000FFF73CFEDDE700BF1DED010038B503467E
:10EEA000EFF31185402282F31288BFF36F8FC160A8
:10EEB000012181600068834206D185F31188BFF388
:10EEC0006F8F0024204638BDD0E9003213605A60AD
:10EED0000023C0E9003308F0FDF829460446024843
:10EEE000FFF76EFBEEE700BF5A800020F8B507463B
:10EEF0000C46164607F03CFF08B10020F8BD0E4B4B
:10EF00009B68D3F8A450002DF7D0221DF5D2EFF363
:10EF10001184402383F31288BFF36F8F47F00401FD
:10EF20002846B04784F31188BFF36F8F0028E4D0E0
:10EF300040F8045BE2E700BFF44800200146024AC3
:10EF40000020FFF7D3BF00BF7F25020001680E4AF3
:10EF50009142034615D1C169A2F11022A2F1EF122C
:10EF600091420ED18268012A0BD8C26812B10169A0
:10EF70008A4206D0586928B19B691B1A58425841E9
:10EF800070470120704700BF55AA00FF70B50D4BB8
:10EF90009E68A6B13046FFF7D9FF044678B9F368FA
:10EFA0006BB935690DB9204670BD2846FFF7CEFF15
:10EFB00028B9EB68B34202D12E462D69F2E701244D
:10EFC000F1E700BF2C4900202DE9F041444B454CAE
:10EFD0001B68054620468846984718B100242046FD
:10EFE000BDE8F081A4F1140754F8144CFB68DCB1BF
:10EFF000BC68CCB1002D66D0B8F1000F65D008FB1D
:10F0000005F6B6FBF5F5A84561D1311D5FD8B2070D
:10F0100011D026F0030204321C4603E061689142DD
:10F0200057D2A469002CF9D12F4B2E481B68984762
:10F030000028D4D0D2E73246EEE7891A232904F11A
:10F0400020051CD80123A360D4E90523AAB193614C
:10F05000A3690BB162695A610023C4E905333B69B6
:10F06000DB0703D5FFF792FF002835D13246002198
:10F0700028462C4608F0B9FFD6E7FB60E8E702F126
:10F08000200C04EB0C032039C3E90110DC601748A5
:10F090002169196144F80C00A0F11020A0F1EF10D3
:10F0A000D86101B1CB6061695961A069986141B1D2
:10F0B0008B61996901B14B610121C4E9012123618F
:10F0C000CAE7FB60F5E72C46AEE74446ACE70446EA
:10F0D000AAE7A0680028B0D0012001F0CFFD00BF52
:10F0E00050180020404900204C18002055AA00FF6D
:10F0F00070B5464B464C1B6805462046984700288D
:10F1000040F08280002D43D054F8143CA4F1140642
:10F11000002B3DD0B268002A3AD09D4203D37268DA
:10F1200013449D4202D3012001F0A8FDA5F1200463
:10F130002046FFF70BFF0028F5D155F8183C012BAE
:10F14000F1D155F8143C45F8180C3BB39A682ABB2A
:10F1500055F81C2C02F120015A680A445A6055E9FE
:10F1600005321A6155F8145C2B6903B1DD60202269
:10F170000021204608F039FF286910B18368002B70
:10F180002ED033699B0703D5FFF700FF0028CAD1B3
:10F19000204B1F481B68BDE87040184755F8100CFD
:10F1A00000282AD0836843BB426863681344203335
:10F1B000636003692361D4E905239AB9CBB9436934
:10F1C00063618269A261B3B19C61A36903B15C61AF
:10F1D000236903B1DC602022002108F006FFD0E79C
:10F1E0002C46E1E79361A369002BE8D062695A617C
:10F1F000E5E7F360F7E7F460E7E7F36845F8083C14
:10F2000003B15C61F460BCE770BD00BF5018002022
:10F21000404900204C18002038B528220C460546ED
:10F220000021154808F0E1FE144B15481B6898476B
:10F230001449154800F038F8232C1CD915F00303A5
:10F240001FBF043CE418C3F10403ED18224600215B
:10F25000284608F0CAFE084B0C499D60C3E90054DB
:10F26000203C6C609A6811609A68DA60A1F1102104
:10F27000A1F1EF11D16138BD2C49002058180020B0
:10F2800040490020F1F00100C9EF010055AA00FF3C
:10F29000014B1B68184700BF44180020014B1B6836
:10F2A000184700BF40180020024B1860024B002096
:10F2B00019607047441800204018002010B50A4615
:10F2C000044619B1024B00211B68984710BD00BFCE
:10F2D00048180020F8B50D4E0D4C0E4D33680E4801
:10F2E000984767782B680C48984733680B489847CD
:10F2F000022F08D12478E31F5C425C412B68074849
:10F3000098472046F8BD0024F8E700BF50180020B9
:10F31000544900204C180020041B0020F01A002043
:10F320000E4B0340B3F1607F06D1B1F5885F14BF87
:10F330006FF0860000207047B3F1707F0BD101F4AD
:10F34000E043B3F5005F06D111F4E06F0CBF6FF03E
:10F350008600002070476FF0860070470000C07F75
:10F360008A4270B506460D4600F0ED80784922F4D9
:10F37000FF7323F001038B4213D022F0FF0001F54D
:10F38000885188420DD0734C22F47F7121F0030123
:10F39000A14206D07049884203D001F574518B42D6
:10F3A0002CD16E4B25F0FF0199420FD115F0FF00D3
:10F3B0000BD06B4B40F00070984240F0C68082EA60
:10F3C0000500FF288CBF0020012070BD654B9942CD
:10F3D000ECD0A3F588539942E8D025F4FF7323F0CD
:10F3E0000103B3F1062FE1D05B488142DED05E49D4
:10F3F0008B42DBD0A1F584418B42D7D005F0FE4390
:10F40000B3F1A06F13D102F0FE43B3F1A06F40F04F
:10F41000888082EA050333F47E1340F082802E0454
:10F420007FD5C5F30540C2F305429042CAE74F4974
:10F430008D420BD14E4B9A4200F085804D4B22F409
:10F440007E10984214BF00200120BEE7B3F1407F38
:10F4500067D102F0FE43B3F1407F62D182EA05003A
:10F4600030F47E145DD131462846FFF759FF00285D
:10F470006BD1414B12F47C1103EA020318D0B3F1B3
:10F48000607FC2F305413DD13C48D3B243F00073E5
:10F4900083423BD003F17E43043B112B01D8384813
:10F4A000C45C15F47C1FC5F3054331D18C42C9E718
:10F4B000B3F1607F0DD13148D3B243F00073834282
:10F4C0001ED003F17E43043B112BDDD82D49C95CCE
:10F4D000DAE7B3F1707FE4D106F4E043B3F5005FFF
:10F4E00003D1C6F302230121994006F4E043B3F5AA
:10F4F000005FD6D1C6F30226012000FA06F4D0E759
:10F500001021C1E7B3F1707FCBD1EEE71024C8E73B
:10F5100012F47C1F01D1A34215D02C0401D58B42DB
:10F5200050E725F0004323F47F03B3F1106F0CD1B3
:10F5300002F0FE43B3F1106F07D11348104040F0C2
:10F540001060A8427EE701203FE700203DE700BFB2
:10F550000002000600040006000900060003000681
:10F56000FF00000200130006004600060093C004DE
:10F570000013C004000140050000C07F030000022A
:10F58000F0C70200F0C702000000FFF62DE9F843C3
:10F59000884617461C4600F013FC054688BBD8F881
:10F5A0000060B6F8009009F4E043B3F5804FB3680B
:10F5B00008BF27F0010737EA03031AD10CB3274B22
:10F5C00024F0FF029A421FD114F0FF0304D0244A12
:10F5D00043F00073934236D0F16822464846FFF765
:10F5E000BFFE074668B9316922464846FFF7B8FEB4
:10F5F00090BB6FF084050023C8F80030304600F05F
:10F6000013FC2846BDE8F883164B9A42DCD0A3F5DC
:10F6100088539A42D8D024F4FF7323F00103B3F146
:10F62000062FD1D010498A42CED0104A9342CBD077
:10F63000A2F584429342C7D004F0FE43B3F1407F69
:10F6400004D12304C8D56FF08605D4E7B3F1A06FC9
:10F65000F7D0034B9C42BEE73D46D2E700030006CD
:10F66000FF00000200130006000900060046000625
:10F6700070B5114B05461B6810480E469847044666
:10F6800018B16FF08F04204670BD6B6933602B7F1B
:10F69000012B04BF02232B77094B18BF30601B6876
:10F6A000064818BF6FF0960498470028EBD0002C4E
:10F6B000E7D06FF09604E6E750180020DC1A00202F
:10F6C0004C18002038B500F0FE43B3F1407F0446EB
:10F6D0000D4602D06FF0860038BDFFF721FE0028EE
:10F6E000FAD114F47C1F12D0C4F30543032B13701A
:10F6F00022D9284A2240B2F1607F3DD1264AE4B2A5
:10F7000044F0007494422BD1102BE5D9E2E7214B51
:10F710002340B3F1607F15D11F49E3B243F000737A
:10F720008B4202D110231370D6E703F17E43043BD2
:10F73000112B04D9002313706FF08500CCE7174913
:10F74000CB5CD3E7B3F1707FF4D101F4E043B3F5C0
:10F75000005FEFD1C1F3022101238B40DBB2C5E78B
:10F7600004F17E44043C112CB4D80D4A125D93423E
:10F77000B0D8142BB0D9DFE7B2F1707FAAD105F46D
:10F78000E042B2F5005FA5D1C5F302250122AA40EF
:10F79000EDE700BF0000C07F03000002F0C70200D9
:10F7A000F0C702002DE9F341002313604768D0F849
:10F7B000148004460E463846114608F097F8054670
:10F7C00088B9384608F094F8054660B9FFB277B9B1
:10F7D000B8F1000F05D1A36823F0031323F47F438E
:10F7E00063B16FF08605284602B0BDE8F08160691C
:10F7F000012108F055F80028EDD1F2E762884FF6B4
:10F80000F8739A4227D8154B15481B6827799847F3
:10F8100010B16FF08F05E6E707B901A8314600F097
:10F8200087FA104B05461B680D48984710B1002D0C
:10F83000D9D1EEE7002DD6D10FCCD6F800C0664660
:10F840000FC694E8070086E80700002FCBD1019B84
:10F85000CCF81430C7E76FF08505C4E750180020D6
:10F86000DC1A00204C18002010B5044660B1074B8C
:10F8700007481B689847204607F0C1FD054B044820
:10F880001B68BDE81040184710BD00BF501800208D
:10F89000DC1A00204C18002037B50446C0B101A97D
:10F8A00000F08EFA044698B9194B1A481B681A4D95
:10F8B0009847F0B90198037F032B11D108F001F8A4
:10F8C0002B6804461348984728B10CB96FF08F0491
:10F8D000204603B030BD002C08BF6FF08704F7E767
:10F8E000022B12D1032303770379FF2B08BF6FF09C
:10F8F0008404019807F0E5FF2B68002818BF044630
:10F90000044898470028E3D0DFE76FF09604F0E75B
:10F9100050180020DC1A00204C1800202DE9F0417E
:10F920001F4688B01646002203880796CDE90422B8
:10F93000054688463A60002E62D0B6F1005F80F03E
:10F940009E8023F0FF03B3F5E24F02D0B3F5824F60
:10F9500022D1284607F034FC0446002840F083807A
:10F96000EB686BB16A885AB12B8803F44F41B1F54B
:10F97000824F05D1DBB2222B37D02DD8122B39D0B4
:10F98000424608EB0601002312F8010B914243EABC
:10F990000003F9D1002B33D005AA04A92846FFF7AC
:10F9A00001FF0446A0B9049B9B6A63B3049B5A8879
:10F9B000069206AA029203F1280201929A6A009224
:10F9C0005B6A32464146284607F0C4FF044678B3D6
:10F9D0000498FFF749FF46E0273BDBB21B2BCFD84B
:10F9E000284921FA03F3DB07CAD50732B6EBD20F59
:10F9F000C6D205E040F209239A42F6D1402EBFD884
:10FA00006FF086042FE06B681B0A07D107990498F2
:10FA100007F0B5FC04460028C8D0D9E707AB32464A
:10FA20004146284607F06EFF04460028EED0CFE797
:10FA30000499069B4A88D2B94B80069A04984FF6DF
:10FA4000F8739A4218D82B8813B102889A4210D1C1
:10FA50006B8813B142889A420BD13946FFF708FEF2
:10FA600004460028B4D1204608B0BDE8F0819A428F
:10FA7000E3D06FF08604ABE76FF08504A8E76FF082
:10FA80008504F0E70102000C38B504460D46FFF787
:10FA900021FC30B12A4621460348BDE8384008F031
:10FAA0000BB86FF0880038BD5849002070B51D4E66
:10FAB0001D4C33681D4898472378590744BF23F0ED
:10FAC0000403237023789A0705D500F017F92378EB
:10FAD00023F002032370164D14482B6898473368AF
:10FAE00014489847637813B1134807F0E7FF0023E1
:10FAF0004FF4A87110486370FFF7E0FB2B680D48C6
:10FB000098473368094898472378DB0705D507F0FD
:10FB1000F8FE237823F0010323702B680348BDE827
:10FB2000704018475018002054490020F01A002057
:10FB30004C180020041B0020584900202DE9F041FA
:10FB4000FFF7C8FB18B100242046BDE8F081364F0E
:10FB500036483B689847044620B16FF08F04FFF7A2
:10FB6000A5FFF1E7324D2B78D80706D407F0C7FE82
:10FB70002B7843F0010304462B702E4E2B4833683C
:10FB8000984710B1002CE8D0E9E7002CE7D13B689A
:10FB90002648984704460028DFD12B78990706D4D9
:10FBA00000F0A4F82B7843F0020304462B7033686E
:10FBB0001E4898470028E5D1002CD0D13B681B484F
:10FBC00098470028C9D13368184895F800809847AD
:10FBD0000028C2D13B681848984704460028BCD189
:10FBE0006B7843B918F0010F05D0144807F062FF95
:10FBF000022304466B7033680F4898470028C1D130
:10FC0000002CACD13B68094898470028A5D12B7837
:10FC100006485A075CBF43F004032B7033689847CB
:10FC2000002890D099E700BF50180020F01A00205B
:10FC3000544900204C180020041B00205849002083
:10FC400038B5074C074B20461B689847064B93F87E
:10FC50008055064B20461B689847284638BD00BF94
:10FC6000F01A002050180020A84A00204C1800204C
:10FC700000F140421F2A38B504460D460CD81A4BF5
:10FC80002C2101FB02331A7F022A02D15A698242D7
:10FC900018D06FF08B001FE0012107F001FEE0B1EA
:10FCA000114A00201346117F022902D15169A14255
:10FCB00005D00130202802F12C02F4D1E9E72C22F2
:10FCC00002FB00331A7F022A0AD11A6A511C07D09C
:10FCD00001321A6200202B6038BD6FF08700FBE70D
:10FCE0006FF09600F8E700BFA84A0020024B0122FF
:10FCF00083F8802500207047A84A00202DE9F041B4
:10FD00000A4C002526464FF001080327C4F820803E
:10FD100027772046013507F072FB202D04F12C04D3
:10FD2000F4D1002386F88035BDE8F081A84A002090
:10FD3000F8B506460F46FFF783FF002835D01E4B67
:10FD4000002422461D46197FF9B13CB9022905D18C
:10FD5000196A19B91979002918BF1C460132202ADD
:10FD600003F12C03EFD114B96FF08C000BE0237F6B
:10FD7000022B04D1236A5A1C1CBF01332362204684
:10FD800007F03DFB10B100240DE01C46237F7BB93A
:10FD90000123237736B1094B651BAD105D4305F197
:10FDA0008045356000203C60F8BD6FF08800EAE7D0
:10FDB0006FF09600E7E700BFA84A0020A38B2EBA99
:10FDC000002370B50B6004460D46FFF739FF08B3FA
:10FDD000124B13481B689847064618B16FF08F0402
:10FDE000204670BD20462946FFF742FF10F18C0FD8
:10FDF0000C4B044607D01B68094898470028EFD0F1
:10FE0000002CEDD1EAE72E601B68054898476FF09B
:10FE10008704E5E76FF08804E2E700BF5018002090
:10FE2000DC1A00204C18002010B50B4B04461B6850
:10FE30000A48984718B16FF08F04204610BD20463D
:10FE400007F03FFD064B04461B680448984700280E
:10FE5000F3D0002CF1D1EEE750180020DC1A00207E
:10FE60004C18002070B40A4E4568DCB244F00074AF
:10FE7000B4424FEA152503D035B970BC00F0CCB8B8
:10FE80006FF0850070BC70476FF08600FAE700BF26
:10FE900005000002F7B5089E0D4FF5B2044645F087
:10FEA00000754868BD424FEA10200AD060B900963C
:10FEB00004F1080000F07CF808B91C23236003B0AB
:10FEC000F0BD6FF08500FAE76FF08600F7E700BF3E
:10FED00005000002F7B5089E0D4FF5B2044645F047
:10FEE00000754868BD424FEA10200AD060B90096FC
:10FEF00004F1080007F0E2FE08B91C23236003B0F8
:10FF0000F0BD6FF08500FAE76FF08600F7E700BFFD
:10FF1000050000022DE9F0414FF6FF749C4228BF16
:10FF20001C460D461FFA84F81646AAB1A1B19BB132
:10FF30000B4F384606F08AFC18B96FF09200BDE806
:10FF4000F081BB6842461B68314638469847002816
:10FF5000F3D1E4002C60F2E76FF08600EFE700BF1A
:10FF6000248502007FB50024C0F848410F4C00945E
:10FF7000054607F045FD044698B903AB102205F588
:10FF80009C7601930092334605F59471284607F05C
:10FF90004AFD044628B9304607F0BEFD204604B0AD
:10FFA00070BD284607F04BFDF8E700BF0044400451
:10FFB0002DE9F0411E46069B1746154A23F47E1391
:10FFC000934204460D461BD10B88B3F5105F17D141
:10FFD000A6F11002102A17D80E4BD340DB0713D519
:10FFE0004FF4A672002108F000F8022384F84C3187
:10FFF0003A46334629462046BDE8F041FFF7B2BFF6
:020000040002F8
:100000006FF08500BDE8F0816FF08600FAE700BF71
:100010000002C003010101002DE9F04323F47E1624
:10002000124BDDF82C909E42DDE9077CDDE909E802
:1000300015D10388B3F5105F11D1A2F11004102C73
:1000400011D80B4D25FA04F4E3070CD5CDE9098945
:10005000CDE907CE3B46BDE8F04307F006BE6FF0A2
:100060008500BDE8F0836FF08600FAE70002C00368
:100070000101010073B50C4611461A462388069EFD
:10008000B3F5105F054619D1A2F11004102C12D857
:100090000C4BE340DB070ED50B4B9E420ED10024E8
:1000A0000094234600F03AF985F81C41C5F8186120
:1000B000204602B070BD6FF08600FAE76FF0850051
:1000C000F7E700BF01010100004440042DE9F041C1
:1000D00016461F46D0F818210E4B9A420546884610
:1000E00011D1314600F03AF9069B984204460DD8EA
:1000F000334628464246394600F03EF9079B002029
:100100001C60BDE8F0816FF08500FAE76FF08900B0
:10011000F7E700BF0044400430B58BB00446182216
:100120000D4604A8002107F060FF4FF41053ADF80E
:100130000C3020464FF48073ADF80E30059307F075
:100140007EFC4FF494720021204607F04EFF0B4BCB
:1001500000932A46202303A9204607F051FC50B9FA
:1001600005F1200304F59474303553F8042B44F85A
:10017000042BAB42F9D10BB030BD00BF00444004AA
:1001800010B5164B8EB01B68044600F59E7098475C
:100190003022002102A807F028FF02A92046FFF71D
:1001A000BBFF034660B9302302AA01A907F088FC0F
:1001B000034628B9019BB3F5C07F04D26FF09303C7
:1001C00018460EB010BD02A9204607F009FE0346EE
:1001D0000028F5D10122C4F83821F1E75818002091
:1001E000F0B5284B00F59E768FB004461B6830466C
:1001F0000F461546984718B16FF083000FB0F0BD59
:10020000D4F83831002B36D0B5F5803F36D842F2DD
:100210001072934215D9302302AA01A907F050FCAD
:100220000028EBD1019BFF2B02D86FF09300E5E78C
:1002300002A9204607F0D4FD0028DFD10123C4F82D
:1002400038312B463A460021204607F074FD00283D
:10025000D4D10146204607F0C3FD0028CED1D4F802
:1002600038310133C4F83831074B30461B689847A2
:100270000028C3D0C0E76FF08800BFE76FF08600AA
:10028000BCE700BF501800204C18002010B50446F1
:1002900007F0D5FB064B04F59E701B6898474FF49A
:1002A000A8720021204607F0A0FE002010BD00BF6C
:1002B0005418002070B5184E049C4588B34202D0F3
:1002C0006FF0850070BDEE1DB2EBD60F4FEAD6037E
:1002D00002D06FF08600F5E7079A934218D8089A83
:1002E0001360008847F212129042E9D1059A5B0030
:1002F00001339342EDD12378042BEAD1B5F5807F09
:10030000DED10698621C00F067F90028DAD0E0E739
:100310006FF08900D6E700BF00000209F8B5069F1C
:1003200004461D4661B11646AFB9E0F7D9F800237F
:1003300084F8116184F8103184F8127184F8133153
:1003400045B11022294604F1F00007F026FE0123F2
:1003500084F81331F8BDE0F757FAE8E751B190F8A7
:10036000103190F812210B4402F001029B1A23F085
:100370000F007047084670472DE9F04F044687B0DC
:1003800090F8120194F810910090002B55D09246ED
:1003900000F00108C9F110021E4608EB0203B34247
:1003A00004F5807700F2C4800D46002A40F0B38047
:1003B000009B002B6AD194F8133104F1F009C84670
:1003C000002B40F0C18094F811312246394648464E
:1003D000DFF732FF0F2E40F2CE80A6F1100323F09C
:1003E0000F031033019305EB030BD04694F813C1B0
:1003F000102341464A463846BCF1000F20D0E0F7B2
:1004000035FC10224946284607F0C7FD103594F800
:100410001131224639464846DFF70EFF5D4508F1A7
:100420001008E3D116F00F0621D184F81061C846F8
:1004300010224146584607F0B0FD07B0BDE8F08FE6
:10044000102207F0AAFD10224946284607F0A5FD14
:10045000103594F81131224639464846DFF7ECFE54
:10046000AB4508F11008C1D116F00F06DDD0019B95
:100470009A4451463846324607F08FFD009B84F877
:100480001061002B7DD00DF10808D1E794F81131EF
:100490002246394602A8E0F765F894F81331002B9C
:1004A0005BD1B8F1000F0CBF4FF010094FF01109EC
:1004B0004E4529D304F1F00801E04E4524D35146BE
:1004C00010223846924407F068FD102202A92846FF
:1004D00007F063FD94F811312246394602A8E0F78F
:1004E00041F894F81331103E1035002BE5D002A9E5
:1004F000084642461023E0F7B9FB10223946404631
:1005000007F04BFD4E45DAD22EBB84F81061AB46A6
:100510000DF108088CE7514607EB0900924407F0FB
:100520003CFD009B103E4E44002B3FF444AFADE732
:1005300007EB09005146324607F02FFDB14484F81D
:10054000109107B0BDE8F08F10234A46394638466F
:10055000E0F78CFB37E7AB468BE702A904F1F00923
:100560004A4608461023E0F781FB484610223946E8
:1005700007F013FD95E7002EEDD184F81061AB462E
:1005800056E704F1F00952E700B589B00146684624
:1005900000F03CF809B05DF804FB00BF00B591B075
:1005A0000146684600F06AF911B05DF804FB00BF2F
:1005B00030B599B00546684600F028F8694604460B
:1005C00008A800F053FA08A90443284600F08AF965
:1005D000204619B030BD00BF70B598B005466846DA
:1005E000164600F013F83146044608A800F046F914
:1005F00008A96A460443084600F082F908A90443A2
:10060000284600F06DF9204618B070BD70B50B6833
:10061000124E1BBAC3614B681BBA83618B681BBA4D
:100620004361CB681BBA03610B691BBAC3604B699A
:100630001BBA83608B691BBA4360CB691BBA324615
:10064000036001460446E0F701F9314605460246DB
:100650002046E0F71BF9681E70BD00BF80970200BE
:100660002DE9F04188B00C46064602F120016846AB
:1006700006F120079046E0F7E3FB6A4669466846C4
:10068000E0F700FB69463846E0F7DAFB3A463946C0
:10069000384604F12005E0F7F5FA6A4669466846EF
:1006A000E0F7F0FA41462846E0F7CAFB6A464146C1
:1006B0003046E0F7ADFB2A4629466846E0F7E2FA05
:1006C0002A4669466846E0F7DDFA124A69466846F6
:1006D000E0F7D8FA69462046E0F7B2FB32462146F9
:1006E0002046E0F70DFB324621462046E0F708FBA6
:1006F000224631462846E0F703FB6A46294628464B
:10070000E0F786FB3A4629462846E0F7F9FA08B0B2
:10071000BDE8F08160980200F0B599B004460D463E
:100720000A4601466846E0F7EBFA69466846E0F794
:1007300087FB6A46214608A805F1200604F1200738
:10074000E0F766FB6A4629466846E0F761FB3246F9
:10075000394610A8E0F796FA324639463046E0F7B7
:10076000CFFA31462846E0F76BFB6A4608A92046D7
:10077000E0F788FA224629462846E0F7C1FA6A4699
:1007800008A96846E0F7BCFA6A4639463846E0F7F9
:100790003FFB2A4608A96846E0F7B2FA6A463146A6
:1007A0003046E0F735FB3A4631463046E0F7A8FAE6
:1007B00010A96846E0F744FB224669462046E0F768
:1007C0009FFA08A922460846E0F79AFA10A908AA53
:1007D0000846E0F71DFB3A4610A93846E0F790FAC4
:1007E00019B0F0BD2DE9F04188B00C4605469046A1
:1007F0000A4601466846E0F783FA69466846E0F72C
:100800001FFB6A462946284604F12006E0F700FB54
:1008100005F120076A4621466846E0F7F9FA3246B4
:1008200039463046E0F76CFA31462046E0F708FBDF
:100830002A4621462046E0F763FA6A4621462046CA
:10084000E0F75EFA6A4629464046E0F759FA424622
:1008500039463846E0F7DCFA224629466846E0F792
:100860004FFA6A4631463046E0F7D2FA3A46314608
:100870003046E0F745FA08B0BDE8F08170B500F108
:10088000200690B00D46044600F014F905F1200151
:10089000304600F00FF9214608A8E0F7D1FA08A980
:1008A00008460D4AE0F7EEF908A922460846E0F7A7
:1008B000AFFA08A9094A0846E0F7E4F93146684664
:1008C000E0F7BEFA202269460DEB0200E0F7ACF932
:1008D000013810B070BD00BF60980200409802005F
:1008E00000F002B938B504460D4600F0FDF805F1F8
:1008F000200104F12000BDE8384000F0F5B800BF49
:100900002DE9F0471346B8B0544A89468046194647
:1009100010A8DFF79BFF5249024610A8DFF7B6FF89
:10092000179E4E4900EAD6760746C6F1010210A886
:10093000DFF7ACFF179B4A466FEA030A28A918A8FD
:10094000FFF78EFE4FEADA7A20A9CAF101020846C3
:1009500000F092F8C7F10107FE246A4618A928A8FA
:10096000FFF740FF631138AA02EB830304F01F0274
:1009700053F8A03CD340554603F0010A8AEA050526
:100980002A4628A918A8DFF7DDFF2A4630A920A8A3
:10099000DFF7D8FF013C28A918A8FFF7BDFE631CAC
:1009A000DBD1CAF1010220A908A800F065F886EAA7
:1009B0000A066A4618A928A8FFF714FF28A9324694
:1009C00018A8DFF7BFFF324630A920A8DFF7BAFF2B
:1009D00008A96A460846E0F71BFA08A9084600F08D
:1009E0009DF808A908F1200409F120020846E0F763
:1009F0000FFA20A908AA2046E0F70AFA08AA18A9BF
:100A00006846E0F705FA69466846E0F719FA18AA59
:100A1000694608A8E0F7FCF921466846E0F710FAB5
:100A200008AA69461046E0F76BF90E4A08A968461D
:100A3000E0F766F920462021E0F70AF908A9024606
:100A400044426846DFF77EFF4046074A6946E0F7C2
:100A5000DFF93C43204638B0BDE8F087C09702007C
:100A6000E097020040980200A09702000A46014960
:100A7000FFF746BF0098020070B588B004460D46E7
:100A8000164600212022684607F0AFFA00232946C7
:100A900020222046009307F080FA2A4669466846DD
:100AA000E0F72EF9324669462046DFF74BFF08B0E3
:100AB00070BD00BF0B681BBAC3614B681BBA836172
:100AC0008B681BBA4361CB681BBA03610B691BBA05
:100AD000C3604B691BBA83608B691BBA4360CB69E7
:100AE0001BBA0360704700BFCB691BBA03608B69F8
:100AF0001BBA43604B691BBA83600B691BBAC360A6
:100B0000CB681BBA03618B681BBA43614B681BBA85
:100B100083610B681BBAC361704700BF70B598B0A2
:100B20000D46064610A8E0F78BF92A4610A968463C
:100B3000E0F76EF9694610A8E0F782F910A90846B7
:100B4000E0F77EF96A4610A908A8E0F761F908A95C
:100B500010A8E0F775F910A90846E0F771F910A997
:100B60000846E0F76DF910A90846E0F769F910A901
:100B700008AA0846E0F74CF910A90846E0F760F922
:100B800010A90846E0F75CF910A96A4608A8E0F742
:100B90003FF9052408A910A8E0F752F910A9084662
:100BA000E0F74EF9013C10A9F5D108AA0846E0F794
:100BB0002FF9052410A90846E0F742F910A90846C4
:100BC000E0F73EF9013CF5D110A908AA0846E0F784
:100BD0001FF910A908A8E0F733F908A90846E0F7BB
:100BE0002FF908A96A466846E0F712F91024694609
:100BF00010A8E0F725F910A90846E0F721F9013C13
:100C000010A9F5D12A460846E0F702F9402410A9B8
:100C10000846E0F715F910A90846E0F711F9013C7C
:100C2000F5D110A96A460846E0F7F2F8102410A999
:100C30000846E0F705F910A90846E0F701F9013C7C
:100C4000F5D110A96A460846E0F7E2F8102410A989
:100C50000846E0F7F5F810A90846E0F7F1F8013C7E
:100C6000F5D110A908AA0846E0F7D2F82A4610A93B
:100C70003046E0F7CDF818B070BD00BF08B5054BA1
:100C8000044613B10021AFF3008001F0DBF92046E8
:100C9000F2F786F800000000F8B50E4B1D68AB783F
:100CA0009B07064612D56F6816F8014B29462CB9EA
:100CB0000A20B847002805DB204609E02046B8474F
:100CC0000028F1DAAB7843F00403AB704FF0FF304B
:100CD000F8BD00BF149202000CB430B589B00546CF
:100CE0000C461C22002101A807F07FF902238DF891
:100CF00006300E4B0293059523462CB1B4F1004FFC
:100D000028BF4FF00043013B1D440DAA0C990695E6
:100D100001A8009200F036F914B1059B00221A7068
:100D200009B0BDE8304002B0704700BFD98302006F
:100D30000EB470B589B00DAD04461C22002101A887
:100D400055F8046B07F051F902238DF806300B4B70
:100D5000029304F10043013B2A46314601A8069361
:100D60000594009500F00EF90028A4BF0023235439
:100D700009B0BDE8704003B0704700BFD9830200DE
:100D8000242AF0B5044601D8012A40D107F02CFBF3
:100D90002D4B16221A5001B10C600020F0BD2F46D9
:100DA0003D4615F8010B2028F9D0A0F10906042EC4
:100DB0000346F4D92B282CD02D282CD101267B7862
:100DC000BD1C302B2DD1287840F02000782824D16C
:100DD00032F0100021D16B782C4610220235002011
:100DE000392B82BF03F1FF3343F02003263B303B16
:100DF0009A421AD9A0FB02040CB9C01801D346F0DC
:100E000002062F462C4617F8013B3D46E8E7074609
:100E1000C6E70026D3E70026D3E7002A08BF08224A
:100E2000DDE7002A08BF0A22D9E701B10C60F2070A
:100E300048BF4042B307B1D507F0D6FA024B222291
:100E40001A504FF0FF30A9E70C0000002DE9F041E7
:100E500001260746B24201DCBDE8F0813B461F4651
:100E600013F8014B002CF7D0252CF8D11C78252C39
:100E700007F10207F2D00023DFF804819C461D46EB
:100E80001F2D18D8A4F1200EBEF1100F09D9A4F11E
:100E9000300EBEF1090F1ED80A2404FB03E32025FF
:100EA00004E028FA0EFE1EF0010F06D017F8014BE1
:100EB000002CE5D128E07F2D1CD8A4F1300EBEF126
:100EC000090FE9D9242C10D1BCF1000F46D0B34250
:100ED00046D00023EAE724F0040EBEF12A0FF8D032
:100EE0006C2C09D145F08005E0E724F0040EBEF13A
:100EF0002A0FEED06C2C22D06C2C1BD8682C23D05F
:100F00006A2C28D04C2C26D0BCF1000FA4D0B445BC
:100F1000A0D144F02007A7F1650CBCF1020F0B68CB
:100F200001D9612F1ED1073323F0070308330B606B
:100F300001368EE7742CB9D07A2CB7D0E4E72C06B2
:100F400048BF45F40075CDE7EC0548BF45F4007592
:100F500045F48075AAE745F42075A7E79C46B8E7F5
:100F60006324D6E7692C02D007D8632C03D02F0660
:100F700001D5AC05D7D40433D9E7732CF6E700BF0D
:100F8000892801002DE9F04F95B0436803938378D9
:100F900080469807CDE9081217D50D920B4600251B
:100FA0001F78A7B1252F16D001330793039B414625
:100FB00038469847002805F1010580F2398498F8F1
:100FC000023043F0040388F802304FF0FF35284622
:100FD00015B0BDE8F08F5F789A1C252F0792E5D0F9
:100FE00000242646A246A346BBF11F0F32D8A7F124
:100FF0002003102B0AD8DFE803F02409092A090985
:10100000091B09090922092709091900A7F1300359
:10101000092B2DD92A2F39D154B90D9B1BF0400F24
:1010200053F8042B0D9329D0164601E04BF0010B29
:10103000079B13F8017B0793002FD5D15BE04BF0A2
:10104000020B4BF0040BF3E74BF0080BF0E74BF00F
:10105000100BEDE7BBF17F0F3FD8A7F13003092B51
:10106000D8D81BF0400F03D00A2202FB0636DFE778
:101070000A2202FB0A3A4BF0200BD9E7B2F1000A30
:10108000F9DACAF1000A4BF0280BD1E72E2F05D16F
:101090001BF0400F9BD14BF0400BC9E7242F1CD114
:1010A000002C00F04281099B0D931BF0400F0AD1E8
:1010B000524608980DA9FFF7C9FE0D9B1A1DD3F8DB
:1010C00000A00D92B4E7324608980DA9FFF7BEFEC6
:1010D0000D9B1A1D1E680D92AAE76C2F00F012815D
:1010E00000F20981682F00F015816A2F00F01A8143
:1010F0004C2F00F0178134B1099B08980D932246BC
:101100000DA9FFF7A3FE002E47F02009B8BF2BF072
:10111000400BA9F16503BCBF1FFA8BFB0026022B15
:1011200040F20881B9F1610F40F06782FF4307F098
:10113000200306930D9B073323F007031BF0400F9A
:10114000D3E9000103F1080208BF4FF0FF36069B08
:101150000D9200930EAA334607F0AAF80130C3B2ED
:10116000B3424BF4C054049301DB049B5E1E012385
:101170000E9F0593A3464FF0700907F10903122B48
:101180000DD907F16303C62B40F20F8107F2E73355
:1011900040F2CE72934294BF0323042305939DF83B
:1011A0003C2002F00C0312F0010240F019811BF008
:1011B000020F40F012811BF0040400F0F880002BB5
:1011C00040F0118120231BF4405F1FD1049A50325C
:1011D000002E6A4408BF0126133A049921B112F87F
:1011E000011D302900F036811BF0100F049A18BF42
:1011F0003246391DC0F23381B74280F23081BA42A3
:101200004BF4005B40F32D817E1C961B1BF40052B7
:101210000A9200F0288127EAE774013403B101340F
:10122000002E00F02881721C1444A245CCBFAAEB0A
:10123000040400241BF0090F04D12C44A54240F003
:101240001F81002443B118464146039B984700285C
:1012500005F10105FFF6B3AE1BF4006F13D0039B3D
:101260004146302098470028FFF6A9AE069BC3F1FF
:1012700078004146039B00F0F8009847002805F1EC
:101280000205FFF69CAE1BF0080F05D12C44AC42C2
:1012900040F00281254600240A9B002B00F01C81AF
:1012A00027EAE77AA7EB0A077642049BBB4284BF92
:1012B0000EABFB180AF1FF3A88BF5879039B98BF21
:1012C0003020564505F10109414600F3EF8098476B
:1012D000002807F10107FFF672AEBAF1FF3F08D10F
:1012E000039B41462E2098470028FFF668AE05F183
:1012F00002094D46D9E7742F3FF49AAE7A2F3FF496
:1013000097AEF8E61BF0800F18BF4BF4007B4BF054
:10131000800B8DE61BF4807F18BF4BF4007B4BF4F1
:10132000807B85E64BF4207B82E62646B346544616
:10133000B2467DE6FF4307F0200306930D9B07337B
:1013400023F007031BF0400F03F1080208BF062635
:10135000B9F1650FD3E900010D9213D1731C00227E
:10136000DBB24BF4805B1446112BCDE9002428BF7F
:1013700011230EAA00F0FCFAC3B2049302230E9FBD
:101380000593FAE6B9F1660F05D14BF4005B3446DC
:1013900001221123E8E7F3B2012B4FF0000238BF1E
:1013A000012314464FF06509DEE70223F6E6002B21
:1013B0003FF409AFBAF1030F3BDC9DF83C30A64E79
:1013C00013F0080FA54B08BF1E463746B94617F85D
:1013D000010BB0BBAE1BB1447BE033BB2B23F2E669
:1013E0002BBB2D23EFE62022BAF1040F13DD1BF0F7
:1013F000080FAAF104040FD12C44039B0492414628
:1014000020209847002805F10105FFF6D8ADA54238
:10141000049AF2D19AB10024039B414610469847A2
:10142000002805F10105C8DAC9E52B22DCE72D22E9
:10143000DAE71BF0080FAAF10304BED1DCE714467B
:10144000BBE7069BC01A4146039BC0B298470028E1
:10145000BCDAB4E504990139C9B20491BDE6561E5F
:10146000D4E60026D2E61BF4006F059A0CBF0324D5
:1014700005241444D2E61BF0100F18BF0134D4E643
:101480000B934146039B2020984700280B9B05F1B6
:101490000105BFF6D3AE92E5039B41463020984745
:1014A000002805F10105BFF6F2AE88E5984700284F
:1014B000FFF685AD1BF0100F0BD0BAF1FF3F08D13E
:1014C00005F1020941462E20039B98470028FFF6AC
:1014D00076AD4D464C4433E29DF83D00039B4146BA
:1014E00098470028FFF66BAD002E69DD039B41464F
:1014F0002E2098470028FFF662AD4FF0010A049BAA
:101500009A45BBBF0EAB534430205879039B4146EC
:1015100098470028D346FFF652AD0AF1010A564516
:10152000EDDA02355D44069BA9EB03004146039BBF
:10153000C0B298470028FFF642AD002FB4BF2D205F
:101540002B20039B4146B8BF7F4298470028FFF6F7
:1015500036AD059B042B41D14FF47A79B7FBF9F6F0
:1015600006F13000039B4146C0B29847002805F1C0
:101570000305FFF624AD09FB16774FF06409B7FBAE
:10158000F9F606F13000039B4146C0B298470028A7
:1015900005F10105FFF613AD09FB16774FF00A09B7
:1015A000B7FBF9F606F13000039B4146C0B29847FD
:1015B000002805F10105FFF602AD09FB167715E0DD
:1015C0001BF0100F01D10135ADE7039B41462E20E2
:1015D0009847002805F10205A5DAF0E4059B032BE6
:1015E00005F10205C9D0059B012BD7D107F13000C9
:1015F00005F101094146C0B266E7A7F16303122B6A
:1016000000F2FF80DFE813F013005700FD00FD003B
:10161000FD00FD005700FD00FD00FD00FD00FD0088
:101620001701F800FD00FD002C00FD00B9000D9B26
:101630001A1D1B680D928DF8383001240EAF1BF077
:10164000080F2ED03E19B946B1452CD1EF1BB94435
:10165000AAEB04043DE700BF1DC80200CDA20200B2
:101660000D9B1A1D0D921F68AB4B002F08BF1F4624
:101670001BF0400F14BF31464FF0FF31384606F0E3
:10168000EEFC0446DBE7039B4146202098470028F8
:10169000FFF695AC013EB442F5D35544AD1BB246BE
:1016A000D0E75646F7E719F8010B039B41469847E8
:1016B0000028C9DA83E41BF0800F0D9B35D01BF4A2
:1016C000007F2DD0073323F00703D3E9000103F196
:1016D00008020D922BF0100900291FFA89F936DA59
:1016E000404261EB410149F480690DF1380B0A2356
:1016F0005A4606F0C0FC19F0400FA0EB0B0B65D06A
:1017000029F001025E4592B240F3B280002F00F052
:10171000A98019F010033446914626D002345CE0CB
:101720001A1D18680D92C117D4E71A1D1BF4807F8B
:1017300019680D9201D10846F5E71BF4007F15BF2B
:1017400048B208B241F3C01141F3C031C2E750EAD8
:101750000103CAD11BF0400FC7D0002EC5D12BF01A
:10176000110B1FFA8BF93446B34640F2064319EACF
:1017700003031CBF013400232FE02BF0100B1FFAD2
:101780008BFB0A231BF080040D9A57D01BF40071C9
:101790001DBF073222F0070202F10801101D19BF18
:1017A0000D91D2E900010D90106850EA010252D16A
:1017B0002BF016091BF0400F1FFA89F94FD0002EAD
:1017C0004DD12BF0170B1FFA8BF9B34619F010030C
:1017D00052D0002F4ED10BF1010419F0080F5ED149
:1017E00019F0010F06D0A2456EDDAAEB040404EB4C
:1017F0000B06544622464DE04BF0100B1023782781
:10180000C0E7B9F1780F04D1C7F1780343F01003B2
:10181000B8E7039B4146252098470028FFF6CFAB49
:10182000039B4146384698470028FFF6C8AB02356F
:10183000079BFFF7B5BB08230027A3E7111D0D91F8
:101840001BF480711068B0D01BF400711ABFC0B2D5
:10185000214680B2A9E72BF0060B1FFA8BF90DF198
:10186000380B45E729F011091FFA89F934467CE75E
:101870009146ABE75C4651E75C4676E7CDE9042349
:101880004146039B202098470028FFF698AB049A16
:10189000059B01329245F1DC2C1BA5181446F3B1CF
:1018A000039B4146302098470028FFF688AB6FB96C
:1018B0000135A9462E44A6EB09035B4521DC5D46B4
:1018C0000EAE5DBBD944C3E65E4693E702354146A2
:1018D0003846039B98470028EBDAFFF770BB40F2CD
:1018E000064319EA030FE4D019F0020F14BF2B20AE
:1018F000202019F4806F05F10105414618BF2D2005
:10190000E7E7039B414630209847002809F1010989
:10191000D1DAFFF754BB00BF21C80200013D039B91
:10192000705D414698470028CBDAFFF748BB039B20
:10193000414620209847002805F10105FFF63FABFE
:10194000631B002BF3DC73E71FB502AB0093074A60
:101950004FF0CC3306F072FCDDE90201C00840EA2A
:101960004170C90805B05DF804FB00BFCDCCCCCCFC
:101970002DE9F04F9BB0044605920A460A93C2F344
:101980000A559DF890300B93D20FC1F313030992BF
:10199000090D7DB950EA03021BD1059A302353711A
:1019A000099B156043F002031371012738461BB0F1
:1019B000BDE8F08F40F2FF7295424AD10343099B84
:1019C000059A14BF43F0080343F004031371002782
:1019D000ECE700F0010208924FEA83080122AC4DC7
:1019E00048EA907887009A461646C5F1000B58469B
:1019F000069200F011FAB5F1FF3FACBF8146A0F1AD
:101A00000109ABEB090B09EB05035846049300F001
:101A100009FA16A9A0F17D05584600F023FA12AB89
:101A2000069A0193A9EB050510AB0292009320469C
:101A30002B4616AA514606F046FBB9F1010F0446A3
:101A40000D4600F2D280089B002B40F0C580012794
:101A50006BE043F4801A00F001024FEA8A08034366
:101A6000A5F23545089248EA90784FEA800749D1B7
:101A700040F2FE7319420CBF01260026002D3246AB
:101A8000B3DB284600F0C2F9032DC8BF013804902B
:101A900000F0C8F9049B7C305D1B054416A918466C
:101AA00000F054FA12AB019310AB009320462B4682
:101AB000029616AA514606F006FB049B152B044617
:101AC0000D4600F2868014AB724A009338464FF000
:101AD000CC33414606F0B2FB149B159A9B0843EAAF
:101AE000827303EB8303BB42DDE9109A0CD13846C5
:101AF000414600F09FF9049B83428CBF00270127D9
:101B0000002612E00126B9E7089B002B51D1013FC6
:101B100048F1FF31B81B61F1000100F08BF9049B23
:101B2000089F83428CBF002601260B9B002B40F0B0
:101B30009180DDF828B04FF00008CDE906884FF01D
:101B40000A0ADDE91001FFF7FFFE129B0E93CDE9B3
:101B50000C0118461399FFF7F7FE0C9B0D9A0F9195
:101B600098420B469341814680F08E80204629465C
:101B7000FFF7EAFE0E9A0AFB09F3934214BF002610
:101B800006F001060C9B10930D9BCDE911390F9BBC
:101B90001393079BB8F1000F14BF002707F001074C
:101BA00001330AFB10485FFA88F8079304460D4694
:101BB000C7E7B81C48F1000100F03CF9049B8342E0
:101BC0008CBF00200120B9EB00006AF10002CDE9D2
:101BD000100200273E46A8E7109B119A013B42F1F4
:101BE000FF32CDE9103201278AE7B9F13E0FF0D874
:101BF0004FF0FF33A9F1200003FA09F203FA00F0D5
:101C0000C9F1200123FA01F102430A4303FA09F35F
:101C100027EA030728EA020857EA08070CBF01274A
:101C200000276DE700FB02FCA1FB001201336244B8
:101C30008C4275EB020CF5D2049ADDF828B01344FF
:101C4000259A1344D20F9342B8BF13469B45A8BFB1
:101C50009B4670E70A21002201230846E8E70AFBB9
:101C600003F0A2FB0A2301310344944275EB030005
:101C7000F5D2594510DDBBF1000F02D154EA05033E
:101C80000AD00123069371E70A2200230121ECE721
:101C9000CCFBFFFFCDCCCCCC002E2FD04FF00A0ACE
:101CA000129B13990D931846FFF74EFE0D9B0C9156
:101CB0000AFB00F29A42814620D1DDE91001FFF7CC
:101CC00043FE0E900D9120462946FFF73DFE0D9BE9
:101CD0000E9A1092CDE911390C9B1393079BB8F122
:101CE000000F14BF002707F0010701330AFB10485B
:101CF0005FFA88F8079304460D46D1E7DDF81090A7
:101D0000079B9944002F5AD0B8F1050F57D114F012
:101D100001034AD1069A32B9DDE912239D4208BF78
:101D200094425FD0069B18194FF00A0445F1000158
:101D3000002201262546A04271EB020755D2EBB1E5
:101D4000B3451BDA0B9B6BB1259ADDF828B006EB87
:101D500009031344012BB8BF01239B45A8BF9B4631
:101D60005E450BDD05304FF00A024FF0000341F1F4
:101D70000001EAF773F909F10109013E5E45A8BFC8
:101D80005E4637B20FFA89F9059B09FA86F607F124
:101D90000508013E98444FF00009B9452CDB059B2E
:101DA0001A461E60099B137100E6069B2BB9DDE9FC
:101DB00012239D4208BF944209D00123B3E7069B3A
:101DC00053B9DDE912239D4208BF944204D1089B18
:101DD000002BF2D1002EF0D0B8F1040F94BF0023F5
:101DE0000123A0E74FF00408F1E705FB02F7A4FB8D
:101DF000054201363A449EE70A220023EAF72EF90B
:101E0000303208F8012D09F10109C6E7014B5843AA
:101E1000800C704741340100014B5843000D70475E
:101E2000FB2E0B00024B5843C00C0130704700BF23
:101E30004F9312000A4A70B503464FF0CC3600208B
:101E40004FF0333506FB03F402FB0144A3FB0231E0
:101E500021449D4275EB010401D30130F2E770BDCE
:101E6000CDCCCCCC2DE9F04F1A23354EB0FBF3FA94
:101E700003FB1A0389B004460D4606EB0A1653B954
:101E8000D6E90023C1E90023D6E90201C5E9020130
:101E900009B0BDE8F08F2B4A02EBC303D3E90089F8
:101EA00004AB0093D6E902234046494606F0C6F942
:101EB00006AB0093D6E9002383460F4640464946C9
:101EC00006F0BCF9DDE9066216EB0B0652EB0708DB
:101ED0004FF0000328BF0123814633B1049B059ACC
:101EE000013342F10002CDE9043220460391FFF7AD
:101EF00099FF07461A2000FB0AF0FFF793FF3F1AED
:101F00003246434603990097484606F0B2F94FEA35
:101F1000141C0D4A640004F01E0352F82C40DC40EF
:101F200004F00304241841F10001C5E90041DDE992
:101F3000042300973046414606F09BF9A6E700BF10
:101F4000E88E0200188E0200A89802002DE9F04FDA
:101F50001A27DFF8E4A000F11905B5FBF7F56F4388
:101F60003A1A4FEA051B89B004460E460AEB0515DE
:101F70000AD1D5E90023C1E90023D5E90201C6E968
:101F8000020109B0BDE8F08F2C4B03EBC203D3E98B
:101F9000008904AB0093D5E902234046494606F088
:101FA0004DF95AF80B206B68013ACDE9020106A9F8
:101FB00063F1000300914046494606F03FF9DDE930
:101FC00006528A4602996D18039952EB01084FF0A8
:101FD000000328BF0123814633B1049B059A0133D6
:101FE00042F10002CDE904323846FFF71BFF0746F5
:101FF0002046FFF717FF3F1A2A46434600974846F8
:10200000514606F036F94FEA141C0D4A640004F0FC
:102010001E0352F82C40DC4004F003040134241861
:1020200041F10001C6E90041DDE90423009728469B
:10203000414606F01EF9A2E7B88F0200188E020092
:10204000FC98020038B5074D074C641BA41024B956
:10205000064B0BB1AFF3008038BD013C55F824307E
:102060009847F4E7000000000000000000000000B6
:10207000704700F0CABF00F0BFBF1FB50E24029426
:10208000CC680194BDF81840009402F013FB04B032
:1020900010BD70B50D469DF81040064618462B78C9
:1020A000E41AE4B2844228BF044611463CB12246F9
:1020B000F01805F072FF2B781C442C7070BDBDE841
:1020C0007040EDF7D3BF00F097BF036803F01F0225
:1020D0005B0902600CBF4FF0A0400020704707B5BD
:1020E000019001A8FFF7F1FF019A01239340C0F886
:1020F000083503B05DF804FB07B5019001A8FFF7B0
:10210000E4FF019A01239340C0F80C3503B05DF859
:1021100004FB04F0E2BE08B501460220FFF7ECFF25
:10212000BDE808400846EEF78DBC08B50146022020
:10213000FFF7D5FFBDE808400846EEF783BC37B58A
:102140004FF47A74002501A80195FFF7BEFF019AAC
:10215000D0F81035D340DB0706D54FF4A47000212A
:10216000FFF7D7FF013CEED103B030BD2DE9F041C0
:10217000054690B12420FFF7CEFF002405F110089A
:10218000661908EB040716F8010BFFF7CEFFBE42F5
:10219000F9D11034B4F57A6FF2D12220FFF7BBFFEA
:1021A000F720FFF7C2FF2020FFF7B5FFBDE8F041A1
:1021B000FFF7C5BF836800EBC101B3F5004F2CBF2B
:1021C00051F8220031F81200704700EBC10180681D
:1021D000B0F5004F2CBF41F8223021F81230704783
:1021E00008B50122FFF7E6FFD04008BD8368B3F5CC
:1021F000004F00EBC10108D34B681AB143F0010353
:102200004B60704723F00103FAE74B881AB143F0A3
:1022100001034B80704723F00103FAE753000122CA
:10222000FFF7D3BF8368B3F5004F34BF04230823FF
:10223000C91A081AC00870478368B3F5004F34BF45
:1022400004230823481C0833A0EBD300B0FA80F025
:10225000C0F11F0070472DE9F041174603220E46DA
:102260000446FFF7A7FF8642054607F104080AD196
:10227000E3680122BA4023EA0203E360002344F842
:102280002830BDE8F081314602222046FFF792FF58
:102290002B460646014644F8285020460322FFF705
:1022A00094FF3346294620460222BDE8F041FFF75D
:1022B0008CBF70B50D4686680446FFF791FFB6F5F2
:1022C000004F014601D3012809D02046FFF7B4FF93
:1022D000294602462046BDE87040FFF7BCBF70BDEE
:1022E0002DE9F0470546FFF7A7FF05EB800A884672
:1022F000DAF810900646B9F1000F1BD00327DAF880
:10230000104028462146FFF76BFF404507D3324671
:1023100021462846FFF79FFF2046BDE8F0870322AD
:1023200021462846FFF746FF013FCAF8100001D0BA
:102330008145E4D1EB6801364FF0FF34B4401C40D6
:10234000EAD094FAA4F2B2FA82F2131D55F82340AF
:10235000DEE72DE9F041144605460E46FFF740FF43
:10236000A4EB0608371B0744424631462846FFF7D0
:1023700055FF3A4621462846FFF750FF43460022C4
:1023800021462846FFF721FF21462846FFF728FF70
:102390003B46211800222846BDE8F041FFF715BF53
:1023A0002DE9F041164604460F46FFF719FF314666
:1023B00005462046FFF714FF05442A4639462046C5
:1023C000FFF72CFF31462046FFF70AFF2B46311856
:1023D00000222046BDE8F041FFF7F7BE2DE9F041AD
:1023E0000D4686680446FFF7FBFEB6F5004F014632
:1023F00001D3012832D02046FFF71EFF04EB8001F5
:102400000E6996B9E368012282401343E360022219
:102410000D612B4629462046FFF7D7FE03222946A9
:102420002046BDE8F041FFF7D0BE022231462046EB
:10243000FFF7C0FE2946034607462046FFF7C5FEC4
:102440000322334629462046FFF7BFFE39462B4676
:102450002046FFF7BAFE02223146E1E7BDE8F081EF
:10246000F8B50C460546FFF7BBFE2618012231469B
:102470002846FFF79FFEC3070CD431462846FFF7D6
:1024800018FF21462846FFF7ABFE214622182846B2
:10249000FFF786FF002221462846FFF78BFE271A0A
:1024A000012239462846FFF785FE10EA020613D1BD
:1024B00039462846FFF7FDFE214632462846FFF7FB
:1024C00079FE2246211A2846FFF76AFF2146324646
:1024D0002846FFF76FFE241A21462846BDE8F8403B
:1024E000FFF77CBF38B571B105682846FFF79AFE43
:1024F0000022044601462846FFF778FE2146BDE843
:102500003840FFF7ADBF38BD70B5056809B9002088
:1025100070BDAB6801F00704B3F5004F2CBF082273
:10252000042207341444E40804EBD1049C4228BF7D
:102530001C4621462846FFF7D3FE06460028E6D073
:1025400001462846FFF74CFEA04209D934443146E3
:1025500028462246FFF7FDFE21462846FFF73EFFAC
:10256000284601223146FFF741FEAB68B3F5004F24
:1025700034BF0423082303EBC6031844C8E71146FD
:10258000FFF7C2BFB2F5802F2CBF08230423D21A55
:102590002DE9F0418C18CD1D25F0070524F0070426
:1025A000641B0026E40805602146AC60EE60284606
:1025B000FFF742FE421D9200013002F107074FEA89
:1025C000D707A2F110023146B8BF324605F110001C
:1025D00005F00BFD3A4631462846FFF71FFE33460D
:1025E000324631462846FFF7F0FDA4EB070828469F
:1025F00031460122FFF7FAFD42463946FFF70EFE4B
:102600003B46324639462846FFF7DFFD214628463D
:10261000FFF704FE4346324621462846FFF7D5FD24
:10262000214628460122FFF7E1FD3946BDE8F04189
:10263000FFF7D4BE2DE9F04706460D4617469846EB
:102640002BB398F8004093F80190DB78A40004EBDA
:10265000430498F802301C4444444FF0000ACA4531
:1026600009D3D8F8042008F1080339463046AC46AF
:10267000BDE8F047604714F8013B48F82340204686
:10268000EDF723F8013004440AF1010AE7E76FF09F
:102690001500BDE8F08770B50025024628461446AF
:1026A00014F8013B0BB9184609E098B18D4207D1E7
:1026B000702B04D0A3F140023A2A0BD8002070BD41
:1026C000A3F140063A2E05D853780135941C002B0F
:1026D000E9D00020252B08BF80F001002246DEE76C
:1026E0000020704700F005BC0FB407B504A951F8ED
:1026F000040B019100F0FDFB03B05DF804EB04B0A6
:1027000070470FB407B504A951F8040B0191FFF706
:10271000E9FF03B05DF804EB04B0704710B503693E
:10272000024613F0080009D11368D4689C4297BF91
:10273000126AE31AD31A01200B6010BD0023184659
:10274000FAE713B501A90446FFF7E8FF20B1019BA2
:10275000E268013B13440193206A019BC01A0138CF
:1027600002B010BD10B5044650182269236AD20782
:1027700002D5013B184010BD984228BFC01AFAE7A5
:1027800010B504460A46C168FFF7ECFF2369E06014
:1027900023F00803236110BD38B50D46C2698B00D4
:1027A000016843F0020342F82130044601682A46DA
:1027B000FFF7D8FFE36861682060984202BF236991
:1027C00043F0080323612A462046FFF7CBFF6060F1
:1027D00038BD2DE9F74FC768C6699B4606EB8703EE
:1027E000009316F8273003F00303022B04468846B3
:1027F00091464FF000030BD01360CBF800302369F3
:102800009B0713D44FF0000A504603B0BDE8F08F89
:1028100056F8271013608908CBF80030EFD0FFF787
:10282000AFFFE368A3604FF0010AEDE7A36906EB91
:102830008700984716F8272012F0010A0546E1D0D4
:1028400012F002021FD0B8F1000F03D0414620461B
:10285000FFF7A2FF61682A462046FFF783FFD4E90D
:1028600002219142606006D12A462046FFF77AFF96
:102870004FF0000AA060A2682260E260226942F084
:1028800008022261C0E7014620460192FFF778FF67
:10289000E368A360B8F1000F04D02168E369019AEE
:1028A00043F8212005EB0802CBF8002021682046E0
:1028B000FFF758FF2369206043F00803236116F8EF
:1028C00027306FF3000306F82730009BC9F800306B
:1028D000A9E770B504461546FFF744FF2368834215
:1028E00005D12369216023F00803236170BDE269EB
:1028F000AB0043F0020342F82130204661682A46CB
:10290000FFF730FF6060F1E738B503695B07044605
:1029100006D5456AFFF715FF85422CBF65626062E8
:1029200038BD38B50D4604461C22002105F05DFB7C
:10293000EB68A361AB6863612B68E3616B6823623A
:10294000002262622A6923B1591E194208BF42F06F
:1029500001022261012204F128000021BDE8384073
:1029600004F0DAB82DE9F04F87B000250093036A30
:1029700003958B4204460E4692460595A94639D3E7
:10298000EFF3118B402383F31288BFF36F8F059A07
:10299000D8462AB129462046FFF79BFF002305931E
:1029A00004A92046FFF7BAFE0499B14207462AD38C
:1029B0002268E36913F8221021F0030103F82210C2
:1029C00003EB8209216832462046FFF7CBFEE3681D
:1029D0002060984212D0002788F31188BFF36F8FD0
:1029E000039929B162690AB12046904700230393F5
:1029F000002FC5D1484607B0BDE8F08F236943F0EA
:102A000008032361E7E718B12046FFF7C5FEE3E7B7
:102A1000009B5AEA03021CD0019104F0A9F9019924
:102A2000B8B9BBF1000F14D187F31188BFF36F8FD2
:102A3000009B524604F12800FBF7D6F8EFF311880B
:102A4000402383F31288BFF36F8FB0FA80F77F09BA
:102A5000C2E705AB03AA20462568FFF7BAFE074682
:102A6000BAE770B50446836908460D4698470246A2
:102A7000EFF31186402383F31288BFF36F8F2B7817
:102A800043F001032B7061682046FFF76BFE606026
:102A90002046FFF739FF86F31188BFF36F8F70BDB3
:102AA0002DE9F04104464027EFF3118687F31288A1
:102AB000BFF36F8F236913F0080FA36802D1626818
:102AC000934200D9226AE169D21A32B986F3118899
:102AD000BFF36F8F4FF0000833E011F8232012F09E
:102AE000030001EB8308F1D0022803D151F82350F1
:102AF000AD0805D1D00712D4A369404698470546D2
:102B0000A1682A462046FFF72DFE2946A0602046F0
:102B1000FFF736FE86F31188BFF36F8FC4E742F0EC
:102B2000020201F823204046A369A5689847294678
:102B300002462046FFF716FEA06086F31188BFF319
:102B40006F8F4046BDE8F081F8B5044683690846BA
:102B50000D4698470646EFF31187402383F312880A
:102B6000BFF36F8F2B786FF300032B7023699B07E4
:102B700005D5E268E36903EB82039D421AD12B7805
:102B80006FF341032B70D4E90231994204D13246EC
:102B90002046FFF7E7FDA06031462046FFF7F0FD35
:102BA00087F31188BFF36F8F04F12800BDE8F84068
:102BB000FAF7E0BF2B6860F39F032B60F0E7EFF3B9
:102BC0001181402383F31288BFF36F8F036913F0E1
:102BD000080F836802D14268934200D9026AD31A6F
:102BE00081F31188BFF36F8F181E18BF0120704743
:102BF000F0B564230546042600200A2769B9F0BD14
:102C00009A42B2FBF3F40CD2012B0AD048B903FB71
:102C10001422D2B20A24B3FBF4F3013EF0D12E7099
:102C2000EDE7303405F8014BB2FBF3F4013903FB57
:102C300014220130B3FBF7F3C9B2C0B2D2B2DBB297
:102C4000DCE7A0F13003DBB2092B02D80B700020C7
:102C50007047A0F16103052B02D85738C3B2F5E7DE
:102C6000A0F14103052B01D83738F7E76FF01500C5
:102C70007047F7B5054601F0010000EB51069E4292
:102C80004FEA510703D90026304603B0F0BD58B1D2
:102C900028780DF10701FFF7D4FF0028F3DB9DF83A
:102CA000073002F8013B013501351744BA42EBD039
:102CB00015F8010C0DF10701FFF7C3FF0028E2DB57
:102CC0009DF807402401E4B2147015F8020BFFF7D9
:102CD000B8FF0028D7DB9DF807301C4402F8014BF1
:102CE000E4E7038B13F0070305D10368002B0CBF47
:102CF000002003207047022B05D1408BB0FA80F0F2
:102D0000400980007047012B05D10368002B0CBFE0
:102D10000020052070470020704710B50C4600B118
:102D200011B96FF0150010BD081D00F093F80028D0
:102D3000F9D1A368032BF6D9F3E72DE9F0410D464D
:102D400007461946281D90461E4600F097F804468F
:102D500038B13346424629463846A446BDE8F041DC
:102D60006047BDE8F08110B4EFF31182402484F392
:102D70001288BFF36F8F416110BC0121EEF788BA52
:102D800038B50C46054658B151B10B6843B14B6894
:102D900033B11C22002105F028F92C61002038BD38
:102DA0006FF01500FBE770B505460E46FFF7B5FF5F
:102DB000041E14DBEFF31182402383F31288BFF368
:102DC0006F8F6B8B2C8B4FF6FF718B4204F00704D7
:102DD00007D182F31188BFF36F8F6FF00A0420468A
:102DE00070BD022C0CD101336B8382F31188BFF3C9
:102DF0006F8F0023224631462846FFF79EFFEEE7FD
:102E0000062C14D8DFE804F004131313041A04008A
:102E1000002333606B683BB9C5E90066ACB9022199
:102E20002846EEF735FADAE71E606E60F6E782F3C1
:102E30001188BFF36F8F6FF00404D0E782F311881D
:102E4000BFF36F8F6FF08504C9E782F31188BFF37A
:102E50006F8FC4E7034640B1426802F00302022AC2
:102E600006D0032A04D0012A05D06FF01500704760
:102E70001A68002AF9D000209860704710B542689F
:102E8000816002F00302022A03464FF0000407D0DB
:102E9000032A02D05C60002001E018685C6010BD6D
:102EA00018685C600028F6D0FBF7F8FFF3E770477E
:102EB00003785B075FBF03684288C3F34A2303EBD1
:102EC00012105DBF173020F0070080080020704707
:102ED0000020704702F078BD0346BFF35B8F53E8D4
:102EE000000F421C43E800210029F8D1BFF35B8F9B
:102EF00070471FB50023CDE90201CDE900331A4622
:102F000019461846EEF7FAFD05B05DF804FB0120FE
:102F1000EEF7A2BB002070474368DA71436819607E
:102F2000436801225A71EEF789BB70B515460C460D
:102F300069B1D2E901369B1B99420AD813680A4647
:102F40000146981905F029F8AB682344AB60204688
:102F500070BD6FF01B00FBE770B50E4615461946B5
:102F6000044618B9BDE87040EEF776BB33B1C2F342
:102F70004A231030120D184405F00FF8C4E900562A
:102F80002046BDE87040EEF715BD2DE9F3415F1C0A
:102F90004FEA8708064608F1170020F0070080086E
:102FA0000C461546EEF7DAFB0023ADF805308DF838
:102FB00007308DF8047068B10346019A43F8102F6A
:102FC000A8F104012A46294452F8045B43F8045F3F
:102FD0008A42F9D1A20102F4E07242EA482222F0C8
:102FE0007F4222F47002002322F03F02314602B0F9
:102FF000BDE8F041FFF7B0BF07B50123019201AA78
:10300000FFF7C3FF03B05DF804FB07B5CDE900236C
:1030100002236A46FFF7B9FF03B05DF804FB1FB552
:10302000CDE90123069B039301AA0323FFF7ADFF1C
:1030300005B05DF804FBF8B506460D4614461F467C
:1030400004B9F8BD214628463A46B047241A05443B
:10305000F6E710B5426881680446D2E900230068AB
:10306000FFF7E9FF636800221A6010BD38B54B68AE
:103070001A68CB689A4205460C4602D10846FFF70B
:10308000E8FF6368BFF35B8F53E8002F511C43E8F0
:1030900000100028F8D1BFF35B8FA3689D54002077
:1030A00038BD0A2838B504460D4602D10D20FFF779
:1030B000DDFF29462046FFF7D9FF002038BD2DE966
:1030C000F043054687B008460E8891F80090D1F885
:1030D00008800C461746EEF761FD011EC6F3821606
:1030E000C9F3C2091EDB4846EEF776FC03462146CB
:1030F000608851F8102B0196C2F34A22002A01EB96
:103100000204C0F30B1008BF00210022CDE9040720
:10311000CDE90214009241462846EEF76BFD07B058
:10312000BDE8F0830023E2E700221146EEF7AABFD4
:10313000034610B508460AB10021116053B1D0B161
:10314000411E11F8010F80B113F8014BA04201D1CB
:103150003D28F6D100200EE0013313600AE03D283F
:1031600008D0B0FA80F0400905E018782F28F6D191
:10317000002AF1D1012010BD10B509B100230B6068
:1031800058B103461A781C4601332AB13D2A03D0B0
:103190002F2AF7D101B10B60201A10BD04F025BF12
:1031A00004F0FBBE01460068EEF7E8BF08B5EFF794
:1031B00041F8BDE80840EFF761B80A460121FFF782
:1031C0001BBF00210120EEF7D9BF6FF085007047CB
:1031D00061B662B680F31188BFF36F8F704772B625
:1031E000002383F31188BFF36F8FBFF34F8F30BF7E
:1031F00062B6BFF36F8F704772B6002383F31188F6
:10320000BFF36F8FBFF34F8F20BF80F31188BFF3E1
:103210006F8F62B67047202809D9B0F1004F08D8E7
:103220000138B0FA80F0C0F11F004000704708205C
:1032300070473E20704708B5D1E904319847002017
:1032400008BD08B5EFF7B4FD002008BD70470023A6
:1032500003824369C3607047416A8968EFF714BE0F
:10326000027A013202727047034618465B68002BEF
:10327000FBD17047426810B52AB10B461C465B680B
:10328000002BFBD16260416010BD10B5044620B92F
:103290000B7A01330B72084610BD034618465B6873
:1032A000002BFBD1FFF7E6FF2046F5E783680B44D0
:1032B0000360704703680B6043684B6083688B60F2
:1032C00070478388026819448180D018704730B4F1
:1032D00084880568A3188380281930BC04F05DBE7B
:1032E00010B5838802685C1C8480D154D01810BD4E
:1032F000034600689A88401A114418609980704704
:103300000268531E036083880133838002F8011C26
:1033100070478288521A0346828000680844186009
:103320007047034600689A88521A01449A801960CF
:10333000704710B503681C780121FFF7EAFF2046AB
:1033400010BD10B503681C880221FFF7E2FF20467C
:1033500010BD02688068101A70478388C28881682F
:10336000D21A03685B1AD01A704770B50D46002157
:103370000446FFF701FF0D2818D1237B302B13D013
:10338000312B13D1012305F8063B04F10C062A4624
:103390002046012302210234FFF76BFCB44205F101
:1033A000FF35F4D1002070BD0023ECE76FF015006D
:1033B000F9E70020704710B50C46017822788A4260
:1033C0008AB00FD06946F0F725F805A92046F0F736
:1033D00021F810220DF115010DF1010004F00DFE90
:1033E0000AB010BD012A06D0022A07D072B940885F
:1033F0006388C01AF4E740686368FAE71022611C2A
:1034000001300AB0BDE8104004F0F7BD6FF01500C0
:10341000E6E7042A0AD0102A0DD0022A4FF0000352
:1034200015D103700B88438001207047012303707E
:103430000B684360F8E7022300F8013B01F1100339
:1034400051F8042B40F8042B9942F9D1ECE71846C7
:103450007047012310B50621044600F8013BF8F738
:103460008FFC18B9A37963F03F03A37110BD38B581
:103470000446807AEFF7DEFC6169054649B1637A5C
:10348000DB0704D4436A1B6820469B6898470023E7
:10349000636121462846BDE8384003F02FBB2DE983
:1034A000F04101F10C080C46054600F10C014046C4
:1034B00017461E46FFF7FEFE4046FFF74AFF012370
:1034C00010FA87F068826B722F8239464046FFF708
:1034D00020FFE3687360628A0023E3607281638285
:1034E00034602846BDE8F08138B5D1E90032DA60B1
:1034F0000B684A895A820C4605460868EFF742FD78
:1035000020461022002104F070FD2846BDE8384016
:10351000FFF7ADBF438A23B9C068B0FA80F0400915
:10352000704700207047FFF767BD10B50346BFF333
:103530005B8F53E8000F40EA010243E80024002CAF
:10354000F7D1BFF35B8F10BDFFF75FBDBFF35B8F9C
:1035500050E8003F0B4040E80032002AF8D1BFF3AA
:103560005B8F7047C0F307231070000E5370D0704C
:103570000023C1F30720090E9370137150719371EA
:10358000D17170470020704708B5F5F783FC18B17A
:10359000C089003818BF012008BD70B506460D4629
:1035A0004FF0FF304FF0FF31F0F79CF8044668B160
:1035B00003210C30FFF785FE06808570214600222E
:1035C000BDE8704040F20640F0F790B96FF0680037
:1035D00070BD08B500200021F0F71CF918B1BDE856
:1035E0000840F0F7C3B8BDE80840F1F7DDB908B509
:1035F000072204F002FDB0FA80F0400908BDFFF791
:10360000FBBC0B6803608B8883808B798371704768
:10361000BFF35B8F0068BFF35B8F7047F8B50F4651
:10362000144638BB4FF0FF304FF0FF31F0F75AF837
:10363000054610B327210C30FFF743FE3946FFF74C
:10364000E0FF06462246C31D04F1100152F8040BA8
:1036500043F8040B8A42F9D11022002106F1170029
:1036600004F0C3FC29460022BDE8F84042F22700DE
:10367000F0F73CB96FF01500F8BD6FF06800FBE79C
:10368000037A5B07024605D501462A3211F8010B81
:10369000FFF7C4BF704738B54FF0FF3105464FF014
:1036A000FF30F0F71FF8044658B129460C30FFF7F9
:1036B00017FE21460022BDE8384042F22D00F0F707
:1036C00015B96FF0680038BD10B400F11003BFF3F6
:1036D0005B8F53E8002F22F4005143E80014002CC4
:1036E000F7D1BFF35B8F930403D510BC012100F029
:1036F0008CB810BC704770B5044686B00E460130D9
:103700000131FFF774FF2A3416220021054668466E
:1037100004F06BFC10226946204604F06EFC40B1B8
:10372000102206F12A01204604F067FC002808BF99
:103730000125284606B070BD38B54B6805460C46D5
:1037400073B90B7A13B9037A5B0709D520682A7815
:1037500003789A4204D02946FFF7CDFF00B1656097
:1037600038BD00F1100208B503461046FFF750FFC0
:10377000C10511D5BFF35B8F52E8000F40F4005034
:1037800042E800010029F7D1BFF35B8F1846002102
:10379000BDE8084000F039B808BD037AD90704D560
:1037A00023F001030372F0F771BB990704D523F0EE
:1037B00002030372F0F784BB70470020704770B5B6
:1037C000064686B00D464FF0FF304FF0FF31EFF761
:1037D00089FF0446B0B10C3095B10121FFF780FD9F
:1037E00006F1100203A9204600950823EFF768FFB1
:1037F0000022214642F20A00F0F778F806B070BDC8
:103800002946EBE76FF06800F8E7FFF7D8BF0368D9
:10381000D90444BF43F48063036003689A0444BF3F
:1038200043F400630360704701F12003013813F88B
:10383000012D00F8012F8B42F9D1704700230B6056
:10384000436813B9C0E900117047196041607047BF
:10385000FFF7DBBB10B50346BFF35B8F53E8000FE8
:1038600040EA010243E80024002CF7D1BFF35B8F4C
:1038700010BD036800220BB9184670478B4210D167
:103880000B6842B942680360914200D14360002353
:103890000B600120704713604368994208BF426083
:1038A000F5E71A461B68E6E710B50446006918B14B
:1038B000EFF768FB0023236110BD10B5BFF35B8FEA
:1038C000D0F8C830BFF35B8F00F1C8027BB1BFF303
:1038D0005B8F591C52E8004F9C4204D142E8001C07
:1038E000BCF1000FF6D1BFF35B8FE7D110BD1846D6
:1038F000FCE710B5437B023B0446062B16D8DFE8F5
:1039000003F009041515150B090001730021204669
:10391000F0F72EFF002010BD0088FFF73EFE0028C4
:10392000F9D1637B072BF5D10821F0E76FF07F0019
:10393000F1E710B50446D0F8A40028B9207A04F1C4
:103940007001F5F7A7FA38B1E278C3892AB913F004
:10395000210F14BF0120002010BD13F0240FF8E741
:1039600038B58378012B044629D1437B072B29D115
:103970000B0601F07F050BD54FF400410430FFF733
:1039800069FFA5722046F4F7F1FDA8B9002038BD03
:10399000437AAB42FAD2837AAB42F7D2BFF35B8F62
:1039A000031D53E8001F21F4004143E80012002AE0
:1039B000F7D1BFF35B8FE4E7637AA372E7E76FF0B9
:1039C0001500E4E76FF07F00E1E78378012B0CBF7F
:1039D000407A0020704738B5037A8B42044615467A
:1039E00015D100F170010722284604F006FB80B1D2
:1039F000E378072243B904F17E01284604F0FDFA7A
:103A0000B0FA80F0400938BD04F17701F5E70020F5
:103A1000F9E70120F7E78378012B0CBF7030002015
:103A20007047704710B50446FAF7F0FD234653F887
:103A3000482BD2F8B41061B9A164D2F8B81061B9BA
:103A4000C2E92D33FAF7F6FD2068BDE81040F0F723
:103A50006BBE8B42F6D00968EDE70B60C2F8B83058
:103A6000F0E7704738B5436B0D46BBB1184650F8C8
:103A7000084904B1083C53F8043C9B680BB1294643
:103A800098475CB12046A468436824B19B68083C11
:103A9000002BF4D1F6E79B68002BF0D138BDF8B5C8
:103AA0000F4600210546164600234FF48032084693
:103AB000F1F710FA044620B92846BDE8F840F1F7BE
:103AC000D5B904210C30FFF7FCFB05704770468028
:103AD0002046F8BD406B30B1838B8B42A0F10800CB
:103AE00001D08068F7E7704738B50D460521FFF72C
:103AF000F1FF00231A462946F1F706FA044610B1F1
:103B00002846EFF73FFA204638BD406B30B1838935
:103B10008B42A0F1080001D08068F7E7704770473A
:103B20000346006828B1596802681A60884208BFD5
:103B30005A6070470346002003B970471A8A5B68D1
:103B40001044F9E710B5D4682378023113B9217015
:103B5000012010BD8B42FBD0038A023B0382002070
:103B60001061F6E7FFF748BA2DE9F041044688688E
:103B7000FFF7E0FF638D628B934228BF13468342B9
:103B80000D461DD3A165D1F8088000278F60FAF794
:103B90003DFD41462046F1F783FA064638B1C5F8A7
:103BA0000880A765FAF746FD3046BDE8F081618DD3
:103BB000638B994228BF1946284600F0F1FEF1E7D1
:103BC0006FF07906F0E773B51446014605464FF4E9
:103BD0009572206800F039FE207530B920682946BA
:103BE00000F0E1FE20B908232375002002B070BD6B
:103BF000237AB3B1A3F11802534253419B000193BE
:103C0000638A0093AE68238AE26820682946B04739
:103C1000002808DB238A98420CD100232375012059
:103C2000E4E70223EBE710F1FF0F03D34042C0B2F9
:103C30002075DAE70E20FBE71FB5CDE9012300234D
:103C400000931A46F3F734F905B05DF804FB38B574
:103C500004460D46F1F724FA30B1294604F15C0020
:103C6000BDE8384002F03FBF38BDF8B5936816682C
:103C700005460F46144663B9506801210C30FFF722
:103C800020FBA0602B681B78002B14BF02230123AC
:103C90000370A3681B78012B03D0022B1FD00020D8
:103CA0001CE02B681B78002BF9D1606804210C30D4
:103CB000FFF707FBE06007802A68E36852885A80B4
:103CC0006168728D738B088A9A4294BFC0EB0200C0
:103CD000C0EB0300042894BF00200120F8BD2B682E
:103CE0001B78022BDBD1606812210C30FFF7E9FA58
:103CF000E06007802B68E268591C0232113351F8EA
:103D0000040B42F8040B9942F9D16168728D738BF0
:103D1000088A9A4294BFC0EB0200C0EB030012284D
:103D2000D9E770B405686A6A52B3136803B1A83B57
:103D3000A2F1A8040022114600E0A83B844207D06B
:103D4000668D648BB14238BF3146A24238BF2246ED
:103D50001C462BB1D3F8A830002BEED18442EFD112
:103D6000438D408B8B4201D890420BD9824238BFA1
:103D700002469942286838BF194670BCF3F7F2BD75
:103D80001146EDE770BC7047D0680378043113B971
:103D90000170012070478B42FBD091680B8A002094
:103DA000043B0B821061704770B504460E4600223A
:103DB00000230846F9F7ACFE054658B101462046F7
:103DC000F1F76EF9044618B12946304602F096FE26
:103DD000204670BD6FF00104FAE72DE9F04F04466C
:103DE00085B0104690469946FFF7A4FE638B628D1E
:103DF000934228BF134683428B4640F29380636808
:103E000003934046FFF730FA4FF0000A064640465B
:103E1000FFF790FE628B638D06F10C079A4294BF08
:103E2000C0EB0205C0EB03053846FFF796FA854262
:103E300017D24046FFF77EFE628B638D9A4294BF95
:103E4000C0EB0205C0EB03058DBB98F80A00EEF746
:103E5000F1FF00220023FFF7FFF9064630B957466D
:103E600036E03846FFF779FA0546EDE70146404669
:103E7000FFF70BFA4046FFF75DFE628D638B06F19C
:103E80000C079A4294BFC0EB0205C0EB030538460D
:103E9000FFF763FA85421FD24046FFF74BFE628D63
:103EA000638B9A4294BFC0EB0205C0EB0305F16837
:103EB000328ACDF80090DBF8047003980A44ABB264
:103EC0005946B847071E0CDABAF1000F18BF57461B
:103ED000384605B0BDE8F08F3846FFF73EFA054694
:103EE000E5E70E9BB3B9394606F10C00FFF7E9F997
:103EF0004046FFF71FFE638D628B934228BF134637
:103F0000B9448342BA441FFA89F9A8D9AF423FF4B1
:103F10007EAFA4E70F9A0E9B39463046984700289B
:103F2000E1D19CE70027D3E70368002203B970477B
:103F30008B420FD10B683AB942680360914200D1BD
:103F4000436000230B60704713604368994208BFC9
:103F50004260F6E71A461B68E8E7BFF35B8F50E85C
:103F6000003F43F0080240E800210029F7D1BFF3E9
:103F70005B8FC3F3C00070472DE9F04106469046C1
:103F80001F460D46B9B104220121F1F7C1F90446DB
:103F900018B9BDE8F041F1F7F9B804210C30FFF78A
:103FA00090F90570A0F80180C77021463046BDE841
:103FB000F041FFF74CBEBDE8F08137B50C46054631
:103FC00001F10C00FFF7BDF9228A0192E26800922C
:103FD0000346132212212846F1F7F0F903B030BD51
:103FE00037B50C46054601F10C00FFF7AAF9228A05
:103FF0000192E26800920022034611462846F1F73A
:10400000DDF903B030BD2DE9F3411768D7F804801E
:10401000002314461373014606469522404600F0DD
:1040200014FC0546207330B93146404600F0B9FC17
:1040300028B908232373002002B0BDE8F081CDE940
:1040400000553146A388A2683846FFF7C6FE00280F
:1040500007DA10F1FF0F26BF4042C0B20E202073D6
:10406000E9E70120E8E72DE9F3411768D7F8048074
:10407000002314461373014606469522404600F07D
:10408000E4FB0546207330B93146404600F089FC18
:1040900028B908232373002002B0BDE8F081A0688E
:1040A000798D7A8B038A914294BFC3EB0103C3EBF2
:1040B0000203012BEFDD02210C30FFF702F9CDE9FD
:1040C00000558046A388A26831463846FFF785FE32
:1040D000031E06DA13F1FF0F26BF5B42DBB20E238D
:1040E000D8E7A8F800300120D6E707B5CA681388DA
:1040F000528800920C210D22F1F77EFC03B05DF88E
:1041000004FB07B5CB6800221B8800920A210B2212
:10411000F1F772FC03B05DF804FB2DE9F041CB68C8
:104120001F88BBB2162B05461BD90321F1F720FBD4
:104130000646C0B102210C30FFF7C3F800244FF04F
:10414000410880F80080447031462846FFF77FFD23
:104150002846A5F81A806F85FFF7E3FD2046BDE8E5
:10416000F0810420FBE70E20F9E7F8B50546071FAC
:1041700000F1500350F8044CBFF35B8F53E8001F6D
:1041800021F0040143E80012002AF7D1BFF35B8F4E
:10419000FCB16B6D83B9636873B1201DFFF7C0FC80
:1041A000064601463846FFF7DFFC90B1636833608E
:1041B000A368666003B9A66005F158013846FFF7A9
:1041C000F3FD30B104F10C013846BDE8F840FFF7CB
:1041D000EBBDF8BD2DE9F041446A074634B354F80D
:1041E000A86906B1A83E00231D4607F1040801E0B6
:1041F00034461646A26D92B905B983B94046FFF719
:104200008FFC054650B101462046FFF7ADFC68B172
:104210007B682B60BB687D6003B9BD6023462EB10F
:10422000D6F8A820002AE3D0A83AE1E7BDE8F0815B
:1042300038B5BFF35B8F0B68BFF35B8FDB070546B9
:1042400016D550F8040C98B16B6D8BB90430FFF79C
:1042500067FC044660B10146281FFFF785FC38B1B2
:1042600055F8043C5A6822609A685C6002B99C6008
:1042700038BDF2F79DBD0A8AC9680023F1F7D6BEA2
:1042800070B50E46F1F7B4FD044628B93046EEF796
:1042900079FE6FF07F0070BD00F10C0528463146B5
:1042A00002F021FC606A38B150F8A84904B1A83C7A
:1042B0002946FFF779FD20B90020ECE71C466FF096
:1042C0000100002CF8D0D4F8A83023B90230F5D082
:1042D00020461C46ECE7A83BF8E738B505460C46F7
:1042E000FAF794F92846F1F783FD20B9FAF7A2F915
:1042F0006FF07F0038BD0023236083683BB9C0E9BD
:104300000144FFF767FFFAF795F90020F2E71C6018
:104310008460F6E70120704708B5F1F769FD98B1B0
:10432000436A8BB1BFF35B8FA83B03F1540252E8A1
:10433000000F20F0080042E800010029F7D1BFF388
:104340005B8FD3F8A830ECE708BD08B50421FFF770
:10435000DCFB30B1BFF35B8F006DBFF35B8FC0F34D
:10436000C00008BD10600020704710B5029CA36813
:1043700033B1B1F5807F28BF0E21CAB221469847DC
:10438000A37DE268013BDBB2A37522B11BB92046D5
:10439000BDE81040104710BD1060918000207047AC
:1043A00000207047FEF731BEF0B507683D7889B050
:1043B00006461446E5B97B88B3F5245F04D011D8CE
:1043C000A3F52053032B13D8ADF80A1002220DF1E8
:1043D0000A012046F1F778FF70B16FF01502C4F8BA
:1043E0005C2106E003F55643FF339BB2042B1DD935
:1043F0000125284609B0F0BD7B88ADF80A300222BD
:104400000DF10A012046F1F75FFF0028E5D1009089
:1044100003AA776813233146B847021EDFDB03A9DE
:104420002046F1F751FF0028E2D0D6E7ADF80A1098
:1044300002220DF10A012046F1F746FF0028CCD1F7
:104440007B88ADF80A3002220DF10A01E8E708B5D1
:10445000072203F0D2FDB0FA80F0400908BD10B584
:1044600003789342044607D10130FFF7F0FF00289C
:1044700014BF2046002010BD0020FCE710B5034605
:10448000BFF35B8F53E8000F40EA010243E80024CA
:10449000002CF7D1BFF35B8F10BD10B50346BFF3FF
:1044A0005B8F53E8000F00EA010243E80024002C70
:1044B000F7D1BFF35B8F10BD0B6803608B888380DF
:1044C0008B7983717047BFF35B8F0068BFF35B8F9D
:1044D0007047FEF791BD70B50D46064611F8010B09
:1044E000F0F74EFC044610B12C89F0F701F96B8906
:1044F000A34207D0EB686C8123B121463046BDE86A
:104500007040184770BD38B5BDF81040A24215463E
:104510000CD84CB16BB1A21A8A42A8BF0A4694B219
:104520002246591903F039FD204638BD6FF00600C8
:10453000FBE76FF00D00F8E730B585B0C9681446A9
:104540001D46F1F7D7FF00B10089ADF80E00022338
:104550000093BDF820200DF10E0329462046FFF7F9
:10456000D2FF05B030BD1FB50C461946E3681C7874
:104570001046BDF818203CB110240133069404B055
:10458000BDE81040FFF7BFBF5B88ADF80E300223D7
:1045900000930DF10E03FFF7B6FF04B010BD30B568
:1045A00085B01D46002314468DF80C30F1F774FFDA
:1045B00010B1037A8DF80C3001230093BDF8202050
:1045C00003AB29462046FFF79EFF05B030BD2DE91D
:1045D000F04114461D46BDF81870EFF7C3F80646C3
:1045E000EBF773F880B2069033463A4629462046E8
:1045F000BDE8F041FFF787BF30B585B014461D46D2
:10460000FEF7C0FF0223ADF80E000093BDF8202096
:104610000DF10E0329462046FFF775FF05B030BDAA
:10462000022A10B508D1002300F170011A46007A61
:10463000F1F7CCFF022010BDF2F7CEF8FAE708B58B
:104640000C3029B10121FFF719FFC043084008BD14
:104650006FF00101FFF721FF00F00100F7E710B54F
:104660000446FFF7ECFF38B121460122BDE81040B7
:1046700011F8010BF1F752BF10BD38B504461546CD
:10468000FFF748FE48B12046F1F706FF28B1037A4C
:10469000DB0702D50121FFF7E2FF55B9207A04F1CB
:1046A0007001F1F77DFE20B18560BDE83840F1F77B
:1046B00075BF38BD38B5BDF81010BDF81840059D60
:1046C000A14210461A460CD84CB16DB1631A9A42F9
:1046D000A8BF1A4694B22246294403F05EFC204645
:1046E00038BD6FF00600FBE76FF00D00F8E713B57B
:1046F000044610B9002002B010BD00238DF804302C
:10470000006842F6030301A9ADF80630FEF753FE38
:104710000028EFD1E36898880028ECD12046F2F712
:1047200097FB013080B2E6E770B5CC6888B00846E8
:104730001E46A3798DF80C301546FFF7D8FFADF86B
:104740000D00246823786BB96388ADF80F3005231A
:104750000093BDF8302003AB31462846FFF7D3FE67
:1047600008B070BD631C0DF10F02113453F8041B27
:1047700042F8041BA342F9D11323E9E71FB5CDE9A1
:104780000123002300931A46F2F792FB05B05DF86F
:1047900004FBF2F78DBC38B5044659B100F1700541
:1047A0002946007AF2F752FD207A2946BDE83840C2
:1047B000F2F734B838BDF8B506460F46F1F7CEFD2E
:1047C000394604463046FEF7DFFE68B364B304F1B1
:1047D00008056FF001012846FFF75FFEC20703D509
:1047E00039463046F2F732FD6FF002012846FFF7F6
:1047F00054FE830703D539463046F2F70FF82846B2
:10480000FFF761FE80B9234603F8010BC4F80100ED
:10481000C3F80300BFF35B8F55E8003F45E8000293
:10482000002AF9D1BFF35B8FF8BD10B50446A0F1A3
:10483000170110F8180CFFF7BEFF14F80C0CA4F1C8
:104840000B01BDE81040FFF7B6BF38B54C8AD3075F
:104850000546C4F30E0404D514F0950F2AD04B6816
:1048600043B3900704D514F4957F25D08B681BB310
:10487000144014F4DE7F0DD0EB7A2BB92846FFF7F5
:1048800058F8D8B9052038BD14F0300F04D114F40D
:10489000C07F07D10020F6E72846FFF796F80228E8
:1048A000F5D8EFE7D5F8A430002BEBD05B7BDB0627
:1048B000E8D5EFE70220E6E70320E4E70F20E2E790
:1048C000F8B514460F46942261680646FFF7BDFF0F
:1048D00020BB616801223046F2F722FD08B3A289AD
:1048E0001B2102323046F1F731FB0546E0B1A189C8
:1048F0000C300231FEF7E5FC20F8027BA289A168AA
:1049000003F04BFBD4E9041228460123F1F7CAFC5B
:1049100029463046BDE8F840FFF7B2BC4FF0FF3003
:10492000F8BD6FF01500FBE76FF00B00F8E72DE91D
:10493000F04105468846F1F7AFFD0446E0B1037A41
:10494000DB0719D500F10C073846FFF7BCFD10F066
:10495000010611D1B8F1000F0FD06FF002013846F7
:10496000FFF79BFD10F0020F284609D0FFF7D4FC9B
:1049700001212046FFF773FE01263046BDE8F08195
:10498000FFF7C8FC0028F8D02846FFF7DEFC002817
:10499000F3D06FF002013846FFF77FFD2846E5E7C8
:1049A0007047012070470120704707207047FEF7CD
:1049B00023BBBFF35B8F0068BFF35B8F084100F040
:1049C0000100704738B50A46034609B9012038BDD1
:1049D000C88910F0240FF9D0197D5D7B147BA942A2
:1049E00028BF29468C4201D90020F0E7840608D46C
:1049F000507B197AC0070BD4187A003818BF0120F1
:104A0000E5E70521181DFFF7D4FF0028F0D1EBE7FB
:104A10000029E9D00521181DFFF7CBFF18B9197A35
:104A200001390129E0D9527BD207CFD4E4E7012331
:104A30008B40DB43BFF35B8F50E8002F1A4040E808
:104A400000210029F8D1BFF35B8F7047FEF7DDBA74
:104A500008B50621FFF759F818B9BDE80840F3F783
:104A600047B8EC3808BD4FF47022002300F5A07061
:104A7000F9F736BB0720704701238B40BFF35B8FEC
:104A800050E8002F1A4340E800210029F8D1BFF375
:104A90005B8F704708B50E21FFF7EEFF002008BDC1
:104AA00070B5051D0E4628460421FFF782FF68B148
:104AB0000022002100230846F0F70CFA044640B912
:104AC00004212846FFF7D8FF204670BD4FF470221E
:104AD000EFE701210C30FEF7F4FB0670F4E738B580
:104AE00004210446FFF7DCFF054698B110210C3085
:104AF000FEF7E7FB04F1270304F1370253F8041B28
:104B000040F8041B9342F9D120462946F3F706F8F2
:104B1000002038BD0820FCE770B5D0F8EC30DB7819
:104B2000012B044619D1CD68061D10213046FFF730
:104B30007EFF2B4604F1B70205F1100153F8040B78
:104B400042F8040B8B42F9D107213046FFF731FFC1
:104B500028B109213046FFF78FFF002070BD0A21E0
:104B60003046FFF726FF0028F3D12046BDE870400D
:104B7000F3F7EAB80720704707207047072070470F
:104B800030B5012303FA01F1CA43BFF35B8F50E84C
:104B9000003F03EA020440E80045002DF7D1BFF3CF
:104BA0005B8F194214BF0120002030BD38B5044688
:104BB000031D0025BFF35B8F53E8002F43E800512E
:104BC0000029F9D1BFF35B8F04F5A07002F080F8E3
:104BD0002572BFF35B8F54E8003F44E80052002A7F
:104BE000F9D1BFF35B8F20460121BDE83840FFF7C4
:104BF00043BF70B500F1700605460C4607220968F0
:104C0000304603F0FAF9B8B963681A682A679A88D7
:104C1000A5F874209B7985F87630D5F8A4305BB17F
:104C2000A268934208D062681168C3F801109188A5
:104C3000A3F805109279DA7170BD6FF085007047A6
:104C400070B504460820F2F701FF0546E0B1061DE5
:104C500008213046FFF7EBFEBCB30721FFF7E7FE64
:104C6000234605F1970204F1200153F8040B42F8A2
:104C7000040B8B42F9D10A213046FFF79AFE70B13E
:104C800009213046FFF7F8FE0720F2F7DFFE044661
:104C9000E8B1F2F761FF0146C8B1204612E01021E9
:104CA0003046FFF786FE09210028EAD13046FFF79B
:104CB00080FE0028E8D02846F3F746F80146002891
:104CC000E2D02846F3F7ACFDDEE70B21F9E770BD33
:104CD00070B50446A0F1EC0650F8543BE83CD3F81C
:104CE000A45001F0F5FF03212046FFF762FEA0B1BA
:104CF00008213046F3F7FEFC3DB1EB8913B16B7B25
:104D00009B0702D5284600F027F830464FF4BC72C6
:104D1000BDE87040002103F068B901212046FFF78B
:104D200048FE0028E4D10F212046FFF742FE00286C
:104D3000DED1E1E7EFF77EB870B504460D461646C2
:104D4000F4F78CF838B931462846F4F749F810B131
:104D5000C3891C43C48170BD10B5037A5B07044648
:104D600001D5EFF7ADF8214611F8010BEEF720FB66
:104D700020464022BDE81040002103F036B9531E02
:104D80001944024411F8013900F8013B9042F9D16D
:104D9000704710B5431E00F11002073013F8011FD1
:104DA00012F8014D1C7083421170F7D110BDF0B59F
:104DB00097B014460E462022014605A81D461C9FAA
:104DC000FFF7DDFF202231460DA8FFF7D8FF21466F
:104DD000102201A88DF85450FFF7D1FF3B46412225
:104DE00005A901A8F4F7F6F9044610B93846FFF70B
:104DF000D0FF204617B0F0BD2DE9F04397B0044630
:104E0000164605A810221D46DDE91F98219FFFF7D1
:104E1000B6FF1022314609A8FFF7B1FF102229463C
:104E20000DA8FFF7ACFF1E99032211A8FFF7A7FFFB
:104E30004946D9F8010011F8013B8DF8473012902E
:104E40008B88ADF84C30062212A8FFF798FF414638
:104E5000062211F8013B8DF84E30D8F80130CDF81C
:104E60004F300DF14F008B88ADF85330FFF787FFBF
:104E70002146102201A8FFF782FF3B46412205A9E7
:104E800001A8F4F7A7F9044610B93846FFF781FFE7
:104E9000204617B0BDE8F0830369C9B20C2201FBBC
:104EA0000233186C00F00700704770B5C9B203698F
:104EB000EFF31185402484F31288BFF36F8F0C2623
:104EC00006FB0134246C14F0C00408D0A24206D0C2
:104ED00085F31188BFF36F8F4FF0FF3070BD7143C2
:104EE0000B4401221A6485F31188BFF36F8F436866
:104EF0000B445B6898470020F0E78022FFF7D5BF9E
:104F0000F8B5069F0469C9B2EFF31186402585F311
:104F10001288BFF36F8F0C2569430C44256C05F094
:104F2000070CBCF1010F0BD1276486F31188BFF386
:104F30006F8FC4E90E2343685B5898470020F8BD83
:104F400005F0C005AF4286F31188BFF36F8F0CBF29
:104F50006FF077004FF0FF30F1E713B58024009435
:104F6000FFF7CEFF02B010BD10B40069CBB21C2415
:104F700003FB0400002110BC10471046F8F7FABDEF
:104F800000F0FBBD4FF4AF60704710B50C4601F068
:104F9000B2F90023C4E90003184610BD70B50446F9
:104FA00001F0AFF9237B05460BB100F0FCFD0026B4
:104FB0006068F7F799FAA3685B1BA36063682B44EA
:104FC0006360237B01363BB9A368002BF0D1A06856
:104FD000003818BF012070BD3046F7F78BF8002865
:104FE000F2D0F4E738B505460C4601F084F9002DFF
:104FF00007DBA84205D9401B84428CBF002001205A
:1050000038BD0020FCE770B50D4628461946164607
:105010001C46FFF7E7FF28B921462846BDE8704047
:10502000F4F7B4BC24B122462946304602F0B5FF5D
:10503000002070BD43685B68D3F810350B6000201A
:10504000704743685B6802EA010021EA0201C3F885
:105050000805C3F80C150020704743685B68002002
:10506000C3F80815704743685B680020C3F80C1547
:10507000704743685A68D2F8043521EA03000B40B0
:10508000C2F80805C2F80C350020704710B5036956
:105090005868F8B1884219D19C6808685860A142E4
:1050A00000D19860002008602AB15A680A609A68A6
:1050B000596002B99960002010E0814206D1086869
:1050C000206098688142EDD19C60EBE7044600685F
:1050D0000028F2D1002AE8D16FF0150010BD01F0D0
:1050E00051B82DE9F043476840F20636D0063B7CC4
:1050F00087B002EA060654BFC2F3401C4FF0030C0F
:1051000001F01F05B6F5837F144645EA43158DF877
:1051100003C043D00DD8062E16D005D8A6B1022E56
:105120003ED06FF0150036E0B6F5807FF9D101264C
:105130000AE040F20222964234D0B6F5407F33D0E6
:10514000B6F5007FEDD102260123220303FA01F117
:105150002CD57B68C3F80815B86868BB05F01F023A
:105160006D0972D1920002F1A04284F48031D2F82C
:105170000037C1F30041C4F3404423F4E16344EA3F
:10518000410423F007031C4344EA8C0444EA062448
:10519000C2F80047002007B0BDE8F0830726D3E738
:1051A0000426D1E70526CFE70326CDE7630344BFF6
:1051B0007B68C3F80C15CFE70DF10202294600F019
:1051C00066FF14F4403F80460CD1B868294600F0D1
:1051D0008CFFB8F1000FDDD19DF80210B868F7F729
:1051E00065F9D7E74FF0000901ABCDE90199CDE9A9
:1051F0000439CDF80C90B86803AA294600F042FEA5
:105200004845C7DB14F4003314D084F480349DF88F
:1052100003308DF80E30C4F300448DF80C608DF827
:105220000D40B8684B4603AA294600F0C6FE002888
:10523000CFDAAFE7CDE904330DF103030393B86888
:1052400003AA294600F01EFEF1E702F5E07250F8CD
:105250002230FFDEF0B544681646A068227C01F0DB
:105260001F0587B045EA4215002865D0B6F5001F36
:1052700004D1294600F082FF00204EE001AA002060
:10528000B6F5800F0190506036D1B3F1007F14BFA6
:10529000052304238DF804300023CDE90423039370
:1052A000E36823FA01F111F001010DF1030736D192
:1052B000B6F1A07F33D105F01F036A0903F5E0734F
:1052C0003DD14FF0A04252F82330DB0727D4A0682D
:1052D0003A46294600F0DBFE163018D00297A06847
:1052E00003AA294600F0CEFD002816DBA0680122A3
:1052F000294600F0FCFEBFE7B3F1C06F05D0B3F163
:10530000007F14BF01230223C4E70323C2E7A06880
:105310003946F7F7D1F80028E0DA07B0F0BDA06809
:105320003A46294600F0B3FE0028D8D19DF8031074
:10533000A068F7F7BBF8D2E76FF08500EDE751F80A
:105340002330FFDE02780B69012A07D0022A08D039
:1053500052B91A6603F14800F8F70CBC6FF00D0261
:10536000F7E76FF00A02F4E76FF00402F1E700F0EC
:1053700059B838B5044605690122114605F13000D7
:1053800001F0CAFB012205F14800002101F0C4FB35
:105390002046BDE83840F4F76BBD00693030F8F7BF
:1053A00023BC00693030F8F7E5BB13B501AA044609
:1053B00000F0D2F8002805DB019B226819791868F3
:1053C000F4F764FF02B010BD70B54568A86A0368C1
:1053D000D3F80845D3F80C65F7F700FC31462046B2
:1053E000F7F7BEFE00210446E869FFF7DEFFA86A72
:1053F00001F073F9204670BD10B544680021E069E2
:10540000FFF7D3FFA06ABDE8104001F066B910B500
:105410004468A06AF7F7E2FBE0690121BDE81040AB
:10542000FFF7C3BF10B54468FFF7F1FFA06A01F0B2
:105430005CF9002010BD37B50C460569836801A9E9
:105440005B68984748B9019B2A685A40012303FAD0
:1054500004F10A4214BF1846002003B030BD70B5F5
:1054600051F8043C5B681E680C464FF4004540F25E
:10547000E73000214FF47A720023E6FB0501E6F7DE
:10548000EDFD02460B4604F11400BDE87040F8F74C
:1054900027BE10B443681868884215D95B6803EBCF
:1054A000C10453F8310023790121994003691B6835
:1054B000194203D122B983681B6903E0002AFAD19B
:1054C0008368DB6810BC18476FF0150010BC70478C
:1054D00073B545682868884206D9D31804D24FF4BA
:1054E0007A74A3FB040313B16FF0150010E0A2FB64
:1054F0000432002AF8D16D680E0105EB01116343F7
:105500008A890092496804FB00F2A859EAF798FCDE
:1055100002B070BD2DE9F341436815461A688A420E
:1055200017D95F6807EB01144FEA0118A6686422D7
:105530000023A5FB0601E6F791FDA2890092034630
:10554000616857F808003246EAF77AFC02B0BDE815
:10555000F0816FF01500F9E730B543681360057A04
:10556000446804EBC504A34202D36FF0010030BDD0
:105570005C798C4201D00833F0E70020F7E77047F0
:1055800043685B6B0020C2E90030704743681B68CA
:10559000D3F88004C3F88004704742681368D3F8D6
:1055A000100150B1D269002012780A70C3F81001BE
:1055B000D3F8102101221A6070474FF0FF30704776
:1055C000002A0FDD42681368D3F8100158B100209B
:1055D000C3F81001D269D3F8100112780A700120C3
:1055E000186070470020704710B543681C68036955
:1055F000EFF31180402282F31288BFF36F8F1A6895
:10560000D17B39B991731B680122DA734FF480039F
:10561000C4F8043380F31188BFF36F8F10BD0369A2
:105620001A68D17B21B1012191731B680022DA73C2
:105630007047026911680346C87B40B15B681B680C
:10564000D3F8580118B100230B611368988970478B
:1056500043681B68D3F81001003818BF0120704759
:1056600043681B68D3F80423D2065CBF1022C3F83A
:105670000423704743681B68D3F80423D20644BF51
:105680001022C3F80823704743681B684FF4007268
:10569000C3F80423704743681B684FF40072C3F8D3
:1056A0000823704738B543681D68D5F804335B029A
:1056B000044605D4D5F8040310F0100006D138BD17
:1056C000FFF7B7FF0028F5D00120F8E72046FFF7E5
:1056D000BFFF003818BF0120F1E7012070470369C0
:1056E000186801601B685A60704702680346D2F868
:1056F000580140B95B68DB0706D4D2F820010038B6
:1057000018BF012070470120704710B44368026938
:105710001B68D3F80413C90517D5D3F82011A1B11C
:10572000EFF31181402484F31288BFF36F8FD3F815
:10573000204134B10024C3F82041D3F82041012492
:10574000DC6081F31188BFF36F8F1168D3F8584183
:1057500071B17CB100240C611168C97B19B94FF497
:105760008001C3F8081311688C7B1CB100238B7374
:1057700010BC7047D3F8241121B10021C3F82411C3
:10578000D3F8243112681368002BF1D0516810BC93
:10579000184713B501AA0446FFF7DEFE002805DB13
:1057A000019B226819791868F4F770FD02B010BDEA
:1057B0006FF0850070472DE9F041066933689C89D8
:1057C000BFF35B8F94420546A8BF144610330127F0
:1057D00053E8002F002A03D143E800700028F7D1D6
:1057E000BFF35B8F0CBF3B4600232BD133682246AF
:1057F000986802F0D2FBEFF31188402383F31288FC
:10580000BFF36F8F69680846FFF76FFF326840B9D2
:105810001061044688F31188BFF36F8F2046BDE8FE
:10582000F0810B689268C3F844250022C3F848450C
:10583000C3F82021D3F82011C3F85821D3F85821F8
:105840009F60E7E71C46E9E7FDF7D6BB0022012190
:105850002320EDF75FB810B50B6813B91360184635
:1058600005E003685C681CB114600368186810BD2B
:10587000083303600B68013B0B60EDE703460A4603
:1058800000681979012303FA01F103691B681942C1
:1058900018BF82F0010212B18368DB681847836881
:1058A0001B69FBE710B5036804464BB19A683AB12F
:1058B000186900F0AFFF206800210830FFF7DEFF15
:1058C000A36933B9636004F11000BDE81040F8F734
:1058D00051B910BD10B5006903688B4206D190F82C
:1058E0006C4034B9FFF7DEFF204610BD6FF01500A5
:1058F000FBE76FF00F00F8E77FB5054640682969C0
:105900008A6D0B6EFAB99BB14C6D8B6616461A46C2
:10591000C96D0291CDE9004601B3002B18BF1346B3
:10592000002269460393F7F757F850B16FF004036C
:105930002C69236404F12800F8F71CF9002384F88B
:105940006C3004B070BD4C6D13B19A4228BF1A463A
:10595000002C8A6614BF16460026D9E70B46DFE7FF
:10596000F0B587B001238DF8023002238DF80430A2
:105970006B4403930E4601AB0DF10301002705466E
:10598000029104930597F6F797FD041E0BDB03AA1B
:105990003146284600F076FA041E07DA9DF8031017
:1059A0002846F6F783FD204607B0F0BD3C46FAE7EF
:1059B00000F150039B009BB203F1804303F5883351
:1059C00000221A601B68704708B5F5F7C7FA08BDD2
:1059D00010B54FF0FF304FF0FF31F5F79FFC044654
:1059E00028B9DBF7CBFB044618B1F5F79FFC20463E
:1059F00010BDF5F79BFC2046EDF784FDF7E738B5C1
:105A00000B8A0D463BB101F10C00FDF792FC012819
:105A100018D0022803D06FF01504204638BD4FF08F
:105A2000FF304FF0FF31F5F779FC04460028F4D140
:105A3000E868E6F792FC0446F5F778FCACB1F5F7B8
:105A4000B1FCEAE74FF0FF304FF0FF31F5F766FCAD
:105A500004460028E1D1E868F5F73EFE0446F5F774
:105A600065FC002CD9D1F5F79DFC2846EDF78AFAA4
:105A70000024D2E7F5F792BD10B53122044600218B
:105A800002F0B3FA202323708023A3706FF03F034A
:105A900063710423A3722823A3730223E3730423F3
:105AA000A3756FF0080363760323A3766FF00F03EB
:105AB000E3767E232377302384F820306FF03F0392
:105AC00084F82130792384F822306FF0010384F8C0
:105AD0002330012384F82430802384F826300423E3
:105AE00084F82730402384F82D3010BD08B5F6F730
:105AF0005DF9002008BD08B5FAF720F848B1002389
:105B000083F31188BFF36F8F0423184602DF6FF011
:105B1000040008BD08B54FF0FF314FF0FF30F5F736
:105B2000FDFBE9F7B4FDBDE80840F5F7FFBB6846AB
:105B300020F007018D4601B5E4F700FEBDE8014005
:105B400085467047684620F007018D4601B5E3F7AA
:105B5000A7FDBDE8014085467047684620F0070173
:105B60008D4601B5E3F790FDBDE8014085467047DD
:105B700008B5E9F7DBFB002008BD7047012802D11A
:105B80000020E5F719BA70477047E5F713B808B574
:105B9000E5F70CFF30B1EFF305800338032894BF1D
:105BA0000020012008BD70474FF08053D3F830012A
:105BB000421C04BF4FF0704393F8E00F831F58421C
:105BC0005841704703460020184700F023BE10B527
:105BD00002461168B1B1BFF35B8FB1FA81F3C3F133
:105BE0001F000123834021EA030352E8004F8C4247
:105BF00004D142E8003CBCF1000FF6D1BFF35B8F4B
:105C0000E7D110BD6FF00B00FBE710B50368CB4088
:105C1000DB0714D401238B400268BFF35B8F43EA98
:105C2000020150E8004F944204D140E8001CBCF14E
:105C3000000FF6D1BFF35B8FEED1002010BD6FF0E7
:105C40001500FBE770B50C460021054608461646D0
:105C5000F6F7C2FB00280ADB3378DB0003F1804350
:105C600003F5F8330020C3F81055C3F8144570BD90
:105C7000036803F01F025B0902600CBF4FF0A040F5
:105C800000207047F7B5019001A8DDE908471646E6
:105C90001D46FFF7EDFF019BB6F1000C18BF4FF05A
:105CA000010C00EB83000B1E18BF0123002D43EAFB
:105CB0004C0314BF4FF00C0C4FF0000C002C43EAC7
:105CC0000C0314BF4FF4E06C4FF0000C002F43EABC
:105CD0000C03D0F8002714BF4FF4403C4FF0000CE9
:105CE00043EA0C0322EA030301B109780EB13678C6
:105CF000760019430DB12D78AD0031430CB12478F5
:105D0000240229430FB13F783F040C433C43C0F8C1
:105D1000004703B0F0BD1FB50DF10F030193002341
:105D20008DF80F1000931A461946FFF7ABFF05B028
:105D30005DF804FB70B5CBB20833164630F813306B
:105D4000DA0504460D4609D5C3F3432300EBC3022D
:105D5000314650F83330526828469847A3682BB133
:105D6000E26831462846BDE87040184770BD10B45F
:105D7000CBB200EB43039A8AD1051BD5C2F3432172
:105D800022F4F8529A8200F1520400F1120232F821
:105D9000023F13F4807F03D0C3F34323994209D019
:105DA000A242F4D100EBC10300225A6010BC58306B
:105DB000FFF72BBF10BC704770B511F001040CD079
:105DC0004FF0A046D6F820550560C6F82055F6F7E6
:105DD00019FB08B1D6F8203505B90024204670BD5E
:105DE000F0B5034600F5807400200546012784467F
:105DF00095420AD1D3F87C2132B10022C3F87C212C
:105E0000D3F87C3140F00040F0BD25F0404607FA61
:105E100006F6314209D0D4F800E0BEF1000F04D0FC
:105E2000C4F800C0D4F800E0304301350434DFE7A3
:105E3000C9B200EB4100808A830643BF400B80005B
:105E400000F580704FF4BE7070470246CBB202EB93
:105E5000430308469B8A990611D599070FD4106809
:105E60005B0B01219940C0F80813126802EB830311
:105E7000D3F8102522F00302C3F810257047002143
:105E8000FFF749BFF0B5136885B005460C461646C6
:105E9000DBB1CFB200EB4707BA8A02F02202222A16
:105EA0001ED00022CDE900228DF80E208DF80F20A3
:105EB0000DF10E010DF10F022046FFF7E3FEBB8A44
:105EC00023F0020343F00103BB82736823B31A7803
:105ED0005868E3B205EB4303998A8F0703D5A8B14D
:105EE0006FF015001BE021F4604121F02001998240
:105EF00060B1032AF4D8716848682968077801EB13
:105F0000870172B9C1F81025C1F81025998A21F0CE
:105F10001C0141EA82029A82B3684BBB002005B0A3
:105F2000F0BDD1F8100520F00300C1F81005286875
:105F300000EB8700D0F8101521F4473121F44071AF
:105F4000C0F810152102D0F810C501F4F85141EA4B
:105F5000024141EA0C01C0F8101505EB4701A1F818
:105F60005C40998A41EA473141F020019982CDE7AE
:105F7000D3E9006721462846FFF7F9FE002ECDD071
:105F80006B689E4206D005F15800FFF720FE0028FE
:105F900004DAC4E7AB689F42F5D1002005EBC003EB
:105FA000C3E90167E4B205EB4404C0B2A38A43EA43
:105FB000402343F48073A382B0E7F0B5074685B071
:105FC0000C461D46F2B1CEB200EB4606B38A9807E6
:105FD00001D499061ED413F01C0F02D05378012B64
:105FE00018D001238DF80F300023CDE900230DF1E7
:105FF0000F01931C20460132FFF744FEB38A43F0A1
:106000000303B382002D3DD0E2B207EB4202938A34
:106010009B0703D46FF0150005B0F0BD28783B68EE
:1060200003EB80030021C3F81015C3F81015938A01
:1060300023F4604323F0200393826E784FEA800CB0
:1060400006B33968AD7861443604D1F8103523F4CD
:10605000981323F4F853C1F81035230203F4F853CE
:1060600006F440362D05D1F81075334305F480153C
:106070002B433B43C1F81035938A43EA403343F046
:10608000200393820020C7E7C0E903127047C9B21A
:1060900000EB4100838A990643BF5B0B002013701D
:1060A0006FF01500704738B590F86C4005469CB904
:1060B00040222146143001F098FF2868C0F87C4146
:1060C000D0F87C3140F30730ECF7F4FB012385F87E
:1060D0006C30AB65204638BD6FF07700FBE790F879
:1060E0006C00003818BF01207047F6F7ABB973B5E4
:1060F0000C46C9B200EB410105688B8A9E0619D592
:1061000013F0020616D15B0B9C0004F580716E50F3
:10611000695801682144D1F8104544F00104C1F8E0
:1061200010452AB10168012202FA03F3C1F80433D1
:1061300002B070BDD5F80433002BA4BF4FF000436C
:10614000C5F804338B8AC3F38203042B12D0052BCA
:1061500012D001A80194FFF78BFD019AD0F81035F9
:10616000D34003F00103991C204602B0BDE8704003
:10617000FFF7D1BD0321F7E70221F5E7FFF765BE81
:10618000FFF756BE2DE9F04F074685B057F8049B40
:10619000D9F80413C9B28046082241F000414846AC
:1061A000FFF71EFE051E16DA0023012102A8029346
:1061B000FFF702FE4FF0010A029A92B94FF0004138
:1061C0004846FFF70DFE012102A8FFF7F5FD002864
:1061D000F2D125F000450124002D76D105B0BDE8AF
:1061E000F08F92FAA2F4B4FA84F408EB4403E008C6
:1061F0009E8A039402AB04F007021B5C0AFA02F2C7
:1062000023EA020302AAB108135403A8FFF730FDE2
:10621000039B03F5E073C6F3820B50F823304A0763
:106220005E46C3F3014332D53246384621465FFA13
:1062300083FBFFF77FFD03A80394FFF719FD039B82
:1062400003F5E07350F82330C3F301439B4507D1B6
:1062500000212046FFF75FFD59462046FFF75BFD12
:1062600003A80394FFF704FD039B0AFA03F3C0F8A5
:1062700020350446F6F7C6F800289DD0D4F820351E
:10628000D4F82035D4F82035D4F8203594E7022B03
:106290000DD103212046FFF73EFD0BF00503012B36
:1062A000DED1324621463846FFF744FDD8E70221C9
:1062B00020460193FFF72FFDBBF1030FF1D0019BA7
:1062C000032BCDD1BBF1020FEAE795FAA5F3B3FAA0
:1062D00083F304FA03F225EA020503F5A27208EB40
:1062E000430359F82220B3F85C10C2F30142384648
:1062F000FFF720FD70E74FF080531A69586950434B
:1063000070474FF08053186970474FF080535869B9
:10631000704730B5A2F58075AD080124AC400C4241
:1063200007D0815829B10021815082581A68224330
:106330001A6030BD13B500230C4601934FF48872E8
:1063400001ABFFF7E6FF21464FF48A72FFF7E1FF4A
:1063500021464FF48E72FFF7DCFF21464FF4827224
:10636000FFF7D7FF21464FF48472FFF7D2FF214693
:106370004FF48672FFF7CDFF4FF48C722146FFF782
:10638000C8FF019802B010BD10B5C368044633B908
:1063900000680221FFF7CEFF08B101232375207D9D
:1063A000023818BF012010BD70B40C4601461546D6
:1063B0001A4651F8043B2668C3F82065A688C3F83E
:1063C0002465A668C3F82865E668C3F82C650368E9
:1063D0002668C3F84065A688C3F84465A668C3F874
:1063E0004865E468C3F84C45046805F0010303EB15
:1063F0005505C4F81455D4070CD412F0020403D088
:10640000002B14BF082404240568C5F8004270BCA2
:10641000F6F7B4B81024F7E710B503680022C3F804
:1064200000220368012204465A6051B12046FFF75A
:10643000ABFF0028FAD023680022C3F8002501230F
:1064400023752046BDE81040FFF79EBFFFF79CBFB5
:1064500070B5B22104460068FFF76CFFC30605461D
:1064600007D5A3695E0704D5E36813B1216901204C
:106470009847A80607D5A369190704D5E36813B19F
:106480002169022098472A0607D5A06910F010005C
:1064900003D1E3680BB121699847AB070CD523689A
:1064A0000022C3F8002501232375E36823B1216985
:1064B0000320BDE87040184770BD036803F01F0259
:1064C0005B0902600CBF4FF0A0400020704707B589
:1064D000019001A8FFF7F1FF019A01239340C0F852
:1064E000083503B05DF804FB07B5019001A8FFF77C
:1064F000E4FF019A01239340C0F80C3503B05DF826
:1065000004FB37B5D0F818358A69DBB28DF807304F
:106510000B6A93423EBF4A699DF80740D4540B6A08
:1065200091F824500C695A1C0A62023335B1A34217
:106530008C6938BF0B619C4288BF8B610D699D429D
:1065400005D9CA68D35CC0F81C3501200AE08C6903
:106550009C4201D9CB7FF6E7AA42F6D3A2422CBFD8
:106560000020012003B030BD91F820200346032A0B
:1065700029D8DFE802F0212519028A68500304D5E2
:10658000D3F84C250869904207D18A6852031AD47F
:10659000D3F84C258969914215D000200622C3F812
:1065A0000005C3F800257047D3F84C2508699042D0
:1065B000F3D1D3F83C25EDE7D3F84C250969EAE798
:1065C000D3F83C25FAE70120704730B5A2F5807575
:1065D000AD080124AC400C4207D0815829B10021FC
:1065E000815082581A6822431A6030BD13B50023C7
:1065F0000C4601934FF4A47201ABFFF7E6FF21466E
:106600004FF48272FFF7E1FF21464FF49272FFF7D9
:10661000DCFF21464FF4A872FFF7D7FF21464FF465
:10662000A672FFF7D2FF21464FF4B072FFF7CDFFFD
:106630004FF4AE722146FFF7C8FF019802B010BDBB
:10664000F8B505468E68CF7B0C46F6F75FFA20B1A9
:10665000B6F1C86F08BF4FF0C4662B682FB9D4E9F4
:106660000012C3F80815C3F80C25C3F824656B683D
:1066700033B12868BDE8F84040F30730ECF71AB9A9
:10668000F8BD38B50D4690F826100446F9B9C1603A
:10669000C0E9012380F8291080F8281095B1AB7B60
:1066A00080F82B302846F6F769FA98B16B7B84F8AE
:1066B0002A30F6F72BFA08B1AB68E3622946204688
:1066C000FFF7BEFF012384F82630002038BD6FF0AD
:1066D0007700FBE76FF01500F8E703680622C3F8C0
:1066E0000025022380F82630704738B5044600683C
:1066F00040F30730ECF7ECF82046F6F76FFA94F821
:106700002B3063B994F82A304BB92368D3F80805C5
:10671000D3F80C55F6F71AFA2846F6F717FA0023BD
:1067200084F8263038BD036803F01F025B0902605D
:106730000CBF4FF0A0400020704707B5019001A8A2
:10674000FFF7F1FF019A01239340C0F8083503B029
:106750005DF804FB0369C26893429CBF81685B18C3
:10676000013B981A70472DE9F041D0E902840546B3
:10677000A8EB04064068964220440F46144404D90E
:1067800001F00BFCEC60BDE8F0813246A4EB08049C
:1067900001F003FC68682246B919F1E72DE9F843D6
:1067A000C5680646894617464FF000083369B46845
:1067B00070689D4228BF1B19641BBC4203F1FF3364
:1067C00028BF3C465B1B9C4228BF1C4649462844C8
:1067D000224601F0E2FBB3682544AB4208BF002526
:1067E0003F1BA044A144F560E0D14046BDE8F883DA
:1067F00008B5F6F7E7FD002008BDEFF31180402350
:1068000083F31288BFF36F8F704780F31188BFF353
:106810006F8F704708B1ECF7DFBB704710B5436965
:1068200004463BB90020E268537843F001035370FB
:10683000404210BD98470028F4D00028B8BF40421D
:10684000E368FF28A8BFFF201870ECE740B1C368D9
:10685000587810F001001EBF1878B0FA80F0400997
:106860007047EFF31183402383F31288BFF36F8FD8
:10687000FEE710B400F10C04C0E9034410BCFBF7C0
:1068800081BE38B50446EFF31185402383F31288A7
:10689000BFF36F8FFBF726FE04F10C0000F009FB3D
:1068A00030B1294604F11400BDE83840F7F788BE3E
:1068B00085F31188BFF36F8F38BD4169826842EA62
:1068C000010313F003030FD1C3600369013B03FB12
:1068D0000122002B01DA00207047C1681160416974
:1068E000C260013B521AF4E76FF0150070472DE9C2
:1068F000F04105460F46EFF31188402383F31288D9
:10690000BFF36F8FC668FEB90468A0421CD0DCB12B
:10691000D4E9003213605A60637BA66023F002035F
:106920006373C4E9006604F1180000F037FB2046E9
:10693000C4F8B060276100F05DFA414605F1080037
:10694000BDE8F041F7F73CBE3E60AB69EF60013B4C
:10695000AB6188F31188BFF36F8FBDE8F08108B594
:106960004024EFF3118384F31288BFF36F8FFCF799
:1069700036FCF6E7D0E9003213605A60427B002310
:1069800022F00202C0E9003342738360704713B5FE
:1069900001240094F6F720FF02B010BD90F90E30EC
:1069A0008B4201D0F7F79ABD0020704703460020C4
:1069B000C3E90200C3E900337047D0E90032136035
:1069C0005A60427B002322F00202C0E90033427386
:1069D000836070472DE9F843914604469DF82020D6
:1069E0000D4600F10807EFF31186402181F312886C
:1069F000BFF36F8F02B14568D4F80880474518D0BF
:106A0000B8F1000F15D04046FFF7D7FF08F1180086
:106A100000F0C4FA0023C8F8B030C8F8109040461F
:106A200000F0E8F938463146F7F7CAFD0020BDE826
:106A3000F883A3B10820F8F781FA002838D00122A2
:106A4000C0F804900260016801F003015DB922689A
:106A50000A430260626820606AB960600BE0C9F8AE
:106A600000304846EFE72A68032A16D801606168BB
:106A700069B9C4E90000042104F1100000F06DFBC5
:106A80000028CFD186F31188BFF36F8FCFE70A6854
:106A900002F0030202430A60DFE722F003020A4326
:106AA00002602A6802F0030240EA02032B60E2E778
:106AB0006FF00B00E6E710B5044630B102689307AB
:106AC00003D0446809B100F067FB204610BD0023E5
:106AD000C0E9003300F10803C0E9023300F11003FC
:106AE000C0E90433704707B50123009300230A4629
:106AF0001946FFF76FFF03B05DF804FB07B50023ED
:106B00000A4600931946FFF765FF03B05DF804FBE2
:106B100000680021FFF7CFBF5AB18A4209D300F1C4
:106B20001003C0E90212C0E90000C0E904330020EC
:106B300070476FF015007047026801238B4022EA0E
:106B40000303036022FA01F000F001007047704770
:106B500010B5032104460C30FFF7EEFF30B104F10D
:106B6000100000F01BFAB0FA80F0400910BD20B10F
:106B700000221146C43000F0D7B9704770B5C36821
:106B8000C3F340069B07044616D4856802210C30E7
:106B9000FFF7D2FF80B1D5F8BC206AB194421DD175
:106BA00022689EB9D5F8C030C5F8BC209C4201D1FE
:106BB000C5F8C02000232360E36813F01F001EBF48
:106BC00043F00203E36040F0020070BD3260D5F88C
:106BD000C020944208BFC5F8C060EBE716461268B3
:106BE000DBE773B50446EFF31185402383F3128886
:106BF000BFF36F8F0023A0F1100603210438019327
:106C0000FFF79AFF28B1A369019301A93046F7F76E
:106C10002BF985F31188BFF36F8F02B070BD38B5C3
:106C200004460D461022002101F0DFF9656038BDF1
:106C300013B501900846EFF31184402383F31288C3
:106C4000BFF36F8F01A9F7F70FF984F31188BFF332
:106C50006F8F02B010BD10B5FFF7EAFF041E08DD0C
:106C6000EFF31180402383F31288BFF36F8FF7F7A0
:106C7000B9FC204610BD70B50D46EFF311864023D8
:106C800083F31288BFF36F8FF7F74AF9044686F350
:106C90001188BFF36F8F38B14FF0FF324FF0FF33E1
:106CA00005F11000F6F7A0FF204670BD08B5D82208
:106CB000002101F09AF908BD38B5302204460D468E
:106CC000002101F092F94FF480736560E36038BDF4
:106CD00038B50446EFF31185402383F31288BFF3E0
:106CE0006F8FFFF735FF2046FFF748FF85F31188C8
:106CF000BFF36F8F38BDF8B504460D46EFF311862C
:106D0000402383F31288BFF36F8FC36803F01F0320
:106D1000002B14BF0127002705D186F31188BFF38C
:106D20006F8F3846F8BDFFF713FF2046FFF726FFA9
:106D300029462046F7F77AF886F31188BFF36F8F5C
:106D40000028EED04FF0FF324FF0FF3305F108007E
:106D5000F6F74AFFE5E7D0E9003213605A60427B5C
:106D6000002322F00202C0E90033427383607047BF
:106D7000EFF30580003818BF012070477830704766
:106D8000D0E9003213605A600023C0E90033704735
:106D900008B5FFF7F5FF437B23F00203437300239D
:106DA000836008BD38B504460D46F7F7F5FA637BF6
:106DB00043F002036373E5B1A5602B689D4209D1DE
:106DC0006B68C4E900531C606C6012E06A689A4208
:106DD000F6D01B68002BF3D094F90E2093F90E1017
:106DE0008A42F3D09142F1DD5A68C4E9003214605E
:106DF0005C6038BD10B5EFF31184402383F3128833
:106E0000BFF36F8FF7F786FA84F31188BFF36F8FA4
:106E100010BD08B5EFF31181402282F31288BFF351
:106E20006F8F83680BB1FFF7B3FF81F31188BFF356
:106E30006F8F08BD10B50146EFF31184402383F333
:106E40001288BFF36F8F437B13F0280F0AD183683A
:106E50000BB1FFF79DFF4B7B23F004034B730846F8
:106E6000F7F758FA84F31188BFF36F8F10BD012133
:106E70001838FFF7DFBF08B50346EFF31181402252
:106E800082F31288BFF36F8F0068834207D008B186
:106E9000FFF77EFF81F31188BFF36F8F08BD0020DD
:106EA000F8E710B5FFF7B5FFBDE81040183000F067
:106EB00075B838B504680546AC424FF0000000D103
:106EC00038BD002CFCD02046FFF7EBFF2046FFF733
:106ED00091FF2C680120A542F1E738B504460D4624
:106EE000F7F728FCB5F1FF3F08BFB4F1FF3F0246BA
:106EF000204618D000204FF47A7447F6FF730146FD
:106F0000C2FB0431B3F5004F71F100020BD36FF4F3
:106F100000429A4243F6FF728A4126BFD80B40EAEC
:106F200041406FF0004038BD38B5EFF31185402384
:106F300083F31288BFF36F8F0468A04213D0A4B10B
:106F4000C4F8B01022612046FFF722FF04F11800B8
:106F500000F024F82046F7F7DDF9012085F31188C9
:106F6000BFF36F8F38BD0020F8E72046F6E708B57D
:106F70000246F7F79DFD70B1D0E904319B1A61EB31
:106F8000E272B3F1004F72F1000104DA002AACBFE3
:106F90001846002008BD6FF00040FBE738B50246F8
:106FA000EFF31185402383F31288BFF36F8F0368DB
:106FB000CBB1F7F77DFD04461046F7F78BFD0022B5
:106FC0004FF000438442C0E9042306D1F7F778FD6F
:106FD000FFF7CDFF0021F4F765F9002085F3118854
:106FE000BFF36F8F38BD6FF01500F7E708B5F7F7FF
:106FF0007DFE08BDF7F77ABEB3F1FF3F08BFB2F1DF
:10700000FF3F70B506461D46144614D01A4316D0ED
:10701000002B08DBF7F76AFE041941EB0501C6E90E
:107020000041304670BD6FF001031C1B4FF0FF3371
:1070300063EB0501F3E74FF0FF342146EFE700244F
:10704000FBE7B3F1FF3F08BFB2F1FF3FF8B50746DA
:1070500016461C4610D054EA020311D0F7F746FE3C
:10706000B0420A46A14103460AD2F31A64EB020475
:10707000C7E900343846F8BD4FF0FF331C46F7E748
:107080000023FBE70023C0E9081200F11802C0E961
:107090000622C0E9003303634363704710B504461A
:1070A000FFF77CFFA8B9636A0BB12046984704F14B
:1070B0001800FFF7E0FE60B1FFF79CFEEFF31180D0
:1070C000402383F31288BFF36F8FBDE81040F7F7BA
:1070D00089BA10BD2DE9F041846805460E46D4B149
:1070E0006378012B22D114F8533C9A0711D5A4F1EF
:1070F00060073846FFF7D5FE082E0CBF6FF003037C
:107100000023236514F8533CDB0602D13846FFF711
:1071100071FE00232370EB68C3F386321643002010
:1071200066F39433A860EB60BDE8F081022BF0D1E8
:107130002378002BEDD054F8048CB8F1000FE8D080
:1071400004F11400FFF72AFFA4F114070023E362FF
:1071500039464046FFF76CFDDBE738B5EFF31185A4
:10716000402383F31288BFF36F8F0468A04211D0CD
:10717000D4E9003213605A600023C4E9003320468A
:10718000FFF7A8FF85F31188BFF36F8F201E18BF8C
:10719000012038BD0024F5E720B1011F50F8040C90
:1071A000FFF76FBB704700207047704710B504466B
:1071B00008B1F8F783F82046BDE81040F8F76EB83C
:1071C0000346C068E0B15888D0B11B8803F44F4231
:1071D000B2F5824F09D1DBB2272B2AD008D8172B62
:1071E0000FD0222B34D0122B16D06FF085007047B1
:1071F000302B2FD0413B012BF7D8FF2839D100206D
:107200007047C028FBD0E128F9D0B0F5807F0CBFD3
:1072100000206FF08600704720F02003C02BEED0D6
:1072200020F08003B3F5807FE9D040F20923984233
:10723000EDE7E928E3D0EF28E1D040F21B139842B4
:10724000DDD040F299139842D9D040F23B23EEE7CB
:10725000E928F1E720F02003C02BD0D020F0400334
:10726000B3F5807FCBD0B0F5C07FC8D0B0F5007F3C
:10727000CDE7B0F5E07FCAE73AB1002918BF002397
:10728000D21A2121184400F0B0BE70472DE9F04F0A
:1072900089B09B4600238DF81B30159BDDF850808C
:1072A000002B91460B460D460CBF4FF400624FF485
:1072B000806207A9DDE912A7F8F768F90446D0B99A
:1072C000079E0DF11B0231882846F8F7FBF90446AA
:1072D00088B99DF81B30BB421FD8CDE90338CDE9F2
:1072E00001BACDF80090D6E909122B463046F8F7DE
:1072F000B9FD044608B1C8F80070D8F800303A4625
:1073000021465046FFF7B8FF0798F8F78DFD002C8F
:1073100018BF204609B0BDE8F08F6FF08904EAE796
:1073200041F2062398421AD8B0F5905F09D241F293
:10733000010398420CD0B0F5885F09D06FF085004A
:107340007047A0F5905080B26923C340DB07F5D5A4
:1073500011F0070F0CBF00206FF086007047B0F5EA
:10736000105FEBD121F04003802B06D0B1F5807F78
:107370000CBF00206FF0860070470020704770B58A
:10738000446A05460E463CB90120F7F781FF686262
:1073900028B1AE62204670BD6FF08A00FBE76FF047
:1073A0008C00F8E7F8B51E460F4603881546C2B1B3
:1073B00003F4E043B3F5805F02D0B3F5005F10D172
:1073C000089BE90019600088FFF7AAFF044630B95E
:1073D0002A463946304600F0E0FD079B1D602046F6
:1073E000F8BD6FF08504FAE710B50446406A10B1A5
:1073F000A16AFFF7DBFE0020C4E9090010BD38B523
:107400000546FFF7F1FF2B7F012B04460ED0023B10
:10741000012B0ED82B6A012B18BF6FF096042C227B
:107420000021284600F0E1FD204638BD2B6A002BE4
:10743000F2E76FF09604F2E770B50488049E1546F3
:1074400004F4E042B2F5805F19D0B2F5005F16D0C7
:1074500024F4405044F20102904210D004F44F4210
:10746000B2F5824F0BD0B2F5884F08D0B2F58E4FEF
:1074700005D0803C24F0FF04B4F5485F0ED1B5423E
:107480000FD818462A4600F088FD721B00212844B8
:1074900000F0ABFD059B00201D6070BD6FF0850006
:1074A000FBE76FF08900F8E77FB50E461D461446EE
:1074B000BAB100232B60012203A9F8F767F870B96D
:1074C000CDE9004503983346D0E9091200F06BFA84
:1074D00004460398F8F7A8FC002C18BF204604B017
:1074E00070BD6FF08900FAE770B50488049E1546F8
:1074F00004F4E042B2F5804F22D124F4405044F22B
:10750000010290420DD004F44F44B4F5824F08D0EC
:10751000B4F5844F05D0B4F5884F02D0B4F58E4F42
:107520000ED1B5420FD818462A4600F036FD721B20
:107530000021284400F059FD059B00201D6070BD0E
:107540006FF08500FBE76FF08900F8E7F0B50F46B4
:1075500085B01E4615460AB3002333601A4603A9B8
:10756000F8F714F8044638B9039803885B0406D486
:10757000F8F75AFC6FF08604204605B0F0BDCDE95F
:1075800000563B46D0E9091200F018FA0446039869
:10759000F8F74AFC002C08BF0446EDE76FF08904B9
:1075A000EAE710B50368044653B100F070FA00230F
:1075B0002360A38823F4FF7323F00103A38010BD8D
:1075C0001846FCE72DE9FF410C4601689846002368
:1075D000054617460393A9BB4FF4A872083000F084
:1075E00004FDB8F1000F20463B4614BF4FF4806203
:1075F0004FF4006203A9F7F7C9FF044620BB039EBE
:107600002A1D31883846F8F75DF80446E0B96B79F1
:1076100068F300036B710097D6E9092331462846C9
:10762000B8F1000F0BD0F8F735FC044660B90398A9
:10763000F8F7FAFB0446204604B0BDE8F081F8F7FD
:1076400049FCF2E76FF088042846FFF7AAFF039889
:10765000F8F7EAFBEFE70123FFF7B4BF38B504689A
:10766000054664B112B90024204638BD00F0FAF98D
:1076700004460028F7D02846FFF793FFF4E76FF0A1
:107680008804F1E72DE9F0411746026805460E46E9
:10769000984682B14279D2070DD502795AB1BA42E1
:1076A00016D800F0E8F9044638B9A6B92846BDE86E
:1076B000F041FFF776BF6FF088040023C8F8007030
:1076C0002B7146B92846FFF76CFF2046BDE8F081D4
:1076D0006FF08904F1E72146D8F800303A46304689
:1076E000FFF7CAFD2846FFF75CFF002C08BF0446E1
:1076F000EBE71FB501240394089C0294079C0194B6
:10770000069C0094FFF7C2FD04B010BD2DE9F047C0
:1077100088B005469A460023079325F0004323F4DA
:107720007F03B3F1106FDDE91096DDF8488008465D
:1077300017461CD12B464FF4804207A9F7F726FFC6
:107740000446B0B9CDE90368CDE901A907980097CF
:10775000D0E909122B4600F0A2F9044648B907986F
:10776000F8F762FB0446204608B0BDE8F0876FF0EA
:10777000860431464846F8F787F90798C8F800604C
:10778000F8F752FBEFE7034608461B8803F4E04393
:10779000B3F5805F114602D0B3F5005F01D1F8F771
:1077A00073B96FF0850070477FB5002203880A60C7
:1077B000CDE90122428806460D46002A69D002889A
:1077C00002F4E042B2F5804F63D023F0FF03B3F53B
:1077D000E24F02D0B3F5824F04D13046FFF7F0FC00
:1077E0000446D8B902AA01A93046F7F7DBFF0446E0
:1077F000002843D1019B9B6A9BB10199304601F15E
:107800002803D1E9091200F087F80446002839D18D
:1078100001982946F7F72CFF044678BB204604B0B0
:1078200070BD73681B0A22D13088718800F4E04370
:10783000B3F5805F15D0B3F5005F12D020F0FF03E1
:10784000B3F5E24F22D1C0B242280ED10831C908A7
:10785000039103990198FFF792FD04460028CCD0CC
:107860000CE0FFF75DFD044640B90731EFE703A9DF
:10787000304600F04CF804460028EAD00198F7F7AB
:10788000F3FFCBE70198FFF7AFFDF7E76FF0850453
:10789000F4E76FF08604C1E71C22002100F0A5BBCD
:1078A00003466FF040420846591E914207D338B153
:1078B00003F1404393428CBF002001207047012018
:1078C0007047034668B1017F8A1E012A0BD803293D
:1078D000026A03D1012A01D1FFF791BD1AB1013A21
:1078E0001A62002070476FF09600704700207047C2
:1078F000C0B2002814BF6FF0850000207047002040
:107900007047704700221A606FF0860070470023AE
:107910000B606FF0860070472DE9F04147683F0A21
:1079200004460D461646984611D107887F0407D4B1
:107930004346324629462046BDE8F041FFF723BFC3
:1079400000F0DCF810F1860FF2D0BDE8F0816FF0A6
:107950008600FAE72DE9F04F476885B03F0ADDE978
:107960000E9ADDF840B004460D461646984615D1ED
:10797000CDE901ABCDF8009000F0B2F810F1860F20
:107980000ED14346324629462046CDE90FABCDF80D
:10799000389005B0BDE8F04FFFF704BD6FF08600EA
:1079A00005B0BDE8F08F10B44468240A02D110BCC1
:1079B000FFF742BD6FF0860010BC70472DE9F3471A
:1079C00047683F0ADDE90A9A04460D46164698467E
:1079D00011D1CDE9009A00F075F810F1860F0CD1A5
:1079E0004346324629462046CDE90A9A02B0BDE810
:1079F000F047FFF779BD6FF0860002B0BDE8F08771
:107A000013B504464868000A0AD10498009004F1AE
:107A10000800F8F72FFB08B91C23236002B010BD43
:107A20006FF08600FAE710B404681C2C03D110BC78
:107A30000830F8F74BBB6FF0860010BC704738B5C4
:107A400003681C2B0CD100F10804204600F05DF9FE
:107A50004FF4907105462046F7F730FC284638BDB4
:107A60000025FBE703681C2B02D1083000F028B981
:107A70006FF08600704710B404681C2C03D110BC52
:107A8000083000F026B96FF0860010BC704703681C
:107A90001C2B02D1083000F028B90020704710B428
:107AA0004468240A02D110BC00F037B96FF0860098
:107AB00010BC7047F8F764BBF8F792BBF8F7E6BB69
:107AC000F8F728BA10B4048804F44F44B4F5824F90
:107AD00002D110BC00F0A9B96FF0850010BC70474E
:107AE00010B4048804F44F44B4F5824F02D110BCA2
:107AF00000F0CBB96FF0850010BC704710B404885B
:107B000024F0FF04B4F5E24F02D110BC00F010BA2B
:107B10006FF0850010BC7047024612F8103BDB097D
:107B200003EBC303C3EB031312F8011D83EA410304
:107B3000904213704FEA1323F6D170472DE9FF47A7
:107B400005468846144622B3D0F8486100F594777C
:107B500086B9A0444FF010090DF10C0A102CA8EBC7
:107B6000040237D823463946384600F051F9C5F8A3
:107B700048410EE0C6F110094A450FD8B91913461D
:107B80000846424600F044F9D5F848312344C5F888
:107B900048310026304604B0BDE8F087B9F1000F47
:107BA00008D0B91942464B46084600F031F9103E5C
:107BB000C844344403AB1022019300923B4639463B
:107BC0002846FFF730FF06460028C2D02846FFF7B8
:107BD00036FFDFE710233946384600F019F9CDE9C2
:107BE000009A3B46102239462846FFF71CFF0646FE
:107BF0000028EBD1103CB1E72DE9F0439846D0F8CE
:107C00004831102B174685B00446894600F59C7212
:107C100000F594751CD12946284600F0F9F803AB0D
:107C20001022019300922B4629462046FFF7FBFEC7
:107C3000064630B93A462946484600F0AEF9C8F83B
:107C400000702046FFF7FBFE304605B0BDE8F0832C
:107C5000C618104696F8283183F0800386F828313C
:107C6000FFF75AFF10230246D5E7F0B5D5B004461A
:107C70000E46174600214FF4A67201A81D4600F0DB
:107C8000B4F921463B46324601A8F8F76BF90446A1
:107C900080B95A9A294601A8FFF750FF044648B90F
:107CA000DDE95C235B9901A8FFF7A6FF04462046A7
:107CB00055B0F0BD01A8FFF7C2FEF8E7F8F778B9B4
:107CC00090F84C31022B01D1FFF738BF6FF08800DC
:107CD000704710B490F84C41022C02D110BCFFF751
:107CE0008BBF6FF0880010BC704710B590F84C3116
:107CF000022B044607D1FFF7A2FE4FF4A872002121
:107D0000204600F072F9002010BD08B54FF49072C3
:107D1000002100F06AF9002008BD10B4048804F4C2
:107D20004F44B4F5824F02D110BCF8F7C3BA6FF0DC
:107D3000850010BC70472DE9F04F89B005460E460E
:107D40001C4602EB030800F5947A0DF110090F2C84
:107D5000A8EB040704D81CBB002009B0BDE8F08FD5
:107D6000D5F82831002E03F1010303AA4FF0100BC0
:107D7000C5F82831514614BF4B463B460192CDF819
:107D800000B05A462846FFF74EFE0028E5D12EB136
:107D90005B4632464946384600F03AF8103CD6E792
:107DA000D5F828310133C5F82831102203AB0193EF
:107DB00000920DEB020305F594712846FFF733FEA0
:107DC0000028CAD136B12346324604A9384600F00D
:107DD0001FF8C1E7224604A9384600F0DEF8BBE7E9
:107DE00010B58CB030236A460446FFF7A4FF18B9DB
:107DF00069462046F8F790F90CB010BD03460144DF
:107E0000002013F8012B8B4240EA0200F9D17047A1
:107E100030B50B4411F8014B12F8015B994284EA2A
:107E2000050400F8014BF5D130BDF8B50546144600
:107E30006F882D8805F4E04CBCF5804F1846DDE9CD
:107E4000063606D19A421DD800F0A7F8346000200B
:107E5000F8BD47F21212954202D06FF08500F7E7A5
:107E6000640001349C420DD80423B7F5807F346050
:107E70000370F2D10130F8F79BFB0028E7D06FF0D8
:107E80008600E5E76FF08900E2E72DE9F0411F4643
:107E90000388DDF820800E4644F212118B4215460D
:107EA00042882ED047F212118B423BD102B9EA0030
:107EB000B2F5807F36D1202D03D06FF08600BDE86B
:107EC000F08129463046FFF799FF0028F5D030466B
:107ED000F8F75AFB0028F0D1D8F8004034F4807449
:107EE000EBD1069B9D4220D82A463146384600F009
:107EF00054F8079B1D604FF48073C8F8003020468B
:107F0000DDE71AB9EB07D8D56A08D200B2F5807F51
:107F100008D1412DD1D13378042BCED1701CF8F784
:107F20003DFBD7E76FF08500C9E76FF08900C6E732
:107F3000F8B50D46478801881E4647F21213FC1D0E
:107F400099424FEAD40402D06FF08500F8BD944204
:107F500015D821462846F7F797FD0028F6D1214687
:107F60002846FFF74BFF0028F3D0B7F5807FEBD111
:107F70002846F8F709FB0028EBD13460E6E76FF0FC
:107F80008900E3E77047F5F773BD4FF0FF324FF01C
:107F9000FF33F5F7F5BCFEF709BD0A44914200F145
:107FA000FF3300D1704710B511F8014B03F8014FB2
:107FB0009142F9D110BD884210B501EB020402D9FB
:107FC0008442234607D8431EA14208D011F8012B52
:107FD00003F8012FF8E7024401468A4200D110BDA0
:107FE00013F8014D02F8014DF7E7024403469342AE
:107FF00000D1704703F8011BF9E710B501390244BD
:10800000904201D1002005E0037811F8014FA3420E
:1080100001D0181B10BD0130F2E710B56AB101396B
:10802000841810F8012B11F8013F9A4203D1A042A5
:1080300001D0002AF5D1D01A10BD1046FCE710B5CA
:108040000139044632B111F8013F00F8013B013A11
:10805000002BF7D10021FFF7C8FF204610BD10B557
:10806000024601448A42134603D01C780132002C98
:10807000F8D1181A10BD2DE9F047C3F137090746AA
:1080800088465FFA89F903F01F0516464FF0000A8B
:10809000384641462A465346E3F7E0FFD4B2092C5E
:1080A00088BF4C443A46434688BFE4B2AA4204F132
:1080B000300473EB0A0306F8014B07468846E7D203
:1080C0003046BDE8F0872DE9F04F87B00618994695
:1080D00002AB41EB0104009315463046D2E9002380
:1080E0002146DDF844B000F0A9F804AB0093D5E9CF
:1080F0000223074688463046214600F09FF8DDE916
:108100000263841951EB0306049BD5E900014FF08B
:10811000000228BF0122D218059B43F10003381842
:1081200048EB0101B84271EB0801D5E902C134BF47
:108130000120002014EB0C0C46EB010110EB0C00AD
:1081400041F10001A04271EB060C34BF4FF0010C6D
:108150004FF0000CCDE90423A9F1410A1CEB020207
:1081600043F10003CDF800A000F083F8109BC3E9B1
:108170000001129B012BDDE9042329D1D5E902017D
:10818000D5E900C5201A66EB0101674578EB0505C6
:1081900034BF01250025401B61F10001844276EBCC
:1081A000010534BF01250025521BCDF800A063F165
:1081B000000300F05EF8DDE90423CBE90001CDF80F
:1081C00000A02046314600F054F807B0BDE8F08F1B
:1081D00017EB070E48EB080C201946EB0601BE45CD
:1081E0007CEB080834BF01270027C71941F10008BC
:1081F000D5E9000186457CEB010CD5E9021534BFB9
:1082000001200020381A68F1000C401A6CEB0501BF
:1082100092185B41A74278EB060534BF0125002583
:10822000521943F10003874278EB010834BF01255E
:108230000025521BA9F140050095B8E7F0B50F469F
:108240000446A0FB0201A7FB02524919A3FB044507
:1082500042F10002A7FB0373611845F10004D21933
:10826000059E43F10003121943F10003C6E9002300
:10827000F0BDF0B5059CC4F14007C4F1200602FA38
:1082800006F6A4F12005BB4022FA05F53343C4F1FC
:1082900020062B4301FA06F6A4F12005E04021FA5E
:1082A00005F53043BA402843E14010431943F0BD7F
:1082B0002DE9F0410446CD0FC1F30A50C1F313017B
:1082C00054EA0107157140F2FF7607D0B0420CD195
:1082D00045F0080515710020BDE8F081002863D045
:1082E000B0425ED145F00405F4E7002859D10120E1
:1082F000A0F2FF30002B106059DB0C2B59DCC3F1CE
:108300000D05AD00012005F1FF3CA5F12107C5F1E8
:10831000210620FA06F600FA07F700FA0CF03743B8
:10832000061847EB0708D6F1000E68EB480C013E33
:1083300048F1FF38264008EA0108B04277EB080808
:108340000FDBC5F12008B5F1200601FA08F824FA80
:1083500005F545EA08055CBF41FA06F63543ED0729
:1083600003D52018044641EB070104EA0E0401EA94
:108370000C019DF81860123218460D25C6F127062B
:108380004FF0300E04F00F03240944EA017405F1A4
:10839000FF3C0911571EB3B9A8420CDA65463A46AC
:1083A000F0E741F48011A3E704460146A2E7002369
:1083B000DFE70D23DDE782F800E01CF101036546ED
:1083C0003A46DFD188E7092BC8BF9B193033A84252
:1083D0001370B8BF2846F0E7D1E9043293421EBFBC
:1083E0005A1C0A6118707047014800687047000005
:1083F000E0440020C672FE7F01000000C12F010092
:1084000000000000FD2F010000000000000000003F
:10841000E4840200F16702000000000035D701008B
:108420000000000059D7010000000000000000001B
:10843000048502006D96010000000000BDBD010032
:1084400000000000715B020000000000000000005E
:10845000248502000000000044850200F5B0010000
:10846000000000001115010000000000D92D0100DE
:10847000000000000000000064850200A1BE0100B1
:1084800000000000B5DC010000000000000000005A
:10849000C485020000000000A48502000000000066
:1084A0008485020000000000E4850200C133010061
:1084B00000000000ED5A020000000000F75A020020
:1084C0000000000000000000048602000000000020
:1084D0002486020000000000448602000000000024
:1084E0006486020010BF02003495020094880200E6
:1084F000281A0020E0460020A99301000000000097
:1085000000000000C7BF020054950200108802005E
:108510002E1A0020A8470020E19B01000000000067
:108520000000000039BF020000000000F0870200D8
:108530002A1A002034470020919801000000000012
:10854000000000000EC3020090960200B0880200F6
:108550003C1A00209817002031A70100B1570200F3
:108560000000000013C60200000000003C9702005B
:10857000401A002028480020CDB40100000000006F
:1085800000000000A3BF020000000000F887020006
:108590002C1A002000000000B1990100000000002A
:1085A00000000000A4C0020044170020348802002C
:1085B000301A0020B4470020735302006F530200AA
:1085C00000000000D9C20200349602008488020034
:1085D0003A1A00207017002015A4010000000000C6
:1085E00000000000E6C40200DC9602008C88020055
:1085F0003E1A0020BC1700203DA80100000000002A
:1086000000000000CAC102009495020000000000B2
:10861000321A0020A37D0020559F010000000000B9
:108620000000000070C20200DC9502004C880200CD
:10863000341A00200000000005A101000000000025
:108640000000000062C20200049602006888020076
:10865000361A0020000000000DA2010000000000FA
:10866000000000006DC202001C9602006888020033
:10867000381A0020000000000DA2010000000000D8
:10868000000000008B5B0200C55B020000000000E0
:10869000C3310200448502000B57020000000000B5
:1086A000C3310200B447002065CF01000000000084
:1086B000C3310200C0150020DF500200000000009E
:1086C000C331020000000000C331020000000000BE
:1086D000C331020000000000C331020000000000AE
:1086E000C331020000000000C33102003447002003
:1086F0000199010000000000C331020000000000E9
:10870000C331020000000000C3310200000000007D
:10871000C1B1010000000000C331020000000000F0
:10872000C331020000000000C3310200000000005D
:10873000C331020000000000C3310200000000004D
:10874000C33102000000000009A401000000000085
:1087500025BE010000000000C3310200000000003F
:10876000C3310200701700205164020000000000B5
:10877000C331020000000000C3310200000000000D
:10878000C331020000000000C331020000000000FD
:10879000C331020000000000C3310200CDCA010055
:1087A000C55B020000000000C331020000000000B1
:0C87B000C331020000000000C3310200D1
:1087C00058370020408B0020000400006592010013
:1087D0000000000000000000000000000E0000008B
:1087E000000000000ABF02000000000000000000BE
:1087F000399801009197010007500200059B010084
:10880000419A0100859901008B4F02007599010082
:10881000E350020035500200435002005B5002005A
:108820006750020073500200555202008D50020042
:1088300000000000C59D0100000000003D9C0100FB
:108840000000000000000000C9530200000000000A
:10885000000000009354020000000000000000002F
:108860000000000000000000000000000000000008
:1088700015550200D1540200000000000000000065
:108880000000000005A501008155020019AA0100A1
:10889000D558020001940100FB4E02005B4F02001C
:1088A00000000000994E02000000000000000000DF
:1088B0009B5502007DA601008D550200B7570200AE
:1088C000C1550200E95502001F560200335602004E
:1088D00061560200755602003356020051560200DE
:1088E0008956020097560200A5560200DB56020088
:1088F000DF56020005000000B94E0100060000002E
:108900006582010004000000C95C0100D90001007B
:10891000FDFF00000000000000000000000000005B
:108920000000000000000000000000000000000047
:108930000000000000000000000000000000000037
:10894000A172010000000000000000005C93020022
:1089500008000000FC93020007000000A89002003D
:108960000A00000072AF020002000000E6B502003B
:10897000020000004CA902000200000041B2020007
:108980000200000084BE02000200000053A90200A1
:1089900002000000F8B0020002000000EDB9020081
:1089A0000200000059AD0200020000006CAF02009E
:1089B000020000006CBE02000200000072B3020060
:1089C0000200000008A802000200000030C60200F9
:1089D000020000001EC602000200000006A90200FC
:1089E000020000005CBD0200020000009AA102002B
:1089F000020000002BBF0200020000004EA802008F
:108A000002000000BDBF020002000000B8C6020064
:108A100002000000ABA1020002000000D2C102006F
:108A200002000000D5BF020002000000B1C0020039
:108A3000020000000ABF02000200000040C2020063
:108A40000200000075C2020002000000BAA102008C
:108A500002000000BEA10200020000000E9A020007
:108A6000030000005CC602000200000034A7020000
:108A70000200000095A70200020000009DA702006E
:108A80000200000082C6020002000000E4C70200EB
:108A900002000000E6C202000200000009A9020074
:108AA00002000000ACA7020002000000F3C40200B4
:108AB000020000001CC3020002000000A99C02008A
:108AC000030000009BA0020003000000BEA0020003
:108AD000030000000DA0020003000000BC91020092
:108AE000BC440020D5A202000100000004000000E8
:108AF0000F0000000100000008000000200000003E
:108B000064000000740000000D0000000C00000074
:108B10000E0000005000000078000000AC000000D3
:108B2000FFFFFFFFFFFFFFFFFFFFFFFFFFFFFFFF55
:108B300003A90200000000000000000095300100C1
:108B40000D3301000000000004B902000100000024
:108B500000000000A143020000000000000000002F
:108B6000E1B902000100000000000000716C01008A
:108B70000000000000000000D9B902000100000060
:108B800000000000ED6201002971010000000000FA
:108B900064BE02000100000000000000B98E010068
:108BA000498E010000000000E7B90200010000004A
:108BB0000000000069680100496701000000000032
:0C8BC0000000000075080100000000002B
:108BD000010001000001010000010001000001008E
:108BE0000100000001000B0002000A00050009005E
:108BF0000A000800140007001E00060032000500ED
:108C00004B0004006400030096000200FA0001001B
:108C1000F401000002030100F401FA009600640070
:108C20004B0032001E0014000A0005000200010083
:108C30000C0802170D0101020909010106020918B9
:108C40001803010109090303050302012302022499
:108C50000910040405050B0B040B2B1B1B159A9A1A
:108C60001C021D16130501490D150508061B1B0FD7
:108C70000A060601010000FEFEFEFEFEFEFEFEFEEE
:108C8000FEFEFEFEFEFEFEFE16FEFEFEFEFEFEFEEC
:108C9000FEFEFEFE1F1FFEFE26FEFEFEFEFEFEFE8A
:108CA000FEFEFEFEFEFEFEFEFEFEFE3E3EFEFEFE64
:108CB000FE3B3B00A301B103BF05EF024906A30938
:108CC000C505F50B25120E021C045A03B406300626
:108CD000600C0000010000001011004000000000C6
:108CE0000000000000000000000000000406080A68
:108CF0000C0E10121416181C1E20222426282A2CB2
:108D00002E30323436383A3C3E40424446484A4C93
:108D10004E021A5000000000280000001800000059
:108D200000000000141E00003011000000000000D0
:108D300070170000A00F00000000DC05E803000031
:108D400000000000141E00003011000000002CA6DE
:108D5000E0A100003408E80300010302D8ECF0F4BD
:108D6000F8FC0002030405060708000000000000EC
:108D700000000000000000000000000000000101F1
:108D800001010202020203030303040404040505B3
:108D900005050606060809000000000000000000A6
:108DA00000000000000000000000000101010102BD
:108DB0000202020303030304040404050505050677
:108DC000060708090A0B0C0D00100200FA0000004B
:108DD00001030062746C65000000000000000000E8
:108DE0000000000000000000000000000000000083
:108DF0000000000000000000000000000000000073
:108E00000000000000010000000000000000000061
:108E10000338FDD87047000001000000000000008A
:108E20000500000000000000190000000000000024
:108E30007D00000000000000710200000000000042
:108E4000350C000000000000093D0000000000009B
:108E50002D31010000000000E1F5050000000000D8
:108E600065CD1D0000000000F90295000000000023
:108E7000DD0EE90200000000514A8D0E00000000E6
:108E80009573C24800000000E941CC6B010000006E
:108E90008D49FD1A07000000C16FF2862300000013
:108EA000C52EBCA2B1000000D9E9AC2D78030000AA
:108EB0003D9160E45811000031D6E275BC560000C7
:108EC000F52E6E4DAEB10100C9EA26836778080021
:108ED000ED95C28F055A2A00A1EDCCCE1BC2D3005E
:108EE00025A4000A8BCA2204000000000000000034
:108EF0000000000000000010000000000000000062
:108F0000B9340332B7F4AD1410DB1AB30892540E1F
:108F10000D307D951447BA1A66088F4D26ADC66D83
:108F2000F598BF85E2B74511CA96853D92BD1DEB08
:108F3000FCA11860DCEF52163C92AE220BB8C1B413
:108F4000839D2D5B0562DA1C304C7E8F4E8BB25BAD
:108F500016F4529F8B56A512FBD4827643ED8AF00D
:108F60008FE7F9311565191850F19BD94A13EEB402
:108F7000284CF0A686C1251F035FC270CB9E491600
:108F8000E642889C44EB2014B0650836AD6EA5859A
:108F900085F0CA14E2FD031A0B899979D5B13D0910
:108FA000D8DA973A35EBCF10AC363F5E73BB38CF8B
:108FB0003E6752FA44AFBA150100000000000000FD
:108FC0000000000000000020345065C05FC9A652B8
:108FD000BB13CBAEC440C21806C8DF7100D5A87C55
:108FE000F56F0FDA58FC27136E4756357D24206540
:108FF00002C7E768E48CA41DE9E60268D7CD3961B1
:109000007977FCC2405BEF16798CDE43FFA751F9FC
:1090100091F3B278F5BDBE11E857E9D6E8BEE87B1A
:10902000B054AC8F848D751BEA23A499E9F9D38BD6
:10903000B7A3714061DA3E15CEE33ECB73F9480821
:109040008C97B427D51B7010A2BFEFB9EB853215F2
:109050004DB44DB49BBB6F1996B6076CF8E7EEADF7
:1090600036D9B4F59135AE13222218AF4E6A684D49
:1090700091DAAA3D4F40741E9FBD9EE006A1C098A4
:1090800057C2A7FDA40E90170E7D497173E3208F80
:10909000B220D87605143B12853D7434811343B059
:1090A000AD297A5F27F4351C6499020067450200F8
:1090B00000000000909C0200000001006099020086
:1090C0002947020000000000881500200000010070
:1090D0006E9C02007B2002000000000075570020FB
:1090E000000001005C99020039450200116A01008C
:1090F0007015002000000300589902002947020063
:109100000000000068150020000001004C9C0200D7
:109110000000000025010100000000000000020026
:109120005499020029470200000000006015002049
:10913000000001002A9C020000000000B9FF0000AE
:1091400000000000000002005099020029470200C0
:10915000000000005815002000000100089C0200DB
:109160000000000061FF000000000000000002009D
:10917000E02E0020000100000F2F0200B12E02009F
:1091800002000000BF3002000000000000000000EC
:109190000000000000000000B5A20200BDA2020015
:1091A000000000000000000000000000C5A2020056
:1091B000C9A20200CDA20200D1A20200711F0100CB
:1091C000651F0100951F01004D1F010000000000F8
:1091D000591F010000000000F11F0100C4440020DD
:1091E000CF7A002010000000C01000200000000016
:1091F00000000B0602000000FC91020000000000CD
:1092000081A70200240002020000002089A70200BA
:109210001E000B11B0150020652E0100000000009B
:109220004D32020018920200349202004A000000FF
:1092300000000000B0AE0020189202004892020028
:109240002E0000000000000078B3002018920200F9
:109250005C92020002010000000000004CB40020FB
:109260001892020070920200470000000000000007
:1092700068B50020C0B10200CDB10200EDB102001E
:10928000E1B10200F8B102000FB202001FB2020009
:1092900006B5020033B2020018920200A892020042
:1092A000000000000000000088B6002018920200B4
:1092B000BC9202004A00000000000000B0B600208E
:1092C000233A0200633A02000000000000000000A0
:1092D0000000000009500100000000000000000034
:1092E0000000000000000000020201001B4102001B
:1092F000040401005D5C0100060601009D5B0100A5
:1093000008040100895A01000A0201000341020019
:109310000C040100EB4002000E0401005D59010045
:1093200020040100C158010010040100D1570100C0
:1093300012020100BB3F02001E000400774202003F
:1093400052020000E13F020018920200589302000E
:109350004C0000000000000008B8002094990200B2
:109360006745020000000000909902000000010023
:109370008C9902002947020000000000D816002046
:1093800000000100849902000000000000000000BD
:109390000000000000000000809902003945020032
:1093A000116A0100E0160020000003007C99020011
:1093B0002947020000000000D01600200000010034
:1093C000749902009F4502008D6B010000000000AF
:1093D000000003007099020029470200000000000D
:1093E000C816002000000100689902003D700100CD
:1093F000000000000000000000000100C099020011
:109400006745020000000000BC9902000000010056
:10941000B899020029470200000000000817002048
:1094200000000100B0990200CF45020000000000DA
:109430000000000000000100AC9902002947020072
:10944000000000000017002000000100A4990200A5
:10945000F9450200000000000000000000000100CB
:10946000A09902002947020000000000F816002021
:109470000000010098990200BD6601000000000094
:109480000000000000000100E1810100D14C020059
:10949000398C010000000000000000002589010057
:1094A00000000000000000000000000000000000BC
:1094B00000000000000000007D83010006000000A5
:1094C000794B020006000000597F010010000000E7
:1094D000CD7B010010000000D98B010001000000CD
:1094E000AB49020010000000754B02000A000000AA
:1094F0008982010010000000098A010007000000B5
:109500007D4B020010000000754A020001000000BF
:109510002D81010040000000194B020010000000E6
:10952000954A020001000000659301003593010097
:1095300000000000DD9401005D9401001FBF0200E7
:109540003D940100814F020025BF0200040000008D
:1095500000FF0000FFFFFFFF00000050C0150020CB
:109560000000000000000000004000407495020070
:10957000020000008C9502000200000084950200A9
:10958000020100000880000C0C80000B0800000C99
:109590000C00000B3200000004000000AC9502003B
:1095A00010380020DD9E010000000000048502004C
:1095B0001A0011000B000000048502000E001100CB
:1095C00002000000048502000F00110003000000EB
:1095D00004850200100011000400000004000000D7
:1095E000E4950200048502001100010004850200D8
:1095F000120001000485020013000100048502002E
:1096000014000100010000000C960200C485020055
:109610000000000090D0030048E8000001000000B6
:1096200024960200C485020000000000002D3101D4
:109630000100000000000000000000000000000029
:10964000000000000000000000040000E803020128
:10965000010100006C570020040000000000000021
:10966000000000006C9602000024F40000C00140DD
:1096700078960200020000008C96020001000000B3
:1096800088960200010100001B8000161B000116D5
:10969000002000400100000000000000B096020021
:1096A0000000D60100000000A47D0020A37D002062
:1096B00000200040BC96020002000000D496020088
:1096C00002000000CC960200020100000D800000A4
:1096D000128000010D000000120000010030024065
:1096E00000000000000000FF00FF0000000000007C
:1096F00000000001010000004D5802000897020020
:1097000000000000FFFFFFFF00300240149702003E
:10971000020000002C9702000200000024970200C3
:1097200002010000098000040A800005090000040D
:109730000A0000050485020016000100F9B30100CB
:10974000D1590200FF59020090C702009EC70200D3
:10975000B2C70200C1C70200CDC70200FC830200ED
:10976000FC8302005C84020064840200E484020042
:10977000E4840200E7C702000001000000000000CE
:10978000512563FCC2CAB9F3849E17A7ADFAE6BCA3
:10979000FFFFFFFFFFFFFFFF00000000FFFFFFFFD5
:1097A000AAAAAAAAAAAAAAAAAAAAAAAA555555556D
:1097B00055555555555555550000000055555555AD
:1097C000522563FCC2CAB9F3849E17A7ADFAE6BC62
:1097D000FFFFFFFFFFFFFFFF00000000FFFFFFFF95
:1097E000512563FCC2CAB9F3849E17A7ADFAE6BC43
:1097F000FFFFFFFFFFFFFFFF00000000FFFFFFFF75
:1098000096C298D84539A1F4A033EB2D817D03771A
:10981000F240A463E5E6BCF847422CE1F2D1176BB5
:10982000F551BF376840B6CBCE5E316B5733CE2B88
:10983000169E0F7C4AEBE78E9B7F1AFEE242E34FB7
:109840004B60D2273E3CCE3BF6B053CCB0061D65F4
:10985000BC86987655BDEBB3E7933AAAD835C65A7D
:10986000FCFFFFFFFFFFFFFFFFFFFFFF0000000007
:10987000000000000000000001000000FFFFFFFFEB
:10988000647261676F6F6E2F6C6962732F736368A8
:1098900065642F7372632F73636865645F68616CBE
:1098A0005F7274632E63000000000000000000007F
:1098B00000000000000000000000004095596959B8
:1098C00055555455155555560405154110545540D8
:1098D0004551554440455044505555450040004081
:1098E00040044496655556554540455451411540F0
:1098F0005591555555554051050100005445545456
:1099000045550504001004101404400000000140F7
:10991000555515415404000044000100000000406A
:10992000410000445044455054005555545565512C
:109930000040004001000001000501001154515198
:109940005455550500000000000000000000000014
:10995000000003280000032800000328000002295B
:10996000000003280000002800002A2B00002A2BFA
:10997000000003280000292B0000292B00000328E9
:10998000000002290000052A0000052A0000032823
:1099900000000118000000280000042A0000042A2A
:1099A000000003280000012A0000012A000003280B
:1099B0000000002A0000002A000003280000001810
:1099C00000000028456E726F6C6C6D656E742074BB
:1099D0007269676765726564212053746172746986
:1099E0006E6720696E2031207365636F6E642E2E62
:1099F0002E0057616C6C4E657420426F6F74696EF7
:109A0000672E2E2E00476F742068657265006D61A9
:109A1000696E5F61707000436865636B73756D207C
:109A20006661696C656420666F7220666C61673A76
:109A30002030782530325800556E6B6E6F776E206F
:109A4000666C616720726563656976656420666F20
:109A5000722062757A7A657220636F6E74726F6CB1
:109A60003A20307825303258005265636569766552
:109A70006420777269746520746F2077616C6C65FF
:109A800074207061636B65742063686172616374D4
:109A9000657269737469632E2044617461206C651A
:109AA0006E6774683A2025640A0030782530325891
:109AB0002028272563272900446973636F6E6E652C
:109AC000637465642066726F6D2050686F6E6520E8
:109AD00028726561736F6E20307825303278292EB8
:109AE000006770732F6C6173745F666978004661FC
:109AF000696C656420746F207361766520475053EC
:109B000020746F204E564D2028256429005361761D
:109B10006564204C617374204B6E6F776E204750E4
:109B20005320746F204E564D2E004669656C64209C
:109B30006F766572666C6F77202D2043616E6E6F55
:109B40007420617070656E6420256420627974658C
:109B5000732E00436F6E6E656374656420746F20AE
:109B600050686F6E6500436F6E6E656374696F6EEB
:109B7000206661696C6564202865727220307825E2
:109B800030327829004E65772057616C6C657420FF
:109B90005061636B65742E20456E746572696E67E3
:109BA00020424C452053796E632053746174652EB6
:109BB0002E2E00466F756E6420737461727420627D
:109BC000797465005061727365642043617264202A
:109BD00025643A20257320257320282E2E2E2573E8
:109BE0002900656E61626C65640064697361626C12
:109BF000656400475053206E6F74696669636174D1
:109C0000696F6E732025730002F5DEBC9A785634B6
:109C100012785634127856341202F5DEBC9A785611
:109C20003412785634127856341202F4DEBC9A7824
:109C3000563412785634127856341202F4DEBC9A36
:109C400078563412785634127856341202F3DEBC49
:109C50009A78563412785634127856341202F3DE5B
:109C6000BC9A78563412785634127856341202F16F
:109C7000DEBC9A7856341278563412785634120272
:109C8000F1DEBC9A78563412785634127856341273
:109C900002F0DEBC9A785634127856341278563474
:109CA0001257616C6C4E65740077616C6C6E6574F4
:109CB0005F626C65002573202573000A5B452D49A2
:109CC0004E4B5D20536574757020312F323A205011
:109CD0007265737320627574746F6E20746F206583
:109CE0006E726F6C6C2046696E6765727072696E19
:109CF000742E00507265737320627574746F6E20D9
:109D0000746F20656E726F6C6C2046696E67657249
:109D10007072696E74000A5B452D494E4B5D20459B
:109D20006E726F6C6C696E672046696E67657270E3
:109D300072696E742E2E2E000A5B452D494E4B5DC6
:109D40002052617069646C7920706C616365206673
:109D5000696E676572206F6E2073656E736F722017
:109D600074687265652074696D65732E2E2E0050BF
:109D70006C6163652066696E676572206F6E207323
:109D8000656E736F72203378000A5B452D494E4B28
:109D90005D20536574757020322F323A2050726501
:109DA000737320627574746F6E20746F20626567C0
:109DB000696E20426C7565746F6F7468207061699C
:109DC00072696E672E0050726573732062757474C9
:109DD0006F6E20746F20626567696E20426C7565D6
:109DE000746F6F74682070616972696E67000A5BD6
:109DF000452D494E4B5D2050616972696E67204D5B
:109E00006F64653A204F70656E2041707020746FEA
:109E100020436F6E6E6563742E2E2E0070656E206B
:109E200041707020746F20436F6E6E656374000A1A
:109E30005B452D494E4B5D2053796E63696E6720FB
:109E4000436172647320776974682050686F6E652F
:109E50002E2E2E20506C6561736520576169742E1B
:109E60000053796E63696E67204361726473207773
:109E70006974682050686F6E6520506C6561736509
:109E80002057616974000A5B452D494E4B5D204E99
:109E90006F2043617264732053617665642E004EB7
:109EA0006F204361726473205361766564000A5BBE
:109EB000452D494E4B5D20446973706C6179696E24
:109EC0006720436172642025642F25643A2025733E
:109ED00020257320282E2E2E257329000A5B452D60
:109EE000494E4B5D205452414E534D495454494EB6
:109EF000473A202573202573202D20282E2E2E252D
:109F00007329005472616E736D697474696E672091
:109F1000436172642044617461000A5B452D494EBF
:109F20004B5D2021212120464143544F525920525C
:109F30004553455420494E495449415445442021F4
:109F40002121000A5B452D494E4B5D20416C6C2060
:109F5000646174612077697065642E205265626F58
:109F60006F74696E672E2E2E005265736574746966
:109F70006E6700486F6C6420646574656374656423
:109F80002028256C6C64206D73292E20456E746525
:109F900072696E672046696E6765727072696E7469
:109FA00020456E726F6C6C6D656E742E00456E741C
:109FB0006572696E67204164646974696F6E616C73
:109FC00020456E726F6C6C6D656E74204D6F6465AC
:109FD0002E00486F6C64206465746563746564204A
:109FE0006275742073797374656D206973206E6F68
:109FF0007420696E204C4F434B4544207374617448
:10A00000652E2049676E6F72696E672E0077616CEE
:10A010006C6E65745F75690047505320737461728C
:10A020007420726571756573746564206265666F0E
:10A03000726520696E69743B2069676E6F72696E24
:10A04000672E005374617274696E67204750532005
:10A05000547261636B696E672E00475053207374AE
:10A060006F702072657175657374656420626566D2
:10A070006F726520696E69743B2069676E6F7269E3
:10A080006E672E0053746F7070696E67204750536F
:10A0900020547261636B696E672E0077616C6C6E21
:10A0A00065745F6770730042757A7A6572204F4EEF
:10A0B0000A0042757A7A6572204F46460A00776137
:10A0C0006C6C6E65745F72666964005350492062FF
:10A0D0007573206E6F742072656164790A00535045
:10A0E00049207472616E73666572206661696C6581
:10A0F000643A2025640A0028756E7369676E65648A
:10A10000292063686172202A207573656420666F58
:10A11000722025257020617267756D656E742E2022
:10A1200049742773207265636F6D6D656E64656435
:10A1300020746F206361737420697420746F2076BB
:10A140006F6964202A206265636175736520697494
:10A15000206D6179206361757365206D6973626537
:10A16000686176696F7220696E20636572746169D7
:10A170006E20636F6E66696775726174696F6E7366
:10A180002E20537472696E673A2225732220617201
:10A1900067756D656E743A25640063627072696EEE
:10A1A00074665F7061636B6167650066735F6E768E
:10A1B00073006C6F6767696E67006C6F67006C6F28
:10A1C000675F6D676D74004D657373616765202807
:10A1D00022257322292064726F7070656420626585
:10A1E0006361757365206974206578636565647360
:10A1F0002073697A65206C696D69746174696F6E2A
:10A200002028257529004D65737361676520647288
:10A210006F70706564206265636175736520697431
:10A2200020657863656564732073697A65206C695D
:10A230006D69746174696F6E2028257529000D0A97
:10A24000001B5B306D00257320005B2530386C757A
:10A250005D20005B253032753A253032753A253065
:10A2600032752E253033752C253033755D20002551
:10A27000732F003C25733E200025733A20002530C3
:10A2800032782000202020007C00256300206D65AE
:10A290007373616765732064726F70706564202DDD
:10A2A0002D2D0D0A1B5B306D001B5B313B33316D77
:10A2B0002D2D2D20001B5B313B33316D001B5B319D
:10A2C0003B33336D006572720077726E00696E66A3
:10A2D00000646267006C6F675F6261636B656E64E8
:10A2E0005F727474002A2A2A20426F6F74696E6745
:10A2F000206E524620436F6E6E6563742053444B4C
:10A300002076332E322E322D3734383435653136BF
:10A3100039626532202A2A2A0A002A2A2A205573FD
:10A32000696E67205A6570687972204F53207634C1
:10A330002E322E39392D666534663031303638305C
:10A340003365202A2A2A0A0072302F61313A2020F0
:10A35000307825303878202072312F61323A202031
:10A36000307825303878202072322F61333A20201F
:10A370003078253038780072332F61343A2020301D
:10A380007825303878207231322F69703A202030A9
:10A390007825303878207231342F6C723A20203092
:10A3A00078253038780020787073723A2020307821
:10A3B00025303878004661756C74696E6720696E67
:10A3C000737472756374696F6E206164647265730F
:10A3D0007320287231352F7063293A203078253068
:10A3E000387800556E68616E646C6564204952511E
:10A3F0006E3A202564002A2A2A2A2A204255532010
:10A400004641554C54202A2A2A2A2A0020205374D7
:10A4100061636B696E67206572726F7200202055F0
:10A420006E737461636B696E67206572726F720020
:10A4300020205072656369736520646174612062D5
:10A440007573206572726F7200202042464152205F
:10A45000416464726573733A203078257800202057
:10A46000496D70726563697365206461746120620F
:10A470007573206572726F72002020496E7374725A
:10A48000756374696F6E20627573206572726F7286
:10A49000002020466C6F6174696E672D706F696E65
:10A4A00074206C617A7920737461746520707265B0
:10A4B000736572766174696F6E206572726F720077
:10A4C0002A2A2A2A2A205553414745204641554CDD
:10A4D00054202A2A2A2A2A0020204469766973698E
:10A4E0006F6E206279207A65726F002020556E6150
:10A4F0006C69676E6564206D656D6F72792061634C
:10A50000636573730020204E6F20636F70726F63FA
:10A510006573736F7220696E737472756374696F9B
:10A520006E73002020496C6C6567616C206C6F61F4
:10A5300064206F66204558435F52455455524E2063
:10A54000696E746F205043002020496C6C65676110
:10A550006C20757365206F662074686520455053C4
:10A5600052002020417474656D707420746F2065F2
:10A5700078656375746520756E646566696E65647B
:10A5800020696E737472756374696F6E002A2A2A6B
:10A590002A2A204D5055204641554C54202A2A2A1B
:10A5A0002A2A002020537461636B696E67206572EC
:10A5B000726F722028636F6E7465787420617265A3
:10A5C00061206D69676874206265206E6F74207603
:10A5D000616C6964290020204461746120416363D7
:10A5E0006573732056696F6C6174696F6E0020200B
:10A5F0004D4D46415220416464726573733A203078
:10A60000782578002020496E737472756374696FC1
:10A610006E204163636573732056696F6C61746962
:10A620006F6E005265736572766564204578636568
:10A630007074696F6E20280053707572696F75733E
:10A6400020696E74657272757074202849525120A9
:10A6500000535053454C20696E20746872656164E4
:10A66000206D6F646520646F6573206E6F74206960
:10A670006E64696361746520505350002A2A2A2A47
:10A680002A2048415244204641554C54202A2A2A27
:10A690002A2A002020427573206661756C74206F31
:10A6A0006E20766563746F72207461626C652072CF
:10A6B0006561640020204465627567206576656E7B
:10A6C000740020204661756C7420657363616C6151
:10A6D00074696F6E20287365652062656C6F7729D9
:10A6E00000415243485F45584345505420776974B0
:10A6F0006820726561736F6E2025780A002A2A2A05
:10A700002A2A204465627567206D6F6E69746F72C6
:10A7100020657863657074696F6E202A2A2A2A2A58
:10A72000002A2A2A2A2A20257320256429202A2A59
:10A730002A2A2A006D7075004661696C6564207470
:10A740006F20616C6C6F63617465206E6577204D5E
:10A75000505520726567696F6E2025750A0050613B
:10A7600072746974696F6E2025753A2073616E6921
:10A77000747920636865636B206661696C65642E1B
:10A7800000464C4153485F30005352414D5F30000A
:10A7900065786974006E65745F627566006E6574D5
:10A7A0005F6275665F73696D706C6500736F6300DF
:10A7B00000000000000000FFFFFFFFFFFF0000009F
:10A7C0000000007075626C69630072616E646F6D89
:10A7D000007075626C69632D69640072616E646FEC
:10A7E0006D2D696400253032583A253032583A25AB
:10A7F0003032583A253032583A253032583A2530DE
:10A80000325820282573290062745F7270610049F4
:10A810006E73756666696369656E74206E756D62C8
:10A820006572206F6620617267756D656E74730066
:10A8300049676E6F72696E67206964656E746974CA
:10A840006965732073746F72656420696E20666C2D
:10A8500061736800496E76616C6964206C656E672F
:10A860007468204944206164647265737320696E62
:10A870002073746F726167650062742F25732F25D2
:10A8800030327825303278253032782530327825CC
:10A890003032782530327825752F25730062742F79
:10A8A00025732F25303278253032782530327825BF
:10A8B0003032782530327825303278257500627450
:10A8C0002F2573004661696C656420746F20736185
:10A8D0007665204944202865727220256429005538
:10A8E0006E61626C6520746F207365747570206191
:10A8F0006E206964656E7469747920616464726540
:10A9000073730062740062745F73657474696E6758
:10A9100073004254204C572057510002FB349B5F78
:10A920008000008000100000000000000104000210
:10A930000000000200000000000000050000000010
:10A9400000000000000000000000000562745F626B
:10A9500075660062745F64617461004E6F2070659B
:10A960006E64696E67207065726970686572616C8B
:10A9700020636F6E6E656374696F6E00556E6578E7
:10A9800070656374656420737461747573203078C6
:10A9900025303278202573004E6F20636F6D6D6116
:10A9A0006E642073656E7420666F7220636D642020
:10A9B000636F6D706C657465203078253034780075
:10A9C0004F70436F64652030782530347820636F92
:10A9D0006D706C6574656420696E73746561642064
:10A9E0006F66206578706563746564203078253003
:10A9F000347800496E76616C69642048434920656B
:10AA000076656E742073697A65202825752900495A
:10AA10006E76616C6964204C45206D6574612065BB
:10AA200076656E742073697A65202825752900572C
:10AA30004553545F544F504449522F7A657068799A
:10AA4000722F7375627379732F626C7565746F6F93
:10AA500074682F686F73742F6863695F636F7265C2
:10AA60002E63006576745F666C616773202620280C
:10AA700031554C203C3C2028302929004153534576
:10AA80005254494F4E204641494C205B25735D206E
:10AA9000402025733A25640A00496E76616C69642A
:10AAA00020627566207479706520257500556E6189
:10AAB000626C6520746F2073656E6420746F20640F
:10AAC00072697665722028657272202564290055A6
:10AAD0006E636C65617265642070656E64696E6733
:10AAE0002073656E745F636D640073756363657373
:10AAF000730009636F6D6D616E64206F70636F64C6
:10AB000065203078253034782074696D656F7574F0
:10AB10000A00657272203D3D20300009436F6E745B
:10AB2000726F6C6C657220756E726573706F6E7388
:10AB30006976652C20636F6D6D616E64206F706344
:10AB40006F6465203078253034782074696D656FC6
:10AB500075742077697468206572722025640A0014
:10AB60006F70636F6465203078253034782073749B
:10AB70006174757320307825303278202573004653
:10AB800061696C656420746F207265616420444C57
:10AB900045206D61782064617461206C656E00747D
:10ABA000785F6F637465747320657863656564733B
:10ABB000207468652076616C69642072616E6765D7
:10ABC0002025750074785F74696D6520657863650C
:10ABD000656473207468652076616C6964207261B5
:10ABE0006E6765202575004E6F6E2D4C45206361A4
:10ABF0007061626C6520636F6E74726F6C6C6572ED
:10AC000020646574656374656421004E756D206F02
:10AC10006620436F6E74726F6C6C6572277320418F
:10AC2000434C207061636B65747320213D20414368
:10AC30004C2062745F636F6E6E5F747820636F6E1A
:10AC400074657874732028257520213D2025752989
:10AC50000041434C2042522F4544522062756666A3
:10AC6000657273206E6F7420696E697469616C69B6
:10AC70007A65640056656E646F72204843492065AA
:10AC80007874656E73696F6E73206E6F7420617671
:10AC900061696C61626C65004661696C6564207411
:10ACA0006F207265616420737570706F7274656473
:10ACB0002076656E646F7220636F6D6D616E647374
:10ACC000004661696C656420746F20726561642060
:10ACD000737570706F727465642076656E646F72E0
:10ACE00020666561747572657300000909090901C0
:10ACF00002090909090909090909090907090909CD
:10AD000009090609090909090909090909090909B6
:10AD100009090905312E306200312E3100312E3201
:10AD200000322E3000322E3100332E3000342E30DF
:10AD300000342E3100342E3200352E3000352E31C5
:10AD400000352E3200352E3300352E3400362E30AD
:10AD500000362E3100362E320062745F6863695F00
:10AD6000636F7265004661696C656420746F20646E
:10AD7000697361626C6520616464726573732072CB
:10AD800065736F6C7574696F6E005265736F6C7666
:10AD9000696E67206C6973742073697A65206578C1
:10ADA0006365656465642E20537769746368696EB2
:10ADB0006720746F20686F73742E004661696C653C
:10ADC0006420746F20636C656172207265736F6CB0
:10ADD0007574696F6E206C697374004661696C6587
:10ADE0006420746F206164642049524B20746F208A
:10ADF000636F6E74726F6C6C657200536574207053
:10AE0000726976616379206D6F646520636F6D6D23
:10AE1000616E64206973206E6F7420737570706F3B
:10AE200072746564004661696C656420746F207398
:10AE300065742070726976616379206D6F64650056
:10AE400044697361626C696E6720616464726573E2
:10AE500073207265736F6C7574696F6E20666169BB
:10AE60006C6564202865727220256429004661693A
:10AE70006C656420746F2072656D6F766520495231
:10AE80004B2066726F6D20636F6E74726F6C6C65B1
:10AE900072004F6E6C792072616E646F6D207374F6
:10AEA00061746963206964656E7469747920616492
:10AEB000647265737320737570706F72746564006B
:10AEC000496E76616C696420696E7075742070617A
:10AED00072616D6574657273004661696C656420AA
:10AEE000746F2072656164207075626C69632061A3
:10AEF0006464726573730052656164205374617495
:10AF000069632041646472657373657320636F6D58
:10AF10006D616E64206E6F7420617661696C616230
:10AF20006C65004661696C656420746F20726561B0
:10AF300064207374617469632061646472657373FF
:10AF40006573004E6F20737461746963206164647B
:10AF50007265737365732073746F72656420696EB4
:10AF600020636F6E74726F6C6C65720062745F69DF
:10AF7000640062745F616476004661696C65642098
:10AF8000746F2067656E6572617465204543432068
:10AF90006B6579202564004661696C656420746F77
:10AFA000206578706F727420454343207075626C21
:10AFB0006963206B6579202564004661696C65646E
:10AFC00020746F206578706F727420454343207041
:10AFD000726976617465206B65792025640046612D
:10AFE000696C656420746F2064657374726F792076
:10AFF000454343206B657920494420256400466120
:10B00000696C656420746F20696D706F7274207450
:10B0100068652070726976617465206B6579206659
:10B020006F72206B65792061677265656D656E74FE
:10B0300020256400526177206B6579206167726515
:10B04000656D656E74206661696C656420256400B9
:10B050004661696C656420746F2064657374726FF7
:10B060007920746865206B657920256400707361B0
:10B070005F696D706F72745F6B65792829207265E6
:10B080007475726E656420737461747573202564C1
:10B09000004275737920706572666F726D696E67B4
:10B0A00020616E6F746865722045434448206F705C
:10B0B00065726174696F6E00E69D350E480103CCC0
:10B0C000DBFDF4AC1191F4EFB9A5F9E9A7832C5E8F
:10B0D0002CBE97F2D203B0208BD28915D08E1C746F
:10B0E0002430ED8FC24563765C15525ABF9A3263A5
:10B0F0006DEB2A65499C80DC62745F6563630028A0
:10B10000756E6B6E6F776E29006E6F207472616E54
:10B11000736974696F6E20257300496E76616C697E
:10B12000642028257529206F6C6420737461746510
:10B1300000636F6E6E202570206661696C65642007
:10B14000746F2065737461626C6973682E20524657
:10B15000206E6F6973653F006E6F2076616C696465
:10B160002028257529207374617465207761732008
:10B170007365740054696D656F75742064697363D9
:10B1800061726465642E204E6F20626C6F636B6920
:10B190006E6720696E2073797377712E0046617433
:10B1A000616C206572726F7220282564292E2044FC
:10B1B0006973636F6E6E656374696E6720257000D6
:10B1C000646973636F6E6E6563746564006469734C
:10B1D000636F6E6E6563742D636F6D706C657465FF
:10B1E000007363616E2D6265666F72652D696E69AD
:10B1F00074696174696E6700696E69746961746904
:10B200006E672D66696C7465722D6C69737400616C
:10B2100064762D636F6E6E65637461626C65006148
:10B2200064762D6469722D636F6E6E6563746162FE
:10B230006C6500646973636F6E6E656374696E67D5
:10B240000062745F636F6E6E00556E61626C6520A4
:10B25000746F20616C6C6F636174652062756666E3
:10B26000657220666F72206F7020307825303278DA
:10B27000004E6F20617661696C61626C65204C32B2
:10B2800043415020636F6E7465787420666F72203E
:10B29000636F6E6E20257000457870656374696E0B
:10B2A0006720757020746F20256420726566732C8A
:10B2B00020676F74202564004C32434150206C6538
:10B2C0006E677468206D69736D61746368202825EA
:10B2D0007520213D2025752900496E76616C6964D1
:10B2E000206964656E742076616C756520696E20D6
:10B2F0004C324341502050445500496E76616C6990
:10B3000064204C4520636F6E6E20706172616D2009
:10B310007273702073697A652028257520213D207D
:10B32000257A75290052656A656374696E672075B0
:10B330006E6B6E6F776E204C3243415020504455F7
:10B3400020636F64652030782530327800546F6F49
:10B3500020736D616C6C204C3243415020736967DF
:10B360006E616C696E672050445500636F6E66694C
:10B37000670062745F6C32636170004154542063F3
:10B3800068616E6E656C206E6F7420636F6E6E65A3
:10B3900063746564004572726F72207369676E69C9
:10B3A0006E6720646174610052616E206F75742055
:10B3B0006F662054582062756666657273206F72DE
:10B3C00020636F6E74657874732E00556E61626CC5
:10B3D0006520746F206372656174652065727220E8
:10B3E0007273702050445500415454204D545520E0
:10B3F00065786365656465642C206D6178202575CA
:10B400002C2077616E74656420257A7500556E6115
:10B41000626C6520746F206372656174652072735D
:10B42000702050445500546F6F20736D616C6C2018
:10B4300041545420504455207265636569766564B3
:10B4400000556E68616E646C6564204154542063DD
:10B450006F64652030782530327800496E76616CF3
:10B460006964206C656E20257520666F7220636F9D
:10B4700064652030782530327800556E61626C65E5
:10B4800020746F2063726561746520555549443A94
:10B490002073697A6520257500556E61626C6520A0
:10B4A000746F2063726561746520555549443A2074
:10B4B00073697A65202564004E6F20617661696C3E
:10B4C00061626C652041545420636F6E74657874BA
:10B4D00020666F7220636F6E6E202570004E6F20A5
:10B4E000617661696C61626C6520415454206368C7
:10B4F000616E6E656C20666F7220636F6E6E2025C4
:10B5000070004E6F7420636F6E6E656374656400C7
:10B51000556E61626C6520746F2066696E642041AF
:10B520005454206368616E6E656C00476F742065CB
:10B5300072722025642C206E6F742063616C6C69BC
:10B540006E6720415454206362004E6F2041545472
:10B55000206368616E6E656C20666F72204D545575
:10B5600020257A75004E6F2070656E64696E6720C5
:10B57000415454207265717565737400556E616233
:10B580006C6520746F2063726561746520726574E8
:10B590007279205044552028257529004469736329
:10B5A0006F6E6E656374696E67206661696C656451
:10B5B0002028657272202564290041545420546962
:10B5C0006D656F757420666F72206465766963655A
:10B5D0002025732E20446973636F6E6E65637469F2
:10B5E0006E672E2E2E0062745F61747400434D41AD
:10B5F0004320757064617465206661696C656420C0
:10B600002564004661696C656420746F206465631D
:10B610006F64652076616C756520286572722025DF
:10B620007A6429004661696C656420746F207361D7
:10B630007665204461746162617365204861736856
:10B64000202865727220256429006661696C656432
:10B6500020746F2073746F726520534320286572C5
:10B66000722025642900756E61626C6520746F20FC
:10B67000736176652053433A206E6F2063666720BE
:10B680006C65667400546F6F206D616E7920436C39
:10B6900069656E7420436861726163746572697371
:10B6A00074696320436F6E66696775726174696F50
:10B6B0006E2E2053656520434F4E4649475F4254E6
:10B6C0005F53455454494E47535F4343435F53547C
:10B6D0004F52455F4D41580A00496E76616C69646E
:10B6E000206B6579006661696C656420746F206405
:10B6F000656C65746520534320286572722025644B
:10B7000029004661696C656420746F20636C656113
:10B7100072205343202564004661696C656420747F
:10B720006F2073746F726520436C69656E74204678
:10B7300065617475726573202865727220256429AD
:10B7400000556E61626C6520746F206465636F6480
:10B7500065206164647265737320257300496E7699
:10B76000616C6964206C6F63616C206964656E74E0
:10B7700069747920256C7500556E61626C65207462
:10B780006F20726573746F72652053433A206E6F39
:10B7900020636667206C656674004E6F207370616D
:10B7A000636520746F2073746F7265204343432078
:10B7B000636667004E6F20737061636520746F204D
:10B7C00073746F726520436C69656E742053757075
:10B7D000706F72746564204665617475726573007C
:10B7E000556E61626C6520746F20726573746F7240
:10B7F000652043463A206E6F20636667206C65665D
:10B8000074004368616E67652D61776172652073AE
:10B810007461747573206E6F7420666F756E64202A
:10B82000696E2073657474696E67732C2064656635
:10B8300061756C74696E67207065657220737461E0
:10B8400074757320746F206368616E67652D756E03
:10B8500061776172650052656164206261636B208B
:10B86000626164206368616E67652D6177617265EE
:10B870002076616C75653A20307825782C206465D7
:10B880006661756C74696E6720706565722073748B
:10B890006174757320746F206368616E67652D75C0
:10B8A0006E617761726500556E61626C6520746FC0
:10B8B00020696D706F727420746865206B657920E3
:10B8C000666F722041455320434D4143202564005B
:10B8D000434D4143206F7065726174696F6E2069DA
:10B8E0006E6974206661696C656420256400434D4F
:10B8F00041432066696E697368206661696C65649E
:10B900002025640062742F636363004661696C657F
:10B910006420746F2073746F7265204343437320F7
:10B9200028657272202564290052656164206D6566
:10B9300074686F64206E6F7420736574004661696B
:10B940006C656420746F2072656164206174747228
:10B950006962757465202570202865727220257AC9
:10B96000642900496E76616C6964207265616420A7
:10B970006C656E6774683A20257A640043434320FF
:10B980002570206E6F74207772697461626C650037
:10B99000534320726573746F726520696E646963C6
:10B9A0006174696F6E206661696C656400466169E7
:10B9B0006C656420746F20736574207365637572A1
:10B9C00069747920666F7220626F6E64656420709E
:10B9D00065657220282564290062742F6861736888
:10B9E0000062742F63660062742F73630062745F79
:10B9F0006761747400556E61626C6520746F2066B7
:10BA0000696E6420534D50206368616E6E656C00F2
:10BA10005075626C6963206B6579206E6F7420616C
:10BA20007661696C61626C65004661696C65642071
:10BA3000746F2067656E65726174652044484B655C
:10BA4000790043616C63756C61746520636F6E6629
:10BA500069726D206661696C656400556E6B6E6F0E
:10BA6000776E2070616972696E67206D6574686FAA
:10BA70006420282575290043616C63756C617465C9
:10BA8000204C544B206661696C65640043616C63B3
:10BA9000756C617465206C6F63616C2044484B6504
:10BAA0007920636865636B206661696C6564004337
:10BAB000616C63756C6174652072656D6F7465206F
:10BAC00044484B657920636865636B206661696CE7
:10BAD00065640052656D6F7465207075626C696392
:10BAE000206B65792072656A6563746564005265D0
:10BAF00063656976656420696E76616C696420703F
:10BB000075626C6963206B6579004E6F20617661A8
:10BB1000696C61626C6520534D5020636F6E746573
:10BB2000787420666F7220636F6E6E2025700055EA
:10BB30006E61626C6520746F20676574206B657937
:10BB40007320666F722025730054686520696E2D1E
:10BB500070726F67726573732070616972696E6766
:10BB600020686173206265656E2064656C6574652C
:10BB7000642100534D5020646F6573206E6F7420F4
:10BB8000616C6C6F7720612070616972696E6720EB
:10BB90006661696C757265206174207468697320D0
:10BBA000706F696E742E204B6E6F776E20697373A1
:10BBB00075652E20446973636F6E6E656374696E7C
:10BBC0006720696E73746561642E00546F6F207313
:10BBD0006D616C6C20534D5020504455207265634C
:10BBE000656976656400534D5020636F6D6D616EBD
:10BBF000642028636F6465203078253032782920EE
:10BC00007265636569766564206166746572207427
:10BC1000696D656F7574005265636569766564204A
:10BC2000726573657276656420534D5020636F644E
:10BC3000652030782530327800556E68616E646C0E
:10BC4000656420534D5020636F6465203078253043
:10BC5000327800556E657870656374656420534D65
:10BC60005020636F64652030782530327800496E4B
:10BC700076616C6964206964656E746974792025E5
:10BC800073005265667573696E67206E6577207004
:10BC9000616972696E672E20546865206F6C64203C
:10BCA000626F6E64206D75737420626520756E70AE
:10BCB00061697265642066697273742E00706169CF
:10BCC00072696E67206661696C65642028706565BD
:10BCD0007220726561736F6E203078257829004E6E
:10BCE0006F206B65797320737061636520666F7276
:10BCF00020257300534D502054696D656F75742075
:10BD000028666C6167733A30782530387820616C2A
:10BD10006C6F7765645F636D64733A307825303893
:10BD20007829000005061F1F2918120308020305C1
:10BD3000080A0008010304010504050906070101BA
:10BD400006060800000100010003010003020201D1
:10BD500000020000000000020301000362745F7330
:10BD60006D70004661696C656420746F2072656156
:10BD7000642076616C7565202865727220257A646E
:10BD80002900556E61626C6520746F2066696E646F
:10BD90002064656C65746564206B65797320666FDB
:10BDA00072202573004661696C656420746F2061A0
:10BDB0006C6C6F63617465206B65797320666F725C
:10BDC00020257300496E76616C6964206B6579206B
:10BDD0006C656E67746820257A6420213D20257A81
:10BDE0007500546865206B65797320666F72202535
:10BDF000732061726520646F776E67726164656439
:10BE000020746F20756E61757468656E7469636106
:10BE10007465642061732074686579206E6F206C8E
:10BE20006F6E676572206D656574206175746865F5
:10BE30006E7469636174696F6E2072657175697281
:10BE4000656D656E7473004661696C656420746F1E
:10BE50002073617665206B65797320286572722086
:10BE60002564290062742F6B6579730062745F6BBF
:10BE7000657973006C888391AAF5A53860370BDB70
:10BE80005A6083BE62745F63727970746F0046613A
:10BE9000696C656420746F20696D706F72742041E5
:10BEA0004553206B6579202564004661696C6564A3
:10BEB00020746F20636F6D70757465204D41432051
:10BEC0002564006B5F6D7367715F676574206572D1
:10BED000726F723A202564004576656E7420647234
:10BEE0006F707065642C2071756575652066756C62
:10BEF0006C2C206E6F7420626C6F636B696E6720B0
:10BF0000696E2073797377712E00696E7075740095
:10BF1000636C6F636B4034303030303030300068E9
:10BF200066636C6B006C66636C6B00636C6F636B59
:10BF30005F636F6E74726F6C0072616E646F6D40E0
:10BF4000343030306430303000696E76616C696452
:10BF500020616464726573733A2030782530386CE0
:10BF6000783A257A7500756E616C69676E65642034
:10BF7000616464726573733A2030782530386C7868
:10BF80003A257A75006E6F7420776F72642D616C3C
:10BF900069676E65643A2030782530386C783A25C8
:10BFA0007A7500666C6173682D636F6E74726F6C66
:10BFB0006C657240343030316530303000666C6111
:10BFC00073685F6E7266006770696F40353030303D
:10BFD0003030303000693263004E65656420746F24
:10BFE000207573652074686520696E7465726E6172
:10BFF0006C2064726976657220627566666572206F
:10C00000627574206974732073697A65206973207E
:10C01000696E73756666696369656E742028257537
:10C02000202B202575203E202575292E2041646A6D
:10C0300075737420746865207A65706879722C63F2
:10C040006F6E6361742D6275662D73697A65206FFA
:10C0500072207A65706879722C666C6173682D62E3
:10C0600075662D6D61782D73697A652070726F70B9
:10C07000657274792028746865206F6E6520776911
:10C08000746820677265617465722076616C75658D
:10C090002920696E207468652022257322206E6F26
:10C0A00064652E00693263403430303034303030D3
:10C0B000006932635F6E7266785F7477696D0075D0
:10C0C0006E737570706F72746564207370656564EB
:10C0D00000547279696E6720746F207472616E7398
:10C0E000666572206D6F7265207468616E20746879
:10C0F00065206D6178696D756D2073697A6520665C
:10C100006F722074686973206465766963653A208C
:10C110002564203E202564004661696C65642074B6
:10C120006F20696E697469616C697A6520646576EF
:10C130006963653A202573006B65795F696E646594
:10C140007820256420676574206661696C65643AAF
:10C15000202564002573206973206E6F742072653A
:10C160006164790050696E20256420636F6E666992
:10C170006775726174696F6E206661696C65643A97
:10C1800020256400436F756C64206E6F74207365A6
:10C1900074206770696F2063616C6C6261636B000F
:10C1A00050696E20256420696E74657272757074B2
:10C1B00020636F6E66696775726174696F6E206661
:10C1C00061696C65643A20256400627574746F6EF1
:10C1D00073006770696F5F6B6579730025733A2030
:10C1E0006E6F204C45447320666F756E6420284442
:10C1F00054206368696C64206E6F646573206D6998
:10C200007373696E67290043616E6E6F7420636F8C
:10C210006E666967757265204750494F20286572C0
:10C2200072202564290025733A204750494F206425
:10C230006576696365206E6F74207265616479004C
:10C240006C65645F6770696F0025733A2070776D65
:10C2500020646576696365206E6F74207265616421
:10C26000790070776D2D62757A7A65720070776DDE
:10C270006C656473006C65645F70776D000001022B
:10C280000304050607496E76616C69642063686182
:10C290006E6E656C3A2025752E00496E636F6D7069
:10C2A000617469626C6520706572696F642E0050FC
:10C2B00072657363616C657220666F72207065725F
:10C2C000696F645F6379636C6573202575206E6F99
:10C2D0007420666F756E642E0070776D4034303058
:10C2E00031633030300070776D5F6E726678004673
:10C2F00061696C656420746F20616C6C6F6361743C
:10C300006520505049204368616E6E656C00756110
:10C3100072744034303030323030300075617274B5
:10C320005F6E7266785F7561727465004661696CF4
:10C33000656420746F20616C6C6F63617465204765
:10C3400050494F5445206368616E6E656C20666F7E
:10C35000722057414B45004661696C656420746FDB
:10C3600020636F6E6669677572652057414B452083
:10C3700070696E004353204750494F20706F7274AC
:10C380002025732070696E202564206973206E6FEC
:10C39000742072656164790055706461746520650C
:10C3A0007863656564732063757272656E7420626C
:10C3B00075666665720048616C662D6475706C65A3
:10C3C00078206E6F7420737570706F72746564007E
:10C3D000536C617665206D6F6465206973206E6FA4
:10C3E0007420737570706F72746564206F6E202591
:10C3F00073004C6F6F706261636B206D6F646520BA
:10C400006973206E6F7420737570706F72746564D9
:10C4100000576F72642073697A6573206F74686562
:10C4200072207468616E20382062697473206172B2
:10C4300065206E6F7420737570706F727465640020
:10C440004672657175656E63696573206C6F77659B
:10C4500072207468616E20313235206B487A206119
:10C460007265206E6F7420737570706F727465647E
:10C47000004661696C656420746F20696E69746937
:10C48000616C697A65206E7266782064726976657F
:10C49000723A2025640057616974696E6720666F7F
:10C4A000722057414B452061636B6E6F776C6564FA
:10C4B000676D656E742074696D6564206F757400B6
:10C4C00054696D656F75742077616974696E672052
:10C4D000666F72207472616E7366657220636F6D31
:10C4E000706C65746500737069403430303233307D
:10C4F0003030007370695F6E7266785F73706900C8
:10C50000536F667444657669636520436F6E747219
:10C510006F6C6C6572204153534552543A20257319
:10C520002C20256400456E74726F707920736F75CE
:10C5300072636520646576696365206E6F7420722E
:10C5400065616479004661696C656420746F20726E
:10C55000656769737465722072616E6420736F75AC
:10C56000726365202825642900416C6C6F636174D7
:10C570006564206D656D6F727920746F6F206C6FCC
:10C58000773A20257A75203C202575004576656E22
:10C59000742062756666657220746F6F20736D61BA
:10C5A0006C6C2E20257A75203E20257500556E6511
:10C5B00078706563746564206D73675F7479706506
:10C5C0003A2025752E20546869732069662D656CA4
:10C5D0007365206E656564732061206E65772062E7
:10C5E00072616E636800556E6B6E6F776E20657258
:10C5F000726F72207768656E2070726F63657373F7
:10C60000696E6720686369206D6573736167652073
:10C6100025640062745F6863695F736463006274B9
:10C620005F7364635F6863695F64726976657200F3
:10C6300062745F7364635F63727970746F004D50EE
:10C64000534C204153534552543A2025732C2025F6
:10C6500064004D50534C20576F726B006D70736CBB
:10C660005F696E697400556E737570706F72746572
:10C6700064204846434C4B206576656E743A20250D
:10C6800064006E7266785F636C6F636B5F6D70736E
:10C690006C006D70736C5F74696D65736C6F745F43
:10C6A00073657373696F6E5F6F70656E2066616925
:10C6B0006C65643A20256400666C6173685F737909
:10C6C0006E635F6D70736C0000000000010000007D
:10C6D0000101000001010101000000000000010152
:10C6E000010000010101000001010100010101013F
:10C6F0005465726D696E616C0000000000000054AA
:10C700005452205245474745530048616C74696E46
:10C71000672073797374656D00556E6B6E6F776EFD
:10C72000206572726F7200756E6B6E6F776E003E71
:10C730003E3E205A455048595220464154414C20D3
:10C740004552524F522025643A202573206F6E20A7
:10C75000435055202564004661756C7420647572E1
:10C76000696E6720696E7465727275707420686195
:10C770006E646C696E670A0043757272656E742030
:10C780007468726561643A20257020282573290039
:10C7900043505520657863657074696F6E00556EFF
:10C7A00068616E646C656420696E74657272757020
:10C7B0007400537461636B206F766572666C6F777B
:10C7C000004B65726E656C206F6F7073004B657205
:10C7D0006E656C2070616E69630069646C65006DE4
:10C7E00061696E006F7300737973776F726B71009C
:10C7F000141400001C2030401C2000001C2030407D
:10C800000040903D6AF1A5AD641DCD273EBFFC6898
:10C810000F404099CAAC00FFFFFFFF1F006E616E22
:08C8200000286E756C6C290004
:10C83000FFFFFFFFFF1F00001F00000000000000BF
:10C840001D40000000000000FFFFFFFF1FFF000071
:10C85000BAABBABA101010100000000000800040FF
:10C8600000000000000000000C00000000000000BC
:10C8700000FF7F000000000000000000000000003A
:10C8800000000000612D0000000000003DD7000006
:10C8900000000000792D0000000000005DD70000BE
:10C8A000000000001BD70000000000000000000096
:10C8B0000000000000000000000000000000000078
:10C8C0000000000000000000000000000000000068
:10C8D0000000000000000000000000000000000058
:10C8E0000000000000000000000000000000000048
:10C8F0000000000000000000000000000000000038
:10C900000000000000000000000000000000000027
:10C910000000000000000000000000000000000017
:10C920000000000000000000000000000000000007
:10C9300000000000000000000000000000000000F7
:10C9400000000000000000000000000000000000E7
:10C9500000000000000000000000000000000000D7
:10C9600000000000000000000000000000000000C7
:10C9700000000000000000000000000000000000B7
:10C9800000000000000000000000000000000000A7
:10C990000000000000000000000000000000000097
:10C9A0000000000000000000000000000000000087
:10C9B0000000000000000000000000000000000077
:10C9C0000000000000000000000000000000000067
:10C9D0000000000000000000000000000000000057
:10C9E0000000000000000000000000000000000047
:10C9F0000000000000000000000000000000000037
:10CA00000000000000000000000000000000000026
:10CA10000000000000000000000000000000000016
:10CA20000000000000000000000000000000000006
:10CA300000000000000000000000000000000000F6
:10CA400000000000000000000000000000000000E6
:10CA500000000000000000000000000000000000D6
:10CA600000000000000000000000000000000000C6
:10CA700000000000000000000000000000000000B6
:10CA800000000000000000000000000000000000A6
:10CA90000000000000000000000000000000000096
:10CAA0000000000000000000000000000000000086
:10CAB0000000000000000000000000000000000076
:10CAC0000000000000000000000000000000000066
:10CAD0000000000000000000000000000000000056
:10CAE0000000000000000000000000000000000046
:10CAF00000000000000000008C1300205BF3000029
:10CB000061F3000063F3000089F3000067F30000A5
:10CB100093F300006DF300009DF3000073F3000039
:10CB2000A9F300007FF3000083F3000075F3000019
:10CB30007BF3000099F30000A3F30000D41300205E
:10CB400001FF00009BF60000A7F60000ABF6000016
:10CB5000B3F60000B7F6000000000000000000007F
:10CB600000000000000000000000000000000000C5
:10CB700000000000000000000000000000000000B5
:10CB800000000000000000000000000000000000A5
:10CB90000000000000000000000000000000000095
:10CBA0000000000000000000000000000000000085
:10CBB0000000000000000000000000000000000075
:10CBC0000000000000000000000000000000000065
:10CBD0000000000000000000000000000000000055
:10CBE0000000000000000000000000000000000045
:10CBF0000000000000000000000000000000000035
:10CC00000000000000000000000000000000000024
:10CC10000000000000000000000000000000000014
:10CC2000293B01000000000000000000000000009F
:10CC300000000000000000000000000000000000F4
:10CC400000000000000000000000000000000000E4
:10CC500000000000000000000000000000000000D4
:10CC600000000000000000000000000000000000C4
:10CC700000000000000000000000000000000000B4
:10CC800000000000000000000000000000000000A4
:10CC90000000000000000000000000000000000094
:10CCA0000000000000000000000000000000000084
:10CCB0000000000000000000000000000000000074
:10CCC0000000000064850200199C020000000800BA
:10CCD0003B9C0200000008005D9C02000000080070
:10CCE000000000000000000000000000DD03010063
:10CCF00000000000000000007F9C02000000120005
:10CD0000E485020080841E0000010000048502000A
:10CD10001600010000000000E1260200D12E0200F2
:10CD2000000000004332020000000000000000008C
:10CD30000060004000000000000000000000000053
:10CD400000000000000000000000000000000000E3
:10CD500000000000000000000000000000000000D3
:10CD600000000000000000000000000000000000C3
:10CD700000000000000000000000000000000000B3
:10CD800000000000000000000000000000000000A3
:10CD90000000000000000000000000000000000093
:10CDA00000000000F1310100000000000000000060
:10CDB00000000000D3350200000000000000000069
:10CDC00000000000614201000000000000000000BF
:10CDD000000000001D4101000000000000000000F4
:10CDE00000000000F5450100000000000000000008
:10CDF00080160020801600200000000000000000C7
:10CE0000A151010045610100B16001000000000076
:10CE100000000000495501006B4102003142020050
:10CE2000815101000000000097470200000000004F
:10CE300000000000000000006C99020000000200E9
:10CE40007899020000000A00889902000000200082
:10CE500000000000000000000000000000000000D2
:10CE600021460200000000009C9902000000020020
:10CE7000A899020000000200B4990200000002001C
:10CE80001017002010170020000000000000000014
:10CE90000E0000002417002024170020C588010080
:10CEA0000000000000000000354D020000000000FE
:10CEB00000000000000000000000000000009801D9
:10CEC0000000010145530200000200001D9C01000A
:10CED00068950200A37B0020FF0000000000000016
:10CEE00000C0014000000000000000000000000041
:10CEF0000000000000000000000000000000000032
:10CF00000000000000000000A81700200000000042
:10CF10000000000000000000000000000000000011
:10CF2000A57D00202000000000000000000000009F
:10CF3000000000003497020001000000CC17002020
:10CF4000CC1700200000000001000000DC170020CA
:10CF5000DC170020E4170020E41700200000000088
:10CF600001000000F4170020F4170020000000006A
:10CF700000000000000000000000000000000000B1
:10CF800000000000000000000000000000000000A1
:10CF9000E485020000000000000000000090D003C3
:10CFA000FF00000090020000381800203818002010
:10CFB000AB710200A7710200EB7F0200877F0200C5
:10CFC0008B7F0200857F0200977F0200000070883F
:10CFD0008888888888700000000020602020202039
:10CFE00020700000000070888810204080F8000049
:10CFF00000007088083008088870000000001030B9
:10D0000050509078101800000000F88080F0080858
:10D01000887000000000709080F0888888700000A0
:10D020000000F890102020202020000000007088D0
:10D030008870888888700000000070888888780868
:10D04000487000000000000000304838483C0000F4
:10D050000000C040407048484870000000000000D8
:10D060000038484040380000000018080838484898
:10D07000483C0000000000000030487840380000C4
:10D0800000001C20207820202078000000000000F4
:10D09000003C4830407844380000C0404070484868
:10D0A00048EC0000000020000060202020700000FC
:10D0B0000000100000301010101010E00000C04000
:10D0C000405C507048EC00000000E0202020202050
:10D0D00020F800000000000000F0A8A8A8A80000A8
:10D0E0000000000000F0484848EC0000000000008C
:10D0F00000304848483000000000000000F0484878
:10D10000487040E000000000003848484838081CDB
:10D110000000000000D8604040E000000000000077
:10D1200000784030087800000000002020702020A7
:10D13000201800000000000000D84848483C0000CB
:10D140000000000000EC485030200000000000000B
:10D1500000A8A870505000000000000000D8502027
:10D1600050D800000000000000EC4850302020C0E3
:10D17000000000000078102020780000000000006F
:10D180000000000000000000AA55AA55AA55AA55A3
:10D19000AA55AA5501000000000000000000000090
:10D1A000000000000000000000000000000000007F
:10D1B000000000000000000000000000000000006F
:10D1C000000000000000000000000000000000005F
:10D1D000000000000000000000000000000000004F
:10D1E000000000000000000000000000000000003F
:10D1F0000000000000000000881A0020881A0020AB
:10D2000064B9002000000000010000002C000000B4
:10D2100000000000A41A0020A41A002000AE002084
:10D220000000000001000000B0000000000000004D
:10D23000C01A0020C01A002090B900200000000091
:10D24000030000001C00000000000000DC1A0020A9
:10D25000DC1A002000000000000000000E000000AA
:10D26000F01A0020F01A002000000000000000006A
:10D270000E000000041B0020041B00200000000022
:10D28000000000000E000000181B0020181B0020EA
:10D2900000000000000000000E0000002C1B002019
:10D2A0002C1B002000000000000000000E00000009
:10D2B000401B0020401B00200C000000100000005C
:10D2C000E4B90020A4BA0020E4B90020E4B90020A9
:10D2D00000000000641B0020641B00200000000010
:10D2E000701B0020701B00200000000001000000E7
:10D2F000801B0020801B0020881B0020881B002032
:10D3000000000000FFFFFFFF981B0020981B00207B
:10D310000000000000000000A81B0020A81B002047
:10D32000B01B0020B01B0020000000000000000027
:10D33000C01B0020C01B0020C81B0020C81B0020F1
:10D34000030003001000000000000000AC92020087
:10D3500090B700200000000000000000EC1B00203F
:10D36000EC1B0020F41B0020F41B00200300030032
:10D37000100000003D5E010048930200ECB8002060
:10D380000000000000000000181C0020181C0020F5
:10D39000201C0020201C00200300030000000000CF
:10D3A000000000003892020004B4002000000000D9
:10D3B00000000000441C0020441C00204C1C0020E5
:10D3C0004C1C00200100010010000000A9450100D4
:10D3D0009892020088B600200000000000000000C3
:10D3E000701C0020701C0020781C0020781C00207D
:10D3F0000300030000000000000000006092020033
:10D4000040B6002000000000000000009C1C00202E
:10D410009C1C0020A41C0020A41C00200C000C005C
:10D42000040000008D3401002492020028B2002084
:10D430000000000000000000C81C0020C81C0020E4
:10D44000D01C0020D01C00200100010000000000C2
:10D45000000000004C92020050B5002015E015E0DD
:00000001FF
