:10000000404500204D230000D17900003923000035
:1000100039230000392300003923000000000000CC
:10002000000000000000000000000000C5240000E7
:100030003923000000000000612400003923000083
:1000400089260000892600008926000089260000F4
:1000500089260000892600008926000089260000E4
:1000600089260000892600008926000089260000D4
:1000700089260000892600008926000089260000C4
:1000800089260000892600008926000089260000B4
:1000900089260000892600008926000089260000A4
:1000A0008926000089260000892600008926000094
:1000B0008926000089260000892600008926000084
:1000C0008926000089260000892600008926000074
:0C00D00089260000892600008926000017
:1000DC0053B94AB9002908BF00281CBF4FF0FF31A3
:1000EC004FF0FF3000F00CB8ADF1080C6DE904CE08
:1000FC0000F018F8DDF804E0DDE9022304B07047E5
:10010C00704700BF034611F8012B03F8012B002A9E
:10011C00F9D17047034613F8012B002AFBD1181AAA
:10012C00013870472DE9F04786468C460846089EF4
:10013C00154674461946002B40F0C2808542B2FA2F
:10014C0082F245D94AB1C2F1200300FA02FC2EFA20
:10015C0003F3954043EA0C0C94404FEA154EA8B2B9
:10016C00BCFBFEF8230C0EFB18CC08FB00F943EA91
:10017C000C43994528D9EB1808F1FF3704D299455F
:10018C0002D9A8F102072B44A3EB0903A4B2B3FBD9
:10019C00FEFC0EFB1C330CFB00F044EA0344A042B3
:1001AC0014D92C190CF1FF3304D2A04202D9ACF1B2
:1001BC0002032C44241A43EA07401EB1D440002306
:1001CC0034607360BDE8F0874746DDE76346F1E7CE
:1001DC0092BB431B01214FEA154EAFB2B3FBFEFCA1
:1001EC00200C0EFB1C330CFB07F840EA034398452C
:1001FC0062D9EB180CF1FF3004D2984502D9ACF15E
:10020C0002002B44A3EB0803A4B2B3FBFEFC0EFBD1
:10021C001C330CFB07F744EA0344A7424ED92C19B4
:10022C000CF1FF3304D2A74202D9ACF102032C44E7
:10023C00E41B43EA0040C0E7C2F1200320FA03F1BB
:10024C00954090402EFA03F303434FEA154EAFB29C
:10025C00B1FBFEFC0EFB1C10190C0CFB07F841EA61
:10026C000041884504FA02F422D969180CF1FF30D8
:10027C0004D2884502D9ACF102002944A1EB080153
:10028C009BB2B1FBFEFC0EFB1C110CFB07F743EA07
:10029C0001439F420ED9EB180CF1FF3104D29F425F
:1002AC0002D9ACF102012B44DB1B41EA004192E77D
:1002BC006046E3E76146F7E76046A3E76346B7E7C6
:1002CC00834206D916B9002108467BE7C6E900E04F
:1002DC00F9E7B3FA83F78FB9834201D3724508D893
:1002EC00BEEB020460EB030301209C461EB9002107
:1002FC0068E73846FAE7C6E9004CF8E7C7F1200C86
:10030C00BB4022FA0CF41C432EFA0CF120FA0CF32D
:10031C00B84001434FEA14490EFA07F5B3FBF9F85C
:10032C001FFA84FE09FB18300B0C08FB0EFA43EA8B
:10033C0000439A4502FA07F240D9E31808F1FF305E
:10034C0004D29A4502D9A8F102002344A3EB0A0374
:10035C0089B2B3FBF9F809FB183308FB0EFE41EA2E
:10036C0003418E452CD9611808F1FF3304D28E4518
:10037C0002D9A8F10203214443EA0040A0FB0298F1
:10038C00A1EB0E014145CE46434602D306D14D4565
:10039C0004D2B9EB020E68EB04030138002EA6D090
:1003AC00B5EB0E0261EB030101FA0CFC22FA07F328
:1003BC004CEA0303F940C6E9003198E74046C5E72B
:1003CC004346D9E7F9280DD877290BD8CB1003EB86
:1003DC000010054AC94301F0070101238B40115C51
:1003EC000B431354704700BF602400202DE9F04FDD
:1003FC001F4D2B68A3BB1F4CDFF87CC04FF01808B7
:10040C004FF00C0E4FF00109264600200EFB03C7DF
:10041C00B0FBF8F217F802A00022934642F35B01FE
:10042C00C1F107014AFA01F1C90742BFC2F10F013C
:10043C0009FA01F14BEA010102F1010248BF1FFA6E
:10044C0081FB102AEAD10C30B0F5907F26F802BB64
:10045C00DED10133262B04F13004D5D101232B60DE
:10046C00BDE8F04F05484FF47A62002108F05EBCFD
:10047C00A81B0020401D0020341200206024002006
:10048C002DE9F04F87B0DFF8B8900392CDE9010168
:10049C000025A9F13003A9F5DE6A019A505D10B967
:1004AC0007B0BDE8F08FA02D46D0A0F13004E2B229
:1004BC00092A2DD8302202FB04A4039918222F11EB
:1004CC0002FB0717029A05F00F0B02EB0B1B002621
:1004DC00B919772917DC34F816204FF00008C8F149
:1004EC000F0042FA00F0C00708D50BEB0800CDE96D
:1004FC000412FFF767FFDDE90412124B08F1010843
:10050C00B8F1100FEBD10136182EE1D10135C4E74B
:10051C00A0F14102192A04D83738302404FB00A476
:10052C00CBE7A0F16102192A01D85738F5E720284A
:10053C0014BF4C461C46C0E74FF0FF30B0E700BF7D
:10054C00302400200024002084B000B58BB00DF1C5
:10055C00300C8CE80F00FFF749FF0C9B7BB1042299
:10056C000A2117A8FFF78CFF09490DAA12AB6846A0
:10057C0005F0ECF91C220A216846FFF781FF0548BB
:10058C0006F03CFC00200BB05DF804EB04B07047A7
:10059C00949900006024002008B54C220A21FFF732
:1005AC006FFF024806F02AFC002008BD60240020E2
:1005BC002DE9F043214899B006F07DFD00F0B0F82C
:1005CC00814640B11E4806F076FD4FF0FF39484693
:1005DC0019B0BDE8F08301231A490B930CA8FFF75F
:1005EC0091FD194911A8FFF78DFD0FAD174916A8FC
:1005FC00FFF788FD0FCD6C460FC40FCD0FC42B68D1
:10060C0023600DF12C0898E80F00FFF79DFF48467A
:10061C0006F044FB05210E48FFF7BEFF0D480FAF57
:10062C0008F003FA0FCF6E460FC60FCF0FC62B681C
:10063C00236098E80F00FFF787FFC8E79A9900003E
:10064C00A3990000BE990000C5990000CA9900004A
:10065C00CF990000404B4C0007B5019001A806F063
:10066C009AFA019B00EB8300054BD0F8002713404E
:10067C0043F00303C0F8003703B05DF804FB00BF80
:10068C00F0F8FCFF10B5144C86B08DF8070020680C
:10069C0008F0E7F920B9114806F00DFD06B010BDC1
:1006AC00032006F08FFA21460DF10703029302AAEC
:1006BC000123CDE9042351F8040B0393836804AAA6
:1006CC001C680023A047011E02DA054806F0F3FC63
:1006DC00032006F06AFAE1E7C0100020D59900006B
:1006EC00E899000038B51D204224002506F05DFA7B
:1006FC002946204606F073FA1D2006F063FA002105
:10070C00212006F06CFA1D2006F04FFA29462046EF
:10071C0006F065FA014B00221A6038BDB41B0020AC
:10072C0007B50420FFF798FF0320FFF795FF002182
:10073C0001A8019106F02FFA019B00EB8300114BED
:10074C00D0F80027134043F00C03C0F800371D20ED
:10075C00FFF782FF0C4B10221A600C4B3F221A60E1
:10076C000B4B0320196006F020FA042006F01DFA4A
:10077C001D2006F01AFA084603B05DF804EB06F0EB
:10078C008DBA00BFF0F8FCFFB01B0020AC1B0020A2
:10079C00B41B00202DE9F04F91B08407009302F0B8
:1007AC0004030293C2F3C20303F10103DDF8688072
:1007BC00039205460E46059340F0BA81041D30B1F4
:1007CC00072909D86FF01B0011B0BDE8F08F01F0BC
:1007DC0007063444C6F10806009B4FF00009591E69
:1007EC004FF0040A4FF0FF330193CDF810904F46B1
:1007FC00CB4653460DB1009A22600598002800F3B1
:10080C00E8809848009A824203D397488242C0F00D
:10081C00E080039AA4EB050E92074FEA9E0000F1CC
:10082C0003810F2F00F2B180002D00F0058107F13C
:10083C0040020DEB020C019A0CF8200C0CF8102C59
:10084C00049801300490E7E07A285DD84B280ED844
:10085C00472859D829282DD8252852D054D82028B3
:10086C007AD02338D0F1000B4BEB000B74E04C38F2
:10087C002E2849D8DFE800F07048484848484848D6
:10088C00484848484B484848484848484859484BC5
:10089C004B595959704B6D487048184B1848488241
:1008AC007F4B48484B487F0000204FF0000B4FF027
:1008BC00040A38E02A38C0B2012202FA00F010EA29
:1008CC000E0F49D110F0625C2FD110EA020B43D00D
:1008DC006046013C5444B4FBFAF40AFB04F4002DCA
:1008EC0061D0A3EB050CA444B4453FF66BAF0028D4
:1008FC0068D1042B47D158F8043B236004340423FB
:10090C002AE0019A013A01924FF0000B24E011F811
:10091C00010C6C2834D111F8023C00206C2B83465E
:10092C00C5D14FF0080A5346D3E708F1070828F061
:10093C0007080734F8E802AB24F0070435B1069831
:10094C002044B0423FF63EAFC4E900AB08344FF050
:10095C00000B4FF0080A534611F8010F002878D00D
:10096C00BBF1000F7FF470AF2528F5D1019B01334B
:10097C0001934FF0010B4FF0040AECE7584694E753
:10098C0000208346A5E7082B02D06FF015001BE76B
:10099C0008F1070828F00708F8E80223C4E9002347
:1009AC0008340823D8E768B9042B02D108F10408ED
:1009BC00A4E7082BE9D108F1070828F0070808F18B
:1009CC000808EDE7059A013A059258F8042B0092B5
:1009DC0010E7039A900720D5A4EB050E4FEA9E0072
:1009EC004FF0010CBEF5007FCFD20F2FCDD8F5B153
:1009FC0007F140020DEB020EC0B2019A0EF8200C6A
:100A0C000EF8102CBCF1000F3FF41AAF60F07F0011
:100A1C000EF8200C09F101090137C5F10802043464
:100A2C0006924FF6DA7E97E74FF0000CDAE7BCF14E
:100A3C00000F01D00136EFE7029802360028EBD107
:100A4C000098CDE90631FFF765FBDDE90631064478
:100A5C00E2E7631BB3F5806F97D23DB9A6F10804AA
:100A6C00E018B1E6089100001CA40000029A28606E
:100A7C009B082B709DF81030C2B1EB7085F802907A
:100A8C00B9F1000F05D008A80022C5F1010C97425E
:100A9C000ED1C5F101030DF120084FF0000A0193AE
:100AAC000DF1300B574512D1601B8DE66B70E5E7ED
:100ABC0010F8013B190608D50CEB040EB64503F0F3
:100ACC007F033FF67FAE04F8013B0132DFE7B9F15B
:100ADC00000F03D098F90020002A17DB029BD3B13A
:100AEC001AF80B2004F8012B0022019B1819104452
:100AFC00B0423FF667AE98F8000004F8010B00997D
:100B0C000392204608F004F9039A14440AF1010AEE
:100B1C0008F10108C6E798F8002055F82230009338
:100B2C00029B45F822300098FFF7F4FA421CDCE7F0
:100B3C006FF00D0048E600BF2DE9F04F97B000AF05
:100B4C0090F802A0D7F880B03B62CBF3C003044608
:100B5C00FA62BB61894641B9457800780AEB80009E
:100B6C0020444D4517D8A0EB0409E378FB61BAF19A
:100B7C00000F02D01BF0010F16D1FB6953BBFB6AAF
:100B8C001BB13A6A4946204698474D4628465C3781
:100B9C00BD46BDE8F08F461C3046FFF7BBFA01306E
:100BAC00304409F10109DCE7237862687A62FA6A59
:100BBC009900796104EB8301002A40F000814D46D5
:100BCC000E4601EB0A094FF000084E454CD101EBE3
:100BDC000A0610E01BF0020FD1D023789A007A613C
:100BEC0062687A62FA6A04EB8301002A77D14D4677
:100BFC0001EB0A0690461BF0050F0CBF02230123E4
:100C0C00FB62FB6906EB430A0BF00203BB62564521
:100C1C00BCD016F8021B16F8013C54F82390994BE3
:100C2C00994502D3984B994536D3BB69002B40D0DC
:100C3C00786A06F019FA00283BD0E9468AB06A4671
:100C4C00924B53617B6AC2E906314FF400731384F3
:100C5C008F4B42F8103F8F4800234FF4125100F095
:100C6C0023FD023DCD46D2E716F8013BF96254F85C
:100C7C002300FFF74FFAD7F88430F96A01304BB1F3
:100C8C00D7F8883098453EBFD7F8843023F8180041
:100C9C0008F10108054498E7BB6923B1786A06F0AE
:100CAC00E3F90028C9D11BF0010F05D1FB6AED1A3D
:100CBC00ADE7BB6A002BAAD04846FFF72BFAD7F852
:100CCC00843053B1D7F8883098453FBFD7F884208B
:100CDC00431C22F8183008F10108054497E7BAF1D3
:100CEC00000F72D01BF0040672D0D046002607F11C
:100CFC00480052463B61B96208F00AF8B96A3B6990
:100D0C0001EB0A02BA62FA69F9695200FA60BA6A2E
:100D1C0002EB41023A610BF00202BA603A69B96A1D
:100D2C008A4257D162787A621BF0020F32440CBFB0
:100D3C004FEA580100211BF0010FD2B240F09F8006
:100D4C001BF0040F14BF40460020BB616270A07002
:100D5C00E1703A6A7969FB6A20469847051EFFF6EE
:100D6C0015AFBB6923707B6A6370FB69E370414606
:100D7C003A6AFB6A84F802A007F148009847B0F180
:100D8C000008C0F2BB807B693A6AA9EB0A01C91A58
:100D9C00FB68C91AD7E90A0398470028C0F2B0804B
:100DAC00A84408EB00054FF0000B07F1380AB345D7
:100DBC0072D300213A6AFB6A08469847E6E6564623
:100DCC004FF0000807F1380093E75646D04697E7F6
:100DDC00B04695E7BA6A12F8021BBA6212F8015CC7
:100DEC00284A54F82500904202D3274A90421ED339
:100DFC00BA6932B1786A7B6006F036F97B680028F4
:100E0C008CD1BA6802BB08F1280207F1300C08F14A
:100E1C000100944407F1580252FA80F008F10208DC
:100E2C000CF8101C5FFA88F800F8105C76E7BA69C9
:100E3C003AB1786A7B6006F017F97B6800287FF47A
:100E4C006DAF1BF0010F09D006F1280207F130003D
:100E5C00711C161806F8205CCEB25FE71BF0040F6D
:100E6C003FF45CAF08F1280207F1300008F10101F2
:100E7C0002EB000808F8105C5FFA81F84EE70020DE
:100E8C0063E700BF089100001CA40000019A000059
:100E9C0004000001949300001BF80A3087F83730E7
:100EAC0054F82390D7F884302BB3D7F888309B456F
:100EBC0021D2D7F8843033F81B803A6AFB6A0121BF
:100ECC0007F13700984700281ADB0544B8F1000FEA
:100EDC0006D14846FFF71EF900F101081FFA88F801
:100EEC003A6AFB6A414648469847002808DB0544A5
:100EFC000BF1010B5BE74FF00008DEE7454645E6DA
:100F0C00054643E6014B1860704700BFD81000201F
:100F1C0080B505460E461746984604F0A9F90346D7
:100F2C0008F0E2F8DFF81890044649F80030424621
:100F3C0030463946A84754F8090001F075FA00BF4D
:100F4C00080000002DE9F047058B04462807904661
:100F5C0011D4022905F0070540F0CC80204606F09C
:100F6C0021FB78B10138218B042811D8DFE800F07F
:100F7C00C2106D85950001290CBF45F0100545F098
:100F8C002005258388F31188BFF36F8FBDE8F087A8
:100F9C0001F0070AAA4500F0A5800027B9463E4695
:100FAC00A368002B00F0BC8041F00801218388F37A
:100FBC001188BFF36F8FA168002900F0BA800D680B
:100FCC00002900F0B680D1F8048033465246204602
:100FDC00C047002D76D02B6829461D46F0E701F05E
:100FEC0007035A1F012A1BD8002221F00701062BE8
:100FFC00276889B2C4E9002209D13B4603E0628B21
:10100C00013262831B68002BF9D141F0020121836C
:10101C00204606F0C7FA00287AD041F0200176E08D
:10102C00042B0AD121F0070189B22183204606F056
:10103C00B9FA10B141F020012183218B01F0070A8C
:10104C00AA454FD00027B946AAE7236921F007012A
:10105C0041F00601062DD3F8009021832DD1B9F172
:10106C00000F3FD041F00801218388F31188BFF3B2
:10107C006F8F3A492046C84729E021F007012369C0
:10108C0041F0040189B2042DD3F804902183E6D0F9
:10109C0000273E464FF0040A82E721F0070123693E
:1010AC0041F0050189B2052DD3F808902183D6D0E3
:1010BC0000273E464FF0050A72E700273E464FF0E8
:1010CC00060A6DE72B4687E7B9F1000FD1D1EFF394
:1010DC001188202383F31288BFF36F8F238B23F0A7
:1010EC0008032383258BEA062ED525F010032383D2
:1010FC0005F007056669218B002EBFF670AF002343
:10110C002768C4E9003321F0070141F00101218374
:10111C00218B01F0070AAA454FF000097FF440AF7C
:10112C00002F9CD041F00801218388F31188BFF374
:10113C006F8F002FC8D03D68394633465246204643
:10114C0006F05CFA2F46F4E7AB067FF51BAF25F0F3
:10115C002003238305F0070500E700BF3576000068
:10116C002DE9F047DFF85880044607464FF0010997
:10117C0014B93846BDE8F08794FAA4F5B5FA85F5AC
:10118C0009FA05F32E0108EB05156FEA030A24EAA8
:10119C0003042B7B002BEBD058F806301B694BB9A2
:1011AC004644042273682846196807EA0A0706F0C1
:1011BC0005FBDDE7284698470028D9D1F0E700BFAA
:1011CC00DC93000030B51049104889B0002207F0BC
:1011DC0077FD0F4D0F4900220023CDE90623002493
:1011EC000E23CDE90334CDE901440B4B00944FF4AD
:1011FC004072284603F0EAFD0849284603F060FDDA
:10120C00204609B030BD00BF2D120000101900207F
:10121C00581400204034002059150000B59A0000E5
:10122C00014803F0B9BC00BF441400202DE9F0477D
:10123C00804621480F4606F0A1FA0646002833D016
:10124C0000252846BDE8F087237B83B12368DB6843
:10125C000BB120469847636883F8069023681B6996
:10126C00D3B9636804221968204606F0A7FA013640
:10127C0010345445E8D3B8F1000FE2D0002DDFD084
:10128C002846FFF76DFF0546002FF7D000214FF4DD
:10129C00A47007F0A9FCF1E7204698470028E0D09D
:1012AC0009FA06F31D43E2E7044CDFF814A00546E7
:1012BC004FF00109DDE700BFC81B0020DC930000E4
:1012CC00EC930000014B53F820007047DC960000B3
:1012DC0008B5034608462BB1044A136000F07AFCAB
:1012EC00002008BD6FF01500FBE700BFDC100020EC
:1012FC0010B5044C237813B9034803F04DFC0123BB
:10130C00237010BD003400204414002010B5044696
:10131C000B4806F033FA5CB1BFF35B8F094B53E813
:10132C00001F013943E80012002AF8D1BFF35B8F8C
:10133C00054807F0D1FC0548BDE8104003F02CBC73
:10134C00C01B0020C41B00201019002044140020D6
:10135C000020064BBFF35B8F014653E8000F43E8B8
:10136C000012002AF9D1BFF35B8F7047C01B00201D
:10137C0070B5FFF7EDFF084C084E0546B44200D39C
:10138C0070BD63685B792BB123685B6813B1294628
:10139C00204698471034F1E7DC930000EC930000F2
:1013AC0010B5044C0449204605F095FF034B1C6016
:1013BC0010BD00BF08140020C8960000B81B002008
:1013CC000D4A0E48002310B513700D4A13600D4AD8
:1013DC004FF400411360FFF77BFFFFF7E1FF0A4B6F
:1013EC000A4918468B4200D310BD1A1A5C681211B8
:1013FC00013222711033F5E70134002085770000AB
:10140C00C01B0020C41B0020DC930000EC930000E8
:10141C00014600220148002305F07EBF081400207D
:10142C00014806F017B800BF08140020024B014613
:10143C00186806F063B800BFB81B0020014806F01E
:10144C0098B800BF0814002070B5294B18780028F4
:10145C004DD0FFF7E5FF0546002845D1254B264C1E
:10146C001B68002B19DD07F029FC4FF47A72A0FBE6
:10147C00020302FB0131C30BD4E9002043EA4143D0
:10148C009B1A4FEAD13140F2E93261EB00019342F1
:10149C0071F1000101D3FFF76BFFD4E9003213F5B2
:1014AC007A7342F10002C4E90032BDE87040FFF7E4
:1014BC00C5BF63685B7923B1236829461B68204646
:1014CC0098471034B442F4D32846FFF7AFFFBFF36C
:1014DC005B8F0A4B53E8001F013943E80012002AC6
:1014EC00F8D1BFF35B8FB9E7054C064EEAE770BD48
:1014FC0000340020C01B002008190020C41B002051
:10150C00DC930000EC93000070B50D4D297861B9A7
:10151C000120FFF78BFE0B4C0B4EB44206D3FFF7AA
:10152C0093FF0028FBD101232B7070BD63685B799E
:10153C001BB1236820469B6898471034EDE700BF29
:10154C0001340020DC930000EC93000000212DE915
:10155C00F0470846FFF76AFE044658B340F2676846
:10156C004FF0000907F0C0FD1B4B1C4A1B581360C1
:10157C0033B11B4B1B68092B02DD1A4803F00CFB23
:10158C00194FDFF860A0002544B12046FFF7E8FDB5
:10159C00044618B94FF0FF384FF0FF39FFF754FFEE
:1015AC00064628B9B5B942464B46504603F028FBCF
:1015BC003546E9E74FF0FF384FF0FF39D2E72B689B
:1015CC009B691BB100221146284698471035BD4235
:1015DC00F5D3E8E7054DFAE708000000BC1B002036
:1015EC00C41B002044140020EC930000DC9300008A
:1015FC0013B5184806F0C2F8174B1B7873B1EFF30C
:10160C001184202383F31288BFF36F8FFFF71CFF25
:10161C0084F31188BFF36F8F02B010BD0F4B1B68A2
:10162C00002BF9D050B900220023CDE900230C483F
:10163C004FF40042002304F025F9EDE70928EBD123
:10164C00074807F049FB074802B0BDE8104003F01B
:10165C00A3BA00BFC41B002001340020BC1B002017
:10166C00101900204414002010B5064B1B680446CA
:10167C0098472146A060044805F0CDFEBDE8104017
:10168C00FFF7B6BFDC10002008140020044A054BFD
:10169C009B1AB1EBD30F34BF52F8310000207047C6
:1016AC0094930000DC9300002DE9F04F8FB004AF51
:1016BC00C1F34A28B8600D4691467B600C0DB8F119
:1016CC00000F63D0002607F114034FF0040B4FF00A
:1016DC000A0AC7F80C80C7E907667E620193CDF849
:1016EC0008B0CDF800A007F11C03F9683246484653
:1016FC00FFF722FAB0F5006F03461CD36C468AB094
:10170C00D9F8041004AB2648C3E9050140F2FF7177
:10171C00D9611A464FF400711984224B42F8103FDC
:10172C00214833464FF41251FFF7BEFFA5462C3724
:10173C00BD46BDE8F08FC0F30A0804F11700184449
:10174C0020F0070080083B60FFF762FE68F353252A
:10175C00044690B13B68154AC7E9083600F1100100
:10176C0007F11403F961CDE900A3CDF808B0F968CD
:10177C0007F11C034846FFF7DFF968F353257B6834
:10178C00B9682A46204606F039F8D0E704F117006C
:10179C0020F007008008FFF73BFE0446EDE700BF92
:1017AC00CA9A000004000001A4930000DB7700003B
:1017BC002DE9F04F87B0DDE91279DDE9105A0446C6
:1017CC00039193469846BFB1CDF800903B465246E4
:1017DC0010210020CDF81490FEF7DCFFB0F5006F5F
:1017EC0006460AD3184A194840F2FF73022107B083
:1017FC00BDE8F04F06F05BB83E4605F117003044EB
:10180C0020F0070004F007048008FFF701FE0BF03E
:10181C00070BE40044EA8B1444EA462444EA0554DA
:10182C00054640B13FB1CDF800903B46524631469B
:10183C001030FEF7AFFF039943462246284607B007
:10184C00BDE8F04F05F0DABF099B0000A49300003F
:10185C00406820B1034BC01A40F3CF0070474FF0E3
:10186C00FF307047949300000EB403B503AB0146F0
:10187C0053F8042B0448019301F088F802B05DF88A
:10188C0004EB03B0704700BF05790000CA0605D40D
:10189C008B064CBF02490349FFF7E6BF704700BFF8
:1018AC00429B0000419B00002DE9F04F89B09B4604
:1018BC00149B06939DF84CA0159B0593169B179EA5
:1018CC00049304460D469046BAF1000F00F09D803B
:1018DC0006F48073079305F06FFF06F002090246C9
:1018EC0000283ED091492046FFF7BEFF0746B9F1CC
:1018FC00000F08D016F0440F35D18D492A462046EA
:10190C00FFF7B2FF074406F0010353B1894B8A4934
:10191C0053F82A20894B2046002A08BF1A46FFF7A5
:10192C00A3FF06F48073002B49D006F00803002BAC
:10193C0063D1B8F1000F66D0814942462046FFF7CB
:10194C0093FF0546069B3D44002B6DD1049B002B59
:10195C0073D1F30700F1E48031462046FFF796FF80
:10196C00D8E00746C3E7774B18680028CAD0764BF7
:10197C004FF47A791B68B5FBF3F54FF46163B5FB53
:10198C00F0F100FB115509FB05F54FF03C0CB1FBD8
:10199C00F3F203FB1211B5FBF0FEB1FBFCF300FB01
:1019AC001E550CFB131109FB05F50091B5FBF0F569
:1019BC006649CDE901E52046FFF756FFA2E706F0A0
:1019CC000803EBB1624B634953F82A202046FFF71A
:1019DC004BFF0546B8F1000F05D059494246204649
:1019EC00FFF742FF0544BBF1000FABD05A495A46F2
:1019FC002046FFF739FF0544A4E74FF0000BE1E761
:101A0C0006F00805E6E745469CE7BBF1010F069B8F
:101A1C0006D1002B64D1049B002B7BD000250CE05D
:101A2C00002BF8D04D485CE04D48069B4D492246B2
:101A3C0005F0E9FA049B002B68D0DFF82C81DFF865
:101A4C002C91049F3146102F204628BF1027FFF7FA
:101A5C001DFF4FF0000B5D4545DC059B49461A7890
:101A6C002046FFF701FF4FF0010B1BF0070F03D1CE
:101A7C0041462046FFF7F8FE5F453BD9059B49469A
:101A8C0013F80B202046FFF7EFFE0BF1010BBBF117
:101A9C00100FEAD1364920464FF0000BFFF7E4FE59
:101AAC005A46059B9A5CA2F120015F2928BF2E2281
:101ABC0030492046FFF7D8FE0BF1010BBBF1100F9C
:101ACC001DD01BF0070F03D141462046FFF7CCFE7B
:101ADC005F455A46E5D841462046FFF7C5FEEBE781
:101AEC001F485546A1E741462046FFF7BDFE0BF1C6
:101AFC00010BB0E720492046FFF7B6FEC5E7059B72
:101B0C003B440593049BDB1B04939AD1BAF1000F61
:101B1C007FF41FAF204609B0BDE8F04F05F0DFBEE3
:101B2C00064A05492046FFF79FFE15E7499B000032
:101B3C004D9B0000EC960000D6A10000449B0000D9
:101B4C00729B0000D01B0020CC1B0020569B000079
:101B5C0000970000769B00007C9B00003B79000006
:101B6C000579000099290000899B0000819B0000E9
:101B7C008B9B00008D9B0000879B000073B542F28D
:101B8C000F738B4228BF0B4605680F4A044605218C
:101B9C00684603F0AFFE63680C495B6806460B228F
:101BAC00284605F08EFE63683246694628465B6817
:101BBC0005F087FE636806495B681B22284605F022
:101BCC0080FE02B070BD00BFF69C0000AC9B000014
:101BDC00909B0000074A00210123904206D8064A38
:101BEC0001B901231360054B1860704740085B0076
:101BFC000121F2E740420F00CC1B0020D01B00203B
:101C0C00014B01221A70704702340020014B002056
:101C1C0019607047E81B00200148FFF7AFBF00BFF9
:101C2C003097000010B5064B18680C46FFF74AFBBE
:101C3C0021460346BDE8104002480F22184700BF5A
:101C4C00E81B002030970000F8B5094D094B0A4EEF
:101C5C00D5E9004701221A700CB92C60F8BD214659
:101C6C0030463A4600F01EF8241A0644F4E700BF4A
:101C7C00DC1B0020033400200434002010B9074B77
:101C8C0018707047064B1B781BB141F2883006F078
:101C9C00CCBEA420002106F0A7BF00BF0234002058
:101CAC00033400202DE9F047DFF878901E4F804672
:101CBC000E46042499F80050A5B906F0A9FE324648
:101CCC0082464146284602F01DFD0546504606F068
:101CDC00A7FEE5B101233B7099F8003073B930468B
:101CEC00BDE8F08732464146002002F00BFD054668
:101CFC00EFE72046FFF7C2FF651E2C46002002F0DE
:101D0C008BFD0028EBD03B78002BF2D1E7E73B783A
:101D1C00002BE4D0013C2046FFF7B0FF3B78002BB2
:101D2C00C8D1DCE70334002002340020014B0360EF
:101D3C00002070474097000008B5044805F0BBF937
:101D4C00BDE80840024805F0B6B900BFE89B0000AA
:101D5C001D9C000008B50348034A0021121A05F027
:101D6C0029FE08BD581400201C3400200748084ADE
:101D7C00084908B5121A05F01FFE0748074A08491A
:101D8C00BDE80840121A05F017BE00BFC0100020B5
:101D9C005414002024A40000B8100020C01000200F
:101DAC001CA400002DE9F047064600AF0C460029A4
:101DBC0036D0E9468AB0D1E90012A3686D462148B5
:101DCC00A8464FF0050AC5E90501C5E9072348F8FF
:101DDC0010AF1D48424600234FF42151FFF764FC1D
:101DEC00CD46D4E903126369AD461848C5F810A076
:101DFC00C5E90501C5E907231348002342464FF402
:101E0C002151FFF751FCCD46E369114A0E480121DF
:101E1C0005F04DFDA3690F4A0B48012105F047FD64
:101E2C00012E07D1EFF305830B4A0748103B3146CF
:101E3C0005F03DFD2146304602F01EFDBD46BDE8D5
:101E4C00F08700BF4B9C0000BC9300007A9C000004
:101E5C00A99C0000B89C0000E69C000030BFFFF776
:101E6C00FDBF00BF2DE9F0410B4EDFF8308006EBD3
:101E7C000807CC1B054632460949204606F048FFA8
:101E8C00A01942460021083C06F050FFC5F8A440BA
:101E9C0007F10800BDE8F08100000000040000001C
:101EAC0030940000054B5A699B689A421FBF044A44
:101EBC00536843F080535360704700BF101D0020DF
:101ECC0000ED00E070B5294C06460D46284829491E
:101EDC0005F07FFDA36AD9043CD52548264905F0B9
:101EEC0078FD1720A36A1A0504D52148234905F06B
:101EFC0070FD18201D4CA36A9B0512D51C48204967
:101F0C0005F067FDA36BA26A100409D51D4A184899
:101F1C00012105F0CCFC1EB1A36A23F40043A3629B
:101F2C001920124CA36A590504D51148164905F01D
:101F3C0050FD1A20A36ADA050ED50D48134905F099
:101F4C0048FD1B20094A936A43F47F4393620023A4
:101F5C002B7070BD1620C5E7A36A9B04F2D504480C
:101F6C000B4905F036FD1C20ECE700BF00ED00E04E
:101F7C00BC930000F99C00000F9D0000209D000008
:101F8C00339D00004C9D0000619D00007C9D000075
:101F9C00949D000010B5204C2049214805F019FDF6
:101FAC00A36A990136D51E481E4905F012FD1E2064
:101FBC00A36ADA0104D51A481B4905F00AFD1F2053
:101FCC00154CA36A1B0304D51548184905F001FDEF
:101FDC002120A36A590304D51148154905F0F9FCD1
:101FEC0022200D4CA36A9A0304D50D48114905F023
:101FFC00F0FC2320A36ADB0304D509480E4905F045
:10200C00E8FC2420044A936A6FEA03436FEA134303
:10201C00936210BD1D20CBE700ED00E0C39D0000D6
:10202C00BC930000DB9D0000EE9D0000089E0000AC
:10203C00269E00004B9E0000659E00002DE9F84393
:10204C00364D8046894636483649174605F0C1FC60
:10205C00AB6ADE0627D53449314805F0BAFC1124A9
:10206C00AB6A1D0704D531492D4805F0B2FC12248A
:10207C002A4DAB6A980718D52D49294805F0A9FCBB
:10208C006E6BAB6A190646D52A4A254833460121A0
:10209C0005F00DFCB9F1000F03D0AB6A23F08003FF
:1020AC00AB62132403E01024DAE76FF015061B4D26
:1020BC00AB6ADA0704D52049194805F08AFC1424C8
:1020CC00AB6A9B0604D51D49154805F082FC152406
:1020DC00124B9A6AD50602D49A6A90070AD55B68A5
:1020EC00190507D54146304600F07EFA10B180F351
:1020FC0009880224094B9A6A920642BF5A6A22F452
:10210C0000525A629A6A42F0FF029A6200233B70B4
:10211C002046BDE8F8836FF01506C2E700ED00E03D
:10212C00BC930000909E0000A69E0000209D000025
:10213C00D99E0000F19E0000079F0000949D0000B6
:10214C002DE9F041664B8AB0D3F8048000AF044609
:10215C00C8F30805002686F31188BFF36F8F02F0D1
:10216C007F43B3F17F4F07D102F00C03082B12D140
:10217C005C495D4805F02DFC002634460023FB71BC
:10218C00EB1E092B00F28A80DFE803F00A80837CC7
:10219C0088888888888610074CBF0C460126EDE796
:1021AC00524951484E4D05F014FC0023FB71EB6A6B
:1021BC009A0705D54E494C4805F00BFC002332E03C
:1021CC00EB6A002B01DA4B49F5E7EB6A5B00F5D5BE
:1021DC004949454805F0FDFB6B69A26943F48073DE
:1021EC006B61BFF34F8FBFF36F8F6B6932F8022CAB
:1021FC0023F480736B61BFF34F8FBFF36F8F4DF67A
:10220C0002739A4208D0AB6ADBB273B3FA1D012198
:10221C002046FFF713FF37E02368384A3248012184
:10222C0005F045FB2368FA79DAB907F1080504F1E2
:10223C00200C206861682A4603C2083464451546A0
:10224C00F7D17A6A002E45D0C2F3080121B96FEAA2
:10225C0052226FEA42227A6207F108011846FFF710
:10226C00A1FD2837BD46BDE8F081AB6A13F47F4F62
:10227C0004D0F91D0120FFF725FE05E0AB6AB3F58C
:10228C00803F9BD3FFF786FE0346CCE7FA1D002167
:10229C00BEE7F91D0020EEE719498CE7194A1A4BE5
:1022AC0018F4F87FE8468AB018BF13466A461749F7
:1022BC00C2E905134FF400731384103D144BD56120
:1022CC0042F8103F084800234FF41151FFF7ECF986
:1022DC00C54673E722F4FF7222F00102BBE700BF90
:1022EC0000ED00E0549F0000BC9300007F9F0000B5
:1022FC00969F0000B79F0000C59F0000E49F000060
:10230C0000A000003B9F0000269F000024A00000BE
:10231C0004000001044B5A6942F010025A615A69D8
:10232C0022F008025A61704700ED00E0EFF30880DC
:10233C00EFF3098101B57246FFF702FF01BD00BF43
:10234C00002080F31488BFF36F8F114880F3088846
:10235C0000201049087001F0BDFC00200E490860F7
:10236C00BFF34F8F00F02EF8202080F311880B481C
:10237C004FF40461401880F30988EFF314800221B4
:10238C00084380F31488BFF36F8F00F0FDF8000052
:10239C00404500201934002094ED00E080370020E7
:1023AC000749D1F890200023C2F307221846934224
:1023BC0000DB7047C1F89830C1F8A0000133F6E794
:1023CC0000ED00E008B572B6002383F31388FFF725
:1023DC00E7FF144B4FF0FF32C3F88020C3F8842082
:1023EC00C3F88820C3F88C20C3F89020C3F894203D
:1023FC00C3F89820C3F89C20C3F88021C3F884212B
:10240C00C3F88821C3F88C21C3F89021C3F8942118
:10241C00C3F89821C3F89C2162B6BFF34F8FBFF36A
:10242C006F8F08BD00E100E0084B9B6883420BD125
:10243C00EFF3058343B1064B5A6842F080525A6061
:10244C005A6A22F400425A6202F018BF101D002092
:10245C0000ED00E015498A684FF030001044EFF3AE
:10246C00098C80E8F01F202080F31288BFF36F8F57
:10247C000F4F4FF000664A698A603E60D2F8A400A4
:10248C000C4C2060D2F8A8000023C2F8A83080F3CE
:10249C00118804B5104600F00FF9BDE8044002F1B4
:1024AC00300090E8F01F8CF309887047101D002055
:1024BC0004ED00E0EC1B00201EF0040F0CBFEFF34A
:1024CC000880EFF30980816911F8021C0229FFD002
:1024DC0001B5724605F072FA01BD00BF40B200288A
:1024EC0007DB044A4109012300F01F00834042F836
:1024FC002130704700E100E040B200280CDB4309BA
:10250C00064900F01F0020330122824041F82320AD
:10251C00BFF34F8FBFF36F8F704700BF00E100E038
:10252C00054B420900F01F0053F82220012303FA47
:10253C0000F01040704700BF00E100E040B20028FE
:10254C00A8BF00F1604001F10101B8BF064B4FEA92
:10255C004111ACBF00F5614000F00F00C9B2B4BF2F
:10256C00195480F80013704714ED00E0044B054A31
:10257C0023F07F039360BFF34F8FBFF36F8F7047D0
:10258C000000000000ED00E008B5FFF7EFFF074A80
:10259C00D2F8883023F47003C2F88830FFF7DAFBE6
:1025AC00FFF7E4FB00F05EF802F08EFA00ED00E0BD
:1025BC0042F8203C009B42F81C3C0A49019B42F823
:1025CC00183C029B42F8143C21F001014FF080733F
:1025DC0042F8043C42F8081C0023203A0265C0F87B
:1025EC00A83070471D0F00000A4A0346906878B166
:1025FC0013F1160FD0F8940005D0A0F140029A42C6
:10260C0005D8834203D2814228BF002070470020A6
:10261C00704700BF101D002008B515460C4A0D4B25
:10262C009060D0F8A4201A600E4600F045F82C46B5
:10263C0086F309880020044B98472046002100228D
:10264C000023024C20470000F57900001D0F00000C
:10265C00101D0020EC1B0020014B10221A6170474A
:10266C0000ED00E0044800232021C2180133272B81
:10267C0082F80013F9D1704700E100E008B5EFF3E0
:10268C000583064A103B02EBC30152F8330049683C
:10269C008847BDE80840FFF705BC00BF0892000062
:1026AC00024B034A0348012100F08CB800000120C2
:1026BC000000002040970000D0F89420054B403AD1
:1026CC001A60054A4021C3E901121846012100F0A5
:1026DC0083B800BFF01B002000000B1508B50346A3
:1026EC001048D0F89020C2F30722013A934207D940
:1026FC000D480E4A012105F0DAF86FF0150008BDFF
:10270C00C0F898300A6822F01F021A4342F01002F7
:10271C00C0F89C208A6842F00102C0F8A02018463C
:10272C00EDE700BF00ED00E0B49300003BA000001B
:10273C00F0B50E4685B01F4604460025B5420DDAAD
:10274C00606810B397B1431E18420AD0104A114862
:10275C002B46012105F0ABF86FF01502104605B0C1
:10276C00F0BD1F28F2D921680B42EFD123680193E9
:10277C0005F05DF9A36801A90343D0B20393FFF7F9
:10278C00ADFF10F1160FE7D0421C01350C34D5E724
:10279C0061A00000B4930000044B0522C3F8942000
:1027AC00BFF34F8FBFF36F8F704700BF00ED00E09A
:1027BC00BFF35F8F024B0022C3F89420704700BF19
:1027CC0000ED00E010B5034C01232278FFF7B0FFB9
:1027DC00207010BD1434002008B50B4A0023127869
:1027EC00FFF7A6FF10F1160F07D0084A0021D2F808
:1027FC009030C3F30723984200DB08BDC2F8980061
:10280C00C2F8A0100130F2E71434002000ED00E013
:10281C002DE9F04357485849D0F890300D68C3F370
:10282C0007239D4285B000F2A180FFF7C1FF4968E4
:10283C000022954201F10C011AD1504C504F2570D9
:10284C006846FFF773FADFF83C81DFF83C910646E7
:10285C000025AE421FD1237846490020D1F89020A4
:10286C00C2F3072293427BDBFFF796FF00204CE07C
:10287C00C0F8982051F80C3C23F01F03134343F08D
:10288C001003C0F89C3051F8043C43F00103C0F82D
:10289C00A0300132CDE7009800EB05114FEA051C82
:1028AC00CB683B40B3F5000F44D00AD8B3F5001FFA
:1028BC002ED0B3F5800F34D0B3F5801F10D0013576
:1028CC00C7E7B3F1807F3ED0B3F1007FF7D150F86A
:1028DC000C3088684A6805F0AAF840F4802009E0BA
:1028EC0050F80C3088684A6805F0A1F840F0885020
:1028FC0040F43020039001A92078CDE90123FFF7A3
:10290C00EDFE002828DA6FF0150005B0BDE8F08365
:10291C0050F80C3088684A6805F089F840EA0800DD
:10292C00E8E750F80C3088684A6805F080F840EA0F
:10293C000900DFE750F80C3088684A6805F077F832
:10294C0040F08270D6E750F80C3088684A6805F081
:10295C006EF840F08870CDE7237801332370AEE732
:10296C00C1F89830C1F8A000013377E74FF0FF3081
:10297C00CBE700BF00ED00E04C97000014340020C2
:10298C000000F0FF0000081100000206F0B587B04F
:10299C0007460E4614460021102268461D4606F0D6
:1029AC00C5F902238DF802302A46054B01932146C6
:1029BC006846CDE9047603F08DF807B0F0BD00BF92
:1029CC005B7A000008B5024B1B689847002008BDD5
:1029DC00FC1B0020034B044A1860937843F002035D
:1029EC0093707047FC1B0020E010002008B50649CE
:1029FC00064821F00701C1F1005202F5803204F0C3
:102A0C00AAFA002008BD00BF87450020001C00204A
:102A1C00044A0123C2F840354FF080420020C2F82E
:102A2C007835704700E0014048B1054B054A1B68FA
:102A3C00B3FBF2F35843044B43F0010318477047C0
:102A4C002012002040420F003094000008B50448CA
:102A5C00044A3F23C0E9002301F078FA002008BDA6
:102A6C000C1C0020FFFF0F00084B70B5C31A0D465D
:102A7C0007499B10044659430648402204F0FBFFCB
:102A8C002B4601462046BDE870401847281C002004
:102A9C00B76DDBB66891000073B50C4C0C4A402343
:102AAC00041B00930D460B460A49A41061430646CD
:102ABC00094805F00BF8011E05DA30462B4602B02A
:102ACC00BDE87040184702B070BD00BF281C002044
:102ADC00417B0000B76DDBB6689100000022F8B5B1
:102AEC00012105461046FFF729FD104801F056FA62
:102AFC000446B8B901F072FA2F690D49384604F052
:102B0C00A0FD031E09DB01263E642D69084905F171
:102B1C001C0004F096FD031E02DA1C462046F8BD8C
:102B2C00EE64FBE76FF00404F8E700BF8D2C0000A7
:102B3C006C9700001FB500220123CDE90223094A3E
:102B4C00CDF800D06B46CDF804D004F0ECFF002893
:102B5C0005DB4FF480420023684602F051F805B0C3
:102B6C005DF804FB537B000010B5064C23782BB9A1
:102B7C004FF4A57005F059FF01232370BDE81040F8
:102B8C0001F0E4BA1534002010B5EFF311842023C2
:102B9C0083F31288BFF36F8F074A136823F0020187
:102BAC00DB07116002D4012005F0FFFA84F31188D1
:102BBC00BFF36F8F10BD00BF781C002030B4104BDA
:102BCC000C2202FB003301460020D3E90E5298631D
:102BDC00EFF31180202484F31288BFF36F8F1C6CE9
:102BEC0004F0C00444F002041C6480F31188BFF3A9
:102BFC006F8F1DB12B46034830BC184730BC704753
:102C0C00281C00206891000010B4EFF311822023DF
:102C1C0083F31288BFF36F8F1748016841F00204E9
:102C2C000460C80707D482F31188BFF36F8F0120AB
:102C3C0010BC05F0B2BA4FF08041D1F80C04D1F8B9
:102C4C000C14C907EFD5EFF3118083F31288BFF38F
:102C5C006F8F0A490B6C03F0C00343F002030B6443
:102C6C0080F31188BFF36F8F82F31188BFF36F8FDE
:102C7C00002010BCFFF7A2BF781C0020281C0020ED
:102C8C0010B1012804D07047034B1B6C5B0701D1BA
:102C9C00FFF794BF704700BF281C00202DE9F041BE
:102CAC003849BFF35B8F0746012251E8003F41E8EA
:102CBC0000200028F9D1BFF35B8F33B93249334878
:102CCC004B60CB608A6004F0CFFC7B1E012B2BD8B1
:102CDC00012F07D14FF08043D3F81C3403F00303CA
:102CEC00012B21D005F0E7FE0546F8B9284B1B78DF
:102CFC00E3B14FF080430222C3F808230646DFF805
:102D0C0094804FF08044D4F81824D4F81834D203AB
:102D1C0015D503F00303012B01D0012F0FD155B3AF
:102D2C0086F31188BFF36F8FBDE8F081EFF3118646
:102D3C00202383F31288BFF36F8F0125DFE7ADB13A
:102D4C00304604F065FED4F81835002BDBD1D4F8EE
:102D5C000421002AD7D0C4F80431D4F8043101235B
:102D6C00C4F81835C8F88031A360CCE700212120C5
:102D7C0005F03AFFE7E74FF080430222C3F8042343
:102D8C00D2E700BF241C0020141C0020441C00208F
:102D9C001934002000E100E010B5044C2046FEF789
:102DAC00B1F82046FFF716FE002010BDBD2D000027
:102DBC0073B5104E8DF807000446032501220DF162
:102DCC000701002001F00EFD20B1012333702046D5
:102DDC0002B070BD3378002BF9D0013D08D005F05E
:102DEC006AFE0028EAD10021422005F0FDFEE5E74D
:102DFC003570ECE716340020430970B507D10B4B46
:102E0C00596821B101250C68094E854001B970BD86
:102E1C008A682A4002D04B68304698471CB1236818
:102E2C0021461C46F2E72346FAE700BF7C1C002033
:102E3C008891000038B54568A86890B105F018FC79
:102E4C00014670B9A86805F0F7FB044658B902466C
:102E5C000649A86805F0E1FB224605210620FFF78C
:102E6C006DFB002038BD6FF00400FBE7052E000061
:102E7C002DE9F0435B4E5C4F00EB810140F2FF15F6
:102E8C00814202D10020BDE8F083046814F4804F25
:102E9C00C4F3C32CC4F3080340F09080240E16F83E
:102EAC000CC0AB4208BF4FF0FF33192C00F28980E5
:102EBC00DFE804F00D13191C1F251C878787873644
:102ECC0063878787878787878787667B7E81C2F83A
:102EDC000C355C1C5ED10430D2E7C2F814355C1C96
:102EEC00F9D000245FE0C2F80835F2E7C2F81035DB
:102EFC00F5E75C1CC2F80835EDD0002404E05C1C3E
:102F0C00C2F80C35E7D001245FEA531E5CD14FF0B8
:102F1C0001084FF0A04E08FA03F9CEF80C950AE020
:102F2C00C2F80835BCF1000FD9D15C1CD3D00024F9
:102F3C00A0464FF0060CD0F8009009F4004EBEF1FC
:102F4C00000F1CBF4FF00008012403F01F0E5B099B
:102F5C0042D14FEA8E0E0EF1A04EC9F34129DEF894
:102F6C0000373B4043EA890343EA0C2343EA080356
:102F7C0043EA4403CEF80037ADE7C2F80C35D1E78D
:102F8C00C2F86035B3F1FF3F0468A4D0C4F3004429
:102F9C00002CB8D05C091BD101244FF0A04E04FAD0
:102FAC0003F8CEF80885A046C5E7C2F86435E9E712
:102FBC00C2F86835E6E7C2F86C35E3E76FF0150048
:102FCC0061E76FF085005EE70023C3F80C35FFDE88
:102FDC000023C3F80835FAE70EF5E07E002353F81A
:102FEC002E30F4E7CEA00000F0F8FCFF2DE9F04104
:102FFC00044647680D4605F05EFD4FF0200888B981
:10300C00264B1B7873B16426606804F056FFF0B948
:10301C00012005F06FF8013EF6D10021212005F0CA
:10302C00E3FDF0E7EFF31186314688F31288BFF326
:10303C006F8F606804F041FFA8B986F31188BFF365
:10304C006F8FEFE786F31188BFF36F8FE5E7EFF330
:10305C001186314688F31288BFF36F8F606804F0D5
:10306C002CFF0028EED0BB691D706368BA691B6821
:10307C000020C3F844250122C3F84825C3F82001D9
:10308C00D3F82041C3F85801D3F858019A6081F362
:10309C001188BFF36F8FBDE8F08100BF1934002099
:1030AC002DE9F0410022054601210220FFF746FAE6
:1030BC000220FFF713FA6C680121E06804F02EFF80
:1030CC006B681A682369C2F82435637D217D0B4334
:1030DC00C2F86C356F68D7E9004313F0010346D092
:1030EC00D5F8108004F10C0108F1080204F5907079
:1030FC0005F03DF8061E07DA2A4A2B48012104F098
:10310C00CDFB3046BDE8F08198F8080000F032FFA6
:10311C000823C4F80035BB69C4F844350023C4F84F
:10312C0048350123A360D4F85831002BFBD000267E
:10313C00C4F800656B683146D86804F0EFFE6D6822
:10314C0031462C68E86804F0E9FE0823C4F8003521
:10315C002A7A52B9EB69C4F834350123C4F83835EE
:10316C00C4F81021D4F8102123600026C9E70822E6
:10317C00C4F80025BA69C4F84425C4F848350123BD
:10318C00A360D4F82031002BFBD00023C4F82031ED
:10319C00D4F820310123E3604FF48073C4F8043376
:1031AC00C1E700BFD6A00000D49300002DE9F04386
:1031BC0083B045680669D5F8208000AF3A1D002120
:1031CC00404604F04DFE041E19DB7B68D8F8002045
:1031DC0019791868FFF74CFE041E10DBA96A481C0D
:1031EC001AD0686A04F03DFF10F1130F04460BD19E
:1031FC00304A3148012104F0A3FE6FF0120420463E
:10320C000C37BD46BDE8F083411D05D12B4A2A4839
:10321C00012104F095FEF2E7EB699847B5684FF091
:10322C000108D6E9023203EBC2039D4204D33046B7
:10323C0004F0B9FE0024E2E7286805F012FC03460E
:10324C00B0B92A68297910686C468AB06A461C4D58
:10325C00D1614FF4007111841A49C2E9055042F84A
:10326C00101F15484FF41151FEF71EFAA546C4E77E
:10327C0028682979EB88D0F810C0D0F80890DCF8D1
:10328C000040DA0754BF43F4B01383F4D01323F493
:10329C00801208FA01FEDB074CBF44EA0E0424EA54
:1032AC000E04CCF80040D9F800309847041EA6DB79
:1032BC000835B6E713A10000CC9300003EA1000036
:1032CC005BA100000400000138B503780C4663B91B
:1032DC008D6D5DB94B6D1C696FF07303236304F145
:1032EC00200001F059FC84F85C5038BD8B6C33B174
:1032FC009D4213D9224A2348012104F021FE236D5B
:10330C00A26D33B19A4221D91D4A1E48012104F005
:10331C0017FE606DBDE8384004F06FBE5B1B8B641C
:10332C0073B94B6B08334B638B6B013B8B6301F1B4
:10333C00480204F13400383104F00EFE6064DEE71C
:10334C004B6C002BDBD02B444B64D8E79B1A2365CA
:10335C007BB9E36B0833E363236C013B236404F117
:10336C00500204F1400104F13C0004F0F5FDE0646E
:10337C00CFE7E36C002BCCD01344E364C9E700BF68
:10338C007FA10000CC9300002DE9F04F8BB000AF73
:10339C00C7E9023243687B608B88046989469904CB
:1033AC00804631D44FF0FF324FF0FF3304F1100060
:1033BC0001F026FCC4F80490D8F810A0D8F804B09A
:1033CC009AF85D3023B1DAF80030994500F0D680D8
:1033DC00B9F8046016F400631DD0B24AB24801215A
:1033EC0004F0AEFD6FF08505236813B19B889B0438
:1033FC0005D40023636004F1100001F0CDFB2846D6
:10340C002C37BD46BDE8F08FA369002BCAD1636889
:10341C009945C7D1D0E7F20716D56D4688B0D8F8D4
:10342C0000106A46A148C2E905014FF4007191836E
:10343C009F4942F8101F9C484FF4E251FEF734F9B3
:10344C00AD466FF01505CFE7350705D5994A964877
:10345C00012104F075FDF4E7C6F34513082B01D0E8
:10346C00954AF4E7D9F80050944B9D4201D8944A00
:10347C00EDE70BF1080EBEE80F0007F1140CACE8F9
:10348C000F00DEF80030CCF800308E4B9D4254D942
:10349C008D4B9D4254D98D4B9D4254D98C4B9D42A2
:1034AC0054D98C4B9D4254D98B4B9D422CBF4FF021
:1034BC0000454FF08045B007FD6106F004034BD585
:1034CC00002B14BF0323022387F82030C6F300130C
:1034DC0087F82130DBF80030D3F80825511C12D0C6
:1034EC0016F0020F02F01F00C6F340014FEA521211
:1034FC004FF0010334D1002A40F029814FF0A04253
:10350C008340C2F80C359AF85D302BB1584601F067
:10351C0007F800238AF85D305346704A07F114010E
:10352C00584600F0CDFF034618B36D4A5E480121A2
:10353C0004F0BDF96FF0040556E74FF00075BAE7DB
:10354C004FF08065B7E74FF00065B4E74FF080555A
:10355C00B1E74FF00055AEE7003B18BF0123B3E7CE
:10356C00002A40F0F7804FF0A0428340C2F80835A3
:10357C00C9E701238AF85D30CAF80090012384F86A
:10358C005C307B68996A4A1C09D0586A00F0E6F8EE
:10359C00743004D1534A4448022104F0D1FCFB6836
:1035AC00002B76D163630023A36304F1480204F17A
:1035BC00380104F1340004F0CFFCBB686064002BCC
:1035CC0040F09480E3630023236404F1500204F17F
:1035DC00400104F13C0004F0BFFCE06420680023CF
:1035EC00236348B183683BB10121083004F0C7FC68
:1035FC002368186905F019FA404604F0FEFC002314
:10360C00A06B1A4682427AD10022256C1146A9423F
:10361C007CD19342264638BF13464FF4FA5202FB34
:10362C0003F556F8203B4FF4004C1B68B5FBF3F543
:10363C0040F2E730C83500214FF47A720023E5FBE5
:10364C000C01FCF745FD02460B46304601F0D8FA5A
:10365C00002862D0244A1448012104F071FC4FF078
:10366C0000097868C4F8589000F05AFF84F85D900F
:10367C00D8F810506FF07308C5F8308005F12000B1
:10368C0001F08AFA85F85C90304601F0DFFA454685
:10369C0047E0FB681B686363002B84D0FB685B68A6
:1036AC0082E700BF9DA10000CC930000B7A10000F1
:1036BC0003000001D9A10000F8A1000047E80100B7
:1036CC0027A200008FD003001FA107003F420F006C
:1036DC007F841E00FF083D0000127A00D5320000E6
:1036EC0058A200007DA20000A7A20000BB681B68C6
:1036FC00E363002B3FF467AFBB685B6864E7616B07
:10370C0001EBC201013249680B447BE7E06B00EB33
:10371C00C10001314068024479E7256B15F1740F43
:10372C009DD02368002B3FF45FAE9A68002A3FF4CB
:10373C005BAE998811F480567FF456AE186905F08B
:10374C0074F920683146083004F019FC4CE6C1F8D5
:10375C000C15FFDE0023C3F80835FAE72DE9F0411C
:10376C000D46064604F0D5FF002207462946304692
:10377C0004F086FF6B0905F01F0429D1A40004F1A5
:10378C00A044164BD4F80027134043F00C03C4F8A4
:10379C00003704F09AFC80463368DB597BB1002774
:1037AC003046294604F0B3FFD4F800270B4B1340E6
:1037BC0043F00403C4F800373846BDE8F08104F048
:1037CC0084FCA0EB08000628E6D96FF07307E7E746
:1037DC0004F5E074002353F82430FFDEF0F8FCFF0E
:1037EC0070B5012383400E4ABFF35B8FDC4352E874
:1037FC00001F01EA040542E80056002EF7D1BFF382
:10380C005B8F4FF4803282400648C0F80823BFF328
:10381C005F8FBFF36F8F0B4214BF0120002070BD70
:10382C009C1C00200010014070B40E49D1E90034FA
:10383C00D01AC31844F10004C2F30E06C1E90034D7
:10384C00A6F58053B3F5C04F09D2074B1B685A0C31
:10385C00DB039C19054B42F10005C3E9004570BC24
:10386C0001F010BF68190020A01C00207019002066
:10387C0011B3BFF35B8F0123104A834052E800CF92
:10388C004CEA030C42E800C10029F7D1BFF35B8F6F
:10389C000B4A4FF480338340C2F80433094BBFF317
:1038AC005B8F1B68BFF35B8FC340DB0742BF064BCC
:1038BC004FF40032C3F80021704700BF9C1C00205D
:1038CC0000100140941C002000E100E030B5144BC6
:1038DC001868410CC003BFF35F8F124BD3F804354B
:1038EC0047F6FF7293420AD10F4AD2E9004584424F
:1038FC0075EB010209D3C01841F1000130BD181855
:10390C0041F10001B3F5006FF8D2074BD3E9002366
:10391C00904271EB0303F1D210F50040ECE700BFCD
:10392C00A01C002000100140701900202DE9F04F60
:10393C0085B016461F469DF840A00446FFF750FF81
:10394C000190FFF7C3FFB04271EB07035CD2301A52
:10395C0044F2010367EB0101984271F1000156D268
:10396C003D4B03EB0413D3E902239F4208BF96425D
:10397C0065D03A494FF4803804F1500508FA04F840
:10398C00AD002046C1F84883ADB204F092FBC6F3FB
:10399C000E0B05F1804504F5A87305F588355846DE
:1039AC004FF003090293C0F30E03002B029A08BFD9
:1039BC000120C0F30E0341F82230C1F84483D1F842
:1039CC0004356FF0020CACEB030C6044C0F30E003A
:1039DC0043F6FD72904232D9286868B1D1F80435AB
:1039EC000393A3EB0B00C0F30E00B0F5804F26D968
:1039FC00204604F05EFB039BBAF1000F07D109EBE4
:103A0C00030009F10109CEE7BAF1000F09D06FF0FC
:103A1C00150520460199FFF72BFF284605B0BDE898
:103A2C00F08F01230E4ABFF35B8FA34052E8000FC7
:103A3C00184342E800010029F8D1BFF35B8F064917
:103A4C000E98230101EB0412C8500F9B5360C2E97E
:103A5C0002670025DDE700BF481900200010014077
:103A6C00941C002070B5294C294BC4F80833C4F8B9
:103A7C004833284B284A00254FF0FF304FF0FF31D8
:103A8C004FF48036C4F80855C3E90201C4F8046346
:103A9C00C3E906014FF4003386B00121C4F80433A6
:103AAC001120C2F880312A46FEF748FD1120FEF79E
:103ABC0015FD1A4B01200322A06020601A60184BE0
:103ACC00009343F6FF720023CDE90155FFF72EFF5B
:103ADC000220FFF7E3F8134A13491368134823F045
:103AEC000103136047F6FF73C4F844630DF117022A
:103AFC00C4F8403504F03BFB002804DB9DF81700AC
:103B0C0000F038FA284606B070BD00BF0010014026
:103B1C0001000F004819002000E100E09C1C00206F
:103B2C0035380000981C002008100140401101405D
:103B3C002DE9F743374CD4F80433D90319D5402376
:103B4C000022990810290CD1D4F84031002B41D017
:103B5C000023C4F84031D4F840314FF48032442370
:103B6C00EFE70433502BECD11AB12B4A1368013315
:103B7C001360D4F804339A0329D5BFF35B8F274B1A
:103B8C0053E8002F22F0020143E800100028F7D17F
:103B9C00BFF35B8F930702D4D4F84431BBB100253B
:103BAC00C4F84451D4F84431FFF790FEEFF311827E
:103BBC00202383F31288BFF36F8F194BD3E9066769
:103BCC00B042B94108D282F31188BFF36F8F03B0B2
:103BDC00BDE8F0834423B4E74FF0FF384FF0FF39D2
:103BEC00C3E90689D3E904101D614FF40033C4F80E
:103BFC004833C4F84451D4F8443182F31188BFF3EC
:103C0C006F8F0029E3D0009032463B460120884755
:103C1C00DDE700BF00100140A01C0020941C002018
:103C2C004819002030B5431C85B043F6FF7223D0F1
:103C3C009042A8BF104601280446B8BF0124FFF7E4
:103C4C0045FE0F4BD3E90013401AB0F5804F43F6F5
:103C5C00FF7513D22218AA4228BF2A4652184FF0D9
:103C6C00000008490091CDE9010043F10003012057
:103C7C00FFF75CFE05B030BD1446E0E72A46EDE7E1
:103C8C00681900203538000008B5FFF71FFE024BFD
:103C9C001B68C01A08BD00BF681900204FF07043A4
:103CAC0093F8E02F062A09D1D3F8E83FC3F30313A6
:103CBC00033B042B02D8024AD05C704700207047AB
:103CCC0003A30000024AD2F80034002BFBD070474B
:103CDC0000E0014010B504F0FCF940B14FF0805306
:103CEC008E4AD3F82433C3F30423C2F84035FFF7CC
:103CFC00D5FF10B18A4B8B4A5A6704F0EAF948B1E8
:103D0C004FF080534FF08042D3F84432C3F3423328
:103D1C00C2F83C35FFF7C2FF30B1834AD2F8FC3011
:103D2C0023F08073C2F8FC3004F0D3F940B14FF0AB
:103D3C0080430022C3F80C21C3F81021C3F83825A6
:103D4C00FFF7ACFF20B14FF080430322C3F8A0254E
:103D5C00FFF7A4FF60B1754B0522C3F810260122B2
:103D6C00C3F888260022C3F818263F22C3F814266D
:103D7C004FF08053D3F83021511C09BF4FF07043E2
:103D8C00D3F8343193F8E02FD3F8E83F08BFC3F3EE
:103D9C000313062A4DD1033B042B03D8644AD35C8E
:103DAC00002B46D04FF08052624BD2F80414C3F86B
:103DBC002015D2F80814C3F82415D2F80C14C3F843
:103DCC002815D2F81014C3F82C15D2F81414C3F813
:103DDC003015D2F81814C3F83415D2F81C14C3F8E3
:103DEC004015D2F82014C3F84415D2F82414C3F8A3
:103DFC004815D2F82814C3F84C15D2F82C14C3F873
:103E0C005015D2F83014C3F85415D2F83414C3F842
:103E1C006015D2F83814C3F86415D2F83C14C3F802
:103E2C006815D2F84014C3F86C15D2F84424C3F8C2
:103E3C00702504F04EF948B14FF080534FF080429A
:103E4C00D3F8583203F04F03C2F8E43E04F041F9C2
:103E5C0048B14FF08043D3F80024D20744BF6FF031
:103E6C000102C3F800244FF08053D3F83021062A06
:103E7C0026D1D3F83431033B042B02D82E4AD35C21
:103E8C0063B12E4AD2F83C3743F48063C2F83C3716
:103E9C004FF08053D3F83031062B11D14FF08053B3
:103EAC00D3F83431033B042B02D8254AD35C3BB105
:103EBC004FF01023D3F808224FF08043C3F8582555
:103ECC004FF01023D3F80022002A03DBD3F804327E
:103EDC00002B22DA1B4901234FF01020C1F80435C6
:103EEC001524FFF7EFFEC0F80042FFF7EBFEC0F819
:103EFC000442FFF7E7FE0023C1F80435FFF7E2FEAA
:103F0C00BFF34F8F0849104BCA6802F4E0621343A9
:103F1C00CB60BFF34F8F00BFFDE710BD00300140F9
:103F2C0000C007400DF0ADBA00ED00E000500040BD
:103F3C00FEA2000000C00040F9A2000000100040EA
:103F4C00F4A2000000E001400400FA05014B1860E7
:103F5C00704700BFA41C002010B5054B1868144610
:103F6C0004F0CAF80028A4BF2070002010BD00BFC8
:103F7C00A41C0020024A01238340C2F80435704778
:103F8C0000F00140014B00201B681847A81C0020C2
:103F9C00014B1B68184700BFA81C002010B50C4C27
:103FAC00237993B9012323710A4B2060002818BF91
:103FBC00184600F069F850B923680748002BBDE893
:103FCC00104008BF184600F0AFB86FF0770010BD76
:103FDC00A81C0020913F00009D3F000008B5064B37
:103FEC001B683BB10020FEF79BFA18B9BDE80840EE
:103FFC00FEF774BA08BD00BFA81C00204FF0805318
:10400C00D3F83021511C09BF4FF07043D3F8343131
:10401C0093F8E02FD3F8E83F08BFC3F30313062A45
:10402C0005D1033B042B04D8034AD05C7047002015
:10403C0070470120704700BF08A3000038B54FF04F
:10404C0080440123C4F8083363600023C4F80031B2
:10405C00D4F8003142F21075D4F80C24D4F80C3496
:10406C00D20307D5DB0705D5012004F043F8013D49
:10407C00F2D138BDFFF7C2FF0028FAD0014B002265
:10408C005A71F6E7B01C002038B5084C25794DB9AB
:10409C00012320602371FFF7B1FF08B9002038BD60
:1040AC006571FBE76FF07700F9E700BFB01C0020EB
:1040BC004FF080430022C3F80021D3F800210949B6
:1040CC0001221A60096811B1C3F804237047D3F8B0
:1040DC000021002AFBD00022C3F80021D3F80031C4
:1040EC00704700BFB01C002010B54FF08043D3F8D0
:1040FC000423D20715D5D3F8002192B10022C3F8BE
:10410C0000210124D3F80021C3F80843FFF776FF00
:10411C00044B10B15A7922B95C71BDE810401B6890
:10412C00184710BDB01C0020074A137943B9012170
:10413C00106011714FF080421846C2F81835704764
:10414C006FF07700704700BFB81C002010B54FF01F
:10415C0080432C4CD3F81814D3F8182411F4803F56
:10416C0037D002F00303012B03D00BB104F02EF86F
:10417C0000234FF08042C2F818350023C2F80431F6
:10418C00D2F804314FF08053D3F83021511C09BFC1
:10419C004FF07043D3F8343193F8E02FD3F8E83F65
:1041AC0008BFC3F30313062A08D1033B042B02D820
:1041BC00154AD35C13B18A2003F09CFF4FF0804367
:1041CC0001229A60226872B9D3F80421002AFBD02C
:1041DC0011E0D3F81424D207CAD5D3F81C249007C5
:1041EC00C4D422681AB10222C3F8042310BDD3F838
:1041FC000421002AFBD00022C3F80421D3F8043197
:10420C00F4E700BFB81C00200DA30000F8B54FF078
:10421C008043194FD3F80443012504F01A040026F7
:10422C0004B9F8BDB4FA84F0C0F11F00830003F5A3
:10423C0080739BB203F1804305FA00F2196824EAFB
:10424C0002040029ECD01E601B684FF0804301284B
:10425C00C3F808230CD1D3F81824D3F818249207E8
:10426C0006D10222C3F81805C3F804239860D7E7D7
:10427C003B68C0B29847D3E7B81C00204FF080537E
:10428C00D3F83021511C09BF4FF07043D3F83431AF
:10429C0093F8E02FD3F8E83F08BFC3F30313062AC3
:1042AC0005D1033B042B04D8034AD05C7047002093
:1042BC0070470120704700BF12A3000073B5CEB247
:1042CC0000EB46060446B38ADB070D4625D504F001
:1042DC0085F8B38A9A0608D55A0B236803EB820338
:1042EC000022C3F81025C3F81025204629460024C7
:1042FC0004F006F8B48201A8019503F082FF019B3B
:10430C0000EB8300064BD0F80027134043F0020368
:10431C00C0F80037204602B070BD6FF01500FAE708
:10432C00F0F8FCFF014803F005BF00BF2412002089
:10433C0010B504480C4603F0DFFE0028A4BF207023
:10434C00002010BD2412002007B5019001A804F034
:10435C009BFA019B00EB8300054BD0F80027134020
:10436C0043F00303C0F8003703B05DF804FB00BF53
:10437C00F0F8FCFF73B5CB7B0446002B38D10B7BDC
:10438C000878012B77D804F096FA0B78019301A8E2
:10439C0004F07AFA019B00EB83003C4BD0F8002729
:1043AC00134043F00103C0F800374878FF2804D0CD
:1043BC0004F081FA4878FFF7C7FF8B78FF2B0FD0FA
:1043CC0001A88D7B019304F05FFA019B00EB830045
:1043DC002E4BD0F80027134043EA8503C0F8003772
:1043EC00C878FF2804D004F059FAC878FFF7ACFF5E
:1043FC0023792748CA78282505FB03039A770B7C79
:10440C009BB94B7825680E78FF2B18BF1A468B7812
:10441C00C5F8086508BF4FF0FF32FF2B08BF4FF0FF
:10442C00FF33C5F80C25C5F8103523688A68C3F826
:10443C0024254B7B0A7B2568003B18BF0123022AED
:10444C001CD0032A1DD0012A01D143F00203C5F868
:10445C00543523794979282202FB0303D977237930
:10446C005343C35883B1206840F3073002B0BDE812
:10447C007040FEF733B804F011FA86E743F00403FA
:10448C00E5E743F00603E2E702B070BDF0F8FCFF8D
:10449C00C01C002007B5019001A804F0F5F9019BA0
:1044AC0000EB8300054BD0F80027134043F00203C8
:1044BC00C0F8003703B05DF804FB00BFF0F8FCFF58
:1044CC002DE9F04190F80480144C4FF0280C0CFBB3
:1044DC0008FC04EB0C06074696F81CE0BEF1000F36
:1044EC0018D144F80C20736041B1CB7B86F8253091
:1044FC00CB78B3774B79F377FFF73CFF3A6801231E
:10450C00C2F80035282202FB08440020607723778C
:10451C00BDE8F0816FF07700FAE700BFC01C002007
:10452C0070B50679194C056828237343E35833B1E9
:10453C0045F30730FDF7E0FF0423C5F808330023EB
:10454C00C5F80035282303FB064393F82530BBB987
:10455C00D5F80805FFF79EFFD5F81005421C01D0D1
:10456C00FFF798FFD5F80C05431C01D0FFF792FF1D
:10457C00282303FB0643987FFF2801D0FFF78AFF0F
:10458C00282303FB06440023237770BDC01C0020A6
:10459C002DE9F84307793A4C28237B439046E218DF
:1045AC000E46517F8146002967D1E3580BB1012398
:1045BC00537796E80F00282505FB074505F10C0CF1
:1045CC008CE80F00A87F0023FF2885F8243001D049
:1045DC0004F071F92823B8F1000F07D003FB07434F
:1045EC0000225A776FF08500BDE8F883D9F80050A7
:1045FC0003FB07430422C5F80823C3F82080C5F841
:10460C000881D5F8082172689AB133681B78C5F80F
:10461C001C357368012B0ED933685B78C5F81C35D3
:10462C0028237B43E65876B10423C5F804330020D5
:10463C00DAE7DB7FEBE7F368012BF1D9282303FBE7
:10464C000743DB7FEAE707EB870104EBC101D5F8F1
:10465C000831002BFBD0C5F808612846D5F8083185
:10466C0004F036F90028F2D1282303FB0744A07F7D
:10467C00FF28DCD004F012F9D9E76FF00F00B3E794
:10468C00C01C002002494FF0402004F054B900BF78
:10469C00C01C00200149024804F04DB9E81C002060
:1046AC000030024008B5124BA8220021184604F035
:1046BC003DFB032202610F4942610F4A8161C261D5
:1046CC004FF480520262002282624262C262016630
:1046DC000A49416610218166094902670346C26690
:1046EC00426711F8010D98540132102AF9D108BD16
:1046FC001010002017A30000100000200000002064
:10470C0030A300002DE9F84FDFF87C80182606FB5B
:10471C00008E00FB06664644DEF82440DEF828C016
:10472C007368A44507468946154603EB040022D856
:10473C00DEF820B0ABEB040A0AF1FF339A4203D83F
:10474C0004F0E6FA2C440FE063449A4219D852461E
:10475C002C4404F0DDFAB4EB0B0405D0706822464F
:10476C0009EB0A0104F0D4FA182303FB0783012098
:10477C005C62BDE8F88F0CF1FF3CACEB040C94458B
:10478C00DED20020F5E700BF10100020F8B5144B66
:10479C00182700FB07751D4407FB00330E46DB6A28
:1047AC00012B14460AD0022B14D023B9284604F04E
:1047BC00DCF8844208D900242046F8BD284604F0D1
:1047CC00D4F8844228BF044622463146284604F0D9
:1047DC00D5F8F1E72846BDE8F84004F0EAB800BF88
:1047EC0010100020F8B50B4B1B78532B04460E46CB
:1047FC00174601D0FFF756FF04F00AF93A46054672
:10480C0031462046FFF7C2FF0446284604F008F95B
:10481C002046F8BD10100020034B182202FB003379
:10482C009A6A586A801A70471010002010B4084A0F
:10483C0008490023C85C12F8014D844204D10133AD
:10484C00102BF7D110BC704710BCFFF72BBF00BF6B
:10485C0030A300001010002010B50446FCF754FEE5
:10486C000348044A012103F019F8204604F004F926
:10487C00BC93000031A300002DE9F843044600AFBF
:10488C000D46EFF31188202383F31288BFF36F8F4B
:10489C000428294A98BF294B9668117C94BF53F879
:1048AC002030274BE9468AB06A462648C2E90731D0
:1048BC0040F201339384244BC2E9050442F8103FC3
:1048CC00224800234FF43151FCF7EEFECD4645B1A2
:1048DC00EB69C3F3080323B11D4A1C48012102F004
:1048EC00DDFF2EB1304604F0ECF808B1037803B9C3
:1048FC001848E9468AB06A46174BD061C2E90536BA
:10490C0040F201331384154B42F8103F00230F483B
:10491C004FF41151FCF7C8FE2946CD462046FFF74F
:10492C009BFF88F31188BFF36F8F3046FDF77CFD3A
:10493C00BD46BDE8F88300BF101D0020C0980000E4
:10494C0040A3000056A3000005000001BC9300002A
:10495C007EA300004EA300009FA3000004000001F2
:10496C0038B50A4B53F82040013053F82050A5427B
:10497C0000D838BD606830B1037FDB0701D404F088
:10498C0058F80834F3E723689847FAE7D4980000FE
:10499C0070B52A4B2A4C2B4D012286B003201A707D
:1049AC00FFF7DEFFFDF7C8F90420FFF7D9FF264615
:1049BC00AE4204F1300410D300F066FB204C224EC2
:1049CC00AC4226D300F074FBFBF7F2FD1F4A137BBD
:1049DC0023F00103137306B070BD54F80C3C05931F
:1049EC0054F8103C049354F8143C039354F8183CBA
:1049FC00029354F81C3C019354F8203C009354E966
:104A0C000A2354E90C0100F06BF954F8303C5E6554
:104A1C00CDE7D4E90A23B3F1FF3F08BFB2F1FF3F62
:104A2C0005D052EA0301206803D100F0FDFB3034BD
:104A3C00C6E73146183000F095FDF8E71934002030
:104A4C004093000040930000C18B0000281A002006
:104A5C0070B5174E174D184986B0B02303FB00668E
:104A6C00164B059301220F23CDE903320023CDE928
:104A7C000133142303FB005504464FF4C07000FBB4
:104A8C0004110F4B00954FF4A072304600F028F93A
:104A9C00737B0C4AEE6023F0040373734FF40463CE
:104AAC0004FB033313442C746B6006B070BD00BF61
:104ABC0078190020101D0020C03F002001A4000028
:104ACC00958A000080370020BFB50020FFF748FF13
:104ADC00294B83F30888294C294F636943F40073ED
:104AEC0063610025E02384F82230E577257665762E
:104AFC00A57684F82050636A43F4E023636284F85B
:104B0C002350FDF707FCFDF7A7FD4FF0FF33A36221
:104B1C00E362FDF77DFEFDF7C3FDFCF751FC194880
:104B2C00194C00F07FF90120FFF71AFF0220FFF764
:104B3C0017FF00F0F1FA154B15495C61154B059305
:104B4C000123CDE903534FF480623B46CDE9015577
:104B5C000095204600F0C4F8627B064622F0040261
:104B6C002046627303F0E9FF2846FFF771FF3A46CF
:104B7C0031462046FDF750FDC03F002000ED00E01F
:104B8C009D490000D81A0020281A0020101D002072
:104B9C004041002006A4000070B5EFF311862023DD
:104BAC0083F31288BFF36F8F0468A0421BD0D4B17B
:104BBC00D4E9003213605A60637B002523F00203B2
:104BCC006373C4E90055A56004F1180004F04AF8B9
:104BDC002046C4F8AC5003F0B0FF31460748BDE89E
:104BEC00704000F02BBAD0E902329A4218BF013360
:104BFC00836086F31188BFF36F8F70BD1A34002069
:104C0C0013B5EFF31181202484F31288BFF36F8F57
:104C1C00846844B1013C846081F31188BFF36F8FC9
:104C2C00002002B010BD52EA030406D181F31188B2
:104C3C00BFF36F8F6FF00F00F3E7CDE9002302464F
:104C4C00014800F0D9F9ECE71A3400202DE9F041C5
:104C5C000546EFF31187202383F31288BFF36F8F80
:104C6C0000231E466FF00A082C68A54216D0ACB182
:104C7C00D4E9003213605A60637BA66023F0020310
:104C8C006373C4E9006604F1180003F0EBFFC4F889
:104C9C00AC80204603F051FF0123E5E70022AA6017
:104CAC002BB139460548BDE8F04100F0C7B987F390
:104CBC001188BFF36F8FBDE8F08100BF1A3400205C
:104CCC0010B5044608B9054B9C681F2204F174000A
:104CDC0004F034F8002084F8930010BD101D00205F
:104CEC002DE9F04F073285B022F0070204461E462C
:104CFC007F3200F15803C0E9163322F03F02129BB9
:104D0C00237300200D46119BDDF838A0139FA06083
:104D1C0004213F2AC4E906006173A373E07305F113
:104D2C004009A2F1400B05D880F31188BFF36F8FB7
:104D3C00084602DF05EB020841462046FDF792F8D3
:104D4C000730109B20F00700C4E9259BC4F89C0099
:104D5C0002930F9BA8EB000BCDE900A35A463346F8
:104D6C0029462046FDF724FC0F9BA3664FF0000854
:104D7C00109BC4F85480C4E9186AE366EFF31182FF
:104D8C00202181F31288BFF36F8F0F4D296A2167A1
:104D9C002C6282F31188BFF36F8F8FB11F223946BB
:104DAC0004F1740003F0CAFF84F89380AB680BB174
:104DBC00D3F8A030C4F8A030584605B0BDE8F08F49
:104DCC0084F87470F2E700BF101D0020F0B587B0B6
:104DDC0000250595109D04950F9D03950E9D02953C
:104DEC00DDE912760D9D01950C9D00950446FFF7AB
:104DFC0077FFB6F1FF3F08BFB7F1FF3F05D056EA8A
:104E0C00070305D1204600F00FFA204607B0F0BD8D
:104E1C003A46334604F11800014900F0A3FBF4E7CD
:104E2C00C18B000040F2011383810023C0E92533BC
:104E3C00C0F8A030014B9860704700BF101D0020D7
:104E4C000A4A93686FF00A01C3F8AC100849C3F81A
:104E5C00A8004B6843F080534B60002383F3118808
:104E6C00BFF36F8F9368D3F8AC007047101D002010
:104E7C0000ED00E070B590F90D20437B002A36DB85
:104E8C00D90634D11B4C63F07F032246437352F88E
:104E9C00183FE169934207D1C0E900210860E06145
:104EAC0011E09942F8D01B68002BF5D090F90E5008
:104EBC0093F90E60B542F4D0AE42F2DD5968C0E908
:104ECC00003108605860A569954200D005B9E568C5
:104EDC00A3685A7BD20604D1DA897F2A01D9AA6940
:104EEC0032B1AB4202D0284600F098FA656170BD31
:104EFC006361FCE7101D002038B590F90D20437B51
:104F0C00002A014604DA03F07F03437303F0DBFD50
:104F1C000D4D2A46AB6852F8184F944200D004B994
:104F2C00EC688B4207D05A7BD20604D1DA897F2AEF
:104F3C0001D9A2692AB1A34202D0204600F06EFA30
:104F4C0023466B6138BD00BF101D0020B3F1FF3F3D
:104F5C0008BFB2F1FF3F03D00249183000F002BB8A
:104F6C00704700BFC18B000070B590F90D20437BDA
:104F7C00002A014604DA03F07F03437303F0A3FD18
:104F8C004B7B1C4C63F07F0322464B7352F8183F4B
:104F9C00E069934207D1C1E900200160E16111E0B1
:104FAC009842F8D01B68002BF5D091F90E5093F96C
:104FBC000E60B542F4D0AE42F2DD5868C1E9003063
:104FCC0001605960A569A368954200D005B9E568F0
:104FDC008B4207D05A7BD20604D1DA897F2A01D9B9
:104FEC00AA692AB1AB4202D0284600F017FA2B4628
:104FFC00636170BD101D0020F8B50E4B0C461146B8
:10500C000D4A98681060DDE90667EFF311822022E3
:10501C0082F31288BFF36F8F9D68284603F065FDFD
:10502C00284632463B46FFF791FF2046BDE8F84044
:10503C00FFF706BF101D0020341D002049B9EFF307
:10504C00058030B9054B5A699B689A4201D0FFF72D
:10505C00F7BE81F31188BFF36F8F7047101D0020CE
:10506C00034648B9EFF3058232B9064A5169926892
:10507C00914201D0FFF7E4BE83F31188BFF36F8F29
:10508C00704700BF101D0020EFF31181202383F324
:10509C001288BFF36F8F054B9A68D37B013BD37398
:1050AC0081F31188BFF36F8F704700BF101D002074
:1050BC0070B5EFF31186202383F31288BFF36F8F43
:1050CC00144DAB68DA7B0132DA732A4652F8184F6A
:1050DC00944200D004B9EC685A7BD20604D1DA8928
:1050EC007F2A01D9A2692AB1A34202D0204600F03E
:1050FC0095F923466B6186F31188BFF36F8FEFF33D
:10510C001180202383F31288BFF36F8FBDE87040AA
:10511C00FFF7A6BF101D0020024B03F11802C3E9D4
:10512C0006227047101D002070B5EFF31186202366
:10513C0083F31288BFF36F8F1B4CA168E0690B6877
:10514C00814214BF1A46002249680B605960A3685B
:10515C00E1692AB9154AC3E900210B60E3610CE04F
:10516C0093F90E0092F90E50A84218D0854216DD24
:10517C005168C3E900210B605360A5690B4B9D423C
:10518C0000D005B9E568A3689D4202D0284600F01E
:10519C0045F965613046BDE87040FFF751BE8A4263
:1051AC00D8D01268D5E700BF101D0020281D0020A4
:1051BC00F8B550EA010306460C4603D1FFF7B4FFDD
:1051CC000020F8BDEFF31187202383F31288BFF37F
:1051DC006F8F124D124BA8681860FFF78DFEA868F0
:1051EC00104923463246183000F0BCF9AA68537BAC
:1051FC0043F00403537304463846FFF721FEAB68B3
:10520C00D3E90A23B3F1004F08BF002AD8D103F029
:10521C0051FD201A20EAE070D3E700BF101D0020DA
:10522C00341D0020C18B000038B50446EFF3118506
:10523C00202383F31288BFF36F8F437B5B070FD55B
:10524C00183003F00FFD637B23F0040320466373D7
:10525C00FFF710FE29460548BDE83840FFF7EEBEC3
:10526C0085F31188BFF36F8F38BD00BF1A3400204F
:10527C00014B9868704700BF101D00202DE9F843C2
:10528C000446077BEFF31185202383F31288BFF3C9
:10529C006F8F437B190705D585F31188BFF36F8F8B
:1052AC00BDE8F883D90943F0080260D14273A368C2
:1052BC0013B1204603F00FFC04F1180003F0D2FCEC
:1052CC00A66D04F15808B04511D04FF0000976B125
:1052DC00304603F000FC06F1180003F0C3FCC6F8DE
:1052EC00AC903046FFF7C6FDA66DB045EFD1DFF8A8
:1052FC00C480D8F808309C4241D1EFF30589B9F14C
:10530C00000918BF4FF00109D8F818602A4A9642D4
:10531C0000D00EB9D8F80C60B34202D0304600F081
:10532C007DF82046C8F8146002F05BFB204600F0C4
:10533C00CDF8B9F1000F02D02048FFF773FDD8F873
:10534C0008309C4231D1EFF3058373BB227BD2072B
:10535C0018D42846FFF774FDFB07A1D5002383F36F
:10536C001188BFF36F8F0423184602DF98E703F010
:10537C007F0343F00803437303F0A5FB97E74FF05B
:10538C000009C1E785F31188BFF36F8F83F3118890
:10539C00BFF36F8F0423184602DFEFF31180202335
:1053AC0083F31288BFF36F8FD4E785F31188BFF3B3
:1053BC006F8FD1E7101D0020281D0020D81A002067
:1053CC00044BC01A044BC0105843044B01221A540E
:1053DC00704700BF881B0020ABAAAAAA1A34002071
:1053EC00C3897F2B12D80A4B1B6863B1094B90F908
:1053FC000E201B689A4209DB437BDB0606D1064B69
:10540C00C31A18BF012303F0010070470023FAE709
:10541C0028120020381D00207819002070B50E4B82
:10542C000E4C1E7C06EB460304EBC30405462046DB
:10543C0003F018FC0A4B002228469A55FFF7D0FFC0
:10544C0048B1084B08491A68013A2046D317BDE801
:10545C00704000F087B870BD101D0020881B002024
:10546C001A34002028120020CD53000038B5EFF379
:10547C001185202383F31288BFF36F8F104B114AD1
:10548C009C681068A04206D1FFF7C8FF85F311880D
:10549C00BFF36F8F38BD00211B7C11600A4AD35CAF
:1054AC00002BF3D02046FFF79BFF0028EED0637B48
:1054BC00DB0602D12046FFF757FD2046E4E700BF8C
:1054CC00101D0020341D00201A340020EFF3118130
:1054DC00202383F31288BFF36F8F0A4A136A834227
:1054EC0007D11B6F136281F31188BFF36F8F704765
:1054FC001346002BF7D01A6F8242F9D1026F1A674C
:10550C00F1E700BF101D0020024B1868984208BF3D
:10551C00002070472C120020034B1B680BB9FEF7C0
:10552C00B3BB0020704700BF3C1D002030B570B1EC
:10553C000B4B5B6898420AD0036843B1D3E9042152
:10554C00D0E90445121941EB0501C3E90421D0E966
:10555C00003213605A600023C0E9003330BD00BF35
:10556C002C120020B3F1FF3F08BFB2F1FF3F2DE931
:10557C00F84F0446994615461F467AD08160EFF3E2
:10558C001188202383F31288BFF36F8FB9F1000FBA
:10559C00DFF8E4A020DBFFF7BFFFDAE900270135D5
:1055AC0049F100092D1849EBE073C4E90453AD1817
:1055BC00064643EB07074FF00109FFF7A5FFDFF89D
:1055CC00BCE0DEF804A00346EBB9C4E900EACAF873
:1055DC000040CEF8044028E0DAE900126FF0010335
:1055EC005B1A4FF0FF3161EB02025B1B62EB0902AD
:1055FC00012B72F10001BCBF01230022C0E904326F
:10560C004FF00009D9E7D3E9041CD4E904208A42FD
:10561C0070EB0C0B24DA891A5A686CEB0000C3E9A6
:10562C000410C4E9003214605C60FFF76DFF844223
:10563C000ED1134B1B685BB9B9F1000F02D1FFF708
:10564C006BFF0646304603F0F6FA0021FEF7EAFA45
:10565C0088F31188BFF36F8F28463946BDE8F88F61
:10566C00521A60EB0C009A45C4E90420ADD01B68BB
:10567C00AAE700252F46EFE7A01B00202C120020E4
:10568C003C1D00202DE9F047EFF31185202383F317
:10569C001288BFF36F8FDFF8A490DFF8A480C9F8ED
:1056AC000000FFF731FF00260027D9F80030D8E9B9
:1056BC0000ECD91750B1D0E90442A34271EB020AB5
:1056CC001CDAE41A62EB0102C0E9044213EB0E038C
:1056DC004FF000044CEB01012046C8E90031C9F839
:1056EC00004003F0A8FA2146FEF79CFA85F31188D6
:1056FC00BFF36F8FBDE8F047FFF7B8BE14EB0E0297
:10570C004CEBE473C0E90467C8E90023FFF70EFF14
:10571C0085F31188BFF36F8F83689847EFF311857A
:10572C00202383F31288BFF36F8FD9F800301B1B33
:10573C00C9F80030FFF7E8FEB7E700BF3C1D0020BA
:10574C00A01B002010B5EFF31184202383F31288E3
:10575C00BFF36F8FFFF7E0FE054A0346D2E9000165
:10576C00181841EBE37184F31188BFF36F8F10BDF0
:10577C00A01B0020F8B50546EFF31187202383F317
:10578C001288BFF36F8F036823B187F31188BFF3BF
:10579C006F8FF8BDD0E90A46611C46F10002022960
:1057AC0072F1000236D3012C76F10002BCBF012449
:1057BC001E46013C46F1FF3603F080FA013041F100
:1057CC000001001946EB0101012871F1000130DBE9
:1057DC0003F074FA013041F100016FF0020300197B
:1057EC0046EB010183426FF000438B4126DB03F053
:1057FC0065FA013041F100016FF00102001946EB2E
:10580C000103121A4FF0FF3161EB03031C492846C8
:10581C00FFF7A8FE2B6B01332B632B6A93B93C4625
:10582C002B4653F8185F9D4200D0D5B984F31188EC
:10583C00ADE76FF001024FF0FF33E7E700224FF0C6
:10584C000043E3E787F31188BFF36F8F2B6A284679
:10585C009847EFF31184202383F31288BFF36F8FE3
:10586C00DEE7284603F078F90023C5F8AC3084F362
:10587C001188BFF36F8F2846BDE8F84003F05DB97F
:10588C00815700002DE9F04105461C4690461F4605
:10589C00EFF31186202383F31288BFF36F8FB4F1DB
:1058AC00FF3F08BFB2F1FF3F05D186F31188BFF36C
:1058BC006F8FBDE8F081002C09DB012A74F1000325
:1058CC00BCBF0122002412F1FF3844F1FF372846F7
:1058DC0003F0C8F9DDE906010023C5E90A012B63D1
:1058EC0042463B4628460249FFF73CFEDDE700BF37
:1058FC00815700000CB430B589B005460C461C220B
:10590C00002101A803F012FA02238DF806300E4B89
:10591C000293059523462CB1B4F1004F28BF4FF0EC
:10592C000043013B1D440DAA0C99069501A8009259
:10593C0000F0D0F814B1059B00221A7009B0BDE834
:10594C00304002B0704700BFE39000000EB470B559
:10595C0089B00DAD04461C22002101A855F8046B3A
:10596C0003F0E4F902238DF806300B4B029304F19B
:10597C000043013B2A46314601A806930594009545
:10598C0000F0A8F80028A4BF0023235409B0BDE8F8
:10599C00704003B0704700BFE39000002DE9F04168
:1059AC0001260746B24201DCBDE8F0813B461F46AA
:1059BC0013F8014B002CF7D0252CF8D11C78252C92
:1059CC0007F10207F2D00023DFF804819C461D4644
:1059DC001F2D18D8A4F1200EBEF1100F09D9A4F177
:1059EC00300EBEF1090F1ED80A2404FB03E3202558
:1059FC0004E028FA0EFE1EF0010F06D017F8014B3A
:105A0C00002CE5D128E07F2D1CD8A4F1300EBEF17E
:105A1C00090FE9D9242C10D1BCF1000F46D0B342A8
:105A2C0046D00023EAE724F0040EBEF12A0FF8D08A
:105A3C006C2C09D145F08005E0E724F0040EBEF192
:105A4C002A0FEED06C2C22D06C2C1BD8682C23D0B7
:105A5C006A2C28D04C2C26D0BCF1000FA4D0B44515
:105A6C00A0D144F02007A7F1650CBCF1020F0B6824
:105A7C0001D9612F1ED1073323F0070308330B60C4
:105A8C0001368EE7742CB9D07A2CB7D0E4E72C060B
:105A9C0048BF45F40075CDE7EC0548BF45F40075EB
:105AAC0045F48075AAE745F42075A7E79C46B8E74E
:105ABC006324D6E7692C02D007D8632C03D02F06B9
:105ACC0001D5AC05D7D40433D9E7732CF6E700BF66
:105ADC00892801002DE9F04F95B043680393837832
:105AEC0080469807CDE9081217D50D920B46002574
:105AFC001F78A7B1252F16D001330793039B41467E
:105B0C0038469847002805F1010580F2398498F849
:105B1C00023043F0040388F802304FF0FF3528467A
:105B2C0015B0BDE8F08F5F789A1C252F0792E5D051
:105B3C0000242646A246A346BBF11F0F32D8A7F17C
:105B4C002003102B0AD8DFE803F02409092A0909DD
:105B5C00091B09090922092709091900A7F13003B2
:105B6C00092B2DD92A2F39D154B90D9B1BF0400F7D
:105B7C0053F8042B0D9329D0164601E04BF0010B82
:105B8C00079B13F8017B0793002FD5D15BE04BF0FB
:105B9C00020B4BF0040BF3E74BF0080BF0E74BF068
:105BAC00100BEDE7BBF17F0F3FD8A7F13003092BAA
:105BBC00D8D81BF0400F03D00A2202FB0636DFE7D1
:105BCC000A2202FB0A3A4BF0200BD9E7B2F1000A89
:105BDC00F9DACAF1000A4BF0280BD1E72E2F05D1C8
:105BEC001BF0400F9BD14BF0400BC9E7242F1CD16D
:105BFC00002C00F04281099B0D931BF0400F0AD141
:105C0C00524608980DA9FFF7C9FE0D9B1A1DD3F833
:105C1C0000A00D92B4E7324608980DA9FFF7BEFE1E
:105C2C000D9B1A1D1E680D92AAE76C2F00F01281B5
:105C3C0000F20981682F00F015816A2F00F01A819B
:105C4C004C2F00F0178134B1099B08980D93224614
:105C5C000DA9FFF7A3FE002E47F02009B8BF2BF0CB
:105C6C00400BA9F16503BCBF1FFA8BFB0026022B6E
:105C7C0040F20881B9F1610F40F06782FF4307F0F1
:105C8C00200306930D9B073323F007031BF0400FF3
:105C9C00D3E9000103F1080208BF4FF0FF36069B61
:105CAC000D9200930EAA334603F081F90130C3B272
:105CBC00B3424BF4C054049301DB049B5E1E0123DE
:105CCC000E9F0593A3464FF0700907F10903122BA1
:105CDC000DD907F16303C62B40F20F8107F2E733AE
:105CEC0040F2CE72934294BF0323042305939DF894
:105CFC003C2002F00C0312F0010240F019811BF061
:105D0C00020F40F012811BF0040400F0F880002B0D
:105D1C0040F0118120231BF4405F1FD1049A5032B4
:105D2C00002E6A4408BF0126133A049921B112F8D7
:105D3C00011D302900F036811BF0100F049A18BF9A
:105D4C003246391DC0F23381B74280F23081BA42FB
:105D5C004BF4005B40F32D817E1C961B1BF4005210
:105D6C000A9200F0288127EAE774013403B1013468
:105D7C00002E00F02881721C1444A245CCBFAAEB63
:105D8C00040400241BF0090F04D12C44A54240F05C
:105D9C001F81002443B118464146039B98470028B5
:105DAC0005F10105FFF6B3AE1BF4006F13D0039B96
:105DBC004146302098470028FFF6A9AE069BC3F158
:105DCC0078004146039B00F0F8009847002805F145
:105DDC000205FFF69CAE1BF0080F05D12C44AC421B
:105DEC0040F00281254600240A9B002B00F01C8108
:105DFC0027EAE77AA7EB0A077642049BBB4284BFEB
:105E0C000EABFB180AF1FF3A88BF5879039B98BF79
:105E1C003020564505F10109414600F3EF809847C3
:105E2C00002807F10107FFF672AEBAF1FF3F08D167
:105E3C00039B41462E2098470028FFF668AE05F1DB
:105E4C0002094D46D9E7742F3FF49AAE7A2F3FF4EE
:105E5C0097AEF8E61BF0800F18BF4BF4007B4BF0AD
:105E6C00800B8DE61BF4807F18BF4BF4007B4BF44A
:105E7C00807B85E64BF4207B82E62646B34654466F
:105E8C00B2467DE6FF4307F0200306930D9B0733D4
:105E9C0023F007031BF0400F03F1080208BF06268E
:105EAC00B9F1650FD3E900010D9213D1731C0022D7
:105EBC00DBB24BF4805B1446112BCDE9002428BFD8
:105ECC0011230EAA00F0FCFAC3B2049302230E9F16
:105EDC000593FAE6B9F1660F05D14BF4005B344635
:105EEC0001221123E8E7F3B2012B4FF0000238BF77
:105EFC00012314464FF06509DEE70223F6E6002B7A
:105F0C003FF409AFBAF1030F3BDC9DF83C30A64ED1
:105F1C0013F0080FA54B08BF1E463746B94617F8B5
:105F2C00010BB0BBAE1BB1447BE033BB2B23F2E6C1
:105F3C002BBB2D23EFE62022BAF1040F13DD1BF04F
:105F4C00080FAAF104040FD12C44039B0492414680
:105F5C0020209847002805F10105FFF6D8ADA54291
:105F6C00049AF2D19AB10024039B414610469847FB
:105F7C00002805F10105C8DAC9E52B22DCE72D2242
:105F8C00DAE71BF0080FAAF10304BED1DCE71446D4
:105F9C00BBE7069BC01A4146039BC0B2984700283A
:105FAC00BCDAB4E504990139C9B20491BDE6561EB8
:105FBC00D4E60026D2E61BF4006F059A0CBF03242E
:105FCC0005241444D2E61BF0100F18BF0134D4E69C
:105FDC000B934146039B2020984700280B9B05F10F
:105FEC000105BFF6D3AE92E5039B4146302098479E
:105FFC00002805F10105BFF6F2AE88E598470028A8
:10600C00FFF685AD1BF0100F0BD0BAF1FF3F08D196
:10601C0005F1020941462E20039B98470028FFF604
:10602C0076AD4D464C4433E29DF83D00039B414612
:10603C0098470028FFF66BAD002E69DD039B4146A7
:10604C002E2098470028FFF662AD4FF0010A049B02
:10605C009A45BBBF0EAB534430205879039B414645
:10606C0098470028D346FFF652AD0AF1010A56456F
:10607C00EDDA02355D44069BA9EB03004146039B18
:10608C00C0B298470028FFF642AD002FB4BF2D20B8
:10609C002B20039B4146B8BF7F4298470028FFF650
:1060AC0036AD059B042B41D14FF47A79B7FBF9F649
:1060BC0006F13000039B4146C0B29847002805F119
:1060CC000305FFF624AD09FB16774FF06409B7FB07
:1060DC00F9F606F13000039B4146C0B29847002800
:1060EC0005F10105FFF613AD09FB16774FF00A0910
:1060FC00B7FBF9F606F13000039B4146C0B2984756
:10610C00002805F10105FFF602AD09FB167715E035
:10611C001BF0100F01D10135ADE7039B41462E203A
:10612C009847002805F10205A5DAF0E4059B032B3E
:10613C0005F10205C9D0059B012BD7D107F1300021
:10614C0005F101094146C0B266E7A7F16303122BC2
:10615C0000F2FF80DFE813F013005700FD00FD0094
:10616C00FD00FD005700FD00FD00FD00FD00FD00E1
:10617C001701F800FD00FD002C00FD00B9000D9B7F
:10618C001A1D1B680D928DF8383001240EAF1BF0D0
:10619C00080F2ED03E19B946B1452CD1EF1BB9448E
:1061AC00AAEB04043DE700BF0EA40000D09B000046
:1061BC000D9B1A1D0D921F68AB4B002F08BF1F467D
:1061CC001BF0400F14BF31464FF0FF31384602F040
:1061DC00C5FD0446DBE7039B414620209847002879
:1061EC00FFF695AC013EB442F5D35544AD1BB24617
:1061FC00D0E75646F7E719F8010B039B4146984741
:10620C000028C9DA83E41BF0800F0D9B35D01BF4FA
:10621C00007F2DD0073323F00703D3E9000103F1EE
:10622C0008020D922BF0100900291FFA89F936DAB1
:10623C00404261EB410149F480690DF1380B0A23AE
:10624C005A4602F097FD19F0400FA0EB0B0B65D0EE
:10625C0029F001025E4592B240F3B280002F00F0AB
:10626C00A98019F010033446914626D002345CE024
:10627C001A1D18680D92C117D4E71A1D1BF4807FE4
:10628C0019680D9201D10846F5E71BF4007F15BF84
:10629C0048B208B241F3C01141F3C031C2E750EA31
:1062AC000103CAD11BF0400FC7D0002EC5D12BF073
:1062BC00110B1FFA8BF93446B34640F2064319EA28
:1062CC0003031CBF013400232FE02BF0100B1FFA2B
:1062DC008BFB0A231BF080040D9A57D01BF4007122
:1062EC001DBF073222F0070202F10801101D19BF71
:1062FC000D91D2E900010D90106850EA010252D1C3
:10630C002BF016091BF0400F1FFA89F94FD0002E05
:10631C004DD12BF0170B1FFA8BF9B34619F0100364
:10632C0052D0002F4ED10BF1010419F0080F5ED1A1
:10633C0019F0010F06D0A2456EDDAAEB040404EBA4
:10634C000B06544622464DE04BF0100B10237827D9
:10635C00C0E7B9F1780F04D1C7F1780343F010030B
:10636C00B8E7039B4146252098470028FFF6CFABA2
:10637C00039B4146384698470028FFF6C8AB0235C8
:10638C00079BFFF7B5BB08230027A3E7111D0D9151
:10639C001BF480711068B0D01BF400711ABFC0B22E
:1063AC00214680B2A9E72BF0060B1FFA8BF90DF1F1
:1063BC00380B45E729F011091FFA89F934467CE7B7
:1063CC009146ABE75C4651E75C4676E7CDE90423A2
:1063DC004146039B202098470028FFF698AB049A6F
:1063EC00059B01329245F1DC2C1BA5181446F3B128
:1063FC00039B4146302098470028FFF688AB6FB9C5
:10640C000135A9462E44A6EB09035B4521DC5D460C
:10641C000EAE5DBBD944C3E65E4693E702354146FA
:10642C003846039B98470028EBDAFFF770BB40F225
:10643C00064319EA030FE4D019F0020F14BF2B2006
:10644C00202019F4806F05F10105414618BF2D205D
:10645C00E7E7039B414630209847002809F10109E2
:10646C00D1DAFFF754BB00BF12A40000013D039B1F
:10647C00705D414698470028CBDAFFF748BB039B79
:10648C00414620209847002805F10105FFF63FAB57
:10649C00631B002BF3DC73E71FB502AB0093074AB9
:1064AC004FF0CC3302F049FDDDE90201C00840EAAF
:1064BC004170C90805B05DF804FB00BFCDCCCCCC55
:1064CC002DE9F04F9BB0044605920A460A93C2F39D
:1064DC000A559DF890300B93D20FC1F31303099218
:1064EC00090D7DB950EA03021BD1059A3023537173
:1064FC00099B156043F002031371012738461BB04A
:10650C00BDE8F08F40F2FF7295424AD10343099BDC
:10651C00059A14BF43F0080343F0040313710027DA
:10652C00ECE700F0010208924FEA83080122AC4D1F
:10653C0048EA907887009A461646C5F1000B5846F3
:10654C00069200F011FAB5F1FF3FACBF8146A0F105
:10655C000109ABEB090B09EB05035846049300F05A
:10656C0009FA16A9A0F17D05584600F023FA12ABE2
:10657C00069A0193A9EB050510AB029200932046F5
:10658C002B4616AA514602F01DFCB9F1010F044628
:10659C000D4600F2D280089B002B40F0C5800127ED
:1065AC006BE043F4801A00F001024FEA8A080343BF
:1065BC00A5F23545089248EA90784FEA800749D110
:1065CC0040F2FE7319420CBF01260026002D324604
:1065DC00B3DB284600F0C2F9032DC8BF0138049084
:1065EC0000F0C8F9049B7C305D1B054416A91846C5
:1065FC0000F054FA12AB019310AB009320462B46DB
:10660C00029616AA514602F0DDFB049B152B04469C
:10661C000D4600F2868014AB724A009338464FF058
:10662C00CC33414602F089FC149B159A9B0843EA33
:10663C00827303EB8303BB42DDE9109A0CD138461D
:10664C00414600F09FF9049B83428CBF0027012731
:10665C00002612E00126B9E7089B002B51D1013F1F
:10666C0048F1FF31B81B61F1000100F08BF9049B7C
:10667C00089F83428CBF002601260B9B002B40F009
:10668C009180DDF828B04FF00008CDE906884FF076
:10669C000A0ADDE91001FFF7FFFE129B0E93CDE90C
:1066AC000C0118461399FFF7F7FE0C9B0D9A0F91EE
:1066BC0098420B469341814680F08E8020462946B5
:1066CC00FFF7EAFE0E9A0AFB09F3934214BF002669
:1066DC0006F001060C9B10930D9BCDE911390F9B15
:1066EC001393079BB8F1000F14BF002707F00107A5
:1066FC0001330AFB10485FFA88F8079304460D46ED
:10670C00C7E7B81C48F1000100F03CF9049B834238
:10671C008CBF00200120B9EB00006AF10002CDE92A
:10672C00100200273E46A8E7109B119A013B42F14C
:10673C00FF32CDE9103201278AE7B9F13E0FF0D8CC
:10674C004FF0FF33A9F1200003FA09F203FA00F02D
:10675C00C9F1200123FA01F102430A4303FA09F3B8
:10676C0027EA030728EA020857EA08070CBF0127A3
:10677C0000276DE700FB02FCA1FB00120133624411
:10678C008C4275EB020CF5D2049ADDF828B0134458
:10679C00259A1344D20F9342B8BF13469B45A8BF0A
:1067AC009B4670E70A21002201230846E8E70AFB12
:1067BC0003F0A2FB0A2301310344944275EB03005E
:1067CC00F5D2594510DDBBF1000F02D154EA050397
:1067DC000AD00123069371E70A2200230121ECE77A
:1067EC00CCFBFFFFCDCCCCCC002E2FD04FF00A0A27
:1067FC00129B13990D931846FFF74EFE0D9B0C91AF
:10680C000AFB00F29A42814620D1DDE91001FFF724
:10681C0043FE0E900D9120462946FFF73DFE0D9B41
:10682C000E9A1092CDE911390C9B1393079BB8F17A
:10683C00000F14BF002707F0010701330AFB1048B3
:10684C005FFA88F8079304460D46D1E7DDF81090FF
:10685C00079B9944002F5AD0B8F1050F57D114F06B
:10686C0001034AD1069A32B9DDE912239D4208BFD1
:10687C0094425FD0069B18194FF00A0445F10001B1
:10688C00002201262546A04271EB020755D2EBB13E
:10689C00B3451BDA0B9B6BB1259ADDF828B006EBE0
:1068AC0009031344012BB8BF01239B45A8BF9B468A
:1068BC005E450BDD05304FF00A024FF0000341F14D
:1068CC000001F9F705FC09F10109013E5E45A8BF7D
:1068DC005E4637B20FFA89F9059B09FA86F607F17D
:1068EC000508013E98444FF00009B9452CDB059B87
:1068FC001A461E60099B137100E6069B2BB9DDE955
:10690C0012239D4208BF944209D00123B3E7069B92
:10691C0053B9DDE912239D4208BF944204D1089B70
:10692C00002BF2D1002EF0D0B8F1040F94BF00234D
:10693C000123A0E74FF00408F1E705FB02F7A4FBE5
:10694C00054201363A449EE70A220023F9F7C0FBC0
:10695C00303208F8012D09F10109C6E7014B584303
:10696C00800C704741340100014B5843000D7047B7
:10697C00FB2E0B00024B5843C00C0130704700BF7C
:10698C004F9312000A4A70B503464FF0CC360020E4
:10699C004FF0333506FB03F402FB0144A3FB023139
:1069AC0021449D4275EB010401D30130F2E770BD27
:1069BC00CDCCCCCC2DE9F04F1A23354EB0FBF3FAED
:1069CC0003FB1A0389B004460D4606EB0A1653B9AD
:1069DC00D6E90023C1E90023D6E90201C5E9020189
:1069EC0009B0BDE8F08F2B4A02EBC303D3E9008951
:1069FC0004AB0093D6E902234046494602F09DFAC7
:106A0C0006AB0093D6E9002383460F464046494621
:106A1C0002F093FADDE9066216EB0B0652EB07085F
:106A2C004FF0000328BF0123814633B1049B059A24
:106A3C00013342F10002CDE9043220460391FFF705
:106A4C0099FF07461A2000FB0AF0FFF793FF3F1A45
:106A5C003246434603990097484602F089FA4FEABA
:106A6C00141C0D4A640004F01E0352F82C40DC4048
:106A7C0004F00304241841F10001C5E90041DDE9EB
:106A8C00042300973046414602F072FAA6E700BF95
:106A9C000895000038940000EC9800002DE9F04FA8
:106AAC001A27DFF8E4A000F11905B5FBF7F56F43E1
:106ABC003A1A4FEA051B89B004460E460AEB051537
:106ACC000AD1D5E90023C1E90023D5E90201C6E9C1
:106ADC00020109B0BDE8F08F2C4B03EBC203D3E9E4
:106AEC00008904AB0093D5E902234046494602F0E5
:106AFC0024FA5AF80B206B68013ACDE9020106A979
:106B0C0063F1000300914046494602F016FADDE9B4
:106B1C0006528A4602996D18039952EB01084FF000
:106B2C00000328BF0123814633B1049B059A01332E
:106B3C0042F10002CDE904323846FFF71BFF07464D
:106B4C002046FFF717FF3F1A2A4643460097484650
:106B5C00514602F00DFA4FEA141C0D4A640004F081
:106B6C001E0352F82C40DC4004F0030401342418BA
:106B7C0041F10001C6E90041DDE9042300972846F4
:106B8C00414602F0F5F9A2E7D895000038940000D0
:106B9C00409900007047036803F01F025B09026014
:106BAC000CBF4FF0A0400020704707B5019001A822
:106BBC00FFF7F1FF019A01239340C0F8083503B0A9
:106BCC005DF804FB07B5019001A8FFF7E4FF019AFB
:106BDC0001239340C0F80C3503B05DF804FB02F0C0
:106BEC0003B808B501460420FFF7ECFFBDE80840E8
:106BFC000846F9F747BD08B501460420FFF7D5FF55
:106C0C00BDE808400846F9F73DBD37B54FF47A7436
:106C1C00002501A80195FFF7BEFF019AD0F81035A9
:106C2C00D340DB0705D521200021FFF7D8FF013C1D
:106C3C00EFD103B030BDF8B5074644200D461646DB
:106C4C001C46FFF7CEFFF808FFF7D5FFF008FFF75B
:106C5C00D2FF4520FFF7C5FF2846FFF7CCFF0020E9
:106C6C00FFF7C9FF2046FFF7C6FFBDE8F84000203C
:106C7C00FFF7C1BF38B505464E200C46FFF7B1FFF4
:106C8C002846FFF7B8FF4F20FFF7ABFF2046FFF772
:106C9C00B2FFBDE838400020FFF7ADBF10B5044689
:106CAC00F9F720FDDCBBFFF7B0FF1220FFF799FFCF
:106CBC00FFF7ABFF0120FFF794FFF920FFF79BFFD5
:106CCC002046FFF798FF2046FFF795FF1120FFF7AE
:106CDC0088FF0320FFF78FFFF923792221462046F6
:106CEC00FFF7A9FF21462046FFF7C4FF3C20FFF722
:106CFC0078FF0520FFF77FFF2120FFF772FF20466A
:106D0C00FFF779FF8020FFF776FF1820FFF769FF68
:106D1C008020FFF770FFFFF778FF002010BD012CDB
:106D2C003AD1FFF772FF1220FFF75BFFFFF76DFF01
:106D3C001820FFF756FF8020FFF75DFF1120FFF7AB
:106D4C0050FF0320FFF757FF0021F9237922084653
:106D5C00FFF771FF00210846FFF78CFF2220FFF799
:106D6C0040FFB120FFF747FF2020FFF73AFFFFF766
:106D7C004CFF1A20FFF735FF6420FFF73CFF002083
:106D8C00FFF739FF2220FFF72CFF9120FFF733FF8D
:106D9C002020FFF726FFBEE7022C2CD11D2000215E
:106DAC00FFF710FF2120FFF71AFF1D20FFF7FDFE54
:106DBC003C20FFF716FF8020FFF71DFF0120FFF797
:106DCC0010FFF920FFF717FF0020FFF714FF00203A
:106DDC00FFF711FF1120FFF704FF0320FFF70BFF54
:106DEC0000210846F9237922FFF725FF00210846E8
:106DFC00FFF740FF91E74FF0FF308FE72DE9F041AF
:106E0C00054690B12420FFF7ECFE002405F1100894
:106E1C00661908EB040716F8010BFFF7ECFEBE42EF
:106E2C00F9D11034B4F57A6FF2D12220FFF7D9FEE4
:106E3C00F720FFF7E0FE2020FFF7D3FEBDE8F0417E
:106E4C00FFF7E3BE836800EBC101B3F5004F2CBF25
:106E5C0051F8220031F81200704700EBC101806834
:106E6C00B0F5004F2CBF41F8223021F8123070479A
:106E7C0008B50122FFF7E6FFD04008BD8368B3F5E3
:106E8C00004F00EBC10108D34B681AB143F001036A
:106E9C004B60704723F00103FAE74B881AB143F0BB
:106EAC0001034B80704723F00103FAE753000122E2
:106EBC00FFF7D3BF8368B3F5004F34BF0423082317
:106ECC00481C0833A0EBD300B0FA80F0C0F11F00CF
:106EDC0070472DE9F0410D4686680446FFF7C8FF60
:106EEC00B6F5004F014601D3012832D02046FFF7FA
:106EFC00E1FF04EB80010E6996B9E3680122824040
:106F0C001343E36002220D612B4629462046FFF70E
:106F1C00A4FF032229462046BDE8F041FFF79DBFA0
:106F2C00022231462046FFF78DFF294603460746CD
:106F3C002046FFF792FF0322334629462046FFF7EF
:106F4C008CFF39462B462046FFF787FF022231463D
:106F5C00E1E7BDE8F081B2F5802F2CBF08230423B4
:106F6C00D21A2DE9F0418C18CD1D25F0070524F01F
:106F7C000704641B0026E40805602146AC60EE6043
:106F8C002846FFF797FF421D9200013002F10707D8
:106F9C004FEAD707A2F110023146B8BF324605F1CD
:106FAC00100001F0C3FE3A4631462846FFF77EFF3B
:106FBC003346324631462846FFF74FFFA4EB07080D
:106FCC00284631460122FFF759FF42463946FFF762
:106FDC006DFF3B46324639462846FFF73EFF2146B9
:106FEC002846FFF763FF4346324621462846FFF703
:106FFC0034FF214628460122FFF740FF3946BDE801
:10700C00F041FFF766BF2DE9F04706460D461746DF
:10701C0098462BB398F8004093F80190DB78A400C5
:10702C0004EB430498F802301C4444444FF0000A2B
:10703C00CA4509D3D8F8042008F10803394630466C
:10704C00AC46BDE8F047604714F8013B48F82340D4
:10705C002046F9F75FF8013004440AF1010AE7E72A
:10706C006FF01500BDE8F08770B500250246284684
:10707C00144614F8013B0BB9184609E098B18D423F
:10708C0007D1702B04D0A3F140023A2A0BD8002070
:10709C0070BDA3F140063A2E05D853780135941CE7
:1070AC00002BE9D00020252B08BF80F001002246E0
:1070BC00DEE7002070470FB407B504A951F8040BA4
:1070CC00019100F068FB03B05DF804EB04B070476D
:1070DC0010B50369024613F0080009D11368D4688F
:1070EC009C4297BF126AE31AD31A01200B6010BDA1
:1070FC0000231846FAE713B501A90446FFF7E8FF89
:10710C0020B1019BE268013B13440193206A019B6F
:10711C00C01A013802B010BD10B5044650182269CF
:10712C00236AD20702D5013B184010BD984228BFF4
:10713C00C01AFAE710B504460A46C168FFF7ECFF1F
:10714C002369E06023F00803236110BD38B50D46B8
:10715C00C2698B00016843F0020342F821300446F7
:10716C0001682A46FFF7D8FFE368616820609842FF
:10717C0002BF236943F0080323612A462046FFF728
:10718C00CBFF606038BD2DE9F74FC768C6699B46D9
:10719C0006EB8703009316F8273003F00303022B4A
:1071AC000446884691464FF000030BD01360CBF891
:1071BC00003023699B0713D44FF0000A504603B0EC
:1071CC00BDE8F08F56F8271013608908CBF8003013
:1071DC00EFD0FFF7AFFFE368A3604FF0010AEDE7D4
:1071EC00A36906EB8700984716F8272012F0010ACE
:1071FC000546E1D012F002021FD0B8F1000F03D007
:10720C0041462046FFF7A2FF61682A462046FFF759
:10721C0083FFD4E902219142606006D12A462046C0
:10722C00FFF77AFF4FF0000AA060A2682260E260CC
:10723C00226942F008022261C0E701462046019211
:10724C00FFF778FFE368A360B8F1000F04D0216862
:10725C00E369019A43F8212005EB0802CBF80020E2
:10726C0021682046FFF758FF2369206043F008038C
:10727C00236116F827306FF3000306F82730009BC4
:10728C00C9F80030A9E770B504461546FFF744FF6E
:10729C002368834205D12369216023F0080323610D
:1072AC0070BDE269AB0043F0020342F82130204686
:1072BC0061682A46FFF730FF6060F1E738B5036973
:1072CC005B07044606D5456AFFF715FF85422CBFC0
:1072DC006562606238BD38B50D4604461C2200213B
:1072EC0001F024FDEB68A361AB6863612B68E3617B
:1072FC006B682362002262622A6923B1591E19420B
:10730C0008BF42F001022261012204F12800002191
:10731C00BDE8384001F0C3BB2DE9F04F87B0002524
:10732C000093036A03958B4204460E4692460595DC
:10733C00A94639D3EFF3118B202383F31288BFF3C3
:10734C006F8F059AD8462AB129462046FFF79BFF36
:10735C000023059304A92046FFF7BAFE0499B14215
:10736C0007462AD32268E36913F8221021F003019F
:10737C0003F8221003EB8209216832462046FFF7FE
:10738C00CBFEE3682060984212D0002788F3118866
:10739C00BFF36F8F039929B162690AB120469047F8
:1073AC0000230393002FC5D1484607B0BDE8F08FEA
:1073BC00236943F008032361E7E718B12046FFF780
:1073CC00C5FEE3E7009B5AEA03021CD0019101F0D1
:1073DC0072FB0199B8B9BBF1000F14D187F3118876
:1073EC00BFF36F8F009B524604F12800FDF708FC99
:1073FC00EFF31188202383F31288BFF36F8FB0FA59
:10740C0080F77F09C2E705AB03AA20462568FFF782
:10741C00BAFE0746BAE770B50446836908460D46BE
:10742C0098470246EFF31186202383F31288BFF3AB
:10743C006F8F2B7843F001032B7061682046FFF7A8
:10744C006BFE60602046FFF739FF86F31188BFF3AF
:10745C006F8F70BD2DE9F04104462027EFF31186A4
:10746C0087F31288BFF36F8F236913F0080FA3689B
:10747C0002D16268934200D9226AE169D21A32B908
:10748C0086F31188BFF36F8F4FF0000833E011F8CB
:10749C00232012F0030001EB8308F1D0022803D162
:1074AC0051F82350AD0805D1D00712D4A36940463A
:1074BC0098470546A1682A462046FFF72DFE294627
:1074CC00A0602046FFF736FE86F31188BFF36F8F5E
:1074DC00C4E742F0020201F823204046A369A568E4
:1074EC009847294602462046FFF716FEA06086F311
:1074FC001188BFF36F8F4046BDE8F081F8B50446A4
:10750C00836908460D4698470646EFF311872023FA
:10751C0083F31288BFF36F8F2B786FF300032B70FC
:10752C0023699B0705D5E268E36903EB82039D425F
:10753C001AD12B786FF341032B70D4E902319942A5
:10754C0004D132462046FFF7E7FDA06031462046C5
:10755C00FFF7F0FD87F31188BFF36F8F04F128005C
:10756C00BDE8F840FDF718BB2B6860F39F032B6058
:10757C00F0E7EFF31181202383F31288BFF36F8FB1
:10758C00036913F0080F836802D14268934200D953
:10759C00026AD31A81F31188BFF36F8F181E18BFBC
:1075AC0001207047038B13F0070305D10368002BF0
:1075BC000CBF002003207047022B05D1408BB0FA82
:1075CC0080F0400980007047012B05D10368002B27
:1075DC000CBF0020052070470020704710B50C46EA
:1075EC0000B111B96FF0150010BD081D00F093F833
:1075FC000028F9D1A368032BF6D9F3E72DE9F04164
:10760C000D4607461946281D90461E4600F094F874
:10761C00044638B13346424629463846A446BDE8AE
:10762C00F0416047BDE8F08110B4EFF311822024E3
:10763C0084F31288BFF36F8F416110BC0121F9F7FD
:10764C0081BC38B50C46054658B151B10B6843B1F5
:10765C004B6833B11C22002101F068FB2C61002027
:10766C0038BD6FF01500FBE770B505460E46FFF709
:10767C00B5FF041E14DBEFF31182202383F3128871
:10768C00BFF36F8F6B8B2C8B4FF6FF718B4204F01B
:10769C00070407D182F31188BFF36F8F6FF00A04D0
:1076AC00204670BD022C0CD101336B8382F3118800
:1076BC00BFF36F8F0023224631462846FFF79EFF0B
:1076CC00EEE7062C14D8DFE804F004131313041AA5
:1076DC000400002333606B683BB9C5E90066ACB9A4
:1076EC0002212846F9F72EFCDAE71E606E60F6E7F9
:1076FC0082F31188BFF36F8F6FF00404D0E782F32D
:10770C001188BFF36F8F6FF08504C9E782F311887E
:10771C00BFF36F8FC4E7034658B1426802F003020F
:10772C00012A03D0032A04D1026812B10020986008
:10773C0070476FF0150070474268816002F00302D9
:10774C00032A4FF0000203460CBF006810465A6033
:10775C007047704703785B075FBF03684288C3F3C9
:10776C004A2303EB12105DBF173020F0070080088E
:10777C00002070470020704700F0A7BC0346BFF301
:10778C005B8F53E8000F421C43E800210029F8D11D
:10779C00BFF35B8F70471FB50023CDE90201CDE924
:1077AC0000331A4619461846FAF702F805B05DF888
:1077BC0004FB0120F9F7AABD002070474368DA7179
:1077CC0043681960436801225A71F9F791BD70B58D
:1077DC0015460C4669B1D2E901369B1B99420AD871
:1077EC0013680A460146981901F092FAAB682344D3
:1077FC00AB60204670BD6FF01B00FBE770B50E460A
:10780C0015461946044618B9BDE87040F9F77EBD17
:10781C0033B1C2F34A231030120D184401F078FA38
:10782C00C4E900562046BDE87040F9F71DBF2DE9AC
:10783C00F3415F1C4FEA8708064608F1170020F059
:10784C00070080080C461546F9F7E2FD0023ADF859
:10785C0005308DF807308DF8047068B10346019A35
:10786C0043F8102FA8F104012A46294452F8045B6E
:10787C0043F8045F8A42F9D1A20102F4E07242EAB1
:10788C00482222F07F4222F47002002322F03F02B1
:10789C00314602B0BDE8F041FFF7B0BF07B5012398
:1078AC00019201AAFFF7C3FF03B05DF804FB07B513
:1078BC00CDE9002302236A46FFF7B9FF03B05DF858
:1078CC0004FBF8B506460D4614461F4604B9F8BD30
:1078DC00214628463A46B047241A0544F6E710B527
:1078EC00426881680446D2E900230068FFF7E9FF8B
:1078FC00636800221A6010BD38B54B681A68CB68F3
:10790C009A4205460C4602D10846FFF7E8FF636829
:10791C00BFF35B8F53E8002F511C43E80010002885
:10792C00F8D1BFF35B8FA3689D54002038BD0A28A3
:10793C0038B504460D4602D10D20FFF7DDFF294670
:10794C002046FFF7D9FF002038BD2DE9F04305464E
:10795C0087B008460E8891F80090D1F808800C4644
:10796C001746F9F775FF011EC6F38216C9F3C20953
:10797C001EDB4846F9F78AFE03462146608851F81B
:10798C00102B0196C2F34A22002A01EB0204C0F329
:10799C000B1008BF00210022CDE90407CDE9021429
:1079AC00009241462846F9F77FFF07B0BDE8F08307
:1079BC000023E2E701F0BAB901F0AAB90146006868
:1079CC00FAF7F0B908B5FAF749FABDE80840FAF742
:1079DC0069BA0A460121FFF761BF00210120FAF7BD
:1079EC00E1B96FF08500704761B662B680F311881B
:1079FC00BFF36F8F704772B6002383F31188BFF308
:107A0C006F8FBFF34F8F30BF62B6BFF36F8F70476E
:107A1C0072B6002383F31188BFF36F8FBFF34F8FC0
:107A2C0020BF80F31188BFF36F8F62B67047202898
:107A3C0009D9B0F1004F08D80138B0FA80F0C0F184
:107A4C001F0040007047082070473E20704708B563
:107A5C00D1E904319847002008BD08B5FAF7B2FF08
:107A6C00002008BD0369C9B20C2201FB0233186C5B
:107A7C0000F00700704770B5C9B20369EFF31185C8
:107A8C00202484F31288BFF36F8F0C2606FB01347D
:107A9C00246C14F0C00408D0A24206D085F31188DF
:107AAC00BFF36F8F4FF0FF3070BD71430B44012259
:107ABC001A6485F31188BFF36F8F43680B445B68BE
:107ACC0098470020F0E78022FFF7D5BFF8B5069F56
:107ADC000469C9B2EFF31186202585F31288BFF330
:107AEC006F8F0C2569430C44256C05F0070CBCF119
:107AFC00010F0BD1276486F31188BFF36F8FC4E994
:107B0C000E2343685B5898470020F8BD05F0C0056C
:107B1C00AF4286F31188BFF36F8F0CBF6FF0770005
:107B2C004FF0FF30F1E713B580240094FFF7CEFF40
:107B3C0002B010BD10B40069CBB21C2403FB0400CE
:107B4C00002110BC10471046FDF726B800F057BBBB
:107B5C0043685B68D3F810350B60002070474368AE
:107B6C005B6802EA010021EA0201C3F80805C3F8C8
:107B7C000C150020704743685B680020C3F808159B
:107B8C00704743685B680020C3F80C157047436866
:107B9C005A68D2F8043521EA03000B40C2F80805F4
:107BAC00C2F80C350020704710B503695868F8B15D
:107BBC00884219D19C6808685860A14200D198602D
:107BCC00002008602AB15A680A609A68596002B9A4
:107BDC009960002010E0814206D108682060986806
:107BEC008142EDD19C60EBE7044600680028F2D19D
:107BFC00002AE8D16FF0150010BD00F08CBD2DE906
:107C0C00F043476840F20636D0063B7C87B002EA68
:107C1C00060654BFC2F3401C4FF0030C01F01F05C5
:107C2C00B6F5837F144645EA43158DF803C043D05F
:107C3C000DD8062E16D005D8A6B1022E3ED06FF068
:107C4C00150036E0B6F5807FF9D101260AE040F246
:107C5C000222964234D0B6F5407F33D0B6F5007F81
:107C6C00EDD102260123220303FA01F12CD57B6806
:107C7C00C3F80815B86868BB05F01F026D0972D10E
:107C8C00920002F1A04284F48031D2F80037C1F3A3
:107C9C000041C4F3404423F4E16344EA410423F07B
:107CAC0007031C4344EA8C0444EA0624C2F8004748
:107CBC00002007B0BDE8F0830726D3E70426D1E700
:107CCC000526CFE70326CDE7630344BF7B68C3F8E3
:107CDC000C15CFE70DF10202294600F0A1FC14F4BB
:107CEC00403F80460CD1B868294600F0C7FCB8F17B
:107CFC00000FDDD19DF80210B868FCF713FBD7E735
:107D0C004FF0000901ABCDE90199CDE90439CDF86B
:107D1C000C90B86803AA294600F07DFB4845C7DBE8
:107D2C0014F4003314D084F480349DF803308DF8AF
:107D3C000E30C4F300448DF80C608DF80D40B8681B
:107D4C004B4603AA294600F001FC0028CFDAAFE726
:107D5C00CDE904330DF103030393B86803AA294654
:107D6C0000F059FBF1E702F5E07250F82230FFDE2B
:107D7C00F0B544681646A068227C01F01F0587B058
:107D8C0045EA4215002865D0B6F5001F04D12946F6
:107D9C0000F0BDFC00204EE001AA0020B6F5800FDB
:107DAC000190506036D1B3F1007F14BF052304233A
:107DBC008DF804300023CDE904230393E36823FA00
:107DCC0001F111F001010DF1030736D1B6F1A07FDD
:107DDC0033D105F01F036A0903F5E0733DD14FF071
:107DEC00A04252F82330DB0727D4A0683A46294634
:107DFC0000F016FC163018D00297A06803AA29468A
:107E0C0000F009FB002816DBA0680122294600F0CF
:107E1C0037FCBFE7B3F1C06F05D0B3F1007F14BFDF
:107E2C0001230223C4E70323C2E7A0683946FCF709
:107E3C007FFA0028E0DA07B0F0BDA0683A46294680
:107E4C0000F0EEFB0028D8D19DF80310A068FCF7D9
:107E5C0069FAD2E76FF08500EDE751F82330FFDEC9
:107E6C0030B543681360057A446804EBC504A3423B
:107E7C0002D36FF0010030BD5C798C4201D0083325
:107E8C00F0E70020F7E743681B68D3F88004C3F8D9
:107E9C008004704742681368D3F8100150B1D2695E
:107EAC00002012780A70C3F81001D3F810210122B7
:107EBC001A6070474FF0FF30704702680346D2F8E3
:107ECC00580140B95B68DB0706D4D2F820010038B2
:107EDC0018BF012070470120704743681B68D3F816
:107EEC000423D20517D5D3F82021A2B1EFF31182C8
:107EFC00202181F31288BFF36F8FD3F8201131B199
:107F0C000021C3F82011D3F820110121D96082F38C
:107F1C001188BFF36F8FD3F85831704713B501AA8E
:107F2C000446FFF79DFF002805DB019B22681979A9
:107F3C001868FAF79DFF02B010BD6FF0850070470E
:107F4C00FFF7ACBC002201210420FAF7F7BA00229B
:107F5C0001212320FAF7F2BA10B50B6813B913609C
:107F6C00184605E003685C681CB114600368186867
:107F7C0010BD083303600B68013B0B60EDE7034653
:107F8C000A4600681979012303FA01F103691B6899
:107F9C00194218BF82F0010212B18368DB681847DE
:107FAC0083681B69FBE710B5036804464BB19A68FC
:107FBC003AB1186900F039FD206800210830FFF74C
:107FCC00DEFFA36933B9636004F11000BDE8104013
:107FDC00FCF7E2BD10BD10B5006903688B4206D1F9
:107FEC0090F85C4034B9FFF7DEFF204610BD6FF00F
:107FFC001500FBE76FF00F00F8E77FB5054640680A
:10800C0029698A6C0B6DFAB99BB14C6C8B65164661
:10801C001A46C96C0291CDE9004601B3002B18BF7A
:10802C001346002269460393FCF7B2FA50B16FF085
:10803C0004032C69236304F12000FCF7ADFD00233D
:10804C0084F85C3004B070BD4C6C13B19A4228BFFC
:10805C001A46002C8A6514BF16460026D9E70B4633
:10806C00DFE7F0B587B001238DF8023002238DF8DD
:10807C0004306B4403930E4601AB0DF10301002752
:10808C000546029104930597FCF752F9041E0BDB8D
:10809C0003AA3146284600F0BEF9041E07DA9DF803
:1080AC0003102846FCF73EF9204607B0F0BD3C46CD
:1080BC00FAE700F150039B009BB203F1804303F5F8
:1080CC00883300221A601B68704708B5FBF7FEFB6B
:1080DC0008BD4FF08053D3F83001421C04BF4FF061
:1080EC00704393F8E00F831F584258417047034682
:1080FC000020184700F099BC10B502461168B1B1C8
:10810C00BFF35B8FB1FA81F3C3F11F0001238340EE
:10811C0021EA030352E8004F8C4204D142E8003CB0
:10812C00BCF1000FF6D1BFF35B8FE7D110BD6FF040
:10813C000B00FBE710B50368CB40DB0714D401231D
:10814C008B400268BFF35B8F43EA020150E8004F9B
:10815C00944204D140E8001CBCF1000FF6D1BFF3EF
:10816C005B8FEED1002010BD6FF01500FBE770B5F2
:10817C000C460021054608461646FBF7EDFE002886
:10818C000ADB3378DB0003F1804303F5F83300207E
:10819C00C3F81055C3F8144570BD10B1012802D0B6
:1081AC007047FBF7D3BFFBF783BF18B1012803D18E
:1081BC0000F00AB800F023B8704708B5FBF794FF3D
:1081CC00BDE80840FCF722B8FBF738BF38B54FF0D4
:1081DC0080440223C4F808330123E3600023C4F86D
:1081EC000431D4F8043142F21075D4F81834DB039E
:1081FC0004D50120FFF77EFF013DF6D138BDFFF716
:10820C00E5BF036803F01F025B0902600CBF4FF06F
:10821C00A04000207047F7B5019001A8DDE90847A0
:10822C0016461D46FFF7EDFF019BB6F1000C18BF7B
:10823C004FF0010C00EB83000B1E18BF0123002D27
:10824C0043EA4C0314BF4FF00C0C4FF0000C002C05
:10825C0043EA0C0314BF4FF4E06C4FF0000C002FFA
:10826C0043EA0C03D0F8002714BF4FF4403C4FF006
:10827C00000C43EA0C0322EA030301B109780EB1A6
:10828C003678760019430DB12D78AD0031430CB121
:10829C002478240229430FB13F783F040C433C431C
:1082AC00C0F8004703B0F0BD1FB50DF10F030193EB
:1082BC0000238DF80F1000931A461946FFF7ABFFF9
:1082CC0005B05DF804FB70B5CBB20833164630F838
:1082DC001330DA0504460D4609D5C3F3432300EBEE
:1082EC00C302314650F83330526828469847A36889
:1082FC002BB1E26831462846BDE87040184770BD86
:10830C0010B4CBB200EB43039A8AD1051BD5C2F350
:10831C00432122F4F8529A8200F1520400F1120225
:10832C0032F8023F13F4807F03D0C3F34323994206
:10833C0009D0A242F4D100EBC10300225A6010BC58
:10834C005830FFF7F7BE10BC704770B511F0010440
:10835C000CD04FF0A046D6F820550560C6F8205535
:10836C00FBF78CFF08B1D6F8203505B90024204660
:10837C0070BDF0B5034600F580740020054601275A
:10838C00844695420AD1D3F87C2132B10022C3F83D
:10839C007C21D3F87C3140F00040F0BD25F0404604
:1083AC0007FA06F6314209D0D4F800E0BEF1000F0E
:1083BC0004D0C4F800C0D4F800E0304301350434D4
:1083CC00DFE7C9B200EB4100808A830643BF400B54
:1083DC00800000F580704FF4BE7070470246CBB23F
:1083EC0002EB430308469B8A990611D599070FD4D3
:1083FC0010685B0B01219940C0F80813126802EB5E
:10840C008303D3F8102522F00302C3F8102570471C
:10841C000021FFF749BFF0B5136885B005460C463F
:10842C001646DBB1CFB200EB4707BA8A02F0220244
:10843C00222A1ED00022CDE900228DF80E208DF8C4
:10844C000F200DF10E010DF10F022046FFF7E3FE98
:10845C00BB8A23F0020343F00103BB82736823B38E
:10846C001A785868E3B205EB4303998A8F0703D552
:10847C00A8B16FF015001BE021F4604121F0200140
:10848C00998260B1032AF4D8716848682968077822
:10849C0001EB870172B9C1F81025C1F81025998A32
:1084AC0021F01C0141EA82029A82B3684BBB002086
:1084BC0005B0F0BDD1F8100520F00300C1F810058F
:1084CC00286800EB8700D0F8101521F4473121F40F
:1084DC004071C0F810152102D0F810C501F4F85104
:1084EC0041EA024141EA0C01C0F8101505EB4701C5
:1084FC00A1F85C40998A41EA473141F02001998208
:10850C00CDE7D3E9006721462846FFF7F9FE002E98
:10851C00CDD06B689E4206D005F15800FFF7ECFDFC
:10852C00002804DAC4E7AB689F42F5D1002005EBC4
:10853C00C003C3E90167E4B205EB4404C0B2A38AEB
:10854C0043EA402343F48073A382B0E7F0B50746B7
:10855C0085B00C461D46F2B1CEB200EB4606B38A8E
:10856C00980701D499061ED413F01C0F02D053782F
:10857C00012B18D001238DF80F300023CDE90023F7
:10858C000DF10F01931C20460132FFF744FEB38A14
:10859C0043F00303B382002D3DD0E2B207EB42025D
:1085AC00938A9B0703D46FF0150005B0F0BD2878B3
:1085BC003B6803EB80030021C3F81015C3F81015BA
:1085CC00938A23F4604323F0200393826E784FEA5E
:1085DC00800C06B33968AD7861443604D1F8103597
:1085EC0023F4981323F4F853C1F81035230203F441
:1085FC00F85306F440362D05D1F81075334305F4C5
:10860C0080152B433B43C1F81035938A43EA403322
:10861C0043F0200393820020C7E7C0E903127047A0
:10862C00C9B200EB4100838A990643BF5B0B002063
:10863C0013706FF01500704738B590F86C40054614
:10864C009CB940222146143000F070FB2868C0F819
:10865C007C41D0F87C3140F30730F9F73FFF012320
:10866C0085F86C30AB65204638BD6FF07700FBE7C2
:10867C0090F86C00003818BF01207047FBF71EBE45
:10868C0073B50C46C9B200EB410105688B8A9E0696
:10869C0019D513F0020616D15B0B9C0004F5807102
:1086AC006E50695801682144D1F8104544F001041A
:1086BC00C1F810452AB10168012202FA03F3C1F88E
:1086CC00043302B070BDD5F80433002BA4BF4FF0B7
:1086DC000043C5F804338B8AC3F38203042B12D0F6
:1086EC00052B12D001A80194FFF78BFD019AD0F84D
:1086FC001035D34003F00103991C204602B0BDE8AD
:10870C007040FFF7D1BD0321F7E70221F5E7FFF732
:10871C0065BEFFF756BE2DE9F04F074685B057F8FA
:10872C00049BD9F80413C9B28046082241F00041D9
:10873C004846FFF71EFE051E16DA0023012102A88B
:10874C000293FFF702FE4FF0010A029A92B94FF022
:10875C0000414846FFF70DFE012102A8FFF7F5FD89
:10876C000028F2D125F000450124002D76D105B06A
:10877C00BDE8F08F92FAA2F4B4FA84F408EB440347
:10878C00E0089E8A039402AB04F007021B5C0AFA11
:10879C0002F223EA020302AAB108135403A8FFF75A
:1087AC0030FD039B03F5E073C6F3820B50F82330C6
:1087BC004A075E46C3F3014332D53246384621465A
:1087CC005FFA83FBFFF77FFD03A80394FFF719FD06
:1087DC00039B03F5E07350F82330C3F301439B452F
:1087EC0007D100212046FFF75FFD59462046FFF7D1
:1087FC005BFD03A80394FFF704FD039B0AFA03F344
:10880C00C0F820350446FBF739FD00289DD0D4F87C
:10881C002035D4F82035D4F82035D4F8203594E719
:10882C00022B0DD103212046FFF73EFD0BF0050373
:10883C00012BDED1324621463846FFF744FDD8E7FE
:10884C00022120460193FFF72FFDBBF1030FF1D05E
:10885C00019B032BCDD1BBF1020FEAE795FAA5F3EF
:10886C00B3FA83F304FA03F225EA020503F5A272C4
:10887C0008EB430359F82220B3F85C10C2F3014211
:10888C003846FFF720FD70E7036803F01F025B0911
:10889C0002600CBF4FF0A0400020704707B501905C
:1088AC0001A8FFF7F1FF019A01239340C0F80835A6
:1088BC0003B05DF804FB07B5019001A8FFF7E4FFD6
:1088CC00019A01239340C0F80C3503B05DF804FB0A
:1088DC0037B5D0F818358A69DBB28DF807300B6ADA
:1088EC0093423EBF4A699DF80740D4540B6A91F8F5
:1088FC0024500C695A1C0A62023335B1A3428C69AC
:10890C0038BF0B619C4288BF8B610D699D4205D9B4
:10891C00CA68D35CC0F81C3501200AE08C699C4203
:10892C0001D9CB7FF6E7AA42F6D3A2422CBF002096
:10893C00012003B030BD70B503460025C0F80851C6
:10894C00D3F808310C46FFF7C3FF68B9887FFF28BE
:10895C0001D0FFF7A3FF204665772572616850F8B8
:10896C00083BBDE87040184770BD0369C26893426C
:10897C009CBF81685B18013B981A70472DE9F04148
:10898C00D0E902840546A8EB0406406896422044D0
:10899C000F46144404D900F0BBF9EC60BDE8F0813B
:1089AC003246A4EB080400F0B3F968682246B91902
:1089BC00F1E72DE9F843C5680646894617464FF09E
:1089CC0000083369B46870689D4228BF1B19641B8A
:1089DC00BC4203F1FF3328BF3C465B1B9C4228BFC3
:1089EC001C4649462844224600F092F9B3682544B7
:1089FC00AB4208BF00253F1BA044A144F560E0D169
:108A0C004046BDE8F88308B5FBF710FF002008BD11
:108A1C00EFF31180202383F31288BFF36F8F70471D
:108A2C0080F31188BFF36F8F704708B1F9F7FCBF63
:108A3C00704710B5436904463BB90020E26853788F
:108A4C0043F001035370404210BD98470028F4D006
:108A5C000028B8BF4042E368FF28A8BFFF20187069
:108A6C00ECE740B1C368587810F001001EBF1878CD
:108A7C00B0FA80F040097047EFF31183202383F3A1
:108A8C001288BFF36F8FFEE708B52024EFF3118334
:108A9C0084F31288BFF36F8FFEF7ADFFF6E73AB1A0
:108AAC008A4205D3C0E90212C0E9000000207047D9
:108ABC006FF015007047EFF30580003818BF0120E8
:108ACC00704774307047D0E9003213605A6000234D
:108ADC00C0E90033704708B5FFF7F5FF437B23F07F
:108AEC00020343730023836008BD38B504460D466A
:108AFC00FCF702FA637B43F002036373E5B1A560F4
:108B0C002B689D4209D16B68C4E900531C606C60F2
:108B1C0012E06A689A42F6D01B68002BF3D094F9E5
:108B2C000E2093F90E108A42F3D09142F1DD5A686F
:108B3C00C4E9003214605C6038BD10B5EFF31184E9
:108B4C00202383F31288BFF36F8FFCF793F984F320
:108B5C001188BFF36F8F10BD08B5EFF31181202280
:108B6C0082F31288BFF36F8F83680BB1FFF7B3FFEB
:108B7C0081F31188BFF36F8F08BD10B50146EFF379
:108B8C001184202383F31288BFF36F8F437B13F080
:108B9C00280F0AD183680BB1FFF79DFF4B7B23F0A5
:108BAC0004034B730846FCF765F984F31188BFF393
:108BBC006F8F10BD01211838FFF7DFBF08B50346D2
:108BCC00EFF31181202282F31288BFF36F8F0068BC
:108BDC00834207D008B1FFF77EFF81F31188BFF302
:108BEC006F8F08BD0020F8E738B504460D46FCF73A
:108BFC00DFFAB5F1FF3F08BFB4F1FF3F0246204654
:108C0C0018D000204FF47A7447F6FF730146C2FB6C
:108C1C000431B3F5004F71F100020BD36FF4004235
:108C2C009A4243F6FF728A4126BFD80B40EA414074
:108C3C006FF0004038BD08B50246FCF765FC70B11A
:108C4C00D0E904319B1A61EBE272B3F1004F72F17F
:108C5C00000104DA002AACBF1846002008BD6FF0F2
:108C6C000040FBE738B50246EFF31185202383F370
:108C7C001288BFF36F8F0368CBB1FCF745FC044639
:108C8C001046FCF753FC00224FF000438442C0E92D
:108C9C00042306D1FCF740FCFFF7CDFF0021FAF7C7
:108CAC00C1FF002085F31188BFF36F8F38BD6FF0C3
:108CBC001500F7E708B5FCF745FD08BDFCF742BD0C
:108CCC000023C0E9081200F11802C0E90622C0E92D
:108CDC00003303634363704710B50446FFF7C2FFCC
:108CEC00A8B9636A0BB12046984704F11800FFF746
:108CFC0065FF60B1FFF721FFEFF31180202383F3B1
:108D0C001288BFF36F8FBDE81040FCF7A9B910BDF6
:108D1C000A44914200F1FF3300D1704710B511F8AD
:108D2C00014B03F8014F9142F9D110BD02440346A7
:108D3C00934200D1704703F8011BF9E710B50139D4
:108D4C00044632B111F8013F00F8013B013A002B07
:108D5C00F7D10021FFF7EAFF204610BD10B50246FF
:108D6C0001448A42134603D01C780132002CF8D1FE
:108D7C00181A10BD2DE9F047C3F13709074688468C
:108D8C005FFA89F903F01F0516464FF0000A3846C2
:108D9C0041462A465346F7F79BF9D4B2092C88BFB3
:108DAC004C443A46434688BFE4B2AA4204F130042C
:108DBC0073EB0A0306F8014B07468846E7D23046A8
:108DCC00BDE8F0872DE9F04F87B00618994602AB45
:108DDC0041EB0104009315463046D2E900232146AD
:108DEC00DDF844B000F0A9F804AB0093D5E90223F8
:108DFC00074688463046214600F09FF8DDE90263BD
:108E0C00841951EB0306049BD5E900014FF00002D5
:108E1C0028BF0122D218059B43F10003381848EBF8
:108E2C000101B84271EB0801D5E902C134BF012040
:108E3C00002014EB0C0C46EB010110EB0C0041F183
:108E4C000001A04271EB060C34BF4FF0010C4FF047
:108E5C00000CCDE90423A9F1410A1CEB020243F1F9
:108E6C000003CDF800A000F083F8109BC3E90001CB
:108E7C00129B012BDDE9042329D1D5E90201D5E9A7
:108E8C0000C5201A66EB0101674578EB050534BF78
:108E9C0001250025401B61F10001844276EB0105A0
:108EAC0034BF01250025521BCDF800A063F100034F
:108EBC0000F05EF8DDE90423CBE90001CDF800A059
:108ECC002046314600F054F807B0BDE8F08F17EBA0
:108EDC00070E48EB080C201946EB0601BE457CEB4F
:108EEC00080834BF01270027C71941F10008D5E94C
:108EFC00000186457CEB010CD5E9021534BF01203D
:108F0C000020381A68F1000C401A6CEB050192181D
:108F1C005B41A74278EB060534BF012500255219A9
:108F2C0043F10003874278EB010834BF012500258B
:108F3C00521BA9F140050095B8E7F0B50F46044661
:108F4C00A0FB0201A7FB02524919A3FB044542F105
:108F5C000002A7FB0373611845F10004D219059EAA
:108F6C0043F10003121943F10003C6E90023F0BDDD
:108F7C00F0B5059CC4F14007C4F1200602FA06F6D0
:108F8C00A4F12005BB4022FA05F53343C4F12006B9
:108F9C002B4301FA06F6A4F12005E04021FA05F571
:108FAC003043BA402843E14010431943F0BD2DE94A
:108FBC00F0410446CD0FC1F30A50C1F3130154EA3A
:108FCC000107157140F2FF7607D0B0420CD145F085
:108FDC00080515710020BDE8F081002863D0B0426F
:108FEC005ED145F00405F4E7002859D10120A0F228
:108FFC00FF30002B106059DB0C2B59DCC3F10D0535
:10900C00AD00012005F1FF3CA5F12107C5F12106BA
:10901C0020FA06F600FA07F700FA0CF037430618A8
:10902C0047EB0708D6F1000E68EB480C013E48F1FF
:10903C00FF38264008EA0108B04277EB08080FDB3E
:10904C00C5F12008B5F1200601FA08F824FA05F557
:10905C0045EA08055CBF41FA06F63543ED0703D532
:10906C002018044641EB070104EA0E0401EA0C0146
:10907C009DF81860123218460D25C6F127064FF0E0
:10908C00300E04F00F03240944EA017405F1FF3C8F
:10909C000911571EB3B9A8420CDA65463A46F0E7F7
:1090AC0041F48011A3E704460146A2E70023DFE761
:1090BC000D23DDE782F800E01CF1010365463A461A
:1090CC00DFD188E7092BC8BF9B193033A842137036
:1090DC00B8BF2846F0E7D1E9043293421EBF5A1CB0
:1090EC000A61187070470000014800687047000062
:0490FC00EC1B002049
:089100001070FF7F0100000068
:109108001D2A000000000000592A0000000000008D
:109118000000000068910000138A000000000000B1
:109128000000000088910000A52D0000000000004C
:1091380000000000A8910000713A00000000000043
:10914800D111000000000000F92900000000000013
:1091580000000000E891000000000000C891000035
:1091680097A00000789700006C930000FC13002083
:10917800281C0020E92A0000000000000000000070
:10918800C0A000009097000040930000FE1300204C
:109198007C1C0020412E00000000000000000000A0
:1091A800F5A00000A4970000889300000014002098
:1091B800881C0020AD300000477F00000000000040
:1091C800CDA2000000980000649300000214002063
:1091D80060110020B931000000000000000000000C
:1091E800DAA20000609800006493000004140020D4
:1091F800C0110020B931000000000000000000008C
:10920800C7810000FB80000000000000E779000033
:10921800A8910000E77E000000000000E779000048
:1092280091460000FB80000000000000E779000084
:10923800F0100020077C000000000000E779000023
:1092480000000000E779000000000000E779000056
:1092580000000000E779000000000000E779000046
:1092680000000000E779000000000000E779000036
:1092780000000000E779000000000000E779000026
:1092880000000000E7790000000000003D3B0000FE
:1092980000000000E779000000000000E779000006
:1092A80000000000E779000000000000E7790000F6
:1092B80000000000E779000000000000E7790000E6
:1092C80000000000E779000000000000E7790000D6
:1092D80000000000E779000000000000E7790000C6
:1092E80000000000E779000000000000E7790000B6
:1092F80000000000E779000000000000E7790000A6
:1093080000000000E779000000000000E779000095
:1093180000000000E7790000A1460000FB80000083
:1093280000000000E779000000000000E779000075
:0893380000000000E7790000CD
:109340000B7C00005D7B00006B7B0000837B0000DA
:109350008F7B00009B7B00007D7D0000B57B0000C3
:049360000000000009
:0893640095330000E37F0000D7
:10936C00412B0000D37A0000337B0000000000008A
:0C937C00717A00000000000000000000FA
:0C938800A17E0000F92F0000937E000081
:10939400A49A000002000000B2A000000200000035
:1093A400BD9A000002000000C19A00000200000003
:1093B40037A00000020000000BA40000020000001F
:1093C40093A0000002000000E7A2000002000000D9
:0893D40003A1000002000000EB
:1093DC0014970000D41B0020D89B00000100000053
:1093EC00040000000F000000010000000800000055
:1093FC002000000060000000700000000D00000064
:10940C000C0000000E000000500000007400000072
:10941C00A8000000FFFFFFFFFFFFFFFFFFFFFFFFA4
:04942C00FFFFFFFF40
:109430000338FDD870470000010000000000000064
:1094400005000000000000001900000000000000FE
:109450007D0000000000000071020000000000001C
:10946000350C000000000000093D00000000000075
:109470002D31010000000000E1F5050000000000B2
:1094800065CD1D0000000000F902950000000000FD
:10949000DD0EE90200000000514A8D0E00000000C0
:1094A0009573C24800000000E941CC6B0100000048
:1094B0008D49FD1A07000000C16FF28623000000ED
:1094C000C52EBCA2B1000000D9E9AC2D7803000084
:1094D0003D9160E45811000031D6E275BC560000A1
:1094E000F52E6E4DAEB10100C9EA268367780800FB
:1094F000ED95C28F055A2A00A1EDCCCE1BC2D30038
:1095000025A4000A8BCA220400000000000000000D
:10951000000000000000001000000000000000003B
:10952000B9340332B7F4AD1410DB1AB30892540EF9
:109530000D307D951447BA1A66088F4D26ADC66D5D
:10954000F598BF85E2B74511CA96853D92BD1DEBE2
:10955000FCA11860DCEF52163C92AE220BB8C1B4ED
:10956000839D2D5B0562DA1C304C7E8F4E8BB25B87
:1095700016F4529F8B56A512FBD4827643ED8AF0E7
:109580008FE7F9311565191850F19BD94A13EEB4DC
:10959000284CF0A686C1251F035FC270CB9E4916DA
:1095A000E642889C44EB2014B0650836AD6EA58574
:1095B00085F0CA14E2FD031A0B899979D5B13D09EA
:1095C000D8DA973A35EBCF10AC363F5E73BB38CF65
:1095D0003E6752FA44AFBA150100000000000000D7
:1095E0000000000000000020345065C05FC9A65292
:1095F000BB13CBAEC440C21806C8DF7100D5A87C2F
:10960000F56F0FDA58FC27136E4756357D24206519
:1096100002C7E768E48CA41DE9E60268D7CD39618A
:109620007977FCC2405BEF16798CDE43FFA751F9D6
:1096300091F3B278F5BDBE11E857E9D6E8BEE87BF4
:10964000B054AC8F848D751BEA23A499E9F9D38BB0
:10965000B7A3714061DA3E15CEE33ECB73F94808FB
:109660008C97B427D51B7010A2BFEFB9EB853215CC
:109670004DB44DB49BBB6F1996B6076CF8E7EEADD1
:1096800036D9B4F59135AE13222218AF4E6A684D23
:1096900091DAAA3D4F40741E9FBD9EE006A1C0987E
:1096A00057C2A7FDA40E90170E7D497173E3208F5A
:1096B000B220D87605143B12853D7434811343B033
:1096C000AD297A5F27F4351C081500200001000041
:1096D000BF770000617700000200000057790000AA
:1096E000000000000000000000000000000000007A
:1096F000B89B0000C09B00000000000000000000BC
:1097000000000000C89B0000CC9B0000D09B000024
:10971000D49B0000311C0000251C0000551C0000DB
:109720000D1C000000000000191C000000000000DB
:10973000B11C0000DC1B00200434002010000000DD
:10974000C01000200000000000000B060200000016
:10975000549700000000000084A0000024000206CE
:10976000000000208CA000001E000B11A52A0000A4
:10977000752A000000000000152C0000952B000049
:10978000A6A00000752B0000597B0000ACA00000D3
:10979000FFFFFFFF00000050F0100020000000005D
:1097A0000000000000200040010000000000000058
:1097B000C49700000000D60100000000183400200B
:1097C0001734002000200040D09700000200000065
:1097D000F097000004000000E09700000401000082
:1097E0000680000008800001058000020780000359
:1097F0000600000008000001050000020700000349
:109800000030024001000000000000FF00FF0000E7
:109810000000000000000001010000005B7F00006C
:109820002C98000000000000FFFFFFFF0030024006
:10983000389800000200000050980000020000006C
:1098400048980000020100000F8000040D80000510
:109850000F0000040D0000058891000016000100B3
:109860000040004000000000000000FF00FF00007A
:10987000000000000000000101000000517F000016
:109880008C98000000000000FFFFFFFF0040004038
:109890009898000002000000B0980000020000004C
:1098A000A8980000020100000F8000040D80000550
:1098B0000F0000040D000005000000000000000083
:1098C000B7A30000C5A30000D9A30000E8A30000CF
:1098D000F4A30000089100000891000040910000EE
:1098E00048910000689100006891000000000000AD
:1098F0000000000000000000000000000000004028
:1099000095596959555554551555555604051541E0
:1099100010545540455155444045504450555545C7
:109920000040004040044496655556554540455416
:10993000514115405591555555554051050100006F
:1099400054455454455505040010041014044000B7
:109950000000014055551541540400004400010029
:10996000000000404100004450444550540055550B
:109970005455655100400040010000010005010000
:1099800011545151545555050000000000000000CD
:109990000000000025732025730053746172746504
:1099A000640A004661696C656420746F20696E69A1
:1099B0007469616C697A652065696E6B0A006C690F
:1099C00074746C65004C75676F0031323334004538
:1099D00072726F720053504920627573206E6F74FB
:1099E0002072656164790A00535049207472616E77
:1099F00073666572206661696C65643A2025640A45
:109A00000028756E7369676E6564292063686172EA
:109A1000202A207573656420666F722025257020CA
:109A2000617267756D656E742E204974277320729C
:109A300065636F6D6D656E64656420746F2063612E
:109A4000737420697420746F20766F6964202A20F3
:109A500062656361757365206974206D6179206347
:109A600061757365206D69736265686176696F728F
:109A700020696E206365727461696E20636F6E6623
:109A8000696775726174696F6E732E2053747269A1
:109A90006E673A2225732220617267756D656E7458
:109AA0003A25640063627072696E74665F70616308
:109AB0006B616765006C6F6767696E67006C6F67E5
:109AC000006C6F675F6D676D74004D6573736167E0
:109AD00065202822257322292064726F70706564C6
:109AE00020626563617573652069742065786365BC
:109AF0006564732073697A65206C696D697461743B
:109B0000696F6E2028257529004D6573736167653F
:109B10002064726F7070656420626563617573653F
:109B200020697420657863656564732073697A655C
:109B3000206C696D69746174696F6E2028257529C0
:109B4000000D0A001B5B306D00257320005B253083
:109B5000386C755D20005B253032753A25303275E2
:109B60003A253032752E253033752C253033755D0E
:109B7000200025732F003C25733E200025733A20DA
:109B800000253032782000202020007C0025630052
:109B9000206D657373616765732064726F707065A3
:109BA00064202D2D2D0D0A1B5B306D001B5B313B9E
:109BB00033316D2D2D2D20001B5B313B33316D007A
:109BC0001B5B313B33336D006572720077726E0040
:109BD000696E6600646267006C6F675F6261636BE9
:109BE000656E645F727474002A2A2A20426F6F7453
:109BF000696E67206E524620436F6E6E65637420F7
:109C000053444B2076332E322E322D3734383435B0
:109C100065313639626532202A2A2A0A002A2A2A20
:109C2000205573696E67205A6570687972204F53AA
:109C30002076342E322E39392D6665346630313037
:109C40003638303365202A2A2A0A0072302F6131D3
:109C50003A2020307825303878202072312F613238
:109C60003A2020307825303878202072322F613326
:109C70003A20203078253038780072332F61343A1A
:109C80002020307825303878207231322F69703AB0
:109C90002020307825303878207231342F6C723A99
:109CA00020203078253038780020787073723A2080
:109CB00020307825303878004661756C74696E679D
:109CC00020696E737472756374696F6E2061646469
:109CD0007265737320287231352F7063293A2030F2
:109CE000782530387800556E68616E646C65642044
:109CF0004952516E3A202564002A2A2A2A2A2042F3
:109D00005553204641554C54202A2A2A2A2A0020FD
:109D100020537461636B696E67206572726F7200A5
:109D20002020556E737461636B696E672065727273
:109D30006F720020205072656369736520646174DE
:109D40006120627573206572726F72002020424636
:109D5000415220416464726573733A2030782578EB
:109D6000002020496D7072656369736520646174B9
:109D70006120627573206572726F72002020496ED7
:109D8000737472756374696F6E2062757320657287
:109D9000726F72002020466C6F6174696E672D705F
:109DA0006F696E74206C617A7920737461746520B8
:109DB000707265736572766174696F6E2065727218
:109DC0006F72002A2A2A2A2A2055534147452046E5
:109DD00041554C54202A2A2A2A2A002020446976F8
:109DE0006973696F6E206279207A65726F00202036
:109DF000556E616C69676E6564206D656D6F727913
:109E0000206163636573730020204E6F20636F7061
:109E1000726F636573736F7220696E7374727563AA
:109E200074696F6E73002020496C6C6567616C20EB
:109E30006C6F6164206F66204558435F52455455EE
:109E4000524E20696E746F205043002020496C6C84
:109E50006567616C20757365206F66207468652086
:109E600045505352002020417474656D7074207405
:109E70006F206578656375746520756E64656669C5
:109E80006E656420696E737472756374696F6E00B9
:109E90002A2A2A2A2A204D5055204641554C542022
:109EA0002A2A2A2A2A002020537461636B696E676C
:109EB000206572726F722028636F6E7465787420EB
:109EC00061726561206D69676874206265206E6FDC
:109ED000742076616C6964290020204461746120DB
:109EE0004163636573732056696F6C6174696F6E4B
:109EF0000020204D4D4641522041646472657373C9
:109F00003A2030782578002020496E73747275638A
:109F100074696F6E204163636573732056696F6C5B
:109F20006174696F6E005265736572766564204571
:109F30007863657074696F6E20280053707572695C
:109F40006F757320696E746572727570742028491C
:109F500052512000535053454C20696E2074687252
:109F6000656164206D6F646520646F6573206E6F3A
:109F70007420696E64696361746520505350002ACF
:109F80002A2A2A2A2048415244204641554C54202E
:109F90002A2A2A2A2A002020427573206661756CBD
:109FA00074206F6E20766563746F72207461626CCA
:109FB00065207265616400202044656275672065D4
:109FC00076656E740020204661756C74206573633D
:109FD000616C6174696F6E20287365652062656CC1
:109FE0006F772900415243485F45584345505420FC
:109FF0007769746820726561736F6E2025780A0036
:10A000002A2A2A2A2A204465627567206D6F6E69A4
:10A01000746F7220657863657074696F6E202A2A88
:10A020002A2A2A002A2A2A2A2A2025732025642956
:10A03000202A2A2A2A2A006D7075004661696C65FB
:10A040006420746F20616C6C6F63617465206E6551
:10A0500077204D505520726567696F6E2025750A0F
:10A0600000506172746974696F6E2025753A2073AF
:10A07000616E69747920636865636B206661696CE1
:10A0800065642E00464C4153485F30005352414DA9
:10A090005F3000736F6300636C6F636B403430300C
:10A0A0003030303030006866636C6B006C66636C17
:10A0B0006B00636C6F636B5F636F6E74726F6C00C9
:10A0C0006770696F4035303030303030300000011B
:10A0D0000203040506074661696C656420746F20FD
:10A0E000616C6C6F636174652050504920436861F6
:10A0F0006E6E656C00756172744034303030323091
:10A10000303000756172745F6E7266785F7561726F
:10A110007465004661696C656420746F20616C6CC5
:10A120006F63617465204750494F544520636861EF
:10A130006E6E656C20666F722057414B450046611C
:10A14000696C656420746F20636F6E6669677572F1
:10A15000652057414B452070696E0043532047509E
:10A16000494F20706F72742025732070696E20250E
:10A1700064206973206E6F74207265616479005584
:10A1800070646174652065786365656473206375C8
:10A190007272656E74206275666665720048616CE5
:10A1A000662D6475706C6578206E6F7420737570A1
:10A1B000706F7274656400536C617665206D6F64B6
:10A1C00065206973206E6F7420737570706F727480
:10A1D0006564206F6E202573004C6F6F7062616341
:10A1E0006B206D6F6465206973206E6F74207375CA
:10A1F00070706F7274656400576F72642073697A4F
:10A200006573206F74686572207468616E203820F1
:10A210006269747320617265206E6F74207375704B
:10A22000706F72746564004672657175656E6369FE
:10A230006573206C6F776572207468616E203132AF
:10A2400035206B487A20617265206E6F74207375BB
:10A2500070706F72746564004661696C6564207427
:10A260006F20696E697469616C697A65206E7266C7
:10A2700078206472697665723A20256400576169B6
:10A2800074696E6720666F722057414B4520616389
:10A290006B6E6F776C6564676D656E742074696D45
:10A2A0006564206F75740054696D656F75742077EF
:10A2B000616974696E6720666F72207472616E7373
:10A2C00066657220636F6D706C657465007370698C
:10A2D00040343030323330303000737069403430C5
:10A2E000303034303030007370695F6E7266785F82
:10A2F000737069000000000001000000010100000F
:10A300000101010100000000000001010100000145
:10A31000010100000101015465726D696E616C00FC
:10A320000000000000005454522052454747455356
:10A330000048616C74696E672073797374656D0091
:10A34000556E6B6E6F776E206572726F7200756EF0
:10A350006B6E6F776E003E3E3E205A455048595214
:10A3600020464154414C204552524F522025643AD8
:10A37000202573206F6E20435055202564004661D0
:10A38000756C7420647572696E6720696E7465728D
:10A39000727570742068616E646C696E670A004340
:10A3A000757272656E74207468726561643A2025F6
:10A3B0007020282573290043505520657863657007
:10A3C00074696F6E00556E68616E646C65642069B7
:10A3D0006E7465727275707400537461636B206F74
:10A3E000766572666C6F77004B65726E656C206F78
:10A3F0006F7073004B65726E656C2070616E69637F
:10A400000069646C65006D61696E006F73006E6158
:0CA410006E00286E756C6C2900000000C6
:10A42400C891000080841E00000100008891000093
:10A434001600010000000000BF70000081770000DA
:10A4440000000000677A0000000000000000000027
:10A454000060004000000000000000000000000058
:10A4640000000000000000000000000000000000E8
:10A4740000000000000000000000000000000000D8
:10A4840000000000000000000000000000000000C8
:10A4940000000000000000000000000000000000B8
:10A4A40000000000000000000000000000000000A8
:10A4B4000000000000000000000000000000000098
:10A4C4000000000000000000589800000100000097
:10A4D4007011002070110020000000000100000035
:10A4E4008011002080110020000000000100000005
:10A4F4000000000000000000000000000000000058
:10A504000000000000000000000000000000000047
:10A5140000000000C89100000000000000000000DE
:10A524000000000000000000B898000000000000D7
:10A53400D0110020D0110020000000000100000014
:10A54400E0110020E01100200000000001000000E4
:10A5540000000000000000000000000000000000F7
:10A5640000000000000000000000000000000000E7
:10A5740000000000E891000000000000000000005E
:10A584000090D003FF000000900200002C12002075
:10A594002C12002000007088888888888870000049
:10A5A400000020602020202020700000000070881F
:10A5B4008810204080F800000000708808300808E7
:10A5C400887000000000103050509078101800007F
:10A5D4000000F88080F00808887000000000709087
:10A5E40080F08888887000000000F89010202020F7
:10A5F400202000000000708888708888887000001F
:10A604000000708888887808487000000000000006
:10A6140000304838483C00000000C04040704848C2
:10A624004870000000000000003848404038000036
:10A634000000180808384848483C000000000000A2
:10A64400003048784038000000001C20207820208A
:10A654002078000000000000003C48304078443876
:10A664000000C0404070484848EC00000000200052
:10A674000060202020700000000010000030101046
:10A68400101010E00000C040405C507048EC000026
:10A694000000E0202020202020F80000000000001E
:10A6A40000F0A8A8A8A800000000000000F0484896
:10A6B40048EC00000000000000304848483000002A
:10A6C4000000000000F04848487040E0000000002E
:10A6D400003848484838081C0000000000D8604092
:10A6E40040E00000000000000078403008780000DE
:10A6F400000000202070202020180000000000002E
:10A7040000D84848483C00000000000000EC4850D5
:10A71400302000000000000000A8A8705050000085
:10A724000000000000D8502050D8000000000000B5
:10A7340000EC4850302020C00000000000781020B9
:10A74400207800000000000000000000000000006D
:0CA75400AA55AA55AA55AA55AA55AA55FF
:0CA76000000000000000000000000000ED
:10A76C0000000000000000000000000000000000DD
:10A77C0000000000000000000000000000000000CD
:10A78C0000000000000000000000000000000000BD
:08A79C000000000000000000B5
:04A7A40000000000B1
:10A7A80044140020441400200000000001000000B0
:04A7B80015E015E0B3
:040000030000234D89
:00000001FF
