:020000040000FA
:1000000040A900206D3801008D64020059380100BC
:10001000593801005938010059380100000000002A
:10002000000000000000000000000000E5390100B1
:1000300059380100000000008139010059380100E1
:10004000AD3B01001F940200AD3B0100AD3B010040
:10005000AD3B0100AD3B0100AD3B0100AD3B0100FC
:1000600035940200AD3B0100AD3B01000994020054
:10007000AD3B0100AD3B0100AD3B0100AD3B0100DC
:10008000AD3B0100AD3B0100AD3B0100AD3B0100CC
:10009000AD3B0100AD3B0100AD3B0100AD3B0100BC
:1000A000AD3B0100AD3B0100AD3B0100AD3B0100AC
:1000B000AD3B0100AD3B0100AD3B0100AD3B01009C
:1000C000AD3B0100AD3B0100AD3B0100AD3B01008C
:0C00D000AD3B0100AD3B0100AD3B010069
:1000E00080EA101404F0F01480EA0410604081EA01
:1000F000111404F0F01481EA0411614082EA121430
:1001000004F0F01482EA0412624083EA131404F04B
:10011000F01483EA0413634080EA102404F47F445B
:1001200080EA0420604081EA112404F47F4481EADB
:100130000421614082EA122404F47F4482EA04220A
:10014000624083EA132404F47F4483EA0423634077
:1001500081EA500404F0553480EA4400614083EAA7
:10016000520404F0553482EA4402634082EA900467
:1001700004F0333480EA8400624083EA910404F09E
:10018000333481EA84016340704700BF82EA9004FF
:1001900004F0333480EA8400624083EA910404F07E
:1001A000333481EA8401634081EA500404F0553419
:1001B00080EA4400614083EA520404F0553482EA44
:1001C0004402634080EA102404F47F4480EA04205F
:1001D000604081EA112404F47F4481EA04216140F3
:1001E00082EA122404F47F4482EA0422624083EA11
:1001F000132404F47F4483EA0423634080EA101448
:1002000004F0F01480EA0410604081EA111404F054
:10021000F01481EA0411614082EA121404F0F0142F
:1002200082EA0412624083EA131404F0F01483EAB1
:1002300004136340704700BF2DE9F14F94464FEA25
:10024000930B8A68CB6808684968FFF749FF0BF190
:10025000060E33E083EA134480EA134582EA13472B
:1002600046BA96EA3444604000F00F1684EA063439
:1002700020F00F1684EA161054BA94EA0106724070
:1002800002F00F1486EA043622F00F1486EA1412E4
:100290004CBA6540694001F00F1485EA043521F03D
:1002A0000F1485EA14115CBA67407B4003F00F1409
:1002B00087EA043723F00F1487EA1413BCE8F00030
:1002C0006040694072407B4000F0E03400F010353F
:1002D00000F00F3040EA540040EAC50080EA900484
:1002E00004F0332480EA8400604001F0E03401F03F
:1002F000103501F00F3141EA540141EAC50181EAAC
:10030000910404F0332481EA8401614002F0E03476
:1003100002F0103502F00F3242EA540242EAC502FE
:1003200082EA920404F0332482EA8402624003F0F9
:10033000E03403F0103503F00F3343EA540343EA8B
:10034000C50383EA930404F0332483EA84036340FF
:1003500081EA324787EA134581EA354690EA060486
:1003600084EA034B82EA1B4280EA044484EA05449F
:1003700083EA144A85EA14448BEA044B84EA37443E
:1003800081EA0B4181EA164104EA0A00454082EA0B
:1003900004082BEA080041408AEA0B0602EA06003C
:1003A00084EA34438AEA3A4603EA0607784045403D
:1003B000414088EA38478BEA3B4007EA000985EA72
:1003C000090583EA0709464006EA0906714085EAFD
:1003D000010005EA3546464006EA314181EA3041EE
:1003E00081EA364606EA304686EA3546344008EA6F
:1003F000010886EA01052A4086EA364003405A4051
:1004000081EA31431F407C4080EA030709EA07097B
:1004100088EA0908544088EA020806EA0A0601EA5E
:100420000B018AEA0B0215408AEA3A421040454025
:100430008BEA3B4003405E404240174079404D40CC
:100440004E40E443F64386EA18435D4085EA0540A2
:1004500083EA134386EA034183EA384284EA11437C
:1004600083EA04435FEA3343BEF1010E3FF6F2AE86
:100470001ED4BCE8F0006040694072407B4020BC64
:10048000FFF784FE28606960AA60EB60BDE8F08F2A
:100490002DE9E0414FF2F00280EA1031114080EA8C
:1004A0000130484041088208C3084FF0000E4FE772
:1004B00000F0113001F0113102F0113203F011336C
:1004C00040EA410040EA820040EAC3004FF2F002F5
:1004D00080EA1031114080EA01304840BDE8E081F7
:1004E0002DE9F04F02F11C050646074600EB850892
:1004F00051F8040B043A46F8040BF9D14FF0010C03
:10050000FFF7C6FF5FEA302080EA0C001ECF4140B3
:100510004A4053405C401EC62000464517D04FEA73
:100520004C0C1CF4807F18BFACF1E50C2C2DE7D0EF
:100530003C2D06D1FFF7ACFF06CF41404A4006C62E
:10054000100006CF41404A4006C61000D8E736E901
:100550000F00FFF7C5FD043D86E80F00F7D1BDE8A9
:10056000F08F00BF2DE9F14F03F11C0402EB840C66
:100570004FEA930B8A68CB6808684968FFF7B0FDBB
:100580003CE9F0006040694072407B400BF1060E90
:100590004EE083EA134480EA134582EA134746BAE1
:1005A00096EA3444604000F00F1684EA063420F0E6
:1005B0000F1684EA161054BA94EA0106724002F04B
:1005C0000F1486EA043622F00F1486EA14124CBA8D
:1005D0006540694001F00F1485EA043521F00F14DD
:1005E00085EA14115CBA67407B4003F00F1487EA78
:1005F000043723F00F1487EA141344BA44404DBA69
:100600004D4056BA56405FBA5F4087EA174886EABF
:10061000174B84EA17464FEA38488BEA1B4485EAB1
:100620001B4788EA1B4580EA3440694072407B40A2
:1006300000F0703400F0803500F00F3040EA4400E4
:1006400040EAD50080EA900404F0332480EA840074
:10065000604001F0703401F0803501F00F3141EA63
:10066000440141EAD50181EA910404F0332481EA8E
:100670008401614002F0703402F0803502F00F32E4
:1006800042EA440242EAD50282EA920404F03324A8
:1006900082EA8402624003F0703403F0803503F094
:1006A0000F3343EA440343EAD50383EA930404F097
:1006B000332483EA84036340C943DB4381EA0004B3
:1006C00083EA044686EA020183EA014382EA33456B
:1006D00083EA14435C4084EA00077FEA040A8AEA5A
:1006E000024A8AEA010B87EA11488AEA374A80EA15
:1006F000060181EA1A418AEA030A04EA0A0045402F
:1007000088EA040707EA0B0041408AEA0B0608EA78
:10071000060084EA34428AEA3A4602EA060358406E
:100720004540414087EA37438BEA3B4003EA0009F2
:1007300085EA090582EA0309464006EA090671408E
:1007400085EA010005EA3546464006EA314181EA7C
:10075000304181EA364606EA304686EA354634407C
:100760000F4086EA010508EA050886EA364002409D
:1007700088EA020881EA314213405C4080EA0203C1
:1007800009EA030987EA0907674088EA040806EAD4
:100790000A0601EA0B018AEA0B0425408AEA3A4478
:1007A000204045408BEA3B4B02EA0B02564084EA6C
:1007B0000B04234059406E40694087EA364080EA86
:1007C000384080EA060380EA104481EA134585EA4E
:1007D000344585EA17427D4082EA354180EA05408A
:1007E0003CE9F0006040694072407B40BEF1010E80
:1007F0003FF6CFAE20BCFFF7C9FC28606960AA6055
:10080000EB60BDE8F08F00BFFFF76ABE2DE9F0078F
:1008100091E8F807B2E802105B1854EB0C04B2E858
:1008200002104D4156EB0C06B2E802104F4158EB56
:100830000C08B2E8021059EB01095AEB0C0A80E8E7
:10084000F80780410130BDE8F00770472DE9F00757
:1008500091E8F807B2E802105B1A74EB0C04B2E8F6
:1008600002108D4176EB0C06B2E802108F4178EB56
:100870000C08B2E8021079EB01097AEB0C0A80E867
:10088000F80780414042BDE8F00770472DE9F007C6
:10089000524290E87800B1E880071740DB1918EA67
:1008A000020854EB080419EA020955EB09051AEA93
:1008B000020A56EB0A0678C090E87800B1E8800793
:1008C00017407B4118EA020854EB080419EA0209B0
:1008D00055EB09051AEA020A56EB0A0678C0804170
:1008E0000130BDE8F00770472DE9F007524290E86B
:1008F0007800B1E880071740DB1B18EA020874EBA8
:10090000080419EA020975EB09051AEA020A76EBEE
:100910000A0678C090E87800B1E880071740BB412C
:1009200018EA020874EB080419EA020975EB0905D4
:100930001AEA020A76EB0A0678C080414042BDE816
:10094000F00770472DE9F00152424FF0040890E89B
:10095000300091E8C000A31B1340E41AF618EB1B0B
:100960001340ED1AFF1830C0C0C1B8F10108EED134
:10097000BDE8F001704700BF00B592E8DC072DE943
:10098000DC07B1E8805702B4A7FB02510A95A8FB27
:10099000020BE7FB6310E9FB62B00B91A8FB03516C
:1009A000EAFB6201E7FB64B5E7FB6605E8FB661559
:1009B000CDF830B0A9FB03B6EAFB6316ECFB635637
:1009C000E8FB640BE9FB641BEAFB645BECFB646B18
:1009D0000D90ACFB0230059CEEFB6250E9FB6460BD
:1009E000EAFB64B0E7FB6431E8FB6451069CE8FB7A
:1009F0006461E9FB64B1EAFB64010E93A7FB043276
:100A0000079CE7FB6462E8FB64B2E9FB6402EAFB73
:100A10006412049CE9FB6453EAFB6463089CE7FBF3
:100A200064B3E8FB6403E9FB6413EAFB64230F95FA
:100A30005DF8049B99E80006DDF80080A9FB0854E6
:100A4000EAFB68B4DDF81080ECFB6804EEFB681488
:100A5000E9FB6824EAFB6834DDF80480EEFB686596
:100A6000E9FB68B5EAFB6805DDF81480ECFB681566
:100A7000EEFB6825E9FB6835EAFB68450F96DDF873
:100A80000880AEFB0876E9FB6806EAFB6816DDF82D
:100A90001880ECFB6826EEFB6836E9FB6846EAFB4B
:100AA0006856DDF80C80ECFB68B7EEFB6807E9FBE5
:100AB0006817EAFB6827DDF81C80ECFB6837EEFB63
:100AC0006847E9FB6857EAFB686708B000BD00BFEC
:100AD0002DE9F14F87B0FFF74FFFDDF81C8008F1DB
:100AE000200888E8FF00FFBC87E87F08BDE8F08F9A
:100AF00000B591E89857A3FB03520195A3FB0401AD
:100B0000E3FB6420E3FB67100292A3FB0752E3FBC5
:100B10006802E4FB6415E3FB6805E3FB69250391C8
:100B2000A4FB07B6E3FB6926E3FB6A56E4FB670B0D
:100B3000E4FB682BE3FB6A5BE3FB6C6B0490A4FBB8
:100B40000810E4FB6950E3FB6C60E3FB6EB0E7FB6D
:100B50006721E4FB6951E4FB6A61E3FB6EB1E4FBEE
:100B60006E010592A7FB0832E4FB6A62E4FB6CB2FB
:100B7000E4FB6E02E7FB6E12E7FB6853E7FB696379
:100B8000E4FB6CB3E7FB6C03E7FB6E13E8FB6E233F
:100B90000695A7FB0954E7FB6AB4E7FB6C04E8FB86
:100BA0006C14E8FB6E24E9FB6E34E8FB6865E7FB38
:100BB0006AB5E8FB6A05E8FB6C15E9FB6C25E9FB07
:100BC0006E35EAFB6E450796A8FB0976E8FB6A06D8
:100BD000E9FB6A16E9FB6C26EAFB6C36EAFB6E461B
:100BE000ECFB6E56E8FB69B7E9FB6907E9FB6A179E
:100BF000EAFB6A27EAFB6C37ECFB6C47ECFB6E57B1
:100C0000EEFB6E6700BD00BF2DE9F14F87B0FFF727
:100C10006FFFDDF81C8008F1200888E8FF00FFBCAA
:100C200087E87F08BDE8F08F30B44FF0000310F87C
:100C3000014B11F8015B013A84EA050443EA04031D
:100C4000F5D1A3F101034FEAD37030BC704700BF68
:100C50004FF0000310F8012B013943EA0203F9D1E8
:100C6000A3F101034FEAD370704700BF30B411F80D
:100C7000014B12F8015B6C4000F8014B013BF6D1CF
:100C800030BC70472DE9F00791E8F807B2E8021090
:100C90005B1854EB0C04B2E802104D4156EB0C0605
:100CA000B2E802104F4158EB0C08B2E8021059EBC1
:100CB00001095AEB0C0A8941B3F1FF3374F1FF3497
:100CC00075F1FF3576F1000677F1000778F100083D
:100CD00079F101097AF1FF3A51F100015B184C41B9
:100CE0004D4156F1000657F1000758F1000859EB45
:100CF000D1795AEB010A80E8F807BDE8F0077047A0
:100D00002DE9F00791E8F807B2E802105B1A74EBDE
:100D10000C04B2E802108D4176EB0C06B2E802102A
:100D20008F4178EB0C08B2E8021079EB01097AEBFD
:100D30000C0A89415B184C414D4156F1000657F1B0
:100D4000000758F1000859EBD1795AEB010A80E805
:100D5000F807BDE8F007704718EB040859EB0509E0
:100D60005AEB060A5BEB070B5FF0000C4CF1000C32
:100D700018EB050859EB06095AEB070A5BEB070B62
:100D800050EB0C005FF0000C51EB0C0152EB0C022D
:100D900063414CF1000CB8EB070879F100097AF1D6
:100DA000000A7BEB040BA841B141A241B3416CF1B5
:100DB000000CBBEB050BB041B941AA41BB416CF142
:100DC000000C4CF001068CF0020718EB060859EBFA
:100DD0006C095AEB6C0A7BEB6C0B70EB6C0471EBDF
:100DE0006C0572EB670653EB6C076CEB6C0C18EB45
:100DF0000C0059EB0C015AEB0C025BF1000354F1AF
:100E0000000455F1000556EBDC7657EB0C077047F4
:100E10002DE9F14F87B0FFF7AFFDDDF81080DDF869
:100E20001490DDF818A0FFF797FFBDE8000FFFF75B
:100E300093FF03B05DF8048B88E8FF00BDE8F08FF6
:100E40002DE9F14F87B0FFF753FEDDF81080DDF894
:100E50001490DDF818A0FFF77FFFBDE8000FFFF743
:100E60007BFF03B05DF8048B88E8FF00BDE8F08FDE
:100E7000064B074A5B7802604FF41A728280C37196
:100E80000822002382710372704700BFC81B002034
:100E90004BF10000064B074A5B7A02604FF49072F8
:100EA0008280C3710822FF2382710372704700BFE2
:100EB000C81B002063EC0000F8B5C41D002824F016
:100EC0000704054614BF2046002000F0E7FA071E7D
:100ED00002DA6FF00B00F8BD254EB1887088F37907
:100EE000B2790331033089B280B20BF048FD00289B
:100EF000EFDB737831783C4403341944002D24F03F
:100F0000030400FB01F114BF2046002000F04AFC5E
:100F100023180DB9002BDCDB717A184679B1033345
:100F2000002D23F0030414BF20460020728900F036
:100F3000ABFC0028CDDB20440DB90028C9DB317A99
:100F400091B1737A83B1C41D002D24F0070414BF3E
:100F50002046002003F03EFC0028BADB0DB1002043
:100F6000B9E72018B7D5B4E7002DF8D1B3E700BF33
:100F7000C81B00201FB572B6194BDD68EDB9BFF371
:100F80004F8F1849184BCA6802F4E0621343CB60D4
:100F9000BFF34F8F00BFFDE72346B2FBF6F25C1CA8
:100FA000002AF9D104AEDCB256FA83F303F80C2C14
:100FB0000A2234B901A8A847E1E7024600230A261D
:100FC000EDE7631E04AEDCB256FA83F3B0FBF2F633
:100FD00002FB1600303003F80C0C3046E9E700BF86
:100FE000C81B002000ED00E00400FA0507B50A4B1D
:100FF000DA88ADF8002068469A885B88ADF804204E
:10100000ADF8023001F074FE18B1FC219C20FFF70E
:10101000B1FF03B05DF804FBC81B002038B50546DE
:1010200040B30AF0C3FC10B94FF0FF3038BD0AF0EE
:1010300025F8B0F5FA7FF7D8104C1148E56000F0BC
:10104000A7F9002323744FF4807323801B2363804C
:10105000A38040F20323E3804FF4847323811F2392
:101060006381EFF3108472B600F0E4FC04B962B659
:101070000020DBE76FF01500D8E700BFC81B002099
:10108000ED0F000010B5002840D1234C237C032B2A
:1010900039D059B1002A3CD00239052936D8DFE8C9
:1010A00001F0031227352A2D137863700020FFF713
:1010B00003FF0028B7BF0123022323746FF00B0046
:1010C000A8BF237410BD13791BB353790BB31188D8
:1010D000FB291ED853881B3B9BB2E02B19D81A2939
:1010E00017D91368C4F802300C4B92889A80DDE758
:1010F00013786372DAE713886381D7E71388FF2BCD
:1011000007D82372D2E74FF0FF30DBE76FF02C00F7
:10111000D8E76FF01500D5E7C81B0020CA1B0020D8
:10112000F8B50D46064620B319B311F0070420D1D7
:10113000114F3B7C012B02D16FF00B00F8BD032B4C
:1011400002D14FF0FF30F9E700F060F80028F8D046
:101150002846FFF7B1FE0028EEDB0EF05BF83046C4
:10116000214601F059FEFFF741FF03233B7420465F
:10117000E4E76FF01500E1E7C81B002010B5064C4E
:10118000237C032B03D101F05FFE02F02BFE0BF05A
:10119000F7FC0020207410BDC81B002050B1074B85
:1011A00003F1140253F8041B40F8041B9342F9D1D5
:1011B000002070476FF01500704700BFE50903007D
:1011C00008B501F0F3FDBDE808400249012000F038
:1011D0005DB900BF950E000008B501F0FBFDBDE84C
:1011E00008400249002000F051B900BF710E000014
:1011F000024B02681A600020704700BFDC1B002011
:10120000014B1B68184700BFDC1B0020024B18680D
:10121000003818BF01207047DC1B00202DE9F74380
:10122000264E0446071D2548376002F0F3FD0228CC
:10123000054607D1214920460AF052FF284603B04F
:10124000BDE8F0830428F9D13378072B18D13E206C
:1012500000F04AF878B9F378327901A943EA022319
:101260006846ADF800300BF060F90028DBD0532160
:101270000820FFF77FFE052000F076F80028EAD06E
:10128000314620460AF05BFFB0F5817F01D3722121
:10129000EEE70028C7D094F8008094F8029040460A
:1012A00000F022F80028BED0B8F13E0FC6D1484663
:1012B00000F05AF80028C1D1B5E700BFE01B0020BC
:1012C000074B4FF0FF3141F6FF72C3E900120549A9
:1012D0000022C1E900221F21C3E90212704700BFAA
:1012E000C0100020241C00203F280CD801380B4BD4
:1012F000C0F3421200F01F0053F8223023FA00F02E
:1013000000F001007047FF2806D04038C0F34212B9
:10131000034B00F01F00EFE701207047C0100020D2
:10132000241C00200146074B006849681A4603C286
:1013300040F48C221A6041F0107242F4FF625A604D
:10134000704700BFC01000200246024B0068516881
:1013500003C37047241C00200246024B00685168FA
:1013600003C37047C8100020382800F1FF33DBB2F8
:101370001FBF064A590902EB810203F01F031DBF7C
:101380009068D84000F0010000207047C010002095
:10139000014B1860704700BF2C1C002010B5FFF7F0
:1013A0008FFF0BF0AEFD034B1B68044603B198475B
:1013B000204610BD2C1C0020F0B50C88C37C028890
:1013C000A5B2C4F30E0404F118060233865B1A4476
:1013D000334497B213FA82F3013B4288B3FBF7F32D
:1013E00013FB07439BB29A42044A93BF22EA0503C8
:1013F0002A4013439BB20B80F0BD00BF0080FFFF6B
:101400004A1E062A08B50346084604D84FF4D1718F
:101410001520FFF7AFFD094A914202D940F2A3110E
:10142000F6E711B903B1196008BD2BB11B680022A2
:10143000C3E901211A1D1A600430F5E7FAFFFF7FA6
:1014400010B5114B00EB41041A786389B3FBF2F33A
:1014500003FB0223013A1A44B2F5706F02798078D7
:1014600028BF00231A440B18B2FBF0F100FB112136
:101470005B1AB3FBF0F100FB113313446FEA4343F3
:101480006FEA5343638110BD301C0020024B03EB15
:1014900080035960704700BF301C00202DE9F04FD9
:1014A00010F0070A85B0054604D040F261111720FC
:1014B000FFF760FD524F07F10C06B1460446B046F7
:1014C00057F8043B8DF80BA03BB101A898479DF855
:1014D0000A30082B01D9E821E9E79DF80B1041BB40
:1014E00005B131604F4506F10406E9D1002D6FD0FA
:1014F000DFF81091002289F800209646022758F85C
:1015000027A0013FBAF1000F55D09AF804609AF86D
:1015100002C0FF2E60D039460023481C38D19C44BD
:10152000BCF1FF0F3FD90AB189F800E040F2271162
:10153000BDE79DF80AC06046022838BF02204B1D57
:101540005A0004EB4303441E2344BDF8084064449E
:10155000013CCCF1000C04EA0C044042B4F5803F9D
:1015600003EA000301D3F821A1E775B19A1A01201B
:10157000326091701480D0709DF80C001071019849
:1015800010814FEA104CA2F806C004FB0134A9E711
:1015900058F8210028B190F804B0B34504BF807812
:1015A0001B180139B9E7DBB2E6458AF804303CBFC5
:1015B0005FFA8CFE01227B1CA1D10AB189F800E000
:1015C000022640F6FF6A58F82670B7B9013EFAD2F3
:1015D000601B05B0BDE8F08F0023E5E707EB410392
:1015E0003846A3F80AA0FFF72BFF09F10109BB78E1
:1015F0005FFA89F18B42F1D8E8E74FF00009F6E78E
:10160000341C0020301C002038B54FF6FF730380D7
:10161000184B03EB810302461869A8B1847803795B
:10162000B3FBF4F104FB1133DBB2194600EB4105C7
:10163000B5F90A50002D0EDB0131B1FBF4F504FBC6
:101640001511C9B28B42F1D1002038BD6381BDE8CC
:1016500038400BF070B900EB41046389C3F30E030B
:101660001380C278002AF1D14FF4D5711720FFF70B
:1016700081FC00BF301C00201C4B03EB810370B5C4
:101680001C69054644B3030404D54FF4DC711720EC
:10169000FFF770FC014620460BF02FF9FF280146AA
:1016A00004D02046BDE870400BF045B9A078B5FBEA
:1016B000F0F300FB1353DBB219460A1D04EB42069C
:1016C000B6F90260002E09DB0131B1FBF0F200FB3C
:1016D0001211C9B28B42F0D1002070BD8B4201D0F3
:1016E0000023E37004EB42025580DAE7301C00204F
:1016F000094B03EB810310B51C69014620460BF032
:10170000FCF8FF28014604D02046BDE810400BF04D
:1017100012B9002010BD00BF301C0020F8B5104BDE
:1017200003EB810307461C69014620460BF0E5F8F0
:10173000FF28054611D0E288238953EA024606D0E5
:10174000014620460BF0F7F801463846B0472046E0
:101750002946FFF775FE0020F8BD0520FCE700BF15
:10176000301C002038B50E4B827903EB820304460F
:10177000186908B9052038BD8278E1799142F9D21B
:101780004B1CE37100EB41035D89B3F90A30002B78
:10179000F3DBA5800BF0CFF820600020EBE700BF63
:1017A000301C002070B5044610F003000E4603D034
:1017B0004E211820FFF7DEFBFFF722FE054624B17D
:1017C000034831460460FFF71BFE284670BD00BF8A
:1017D0004C1C00202DE9F14FDFF870B09DF828A0D7
:1017E0009DF82C901E46DBF8003007460D469046CB
:1017F0001BB960211820FFF7BDFB52460921404666
:101800000AF0F8FE4A4684B2092130460AF0F2FE98
:1018100014FA80F1DBF800000BF043F8386018B9D7
:10182000286001B0BDE8F08F04442C60386853464E
:10183000414609220AF0A1FE28684B46092231469A
:1018400001B0BDE8F04F0AF098BE00BF4C1C00206C
:1018500070B50E4604460AF0E0FE054630460AF032
:10186000DCFE044B2A1821461868BDE870400BF0D6
:101870003DB800BF4C1C0020024B186808B10BF0AB
:1018800004B870474C1C00201F2AF8B504461346C4
:101890000ED89200033222F00303B3F5803F2DD21D
:1018A000184DACB1A00710D05F210920FFF762FBF3
:1018B000FF2B4FEA420204D9FF339A42A8BF1A46CF
:1018C000E8E77C2AB8BF7C22E4E729706C602B81B2
:1018D00022F003022823120403FB01F001276B68A6
:1018E000120C0025EEB2B14200D8F8BD14B1261892
:1018F0001F705E60104401352833F3E74FF0FF306E
:10190000F3E700BF501C002070B5154A15785368E6
:101910000021C8B2854203D8AB210920FFF72AFB7A
:101920001C46184614F8286B01310EB92346F0E71F
:1019300000219970128999610124D96159685C70FC
:10194000920803F11E0403F1260524F8022FA54294
:1019500043F8041F1144F8D100234361037070BDA4
:10196000501C00204B782DE9F04106460C4602F051
:10197000040702F0FB05E3B1A5BBFF23A3707B08BE
:1019800004EB57073A7D032A02D1022D18BF013319
:10199000E2180121117503F10C0104EB830300220D
:1019A00024F811205B68A2703360B2803046BDE835
:1019B000F081002DE1D101234B701D4B8D611B89FE
:1019C000CD6101F11E0249689B08204604F1260CF6
:1019D00022F8023F944540F8041F1944F8D100232F
:1019E0006361CAE7D1F80480142200216170A01855
:1019F0000AF048FA0E4B1B89B3F5FF7F0FD25A0845
:101A00009B1A9BB208EB0301C4F804802384A160F5
:101A10006284C4F80C80A3842161E284ADE7B3F54D
:101A2000EE6F4FF0FF02EBD940F27263EAE700BFBE
:101A3000501C0020134B012200214FF0FF309A6010
:101A4000C3F80012C3F80803C3F80015C3F804254F
:101A50009A60C3F80803C3F80015C3F804250A49BF
:101A60000A4A03F580334FF40040C3F80825C1F853
:101A70008000BFF34F8FBFF36F8FC1F88001C3F8B1
:101A80000825704700F0004000E100E00000F63F4C
:101A90000A46192302F8033B0448C368C1F803301F
:101AA0000369536043699360704700BF5C1C00206A
:101AB000024B5A8C02435A845B6A18475C1C002014
:101AC000014B00215B6A18475C1C002010B5154CC7
:101AD00005F0B0FF05F0F4FA208DFFF7F1FF237E4B
:101AE00063B12246104952F80C3BE36063685360CF
:101AF00004F11900A36893600CF022FA0B4B228DBD
:101B000093E8030002F096FE236B188802F018FE9B
:101B1000A36B94F8341094F835009847002384F8A8
:101B20003C3010BD5C1C0020911A0000881C002075
:101B3000034B93F83C300BB1FFF7C8BF704700BFB1
:101B40005C1C002070B51E4C256B636C95F88C20D6
:101B5000236494F8483095F86910064603EB820038
:101B60002EB9FF2803D195F868308B4201D005F0DB
:101B7000E9FD95F88C30E3B1E06C05F0FBFF012343
:101B800084F86830D5F8E8302366E16CD5F8EC309D
:101B9000206C636605F070FA16B9304606F03AF824
:101BA00095F86810002006F089F8022384F83C308C
:101BB00070BD206C05F0DEFF05F082FAECE700BF97
:101BC0005C1C002008B5094B93F83C20022A04D085
:101BD00040F24F212720FFF7CDF9DA7A42F00102D7
:101BE000DA72BDE80840FFF771BF00BF5C1C00203F
:101BF000032810B50A4B044605D15A6FD278022A41
:101C000001D1002010BD986F0AF089FD0028F9D19C
:101C1000032CF6D001F0DCFA80F00100C0B2F1E74D
:101C20005C1C00202DE9F043484C94F83C30012B1B
:101C300085B005468846DFB204D040F20451272023
:101C4000FFF798F9266B616F02A80AF09BFF96F8E0
:101C50007C309DF808903BB1002186F87C10042070
:101C6000FFF726FF86F87E70B9F1030F27D0BDF885
:101C70000C30002B18BF022796F88C3086F8827043
:101C8000BBB1236BD6F8E82093F8690022660127E0
:101C9000D6F8EC20626684F868700AF090FF94F839
:101CA00048902B4900220346009238464A4605F0E8
:101CB0005FF96DB105B0BDE8F043FFF707BF96F8D7
:101CC00082301BB9616F0220FFF7F2FE0327D3E7D2
:101CD000B8F1000FEED0E36F284698470028E9D00E
:101CE00094F83430002BE5D194F8803023B194F887
:101CF0008100FFF77DFF0546606C0CF096F8D4F884
:101D00008430B3B9B4F88830B3FA83F35B09628CDA
:101D1000910710D5626F137803F00303032BC9D129
:101D2000D378022BC6D1002005B0BDE8F043FFF701
:101D300009BF0123EBE7002ABCD1012814BF00230F
:101D400003F001032B43EED1B4E700BF5C1C00207D
:101D5000AC1C002010B5094CD4F8843023B940F2F3
:101D6000F6412720FFF706F9B4F88820216C0332EA
:101D700018460AF0C7F8206410BD00BF5C1C0020A4
:101D800010B5064B93F83C2002F0FF0422B91C76F4
:101D900002F048FD204610BD0C24FBE75C1C00202F
:101DA0000A4B0B4A70B506460D461A60FFF7E8FF6E
:101DB00018B1F4212720FFF7DDF8064C012104F1CA
:101DC0008A000CF022F86664E56470BD08110020FA
:101DD000DC2500005C1C0020024B012283F88D20D2
:101DE000704700BF5C1C0020F0B5794C85B002AE96
:101DF00086E8030094F83C100A9F01F0FF0511B932
:101E00000AB103B127B940F283112720FFF7B2F8D6
:101E100096E8030004F12C0C8CE8030084F88D5044
:101E200084F8345084F88E5084F8355084F88F50FC
:101E300084F8905065842585256BE3676262A7630B
:101E400005F0C4FC05F03CF995F9700005F048FD7B
:101E50006E6AE86905F04AFD304605F07DFE95F8AA
:101E60009C0005F04DFD236B93F89F310BB105F0FD
:101E70009BFC0CF019FC95F8692000F17901012018
:101E800005F0C4FD534B186805F06CFE2B69A36781
:101E9000514A6B69C4F8943005F5807105F1F0037F
:101EA00053F8040B42F8040B8B42F9D1D5F800210A
:101EB000C4F869205A68494B5A60236B93F886200E
:101EC00093F86860A2F12501012903D993F88710DE
:101ED00025295FD193F83E322BB1012E03D0012B7F
:101EE0000CBF0126022605F13007314638460CF0BA
:101EF000B7F831460BF0DDFDAB8F95F869108342E2
:101F000028BF0346384684F898300CF092F895F8CC
:101F1000691095F88C70B5F84460042908BF032156
:101F20000BF0C7FD0FB9043080B2864228BF0646C9
:101F300095F88C30F6B284F8996084F84860A3B1C3
:101F4000D5F8E83095F8690023660127D5F8EC301C
:101F5000636684F868700AF032FE0022034600923D
:101F60001D493246384605F003F80120FFF7EAFD27
:101F7000002323606360A360B5F8803063802B8802
:101F8000238095F89C302371EB6E0BB101221A600F
:101F900005B0F0BD203A012A0DD823290DD093F8C1
:101FA000263113F0010202D19B079CD50222012E9B
:101FB00018BF164697E7232905D193F8262193F8F1
:101FC00061301340EDE7032E08BF04268BE700BF06
:101FD0005C1C002008110020AC1C0020C51C002047
:101FE00008B50C4B93F83C201AB9BDE80840FFF740
:101FF0006DBD93F83C20022A04D040F23121272005
:10200000FEF7B8FF1B6BD3F8B001BDE8084005F040
:10201000CDBD00BF5C1C0020014B1876704700BF8F
:102020005C1C0020014B93F88F0070475C1C002063
:10203000024B93F82900C0F3C00070475C1C0020DD
:10204000014B93F88E0070475C1C00202DE9F04393
:10205000314D85B004460F4602A8296C2E6B0AF05C
:1020600091FD14F00109BDF80C8004F0020428D0A1
:10207000002385F89A3094B1FFF76CFE0DF102024F
:1020800001A9D5F894000AF0F6FB01980AF0D9FBF3
:10209000012238604146D5F894000AF081FBB9F17D
:1020A000000F0BD0D6E93A32013342F10002C6E903
:1020B0003A3296F88430013386F8843005B0BDE8B2
:1020C000F08395F89A30032B20D801A252F823F020
:1020D00077200000E1200000FB200000FB20000032
:1020E000002CEBD0FFF736FED5F8940000224146D5
:1020F00005B0BDE8F0430AF053BB002CDED0D5F8A4
:10210000940005B0BDE8F0430AF0B1BB40F2A24133
:102110002720FEF72FFF00BF5C1C00202DE9F04FA9
:10212000A94C002389B0CDE9043394F83C30266BE8
:10213000022B8046894604D040F28B512720FEF7BF
:1021400019FF216C06A80AF01DFD96F88C30B8F135
:10215000000F00F028819DF819B0BDF81C70002B0D
:1021600039D004F0C5FFB0BB6FB196F8843003F0EE
:1021700001035B450BD1012384F83530FFF7A6FC42
:1021800009B0BDE8F08FA4F88870002006E0A4F83C
:102190008870D4F8940039460AF0E2FA238D9DF84D
:1021A0001A20C4F8840043F40073238596F8833022
:1021B00003F001039A4263D0256B95F88230002B1F
:1021C0003DD0022B13D1A06F04A90AF072FA38B9DE
:1021D00040F23B41B2E7A4F88870002FD5D0D8E791
:1021E000D5E93832013342F10002C5E9383295F8B9
:1021F0007E30002185F8821023B185F87E101020F2
:10220000FFF756FC95F87D30A3B14FF0000A85F832
:102210007DA000F0C7FF10B940F252418EE7514651
:102220000820FFF745FCD5E93832013342F10002BE
:10223000C5E9383295F88330013385F88330238D32
:1022400043F4006323854FF0000A96F8843003F0CE
:1022500001035B4544D19DF81830256B022B11D842
:10226000EBB995F88430013385F88430002F37D0EE
:10227000D5E93A32013342F10002C5E93A322FE0A2
:10228000C246E2E7032BECD1238D216C012043F4FD
:10229000805385F87C002385FFF70AFCE1E7002FD7
:1022A000DFD0238D95F88C5043F48053238505F0BF
:1022B000FBF9042894F8993006D1002D0CBF1F2299
:1022C0001B22934228BF1346BB4262D3D4F884300A
:1022D00033B194F88D30002B74D02020FFF7F0FB41
:1022E000002796F88B309BB1D6F8E03096F868005E
:1022F00023660025D6F8E430636684F868500AF057
:102300005EFC324900950346FB22284604F030FE6D
:10231000B9F1000F5CD1638C94F88E10180708D5C2
:10232000626F137803F00303032B02D1D378022BDF
:102330004ED001294CD8E36F01209847002847D0A0
:1023400094F83430002B43D11FB105A90120FFF7C9
:102350007DFE256B002395F88C208DF80D3094F8C8
:10236000483095F8681003EB8203FF2B03D195F8F2
:1023700069308B4202D0FF2005F0E4F995F88230F5
:10238000032B00F21781DFE813F07A00A500FC00B0
:102390000D0194F83430012043F0100384F83430F8
:1023A00007F00CFD9CE70BB104F0DEFE94F88E30D4
:1023B000013384F88E30238D002743F48063238516
:1023C000BA468EE747468CE75C1C0020AC1C002018
:1023D00005F080FC002F4DD14FF00109238D5A06E6
:1023E00006D44020FFF76CFB238D43F04003238588
:1023F000BAF1000F0DD0B4F80720B4F8053013433C
:10240000B6F8802013431EBFB4F809300133A4F896
:102410000930B8F1000F00F0D580B4F80530013371
:10242000A4F80530002384F88E30694802F076F96C
:10243000049830B10AF005FA216B0022027201F013
:102440002DFD059B33B1216B00221A720C220598D9
:1024500001F0F2FCB9F1000F7FF490AE238D1B0662
:102460003FF58EAE8020FFF72BFB238D43F08003DA
:10247000238585E605A90320FFF7E8FDACE794F87E
:102480009830ADF80E305348A5F8583000F07AFE79
:1024900028B1012385F87D3084F890301CE0A06FCE
:1024A0000DF10D020DF10E010AF0DEF8606788B142
:1024B00095F8C73073B99DF80D302BB90380837040
:1024C000606F01210BF0A1FC636FBDF80E205A7004
:1024D0000123E1E7404B6367D4F874B095F883209B
:1024E0009BF80000D20002F0080200F0F30313434F
:1024F00095F88420920002F0040213438BF8003018
:1025000000F00300FFF774FB9BF8003023F010038A
:1025100043EA00138BF8003095F88B30606F002B86
:102520004BD04378002B48D0E06C05F023FB002310
:1025300084F86830D5F8E0302366616FD5F8E43070
:10254000E06C636604F05EFD95F86910012005F00B
:10255000B5FB0125606F84F88F500BF066FC636F4C
:1025600084F880001B7884F83C5003F0030384F85F
:102570008130002F3FF432AF05A90220FFF766FD3E
:102580002CE7B5F85830A06FADF80E300DF10D0204
:102590000DF10E010AF068F86067002898D140F24A
:1025A000F121CBE50B4800F0EDFD002890D140F281
:1025B000FB21C3E540F20931C0E505F0DBFA04F088
:1025C0007FFDC1E7B4F807300133A4F807302CE7EA
:1025D000881C0020D01C0020E61C0020C51B000029
:1025E0001D210000251C0000311B0000F0B5070C68
:1025F000A7F5AA42144B543A012A03EA90231FD9A3
:1026000027F4004042F6AA22801A18BF01200022B7
:10261000162116461F2487EA060562EA05050135DC
:1026200010D0DD03ADB245EA5606E503ADB201397F
:1026300045EA52024FEA53034FEA5404EBD1F0BD8E
:102640000020E4E70020FAE7E0FF3F00304BF0B560
:102650005A88B0F85C70B0F85A609D88974228BFDD
:102660001746964228BF16461B2E85B00C462ED024
:10267000B5F5A47F2DD040F648039D4201A928BF9F
:102680001D460AF001FBBDF80A30BB4228BF3B469D
:10269000E380BDF80C30AB4228BF2B462381BDF848
:1026A0000630B34228BF33466380BDF80830AB42E2
:1026B00028BF2B46A380FF232370E3881B3B9BB2DC
:1026C000E02B08D940F2EE613920FEF753FC1B2FB6
:1026D000CED105B0F0BD63881B3B9BB2E02B02D985
:1026E0004FF4DE61F0E72389A3F5A4739BB2B3F541
:1026F000E06F02D940F2F261E6E7A388A3F5A47384
:102700009BB2B3F5E06FE4D940F2F461DCE700BFBF
:10271000F81C002010B501210020FEF7E9FF044657
:1027200070B90121FEF7A8FF044620B940F29131AB
:102730003920FEF71FFC034B93F906100CF063FAE7
:10274000204610BDF81C002008B50BF01AF900F067
:10275000E5FE00F0A7FB0BF0CBFB02F04DF801F01B
:1027600049F9094B00221A60084B1B214FF4A47051
:1027700098801A805980064B064818605A829A75CC
:1027800099805A749A8208BD0C110020F81C002010
:102790002421002003021B00044B41F64C52C3E9E4
:1027A00002221B221A74FFF7CFBF00BF2421002092
:1027B00073B5244DAB680363234B836104460CF06F
:1027C000DDF8064600F05EFB830654BF1B236B88D2
:1027D000A4F85A3058BF1A461C4B297C1B6848BFC6
:1027E000AA88A4F85C2084F8381066871BB194F995
:1027F000701020889847164E204631460BF07BF922
:1028000001236A886978E385AB88019116F8121C68
:102810000091033303329BB292B204F1140104F12C
:102820001000FEF7D7FF236923B940F2C5613920B4
:10283000FEF7A0FB636913B940F2C661F7E7002019
:1028400002B070BD2421002000093D0010110020BD
:1028500036210020F7B504460D460CF007FA002893
:102860006DD020460CF0DEFA38B1B5F80130013BEE
:102870007F2B02D9122003B0F0BD20460CF0D6FA0F
:1028800008B90C20F7E720460CF06EF90028F8D1C3
:1028900020460CF0A9F906460028F2D1204603F0A4
:1028A000A3F90028E6D0B5F80170E97842F2107378
:1028B00020465F430CF0A2FA20460CF0ABFA01462A
:1028C00048B93A46204602F03FFBB0B341F69D417D
:1028D0003920FEF74FFB31460DF10600FEF794FE5E
:1028E000054608B90D20C6E7314600F0D1FFBDF816
:1028F00006302B80204629460CF0A2FA20460CF028
:102900009BFA88B9216A20460CF098FA01462846BD
:10291000FFF74EFF3A462946204602F015FB0246D5
:1029200020B14FF4E651D3E70121F0E7054B9B6856
:102930001BB105F58D712846984700209BE7422082
:1029400099E700BFF81C0020024B1B6803B1184731
:102950000C2070470C110020034B5A8802801B7812
:1029600083700020704700BF2421002037B5837892
:102970001A2B054608D8042B04D9144A22FA03F36B
:10298000DB0705D412241AE0292B01D03B2BF9D107
:102990002888B0F5706FF5D269460BF041F888B918
:1029A000019B93F8182102F0FF046AB9AA7883F812
:1029B0001921FF2283F8182168460BF074FA20468B
:1029C00003B030BD0224FAE70C24F8E720003804F5
:1029D0000188A1F11B039BB2E02B0CD84288A2F521
:1029E000A4739BB244F24810834204D8034B0020E6
:1029F00059809A8070471220704700BFF81C002051
:102A0000034B5A889B88028043800020704700BF98
:102A1000F81C002038B50278447802F0010354EA2B
:102A2000030102F0020201D1112038BDBAB9857844
:102A3000002DF9D0002B18BF002400E01D462046D1
:102A40000AF0CDF80028EFD028460AF0C8F8002890
:102A5000EAD0054B00209C74DD749882E5E7002BDA
:102A6000ECD000242546EAE72421002013B5008895
:102A700069460AF0D5FF18B10224204602B010BD05
:102A8000019A92F8DC31DBB292F8A820002AF3D147
:102A900013F0FB0FF0D0019890F82A310BB13A24D3
:102AA000EBE790F8D23003F0FF04002BF7D190F859
:102AB000C9309B0706D1FF2380F82A3168460BF006
:102AC000F2F9DAE70249CA300BF03AFAD5E700BF6B
:102AD0001BE60000F7B50778EF2F05460C460FD828
:102AE00090F901204378002A0ADB8278900707D109
:102AF00013F010001DD1990603F0030202D51AB19C
:102B0000122442E0032AFBD01E07F9D42979EA787F
:102B1000EE7942EA0122697942EA0142A97941EA61
:102B200006212E7A41EA06418A42E9D81F2A0FD8A7
:102B3000E6E713F0600FE3D103F00702052A05D0A2
:102B400003F00F010D22CA40D107D9D51A07DDD5F0
:102B50006A7A013A062AD3D8AA7A032AD0D813F07F
:102B6000040102D1023A012A03D8EA7A012AC7D81D
:102B700011B9AA7C032AC3D82A7D48B1012ABFD142
:102B80002A7E012ABCD830B91124204603B0F0BDFA
:102B9000022AF5D1B4E7DB0712D46B782A7D03F063
:102BA0001803082B11D1022AEED101213846FEF775
:102BB0009FFD064678B10BF0D7FFB8B10C24E4E7CF
:102BC00000F024F90028E8D1DEE7022AEDD02B7FBF
:102BD000002BEAD0D8E701213846FEF74DFD064626
:102BE00040B3154B93F906100CF00DF830460CF07D
:102BF0000EF929462070E87430460CF053F8EB7E4D
:102C00000446002BC1D00028BFD1316B0246684674
:102C1000FEF7A8FE306B2246012109F0F8FE316B69
:102C200068460422FEF79EFE306B2246214609F0DC
:102C3000EEFEAAE70724A8E7F81C002030B50279C9
:102C4000042A8BB003464FD84088B0F5804F4BD84C
:102C500026498D5C114400244A79ADF8004042F0C9
:102C6000100242EA45028D7AC97B8DF8084042EA9B
:102C7000850242EAC10202F01F028DF80020BDF871
:102C80000020ADF809201A888DF80B208DF80E0071
:102C9000120A000A8DF80C208DF80D408DF80F00F7
:102CA0008DF810405A7B8DF811205A798DF812203A
:102CB0009A79D3F807008DF81320B3F80B209B7B8B
:102CC0008DF81A307F2305908DF81B3069464FF040
:102CD000011302A8CDE90734ADF818208DF824407F
:102CE000FFF7F8FE0BB030BD1220FBE774C2020004
:102CF0000278034672B1427862B142881A2A09D931
:102D000082881A2A06D9044A006810609B8893803A
:102D1000002070471220704724210020024B0268D7
:102D20009A600020704700BF242100200378A3F19F
:102D30000A02112A9DBF024A002013741220704714
:102D40002421002008B5052000F090F804F060F878
:102D5000014B024A9A6008BDF81C00204D26000075
:102D600008B502F029FF02F0DBF9BDE80840014890
:102D700002F00CBF041D002010B50B4A01231446BD
:102D800082F8023102F020FF0CF002FA0AF0F7FD9F
:102D900004F203112046FFF703F8002009F0D3FDE9
:102DA000BDE8104001F02EB8041D002010B5064CFF
:102DB000064904F502700AF0A2FC04F50370044908
:102DC000BDE810400AF09BBC041D00201411002037
:102DD0001C11002010B5094C094904F502700AF0D5
:102DE0008EFC04F5037007490AF089FC04F50470B1
:102DF0000549BDE810400AF082BC00BF041D002058
:102E0000241100202C11002034110020014B93F8D4
:102E100002017047041D002010B5074C00F0CEFFE2
:102E2000D4F808020AF063FCFFF7B6FC01F0FCF8E6
:102E3000012384F8143210BD041D0020014B93F8C7
:102E400014027047041D002010B5074CD4F80C0282
:102E50000AF04DFCD4F810020AF049FCFFF774FCAC
:102E6000002384F8143210BD041D0020C208044958
:102E700000F0070001238340885C03438B547047B4
:102E8000D0100020014BD3E900017047D010002082
:102E9000034B1868C0F30020400040F00100704769
:102EA000D010002008B508F0E9F8084A002332F8ED
:102EB0002310814205D302EB83029378044A1370F6
:102EC00008BD01330C2BF2D10023F7E788C20200C2
:102ED000191F002010B544682388A4F8683194F8BD
:102EE000683084F86711012B06D0022B04D04FF410
:102EF00061710620FEF73EF884F86A3194F8693073
:102F0000012B01D0022BF2D184F86B31044904F576
:102F1000AF700BF015F8002384F8243110BD00BF0A
:102F200079D70000406808490388A0F85A3190F822
:102F3000603080F85C3190F8613080F85D3100F2EB
:102F400051100AF0F7BF00BF8FD700002DE9F04302
:102F50008946097999F80580456801F0070108F06C
:102F600007084B1E08F1FF3202EA08020B40134328
:102F700095F8872095F88660232A85B004463BD1D2
:102F800005F18707FBB940460AF042FC00283DD016
:102F900095F86830984239D095F8262118EA020F42
:102FA00011D0212E32D095F8612018EA020F2DD1D0
:102FB0000138013B4D4AC0B2DBB2032B105C20D874
:102FC000D35C834222D995F82431012B53D11E21A1
:102FD0002046FFF77FFF212E51D16368182283F826
:102FE0000921092283F8862093F8C230002B3ED1B4
:102FF0004FF43171AE2007E0212E75D105F186071F
:10300000C0E74FF40F710620FDF7B4FF08460AF041
:10301000FFFB38B195F86930834203D095F827312A
:103020001942D0D0B9F8066003AB00932846334666
:1030300042460AF0FAFB6368054678BB93F8242100
:10304000012A28D101462046FFF744FF3D706368FE
:1030500003F18702974202D1002283F88720636838
:1030600003F1870297423BD120460BF085F8002000
:1030700005B0BDE8F083002385F82431ABE70023D9
:1030800020463B700BF078F81821204605B0BDE8CB
:10309000F0430BF099B883F82401D8E7B3F8802007
:1030A000A3F83C62013EB61AB6B247F6FD729642EC
:1030B00006D9282283F8A920204601F02DF9CEE771
:1030C00093F887200D2A02D00A3A012A01D82A2231
:1030D000F0E7BDF80C20A3F83E2225233B70BEE7A5
:1030E000002283F8C220C2E70220C1E7B8C2020072
:1030F000044B002283F822204FF6FF729A84DA8470
:103100001A8570471A1F0020054B9A8C824201BF16
:10311000002283F822204FF6FF729A84704700BF86
:103120001A1F0020014BD884704700BF1A1F0020CF
:10313000084B998C4FF6FF72914206D193F82220EA
:10314000012A04D00360012070470023036000209F
:10315000704700BF1A1F0020064B93F82220012A57
:103160001FBF0120DA8C83F822009A8408BF002058
:10317000704700BF1A1F0020014B1885704700BF21
:103180001A1F0020064B0246198D988C884205D1E3
:1031900093F8220018B11360012070470020704797
:1031A0001A1F0020094B998C1A8D914201D00020E2
:1031B00070474FF6FF729A8493F82220002AF6D0C7
:1031C000002283F822200120704700BF1A1F002030
:1031D000054B998C1A8D914203BF93F82200B0FAE7
:1031E00080F04009012070471A1F002050B90A4A98
:1031F0001346012003F8010B0868C2F801008A8811
:103200009A807047012805D1034B0A689A608A8822
:10321000D8719A81704700BF441F002050B90B4BF2
:10322000187888B1D3F80120B3F805300A608B8094
:1032300001207047012806D1044BD87920B19A6843
:103240000A609B89F3E70020704700BF441F0020FD
:1032500010B9044B18787047012806BF014BD87984
:1032600000207047441F0020F7B500238A888DF89E
:103270000600ADF8042008680B4A8DF80730019D60
:103280001478014602F5A872D8B2844201D8082009
:1032900008E052F8087F5668AE4208BF8F4203F13B
:1032A0000103F1D103B0F0BD581F002030B5094B28
:1032B00001465C78002203F20113D0B2844201D8A7
:1032C000082005E013F8015F8D4202F10102F4D1FC
:1032D00030BD00BF581F0020F8B52D4C6378013B6E
:1032E000DBB22218834292F80251637030D01A0187
:1032F0000101961C8F1C2644274406F1100C56F839
:1033000004EB47F804EB6645F9D18232823122445E
:10331000214402F1100652F8047B41F8047BB242CA
:10332000F9D1E118221891F8026182F802610626AB
:103330007343704303F5857300F58570E618E35811
:1033400023502718B388BB8091F83A3182F83A317C
:103350002846FFF7ABFF082818D12378013BDBB2E2
:103360009D42237012D02B3304EBC30393E8030078
:1033700005F12B0204EBC20282E803002078FFF77C
:1033800095FF08281CBF241884F80251F8BD00BF1F
:10339000581F0020F0B5254D95F8984189B0224678
:1033A00005F29911684608F0ADFD214668460AF01D
:1033B00007FB0446B8B300EB4001C9B202A8FDF711
:1033C0001FFF631E95F8A161DBB2012495F89811E7
:1033D00005E0721CB2FBF1F001FB1022D6B206F13F
:1033E00020020DEB020010F8202C002AF1D103EB93
:1033F00043012031694406EB46022A4411F8187C47
:1034000082F8A27111F8177C11F8161C82F8A371CA
:1034100082F8A41100F8204C013BAA19DBB2FF2B63
:1034200082F89941D2D109B0F0BD00BF581F0020E9
:1034300070B5064688B00C46002A4ED0294A92F84C
:10344000A131D01890F8991119B9FF212820FDF762
:1034500091FD03EB43011144013391F8A251E57052
:1034600091F8A35191F8A41161710021257180F8A0
:10347000991192F89811B3FBF1F001FB103382F827
:10348000A13192F8C23123B9174902F5DD700AF073
:1034900054FD657905F03F0545F0400565710D2245
:1034A0000021684608F0EEFCE3788DF80F302379B0
:1034B0008DF80E3004AA0423694630468DF80D506D
:1034C00008F03EFB9DF81F3023709DF81E3063709E
:1034D0009DF81D30A37008B070BD03216018FDF782
:1034E0008FFED6E7581F002095330000044B5A7812
:1034F000824286BF1B1893F84A010020704700BF24
:10350000581F0020044B5A78824286BF1B1893F83C
:1035100042010020704700BF581F0020064B0022C8
:103520004FF461711A8083F8C32183F8C421A3F892
:10353000C61183F8C2217047581F00202DE9F047BB
:103540008246894617469846FFF78EFE08280546AC
:10355000064603D0FFF7AAFE082860D1324C6378F4
:10356000072B5ED8082D15D12678731C072E2370E3
:1035700003D96C212820FDF7FDFC06F12B02D9F8B8
:10358000000044F8320004EBC203B9F804209A802A
:1035900083F806A065786B1C290163704B1C07F14A
:1035A0001002234412F8010D03F8010FBA42F9D1B9
:1035B000813108F11003214413F8012D01F8012F86
:1035C0009845F9D1102140460AF037FA25441021D8
:1035D00085F8420138460AF030FA85F802616678CB
:1035E00085F84A010023114885F83A3131460AF03E
:1035F000E7F90128054607D80D4831460AF0E0F9F9
:10360000002818BF0135EDB284F8985100252846EE
:1036100084F8A151FFF7BEFE2846BDE8F0871220CE
:10362000FBE70720F9E700BF581F00209A20002081
:10363000A220002010B5064B5878013840B200286F
:1036400000DA10BDC4B22046FFF746FE601EF5E763
:10365000581F0020014B83F8C3017047581F0020FA
:10366000014B93F8C3017047581F0020431E9BB2C3
:103670004AF2B71293429DBF024BA3F8C601012044
:1036800000207047581F0020014BB3F8C601704757
:10369000581F002030B50A4B5C7884420ED918447C
:1036A00090F802012B3003EBC004A5790D7053F89C
:1036B00030001060A3889380012030BD0020FCE71B
:1036C000581F00200246074810B590F8C34124B1A6
:1036D000417821B1023003F0C1FB204610BD0C46F9
:1036E000FBE700BF581F00202DE9F74F2F4C9A46EB
:1036F000637883428046894656D9231893F842510D
:1037000085F00105F9B193F84A31E3B945F00207B4
:103710000135BAF1000F18D1FA070AD5062101FBCD
:10372000084104EB0810524601F585718230FFF71D
:103730007FFEBB0734D504EB0810524649460230E1
:10374000FFF776FE2CE02F46E3E794F8A1614FF0F7
:10375000010B002DE0D0A319019393F8991199B9A9
:103760000092DAB100F030FC06EB46012144019BE7
:1037700081F8A2014FEA102C009A81F8A3C1000C35
:1037800081F8A40183F899B194F898310136B6FB19
:10379000F3F103FB1166F6B2013DDAE747F00407E7
:1037A000384603B0BDE8F08F0027F9E7581F002026
:1037B000074B5A78824209D91A1892F842212AB93D
:1037C000062202FB003000F585707047002070472C
:1037D000581F0020064B5A78824281BF1B1893F86D
:1037E0003A01B0FA80F0400998BF0020704700BF4E
:1037F000581F0020F8B50E460746062130461546EC
:103800000AF01BF9044670B10C4B0022587803F201
:103810003913D1B2884202D801242046F8BD03F8FA
:10382000015F0132F5E7314638460AF0E5F808282D
:10383000F3D0024B034483F83A51EDE7581F0020C0
:1038400030B50024A0F84040B0F8444042F2107572
:103850004C43B4FBF2F4A0F84440541E05FB034370
:10386000B3FBF2F3A0F84230084BB3FBF2F30133A1
:10387000A0F84830838F05FB0344436BB4FBF2F49C
:1038800059438463B1FBF2F1416330BD005A6202D7
:1038900070B504460D4659BB4FF41A7208F0F2FA9F
:1038A000012384F88E306FF0360384F8D930042376
:1038B00084F8DA306FF03B0384F8DB306F2384F850
:1038C000DC306FF03C0384F8DD306FF07F0384F868
:1038D000DF302B2384F8D830FE2384F80E317F2389
:1038E00084F88530202384F8DE5084F8F73170BDE9
:1038F000012923D10023A0F8B43180F8AB318269CB
:1039000040F6B833A0F8B4301146438C7830FFF756
:1039100097FF104B1B68062B01D001330CD10E4BC7
:103920001B68063B083307D9E069FEF75FFE18B94C
:10393000012384F89F31DAE70023FAE70229D6D180
:10394000B0F84A32D0F844228169BDE8704078303E
:10395000FFF776BF8024002084240020034B80F8EA
:1039600070101B680BB10088184770473C1100208D
:103970000B2808B504D940F2C7112920FDF7FAFA3F
:10398000014B33F8100008BDBCC20200074B93F98D
:1039900000301844142804DC10F17F0F03DB40B220
:1039A0007047142070476FF07E0070472021002080
:1039B00007B57F230DF107008DF8073004F066F995
:1039C00003469DF9070053B1094B5B785B4240FA0F
:1039D00083F0142806DC10F17F0F05DB40B203B042
:1039E0005DF804FB1420FAE76FF07E00F7E700BFF4
:1039F00020210020024B00221A705A70704700BF2D
:103A00002021002003464078B0B1DB783F2B0BD853
:103A10000A4AD35C03F07F0290420CD08CBF012095
:103A2000002000EAD310704703F10A02D2B2022A42
:103A300001D8B63BECE70120704700BFD4C20200BA
:103A40003F2908B5C17005D80C4B5B5C03F07F03C0
:103A5000437008BD01F10A03DBB2022B04D8074B07
:103A60000B4413F8B63CF1E7FF2904D040F2434180
:103A70002A20FDF77FFA0123EAE700BFD4C2020043
:103A80002DE9F347894669461546984609F0C8FF6F
:103A9000044620B9019E35B9012386F88D300120F6
:103AA00002B0BDE8F08737692946384608F086FD40
:103AB00001460028F4D0164B5B88AB4225D338462C
:103AC00008F0BBFE96F88D300480002B0CBF4946F1
:103AD0000221824684700AF098F941462A460AF18A
:103AE000030008F00FFA2946384608F0A2FD18B97D
:103AF0007E212B20FDF73EFA68460AF0D4F9019B9F
:103B0000A3F8A24186F88D40C9E72046C8E700BF68
:103B100024210020024B987DC04300F00100704733
:103B200024210020044B987DC0F3400080F0010068
:103B300000F00100704700BF2421002083230B7098
:103B4000014B1B78CB7070473C2100202DE9F84FCA
:103B5000D0F80480D8F8146030460D4608F05FFEB7
:103B6000044618B9FF211020FDF704FA014630463B
:103B700008F063FEB4F800B01FFA8BF98246B9F181
:103B8000000F02D140F20311EDE71E4B1B68C71C6A
:103B90008BB9B8F80030AB8000236B72A5F806B083
:103BA0009AF8003003F00303012B0FD0022B0DD045
:103BB00040F21D11D7E7B8F800004A463946984749
:103BC00004460028E5D12046BDE8F88F2B72304628
:103BD00008F039FE044610B94FF49371C3E7B9F108
:103BE000FB0F02D940F23511BDE7286810B94FF438
:103BF0009B71B8E74A46394608F084F9304608F028
:103C00007DFDE0E7401100202DE9F347DFF850810A
:103C10008246894605270026D9F8103053B11B7A11
:103C20001BB980211020FDF7A5F9D9F81040B4B9CF
:103C3000002071E0D9F80440237A012BF8D0EFF38B
:103C4000108372B6D9F804201268C9F8042003B9A9
:103C500062B6C9F81040237A0BB9A621E2E7257AAB
:103C6000EDB227726B1E0B2B6AD8DFE803F06606F5
:103C70001C3463693D6969696958636813B94FF415
:103C8000D771CFE72046514698470420EFF31082C2
:103C900072B6237A052BD9B25CD12672C9F81060AE
:103CA000B2B962B614E0636813B940F2B711B9E76C
:103CB0005146204698470346C3F30723012BADF82E
:103CC0000400C0B23FD0022BE0D10023C9F810306D
:103CD0000028A1D020E0636813B940F2BF11A1E72A
:103CE000204698470020D1E763680BB9B52199E7D2
:103CF0000B228AF8002019881869AAF803100122FB
:103D000000248AF802208AF805208AF8064008F084
:103D1000F5FCC9F81040042002B0BDE8F087D8F8DF
:103D20000030514620469847034660B1C9F81060FC
:103D30000220F1E74FF4FB7174E740F2F91171E7EB
:103D40004FF4FE716EE725720028E5D1002B7FF459
:103D500063AF6DE711B940F21D2163E700209FE7D3
:103D60004411002038B5134C14220021201D08F006
:103D700089F801252574142204F10803002104F1B7
:103D80001800C4E9013308F07DF884F8245004F1E8
:103D90001C03C4E90633084A0023E362236384F862
:103DA0003430C4F83530C4F8393084F83D3013600D
:103DB00038BD00BF3C2100204011002010B5084C48
:103DC0002378FF2B04D04FF4A0711020FDF7D2F818
:103DD00007F0FCFE2070BDE81040FFF7C3BF00BF36
:103DE000DD10002010B5034C207807F009FFFF23F9
:103DF000237010BDDD100020014B187807F010BFB4
:103E0000DD100020014B024A1A6070474411002067
:103E10004D3B000010B506490446FFF7F5FE28B9F2
:103E200020460449BDE81040FFF7EEBE10BD00BFBC
:103E3000542100204021002010B51346027A22B1FF
:103E400040F299211020FDF795F80A46BDE8104090
:103E5000014601480AF04EB840210020044890F87D
:103E600034301BB903492C300AF061B8704700BFE9
:103E70003C210020E7DE00000346064890F83E2083
:103E80003AB190F83D2022B900F8353B02490AF0DA
:103E90004EB870473C2100203D3B000010B50A465B
:103EA000037A23B140F2A1211020FDF763F8014607
:103EB000BDE81040014807230AF01CB85421002037
:103EC0001346027A0AB1037270470A460146014856
:103ED0000AF010B8402100201B234FF01B128384EE
:103EE000038482618382C260038539B94FF4A4736D
:103EF000034AC3844384C261C3820261704700BF26
:103F0000480148010346F0B4B3F85420B3F84840E0
:103F1000B3F84460DF8FB3F84250944228BF144690
:103F20000846B3F84C20B3F85610DC878A4228BF05
:103F30000A46B3F84610A3F84220914238BF114612
:103F4000A64238BF2646A742A3F84460A3F846100D
:103F50001FD1AA1A18BF0122B3F84A50B3F8504033
:103F6000B3F852709E8FB3F84010A54228BF254683
:103F7000B3F84E409D87BC4228BF3C46AE42A3F8F2
:103F8000404002D1A14200D12AB1F0BC034909F05E
:103F9000D7BF0122E0E7F0BC704700BF47DF000059
:103FA0000B8BA2F80B304B8BA2F80D308B8BA2F849
:103FB0000F30CB8BA2F809000249A2F8113010464D
:103FC00009F0B8BF97DF0000094AD2E90003434077
:103FD00083EAB01181EA43214FEAF3435360054B72
:103FE000116058434FEAF06000EB8000704700BF5B
:103FF0007C210020BB79379E094AD2E90003434067
:1040000083EAB01181EA43214FEAF3435360054B41
:10401000116058434FEAF06000EB8000704700BF2A
:10402000E0100020BB79379E10B50A4C09480821E2
:10403000FDF7E6F8D4E900321343F7D0064CFFF75A
:10404000DBFF2060FFF7D8FF236860601843F6D0DD
:1040500010BD00BFE01000207C210020174B184A43
:104060009A60184A5A60184A1A60184A9A62184A9E
:10407000DA62184ADA60184A9A61184A1A63184ACA
:104080001A62184ADA64184A9A64184A5A62184B33
:10409000184A9A60184A5A62184ADA62184A1A612B
:1040A000184A5A61184A9A61184A1A63184A9A6457
:1040B000184ADA64184A9A63704700BF4811002012
:1040C0005DE200008DE20000F9E200005FE4000024
:1040D000B3E4000041440000C9E40000854600004C
:1040E0002545000097E50000B3E500006D450000A0
:1040F0005412002079E2000069E50000EBE40000C2
:104100008FE400000FE50000C544000039E6000020
:10411000E1E50000D3E500004FE50000044B054A4F
:104120005A65054B054A1A65054A5A65704700BF2E
:1041300048110020ADE300005412002093E300007A
:104140000BE40000054B064A9A65064A1A66064BC0
:10415000064A9A65064ADA65704700BF4811002092
:10416000ADD800004D2F000054120020F7D70000FA
:104170005FD90000252A034610B5084618D8012A41
:1041800019D9023A232A16D8DFE802F01A15252495
:1041900024311533152439434715154B24245E5E0D
:1041A000747415151515151515151515157B868EB1
:1041B000FF2A00F0818040F2DD415120FCF7DAFE59
:1041C0001A785B68012A02D193F8103101E093F864
:1041D0001931037110BD5968D1F8BE214260D1F880
:1041E000C22182605B68D3F80431C360F2E75B6888
:1041F000EAE70146BDE81040184600F00DBA592222
:1042000042710022102382715E220371C271037217
:10421000E0E75B6893F80A31DBE7BDE8104000F0A7
:10422000EBB95A681B784BB992F8103133B192F858
:104230000D31037192F80C314371CBE792F80B31D9
:10424000037192F80A31F7E75B68B3F85420027102
:10425000120A4271B3F812218271120AC271B3F8C4
:1042600050200272120A4272B3F8103183721B0A94
:10427000C372AFE75B6893F82621027193F8273188
:10428000DAE7124A1468002CA4D001461A4623200B
:104290002346BDE8104018470C4A1468002C99D0FA
:1042A00001461A462420F3E7084A1468002C91D0EE
:1042B00001461A462520EBE75B68BDE8104093F8FD
:1042C0003722D3F8381209F0B4BD00BF60130020C4
:1042D0003F2803D8064B53F82000704700F10A032B
:1042E000DBB2022B01D8B638F4E70020704700BFDC
:1042F000481100203F2803D8064B53F82000704790
:1043000000F10A03DBB2022B01D8B638F4E7002033
:10431000704700BF54120020F7B545682E69044667
:104320004FF6FF770DF102010DF101023046ADF8B5
:10433000027008F099F901A9304608F0BAF940B1C5
:10434000019808F07EFA616800220272FFF7A6FD6C
:10435000E8E7044905F1A00003B0BDE8F04009F02A
:10436000E9BD00BFEBE10000F0B5044685B00D46A5
:10437000FF2600F8856C10F8863CF3B1184F3B78A7
:104380001BB148211F20FCF7F5FD0C21381DFCF75F
:1043900037FF3E70002304F8853C2A46072302F8C5
:1043A000033BD4F80930C5F80330D4F80D3053601E
:1043B000D4F81130936005B0F0BD01A80C21FCF7D2
:1043C0001FFFA4F51373039AC3F8042101AB03CBB9
:1043D00044F88E0C44F88A1C04F8866CDAE700BFB7
:1043E0008421002010B5054C23782BB90C21201D09
:1043F000FCF706FFFF23237010BD00BF84210020BF
:10440000024690F8C631BBB990F8C73103F0FF01FE
:104410000BB100207047094B18780028F9D01970AB
:10442000D968C2F80411043303CBC2F8BE01C2F844
:10443000C211FF2382F8C631012070478421002079
:1044400038B5426892F8873004460D463BB1132BCD
:1044500005D0113B0B2B8CBF0120082038BD92F8F2
:10446000C83013B9204609F07DFE6268D5F80E30D9
:10447000C2F8B631D5F81230C2F8BA316368D5F84F
:104480001620C3F800211A88A3F855226A68C3F8D9
:104490005722AA68C3F85B226368AA89A3F85F223F
:1044A0006368002583F8C6516068054900F51370FC
:1044B00009F03DFD6368152283F887202846CDE783
:1044C0006943000038B5436893F887201C2A0446E6
:1044D00004D04FF4DE711F20FCF74CFD93F8C81098
:1044E0001D88002283F8C72003F5C97069B10B4904
:1044F00083F8C820A3F89C5183F89B2109F017FD8D
:104500006368002283F8872038BD012283F89B115D
:10451000A3F89C51024983F89E21EFE74BE4000089
:104520003DE4000038B54568AB6F13F0010417D1C6
:104530004A680C4B896813400B4AC5F8D830C3F35E
:10454000076343F008030A4085F8DB30C5F8DC2038
:1045500009F008FEAB6F43F00103AB67204638BD9E
:104560000120FCE72FC904F76FDB008008B5406825
:1045700090F88630042B28D14B688A68C0F8D83070
:10458000C3F3076343F0080380F8DB300023C0F86F
:10459000DC2080F8C23080F8863090F8743103F067
:1045A000FF020BB1002008BD0388A0F8763180F827
:1045B00075214B68C0F878318B68C0F87C310449AC
:1045C00000F5B67009F0B3FCECE70120EBE700BFA3
:1045D0002DE50000406890F8743153B90388A0F8C5
:1045E00076311A2380F87531024900F5B67009F06A
:1045F0009EBC70472DE5000010B50446FEF742FC56
:10460000034A044B02400B406260A36010BD00BF30
:104610002FC904F76FDB008037B50C464568FEF7FD
:1046200031FC084A084B0A4095F8D8100192034023
:1046300000930B408DF800306B4603CB6060A160A7
:1046400003B030BD6FDB00802FC904F738B5DB0441
:10465000154604D5037D13B10023436338BD446B75
:104660000134446309F0C9FF836B9C42F6D30023F5
:10467000436303492846BDE8384009F061BC00BFE8
:1046800089E5000038B5446894F88630012B05466A
:1046900002D0A36F98073CD494F8C9309A0715D478
:1046A0000A7984F8D320B1F80520A4F8D420B1F811
:1046B0000720A4F8D620D80743F0020284F8C920C6
:1046C0000FD5154904F1CA0009F03AFC94F8C93035
:1046D000D90711D4A36F9A0708D555214020FCF7BC
:1046E00049FC94F82A31002BEBD1EFE743F00203A9
:1046F000A367284609F036FD94F88630012B4FF069
:10470000000301D0002038BD84F8863084F8C23020
:10471000F8E70120F7E700BF1BE6000070B5456829
:104720000446FFF745F9054B85F885001B680146EF
:104730001BB12046BDE87040184770BD68130020CB
:10474000024B1B6803B11847704700BF6413002079
:10475000F0B51F4D2B78002414709BB1013B6D68A0
:10476000DBB21E1B012E0FDC05EBC40655F83470BE
:1047700076688E4208BF874227D0B84271EB0606A2
:1047800012D214700020F0BD1E19771005EBC70E71
:1047900055F837C0DEF804708445C6F347068F41EC
:1047A0002CBF33463446DCE705EBC30455F83350E1
:1047B00064688C4208BF854206D0A84271EB0404AD
:1047C00028BF01331370DDE71C4614700120DAE7BF
:1047D000A421002010F0070208B503D0632148206F
:1047E000FCF7C8FB18B1034B197258601A70C80067
:1047F00008BD00BFA4210020014B00221A707047A1
:10480000A42100200A46822302F8033B04480368DF
:10481000C1F803304368536083689360704700BFFA
:10482000AD21002002481622002107F02BBB00BF5B
:10483000AD21002082B002AB03E903000B48437DA9
:1048400093B1530610D50A880280D1F81822B1F826
:1048500080304260D1F81C220549826043800222E8
:104860000C3002B0FFF72CBB02B07047AD21002026
:1048700005480000094B53F8203070B503F5234379
:104880000C461646A1334FF47A72B3FBF2F503F0EF
:1048900075FB34442C44204470BD00BFE4C30200C7
:1048A0002DE9F04F8DB09A4690F869300293044696
:1048B0008946069208F05EFF834694F87300FFF77E
:1048C00057F8834409F0F0FE94F887300393069B71
:1048D0001FFA8BFB00F1500783BB94F8DC31032BEC
:1048E0002CD1039B0D2B29D1B4F83C324B4525D15B
:1048F000D4F8E431C4F8D031A369B4F8B421C4F8D1
:10490000D431B4F82A321344C4F8D831204602F026
:104910004FFAD4E99023A262B4F83E22A285D4F8DB
:104920004822226241F64B529342A3618CBF00237E
:10493000012384F87230022384F8DC31B4F8285261
:10494000B4F88080A9EB05052DB204F5FC73A9EB42
:104950000808002D04930FFA88F818DAD4E98423A4
:10496000C4E98823012345460493CA4B1B7813B13D
:1049700006F078FB70B9002694F8DC31032B00F2C6
:10498000DE81DFE813F06C006601BD008B01CDF81D
:1049900010A0EAE7B4F8C831012BECD994F8DC3167
:1049A000022BE8D094F8F661002EE4D194F873005D
:1049B000FEF7DEFF94F8DC3100F5C86B012B1FFA1F
:1049C0008BFBD9B23ED194F88A20A36A032A32D154
:1049D000D4F8D42113445946D4F8D401079306F0EF
:1049E00005FBD4F8D061079BD4F8D821C4F8D001D6
:1049F000861B59461846564306F0F8FAD4F8E031BB
:104A0000C4F8E001C31A5946A0691E4406F0EEFA44
:104A1000B4F8B431D4F8D82143445B1B9B1AD4F8C2
:104A2000E421013B821A02FB03660123C4F8E4017E
:104A300084F8F631A0E73046079309F071F8079B38
:104A40000344C8E7A069594606F0D0FAB4F8B46147
:104A5000D4F8E4314644761BC31A5E43E5E70121EE
:104A6000002009F05DF88046A06A5946404406F0EF
:104A7000BDFA5946C4F8E001A06906F0B7FA09A9E1
:104A8000C4F8E4010AA803F035F9099B0093D4E9BE
:104A90008801DDE90A2305F093F90290204609F028
:104AA0001BFEA16AD4F82C2294F869008D1803F03B
:104AB0006DFAD4F8E011029B203D6D1AED1B4544C0
:104AC00000F52340ED1AA1304FF47A73B0FBF3F0F8
:104AD000A38D30312D1A03EB410194F869003A4659
:104AE000FFF7C8FED4F82C32EB1A2230B3F5917FD1
:104AF000C4F8E80159D240F2FC413020FCF73AFA00
:104B0000A36AD4F8D4015946184406F06FFA5946FE
:104B1000C4F8E001A06906F069FAC4F8E40120468F
:104B200009F0DAFDA36AD4F8D4511D44B4F8B431C5
:104B3000002B40F08A80BAF1000F00F0868094F8D4
:104B4000690003F023FAD4F8E011D4F8183294F88D
:104B500069206D1A203D1D44D4E984BC4E4B53F8A6
:104B60002220A5EB0B054FF47A7302F2E732B2FB79
:104B7000F3F21544ED1B00F52340A130B0FBF3F038
:104B80002D1AD4F8D821D4F8D03194F8690002FB5A
:104B90000313A18D303301EB43013A46FFF76AFE60
:104BA0000123C4F8E80184F8DC31A369D4F8E421D6
:104BB000E73B9B1ADF1B002384F8F831D4E98832E5
:104BC0008742A5EB060528BF07465B1942F10002A4
:104BD000C4E98232C4F8B07104F1300009F027FA58
:104BE000D4E98223C4E98823B4F8A031A4F8289238
:104BF000A3EB09031BB2002BD4BF002201225200F9
:104C000084F80022039A38440D2AC4F8FC0100F00D
:104C10009980BAF1000F40F0988094F8DC31002BB5
:104C200000F0B080A169D4F8E43104F5FC70C91A31
:104C300008F00FFF80B2002800F0A480169B03B19B
:104C4000188001200DB0BDE8F08FD4F8E0116D1A86
:104C500097E7D4F8E411A369B4F8B421D4F8D801E3
:104C6000D4F8D0C15B1A5D43D4F8E0314244121A43
:104C70003033013A0CFB003301FB0233A18D94F871
:104C800069003A4601EB4301FFF7F4FDC4F8E8017F
:104C90008BE700BFD0210020E4C30200D4F8E4E198
:104CA000A369A3EB0E035D4394F88630252B03D054
:104CB00094F88730252B0CD1B4F83C32A9EB0303D0
:104CC0001B0406D4029A94F83F32002B18BF1A46F0
:104CD0000292049BB4F8B4C143B3BCF1000F25D1D8
:104CE000D4E98623D4E98401904271EB030302D313
:104CF0004FF4AA6101E794F869102C4B53F8213066
:104D0000D4E98401CDE904010498203A121A03F28F
:104D1000E7314FF47A7B03F52343B1FBFBF10A44FF
:104D2000A133B3FBFBF3D21AD21B15440CEB0801E1
:104D30000EFB01F1303102983A464900A4E74FF4E6
:104D4000AD61DAE6BAF1000F1CD0B4F8C80118B3AF
:104D5000B4F8CA1194F8CC21A4F8CA1101FB0222BC
:104D6000904201F101050DDD002B0BDD002384F8DD
:104D70000032A4F8CA51FFF727F900F0070001300C
:104D800084F8CC0194F8F70104F5FC7104F010FEEE
:104D900020B940F2B151B0E60146DBE7069B83F053
:104DA000010384F8F43100204CE700BFE4C30200A3
:104DB000F7B5044618B9E2213020FCF7DBF80729E3
:104DC00000F2BC80DFE801F00484464641BA33B704
:104DD00004F0DAFFC4E94001204601F02DF8D4F8D0
:104DE000F400CB3804F0CCFE10B940F27B21E3E7AD
:104DF00020460AF017F80546F8B90146204609F0A2
:104E00003AFF00F1E506D4F8F400B04209D2301AB6
:104E1000322838BF3220032104F0D4FE051E18BF0B
:104E20000125C4F8F46020460AF016F83DB120468A
:104E300003B0BDE8F0400AF010B80025F3E7D4E96C
:104E40004023C4E93A2303B0F0BD03B0BDE8F0400D
:104E500002F05CBF09F01AFF002384F8F93007461E
:104E60000E4604F0DFFC0722A7FB023502FB0655C5
:104E7000D4F8EC200192D4F8E8209B18019A45EB75
:104E80000205D4F8CC2032B157EA060203D098428A
:104E900071EB050216D2022284F8F820D4F808211A
:104EA000D4F80CC1121A6CEB010C94F818E1BEF1A5
:104EB000000F09D1012A7CF1000E11DA204600F022
:104EC000C3FF05E00122E7E7012A7CF1000CF5DBD6
:104ED00094F8C80004F0C0FC002384F81031B2E755
:104EE000984271EB050E0ED23E430CD01B1A65EBB7
:104EF00001019A427CEB010005DB012B71F10000FE
:104F0000A4BF1A468C460F4994F8C8000123914269
:104F100084F811314FF0000384F8F03073EB0C0388
:104F2000B8BF0A4604F1F00104F058FF00288AD106
:104F300040F2EF6140E74FF480713DE74FF482713A
:104F40003AE700BF0040420F2DE9F04104460E460B
:104F5000154690F8103103F0FF071BB10C273846B7
:104F6000BDE8F0810146474804F088FC20288046CF
:104F7000F4D05722394604F1C90006F083FF84F8C3
:104F8000C880C4F8CC60FF2384F8103136B1FFF735
:104F900033F800F00700013086F8CC0102234FF00F
:104FA0000008A4F8F83084F8F08006F071F800F1F9
:104FB0009E06204609F036FFB6B20146002839D0D9
:104FC00008F0D8FB00F5CD6189B2284606F00EF84E
:104FD0002844C4F8F40004F025FC301841F1000125
:104FE000C4E94001012084F8D000A4F8268009F02B
:104FF000D8FFE53D2D1AC4F8D4504FF0FF356FF0BF
:105000000041D4E94023C4E942510025C4E93823D2
:10501000C4E93A2394F8C80084F8115142F210729E
:1050200004F1F00104F0DAFE38BB40F2EB1130205D
:10503000FBF7A0FF204609F01EFEDFF84C80E530AC
:10504000C4F8F400B8F8020048B1E08C38B1FEF7BB
:10505000D3FFB8F80230B0FBF3F202FB13000644B2
:1050600004F0E0FB361841F10001C4E94061002D75
:10507000C3D0AD1941F10001C3E72946204609F02C
:10508000EEFE6CE7B14D0000D0210020F0B500230A
:1050900085B0CDE9003301238DF806306846FCF772
:1050A00061FB70B11D4E012333710027CDE90277FA
:1050B00002A8FCF757FB0546C8B10023337105B0C1
:1050C000F0BD009809F023FCE8E790F8F70104F040
:1050D00003FD94F8F70104F039FE94F8F70184F821
:1050E000DC5104F0B9FB202384F8F731DEE7029BA2
:1050F000002BDDD093F8F721202AD9D018884FF65D
:10510000FF739842D9D02946FCF7F2FA04460028EA
:10511000DBD140F237113020FBF72CFFD0210020EB
:10512000054B002201215A7119701A7142F2107256
:105130005A80FFF7ABBF00BFD0210020014B587150
:10514000704700BFD021002008B502F0B3FA044B2D
:105150009A6882422ABF1879002080F0010008BDB9
:10516000D02100202DE9F3470446062900F2DA8019
:10517000DFE801F0048673838A8FD300D0E98401CD
:10518000D4E98623904271EB030354D294F8F631AC
:10519000002B50D094F8DC31032B4CD109F084FA69
:1051A00094F869A0814608F0E5FA064694F8730081
:1051B000FEF7DEFB064494F87300FEF7D9FBD4E952
:1051C0008423D4F81872D4F8B05180465046BF1AE0
:1051D00002F0D4FE554A52F82A20A5F1500302F5F8
:1051E0002342A1324FF47A71B2FBF1F29B1AA3EB86
:1051F00009031B1A09F1790909EB5309B6B2603B9F
:1052000008F5C86873431FFA88F8B3FBF8F36033F6
:105210005A08A9EB53039F4202D391444F4501D949
:1052200005F026FFA069314605F0E0FE0023C4F832
:10523000E40184F8F6313E4B1B7903F0FF0263B9B9
:105240000092B4F8A41101232046FFF729FB38B1DE
:1052500040F21E713020FBF78DFE042384F8DC3110
:1052600002F03AFC04F0E2FAB4F88020A4F8F2214B
:105270000023A4F82A3284F8F53102B0BDE8F087A3
:10528000032380F8DC31F8E70AF02DF8C4E9860141
:10529000F3E790F86900264F09F00EFAB530D4F81C
:1052A000E431A56995288CBF0020C0F19600C21892
:1052B000954288BFED1A7B798CBF2D1A00251BB94A
:1052C000236B9D4228BF1D4604F13000D4F8B06125
:1052D00008F0ADFE0644022004F02EFDAD1B25EAC9
:1052E000E575854228BF05460221284604F06AFC80
:1052F00000B92E44012340F245123146204608F001
:10530000F3FED4F8B031B860A069184404F038FC5A
:105310000028B2D140F2A3319CE702B0BDE8F047CB
:1053200009F0DAB940F2ED7194E700BFE4C302007E
:10533000D02100202DE970430C4615466ABB024679
:10534000174994F8C80004F0C3FA20B940F2FD717F
:105350003020FBF70FFE02F0ADF9D4E94089064694
:1053600084F8D05084F810510121D4F8CC00FEF715
:105370008FFAD4F8CC00C0E9848994F8C83080F85A
:10538000F731C0E98889C0F82C6209F095FA02F07B
:10539000A3FBBDE8704304F049BA40F61801D7E713
:1053A000F3E60000014B5880704700BFD021002079
:1053B000074A03461068D3F85120C0F80320B3F819
:1053C0005520A0F8072093F8501008F0A3BC00BFA8
:1053D000DC21002070B504460E466588407F15F03C
:1053E0000401134618BF04F15F013246FEF77CF951
:1053F0004107054621D4C2070BD5012384F850305C
:10540000607FFEF7D5F90368C4F851308388A4F8AB
:105410005530AB0701D4012070BD094B1868D4F892
:105420005F30012184F85E10C0F80930B4F86330B1
:10543000A0F80D3008F077FCEDE70020ECE700BFA6
:10544000DC21002038B5C38D0F4D0133C3F30E03AB
:10545000C385AB7C04462BB102F00AFC01F030FDA1
:105460000023AB7400232B7194F871302BB1012110
:105470002046BDE8384009F0F6BA637C13B1E28DEE
:105480009A42F4D20021F3E7DC21002010B5094C48
:105490002379012B02D02379022B05D1A37C1BB1E8
:1054A00002F0E6FB01F00CFDE069BDE81040FFF7FB
:1054B000C9BF00BFDC21002070B5294C2379012B26
:1054C00007D02379022B04D040F65C412D20FBF756
:1054D00051FDA0B90125A37C1BB102F0C9FB01F06D
:1054E000EFFC002D3AD0E06909F036FA002830D000
:1054F00002F0A0FA236ABDE870409B681847216853
:10550000E26911F8095B02F15103E80992F85020B1
:1055100008F038FA0028DDD02068002108F028FCC7
:105520000028D7D02379E069012B05D02379022BFD
:1055300002D040F63541C9E72379226A03F180435E
:105540005269013B05F00F0152F823309847054698
:10555000C1E7E069BDE87040FFF774BF70BD00BFF0
:10556000DC210020074A0346D06903B909B9FFF7D7
:1055700069BF1379126A03F180431269033B52F841
:1055800023301847DC2100202DE9F043032985B0A2
:105590000546174607D14388980723D400242046A0
:1055A00005B0BDE8F083428890F87030D107DBB2D7
:1055B000F4D5002BF2D14FF00108DFF8D49099F820
:1055C0001260C6B108F022FA0828387016D002AA74
:1055D0000DF10701FEF75EF838B940F6D4612D20D1
:1055E000FBF7C8FC4FF00208E7E79DF8070002A9A7
:1055F00009F050F806463B78082B08D1D9F800107E
:1056000011F8030BC0F3801009F044F80646D9F8EE
:10561000001095F8572011F8030B05F15803C0F35B
:10562000801008F0AFF9D9F80010044611F8030B08
:10563000C0F3801008F0E0F98146FEF7CBF840B1E6
:10564000B9F1080F1BD04846FDF750FF80F0010369
:10565000D8B23A78082A14D01CB96C7FA21A5442E6
:1056600054416A8853079AD4002897D176B9EC7CC4
:10567000444518BF002C0CBF012400248FE70020F4
:10568000E7E780F001022240D4B2EAE7344686E739
:10569000DC2100202DE9F04F85B008230DF1070231
:1056A000052104468DF80730FFF76EFF064620B946
:1056B0000026304605B0BDE8F08F744F3968FA7C9B
:1056C00011F8030B07F11403C0F3801008F05AF926
:1056D00080460028ECD13B68216A184691F88E205C
:1056E00010F8035B02EA551202F0010281F88E20E5
:1056F000D3F80320C1F803208288A1F807201D46B3
:10570000226A15F81F1BC1F380119170D3F81F0096
:10571000029002A928790871D3F80F00D061587D52
:105720001D7D000440EA0520DD7C28435062B3F86B
:10573000190082F8728040F2E24909FB00F09061A2
:105740009D7DC5EB451005EB800505EB85056D00DE
:105750009585B3F8170009FB00F09062B3F81B00C1
:105760001084B3F81D00508493F8243003F01F0018
:105770005B0982F89A0082F87330256A94F912A0C6
:1057800005F18E0008F022FA40F20113A5F8683006
:105790004FF0FF0B85F86AB0414605F13000FEF787
:1057A0009BFB51462846FEF7D9F8236A84F87B8094
:1057B0001A88A4F87C2084F899B04FF6FF72A4F8F8
:1057C0009A209A69B2FBF9F2A4F892201A8CA4F8F4
:1057D00094205A8CA4F8962093F8732084F898208B
:1057E000227F9DF8070004F186015AB394F85020F7
:1057F000012A27D194F8562002F0C002402A21D174
:10580000D4F85120C4F88620B4F855208A809A78BC
:1058100084F87F20082803F1030504F18C01D3F8F4
:10582000033004F1800227D0C4F88C30AB888B8021
:1058300004F17F01FDF72EFF40B940F6BB312D206A
:10584000FBF798FB0022C4F88620DFE794F87F304E
:1058500043F0020384F87F3004F172000C4908F031
:1058600066FB0C4B206A1B6800223A71002B3FF448
:1058700020AF214698471CE7C4F88030AB8893805E
:105880000023C4F88C308B80E6E700BFDC210020C9
:105890008DEB000070130020032973B5044604D07B
:1058A000052952D0012002B070BD08230DF1070276
:1058B0008DF80730FFF768FE0028F3D0237C274DD2
:1058C00003B39DF8070094F8BE30DBB9237884F861
:1058D000BF30082804F1C10228D004F1C001FDF74F
:1058E000D9FE20B940F64A712D20FBF743FB94F80E
:1058F000C03043F0020384F8C030194904F1B60007
:1059000008F015FB2B68062204265A701E702046EC
:10591000FFF74EFD286894F84020E16B08F019FA73
:1059200028682E7102F026F90020BCE7286803469B
:1059300013F8031BC1F3801184F8C010D0F80310D2
:10594000C4F8C1109B889380D7E7064B1B68002BD7
:10595000EAD0984780F00100C0B2A4E7DC21002023
:1059600075EB00006C130020F8B504460F4619B320
:1059700000F12805284609F0EDFAA0B963881A0756
:105980002ED5284609F0FDFA0646284609F0E2FA27
:10599000301AC0B209F005FB474A93680344284611
:1059A000936009F0B3FA284609F0B5FA01F0A8FFB0
:1059B0002179252001F0C6FE3F4E94F85E20306824
:1059C0000023037043706388103B0D2B64D8DFE81D
:1059D00003F05F635B0C6340636363636363634013
:1059E0002046BDE8F840FFF72DBD06234370202375
:1059F00003702046FFF7DCFC638823F008039BB2AA
:105A0000152B05D094F83820616B306808F092F9B6
:105A1000306802F0AFF8032321793371002001F0E0
:105A200099FF054607B9F06063881B0704D509F0A4
:105A3000B5FA0544C4F8D8506388103B0D2B36D80E
:105A4000DFE803F038352F2F352F3535353535352F
:105A5000352F0C2343700346212103F8091B52B153
:105A6000D4F85F20C0F80920B4F863209A8001219F
:105A700008F059F9BDE7A26DC0F80920B4F85C2020
:105A80009A8094F85710F3E7062303704370B0E749
:105A9000022303700623F9E740F236612D20FBF75D
:105AA00069FA21790120BDE8F84002F007B940F613
:105AB000CF41F3E7F8BD00BFDC21002038B54388B3
:105AC000102B044604D1BDE838400121FFF74CBF3C
:105AD0000B4DAB7C23B101F0D9F9402002F0BCF8AA
:105AE000286802F047F8608810F0040002D121799C
:105AF00002F0E4F8002002F08DF801232B7138BD8C
:105B0000DC210020024B0121D869FFF72DBF00BF27
:105B1000DC21002010B5134CA37C1BB102F0A8F8C7
:105B200001F0CEF9E06908F017FF70B12379012B7D
:105B300010D12379226AE069D26803F18043013BE6
:105B4000BDE8104052F823301847E069BDE8104026
:105B5000FFF778BC2379022BEBD040F65E312D2085
:105B6000FBF708FADC21002010B50748037903F0A1
:105B7000FF0433B918222146043006F083F9204689
:105B800010BD0C24FBE700BFDC21002010B5094C40
:105B9000002323712060FFF7E7FF20B140F2EF21DF
:105BA0002D20FBF7E7F9236A13B940F2F221F7E75A
:105BB00010BD00BFDC210020014B024A1A62704771
:105BC000DC210020945E0000034B044A1A60044B61
:105BD000044A1A60704700BF6C13002095560000FD
:105BE0007013002035530000F8B5057DAF1E044644
:105BF000FFB2002D3AD0012F2DD800F1580190F8B6
:105C0000570007F0F9FE0828064624D0FDF77AFC75
:105C100010BB023D18BF0125012F8CBF00270127B3
:105C200084F8505027776677FDF72EFD054603F080
:105C3000F9FD174B0022E5FB0301C4E9120184F8CA
:105C40005E2011462046FFF7C5FB70B940F27A414D
:105C50002D20FBF78FF90826022D09D104F15101FF
:105C60000020FDF7DBFA80B90020F8BD0826F5E733
:105C7000E37E002BF8D0D4F81530C4F85130B4F8D6
:105C80001930A4F855300125C6E70025C4E700BF48
:105C900040420F00F0B5464E327985B0044602F01E
:105CA000FF0312B90278FF2A04D140F6B9112D2062
:105CB000FBF760F93382B3607371B37180F87130B0
:105CC0003C4B00933C4B01933C4B0293336A684638
:105CD0005B68039301F046FF01F078FD01F0C8FF17
:105CE00001F0EEF8364801F001FE04F128053548D0
:105CF00001F032FF284609F009F9284609F00BF9AE
:105D000001F0FEFD2179252001F01CFD94F912001F
:105D100001F0E6FD04F13401206B06F09DFE04F174
:105D20003C010746206B06F0BEFE0546E7B194F83D
:105D30002430CBB1B4F92E50ED43ED0F237F13B9CE
:105D400063885B0709D5D4E912126FF000439A42C9
:105D500008BFB1F1FF3F0ED1A5B930680330FDF7A0
:105D6000B1FCB07405B0F0BD002DE7D094F825501B
:105D7000002DDFD1E2E703F055FDD4E91223904274
:105D80009941E9D3012229462046FFF723FB50B170
:105D9000FDF77AFC054603F045FD0B4BE5FB0301DF
:105DA000C4E91201D9E7002DD7D040F6F6117EE7FD
:105DB000DC210020155B0000B9540000655500008F
:105DC000D6BE898E5555550040420F0073B5044626
:105DD000FFF760FF00212046FFF7C6FDA36E0BB161
:105DE00001221A606388DB0720D50023104E256A44
:105DF000CDE90033FF23F3746846FBF7B3FCA8B981
:105E0000009CA542F8D06A7A607A05F10A0304F191
:105E10000A0107F0B7FD0028EED0A378F374D4F898
:105E200003007061034BB4F807209A8002B070BD84
:105E3000DC210020F0210020024BD8611B6A1B6886
:105E4000184700BFDC21002043881B0710B504461B
:105E500011D5036A0A493C2280F87B201B88A0F8F0
:105E60007C30FF2380F899304FF6FF73A0F89A300A
:105E7000723008F05CF8FF2384F8713010BD00BF69
:105E80008DEB0000DFEB0000BD5A0000E5EB0000E9
:105E900099580000CD5D00008D540000055B0000A6
:105EA000845E0000885E0000905E000001380228D9
:105EB00008B503D9C3212F20FBF75CF813290A4B3F
:105EC00005D811290CD8102907D0D121F3E71529BD
:105ED000FBD103EB4003D88801E033F8100008BD84
:105EE00003EB40039889FAE758C302000C4A117883
:105EF000034689B9906833B9B0F85810828F91423F
:105F00000AD8FFF721B993891B0707D590F88800B5
:105F1000073818BF012070470020704701207047E4
:105F2000002200202D4AF8B5948903461C43402BDB
:105F30009068948104D10421BDE8F840FFF712B9BC
:105F4000802B01D10521F7E703F00304032C04D1D2
:105F500040F6C3213120FBF70DF813F0020418BFFF
:105F60001161DD0705D55161C97806290DD00B29CE
:105F700017D02CB11169C97805291DD00B2927D05C
:105F80009B0644BF08231370F8BD90F887101829AA
:105F9000EFD1002600270121C0E9386780F88B1077
:105FA000E7E790F88710122901BF002180F88B10D5
:105FB000012180F8C810DCE790F887101629DFD19E
:105FC00000240025C0E93A45012180F88C10D7E76C
:105FD00090F887101129D3D10021F6E70022002084
:105FE00073B504464068836F13F0300F0D4646D1F9
:105FF00009891A2903D96B89B3F5A47F06D2E978F8
:10600000204602B0BDE8704008F0DEB8AA881A2A1F
:10601000F5D9EE88B6F5A47FF1D30096303008F0BC
:1060200018F8184B9A8992070ED51B69DB78142B48
:106030000AD16268936F43F010039367204608F01B
:1060400091F8002002B070BD636893F886201D2A85
:10605000EFD093F81B31002BEBD1636893F81A3122
:10606000002BE6D16268936F114643F020039367DB
:1060700031F8300B02F59F72FDF792FFDEE7012049
:10608000E0E700BF0022002037B5044601A8FDF775
:106090004FF820B940F6A3013120FAF76BFF222216
:1060A0000021019805F0EEFE019D0321284607F02E
:1060B000ACFE2B7823F010032B7001982146FDF7DE
:1060C000BFFC019905482246FEF754F8FDF744F855
:1060D00010B940F6AD01DFE703B030BD0422002067
:1060E000264B70B59C6894F83E5294F83F62002DA0
:1060F0003DD194F86810002E3BD194F8693084F8B3
:10610000681084F86930FF2384F86A301C4B1B68E0
:106110000BB12046984794F82431012B01D0354328
:1061200003D018480021FCF7D5FE04F130063046B4
:1061300007F07DFF04F2351105462046FDF7E2FE2B
:1061400020460621FFF70EF8304607F070FF854223
:10615000044610D203F0E4FD0146601B322838BF2C
:10616000322003F02FFDB0FA80F0400970BD2946BF
:10617000C1E73346C3E70120F8E700BF0022002053
:10618000801300200422002010B5154B1B691979DB
:10619000436893F88620092A09D193F809218A4295
:1061A00005D1002283F8862083F8C22010BD9A6FA3
:1061B00012F0080406D022F00802BDE810409A67E9
:1061C00007F0DABFFF2905D1332283F8862083F850
:1061D0003442EBE740F24C513120FAF7CBFE00BFDE
:1061E00000220020F8B50D79A5F10E03DBB2152BC6
:1061F00004460DD8012606FA03F740F25122174251
:1062000008D14268152B92F8862028D0082B08D098
:106210000020F8BD024631462846BDE8F84008F0A7
:10622000C4BE212A01D02E2AF2D1204607F091FFC8
:10623000636893F88720222AEAD093F8D92022F0C5
:10624000010283F8D920626892F8D93023F008035C
:1062500082F8D9301A212046FCF73CFED8E7282ADC
:10626000D6D1034B1B68002BD2D09847D0E700BF94
:106270007C1300202DE9F041A0F10E040029E4B2C6
:1062800008BF1F21172C13460AD80126A64040F24A
:1062900051273E4207D116F4600F23D1082C07D0B6
:1062A0000020BDE8F081BDE8F041002108F07DBE8E
:1062B000546894F88620212A08D11846FCF70AFE73
:1062C000002384F8863084F8C230E9E72E2AE7D12B
:1062D00094F88720A2F120010629F1D92E2AEFD0C7
:1062E0002A21EAE7054A1468002CD9D00A4601465B
:1062F00018462346BDE8F041184700BF7813002038
:106300002DE9F7437F4D0646AC68002840F0A48095
:10631000AB891A0724D594F80E31FE2B04D140F234
:10632000CF513120FAF726FEFE2384F80E3194F87F
:1063300087301A2B06D184F8C700281D07F01CFFF0
:1063400084F8876094F88630202B33D0332B3FD0ED
:1063500094F88830072B02BF02232B7684F80E3185
:10636000AB89DB073DD4AB895F0700F1AB809907B0
:1063700040F1B280AB68012283F80F212B69DF78EE
:106380000D2F00F0A680112F00F0B180072F00F034
:10639000B0803846FDF7AEFF0346002840F09A80F3
:1063A000FF2F40F0A880AA68332182F8861082F877
:1063B000340291E094F88730A3F12002062A05D92F
:1063C0002E2B03D0212384F88630C1E72E23FAE751
:1063D000012384F83532002384F8863084F8C230F3
:1063E000B6E7D5F80890D5F8148099F88730113BB6
:1063F0000B2B0BD898F80330023BDBB2092B7DD86E
:1064000040F2333222FA03F3D80777D54046FDF73E
:10641000F9FA98F8037020B939463B4807F0D4FEE2
:1064200049E0012F01D9162F30D199F8860007F0E5
:10643000B8FE40B199F88630202B04D0212B07D12B
:106440002E2389F886303846FDF742FF03462AE0BE
:10645000162F14BF022620262B781B0712D594F87E
:106460008730113B0B2B4BD9002501A90320019547
:10647000FBF7ECFD019B2BB11D720C22019821460C
:10648000FDF7DAFC304603B0BDE8F083112F0ED0E3
:1064900005D8072F14D00D2FD5D11C4B08E0142F91
:1064A000D1D11B4B1B681BB998F80310B5E7194BEA
:1064B00069691548984700283FF455AF0646CBE771
:1064C000154BF5E794F88820062A04BF01222A76A6
:1064D0004DE7124B0C489847AB89DA06BCD594F8C7
:1064E00087300A2BB8D10B2384F88730B4E70C4BE4
:1064F000F0E70C4BEEE740F2C25112E70826ABE79B
:106500000820C0E70022002004220020E9F000005B
:106510007413002031F10000E561000079F0000003
:1065200097F00000896100002DE9F74FB64F0E4645
:10653000B989BC688D0556BFB4F8B8200023013274
:1065400004F1780A804646BFA4F8B83084F8AF3129
:10655000A4F8B820504608F0B6FD30B10B4604F55B
:10656000967221465046FEF771F8BB8903F4C0636A
:106570002BB194F88A30002B47D0032B4CD094F8E1
:106580008A20BB89012A04D1180544BF022284F85D
:106590008A20B8F1000F40F0958059065DBFB4F82D
:1065A000C821013292B24246A4F8C82103F00A027F
:1065B0000A2A0DD13A69D278022A09D123F00803B8
:1065C0003046BB81FFF79CFE08233043C6B2BB8137
:1065D0003046FFF795FEBD6895F80E313043FE2B2F
:1065E000C6B23CD1DEBB95F88830063B012B36D9CC
:1065F00095F81831ABB195F81931A5F8BC6085F85C
:1066000010310122022128462BE1012184F88A1051
:106610002046FEF7A7FDB2E7022384F88A30012165
:10662000F6E795F88790A9F110095FFA89F9B9F1B1
:106630000C0F40F2ED80AB6FDA0702D5324609212C
:10664000E1E7980740F1938032460C21284608F094
:10665000FAFC95F8C93043F0010385F8C930B4F865
:10666000A83194F8AC510133A4F8A831002D00F002
:10667000FD81FBF7DDFC10B10023A4F8A83194F8EC
:106680008A10012940F2278294F88830072B40F0C5
:106690000582B4F8B830022B40F21D82B4F8BA502B
:1066A0000135ADB2B4F880302B44A4F8A03194F891
:1066B000AD31002B00F013820123B4F88020134485
:1066C000A4F8A431BB89BD685B065FBFB5F8B431DF
:1066D000B5F8A6219B189BB248BF0023A5F8B4319A
:1066E00095F8183123B995F88830063B012B06D868
:1066F000B5F8BC30B5F8A6211344A5F8BC3095F820
:10670000C21031B1B5F8BE30B5F8A6211344A5F8D2
:10671000BE3095F9C620002AC1BFB5F8C430B5F81F
:10672000A6011B18A5F8C43095F8A93063B9B8F1D3
:10673000000F40F065823B7E022B40F0178295F8F7
:106740001031062B18BF162395F8A82022B92F4820
:1067500085F8A930FDF7E0FD284608F022FD00236A
:1067600084F8AB3103B0BDE8F04FFCF71BBD59070F
:1067700002D53246132146E71A0706D595F80831A7
:1067800085F81031324607213DE713F0300F35D040
:1067900095F81B31002B4AD195F81A31CBB195F8F9
:1067A0008730252B05F58D7105F23E2224D095F812
:1067B0008630A3F1250043424341284607F03BFCC5
:1067C000AB6F23F0200343F01003AB67002385F881
:1067D0001A31AB6FDA062AD505F235112846FDF7D6
:1067E00091FBB5F85230A5F81031B5F85630A5F840
:1067F00012310022152106E70123DEE75B0616D5DC
:1068000000222421FFE600BF0022002004220020F5
:10681000D7F808B09BF88730113B0B2B0ED8DFE878
:1068200003F01D0D0D0D232C0D0D0D0D0D55B8682C
:1068300090F88730222B4FD0312B4AD095F88630F4
:10684000002B59D195F88730103B0C2B5CD995F86B
:10685000B630002B58D001221221D4E600220B21A1
:10686000584608F0F0FBFAE65846FDF7C9FD002847
:106870003FF4F5AE00220421F2E79BF83032012B01
:1068800008D100220521584608F0DDFB00238BF8D3
:106890003032E4E69BF83032022BD9B27FF4DFAE1F
:1068A0009BF8C85025B106238BF810310022EAE787
:1068B00003210622B34807F06EFC9BF8D83013F092
:1068C000040F2A460CBF0D211121DCE7002206210E
:1068D000C6E700221121C4E790F82431022B02D12F
:1068E00000221721BDE790F82431012BA6D190F8A2
:1068F0002531002BF4D0A1E7092B05D195F80931FA
:1069000085F8103101223EE7B9F10C0F7FF6A7AEF2
:10691000D7F8089099F886B0BBF1000F40F08C8052
:1069200099F82B313BB101220E21484608F08BFB30
:1069300089F82BB1ADE799F82A3193B199F8C9B02C
:106940001BF003030DD101220C2148464BF0010B33
:10695000019308F078FB89F8C9B0019B89F82A31C6
:1069600097E799F81A3133B399F81B311BBB99F8A3
:106970008730252B09F58D7109F23E2219D099F83F
:106980008630A3F1250043424341484607F053FBBC
:10699000002389F81A3101221421484608F053FBDC
:1069A000B9F85230A9F81031B9F85630A9F81231B7
:1069B00055E60123E9E799F82431012B4BD199F8E9
:1069C0002531002B47D199F88730A3F12002062A00
:1069D00041D92E2B3FD099F86800012806D0022813
:1069E00004D04FF461710620FAF7C4FA99F86910DF
:1069F000012901D00229F4D1022899F826210BD0CF
:106A0000012A14BF0022012242B90A3B042B13D9E8
:106A100001221621484624E7022AF2E7022999F8C2
:106A2000272116D0012A14BF00220122002AECD00F
:106A300054480021FCF74EFA95F88630002B7FF47D
:106A40000EAE95F83432002B3FF409AE0122FF213F
:106A5000D9E5022AE7E74C4B1B68002BECD04948EC
:106A60009847FE280146E7D00122D3E7FBF7DAFA80
:106A700008B1A4F8A851FBF7E3FA00283FF4FFADF2
:106A800094F8AF310133DBB2022B84F8AF3182BF0F
:106A90000023A4F8A83184F8AF31F0E594F8B630BB
:106AA0001BB194F886300F2B15D1B4F8BA50B4F856
:106AB000B8305046ED1A033D08F005FB68B1D4F834
:106AC000B030D4F8AC20033B9B1A9D42A8BF1D46B2
:106AD000012D3FF7E6AD0125E4E52B46F5E7012D55
:106AE0007FF6EAAD94F8873013B10B2B7FF4E4AD59
:106AF00094F88630002B7FF4DFAD94F88830002BBB
:106B00007FF4DAAD02297FF4D7AD94F8AF31002BD2
:106B10007FF4D2AD2069B4F82E9005F0F9FD00287D
:106B20003FF4CAAD94F80E31FE2B7FF4C5ADB4F836
:106B3000A231012B7FF6C0ADB4F8A821238C9A4274
:106B4000BFF4BAAD9B1A9BB2013DADB2B5FBF9F5EE
:106B50009D4228BF1D4619FB05F3003D03F10103CB
:106B600018BF01259BB284F8AA51A6E5012B0DD1CF
:106B700095F88930002B7FF4E7AD00212846FEF719
:106B8000F1FAECE504220020841300205EB1F00647
:106B900034D4310734D4B20634D4B30734D140F6F8
:106BA0004421312020E739B1B5F8BE10B5F8C03026
:106BB000994201D32223C7E5002A05DDB5F8C42098
:106BC000B5F8C0309A42F5D2B5F8BC20B5F8BA3065
:106BD0009A420AD295F88A20B5F8B83052B1B5F881
:106BE000BA209A42C9D80823AEE595F81831002B8F
:106BF000E0D1EFE7052BC0D93E23A5E51E23A3E591
:106C00003D23A1E523239FE52A239DE5634B73B52F
:106C10000025012604461E7198609D811D701D7619
:106C2000FF2380F8AB310088FCF77CFA2088FCF762
:106C3000A3FAB4F8A231E3B194F80E31FE2B18D1C7
:106C400094F81831ABB194F88830063BB34210D9B0
:106C500094F81931A4F8BC50204684F8103132461B
:106C6000022108F0F0F984F8AA510220FFF70CFA8B
:106C700003E094F80E01FE28F8D1B4F8A611B4F898
:106C8000A821E38D013989B2B1FBF3F31344A4F8D1
:106C9000A831B4F8B83004F178060B44A4F8B83041
:106CA000304608F010FA20B1D4F8AC300B44C4F8E8
:106CB000AC30B4F8A231012B9CBF0133A4F8A2314F
:106CC000002509B184F8AF5194F8873084F8AA51AF
:106CD000A3F10A02012A1DD8B4F88030B4F83C228E
:106CE0009B1A19042FD404F23E2104F18E0006F001
:106CF0006DFF84F88750FF2384F8C330B4F8A621D1
:106D00002146304606F0A8FF98B340F6C81131205E
:106D1000FAF730F9252B16D1B4F83C22B4F88030BC
:106D20009B1A1A040FD484F88750FFF7D9F901464B
:106D300030B984F8240102B0BDE87040FFF7F4BB1D
:106D400084F82451DAE794F8863003F0FD03252B0C
:106D5000D4D1B4F88030B4F83C229B1A1B04CDD4B3
:106D6000002384F88630FFF7BBF901460028C5D11F
:106D7000E1E70B4B0B49009303C90B4B0B4AFBF7A5
:106D800033F894F88730113B0B2B04D802B0BDE8E0
:106D90007040FBF721B802B070BD00BF0022002098
:106DA0002965000004220020ED5E0000255F000040
:106DB000D0F844328269934210B5044604D1D0F829
:106DC0004812026A914215D02288A4F88A2140F222
:106DD000E242B3FBF2F3A4F88C31B4F84832A4F8E1
:106DE0008E31B4F84A320949A4F8903104F5C070E4
:106DF00007F0A6F802212046FCF74AFD002384F89C
:106E00008730032384F88A3010BD00BFD9E2000028
:106E100008B5FDF783F9024B024A1A6008BD00BFAE
:106E200074130020E15F0000064BD3F8000138B175
:106E3000D3F8040120B1D3F80801B0FA80F040097A
:106E4000704700BF00F00040034B00221A705A70D8
:106E500010229A70704700BF1B22002070B50646B2
:106E6000022014460D4600F0ADF9064B01221A70BF
:106E7000054B033CC3F81045C3F80865C3F8045537
:106E800070BD00BF1B22002000F0004008B50220AA
:106E900000F098F9084B01221A70084B0022C3F841
:106EA0000021C3F80421C3F8082103F580334FF40F
:106EB0000002C3F8042508BD1B22002000F000409A
:106EC0000E4A08B5137883B10D4B4FF40001C3F897
:106ED0000815FFF7A9FF68B101235370094BD3F8D8
:106EE0000034DBB2937000231370BDE8084000202B
:106EF00000F068B950701023F4E700BF1B22002097
:106F000000F0014000F00040094B1A7862B1094BD3
:106F1000D3F8002152B1D3F8040140B1D3F80801ED
:106F2000B0FA80F0400970475878704702207047E7
:106F30001B22002000F0004008B5074B1A783AB138
:106F4000FFF772FF30B1054BD3F80004C0B208BDA3
:106F50009878FCE71020FAE71B22002000F00040A0
:106F6000024B00221A705A709A7070471E2200203D
:106F70002DE9F041044601201E460F46904600F0E0
:106F800021F904F0030040EA0643184D18482E7119
:106F900043F08073C0F80435164BC0F808751B68C1
:106FA000062B07D001331EBFD0F8183568F307034E
:106FB000C0F81835104B114AC3F8082514F0FB0F20
:106FC00001BF0F4AC3F89825FC3AC3F89C2501225B
:106FD000022C6A70EC7007D8054B2A700021C3F8A8
:106FE0000011C3F800121A60BDE8F0811E220020D3
:106FF00000F000408024002000F001400000020268
:1070000000F1004070B5194C637823B94FF4077153
:107010003C20F9F7AFFF164BC3F80C15C3F8100569
:10702000E5780122A270C5B924780CB9E321EFE715
:10703000104CC3F804514FF40035C4F80455D3F88C
:10704000006116B15A60C4F808550B7803704B788C
:10705000043343708B78837070BD00212270C3F8B5
:107060000411C3F800221A60F6E700BF1E220020B8
:1070700000F0004000F001400E4A08B5537823B9F3
:107080004FF412713C20F9F775FF0B4BC3F80C1548
:107090000121C3F810059170127812B940F20F1156
:1070A000F0E70022C3F80421044B4FF00072C3F84C
:1070B000042508BD1E22002000F0004000F0014021
:1070C000084B1A784AB10849084AC1F80825002235
:1070D000C1F89825C1F89C251A7000225A709A7040
:1070E000704700BF1E22002000F001400000020295
:1070F000194B1B7870B523B940F28A213C20F9F76F
:1071000039FF164CD4F80431BBB90223C4F8043358
:10711000134B144E1D691A6942F0100205F0100558
:107120001A61D4F804317BB125B90D4A136923F0F3
:10713000100313610223C4F80833084BD3F800048A
:10714000003818BF012070BD4FF40043C6F88031ED
:1071500008F09FFAE5E700BF1E22002000F0004083
:1071600000ED00E000E100E0014B01229A60704771
:1071700000F0004008B50A4BD3F80025032A04BFED
:1071800001229A600022C3F80025C3F80025FFF70A
:1071900097FF044B4FF40002C3F8082508BD00BF59
:1071A00000F0004000F00140054B4FF40042C3F8EE
:1071B0008020BFF34F8FBFF36F8FFFF7DBBF00BFA0
:1071C00000E100E010B50446FFF7D4FF012C06D023
:1071D000022C0CD054B18C213D20F9F7CBFE0B4B87
:1071E0000222C3F800250A4AC3F8142510BD074B34
:1071F0000322C3F80025064AC3F8142503F580339B
:107200004FF40002C3F80425F0E700BF00F000408F
:1072100023220020044B1868062818BFB0F1FF3F56
:107220000CBF0120002070478024002008B5FFF724
:10723000F1FF38B1044B1868063810F1080F94BFFD
:107240000020012008BD00BF8424002008B5FFF7FE
:10725000E1FF38B1044B1868063810F1080F8CBFF5
:107260000020012008BD00BF84240020064B00221E
:10727000C3F80021C3F80C21C3F81021C3F804217E
:10728000C3F80821704700BF00100040024B0022E5
:107290001A809A701A7170473023002038B5144D47
:1072A00095F83D200346084622B940F6B2113E202B
:1072B000F9F760FE6BB9012AAC6B95F83C1005D16B
:1072C00000F082FE20442B6BC01A38BD08F015F880
:1072D000F8E7012B0AD1012AAC6B95F83C1002D1DA
:1072E00000F064FEEEE708F013F8EBE70020EAE7B1
:1072F0003023002008B5094B012883F82400084BEF
:1073000006D0022808D040F6E2613E20F9F732FEAE
:107310000322C3F8102508BD0422FAE73023002019
:107320000010004008B5144B93F84A30D90720D517
:107330009A070ED5114BD3F8002242F00102C3F890
:107340000022D3F8500500F0F600023818BF0120E3
:1073500008BD5B070DD50A4B0A4AC3F8AC25A3F557
:10736000B833D3F8403123B140F28A713E20F9F7A7
:1073700001FE0120ECE700BF302300200010004098
:1073800000F001400810004008B570B9104B2831DA
:10739000D96018460F4900F0BFFE0130012816D908
:1073A00040F66D013E20F9F7E5FD01280CD1084BB0
:1073B0002931D9601846074900F0B4FE0130012890
:1073C00005D940F67701EDE740F67B01EAE708BD15
:1073D000E810002078C3020008B50C4B9B78012B05
:1073E00009D100F0A5FE013001280ED940F6042194
:1073F0003E20F9F7BFFD022B07D100F09FFE0130C0
:10740000012802D940F60A21F2E708BD3023002006
:10741000094B0A4A1B8DB3F5166F3ABFA3F6381312
:1074200043F48073A3F5166300F07F00C2F80835BB
:10743000C2F85405704700BF302300200010004000
:1074400037B50D460446FFF755FF2846FFF7E0FF26
:107450001B4A01AB92F925202946204600F0F6FD93
:107460009DF8050000F070FE20B140F255713E20FD
:10747000F9F780FD9DF9040000F090FD114A40F2FB
:107480000313C2F8343540F25B63C2F83835FFF7B6
:10749000CDFE90B14FF08053D2F88825D3F8203339
:1074A000022C22F4FE420CBFC3F30663C3F306238F
:1074B00042EA0323034AC2F8883503B030BD00BF57
:1074C000302300200010004010B50C46FFF712FFDB
:1074D0002046FFF79DFF0F4A0023C2F81C31D2F867
:1074E000003243F48873C2F8003240F20313C2F84A
:1074F000343540F25B63C2F83835FFF797FE40B988
:10750000FFF7A4FE28B9D2F8683543F4C023C2F8C7
:10751000683510BD00100040F8B5414C0D461646C8
:107520000746002847D10123A3702378012B2BD1D4
:107530003C4B33F812304FF47A7203F5FA73B3FB15
:10754000F2F3CD1A236B384A384E1D44384BC6F837
:107550004055C2F8A835236C43F4002323644FF44C
:107560000023C2F804352378002B47D194F84A3021
:1075700043F0020384F84A30FFF7D4FE04460028A3
:1075800043D100242046F8BD104694F82610FFF79A
:1075900057FF284B33F816304FF47A7203F5FA731D
:1075A000B3FBF2F3ED1A2378002BCBD11E4B224A0A
:1075B000C3F8AC25C6E701281BD10223A3702378AA
:1075C000012B0AD11C4B0022C3F81C21D3F8002246
:1075D00042F48872C3F80022B4E794F826101046EB
:1075E000FFF772FF2378293D002BABD10E4B134AD6
:1075F000DEE74FF413613E20F9F7BCFC012BBBD151
:1076000094F84A3043F00403B4E70123F364D6F856
:107610004C35AB42B5DA29463846FFF7B5FEB1E73F
:1076200030230020F6C3020000F00140008000403B
:1076300040810040F0C302000010004004100040F0
:1076400008B560221148002104F01CFCFFF71EFE63
:107650000F4B1B6823F004020A2A05D0102B03D01D
:10766000082B0ED1402200E024220A48FF2104F01A
:1076700009FC4FF080430022C3F8082EC3F8102EF7
:1076800008BD0D2BEED03822EFE700BF30230020DD
:1076900080240020000E0040024B0344187E00F5B9
:1076A0001660704778C30200014B93F83C007047A6
:1076B00030230020024B986B1B6BC01A704700BF31
:1076C000302300200A4B93F83C20D3E90C30C01A39
:1076D000084B03EB82031B6CC01A074B53F8223094
:1076E0004FF47A7203F2F313B3FBF2F3C01A70474C
:1076F0003023002078C30200E4C3020008B50F4A1B
:1077000092F83C10012906D0022914D040F2C6217B
:107710003E20F9F72FFC40F6B830D2E90C239B1A33
:10772000074A02EB8102126C9B1A4FF47A72B0FB8B
:10773000F2F0184408BD4FF4FA60EEE73023002061
:1077400078C30200FF2808B504D940F2E5213E20A5
:10775000F9F710FC124B0129A3F8480004D00229C4
:1077600019D040F24131F2E700230E4A43F480136E
:1077700040F0007043F4847340F44030C2F8143594
:10778000C2F81805D2F8503503F0F703032B05D1E2
:107790004FF45671DBE74FF08073E6E708BD00BF9A
:1077A000302300200010004008B5FFF73FFD50B126
:1077B000054AD2F8743723F0807323F0010343F0B5
:1077C0008073C2F8743708BD001000403D4B0222A0
:1077D00070B5C3F88020BFF34F8FBFF36F8F3A4A65
:1077E0000023C2F8FC3F0123C2F8FC3FFFF72EFD47
:1077F00028B1D2F83C3743F48063C2F83C37FFF736
:1078000009FD58B1D2F83C3723F0004323F0FF03C1
:1078100043F0004343F09603C2F83C37FFF706FD00
:10782000294C38B1D4F8403723F47F4343F4B053A4
:10783000C4F84037254BC4F8783700F097FC38B1CE
:107840004FF08053D3F830335A1C18BFC4F84C376C
:107850004FF010231C4C1A6E1D4D531C1EBFD4F844
:107860008C3562F31743C4F88C350123C4F83035E6
:1078700085F824300323C4F8103540F20123C4F8FE
:1078800050360226134BC4F80062187C00F074FCDA
:10789000114B124AC3F804250023AB87AB6385F86C
:1078A0004A3002F083FA074B28631022C3F8806144
:1078B000C4F804231E602B6E03B19847BDE87040E6
:1078C00000F01EBC00E100E0001000402C00008928
:1078D00030230020E810002000F001400000020CDE
:1078E000014B83F82500704730230020034B020E24
:1078F0000002C3F82425C3F81C057047001000409F
:10790000044B054A034482F826001B7E03F51663E8
:107910001385704778C302003023002010B5044659
:107920000068FFF7E3FF094B6268C3F83C25207A43
:10793000FFF7E6FF617A6089FFF704FF607AFFF7DF
:10794000D9FC034B227B83F8252010BD001000409A
:1079500030230020F8B5294C94F84A30DA0706465F
:107960000F4604D440F6BE013E20F9F703FB244D38
:10797000D5F8002243F0020342F00102C5F80022CC
:1079800084F84A3020BB012394F82610A3703846AF
:10799000FFF756FDA378012B02D040F6CA01E3E7BA
:1079A000184AD3642B60174BD3F84C553046294600
:1079B000FFF7EAFC236BED1AEEB9134B33F81730DF
:1079C0004FF47A7203F5FA73B3FBF2F35819F8BD6A
:1079D0000128E8D1022394F82610A3703846FFF757
:1079E00073FDA378022B02D040F6D201BCE7054B11
:1079F000DE646E60D7E705F12900E8E73023002058
:107A00000010004000800040F0C3020008B5FFF7FE
:107A100083FD58B9064BC3F84005A3F5E0430122A6
:107A20001A610220BDE80840FCF726BA08BD00BF75
:107A30000080004037B5244B2449D3F80443022288
:107A40004FF0FF30C3F80803C1F880212049C3F884
:107A50000022002281F84A201E49C1F8402501F584
:107A6000B8314FF46025C1F80855D3F85015C9B2A4
:107A700004F01004D1B18DF80700C3F810210122E1
:107A80001A619DF8072012B1D3F810213AB19DF880
:107A900007305BB940F6F2113E20F9F76BFA9DF81A
:107AA0000720013AD2B28DF80720EAE7FFF794FCED
:107AB00005490023C1F81031FFF7E8FB14B110238A
:107AC000C1F8043303B030BD0010004000E100E015
:107AD000302300200080004038B51B4D0024C5F83D
:107AE0004845C5F84445C5F84045C5F84C45FFF73D
:107AF000A1FF00F00BFB154B15491A6C1C6442F0FA
:107B0000446242F40032C1F80825C3E90D441C77F1
:107B1000104BC5F848450222C5F84445C5F8404514
:107B2000C5F84C45C5F84841C5F84441C5F8404141
:107B3000C5F84C41C3F88020BFF34F8FBFF36F8F60
:107B4000C3F8802138BD00BF0080004030230020F2
:107B500000F0014000E100E0014BC3F83C05704734
:107B60000010004010B50FC8014C84E80F0010BD94
:107B70009423002008B50B4BC3F804050A4B93F877
:107B80004A20586442F0010283F84A20FFF7CAFBFA
:107B900030B9FFF74FFFBDE808400320FCF76CB990
:107BA00008BD00BF0010004030230020154B1A6BA9
:107BB00010449A6B824210B504D340F6A8213E20AF
:107BC000F9F7D8F9104A1862012119775164D2F8EF
:107BD00044450534844205D30C4BD3F8042102B943
:107BE000196110BD0021C2F84411C2F844051A6C95
:107BF00042F480021A64064B4FF48002C3F8042555
:107C0000EFE700BF3023002000800040001000405C
:107C100000F0014010B50E4C034694F83D0094F876
:107C20003C100222012822774FF0960094F824207D
:107C30000BD100F0D5F9074A20620023C2F8443185
:107C4000A36B0344C2F8443510BD00F0E3F9F2E73A
:107C50003023002000800040044BC3F86005D3F8B7
:107C6000002242F04002C3F800227047001000409A
:107C7000054BD3F8002222F04002C3F80022002274
:107C8000C3F86025704700BF001000400A4A014653
:107C9000D2F81C0182B068B1D2F8483503F07F03F6
:107CA0005B420B700023C2F81C31D2F81C310193E7
:107CB000019B012002B07047001000400022044BDD
:107CC00090421A7014BF02220122D9705A70704774
:107CD00030230020054B0022C3F84025044AD2F887
:107CE0005035DBB20BB101231361704700800040B7
:107CF0000010004030B5044BD3E914459B6DC0E93A
:107D000000450B6030BD00BF302300202DE9F04757
:107D1000954D964C0123EB64D5F84C25236BB4F8B4
:107D20004870A2EB030802F047F8C4F85880C4E991
:107D30001401FFF751FB8E4B226CC3F8082500217C
:107D40008C4A2164D2F8003223F48E7323F00103AD
:107D5000C2F80032237F84F84A1023B1D5F84431A9
:107D60005B1A18BF0123A17801290AD1D2F80C515E
:107D7000002D43D17F4BD3F81031A3B145F010054E
:107D800011E0022938D17B4AD2F80C51D2F80024F4
:107D9000003D18BF01256D00D10758BF45F004050F
:107DA00033B345F00105FFF761FAEA06A37803D57E
:107DB000012B08BF45F020056B4A94F80190D2F8DA
:107DC0004815A163D2F8442584F83D3094F8243056
:107DD000626384F83C30B9F1000F11D1FFF756FA15
:107DE00084F81C90EE0740F1A280636E984763E030
:107DF00015F00B0FD7D1BDE70025BBE70825D2E76B
:107E000015F0110F0ED123792678B9F1010A18BFA8
:107E10004FF0010A012B67D0022B7AD02BB140F62C
:107E2000464169E0FFF706FEDCE796215046FFF782
:107E300035FA0146FFF72AFA012E74D1B9F1010F84
:107E400014BF252337239844884567D90220FCF7BF
:107E500013F8484B1E61A8076BD5FFF7E7F9E0B9A7
:107E6000FFF7F4F9C8B9434BD3F85034D90114D50E
:107E70001A0705D013F0F00F02D013F4706F0CD175
:107E80003C4AC3F304410129D2F8542405D1012A04
:107E900003D0C3F34253022BA7D9636C5B78BB4278
:107EA00088BF45F00405C5F3800080F00100A36E93
:107EB000314600F001009847A378022B12D1237FAE
:107EC00083B1022B284A43D1A36B216A0B44C2F829
:107ED0004435236C43F480032364254B4FF4800224
:107EE000C3F80425BDE8F0872348FFF717FD94F891
:107EF0003D3023B940F6B5013E20F9F73BF8012BA0
:107F000004D1FFF7FBFBA369C11893E7FFF7DAFB86
:107F1000F9E71948FFF702FDA1698BE7124B2670BC
:107F20000022C3F84021E2785046FFF76FFD00269B
:107F300091E715F0280F05F0200105D0B1FA81F185
:107F4000E36E49093046B6E7EB06B5D5236F4DE73A
:107F5000012B02D040F6A551CEE7236AA16B8B42DC
:107F6000B5D840F6A651C7E7008000403023002076
:107F700000F001400010004038230020024B03EBCA
:107F80008003186C704700BF78C30200024B03EBFC
:107F90008003D86C704700BF78C30200024BC0B2A8
:107FA000C3F80C05704700BF00100040054B33F8C4
:107FB000113002384FF47A7203F2E733B3FBF2F375
:107FC00018447047DCC30200044B4FF47A7233F854
:107FD0001130B3FBF2F3013318447047DCC30200E5
:107FE00038B51D460A4B33F8114003EB82030535C3
:107FF0009B681C4404F6B7344FF47A7303FB0044C7
:108000001046B4FBF3F4FFF7B9FF2544284438BD0C
:10801000DCC3020070B5064608461546FFF7B6FFFA
:10802000094B03EB85039C684FF47A7304F6B7346D
:1080300003FB0644241A2846B4FBF3F4FFF79EFF23
:108040000530204470BD00BFDCC302002DE9F04FB5
:10805000264C87B0074698460D46164602F0F2FBBE
:108060002378BB42814611D16378AB420ED194F99B
:108070000230B3420AD1E378834207D1A388A8F83B
:10808000003094F9060007B0BDE8F08F7B1EDBB22C
:10809000032B0DD8164A12F803A029460DF1170339
:1080A0003246504602F0D4FB38B14121A92002E00B
:1080B00040F2FE410620F8F75DFF039028469DF947
:1080C00017B0FFF7E9FA039A009203465246414679
:1080D000584600F03FF8B8F80030A071A380277030
:1080E0006570A67084F80390CBE700BF00110020F4
:1080F000FCC30200014B1B681B6818478813002053
:10810000014B1B685B68184788130020014B1B68F4
:108110009B68184788130020014B1B681B69184790
:1081200088130020014B1B685B69184788130020E7
:10813000014B1B689B69184788130020014B1B6883
:10814000DB69184788130020014B1B689B6A18479E
:108150008813002030B4044C9DF808502468029520
:10816000E468A44630BC604788130020014B1878AF
:10817000704700BFBC2A002010B500220C491346EE
:1081800040FA02F4E40744BFCA545C1C02F1010245
:1081900048BFE3B2042AF3D1054AFF24D118032BC8
:1081A00001D9107110BD013301F8014BDBB2F6E7C4
:1081B000C82A002008B5074801F0F6F9054800F084
:1081C00039F801F099FE01F07BFE00F0A1FC0120DE
:1081D00008BD00BFCC24002008B501F0C1F901F0B2
:1081E0002FFF01F00BFFBDE8084000F0ADBC00BF61
:1081F00002F01EB801F00ABA10B5EFF3108472B69F
:1082000001F004FA04B962B610BD00BF01F010BA63
:1082100002F0ECB802F082B902F094B902F0E2B9CF
:1082200002F0E6B902F0A6B808B52721032003F052
:1082300039FB00BF024B186000221A719A60704728
:10824000D424002070B582B01E4C2379012B11D0AC
:10825000DAB2022A0BD1A0680DF1070100F08CFC04
:108260000023A36023719DF8070002B070BD0120B8
:1082700002B070BDA0680DF1070100F073FCA568A5
:108280006B7DDB07ECD5AB7F042BE9D001F014FA52
:1082900006460028E4D001F015FA2A69B3682E6872
:1082A0006D68961945F1000500220A3342F100027B
:1082B0001B1842EB0102B342AA41D1D3A06800F0DF
:1082C0003FFDCDE7D4240020837F0BB10020704711
:1082D00010B50A684B688C68D1F80CC0C0F80CC0A7
:1082E0008460026043600A694B6943610124026152
:1082F0008477054B1A792AB998601C7101F078F9D6
:10830000204610BDFFF790FFD424002070B504462E
:1083100082B00D4601F0D0F9A37F012B17D02B6856
:108320006A68A9680646E868E060A1602360626048
:108330006A692B69626101222361A2770DF107014D
:10834000204600F00FFC2EB1012002B070BD0020CD
:1083500002B070BD024B0421186807F041F9F3E741
:10836000D424002070B5044682B00D4601F0A4F973
:10837000A37F012B1CD02B686A68A9680646E868B1
:10838000E060A160236062606A692B69626101221A
:108390002361A27720460DF1070100F0E3FB084CB2
:1083A0004EB12068062107F01BF9012002B070BD14
:1083B000002002B070BD2068042107F011F9F0E739
:1083C000D4240020024B0621186807F009B900BF29
:1083D000D424002010B5EFF3108472B601F06CF9CC
:1083E00038B1064B0621186807F0FAF804B962B6EE
:1083F00010BDC921032003F055FA00BFD42400208A
:1084000010B5084B1A7952B90446986002221A71C5
:1084100001F0EEF8A07FB0FA80F0400910BDFFF740
:1084200003FF00BFD424002038B5837FC3B10446C6
:1084300009E0A37F042B09D0A37F012B11D007F003
:1084400028F9A37F63B1A37F032BF2D1EFF310854B
:1084500072B6204600F0AEFB05B962B6A37F2BB919
:1084600038BD4FF48971032003F01CFA40F20D115E
:10847000032003F017FA00BF38B5194B1A7962BB15
:108480000446986002221A7101F0B2F8A37F5BB92A
:1084900038BDA37F032B0BD0A37F042B08D0A37F71
:1084A000012B15D007F0F5F8A37F002BF1D1EFE7F2
:1084B000EFF3108572B6204600F07CFB05B962B67A
:1084C000A37F002BE4D040F20D11032003F0EAF962
:1084D0004FF48971032003F0E5F9FFF7A5FE00BF13
:1084E000D424002010B582B00DF1070100F044FB48
:1084F000044601F0E1F810B1204602B010BD40F290
:108500002F11032003F0CEF970B50D46044601F09B
:10851000D9F8A4680346E41841F10006284633461A
:10852000224600F09FFBA04271EB06034FF00005CE
:108530000CD3001B6FF0010361EB0601834275EB66
:10854000010100D370BD4FF0FF3070BD284670BDF3
:10855000F8B504460E46EFF3108572B601F0B2F896
:10856000A468241841F1000730463B46224600F03B
:1085700079FBA04271EB07034FF000060ED3001BFE
:108580006FF0010361EB0701834276EB010102D337
:1085900005B962B6F8BD4FF0FF30F9E73046F7E7AE
:1085A0002DE9F04185680C46002349195B4113B160
:1085B0000020BDE8F0811746064601F083F82A182E
:1085C00041F100033846A51843F1000800F04AFBCA
:1085D000A84271EB0801EBD301F02AFE00F0E8FAA3
:1085E000B368377523440120B360BDE8F08100BF54
:1085F0002DE9F843EFF3108872B6846863184FF0E2
:1086000000035B4133B10020B8F1000F00D162B626
:10861000BDE8F88317460D46064601F053F82218C8
:1086200041F100033846AC1843F1000900F01AFB91
:10863000A04271EB0901E6D301F0FAFD00F0B8FAAF
:10864000B36837752B440120B360DDE7837F012BCE
:1086500001D00020704700F019BC00BFD0E9000134
:10866000704700BF0069704701F02CB810B5EFF3F8
:10867000108472B601F026F804B962B610BD00BFCE
:1086800080687047007D7047F8B50369002B4ED1B4
:10869000044601F0CDFD05460E4602F0DDFC78B340
:1086A000D4E90003643546F10006A84273EB0602E4
:1086B00023D3C4E90003EFF3108672B600F0FCFF89
:1086C000054698B100F0FEFFAB6800220B3342F183
:1086D00000021B1842EB0101D4E90002834271EB56
:1086E00002053CBF03461146C4E9003106B962B633
:1086F0002046BDE8F84000F04BBB28463346D8E79B
:1087000002F0C6FC074600F0F3FFB8422168626839
:1087100038BF3846963546F10006401946F1000349
:10872000884273EB02053CBF08461346C1E740F29E
:10873000D511032003F0B6F8F8B5254C00222260CD
:10874000EFF3108172B6636823606260A26009B9BA
:1087500062B623686BB300259A79032AA3F1180047
:1087600028D01F6877B3BA79042AA7F11803844682
:108770004FF000060FD1818B9A8B521A12049A691E
:1087800044BF0CF11806184642B19C46A2F11803EA
:108790009A7F042AEFD09B7F032B15D196B13368C3
:1087A0001B683360C3688577022198472368002BD4
:1087B000D2D1F8BD196853F80C2C9D7121600121AC
:1087C0009047F3E72760EDE763219F2003F06AF805
:1087D000E02400202DE9F84F3A4B4FF00008C2F892
:1087E0000080D3F80CE0BEF1000F5ED0AEF1180CA3
:1087F000E1469246D9F81850002D45D0DCF80040EB
:1088000055F8186CDCF8042055F8147CA64277EB78
:108810000203A5F1180E50D3844272EB01030BD270
:10882000DCF810301B1942F1000298421C4671EB33
:1088300002033CBF04460A46864277EB01030BD293
:1088400055F8083C9B1947F1000798421E4671EB0A
:1088500007033CBF06460F46DCF808300A3348F1F0
:10886000000B1B1942EB0B029E4277EB02020BD26C
:108870009CF8143015F8042C9A4209D00ED3F14616
:10888000D9F81850002DB9D1E6467046BDE8F88FEA
:10889000AB88BCF81C209B1A1B04F0D509F1180307
:1088A000CAF80030D9F8183013B97046BDE8F88F0F
:1088B000F446A3F1180EF146E2E7BF219F2002F033
:1088C000F1FF00BFE02400202DE9F043224EF468C0
:1088D0006CB30025A8460427AE46234653E906C2DA
:1088E000844572EB0109246823D253F8089C19EBE4
:1088F0000C0C42F1000284458A411AD2FDB12A686B
:1089000012682A609F71726883F800E083F801E0C2
:1089100083F802E083F803E07AB1B2681360B360D1
:108920004FF00108002CD8D1B8F1000F0DD1BDE8EF
:10893000F0831D46002CD0D1F6E77360EFE7F268B4
:10894000002ADFD01268F260DCE7044BBDE8F04398
:10895000187803F065B900BFE0240020D11300208F
:108960002DE9F04F684B0468D3F80C8085B00546BC
:1089700082838A464068B8F1000F00F0BA80002672
:10898000A8F11802B446D2E900366F7D9C4270EB24
:10899000060107F00107C1462AD3F7B192F814C0C7
:1089A000297D8C4519D89168C91846F1000311F149
:1089B0000A0843F1000E444570EB0E0657D22E69AB
:1089C000361940F1000CB0457EEB0C0B01D2464647
:1089D000F4468E427CEB030C4FD39369944673B1FB
:1089E000A3F11802D2E900369C4270EB0601D4D202
:1089F000C846002F00F085801346624602E0C84654
:108A0000002F57D0AE68361940F10009002B65D011
:108A1000CDE90082D3E9007116F10A0C49F1000298
:108A2000BC458A4158D31A7D95F814C0944519D392
:108A30009A68D21941F1000112F10A0841F1000EC1
:108A4000444570EB0E0751D22F693F1940F1000CDD
:108A5000B8457EEB0C0B01D24746F44697427CEBBF
:108A6000010C0AD39B69002B36D0183BD2E726466F
:108A700084468E427CEB030CAFD2234A0423AB77AF
:108A8000516800232B766B76AB76EB7605F11802F6
:108A90001D4B002933D09B681A601C4B1A4918786B
:108AA0008A6003F0BDF800258AF8005005B0BDE8E3
:108AB000F08F9369294641F8183F916103AA00217C
:108AC0000020FFF787FE2D1AB5FA85F56D098AF8A3
:108AD000005005B0BDE8F08FDDE90082002AE8D142
:108AE0002B46094A43F8188FD360E7E727468446A8
:108AF000B4E76B7DDB07F3D54246434682E75A6015
:108B0000CBE76246EAE700BFE0240020D113002053
:108B100010B50A4C2378FF2B0AD1094803F056F808
:108B2000084B20700022DA605A609A601A8210BDE9
:108B30004FF484719F2002F0B5FE00BFD1130020D6
:108B400039870000E024002010B5054C2078FF286C
:108B500000D110BD03F054F8FF23237010BD00BFF7
:108B6000D1130020034B1A8A02F1010CA3F810C0A4
:108B7000F6E600BFE024002030B583B004460D4681
:108B800001AA00210020FFF725FE0346E31AB3FAED
:108B900083F35B0905482B7004F1180106F046FDCC
:108BA00010B10023A377012003B030BDEC240020D6
:108BB0008AE600BF70B5154E7368054600F11801CE
:108BC000BBB17368002423B913E01A681C4682B154
:108BD00013469942F9D10CB1AA6922607268914298
:108BE00004BF1B687360B36899420AD00023AB7757
:108BF00070BD064806F01AFD0028F9D00023AB77B7
:108C0000F6E70023B460AB77F2E700BFE024002072
:108C100030B5054683B00C46FFF756FE01AA28463C
:108C20002146FFF7D7FD28B1054B00F118025A6124
:108C300003B030BD024B02465A6103B030BD00BFE5
:108C4000E024002010B5064C616904F10C0006F028
:108C5000EDFC18B1606900231838636110BD00BFD6
:108C6000E02400201C49C96839B3A1F1180C9CF814
:108C7000141081421DD870B5DCE9004112F10A05DB
:108C800043F1000EAC4271EB0E0620D2DCF810600E
:108C9000341941F10001AC4271EB0E0115D2DCF840
:108CA000181071B1A1F1180C9CF814108142F6D87B
:108CB000E2E7DCF818100029D7D14FF0FF30014669
:108CC00070474FF0FF30014670BD2C467146B4F13D
:108CD0000A0041F1FF3170BDE024002010B5837F10
:108CE000022B06D0837F012B02D0837F042B1DD162
:108CF00010BD437D13F0020313D103210E4A817787
:108D00005468037600F1180143768376C3765CB12C
:108D100093681960094B9160BDE81040187802F023
:108D20007FBF0023837710BD5160F3E74FF4FB71E1
:108D30009F2002F0B7FD00BFE0240020D1130020E7
:108D400070B5114D00F118060446314605F10C00CE
:108D500006F06CFC98B10423A3776A68002323769D
:108D60006376A376E37642B1AB681E60074BAE60D4
:108D70001878BDE8704002F053BF6E60F6E74FF41C
:108D800000719F2002F08EFDE0240020D11300200E
:108D90002DE9F04F066983B0002E70D1D0E900159F
:108DA0008368077DEFF3108472B6DFF8DCC0DCF86F
:108DB0000C20002A5CD013F10A0EBCF81080CDF80C
:108DC000048046F10006183AB046D2E9003611EBAD
:108DD0000E0A45EB08099A4579EB060C48D38B42FD
:108DE00076EB050C28D3D2F810C01CEB030C46F12F
:108DF000000BD4457BEB090B34BF4FF0010C4FF057
:108E0000000CBCF1000F13D092F814C0BC4526D062
:108E100034BF4FF0010C4FF0000CBCF1000F07D035
:108E200013F10A01936846F10005591845F1000550
:108E30009269EAB1183AC8E7D2F808A013F10A0C0F
:108E400046F100091AEB0C0C49F10009614575EB7C
:108E5000090934BF4FF0010C4FF0000CD1E7B2F814
:108E60001CC0DDF80490ACEB090CCCF3C03CD4E79B
:108E700004B962B6C0E9001503B0BDE8F08F40F256
:108E80001F219F2002F00EFDE024002070B5054652
:108E900082B00C4601AA00210020AE8BFFF79AFC9D
:108EA0000346EB1AB3FA83F35B0910488DF80330DD
:108EB00005F1180106F0BAFB98B10023AB77A44680
:108EC000BCE80F002C460FC49CE80300324684E83F
:108ED000030028460DF10301FFF742FD012002B017
:108EE00070BD40F24A219F2002F0DCFCEC240020FF
:108EF000024B0521186806F073BB00BFF824002060
:108F0000042970B512D00CD905292ED1194E7579C6
:108F100005F0FD05012D11D040F2BF11B02002F087
:108F2000C1FC0239012920D8002070BDFFF78AF961
:108F30000028F9D00F4B01221A71F5E70446B079E9
:108F40000028E9D1B3689847D6E90401B3690A4A11
:108F5000B571323841F1FF31C01841F1000101F023
:108F6000F1F8064B2360022070BD40F2C911B02019
:108F700002F098FCF8240020F18E0000E19200003D
:108F8000054BD86910B1C3680621184710B540F2E7
:108F90008D21B02002F086FCF82400202DE9F84352
:108FA0001646002B6AD0D3E90089804579EB01038E
:108FB0003CBF89468046474F04460D4640464946D9
:108FC000C7E9088901F08AFB3B8DB8EB040403F183
:108FD000640369EB05050022A342AA410FDBBB69CC
:108FE00003F5E1739C4275F1000519DA3A4A4046EF
:108FF000494601F0A7F8394B3360BDE8F883BA79E8
:109000007B791AB39A1E012A1AD9B9690022012B59
:1090100001F5E171BA7144D08C4275F10005E5DBD0
:1090200001F068FB02F012F8BB692B4AB8EB0300B1
:1090300069F1000101F086F8294B3360BDE8F8833F
:10904000BB68012098470023BB717B79BA69012B6B
:1090500002F5E172114624D0032BDDD1944275F163
:10906000000522DA388D1C4AB8EB000069F10001D6
:1090700001F068F81B4B3360BDE8F883154FBB79EE
:109080001BB17B79023B012B20D90023BB7101F07E
:1090900031FB01F0DBFF01F023FB134B3360BDE834
:1090A000F8838C4275F10005DCDB01F023FB01F055
:1090B000CDFF388DBB698342B7D2B8EB0000064ABA
:1090C00069F1000101F03EF8084B95E7BB6801200B
:1090D0009847DAE7F8240020F18E0000E1940000C0
:1090E00091930000F1900000319400006194000021
:1090F000042970B5044612D00CD9052931D11B4E74
:10910000757905F0FD05012D1DD04FF40D71B020CE
:1091100002F0C8FB0239012923D8002070BDFFF7F7
:1091200091F80028F9D001F071F801F081F80646B5
:109130000D46FFF76DFD2246034629463046FFF7F0
:109140002DFF022070BDB0790028DED1B3689847AA
:10915000D6E90801064AB57100F0F4FF054B23601B
:10916000EFE74FF40F71B02002F09CFBF8240020D1
:10917000F18E0000E194000002392DE9F04104294C
:109180002DD8DFE801F00309292C0C00164A537989
:10919000003B18BF012393710020BDE8F081044615
:1091A00000F09CFF01F044F80E460746FFF730FD43
:1091B0000D4D8046E869FFF791FD2246384631465D
:1091C0004346002400260027C5E90867EC61FFF745
:1091D000E5FE0220BDE8F081FFF734F8DCE740F25D
:1091E000EF11B02002F05EFBF82400202DE9F04FD3
:1091F000364E96F80690B56983B08046B9F1000FF7
:1092000032D1737903F0FD03012B3ED001F010F849
:10921000431941F1000204460F46184611460193D6
:109220000092FFF7F5FC00283BD0D0E900ABAA453F
:109230007BF10001DDE9002319D200200146C6E9D7
:109240000832234A00F07EFF5046594601F046FAA4
:10925000B9F1000F02D0338D9D421CD01D4BC8F8D0
:10926000003003B0BDE8F08F4FF00009CEE7BAEB55
:1092700005006BF10001844277EB01033CBF04461B
:109280000F46631947F10002D9E7328D954299469E
:1092900038BF1546BAE7104BC8F8003003B0BDE838
:1092A000F08FB3791BB17379023B012B09D90023ED
:1092B000B37101F015FA094BC8F8003003B0BDE8EE
:1092C000F08FB36801209847F1E700BFF824002031
:1092D000F18E000091930000619400003194000031
:1092E000023970B503294AD8DFE801F005022407E6
:1092F000254B00221A71002070BD044601F002FACD
:1093000008B3214D2E796EBBFFF79CFC50B3E8618A
:10931000C5E90B6600F0D6FEE86902238377314683
:10932000C3689847D5E90801FFF742FC174B236053
:10933000022070BDFEF786FF0028DCD0124B012210
:109340001A710020D8E700200021FFF761FC08B166
:10935000FFF7F6FC01F0CEF901F078FE2046FFF7AA
:1093600045FFE5E700F064FF06460D46FFF750FCB9
:109370002246034629463046FFF710FED8E740F262
:10938000A511B02002F08EFAF82400207991000097
:10939000042938B5044621D01BD905293BD1204DDD
:1093A00001F0A0F901F04CFE6B7903F0FD03012BF5
:1093B0001ED000F03DFFAB691A4A323B65EB050554
:1093C000181845EB010100F0BDFE174B2360022089
:1093D00038BD023901291ED8002038BDFEF732FF02
:1093E0000028F9D000F012FF2046FFF7FFFEEEE75D
:1093F000AB79002BDDD100F01BFF2A8DAB699B1AE6
:10940000C5E904011818074A41F1000100F09AFE6D
:10941000064B2360DBE740F26B11B02002F042FA0A
:10942000F8240020F18E0000E1920000018F00007E
:10943000032910B506D801290AD840F21711B02027
:1094400002F030FA0429F8D10446FEF7FBFE08B911
:10945000002010BD2046FFF7C9FE022010BD00BF4E
:10946000042970B5044612D00CD905292CD1194E07
:10947000757905F0FD05012D14D040F23311B020AF
:1094800002F010FA023901291ED8002070BDFEF743
:10949000D9FE0028F9D000F0B9FE2046FFF7A6FE5D
:1094A000022070BDB0790028E7D1B3689847B3694E
:1094B000306A716A084AB571C01A61F1000100F0A2
:1094C00041FE064B2360EBE740F23B11B02002F077
:1094D000E9F900BFF8240020F18E0000919300000C
:1094E000042970B504461FD019D905292FD1FFF7DB
:1094F000A9FBF8B1184D0026E861C5E90B6600F03C
:10950000E1FDE869022383773146C3689847D5E9CE
:109510000801FFF74DFB114B2360022070BD02399B
:10952000012914D8002070BDFEF78CFE0028F9D068
:1095300000F06CFE00F07CFE06460D46FFF768FB6F
:109540002246034629463046FFF728FDE5E740F26C
:109550001721B02002F0A6F9F8240020799100002C
:1095600010B5EFF3108472B60B4B0C4A1B681B68E6
:1095700093420DD00A4A93420AD00A4A934207D036
:1095800001F0B8F801F062FD01F0AAF800F03EFE2B
:1095900004B962B610BD00BFF82400203194000069
:1095A000619400009193000010B5054A054C0260DB
:1095B00000232060637101F06BFD3230A06110BDAB
:1095C00031940000F824002008B5074B074A1968B9
:1095D0000968914202D13230986108BD40F272218F
:1095E000B02002F05FF900BFF824002031940000A1
:1095F00010B5EFF3108472B6034B0421186805F020
:10960000EFFF04B962B610BDF824002008B5064B80
:10961000DB6923B1BDE80840044A00F093BD40F285
:109620009321B02002F03EF9F8240020818F000041
:1096300008B5064BDB691BB1BDE8084000F0E6BD8C
:1096400040F29921B02002F02DF900BFF82400204B
:1096500008B5054BDA690AB1D86208BD40F29F210E
:10966000B02002F01FF900BFF824002008B5054B18
:10967000DA690AB1186308BD40F2A521B02002F0F2
:1096800011F900BFF8240020044B1B6B03B11847ED
:1096900010B540F2AB21B02002F004F9F82400200C
:1096A000044BDB6A03B1184710B540F2B121B0207A
:1096B00002F0F8F8F8240020014BD869704700BF89
:1096C000F824002008B5054BDA6912B1D3E9080186
:1096D00008BD4FF42F71B02002F0E4F8F824002008
:1096E000024B323158719A6019857047F824002076
:1096F000044A537903F0FD03012B0CBF108D0020A9
:10970000704700BFF8240020054B1B681BB1D3E94C
:1097100008200521104710B57621452002F0C2F837
:1097200030250020054B1B681BB1D3E9082004211C
:10973000104710B57021452002F0B4F83025002004
:109740002DE9F0412A4E2B4A06F10803C31ADB101B
:1097500002FB03F305460F46DBB206EB43045A0057
:1097600094F80835C9B93368ABBBD6F84835B3BBF4
:1097700006F5A163134430601F48C6F84835FFF76B
:1097800067FF1E48FFF772FFD6F848355BB3FEF758
:109790006BFF94F8093580462BB9D5E90830394676
:1097A000BDE8F0411847FEF733FD18F12008A8EB9B
:1097B0000000C6F84C0500F08BFD0028FBD0104BD4
:1097C0000022C3F8A8253946C3F8AC25D5E90830EE
:1097D000BDE8F04118478E21452002F063F88F2143
:1097E000452002F05FF84FF4F671452002F05AF878
:1097F00030250020CDCCCCCC259700000997000067
:1098000000F00140FFF724BFFFF730BF044B0021F9
:10981000402203F5A1601960C3F8481502F032BB7D
:1098200030250020FEF7E4BC704700BF08B5084BA8
:109830001A684AB1002107481960C3F84815D0607A
:10984000BDE80840FEF7BEBDC121452002F02AF860
:1098500030250020419700001F280AD8064B03EB53
:10986000400393F8082522B1002283F8082501203F
:1098700070470020704700BF3025002070B50023DE
:10988000114C0D4602E00133202B19D004EB430CA0
:109890009CF8082502F0FF01002AF4D1DEB2FF2275
:1098A0008CF8082503EB830304EBC304C4E90A0521
:1098B0000648202200EBC30002F0E4FA304670BDF7
:1098C0001E46304670BD00BF3025002038250020E0
:1098D0001F2812D810B40A4B03EB400494F8084533
:1098E00044B100EB800003EBC003C3E90A1201207E
:1098F00010BC7047002010BC70470020704700BFAC
:109900003025002030B50A7887B00023CDE9003338
:10991000CDE90233CDE904330D460446002A3ED199
:10992000D1E90401203841F1FF316B7A9DF815200F
:109930000191C3F340035B0022F0030243F00103F3
:1099400013438DF815306B68174A297A8DF8141077
:1099500020330293154B039353680090C3F308031D
:109960008BB1103B5BB2002B13DB03F1604303F5BB
:10997000614393F800335B092BB969462046FEF733
:10998000C5FC07B030BD69462046FEF79DFC07B018
:1099900030BD03F00F031A44137D5B09ECE7FEF7BB
:1099A00027FC2B690493C0E700ED00E0419700001D
:1099B0001F285CD830B5044687B0344A02EB400219
:1099C00092F8083513B9002007B030BD4B7A0D4628
:1099D000C3F3800181F0010182F809150022CDE96D
:1099E0000022CDE90222CDE904222A78002A46D1BC
:1099F00028696969203841F1FF319DF815200191EE
:109A0000C3F340035B0022F0030243F0010313435E
:109A10008DF815306B681E4A297A8DF814102033A2
:109A200002931C4B039353680090C3F30803A3B144
:109A3000103B5BB2002B1CDB03F1604303F5614379
:109A400093F800335B0943B9134804EB8404694677
:109A500000EBC400FEF75AFCB6E70F4804EB8404A1
:109A6000694600EBC400FEF72FFC07B030BD0020B4
:109A7000704703F00F031A44137D5B09E3E7FEF719
:109A8000B7FB2B6904936B7AB7E700BF3025002042
:109A900000ED00E041970000382500200D4A536892
:109AA000C3F308036BB1103B5BB2002B0BDB03F17C
:109AB000604303F5614393F800335B090BB9FEF78C
:109AC00011BDFEF79DBC03F00F031A44137D5B0923
:109AD000F4E700BF00ED00E0124A5368C3F3080347
:109AE00093B1103B5BB2002B15DB03F1604303F530
:109AF000614393F800335B0933B90B4B00EB8000F3
:109B000003EBC000FEF7EEBC074B00EB800003EB5D
:109B1000C000FEF775BC03F00F031A44137D5B0908
:109B2000EAE700BF00ED00E03825002010B502781C
:109B300086B0FAB9D0E90431044640680592203B6A
:109B400000F1200041F1FF3100930290237A8DF85B
:109B500014306846CDE903220191FEF795FDDDE959
:109B6000003220334FF0010042F10002C4E9043218
:109B700006B010BD4FF4AA71452001F093FE00BF5E
:109B80000C4BD3F8483510B573B10446FEF76CFDA5
:109B900020344FF0000343F10003201843EB010190
:109BA000FEF728FB012010BD4FF4F671452001F0AF
:109BB00079FE00BF3025002008B54FF4BA7145206A
:109BC00001F070FE10B50B4C0A46D4F8481559B197
:109BD000034619462068FEF7E3FC08B9022010BDD1
:109BE000FEF714FB002010BD40F27911452001F072
:109BF00059FE00BF3025002010B51D4C6368C3F32B
:109C0000080386B053B3103B5BB2002B0A4628DB37
:109C100003F1604303F5614393F800335B09EBB94B
:109C20001169547A203900915169CDE90433C4F3A4
:109C300040045368127A8DF8142041F1FF310D4A27
:109C400001916400203344F001046946CDE90232F9
:109C50008DF81540FEF7FAFC06B010BD002006B0E6
:109C600010BD03F00F031C44237D5B09D7E700BF41
:109C700000ED00E0419700001F2805D8244B03EBBE
:109C8000400393F808350BB9002070470A46214974
:109C90004B68C3F30803002BF6D0103B5BB2002BDC
:109CA0002FDB03F1604303F5614393F800335B0955
:109CB000002BE9D110B5D2E9044186B0CDE90433D7
:109CC00092F809C0144B00EB8000203C03EBC0006D
:109CD000CCF3400C5368127A8DF8142041F1FF3117
:109CE0000E4A01914FEA4C0C4CF0010C20336946AE
:109CF000CDE9023200948DF815C0FEF7A7FC06B03E
:109D000010BD03F00F0319440B7D5B09D0E700BFC2
:109D10003025002000ED00E03825002041970000AC
:109D2000044BD3F8482512B11868FEF7ABBC0220EB
:109D3000704700BF30250020024B01461868FEF72F
:109D4000E3BB00BF30250020FEF76EBB1F2808B51F
:109D50000ED80C4B03EB400292F808256AB1083389
:109D600000EB800003EBC000BDE80840FEF75CBBE1
:109D700040F2E511452001F095FD4FF4F3714520C7
:109D800001F090FD3025002008B5074BD3F8483589
:109D90002BB1FEF769FC203041F1000108BD4FF402
:109DA000F671452001F07EFD30250020014BD3F8EF
:109DB0004C05704730250020FEF72EBA704700BFD3
:109DC000FEF728BAFEF72ABAFEF72ABA08B5FFF757
:109DD00087FC002008BD00BF00F0AABC10B50C78BD
:109DE00086B064BB0492D1E904320594203B164C42
:109DF000009342F1FF324B7A019200EB800E04EBAC
:109E000040020834C3F3400C04EBCE00C3F38003DC
:109E10004C68097A8DF8141083F001030B4982F81D
:109E2000093520344FF00002CDE902416CF34102C4
:109E300069468DF81520FEF747FA06B010BD40F2CE
:109E40003121452001F02EFD3025002041970000F2
:109E500070B4EFF3108672B617490D78ADB1174B99
:109E6000D3F80445D3F848314FF6FF7294421FD01F
:109E7000E3B147F6FE739C4218D84B68013306B92C
:109E800062B6C0E9004370BC70470C4AD2F8044582
:109E9000D2F8043153B14B6801334B60C2F804511E
:109EA000D2F80445D2F80431002BF4D14B68E6E730
:109EB000002BFBD11C46F9E7802A002000B00040AF
:109EC00010B50A4C002222742277094B094801215F
:109ED0005960C3F84025C3F840214FF400221961AE
:109EE000C0F8082501F0EAFE206210BD802A00209B
:109EF0000080004000F001403749384BF0B44D6A13
:109F0000374C002201204A6058609860C3F808432B
:109F1000C3F84843C3F80421C3F84021C3F84421DF
:109F2000C3F84821002D55D02E4C2F4EC4F8A865FB
:109F30002E4AC4F8AC55C4F85C394FF40023C4F879
:109F400004350523C2F840351060D2F84031002BAB
:109F5000FBD02448002301244FF40025C0F8085505
:109F60005460D460C2F84031C2F84035C0F8A8351A
:109F7000C0F8AC35C0F8AC350B7833B391F8284055
:109F8000184816491A4E1B4DE30003F1804303F5B0
:109F9000F8330122A2404FF6FF774FF48024C0F837
:109FA0000825C1F84443C1F84875C1F80443C3F813
:109FB0001065C3F81455C0F804250F4B4FF4006228
:109FC000C3F88021F0BC1A607047044B0222C3F82A
:109FD0000423F2E71860CFE7802A002000B0004099
:109FE0000200070000F00140408100400080004076
:109FF00048B1004008B0004000E100E00D4B0E4ABF
:10A0000030B4012000210D4C58604FF40025C3F8F6
:10A010004015C3F840114FF480711861C4F8085519
:10A02000C2F88011C2F88010BFF34F8FBFF36F8F5B
:10A0300030BC70470080004000E100E000F00140CB
:10A0400030B41B4A1B4C1C4D1C480023012163608B
:10A0500051609160C2F80853C2F84853C2F8043105
:10A06000C2F84031C2F84431C2F848312278C0F811
:10A07000A835C0F8AC3572B194F828209140D200D0
:10A0800002F1804202F5F832C2F81035C2F81435F8
:10A09000C0F8081523700A4B4FF40062C3F8802102
:10A0A000C3F88020BFF34F8FBFF36F8F30BC704772
:10A0B00000B00040802A00200200070000F00140AC
:10A0C00000E100E0044B4FF080411A6A0123C1F81F
:10A0D00008351360704700BF802A002010B4144C6C
:10A0E0001449154A0023C4F8A8350120C4F8AC353A
:10A0F0004FF0FF3448600861C1F808430F48916889
:10A100004FF48074C0F8804141B10D494FF4803064
:10A11000C1F808031374C1F840319360126A10BC8F
:10A120004FF080410023C1F808351360704700BF2D
:10A1300000F0014000800040802A002000E100E0A3
:10A1400000B0004070B52E4CA36888B0002B51D1F0
:10A150000DF10B03009304ABA26003AA01F040F8D9
:10A160009DF80B300F2B06D9DDE90432013342F1A3
:10A170000002CDE9043206A8FFF76AFE069B2678A6
:10A18000079800220533DDE9041542F10002B6B953
:10A190004FF08076E0FB0632994275EB020220D345
:10A1A0000B0E43EA052321F07F41164A4FF480301D
:10A1B000C2F84015E360C2F8040308B070BD4FF464
:10A1C0008036E0FB0632994275EB020209D30B0C94
:10A1D0004FF6FF7289B243EA0543002908BF1146D2
:10A1E000E3E7FF232374084B4FF40062C3F8002118
:10A1F00008B070BD40F26121052001F053FB00BFA3
:10A20000802A002000B0004000E100E0064B9A6880
:10A210004AB106494FF48032C1F8082300221A746B
:10A22000C1F840219A607047802A002000B00040A9
:10A2300038B5EFF3108572B621490C78BCB1214BCB
:10A24000D3F80405D3F848314FF6FF7290422ED070
:10A250005BB347F6FE73984227D84C680134CDB102
:10A2600000F07AFF184D0021E4FB050138BD154AC6
:10A27000D2F80405D2F8043153B14B6801334B6076
:10A28000C2F80441D2F80405D2F80431002BF4D10D
:10A290004C681DB962B60B78002BE1D10B4D00F074
:10A2A0005BFF0021E4FB050138BD4C68D7E7002BBC
:10A2B000FBD14C680DB92846ECE7034D1846EEE794
:10A2C000802A002000B0004080841E000080841E90
:10A2D00070B5EFF3108672B6224C217891B1224B03
:10A2E000D3F80405D3F848314FF6FF72904230D0CE
:10A2F0006BB347F6FE73984229D865680135A6B15D
:10A300001A4E17E0184AD2F80405D2F8043153B1B6
:10A31000636801336360C2F80411D2F80405D2F80F
:10A320000431002BF4D165681EB962B62378002B86
:10A33000E6D10F4E00F010FFD4E90C120023E5FB2C
:10A340000603884293412CBF0120002070BD656840
:10A35000D5E7002BFBD165680EB93046E5E7034E23
:10A360001846E7E7802A002000B0004080841E00E5
:10A370000080841E194B1A4810B5012200214FF4A9
:10A3800000245A60C3F84015C3F840111A61C0F8A0
:10A390000845D3F8040520F00300C3F80405D3F8FA
:10A3A000080540F003001021C3F8080591FAA1F157
:10A3B000B1FA81F109290CDC0A48C3F810154FF4F1
:10A3C0008074DA60C0F8804104605A60DA601A6014
:10A3D00010BD05484FF4737101F05AFA0080004037
:10A3E00000F0014000E100E0A0CF02002DE9F047BD
:10A3F000444D454E012100234FF4002284B0696092
:10A40000C5F84035C5F840312961C6F80825D5F8AA
:10A41000042522F00302C5F80425D5F8082542F0EA
:10A420000302C5F80825102292FAA2F2B2FA82F2CB
:10A43000092A62DCC5F81025344ADFF8D480E960C7
:10A440004FF48070C2F880011060324A6960E960A0
:10A45000C6F8A82598F80020C6F8AC5502A85AB34B
:10A46000019304E00123C6F808A56B60EB60FFF7D9
:10A47000EFFCDDE90243DDF804904FF4002A4FF4CD
:10A480008037C6F804A5E3FB0749FFF7E1FCDDE9E7
:10A4900002320199E2FB0731494508BFA342E1D1ED
:10A4A000601C49F1000100F065FE02460B46C8E958
:10A4B0000C2304B0BDE8F087019204E00123C6F844
:10A4C00008A56B60EB60FFF7C3FCDDE90243DDF834
:10A4D00004904FF4002A4FF08077C6F804A5E3FB00
:10A4E0000749FFF7B5FCDDE902320199E2FB0731CC
:10A4F000894508BF9C42E1D1D2E707484FF4737108
:10A5000001F0C6F90080004000F0014000E100E0E9
:10A51000802A002000B10040A0CF020010B5029CAC
:10A52000201841F10001801A61EB0301B0F1004FE6
:10A5300071F1000100DA10BD40F23131052001F067
:10A54000B1F900BF38B5EFF3108572B621490C7828
:10A55000BCB1214BD3F80405D3F848314FF6FF7254
:10A5600090422ED05BB347F6FE73984227D84C68D2
:10A570000134CDB100F0F0FD184D0021E4FB0501E0
:10A5800038BD154AD2F80405D2F8043153B14B68EE
:10A5900001334B60C2F80441D2F80405D2F804310B
:10A5A000002BF4D14C681DB962B60B78002BE1D1B9
:10A5B0000B4D00F0D1FD0021E4FB050138BD4C68D6
:10A5C000D7E7002BFBD14C680DB92846ECE7034DCB
:10A5D0001846EEE7802A002000B0004080841E006C
:10A5E0000080841E014B5861704700BF802A002004
:10A5F000F0B5304C636989B0002B55D0EFF310856E
:10A6000072B60DF10B03009303AA04AB00F0E8FD52
:10A610009DF80B300F2B06D9DDE90432013342F1EE
:10A620000002CDE9043206A8FFF712FC069B27784A
:10A63000079E05334FF00002DDE9041042F10002ED
:10A64000C7B94FF08077E6FB0732994270EB020200
:10A6500022D30B0E43EA002321F07F41164AA36167
:10A660004FF40033C2F84415C2F8043305B962B69A
:10A6700009B0F0BD4FF48037E6FB0732994270EB2A
:10A68000020209D30B0C4FF6FF7289B243EA004372
:10A69000002908BF1146E1E7FF232377074B4FF45A
:10A6A0000062C3F80021E1E740F24131052001F0EA
:10A6B000F9F800BF802A002000B0004000E100E06F
:10A6C000014B1878704700BF802A0020024B0122FE
:10A6D0001A7083F828007047802A0020704700BF56
:10A6E000704700BF024B0122C3F84423704700BFEC
:10A6F00000B00040024B0122C3F84823704700BF5E
:10A7000000B0004008B500F0A7FC30B9074A936BD1
:10A710000133312B936304D808BD044B00229A63A4
:10A7200008BD4FF46271052001F0BCF8802A0020BA
:10A73000014B5862704700BF802A002010B53F4C83
:10A74000237882B0002B55D03D4BD3F8042352031D
:10A750005BD43B4BE168D3F80423D00334D5D3F862
:10A760004031002B30D0636899425DD800232374B8
:10A77000334AA168C2F840314FF48030C2F8080370
:10A78000002955D0A36088472D4BA169D3F8042335
:10A79000920324D5D3F844310BB363688B423FD383
:10A7A00000222277264B6169C3F844214FF4003020
:10A7B000C3F8080300293BD08847214BD3F8403128
:10A7C0000193019B02B010BD6268237C002BCDD1A8
:10A7D0009142D9D91A4B0022C3F84021D4E76268CC
:10A7E000237F002BDCD18A42E7D2154B0022C3F82D
:10A7F0004421E2E7124AD2F804110029A9D0C2F894
:10A800000431636801336360A3E7D3F84821002A69
:10A810009FD00022C3F8482163680133636098E742
:10A82000237F002BE1D0BBE7237C002BD2D09DE718
:10A8300040F2CA31052001F035F800BF802A00201F
:10A8400000B00040014B187D704700BFA8230020D6
:10A85000042810B511D883B104280CBF1024282473
:10A86000A1420AD2064C54F8200018B141568A423F
:10A87000A8BF0A461A70002010BD6FF01500FBE754
:10A88000A823002030B50346114890F91C209A42B5
:10A8900019DD90F924209A4217DA9A1A846AA05C8A
:10A8A0000C4A15569D420DD00E32002918BF0130BA
:10A8B0009442C0B206D129B1013BDBB2012B01D8D1
:10A8C0000130C0B230BD0D20FCE70020FAE700BF28
:10A8D000A823002000C4020008B5054B93F91C30E2
:10A8E000984203DAFFF7CEFF024B1B56184608BD0D
:10A8F000A823002000C4020008B5184B93F82C20B0
:10A90000FAB9012283F82C20154A1268A2F1080036
:10A91000082803D813490141C90709D5911F0929FE
:10A9200010D9013212D04FF4DF71742000F0BAFF59
:10A930000D4A9A62D8221A6283F8242008229A616A
:10A940001A7708BD094A0A41D207ECD4084A9A622C
:10A95000D8221A6283F824200422F0E7A8230020DA
:10A9600080240020DEFEFFFF3BC40200EEFCFFFF60
:10A970000EC4020010F0FF0008B508D14FF080436C
:10A9800001225A60C3F80001034B187008BD8421EE
:10A99000B52000F087FF00BFD5230020014B012226
:10A9A0001A707047D523002008B548B94FF080438E
:10A9B000D3F8003113B9044B187808BD0120FCE727
:10A9C000D021B52000F06EFFD5230020044B18687D
:10A9D000062818BFB0F1FF3F0CBF012000207047D0
:10A9E0008024002008B5094B1A680A2A02D1084BB6
:10A9F0001B6823B1FFF7EAFF08B9082A04D14FF01A
:10AA000080430222C3F8342C08BD00BF80240020FC
:10AA100084240020F8B50F4E0127375404460D4614
:10AA200004F0CFFC60B934B94FF08043B770756063
:10AA3000C3F80473F8BD4FF494716D2000F032FF39
:10AA4000002DF7D01CB92046A8477460F2E740F209
:10AA50004311F2E7D8230020044B191800228A7012
:10AA600003EB80011A544A60704700BFD8230020CE
:10AA700010B5034CA08100F045FCE08110BD00BF83
:10AA8000D8230020014B188A704700BFD82300202C
:10AA9000014B9889704700BFD823002010B5EFF311
:10AAA000108472B6064B03449A7C0132D2B29A7477
:10AAB0009B7C012B01D104F078FC04B962B610BD77
:10AAC000D823002010B504F0A4FC04F07AFC4FF069
:10AAD0008044084940B1FFF785FF01232361042327
:10AAE0000B7500234B7510BD03230B750123C4F8B0
:10AAF0000433F6E7D823002010B5EFF3108472B6C4
:10AB0000094B03449A7C22B940F267216D2000F082
:10AB1000C9FE9A7C013AD2B29A749B7C0BB9FFF7BA
:10AB200029FF04B962B610BDD8230020024B187D5E
:10AB3000003818BF01207047D823002073B51B4D83
:10AB4000EB7D63B9686A00F0030004F052FC30B199
:10AB5000EFF3108372B62A7D1AB103B962B602B060
:10AB600070BD01222A7503B962B64FF080430822F6
:10AB7000C3F808234FF42073ADF80630BDF8064043
:10AB8000A4B2631E9BB2ADF80630002CF6D14FF094
:10AB900080460748C6F80C4104F05DFD85F8294061
:10ABA000FFF790FF0823C6F80433D8E7D823002026
:10ABB000002400202DE9F347484CA37D002B00F032
:10ABC0008A800323ADF804304FF08043D3F800515E
:10ABD000F5B9D3F80481B8F1000F09D04FF08043E4
:10ABE0000022C3F804210222C3F80823FFF7A6FFBE
:10ABF00094F829603A484FF08047F6B2D7F80C81B4
:10AC000004F02DFD48B340F253316D2000F04AFEB0
:10AC100000258DF804500122D3F80481C3F80823DD
:10AC20000DF10409271DA61C19F8010B03280AD0F1
:10AC3000337843B13B684FF0000A86F800A013B1A7
:10AC40009847C7F800A06B1C022B07F1040706F118
:10AC500001064FF00105E7D1BDE745B1237D032B88
:10AC600005D104232375FFF7BDFE01233B61B8F135
:10AC7000000F1FD04FF080430022C3F80C21237D2A
:10AC8000042B02D040F27931BFE7164B1A680A2A2A
:10AC900002D1154B1B6823B1FFF798FE08B9082AAB
:10ACA00004D14FF080430022C3F8342C02232375D3
:10ACB00004F0B2FB4EB1002384F82930237D022B2F
:10ACC00001D1FFF7FFFE04F0A7FB054802B0BDE885
:10ACD000F04704F0D3BC02B0BDE8F087D8230020D1
:10ACE00000240020802400208424002010B5054C7E
:10ACF000606A00F0030004F07CFB0028F8D000201C
:10AD000010BD00BFD8230020F8B5054650B1027829
:10AD1000042A07D8437842B9013B1F2B02D8837815
:10AD2000212B07D96FF0150076E0002BFAD183783C
:10AD3000002BF7D17B4B0127C3F88070BFF34F8FF7
:10AD4000BFF36F8F4FF08046C3F88071764C0B23B2
:10AD5000C6F808330023C6F80031C6F80431C6F837
:10AD60000C31A374E374AB88238204F02DFB08B18B
:10AD70002770A774D6F80C24D6F80C34D20303D568
:10AD8000DF0701D5FFF70AFE4FF4AF60FFF770FE53
:10AD90002B78A978E3750022626221766275042B14
:10ADA0004DD8DFE803F005033A484A000123636207
:10ADB00004F011FB00284DD004F014FB636A03F08B
:10ADC0000303984246D1AB79002B3DD1FFF78EFFAC
:10ADD000237E6BB12B785BB904F0F3FA054600F0E3
:10ADE000B9FE6FF00043002D00F09980C4E907031D
:10ADF0004FF08043D3F80C24D3F80C34D20303D59E
:10AE0000DB0701D5FFF7CAFD464A01230020207564
:10AE1000A375C2F880311360F8BD04F0FAFA4FF060
:10AE20008043D3F80C14D3F80C24CE03F9D5D00703
:10AE3000F7D50223BBE73D4BB9E73D4BB7E740F2FF
:10AE40002E516D2000F02EFD4FF080430222C3F8FA
:10AE50000423BDE74FF080430122DA600022C3F8EB
:10AE60000421626AC3F81825324A1368A3F10E015F
:10AE7000012904D90A2B02D0FFF7A8FD48B14FF0F1
:10AE800080534FF08041D3F84432C3F34233C1F8CA
:10AE90003C351368A3F10E02012A04D90A2B02D013
:10AEA000FFF794FD20B14FF080430122C3F84C25F9
:10AEB0004FF0804301229A600222C3F80423AA794A
:10AEC000002A85D1D3F80423910702D440F2E1414E
:10AED000B7E7194A1669116941F010011161D3F8F9
:10AEE000043106F010060BB904F0D5FB4FF0804793
:10AEF000D7F8043183B1FFF7F9FE26B90E4A13697A
:10AF000023F0100313614FF080430222C3F808239B
:10AF10000022C3F804215BE704F0BBFBE8E7C4E9C7
:10AF2000073065E700E100E0D823002001000200BF
:10AF3000010003008024002000ED00E010B50D4C5E
:10AF400004F1280004F08BFB48B9237D022B01D1CA
:10AF5000FFF7B8FDBDE81040074804F08FBB074A73
:10AF6000012384F82930BDE81040C2F8003104F014
:10AF700050BA00BFD82300200024002000E100E0E8
:10AF800038B50C4B0C46197919B18D216F2000F0A2
:10AF900089FC60B95D790DB1002038BD01225A717C
:10AFA000FFF77CFD21462846FFF734FDF4E76FF0FC
:10AFB0001500F2E70424002038B50B4D2B79044628
:10AFC0001BB1A4216F2000F06DFC50B96B790BB957
:10AFD000002038BDFFF740FD20466C71FFF78CFD67
:10AFE000F6E76FF01500F4E70424002010B501B374
:10AFF000F0B14FF0FF33104A1C46E0FB013494429D
:10B0000003D9E5216F2000F04DFC1A0D42EA04320D
:10B01000C3F30F10094B00EB02404FF22444B2FB84
:10B02000F4F103FB1100B0FBF4F040EA0140013001
:10B0300010BD0846FCE700BF3F420F00000024F4AB
:10B04000014B9B68184700BF04240020014BDB68BC
:10B05000184700BF04240020014B1B69184700BF9C
:10B0600004240020014B1B6A184700BF0424002061
:10B07000014BDB69184700BF04240020034B1A79F9
:10B080000AB9FFF7FFBC988D704700BF0424002069
:10B09000034B1A790AB9FFF7FBBC988A704700BFC7
:10B0A00004240020024B1B790BB9FFF747BD704702
:10B0B00004240020014B9B69184700BF0424002092
:10B0C00010B5144C2379A3B1636A9847002806DBB6
:10B0D00094F82E3023B1012384F83230002010BDC3
:10B0E000FFF7E8FF0028F6DA40F2A5116F2000F024
:10B0F000D9FB094BA361094BE361094B2362094B5F
:10B10000A360094BE360094B2361FFF7FDFD0028B5
:10B11000E1D0E4E704240020EDAC00003DAF0000E6
:10B120002DAB000013F4000019F400001FF4000020
:10B1300038B5084B1D79044625B140F2F9116F204E
:10B1400000F0B0FBFEF740FA2046FFF791FC2846DE
:10B1500038BD00BF0424002043F60952C0F30803A1
:10B1600002FB03F3400A03F5807302FB00F000EBDF
:10B170005320704710B5C0F34E22C0F30804000EF0
:10B1800040EA012043F60953090E03FB04F403FBD4
:10B1900002F24FEA401E4B01BEEB000E43EAD063C1
:10B1A00004F5807402EB542263EB01044FEA841C23
:10B1B0004FEA8E13B3EB0E034CEA9E6C6CEB040C5F
:10B1C0004FEACC0C4CEA537CDB001B1841EB0C0122
:10B1D000D803C903101841EA534141F1000110BDE1
:10B1E0002DE9F04180460C4617461E46FFF768FAE7
:10B1F000D0B13D4B9C426FD83C493D484FEA585234
:10B2000042EAC422A1FB0243C8F34F149B0B04EB98
:10B21000024400FB1344A1FB0414A40B44EA0344BE
:10B22000344B03FB148819E0334B9C4258D82F4908
:10B230002F484FEA587242EAC402A1FB0243C8F306
:10B240004F349B0B04EB024400FB1344A1FB04149A
:10B25000A40B44EA0344294B03FB148848F23762E9
:10B260004FEA583302FB03F31B0C43F60952244DFB
:10B2700002FB138101FB05F56D0D05FB02F205EBE9
:10B28000432502F574530833B1EB532F21D802F54F
:10B290008072A1EB5221C9B2069B1970FFF710FA18
:10B2A00058B123045D194FEA144444F10004C6E97F
:10B2B0000054C7F80080BDE8F08123065D194FEA0D
:10B2C000142444F10004C6E90054C7F80080BDE826
:10B2D000F08101350021DFE79D219B2000F0E2FA9B
:10B2E000A6219B2000F0DEFA7F841E0083DE1B4334
:10B2F000000024F480841E00FF7F841E0080841ED2
:10B300006F0C0100420B48F2376303FB02F2120C90
:10B3100043F6095C084B0CFB120101FB03F303F538
:10B3200086336E335B0D0CFB03FC5002B1EB5C2FDC
:10B3300088BF0130184470476F0C0100034610B3FA
:10B34000007888B91A79012A1ED85A79012A1BD89F
:10B350009A680E49643A8A4216D8D8680C4B9842CB
:10B360002CBF00200120704701280CD11A79012A36
:10B3700009D85A79012A06D8DA680449643A8A4217
:10B3800001D89868EAE70020704700BF3C860100BA
:10B390000040420FF8B5044620B94FF4DC716A2032
:10B3A00000F080FA90F82C50072900F2FF80DFE8C7
:10B3B00001F004B65D5D8D97A1A890F82A30033B9B
:10B3C000012B02D940F2C311E9E7052380F82A30A6
:10B3D000002380F82D3003789BB32378012B3DD1D7
:10B3E000FEF7D2FC94F8286063686362C4E9060142
:10B3F000BEBB734B0122DA60C3F84065C3F84061FD
:10B40000C3F84465C3F84461C3F84865C3F84861AC
:10B41000C3F84C65C3F84C616A4B4FF48072C3F8B3
:10B4200080213146204604F017F8236A3146284629
:10B4300098470146204600F0F1F8022840F0B98014
:10B44000F8BDFEF7EFF906460F46FEF79DFC1F36E6
:10B4500047F1000786428F41F3D3BEE7D4E90401E8
:10B46000C0E72046BDE8F84000F0AEB890F82A30BA
:10B47000DA1E012A02D940F2FB1190E790F8282049
:10B480002AB121462846BDE8F84003F0CBBF042B83
:10B4900014BF01230223022980F82A30036A0AD14B
:10B4A0000521284698470028CAD00378002BC7D02A
:10B4B0004FF4047173E70621284698470028BFD04F
:10B4C0000378002BBCD040F2152168E790F82A30B1
:10B4D000052B02D04FF4077161E7036A0221A6E74A
:10B4E00090F82A30052B02D040F2222157E7036A58
:10B4F00001219CE790F82A30052BB2D04FF40A7155
:10B500004DE790F82A30052B02D040F22D2146E776
:10B51000036A0A21284698474FF40C713FE790F8D8
:10B520002A30052B07D090F829200AB1032B02D02E
:10B530004FF40D7133E794F82820002AA1D194F834
:10B540002D3093B1022384F82A3084F82D20236A09
:10B5500008212846984700283FF472AF0378002B53
:10B560003FF46EAF4FF4107119E794F8292062B1DF
:10B5700094F82B0084F829302146FEF719FA0028A8
:10B580007FF45EAF40F2452109E7022384F82A30B8
:10B590000721236A2846984700283FF451AF0378D3
:10B5A000002B3FF44DAF4FF41371F8E640F25121F8
:10B5B000F5E60128236A0CBF0421032137E700BF09
:10B5C0000080004000E100E070B50446FEF72AF973
:10B5D000D4E90632656A503342F100025B1942F148
:10B5E000000205F5DF6540F2F966B5FBF6F55B197B
:10B5F00042F1000283428A4103D207212046FFF72D
:10B60000C9FE054C236813B1984700232360BDE8A9
:10B610007040FEF70BB900BF3824002070B5044617
:10B620000D4639B9012380F82D30FFF7CDFF0226F2
:10B63000304670BD0E78032E6AD801A353F826F069
:10B640002FB6000051B60000B3B600006FB6000080
:10B650004868C72801D80026EAE70421FEF7B2FAB5
:10B660000028F8D16968204603F0F6FEE0E790F87C
:10B670002860F6B94D682846FFF760FE002847D0DD
:10B680002B78C3B9012222702B79003B18BF01230C
:10B6900063726B79002B14BF042302232372AB68FF
:10B6A0006F336360EB682361032384F82A3084F8E6
:10B6B00029202046B9E794F82A30052B04D04FF40E
:10B6C000CF716A2000F0EEF826702B7994F82B00E9
:10B6D000003B18BF012363726B79002B14BF042356
:10B6E00002232372EB68A9686F336360D4E90632E2
:10B6F0005B1842EBE172C4E90432042384F82A3077
:10B700002146FEF755F90028D3D14FF4D071D8E780
:10B71000012384F82D30CCE72DE9F843884607460D
:10B7200088B300F035F84FF0000905465FFA89F656
:10B73000B54203D86FF00B00BDE8F883304600F047
:10B740002DF890F82A4009F10109002CEED130467D
:10B7500000F024F80546048580F82A4080F82C6023
:10B7600001460A48FEF78AF8202885F82B0002D106
:10B770006FF02200E0E701232F6285F82A3020468F
:10B7800088F80060D8E76FF01500D5E795B30000A2
:10B79000014B1879704700BF3C240020044B1A79F4
:10B7A000824283BF1B68302202FB003000207047BA
:10B7B0003C2400200A4610F0030110B50AD1074CC2
:10B7C0002271206008B9002010BD30235A4300F0D8
:10B7D00059FBF8E76FF00D00F6E700BF3C240020AE
:10B7E000BFF34F8F0549064BCA6802F4E06213436A
:10B7F000CB60BFF34F8F00BFFDE700BF00ED00E05F
:10B800000400FA05094B01225A604FF0FF32C3F8D9
:10B810000823074B4FF48042C3F88020BFF34F8FBB
:10B82000BFF36F8FC3F88021704700BF00E0004076
:10B8300000E100E0094B01225A604FF0FF32C3F8EB
:10B840000823074B4FF48052C3F88020BFF34F8F7B
:10B85000BFF36F8FC3F88021704700BF00C0004066
:10B8600000E100E0084B0022C3F8FC2F0122C3F8DE
:10B87000FC2F064B0222C3F88020BFF34F8FBFF38B
:10B880006F8FC3F8802170470010004000E100E096
:10B8900008B572B6024B5B6803B19847FFF7A0FF8B
:10B8A000442400201FB572B6134B5D6895B9FFF7AD
:10B8B00097FF2346B2FBF6F25C1C002AF9D104AED6
:10B8C000DCB256FA83F303F80C2C0A2234B901A82F
:10B8D000A847ECE7024600230A26EDE7631E04AE04
:10B8E000DCB256FA83F3B0FBF2F602FB16003030FE
:10B8F00003F80C0C3046E9E744240020F8B51F4E4D
:10B90000337805460C461746A3BB00F0CBF9FEF78B
:10B91000F3FF77603472FFF7A5FFFFF78BFFFFF7A8
:10B9200071FF174B002D14BF28461846FFF7C8FBC0
:10B930000546E8B9FDF76AFFFFF7B4FB03F0A3FD86
:10B94000FCF738FC18B9BE211120FFF7ABFF002C23
:10B950000CDB04F01F026409A40004F1604404F548
:10B96000614401239340C4F8803123600123337084
:10B970002846F8BD4FF0FF35FAE700BF4424002009
:10B980006CC40200074B93F90830002B09DB5A09FD
:10B99000012103F01F03994002F14003024A42F8DB
:10B9A000231070474424002000E100E0014B187888
:10B9B000704700BF442400202DE9F047DFF8CC9009
:10B9C000334C344D344F82B00246012699F8008042
:10B9D0005FFA88F8FF2389F80030B8F1000F01D032
:10B9E00089F80130EFF3108172B600236660C4F865
:10B9F0000031C4F80431C4F80425266039B962B6B0
:10BA000005E0D4F8043133B92B69DB0621D4D4F82E
:10BA10000031002BF5D0D4F80431002BE2D1B8F17D
:10BA2000000F13D199F80130DBB289F801800320AF
:10BA30004FF48041C4F80803C4F80481C4F80081BD
:10BA4000C7F8801189F80080002BBFD102B0BDE893
:10BA5000F0874FF48043C7F88031EFF3108A72B655
:10BA60000323C4F80433D4F8003113B9D4F80431F3
:10BA70001BB1BAF1000FCAD1C1E7019203F009FE70
:10BA8000019ABAF1000FC2D1B9E700BF50240020DB
:10BA900000E0004000ED00E000E100E070B5144679
:10BAA000DA078CB01D4686468C4633D5C36842689B
:10BAB0001BBA0093CB681BBA049383681BBA01932B
:10BAC00003681BBA03938B6812BA1BBA02920593E0
:10BAD0004A680B6812BA1BBA6E4606920793304644
:10BAE000FFF76AFFAB070DD5DDE90A10DDE9083283
:10BAF00000BA09BA12BA1BBA20606160A260E360A2
:10BB00000CB070BD08AD0FCD20606160A260E36035
:10BB10000CB070BDDEF80410DEF80820DEF80C3042
:10BB20000068EE46AEE80F00DCF80000DCF8041018
:10BB3000DCF80820DCF80C306E46AEE80F00CEE7EB
:10BB400010B5002482B0CDE90044FFF7A7FF02B092
:10BB500010BD00BF1A4B4FF4805270B5C3F880205F
:10BB6000BFF34F8FBFF36F8F164C174D0021C4F8F2
:10BB70000011C3F880212E692B6943F010032B615B
:10BB80000123C4F8043306F010062360D4F8003112
:10BB90009BB11EB92B6923F010032B610123D4F84C
:10BBA00008056360C4F808330023C4F80031044B6F
:10BBB0004FF48052C3F8802170BD03F06AFDE5E7C1
:10BBC00000E100E000C0004000ED00E00B4938B5A6
:10BBD000042301EBC302157905F0FF042DB1013BED
:10BBE000F7D240216920FFF75DFE41F833000121C3
:10BBF000547194711171D8B238BD00BF5424002023
:10BC0000042808B503D947216920FFF74BFE034BF1
:10BC100003EBC00300221A7108BD00BF54240020AA
:10BC2000042808B503D950216920FFF73BFE094BD2
:10BC300003EBC0000379012B01D05121F4E74379D4
:10BC400082790133DBB29A4218BF4371BDE80840E4
:10BC5000FFF798BE5424002038B5114D052495F8FF
:10BC6000281005EBC1031A79012A09D158799A796C
:10BC7000904205D05A79D2B29A7155F8313098472E
:10BC800095F828300133DBB2052B04F1FF3428BFCF
:10BC9000002314F0FF0485F82830E0D138BD00BF40
:10BCA000542400204FF08052034BD2F83011196019
:10BCB000D2F834215A60704780240020084B1B685A
:10BCC000083B082B0AD840F2211222FA03F313F0A2
:10BCD000010F044B044818BF1846704702487047CC
:10BCE0008024002000E701400C050040144B1B6835
:10BCF000062B03D0013301D020BF7047EFF3108033
:10BD000072B6104A1369116941F0100111610E49B0
:10BD1000D1F80021D1F804110A4303F0100300D038
:10BD200040BF20BF00BF00BF00BF00BF23B9054A0E
:10BD3000136923F01003136100B962B6704700BFA6
:10BD40008024002000ED00E000E100E0914270B5A9
:10BD50003FD2B2FA82F33BB1C3F1200420FA04F4DB
:10BD60009940214398409A40150CB1FBF5FC05FB26
:10BD70001C1E4FEA0E4E030C84B20EEB10401FFA4D
:10BD800082FE0CFB0EF6864206D9361A964294BF06
:10BD900001260226ACEB060C03EB01430CFB12332D
:10BDA000B3FBF5F005FB103304EB034400FB0EFE80
:10BDB000A6454FEA0C4C09D9AEEB040E964594BF4C
:10BDC0004FF0010E4FF0020EA0EB0E0040EA0C0007
:10BDD00070BD73219620FFF765FD00BF2DE9F84384
:10BDE0001C4652EA040349D0074615460E4684B95C
:10BDF000914204D2FFF7AAFF2146BDE8F88321460D
:10BE00003046FFF7A3FF04462A46384604FB156177
:10BE1000F0E74FF00108B4FA84F908FA09F3A3FB3C
:10BE2000021220FA08F003FB042240EAC67026FA48
:10BE300008F1FFF78BFFC9F11F0230FA02F34FF050
:10BE4000000C08D140461946AF42A6413CBF1846F7
:10BE50006146BDE8F8835A1E61466CEB0C0C05FB8D
:10BE60000CFE02FB04EE18461346A5FB0228BA1A84
:10BE70000EEB080766EB07061746E5E7A6219620B6
:10BE8000FFF710FD10F0030FC9B2034607D0BAB395
:10BE900003F8011B13F0030F02F1FF32F7D170B565
:10BEA000032A01EB012404EB04441ED9161FB50834
:10BEB000032E05F1010521D94FEA550E03EBCE0EF5
:10BEC0009C46CCE900440CF1080CF445F9D115F07E
:10BED000010F04D025F0010503EB85052C6026F049
:10BEE00003060433334402F0030232B1012A19700D
:10BEF00003D0022A597018BF997070BD1D46EDE736
:10BF0000704700BF844641EA000313F003037DD16C
:10BF1000403A51D3F0B4F0C9F0C0F0C9F0C0F0C954
:10BF2000F0C0F0C9F0C0403AF5D2F0BC44E0403A6D
:10BF300042D300BF51F8043B40F8043B51F8043BA6
:10BF400040F8043B51F8043B40F8043B51F8043BF3
:10BF500040F8043B51F8043B40F8043B51F8043BE3
:10BF600040F8043B51F8043B40F8043B51F8043BD3
:10BF700040F8043B51F8043B40F8043B51F8043BC3
:10BF800040F8043B51F8043B40F8043B51F8043BB3
:10BF900040F8043B51F8043B40F8043B51F8043BA3
:10BFA00040F8043B51F8043B40F8043B51F8043B93
:10BFB00040F8043B403ABDD2303211D351F8043B33
:10BFC00040F8043B51F8043B40F8043B51F8043B73
:10BFD00040F8043B51F8043B40F8043B103AEDD2E2
:10BFE0000C3205D351F8043B40F8043B043AF9D233
:10BFF000043208D0D2071CBF11F8013B00F8013B06
:10C0000001D30B8803806046704700BF082A14D311
:10C010008B078CD010F0030389D0C3F10403D21A2C
:10C02000DB071CBF11F8013B00F8013BFFF47FAFB9
:10C0300031F8023B20F8023B79E7043AD8D3013AC1
:10C0400011F8013B00F8013BF9D20B7803704B78F3
:10C0500043708B7883706046704700BF53B94AB90C
:10C06000002908BF00281CBF4FF0FF314FF0FF3000
:10C0700000F00CB8ADF1080C6DE904CE03F037FB0D
:10C08000DDF804E0DDE9022304B07047704700BF2B
:10C09000F6F758BE01F024BB01F025BB01F01DBB33
:10C0A0001FB5014601A800F006F801A801F005FF40
:10C0B00005B05DF804FB0B88C3F30B0383804B884A
:10C0C000C380002343724B78C3F30113012B03D0C9
:10C0D0009A1E534253415B00043103720160704762
:10C0E00010B58B880370437803F0F00343708A889F
:10C0F000C2F3032213434370CA888270CA8803F0D4
:10C10000CF03120A4370C2700A7A120102F03002A1
:10C11000134303F03F0343704A7A43EA82134370A8
:10C120000C4609680430814205D0E288FB2A28BF0A
:10C13000FB22FFF7E7FEE0880430C0B210BD70B507
:10C140000B78192B05460C4612D8CBB1013B182BA6
:10C1500016D8DFE803F01A2615999FA5ABB1B5B73D
:10C16000C7CD1515152ABBC1D1D7DDE3E9EFF50021
:10C17000822B4FF0FF0200F0E980832B00F0EA8071
:10C1800040F26721C720F4F7F5FE0C230B7008235B
:10C19000637066780236324621462846FFF7B2FEC3
:10C1A00049E01A230B700123F2E72920F5F7DCF8A8
:10C1B00030B13E232370222363702923A370E8E764
:10C1C0000A20F5F7D1F83E2305F1080204F1080131
:10C1D0002B7090B30A23AB70E378EB70A3882B71BC
:10C1E000A3881B0A6B71A379AB71E379EB71A36828
:10C1F000AB608B889380D4F80E30C5F80E30638A1C
:10C200006B8263696B61238B2B83638BAB76638B50
:10C210001B0AEB76A38B2B77A38B1B0A6B77E38B25
:10C22000AB77E38B1B0AEB7794F8203085F820304E
:10C230001F266E700236304670BD0123AB70E37866
:10C24000EB70A3882B71A3881B0A6B71A379AB7168
:10C25000E37903F00103EB71A368AB608B889380F3
:10C26000638BAB73638B1B0AEB73A38B2B74A38B56
:10C270001B0A6B74E38BAB74E38B1B0AEB7494F8AF
:10C2800020302B751326D4E73E230B7004234B700C
:10C29000142393E73E230B700C234B7004238DE78C
:10C2A0003E230B700A234B70032387E73E230B705A
:10C2B0000D234B70052381E705232370042367E7D3
:10C2C0000823FAE730230B70032361E73E230B704A
:10C2D0000B234B70072371E73E230B7006234B7033
:10C2E0000C236BE713230B708B789B0001334FE714
:10C2F00057230B7002234BE73E230B7006234B7032
:10C3000012235BE73E230B7009234B70132355E781
:10C310003E230B7005234B7020234FE73E230B7009
:10C3200009234B70212349E7FF230B700B234B702C
:10C33000A22343E7FF230B7005234B70A3233DE7A4
:10C34000FF230B700D234B70802337E70A700D22FB
:10C35000627033E70A700222FAE708B510B96FF08D
:10C36000150008BDFFF79CFE0028F8D00020F8E774
:10C3700010B50C4648B141B1F4F750FF00282070C9
:10C380000CBF6FF02200002010BD6FF01500FBE71E
:10C3900008B5F4F7C7FF002008BD00F034BE08B5AB
:10C3A000F4F7D2FF002008BD01F010B901F01EB96A
:10C3B000034602221A709A7090225A713D229A7195
:10C3C0006A22DA716FF00E021A726FF05A025A7214
:10C3D0006FF0520200209A7264225870D87018715F
:10C3E000DA72704700F05CBE70B5044602F02FFFB1
:10C3F000012805461AD1601C02F030FFB0B1A379C4
:10C4000063F03F03A3710020F6F722FFE61D38B169
:10C41000102200213046FFF735FD2570002070BD49
:10C42000304602F02EFF0028F2D0F6E70025F4E7B0
:10C4300010B5102204460021FFF724FD04F110037B
:10C44000102200211846FFF71DFD02F033FF0020E7
:10C45000F6F7FEFE20B1204602F013FF002010BDCB
:10C4600002F0F5FE0028F6D0F8E710B50446FFF715
:10C4700071FBB0F5007F09DA10F5007F08DD031EBF
:10C48000B8BF03339B102370002010BD7F23FAE751
:10C490006FF07E03F7E70120704701F008B90078DC
:10C4A000003818BF012000F002BFF6F737BC8178D2
:10C4B000008801F0C8B801F0E3B837B505460C466E
:10C4C00000880DF1060100F0F7FE2B882380BDF8EF
:10C4D0000630638003B030BDF6F728BC01F005B923
:10C4E00000F07FBD00F0D1BD08B5F4F735FF0020A6
:10C4F00008BDF6F731BA00F00CBF00F0E2BDF6F768
:10C500009DBB00F0AEBD01F000B800F0CABF01F065
:10C5100011B800F0E3BD00F0DCBE00F0ADBD00F0EE
:10C520006CBD03880B8001F036B803880B8001F0E6
:10C5300040B800F0FABDF6F763BAF6F749BA00F072
:10C54000E5BC00F006BD00F03ABD00F046BD00F0CD
:10C5500026BD00F01BBD00F016BE00F03FBEF6F792
:10C5600059BA00F079BE00F06BBD00F01CBE01F0BE
:10C57000A7B8F6F7FBB9F6F779BAF8B5941C0C44EE
:10C580006343B3F5004FA8BF4FF0FF330E4610F0E2
:10C590000301054617469CB203D0B0211420F4F7DE
:10C5A000E9FCB4F5004F01D9B121F7E714220430BA
:10C5B000FFF768FCEF746C802E80F8BD38B50388F7
:10C5C000C48805898B42C4F30E0203D2D121142002
:10C5D000F4F7D0FC84EA0503C3F30E030BB9AC42B5
:10C5E00006D102F118030122C1528274184438BDE9
:10C5F0001846FCE7023101444A43B2F5004FA8BF98
:10C600004FF0FF3290B21B3020F00300B0F5004F26
:10C6100034BF00B24FF0FF30704740881B3020F02D
:10C620000300B0F5004F34BF00B24FF0FF3080B2CE
:10C63000704738B503888B4203D2F7211420F4F7F2
:10C6400099FC857C65B1C388C3F30E031833C25AC5
:10C650008A4207D3C152811DF4F7AEFE00238374D2
:10C66000284638BD0025FBE70346F0B59E88DD88E7
:10C67000B4B2A54200F11800C6F30E0616D05F89C9
:10C68000DD7C845B3D4402353544E41B28440D8841
:10C69000A4B2A54288BF0C805989B1FA81F14FEA52
:10C6A000511188BF25461170DD81F0BD0025284657
:10C6B000FAE7F8B58288C389002604460D4692B28F
:10C6C0000E60CBB1C2F30E024189183287180B44B9
:10C6D000825A9BB29342438104D94FF4A271142031
:10C6E000F4F748FC04D1011DF4F766FE46812F6083
:10C6F0000023E3810120F8BD1846FCE78388028906
:10C700009BB29A42014602D00831F4F755BE7047F9
:10C710008388C0889BB2C31A5842584170478288A8
:10C7200073B5C48895B2AC42C2F30E0202F118028E
:10C7300012D04189C689835A314499420EDB0DF1EA
:10C740000601ADF80650F4F737FEBDF80600001BF1
:10C7500018BF012002B070BD0020FBE70120F9E7FF
:10C7600070B5C488068984EA0602C2F30E02034645
:10C77000C4F30E0518300AB9B4420FD19C891A8847
:10C780000CB1465B921B914207DCDA7C2C440232EE
:10C79000224410440A461A8270BD00221046FAE76D
:10C7A000F8B5038A002B38D08B4236D3C4888589EC
:10C7B00000F11803C4F30E041E1995B91D557570C8
:10C7C00085891E5B0D44ADB2314485811953D2B1C8
:10C7D000811DF4F7F1FD00238381002303820120F2
:10C7E000F8BD1E5BAE4204D04FF4F6711420F4F78E
:10C7F000C1FBC57C878A2644023535445E195F53E8
:10C80000857DB570DCE7C27C254402322A44991844
:10C810009B5A83828B788375DFE70020E0E783886B
:10C82000C2889BB29A4206D0428922B9C3F30E0352
:10C8300018331844704700207047C37C0233C8186F
:10C8400070470230704738B58388C2889BB29A42DD
:10C8500009D043893BB9C5893DB9011DF4F7ACFD49
:10C86000C581012038BD0020FCE71846FAE7002307
:10C8700083810382704703881380C388C3F30E0348
:10C88000183303440B60808970470368002223B982
:10C89000C0E90132031D0360704759681B680A44F0
:10C8A000F5E7072970B5034604D84FF4EC7115205D
:10C8B000F4F760FB0068C0B144681A688C42064611
:10C8C00010D0106860B901F10805AC420DD354686E
:10C8D00050501868651A541800686560505002E09E
:10C8E0001346E9E714681C60304670BD0023C1E9B7
:10C8F000003203680B600160704730B590B18478F6
:10C90000B1FBF4F304FB131300EB430252898A4298
:10C9100001D1D8B230BDC27822B900F10803D0B23B
:10C92000844201D8FF20F5E733F8025F8D4202F11F
:10C930000102F4D1EEE78278038805324B4303EB22
:10C9400042031844704737B50024CDE9004405463A
:10C950008DF806006846ADF80440F4F703FFBDF813
:10C96000044008B103B030BD29462046F4F7D6FE96
:10C970000028EFD040F215211720F4F7FBFA70B52C
:10C980000D4609211E46FFF735FE324604460921B1
:10C990002846FFF72FFE40EA04031B0454BF00198A
:10C9A0004FF0FF3070BD012303707047F8B50C469F
:10C9B00084F001046400054611461E46E4B2FF23DC
:10C9C000837003191B7D012B06D0631CDCB250FA67
:10C9D00083F31B7D012B0AD105EB44073B8B3A8C7B
:10C9E0009819904205DD2C4400233B8323750020D9
:10C9F000F8BD05EB8404324660681844FFF782FAFC
:10CA00003B8B1E443E830023AB700120F0E781F096
:10CA10000101490010B5C9B2FF23837043181C7D82
:10CA2000012C07D10C3120F8112002221A750023A5
:10CA3000837010BD0131CBB250FA81F10C7D012C15
:10CA400005D10C3320F8132002230B75EFE74FF4C8
:10CA50008C710920F4F78EFA30B50246837803F022
:10CA6000FF00F3B9137D022B19D0537D022B15D192
:10CA70000346012089B1D5180C3300242C7522F807
:10CA80001340131803241C7502EB80035B680B60D2
:10CA900000F10C0332F813308B80012030BD0123EC
:10CAA000E8E70020FAE730B50346827802F0FF009D
:10CAB000E2B99A7D022A17D0DC7D022C13D1032221
:10CAC00081B11D190C340020287523F81400981822
:10CAD0000324047503EB82000C32406833F81230F3
:10CAE00008608B80012030BD0324E9E70020FAE7CD
:10CAF000037D012B01D1008B7047437D012B0CBFBF
:10CB0000408B00207047837D012B01D1808B7047C3
:10CB1000C37D012B0CBFC08B00207047038B23B952
:10CB2000408B003818BF0120704701207047838B6D
:10CB300023B9C08B003818BF01207047012070470F
:10CB4000027D022A01D1008B7047437D022B01D167
:10CB5000408B7047032AF6D0032BF9D00020704792
:10CB6000827D022A01D1808B7047C37D022B01D1C7
:10CB7000C08B7047032AF6D0032BF9D000207047F2
:10CB8000F4F758BF2DE9F041044608460D4691F8E8
:10CB9000008001F046F90746284601F03EF90646B6
:10CBA000284601F042F908F003086B78E07084F839
:10CBB00000806770A670A3802046BDE8F081012840
:10CBC00008B506D0022806D040F29D410620F4F7B1
:10CBD000D1F9002008BD0120FCE7F4F777BF10B5BC
:10CBE000044638B1F6F754F924EA0000B0FA80F0B0
:10CBF000400910BD0120FCE707B50023CDE9003353
:10CC000001238DF806306846F4F7ACFD08B100202A
:10CC100004E0009801F0A8FF0028F4D003B05DF80C
:10CC200004FB1FB50022009240F6881303A9FBF70E
:10CC300091FA05B05DF804FB38B5054602F016F828
:10CC4000F0B1284601F090FF08B9002038BD284611
:10CC500001F05AFE0446284601F059FE054688B9FF
:10CC6000002CF2D02088F6F74FFA20882946F4F7F6
:10CC700055FD0028E9D041F6E3413920F4F77AF96F
:10CC80004220E3E70C20E1E72DE9F8430F46B0F836
:10CC90005A60B0F85C50804601F070FE02210446F4
:10CCA00000F007FF02218146204600F002FF4E45BA
:10CCB00028BF4E46B6B21B2E38BF1B26FB2E28BF00
:10CCC000FB26854228BF0546ADB21B2D38BF1B256C
:10CCD000FB2DB8F800303B8028BFFB25B4F5A47FBE
:10CCE00038BF4FF4A47440F648039C4228BF1C464A
:10CCF0007E80FD80BC803C81BDE8F8832DE9F04159
:10CD000086B0054601A9008800F08AFE0446002886
:10CD10006FD1029A92F84631D91E4B424B418DF8A1
:10CD20000230936F98064ABF9DF80230234683F085
:10CD300001038DF8033092F8D8309B0603D49DF898
:10CD40000330002B5BD0EB881B3B9BB2E02B58D809
:10CD50002989A1F5A4739BB244F24810834250D8AC
:10CD60006B881B3B9BB2E02B4BD8AA88A2F5A4731F
:10CD70009BB2834245D840F64807B94243D8BA42ED
:10CD800041D8029E4FF0FF0886F81B819DF80230C3
:10CD90009BBB03A93046FFF777FF6A88BDF81230C6
:10CDA000BDF81410E888934228BF1346A6F8203136
:10CDB000BDF80E30AA88B94228BF3946834228BF41
:10CDC0000346A6F81C31BDF810302889BB4228BFA5
:10CDD0003B46834228BF03468A42A6F81E311346CB
:10CDE00028BF0B46A6F8223186F81A81002386F860
:10CDF0001B31204606B0BDE8F0813A24F6E71A243C
:10CE0000F7E71224F5E71124F3E710B5FFF7F4FE76
:10CE100060B1F5F77FFC044602F000F840B9204607
:10CE200001F0F8FF80F00100C0B210BD0120FCE766
:10CE30000020FAE72DE9F04385B0064688460088D1
:10CE400002A900F0EDFD054640BB039C94F8593162
:10CE500003F0FF051BB1B8F1020518BF012594F8D6
:10CE60008730222B94F8D93043EAD3030CBF85F0E6
:10CE700001094FF00009DB0702D4B9F1000F3BD0E4
:10CE8000B77817B9F6F704F80746F078B0BBF5F7AE
:10CE9000FFFF3FB9B9F1000F29D10925284605B098
:10CEA000BDE8F0830028F5D0FF2384F825310DBBC1
:10CEB00094F8243103F0FF05E3B984F8270184F8DE
:10CEC000248184F82671B3788DF80430F3788DF8D6
:10CED00005303379727901A943EA02232046ADF87F
:10CEE000063000F008FE002384F82531D6E7002044
:10CEF0000746D9E73A25F6E71A25CFE7002FD3D121
:10CF0000C8E708B5F5F7A0FF002008BD10B5037805
:10CF1000012B044601D9122010BDFFF76DFE58B950
:10CF2000207810F0FD000DD104F11703E21D611C03
:10CF3000BDE81040F6F702BBF6F792FB0028EFD0F1
:10CF40000C20E9E7A37903F0C003C02BE3D1012053
:10CF5000EAE710B50378012B04460DD8FFF74CFE25
:10CF600060B9214611F8010B00F0FD00003818BF30
:10CF7000012000F032FD38B9122010BDF6F770FB29
:10CF80000028EED00C20F8E70020F6E708B500886E
:10CF9000F6F76CFB00280CBF3020002008BD38B528
:10CFA0000546FFF729FE044638B92878003818BF2F
:10CFB0000120F6F74FFB204638BD0C20FCE708B5F2
:10CFC000FFF71AFE18B9F6F735FB002008BDF6F793
:10CFD00047FB0028F7D00C20F8E708230370002057
:10CFE00070471022027041F25E03C2705922A0F80D
:10CFF00001308280C3800020704708B50821F4F713
:10D00000FFF8002008BD73B506460D460088694646
:10D0100000F006FD044688B9B3785BB9019B93F92B
:10D020007000A87033882B80F6F7B0FCA8702046FB
:10D0300002B070BD7F20FFF7F4FDF2E70224F6E7AF
:10D0400010B504466FF07F00FFF7EBFDF6F79EFC8E
:10D0500020707F20FFF7E5FDF6F798FC6070002058
:10D0600010BD10B50446F5F755FB01F0D0FEF6F7FC
:10D070008DFC2070002010BD08B50A46072300F182
:10D080001001FEF75DFD002008BD10B50146044605
:10D090000020F6F7C3F808B92060A080002010BD7A
:10D0A00010B50446F5F7CAFE28B900202146F6F768
:10D0B0009DF8002010BDFFF7A8FE0028F5D10C2038
:10D0C000F8E710B50446FFF7A0FE28B1012021467D
:10D0D000F6F78CF8002010BD0C20FCE7F7B50C46E5
:10D0E00005466946008800F09BFCA21C034690B9E7
:10D0F000019901F18F0781F8C330386810603879E1
:10D1000010712888208091F8C36006F0FF00002E7F
:10D11000F1D103B0F0BD0023C4F802300220137136
:10D1200023706370F5E7FFF7E9BD1FB5838844F20C
:10D130009022934217D840F64802934228BF1346E4
:10D140000288ADF804204088ADF80600ADF80A006A
:10D150000A8001A8ADF80830ADF80C30FFF7CEFD1D
:10D1600005B05DF804FB1220FAE737B50D466946B5
:10D1700000F056FC044618B901982946FFF784FDD3
:10D18000204603B030BD10B503466FF00404002004
:10D19000482108221C7058709970DA701C715871FF
:10D1A0009971DA7110BD10B50446FFF725FD78B905
:10D1B0002146E27911F8010B00F0FD00003818BF9C
:10D1C0000120F6F717FB80F001004000C0B210BD4F
:10D1D000F6F746FA0028EBD00C20F8E737B50546FD
:10D1E0000C460088694600F01BFCD8B9019B83F807
:10D1F0006A0093F86820012A06D0022A04D04FF46E
:10D2000061710620F3F7B6FEA27093F86920012A37
:10D2100001D0022AF3D1E27093F86A20002AE6D105
:10D220002B88238003B030BD10B58388022B0446C1
:10D2300010D8C078FFF7D3FC08B9112010BDA07832
:10D24000FFF7CDFC0028F8D020460121BDE81040B2
:10D25000FFF7F0BD1220F1E737B58378C178027986
:10D2600003F0010451EA040503F002031DD052EA61
:10D2700003051AD0002C18BF0021002B18BF002274
:10D280008DF80320037842788DF8021043EA0223D8
:10D29000ADF8003043798279684643EA0223ADF85D
:10D2A0000430FFF7C1FF03B030BD1120FBE708B524
:10D2B000F4F7B2FE002008BD13B50C46694600F035
:10D2C000AFFB20B9019BB3F880300133238002B05B
:10D2D00010BD07B50088694600F0A2FB38B99DF87B
:10D2E0000020019B012A05D093F82B216AB103B0DD
:10D2F0005DF804FB93F8DC21D2B293F8A81011B9C1
:10D3000012F0FB0FF0D10220F1E7FF2283F82B216E
:10D31000EDE710B50446F5F7B5FD2060616000202B
:10D3200010BD2DE9F3410546477800780121F4F757
:10D33000DFF9044600285ED001F059FDEE78864200
:10D3400028BF0646042FB6B22FD1002E39D1204671
:10D3500001F072FD6B78032B37D107F0FD08B8F1AF
:10D36000010F44D1204601F067FD00283CD1012F78
:10D3700008BF4FF00208216B42466846F4F7F2FA04
:10D380006A68206B33460121FFF710FB002834D078
:10D390006B78023B012B2CD8206BFFF7A9FB0121F6
:10D3A0000246206BFFF733FB23E0206BFFF7A0FB67
:10D3B000304480B21F2804D8FB1E012BC7D9002E91
:10D3C000C5D1122002B0BDE8F0810028F9D1042BAC
:10D3D000C3D1204601F0C8FB0028F2D0206BFFF734
:10D3E0009DFB0028B9D1ECE74FF00008C3E7042FFC
:10D3F000C6D10020E6E74220E4E70720E2E72DE976
:10D40000F3410746457890F8038000780121F4F74E
:10D410006FF9044600283CD001F000FD0028206B85
:10D4200008BF4FF00008FFF76EFB00EB0806B6B22E
:10D430001F2E30D8042D2ED0032D0CD1204601F004
:10D44000FBFC20BB012D14BF05220622216B684680
:10D45000F4F788FA08E0B8F1000F1CD0204601F07C
:10D4600083FBD0B9012DE9D07A68206B43460021B7
:10D47000FFF79CFA98B1023D012D04D8206B32468B
:10D480000021FFF7C4FA002002B0BDE8F0810422B9
:10D49000DCE74220F8E71220F6E70C20F4E707204B
:10D4A000F2E713B50446F5F735F94FF44073ADF8DC
:10D4B000003000238DF80230684614F8013B8DF8E7
:10D4C00003300194FFF79BFF02B010BD38B5012176
:10D4D00005460078F4F70CF90446A0B101F044FBCE
:10D4E00028B92046691C01F0D4FB002038BD204635
:10D4F00001F094FC08B10C20F8E7204601F08AFC0A
:10D500000028EED0F7E74220F0E713B50446F5F720
:10D5100001F914F8013B8DF803304FF44073ADF876
:10D520000030684600238DF802300194FFF7F9FEC1
:10D5300002B010BD73B50546F5F7ECF82B7804463C
:10D5400063B100230DF1010101208DF80030F5F7E2
:10D5500065FE18B16846FFF7B9FF88B90026204676
:10D560008DF8006001F05EFC2B788DF80360C0013F
:10D57000012BADF8010005D169462046F5F76AF99F
:10D5800002B070BD2BB9204602B0BDE87040FFF775
:10D5900053BB1220F4E710B5002104460088F4F7CD
:10D5A000A7F820B1A11CBDE8104001F007BE022081
:10D5B00010BD08B500880021F4F79AF820B1BDE845
:10D5C0000840002101F0FABD022008BD37B505462C
:10D5D0000C460088694600F023FA28B92B8823807E
:10D5E000019BB3F8B430638003B030BD37B5038816
:10D5F0000B80044698B2638813B9122003B030BD83
:10D60000694600F00DFA0028F8D16588019B42F2C6
:10D610001072A9B29C695143DA8D62431C8C04FBE1
:10D6200002229142E9D39A699C699442FBD100227B
:10D63000C3F8AC20621E0A44A3F8B450B2FBF4F263
:10D64000C3F8B020DAE710B50C460021F4F750F823
:10D6500090B1022C12D804F00102C4F3400480F807
:10D66000AD2180F8AC4112B190F8AA310BB900207D
:10D6700010BD01F093F9FAE70220F9E71220F7E76D
:10D6800010B504460078FF280AD00121F4F730F8DD
:10D6900058B16378A27843EA0223C384002010BD06
:10D6A000B4F80100F7F77EFEF8E74220F7E708B587
:10D6B0000078003818BF0120F7F740FD002008BDB2
:10D6C00010B50446F5F726F86178C1F3400201F081
:10D6D000010101F0C7FB002010BD0620F5F7C6BB15
:10D6E0000820F5F7C3BB01F093BD1220704710B5B9
:10D6F000044604B910BD236898476468F9E70368D5
:10D700000BB9016070471A465B6813B18A42FAD1BF
:10D7100070478A4218BF5160704708B50020FFF774
:10D7200012F9F4F7A9F8F5F7E3FCF4F729FB20B1B7
:10D7300040F221119320F3F71DFC08BD08B5F7F75F
:10D74000A5FCF8F711FA20B140F241119320F3F74C
:10D7500011FCBDE808400120FFF7F5B808B5FFF758
:10D76000EDFF01F013FD20B14FF4AB719320F3F7FF
:10D7700001FC08BDFDF782BC0B46122203F8032B07
:10D78000D0F80920C1F80320427B1A71704737B5E1
:10D7900004460D46F6F7BEF918B36FF4A873E01807
:10D7A00002210388ADF8003034F8ED3CADF80230CA
:10D7B000684634F8EB3CADF80430FFF73BFB18B19A
:10D7C0004221AE20F3F7D6FBADF800009DF8003003
:10D7D000002063F307009DF8013063F30F2003B0CE
:10D7E00030BD18232B70D4F80930C5F8033004235A
:10D7F000ADF80030EAE708B5436893F886201AB11F
:10D800008521AE20F3F7B6FB202283F8862008BDE1
:10D81000034610F0010007D19A0704D4C3F3800334
:10D820009B00D8B27047022070472DE9F84F074699
:10D83000104692461D46FFF7EBFF83460846FFF76A
:10D84000E7FF4BEA0006F6B2003E0A9C8846814696
:10D8500018BF0126F5F71CFB10EA0A0A18BFDA46C2
:10D86000F5F716FB97F8683010EA080118BF49462B
:10D87000534508BF4FF0000A84F800A097F86930BC
:10D880008B4208BF002161705AEA01010BD1B7F841
:10D890008030013DED1AADB247F6FD739D428CBF5D
:10D8A000002606F001063046BDE8F88F70B54468E2
:10D8B00094F88750A5F12003062B06464DD92E2D4E
:10D8C0004BD0002D47D194F88630252B45D00B79CD
:10D8D00013F0070335D04A7912F0070231D084F8EB
:10D8E000612084F8603094F8253113BB94F824311A
:10D8F000012B1ED094F8693094F86020D91E0129BC
:10D9000098BF04239A4222D194F86830DA1E012A83
:10D9100094F8612098BF04239A4218D10223B4F8E6
:10D92000642084F82431B4F86630A4F82621A4F8E1
:10D930002831222384F88730304600F013FC284633
:10D9400070BD3046C978BDE8704000F03DBC30463F
:10D95000F5F7E8FAEDE70125F1E72025EFE708B54F
:10D96000436893F88720222A05D022B140F2EA3199
:10D97000AE20F3F7FFFA232283F8872008BDF5F7DE
:10D98000B7BB704730B542401C7808785D7860407E
:10D990004C786C4020449D788C786C402044DD7835
:10D9A000CC786C4020441D790C795B7949796C40C6
:10D9B00020444B4018441044B0FA80F0400930BD78
:10D9C000024600200139C9B2FF2900D17047535CDB
:10D9D00083F001030344D8B2F4E708B5F5F744FC3B
:10D9E000082807D0F5F762FC082803D0F5F774FC87
:10D9F000012008BD0020FCE708B5F5F735FC082834
:10DA000003D0BDE80840F5F751BC08BD08B501F0EA
:10DA10000CFC18B1BDE80840F9F78EBA082008BD23
:10DA200010B50C460021F3F763FE606018B10123C6
:10DA30002370002010BD0220FCE70144002388422F
:10DA400003D1B3FA83F04009704710F8012B134358
:10DA5000F5E7F8B5D0E9047605460C46FCF766F81C
:10DA600020B940F207112920F3F784FAECB1D5E987
:10DA70000423D21B63EB0603012A73F100014FF06C
:10DA8000000114DB6FF001009042994102DA40F28C
:10DA90001111E8E7631E1344B3FBF4F35C43E4198C
:10DAA00046F10006C5E904461C462046F8BD0C4672
:10DAB000FBE7CB1E012B10D803290CBF96234FF494
:10DAC000167303F5BC730CBF10224022984210D984
:10DAD000C01A90FBF2F080B27047022904D13C28B2
:10DAE00007D980100F38F6E7702802D9C0100E3819
:10DAF000F1E70020704738B50D460446F5F7C8F940
:10DB00002B78002B08BF034684F864306B78002B19
:10DB100008BF034684F865306B88A4F8663038BDCA
:10DB2000012908B5034606D002290CD040F289111C
:10DB30002920F3F71FFA40F6C41040F2E242002B0E
:10DB400008BF104608BD40F6C410FBE707B5002328
:10DB500001A80193FAF7CEFA019810F0030018BF5C
:10DB6000012003B05DF804FBC2B292FAA2F2030AEC
:10DB700093FAA3F31B0E100E40EA0320704770B512
:10DB80000131C9B20530002210F8013F8B4216D393
:10DB900010F8054C0023012505FA03F626421CBFA8
:10DBA00001F1FF31C9B269B10133082BF4D101325F
:10DBB000D2B2052AE8D199214620F3F7DBF9C91A38
:10DBC000C9B2F4E703EBC200C0B270BD0B6870B518
:10DBD000C0F801300B7903F01F03437100230446A2
:10DBE000C3720546461D15F8010F00F0A1FA6871D1
:10DBF000E37AB5421844E072F5D170BD70B581EAA0
:10DC000011418CB20546C17A032682EA0400FFF76F
:10DC1000ABFF013E00EB0010221816F0FF0690B299
:10DC2000F5D144402522B4FBF2F302FB1343C3F3C6
:10DC3000C4022A44D8B2567803F00703012202FA3C
:10DC400003F31E4207D161432846C1F30741BDE8F3
:10DC50007040FFF794BF70BDF8B590F821506B1E6F
:10DC6000242B044654D80AB90020F8BD807D18B191
:10DC7000012844D01F20F8E794F8233094F82210AC
:10DC800002FB01322523B2FBF3F103FB1123DBB2CC
:10DC900004EBD30284F82330D17D03F00706012280
:10DCA000B240114202D084F82430DDE7B3FBF5F234
:10DCB00005FB1233013303F0FF0304F11B0111F8DC
:10DCC000012F934218D811F8055C0022012606FAAC
:10DCD00002F72F4208D0013B13F0FF0304D102EBFF
:10DCE000C00284F82420BFE70132082AEFD10130B6
:10DCF000C0B20528E3D1BDE79B1ADBB2F7E7228962
:10DD0000C96904F11600FFF779FF84F82400ABE736
:10DD10001220AAE70378890123F0400301F04001B3
:10DD20000B4303707047037803F07F0343EAC1138A
:10DD3000037070471F2A38B50546144603D9B7212A
:10DD40002A20F3F717F909300634FEF7DBF86C7078
:10DD500038BD1F2A38B50546144603D9D9212A20D3
:10DD6000F3F708F909300634FEF7CCF86C7038BDCB
:10DD7000037803F00F03032B02463ED0052B42D15C
:10DD8000C37F90F82000034392F82100034392F8E8
:10DD90002200034392F8230000F01F00184333D001
:10DDA0005378222B2FD1B2F81930B1B1B3F5506F9F
:10DDB00013D940F607518B4225D8B2F81B30B3F582
:10DDC000FA7F20D2B2F81D000A3880B240F67643BE
:10DDD00098428CBF002001207047991F89B240F6FD
:10DDE0007A4081420FD8917D481E07280BD899426E
:10DDF00009D2B2F817109942DEE74078A0F10C037F
:10DE000058425841704700207047037801F00301E1
:10DE100023F003030B43037070470078C0F38000C6
:10DE200070470078C0F3C00070470078C0F300105E
:10DE300070471B2A08B504D940F24D412A20F3F758
:10DE400099F84270BDE808400330FEF75BB8B0F8BF
:10DE50000730B1B1B3F5506F13D940F60752934272
:10DE60001FD8B0F80930B3F5FA7F1AD2B0F80B001A
:10DE70000A3880B240F6764398428CBF00200120D9
:10DE800070479A1F92B240F67A418A4209D80279C5
:10DE9000511E072905D89A4203D2B0F805209A42AC
:10DEA000DEE700207047406890F8AA3123B10023D4
:10DEB00080F8AA3100F072BD704708B5017A19B137
:10DEC00001290AD0002008BD0368C2880221808889
:10DED000F5F7D6FD20B10120F5E70368C288F6E723
:10DEE000F5F7BCFFF7E702230B7001238B70704737
:10DEF000F5F738BF10B521B94FF410711020F3F7C2
:10DF000039F84A600B72EFF3108472B6031D0B6090
:10DF100042681AB1127A012A08BF036003681960C7
:10DF2000016004B962B6BDE81040F5F765BF022292
:10DF3000F5F782BF0322F5F77FBF0422F5F77CBF18
:10DF40000222F5F7BDBF11230B706FF49A731844CA
:10DF50000388A1F80330838FA1F80530B0F8403072
:10DF6000A1F80730C38FA1F80930B0F84230A1F80A
:10DF70000B307047012908B503D10E30C00080B2C4
:10DF800008BD022902D10F308000F8E74FF42E714E
:10DF90000620F2F7EFFF30B587B004460D46F5F7DF
:10DFA000C1FD90B3A4F59F74694624882046FFF70D
:10DFB000DCF820B14FF484712C20F2F7DBFFBDF8C0
:10DFC0000630ADF80E30BDF80830ADF81030BDF8B1
:10DFD0000230ADF8123003A8BDF80430ADF80C40A3
:10DFE000ADF81430FFF79FF810B140F21111E3E7DC
:10DFF000ADF80C009DF80C30002063F307009DF88D
:10E000000D3063F30F2007B030BD2B46172203F805
:10E01000032BD4F80920C5F80320D4F80D205A604A
:10E02000B4F811201A810423ADF80C30E2E74068FF
:10E030007047C08A704710B58A880B89CC88498898
:10E04000A0F85010A0F85440A0F85220A0F8563084
:10E0500010BD8383BDF8003001834283C3837047C2
:10E0600038B5C58B438C04469D42007A28BF1D46B7
:10E07000FFF780FF6389AB4228BF2B46984238BF29
:10E08000184680B238BD2DE9F04106460F4680891A
:10E09000194698461446FFF76DFF4146054630463F
:10E0A000FFF7DEFF854228BF05469DF81810B08AAD
:10E0B000FFF760FFF38A834228BF0346ADB2A01D7D
:10E0C00015FA83F338441844BDE8F08107B590F899
:10E0D0006930009390F86830002296213030FFF7C5
:10E0E000D2FF03B05DF804FB38B50D46194614465F
:10E0F000FFF7ECFF96342044A84294BF281A002072
:10E1000038BD38B50D4611460446FFF7DFFF2844F9
:10E11000606338BD8369006B984228BF184601F1DF
:10E120009C0383423DBF401A9C3840080020704742
:10E1300000F05503400800F05500034403F033009D
:10E140009B0803F03303034403F00F0000EB1310AC
:10E1500070474368002283F8862083F8C220A3F822
:10E16000BE20704743680022A3F8C42093F8C6205D
:10E17000013283F8C620704708B5426892F8C6306D
:10E18000013B5BB2002B82F8C63003DA52214A20F1
:10E19000F2F7F0FE08BD436883F80B1183F80A21FB
:10E1A0007047A0F10A03042B0CD9A0F14303012B03
:10E1B00008D9A0F120032E2818BF062B94BF0120F8
:10E1C00000207047012070474268936F10B513F02C
:10E1D000080408D143F00803936782F80811FFF799
:10E1E000C1FF204610BD0120FCE730F8023CF7B526
:10E1F00030F8A07C05460E4673B1012268468DF8C2
:10E200000020ADF80170ADF80330F4F79DFB18B1B4
:10E2100095216320F2F7AEFE082300243370B4701A
:10E22000A6F803706B7A55F88C0C7371FEF770FAD0
:10E2300008B9BA21EDE73846F4F766FF21463846BB
:10E24000F3F76CFA4FF4017303F00402204662F313
:10E2500007001B0A63F30F2003B0F0BD436893F877
:10E260008820063A012A81BF0A7983F8892006228C
:10E2700083F8882000207047426892F88830063B77
:10E28000012B84BF072382F88830704770B542683D
:10E2900092F88750F5B9B1F80930B2F88060A2F869
:10E2A0003C32013B9B1B9BB247F6FD76B34206D93D
:10E2B000282382F8A930F6F72FF8284670BD4B685E
:10E2C000C2F83E320B7A82F8423243680A2283F85F
:10E2D0008720F2E70125F0E70B46062203F8032B1F
:10E2E000D0F80920C1F80320D0F80D205A60427CF4
:10E2F0001A720023CB70704770B5436893F887504B
:10E3000006460C46002D42D129462046FFF79FFDC8
:10E3100028B9E1783046BDE87040FFF755BF726814
:10E32000B4F80D30B2F88010A2F83C32013B5B1A11
:10E330009BB247F6FD718B4207D9282382F8A9309A
:10E340003046F5F7E9FF284670BDB4F8073040F2D3
:10E35000E2414B43C2F844322379C3EB431003EB51
:10E36000800303EB83035B00A2F83E32B4F8053070
:10E370004B43C2F84032B4F80930A2F84832B4F83E
:10E380000B30A2F84A320D2382F88730DBE70125F3
:10E39000D9E708B5436893F886201AB12621A3204F
:10E3A000F2F7E8FD1D2283F8862008BD73B54568A5
:10E3B00095F886301D3B022B06460C4623D809896A
:10E3C0001A2919D96389B3F5A47F15D3A2881A2A0B
:10E3D00012D9E088B0F5A47F0ED3009005F130008B
:10E3E000FFF737FE7168284601F23511F5F78AFD0F
:10E3F00070680621F6F7B6FE002085F8C20085F8A1
:10E40000860002B070BD0120FBE74268936FD90619
:10E4100010B5044603D4B021A320F2F7ABFD990652
:10E4200001D5B121F8E723F010039367FFF7A4FEAD
:10E4300060680621BDE81040F6F794BE09230B7012
:10E44000D0F80930C1F8023070470B460A2203F8B1
:10E45000022BB0F809204A80C27A9A70704738B50A
:10E46000436893F88740054634B1113C0B2C8CBFB0
:10E4700001240824204638BD93F88C30002BF9D0B5
:10E48000FFF770FE6B68112283F88720F2E708B56A
:10E49000436893F88720152A04D04FF4BD711F20DC
:10E4A000F2F768FD012283F8C720162283F887203F
:10E4B00008BD436893F88720122A03BF1322002067
:10E4C00083F887200220704710B5436893F887309F
:10E4D000182B044607D1FFF74FFE63681C2283F810
:10E4E0008720002010BD0220FCE708B5436893F8A0
:10E4F0008720112A04D040F2A3111F20F2F73AFD21
:10E50000012283F8C720122283F8872008BD08B5AE
:10E51000436893F88720162A04D040F2AB111F20DD
:10E52000F2F728FD182283F8872008BD0B46052244
:10E5300003F8032BD0F80920C1F80320D0F80D20F0
:10E540005A60B0F811201A81C27C9A72704708B5DF
:10E55000436893F886201AB1DD211C20F2F70AFDEA
:10E56000042283F8862008BD426808B5936FD90756
:10E5700003D4EB211C20F2F7FDFC23F00103936789
:10E58000BDE80840FFF7F8BD0C23A0F596700B70AE
:10E5900003884B807047436893F886200F2A01BF99
:10E5A000002283F8B62083F8C22083F8862000205A
:10E5B000704738B54568AB6F13F0040407D1FFF717
:10E5C000D1FDAB6F43F00403AB67204638BD01209B
:10E5D000FCE74268936F23F004039367FFF7CCBD19
:10E5E00008B5436893F886201AB170214B20F2F7E2
:10E5F000C1FC0F2283F8862008BD10B5D0E90D427A
:10E60000A24206D30B8CC98D05334B43121B934298
:10E6100002D3012380F83E3010BD01230B7000238C
:10E620008B7030F8CA3CA1F80330437A4B714389B0
:10E63000CB8083890B81704710B5446894F8C9304A
:10E640009A070ED494F886301BB174214020F2F75B
:10E6500091FC012284F8862084F8C220A4F8BE3000
:10E6600010BDA36F9B0705D5FFF786FDA36F23F0B1
:10E670000203A367002384F82A31F1E710B50B7970
:10E680004C790A68012843EA042108BF41F480312B
:10E69000104610BD07B5FFF7F1FF0DF10702F6F7C1
:10E6A00057F803B05DF804FB08B5FFF74FFA0028F0
:10E6B00014BF1420002008BD10B5F9F767FC04460C
:10E6C000FFF7F2FF04F55F43D0304FF47A72413325
:10E6D000B3FBF2F3184410BD10B5044690F869007E
:10E6E000FFF7EAFF012201462046BDE81040FFF790
:10E6F00008BD7FB5044618B9AA213020F2F73AFCCC
:10E70000072900F2D780DFE801F004C933332ED5A2
:10E71000C1D390F8F431B0F88020DBB1B0F8F23119
:10E72000934208BFB0F8A4319A1AA0F8A621A4F821
:10E730008030D4E982232046C4E98423F8F766FABE
:10E7400094F8AB31002B00F09F8004B0BDE870401E
:10E7500000F025BDB0F8F0319B1AA0F8A631B0F852
:10E76000F0319BB2E3E704B0BDE87040F9F7CEBAF0
:10E77000FBF758F8D4E98423801A61EB03010128E0
:10E7800071F1000302DA40F23C61B6E76FF0010379
:10E7900083424FF000038B4102DA40F23D61ACE767
:10E7A000A3690BB1B0FBF3F394F88710B4F8F2212E
:10E7B0000D2932D10132A4F8F221B4F82A32B4F88A
:10E7C00080500133A4F82A32B4F8BA301D44B4F8AA
:10E7D000B830013DED1AADB202AEB4F8F2116B1AC9
:10E7E000180435D4002300961A462046F6F758F848
:10E7F000012849D1B4F8F221B4F8A011BDF80830CD
:10E800001344521A12049BB204D5EA1A12F4004FB0
:10E8100018BF0B46A4F8F231DFE7B4F880100B44C0
:10E820009BB2D11A0D044DBF0133013293B29BB29A
:10E83000A4F8F23194F8F531002BBED1B4F8A4312C
:10E84000B4F8F221934204BF0133A4F8F231B4E7E3
:10E8500094F88A300394002B14BF08233E2384F8D5
:10E86000A930304601238DF80830F5F755FD2046D4
:10E8700000F097FC002384F8DC3194F8F701FAF7F4
:10E88000EBFF202384F8F73104B070BD0120FBF7C3
:10E8900095FA04B0BDE87040FEF79FB990F8DC31FE
:10E8A000042B01D0D02128E7002380F8DC31EBE7EE
:10E8B000D62122E7DA2120E713B5002380F8DC31E6
:10E8C000A0F828321A46009319460446F5F7E8FFE7
:10E8D00020B140F21D213020F2F74CFB012384F8D7
:10E8E000DC31C4F8D801C4F8D001A4F8F201A4F8CE
:10E8F000F00184F8F501B4F88030A4F82A02013B55
:10E90000A4F8803002B010BDD0F8CC00704710B52C
:10E91000044690F81031EBB1FF2380F81831012143
:10E9200000F09DFA94F81031A3B194F8C800FBF7F9
:10E93000D3F894F8C800FBF709FA94F8C800FAF77E
:10E940008BFF20B940F209213020F2F713FB00239E
:10E9500084F81031002010BD08B590F8182142B994
:10E9600090F8D02042B1D0E93531994202D9F7F779
:10E970006BFA0022104608BD0122FBE710B50446E1
:10E98000FFF792FE00F2DB112046FFF7C3FB40F6D3
:10E990004803984228BF184680B210BD7FB5044690
:10E9A00090F8AB3103F0FF05002B5AD190F8DC3121
:10E9B000032B56D1FAF736FFD4E98423801A61EB92
:10E9C0000301012871F100034BDB6FF00103834267
:10E9D00075EB010104DA40F2E5513020F2F7CAFA92
:10E9E000A269B4F880300AB1B0FBF2F201331344EB
:10E9F0009BB2A4F8F031B4F8F021B4F8A4319B1A1A
:10EA00001BB2002B2DDD94F8F701FBF765F840B33E
:10EA1000FF2384F8F531B4F8BA30B4F880501D44BF
:10EA2000B4F8B830013DED1AADB20DF10E06B4F8F0
:10EA3000F031EB1A1B0414D4B4F8F0110096002343
:10EA4000012289B22046F5F72BFF012809D1B4F83D
:10EA5000F031BDF80E2012FA83F39BB2A4F8F03126
:10EA6000E5E704B070BD70B5044621B1012977D047
:10EA700040F6280171E000F009F994F811310546DB
:10EA80000E46DBB150EA010318D0D4E93832D4E99C
:10EA90004001C01A61EB020133462A46FDF79EF998
:10EAA00005FB01F300FB0633A5FB00021344D4E988
:10EAB0003821121843EB0103C4E93823E08C30B14C
:10EAC000F5F782FAE38CB0FBF3F202FB1300D4E912
:10EAD0003832ED1846EB02062D184FF0000346F1D0
:10EAE00000060222C4E93856C4E9405684F8F030E2
:10EAF000A4F8F82084F8113194F8183103F0FF01DC
:10EB0000DBB9D4E942026FF000439A4208BFB0F18A
:10EB1000FF3F18D02046D4E9405600F0ACF8D4E9C5
:10EB20004232E5305B1B62EB06021B1A62F1000207
:10EB3000002A08DA2046F7F787F9F8F7CDFFBDE895
:10EB40007040FAF773BE94F8C80004F1F001FAF7C8
:10EB50002FFF0028F1D14FF4EA613020F2F70AFAD2
:10EB6000002380F8D030E8E790F81001003818BF93
:10EB7000012070470B46142203F8032BD0F809201C
:10EB8000C1F80320D0F80D205A60704738B50B4605
:10EB9000102203F8032B0C4600F10902293052F829
:10EBA000041B43F8041B8242F9D112781A70A5881D
:10EBB0000123A37100212846F2F79AFD70B1E37892
:10EBC00063B10088F4F7A0FA00212846F2F7A6FD09
:10EBD00020B140F22B212D20F2F7CCF938BD0121D4
:10EBE000F6F7C2BEFFF7FBBF90F87A300BB10120F9
:10EBF000704790F8B22002F0FF03002AF7D190F896
:10EC0000A4201846704737B504460D464FF490725D
:10EC10000021FDF737F9FF2323701323638042F2AD
:10EC20001073E384F2F770FE002201462063684609
:10EC3000F2F798FE206B00220121FDF7E8FE216B20
:10EC400068460422F2F78EFE0022206B1146FDF783
:10EC5000DEFE04F12800A57403B0BDE8304000F0EA
:10EC60003AB9FF23086B0B70FDF79DBE0078FF38A3
:10EC700018BF0120704710B50446283000F081F914
:10EC800061882822F7F712F96D3010BDD0E9020132
:10EC900070470B68C0F815308B88A0F81930012335
:10ECA000C37670472DE9F04F06460C4607460FCE57
:10ECB00091B006AD0FC50FCE0FC596E803000DF15C
:10ECC000100885E80300404600F005F9667894F8DE
:10ECD000149094F80AA094F800B006F07F05B9F1FA
:10ECE000010F2E4607D0B9F1020F04D040F29A313D
:10ECF0000620F2F73FF9617A404600F0F3F8237DF1
:10ED0000227F022B08BF617D02F1010206BF0131A3
:10ED1000C9B20121D2B2404600F0E6F815F008036E
:10ED200062D14046019300F02CF928223146F7F7D2
:10ED3000BDF8E578019B00F2D722207945EA00254D
:10ED4000607940F2712145EA00454D43B2FBF1F292
:10ED50004A43AA420AD9E079A57945EA0025207AF2
:10ED600045EA00454D43954228BF1546227E039350
:10ED7000531E5A425A41A17C386B02910192FDF711
:10ED8000DFFE386BFDF7ECFE039B019A0299ADF8AC
:10ED90001A6008958DF828208DF82B108DF82CA07E
:10EDA0008DF818B08DF81C90099306AE0FCE3D4635
:10EDB0000FC50FCE0FC596E8030085E8030098E85D
:10EDC0000300B862B985E37A03F0FD03003B18BF86
:10EDD000012387F85730E368BB65238AA7F85C30C6
:10EDE000002011B0BDE8F08F00252B46BEE7438818
:10EDF00013F0040F0CBF1F20002070474FF4004396
:10EE0000C38543881D2B08BF00214174704790F9CA
:10EE100012007047408800F0010070478078C0F30E
:10EE2000400070478078C0F3C000704708B5006BA1
:10EE3000FDF77DFE012008BD0120704701207047CD
:10EE400090F8503001624B72D0F85130C1F80A305E
:10EE5000B0F85530CB8170477047F6F7F3BA80F8B9
:10EE60007010704780F8241080F825207047827851
:10EE7000034612F0010002D0D978C90710D59007D7
:10EE800002D5D97889070AD512F0040008D0D878BD
:10EE9000C0F3800080F001008000C0B27047022003
:10EEA0007047C0F34002C0F38003134400F0010038
:10EEB00018447047022808B507D0042807D0012855
:10EEC00007D039212E20F2F755F8262008BD27203B
:10EED000FCE72520FAE70023C0F802300123437045
:10EEE000037070478170704710B542700170807870
:10EEF0001446FFF7D6FF10FB01F010FB04F2FE2AC8
:10EF000003DD5C212E20F2F735F810BD0023C3701D
:10EF100043710371704710B50446FFF7A8FF63798A
:10EF200062780133DBB29A4263710FD1E378A17842
:10EF30000343DBB29942E37008BF23794FF000022C
:10EF400008BF0133627104BFE2702371BDE8104055
:10EF5000FFF7B0BF38B501468078FFF7A2FF04463F
:10EF6000C8784D78FFF79DFF0A790B789B1A13FB41
:10EF700005F34A7913FB04F39B1A00FB1530C0B26A
:10EF800038BD08B501468078FFF78BFF4B780A78CB
:10EF900013FB02F313FB00F0C0B208BD40F2EF20F8
:10EFA000704740F25A335843704738B553680E38AB
:10EFB00014460D4693F8862009283FD8DFE800F074
:10EFC000053E3E3E0F3E173E3E26042A05D1204612
:10EFD000FFF7BFF82046F5F7FDFA002038BD0F2AED
:10EFE000FBD120460021BDE83840FFF7D4BA1D2AE6
:10EFF000F3D12046FFF7ADF8002DEED0626892F80D
:10F00000D83023F0200382F8D830E6E793F8872041
:10F01000232AE2D1002583F887502046FFF7ACF879
:10F02000636893F82431012B03D129462046F3F776
:10F0300051FF6368002283F82421CEE740F2562175
:10F040003120F1F797FF08B590F80E31FE2B04D070
:10F0500040F6B3013120F1F78DFF002380F80E1147
:10F0600080F80F3112B9A0F8C42008BDA0F8BE3056
:10F07000012380F8C230F8E708B5436893F8872089
:10F08000162A04D040F252513120F1F773FF1A22B0
:10F0900083F8872008BD08B5436893F88720312A94
:10F0A00006D1002283F88720BDE80840FFF764B846
:10F0B000162A03D11A2283F8872008BD40F267512F
:10F0C0003120F1F757FF037D63B9C37BA3F1100231
:10F0D000032A07D990F8500028B11C2B8CBF0020C0
:10F0E000012070470120704702464068097990F876
:10F0F00086301D2B14D00BD8042B13D00F2B13D01C
:10F1000090F88730232B0CBF1720FE20F7F7B2B8FA
:10F11000282B0BD02E2B01D0212BF1D11620F5E777
:10F120001420F3E70E20F1E71220EFE72320EDE7AC
:10F13000024640680B4690F8D81041F0040180F870
:10F14000D81059791879F7F795B838B50C460546AF
:10F15000D1E90401F2F77CFB94F8F70120280FD0E5
:10F16000FAF7BAFC94F8F701FAF7F0FD94F8F70112
:10F17000FAF772FB20B940F61D113120F1F7FAFEC3
:10F1800028460221BDE83840F2F7C8BA002070478F
:10F1900008B5F4F763FFBDE80840F5F723B9F2F7C7
:10F1A0001FBF0022A0F8862080F88A2090F8AB319B
:10F1B00013B10221F5F7D6BF0321FBE738B50446AA
:10F1C000084694F8303213B10C25284638BD94F81F
:10F1D0008730153B012BF7D894F8543203F0FF0524
:10F1E000002BF1D191B194F8C63123B940F69921A1
:10F1F0003120F1F7BFFE052304F1F00204F5DB71C5
:10F20000FCF79EFC012384F83032DEE70223FAE7A4
:10F21000F4F798BF08B5F8F713FAF7F7C5FFF7F753
:10F2200013FEBDE80840F7F79BBE08B5C821F7F705
:10F230006BFE022807D1013911F0FF01F7D1EB2154
:10F240003B20F1F797FE431E5842584108BD4FF04E
:10F250008053D3F8A00000F0010070474FF08053B6
:10F26000D3F8A420D3F8A830511C9BB203D14FF699
:10F27000FF718B4203D00260838001207047002021
:10F2800070474FF0805330B5D3F89050D3F8944086
:10F29000D3F89810D3F89C2005EA04030B401340E0
:10F2A00001331FBF056044608160C2600CBF002055
:10F2B000012030BD4FF0805330B5D3F88050D3F8E3
:10F2C0008440D3F88810D3F88C2005EA04030B405F
:10F2D000134001331FBF056044608160C2600CBFF2
:10F2E0000020012030BD10B5F8F7ECF90446FAF71C
:10F2F0004BFD201841F1000110BD10B50446084631
:10F30000F8F744FE4FF47A73B0FBF3F0201A10BD07
:10F3100010B504460846F8F739FE023C00F2E73320
:10F320004FF47A72B3FBF2F3E01A10BD08B5FCF7A4
:10F33000B9FCBDE80840FBF7DFBA801A00F307000C
:10F3400038B540B20D4659B21446FBF7C5FA002352
:10F3500028706B70204440B238BD002303607047B2
:10F360007047002070474FF0FF3070474FF0FF307C
:10F37000704770474FF0FF30704700207047002003
:10F3800070470023037070479DF800300022FFF79C
:10F39000D4BF4FF0FF307047002070474FF0FF3070
:10F3A00070474FF0FF3070477047C0B208B520B9C2
:10F3B0004FF0804301221A6008BD5121B520FCF7AF
:10F3C00071FA0020FBF7F0BA4FF08043D3F808043D
:10F3D00000F0010070474FF08043D3F8140400F0B0
:10F3E000010070474FF08043D3F81C0400F0030085
:10F3F00070474FF08042D2F81834D2F81824C3F383
:10F40000004302F00302824214BF002003F0010017
:10F4100070470020FBF742BB0020FBF76DBB0020CC
:10F42000FBF7C2BA38B5054691F82B000C46FAF73F
:10F4300013FA18B9F6216A20FCF734FA0023238561
:10F4400084F82A300921236A2846984718B103789E
:10F450000BB1FA21EFE738BD08B5426A0346114403
:10F460001A785962012AA1F1500006D1FAF788FBF7
:10F4700040B9DA216A20FCF715FAFAF781FB08B9DE
:10F48000DF21F7E708BD70B5FCF782F900240546D7
:10F490002646E0B2854200D870BDFCF77FF9013402
:10F4A000068580F82A60F4E7F8B504460D46FCF7B7
:10F4B0006FF900270646F8B2864204D8082D0CD909
:10F4C0006FF0150008E0FCF769F990F82A30013771
:10F4D000002BF0D04FF0FF30F8BD2CB1294620466C
:10F4E000BDE8F840FCF766B921462046F8E710B5BC
:10F4F0000446FCF753F9014688B190F828308BB9DF
:10F5000090F82A3073B1013B012B04D82046FFF755
:10F5100089FF002010BD012380F82830F9E76FF043
:10F520000100F7E76FF02200F4E770B50D46FCF735
:10F5300035F90446002848D090F82A60731E012B44
:10F5400049D8002D44D02846FBF7F8FE00283FD0CC
:10F550002B78FBB9012323702B79003B18BF0123C3
:10F5600063726B79002B14BF042302232372AB68F0
:10F570006F336360EB682361032394F82B0084F8F6
:10F580002A302146FAF714FA40BB40F2E2216A2001
:10F59000FCF788F9022E1ED1002323702B79003B43
:10F5A00018BF012363726B79002B18BF04262672E3
:10F5B000EB68A9686F336360D4E906325B1842EBED
:10F5C000E172C4E904320423D7E76FF0010070BD93
:10F5D0006FF01500FBE76FF02200F8E70020F6E778
:10F5E000F8B5037904461BB11B219D20FCF75AF99D
:10F5F0004679017126B901234371217909B96171F5
:10F60000F8BD276826712046B84702280546F4D180
:10F6100003212046B84708B12F21E6E72368294691
:10F62000204698470028E8D03021DEE703460068EE
:10F63000884204D109B10A681A600846704728B99F
:10F640007047884202D10A681A60F6E703460068EC
:10F650000028F6D170470346002018707047EFF37A
:10F66000108272B603780121DBB2017002B962B672
:10F67000012B0CBF6FF0220000207047EFF31083C6
:10F6800072B60022027003B962B600207047FCF720
:10F69000E3BAFCF72BBBFCF729BB00280CBF6FF0CB
:10F6A00015000020704700207047072303700020DA
:10F6B0007047002070470020704710F8012B11F8A8
:10F6C000013B012A28BF9A42F7D0D01A704703465F
:10F6D00011F8012B03F8012B002AF9D170470346DA
:10F6E00013F8012B002AFBD1181A013870472DE9B5
:10F6F000F04786468C460846089E154674461946CD
:10F70000002B40F0C2808542B2FA82F245D94AB15C
:10F71000C2F1200300FA02FC2EFA03F3954043EAFB
:10F720000C0C94404FEA154EA8B2BCFBFEF8230C1B
:10F730000EFB18CC08FB00F943EA0C43994528D985
:10F74000EB1808F1FF3704D2994502D9A8F1020756
:10F750002B44A3EB0903A4B2B3FBFEFC0EFB1C334A
:10F760000CFB00F044EA0344A04214D92C190CF11C
:10F77000FF3304D2A04202D9ACF102032C44241A74
:10F7800043EA07401EB1D440002334607360BDE8F3
:10F79000F0874746DDE76346F1E792BB431B012153
:10F7A0004FEA154EAFB2B3FBFEFC200C0EFB1C3330
:10F7B0000CFB07F840EA0343984562D9EB180CF1BB
:10F7C000FF3004D2984502D9ACF102002B44A3EBE0
:10F7D0000803A4B2B3FBFEFC0EFB1C330CFB07F7C3
:10F7E00044EA0344A7424ED92C190CF1FF3304D24A
:10F7F000A74202D9ACF102032C44E41B43EA0040C7
:10F80000C0E7C2F1200320FA03F1954090402EFAA0
:10F8100003F303434FEA154EAFB2B1FBFEFC0EFB00
:10F820001C10190C0CFB07F841EA0041884504FA4A
:10F8300002F422D969180CF1FF3004D2884502D9AC
:10F84000ACF102002944A1EB08019BB2B1FBFEFC24
:10F850000EFB1C110CFB07F743EA01439F420ED934
:10F86000EB180CF1FF3104D29F4202D9ACF1020136
:10F870002B44DB1B41EA004192E76046E3E7614627
:10F88000F7E76046A3E76346B7E7834206D916B9B0
:10F89000002108467BE7C6E900E0F9E7B3FA83F701
:10F8A0008FB9834201D3724508D8BEEB020460EBE6
:10F8B000030301209C461EB9002168E73846FAE799
:10F8C000C6E9004CF8E7C7F1200CBB4022FA0CF463
:10F8D0001C432EFA0CF120FA0CF3B84001434FEA16
:10F8E00014490EFA07F5B3FBF9F81FFA84FE09FB79
:10F8F00018300B0C08FB0EFA43EA00439A4502FA53
:10F9000007F240D9E31808F1FF3004D29A4502D932
:10F91000A8F102002344A3EB0A0389B2B3FBF9F870
:10F9200009FB183308FB0EFE41EA03418E452CD932
:10F93000611808F1FF3304D28E4502D9A8F1020301
:10F94000214443EA0040A0FB0298A1EB0E0141458F
:10F95000CE46434602D306D14D4504D2B9EB020E42
:10F9600068EB04030138002EA6D0B5EB0E0261EB64
:10F97000030101FA0CFC22FA07F34CEA0303F940F5
:10F98000C6E9003198E74046C5E74346D9E700009D
:10F99000F0B5002285B0114640F6034005F092FE16
:10F9A0000446002859D105F0DFFB214603AA41F2A5
:10F9B000030005F087FE044600284ED1039AB84D97
:10F9C000D168D1F80100D1F8051005F1780303C31F
:10F9D000104604F081FB214603AA41F2010005F024
:10F9E00071FE0446002838D10398C3685A7885F818
:10F9F00070205A88A5F872201A7985F87120B3F81A
:10FA00000720A5F87420B3F80530A5F8763004F087
:10FA100063FB214603AA41F2020005F053FE0446AF
:10FA2000D8B9039FFA6805F18006531C4132186863
:10FA30005968344603C4083393422646F7D1384602
:10FA400004F04AFB95F87C305B0609D4954A964849
:10FA5000012116F06DFF6FF01204204605B0F0BDD5
:10FA600003AA002142F2030005F02CFE0446002800
:10FA7000F3D1039A8D4BD168D1F80100D1F805106C
:10FA800003C3104604F028FB214603AA42F20200F9
:10FA900005F018FE04460028DFD1039EF468B4F890
:10FAA00001309AB292B1E27882B1A5F80431E378DC
:10FAB000032B06D0032200927B487D4A022116F0D8
:10FAC0000DFBE2787B4811461AF0D9FB304604F072
:10FAD00003FB95F87C601F2316F02006A5F8203163
:10FAE00019D14FF0FF304FF0FF3105F065FB0446B0
:10FAF000002800F0C88002210C3016F07DFD0123A3
:10FB0000037046702146324640F66D4005F0DAFD3E
:10FB100004460028A1D195F89C301F0712D503AAEE
:10FB2000002142F21C0005F0CDFD0446002894D1CE
:10FB30000398C368D3F80120D3F80530C5E938230A
:10FB400004F0CAFA95F8D8309E0626D50DF10A01C0
:10FB500002A805F097FE044600287FF47EAF4FF020
:10FB6000FF304FF0FF3105F027FB0646002800F07C
:10FB70008A8004210C3016F03FFDBDF80830038068
:10FB8000BDF80A3043802246314642F2240005F097
:10FB900099FD044600287FF460AF95F8D8305C06E4
:10FBA00010D503AA002142F22A0005F08BFD04467D
:10FBB00000287FF452AF0398C3685B7885F8223140
:10FBC00004F08AFA4FF0FF304FF0FF3105F0F4FAFD
:10FBD0000446002857D008210C3016F00DFD95F88A
:10FBE000D81011F0400F024640F2022308BF032351
:10FBF00088074CBF43F02C0043F00C0095F8D93037
:10FC00008F0648BF40F0400013F0090F18BF40F4C2
:10FC10000060CE0748BF40F01000002116F0ACFE97
:10FC20002146002242F2010005F04CFD0446002866
:10FC30007FF413AF95F87C30B5F80411980625D4FD
:10FC4000C9B903AA41F2050005F03CFD04460028AD
:10FC50007FF403AFB5F80431039C4BB9E368B3F804
:10FC60000120A5F804219A88124811461AF007FBD2
:10FC7000204604F031FA4FF0FF304FF0FF3105F02D
:10FC80009BFA0446D0B96FF06804E6E60029F2D189
:10FC9000094A0548012116F04BFE6FF00404DCE62A
:10FCA000E8130020BCEB020054C00200C014002086
:10FCB000E0EB0200F014002026EC020008210C30DA
:10FCC00016F09AFC95F8D830D907024632D432485B
:10FCD0004FF0005116F050FE2146002240F6014040
:10FCE00005F0F0FC044600287FF4B7AE014603AAF5
:10FCF0004FF6014005F0E6FC0446F8B1274A2848D3
:10FD0000022116F015FE17F065F8044600287FF46E
:10FD1000A4AE07F07FFF044600287FF49EAEEB7987
:10FD2000002B3FF49AAE08211E4816F003FE05F0A2
:10FD30003BFB92E616A1D1E90001CBE7039804F062
:10FD4000CBF9214603AA4FF6024005F0BBFC04465E
:10FD500008B1154AD3E70398C368B3F80130A5F892
:10FD6000C13004F0B9F995F8C1305B07CBD503AACF
:10FD700021464FF6034005F0A5FC08B10B4ABEE74B
:10FD80000398C3685B7885F8C03004F0A5F9BAE73A
:10FD900090880002008000201088000249EC0200D8
:10FDA00054C00200BC1400206DEC020096EC02006E
:10FDB000F0B585B00D4616461F4903AA1F4616F03A
:10FDC00055FA002835D0039C002C32D1B5F50E6FC2
:10FDD0000BD01A481A4A00954FF40E63012116F011
:10FDE0007DF96FF0150005B0F0BD16492A4638467A
:10FDF000B0470028F7DB144D12482C7023468E21A3
:10FE000001FB03F2825C1AB12A780132D2B22A7065
:10FE10000133102BF4D10D4A0848022116F04BF99A
:10FE20002B78DBB205480A4A022116F04DF9002072
:10FE3000D9E76FF00100D6E7D4D90200FCC0020078
:10FE4000E0D00200DC500020BC5900201AD1020092
:10FE500033D1020008B502210E480F4A16F02BF9E3
:10FE60000E4B01221A700E4B07221A7000F080FC14
:10FE70004FF4A02200230B4810F082FF00230A4910
:10FE80000A484FF4B02210F04DFFBDE8084001F0E1
:10FE90000DB900BFFCC0020053D10200CC500020BD
:10FEA000C0590020002B0020302B0020602B0020A8
:10FEB00010B50B4B1B78052B08D04FF48042BDE8E2
:10FEC000104008490848002310F02CBF01F0AAF8A0
:10FED00018B1BDE81040FFF7BDBF4FF48032EEE728
:10FEE000C0590020302B0020602B002010B50B489B
:10FEF0000B4A022116F0DFF801F0CEF8094B002280
:10FF00001A70094B05221A7000F032FCBDE810404F
:10FF1000064907480022002310F004BFFCC002007D
:10FF200067D10200CC500020C0590020302B0020A7
:10FF3000602B002037B5174D2B880124164A17482F
:10FF4000022116F0C1F8CDE9004423462888224654
:10FF5000032101F001F8B0B1114A1048022116F056
:10FF6000AAF82B8823442B800E4B05221A7000F030
:10FF7000FFFB0D490D484FF4C032002303B0BDE82C
:10FF8000304010F0CFBE0A4A0448214616F093F8DC
:10FF9000EAE700BFF018002088D10200FCC0020090
:10FFA000B4D10200C0590020302B0020602B00206B
:10FFB000D8D1020010B50A4815F0BFF9094B02224A
:10FFC0001A7000F0D5FB08481AF035FABDE8104069
:10FFD000064907484FF40042002310F0A3BE00BFBB
:10FFE000F3D10200C0590020302B0020D02A00207D
:10FFF000602B002007B52A4815F09FF900F054FB4C
:020000040001F9
:1000000000F08CFD274816F067F9034620B1264A18
:100010002648012116F058F816F021F9034620B1C0
:10002000234A2248012116F04FF800234FF40062C2
:10003000204921480093072310F004FE1F4920485F
:100040001AF0EDF91F4920481AF0E9F91F49204834
:100050001AF0E5F91F4B1A781F4B82B901221F488D
:100060001A7015F06AF91E4815F067F900F080FB68
:100070004FF0FF314FF0FF301AF0E2FAF8E70522B7
:1000800018481A7015F059F900F046FB00F00EFE02
:100090000B4909480022002310F044FEE3E700BFAB
:1000A00021D202005815002034D20200FCC0020008
:1000B00061D2020000730020602B0020B1FE00001E
:1000C000302B0020EDFE0000002B002035FF00004B
:1000D000D02A0020BC590020C05900207FD2020045
:1000E000BDD202009AD20200F8B50D480D4F194654
:1000F00014461D4615F021F96619B44204D10A4888
:1001000015F01BF92846F8BD14F8011BA1F12003D6
:100110005E2B94BF0A463F22384615F00EF9ECE7F5
:1001200009D302004AD3020084DE0200124A1348B7
:1001300008B50B4600211170114A032114F0C3FDCC
:10014000104B1B785BB1104910480E2202F014FED0
:10015000034658B10E4A0948012114F0B4FD00F0DD
:10016000A5FFBDE808400B4810F066BD0A4A0348E9
:10017000032114F0A6FDF2E7BF59002054C102008C
:1001800058D30200CD500020CE50002081D3020071
:100190008ED3020068440020AFD3020010B51E4980
:1001A000002423468E2202FB03F0085C08B10134D0
:1001B000E4B20133102BF6D13CB3184A184802219F
:1001C00014F07FFD144917484FF40E621BF098FAA3
:1001D000154B13481C70154B00221A700221144A4B
:1001E000234614F070FD134B0D4805221A700221AE
:1001F000114A14F066FD114911480022002310F045
:1002000091FDBDE8104000F0B3BA0E4A0448012148
:1002100014F057FDE7E700BFC1590020CFD302001B
:1002200054C10200DC500020BC590020BD59002000
:1002300001D40200C059002055D40200302B002008
:10024000602B00202AD4020030B50F4D0FCD89B0AD
:1002500003AC0FC42B68236001240C4B0C490094A1
:10026000022203A806F0CAF9034630B1094A0A4837
:10027000214614F028FD09B030BD084A0648032184
:1002800014F01FFDF7E700BF60C20200E8C70200DC
:10029000F0C7020077D4020054C102009ED40200CD
:1002A0000346024A0248012114F00DBDD1D40200D8
:1002B00054C1020008B50E4B0E4801221A700221EB
:1002C0000D4A14F0FEFC0D4B1A78042A0CD10522BD
:1002D0001A700B4B1B782BB10A490B4800220023E4
:1002E00010F020FD00F044FABDE8084000F0D4BE54
:1002F000BF59002054C10200FAD40200C0590020A6
:10030000BC590020302B0020602B00200B4621B16F
:10031000034A0448012114F0D6BCFFF7CBBF00BF4D
:100320000DD5020054C102000A4930B502464C1CEA
:100330000020904201D300200BE0431C9342FADAE4
:10034000235C0D5C033303449A42F4DB022D98B224
:10035000EFD130BDA26200202DE9F04F89B0954E5B
:100360009548964C02AF1546FB601AF064F8337856
:10037000062B0CD0924A9348022114F0A2FC0623CB
:10038000914A337000232380137000F0F1F90021AB
:1003900023888E4E0A46D7F80CC088B284450FD801
:1003A00002B123802088DFF82082FFF7BDFF0546D9
:1003B00085B94FF480320023854810F0E1FC4BE012
:1003C000B3F5007F04D25A1C685CF05493B201224A
:1003D0000131E0E798F800907E4B8E2419FB04F47D
:1003E000E3187B6000267948DFF8ECC1825D431C8E
:1003F0009B5DD91CB960B11C0144981903EB010A3B
:100400001CF800E082EA03008C46E24529D18645CB
:100410002CD013466B48714A012114F054FCBB6880
:1004200033449EB2B542DED8644E3488641BA4B215
:1004300024B16648224641191BF070F998F8003043
:1004400034800F2B40F2B180614819F0F4FF60480E
:100450000022002310F060FCF8681C37BD46BDE8A0
:10046000F08F1CF801BB8BEA0000CEE7013A0A2AA4
:10047000D5D8DFE802F006650C2033474756565EB4
:100480005E0078688E2200211BF062F9C7E7052B19
:10049000DFF840A128BF052304F129001A46504483
:1004A0009B461BF02DF98E2303FB09AADA44002397
:1004B0008AF82930B3E7132BDFF818A128BF1323DC
:1004C000601C1A4650449B461BF01AF98E2303FB0E
:1004D00009AADA4400238AF80130A0E7132BDFF8D9
:1004E000F4A028BF132304F115001A4650449B467C
:1004F0001BF006F98E2303FB09AADA4400238AF8CD
:1005000015308CE7DFF8CCC004F15B0E04F12F004E
:100510002C22009260440A460CEB0E0114F0E1FB21
:100520007DE7DFF8B0C004F1740E04F15C0018221E
:10053000EFE7DFF8A0C004F18D0E04F17500F6E7D7
:100540008E2202FB09F2234B0121995498F80010E6
:10055000EA468CB0013102AA2148C2E90501611CBA
:100560001944D16104F11501194411621D49396121
:1005700040F20351B98204F129010B44536207F19F
:10058000180313E90300184B9062918542F8103F5D
:1005900000230C484FF4725102F066F898F80030CE
:1005A0000133D54688F8003039E72046FFF7BCFE16
:1005B0000546FDE6C0590020302B00208050002069
:1005C0002CD5020054C10200A1620020A2620020CA
:1005D000382C0020C1590020A46200205AD5020006
:1005E0007BD50200010302040600000380B50C4A1B
:1005F0000C4B00AF88B0012908BF13466A460A4970
:10060000C2E905134FF400739383084B42F8103F7F
:10061000074800234FF4E45102F026F8BD4680BDA0
:1006200099D50200A1D50200AAD50200030000015D
:1006300054C10200B0B5154A154B00AF0C1E6D46F3
:1006400088B008BF13466A461249C2E905134FF441
:1006500000739383104B42F8103F104800234FF46F
:10066000E45102F001F8AD465CB10D4B01221A7065
:100670000C4B1A78042A02D01A78062A01D10522D6
:100680001A7000F075F8BD46B0BD00BFC3D50200BA
:10069000BFD50200C6D502000300000154C102000C
:1006A000BE590020C059002010B5002005F034F9D3
:1006B000034630B1BDE810400E4A0F48012114F046
:1006C00002BB0E4807F08EFA034620B10C4A0A48D6
:1006D000012114F0F8FA0B490B4819F0A0FE0B4960
:1006E0000B4819F04FFEBDE810400A4A02480221AB
:1006F00014F0E7BAE3D5020054C1020074150020DB
:1007000002D602009D010100382C002049020100A0
:10071000684400202ED6020030B50F4D0FCD89B0B1
:1007200003AC0FC42B68236001240C4B0C490094CC
:10073000022203A805F062FF034630B1094A0A48C5
:10074000214614F0C0FA09B030BD084A064802211B
:1007500014F0B7FAF7E700BF60C20200E8C7020072
:10076000F0C702006CD6020054C1020091D602000C
:10077000F0B54D4B83B01B78013B00AF072B5CD825
:10078000DFE803F0040A111317155E8B474A484847
:10079000022114F0C0FA50E0464A4548022114F004
:1007A000BAFA454AF3E7454AF1E7454AEFE7454AD1
:1007B000EDE7454A13780BB9444AE8E7444B18780B
:1007C0001178884224BF002119701E781578187896
:1007D000197893F800C06C468EB0F6B2EDB2C0B294
:1007E000C9B25FFA8CFC6A463A4B53610136C2E9E2
:1007F000066501238E2515FB0030374B05FB0131C3
:1008000015311844516205FB0C33344939602933E2
:1008100040F204619362B98007F10803106213E9A2
:1008200003002F4BD062118642F8103F00234FF493
:1008300089411F4801F018FFA5460C37BD46F0BDA1
:10084000234B187819781D786C468CB0C0B2C9B2A9
:10085000EDB26A46234B53618E26012316FB00300E
:100860001D4B06FB013115311844D16106FB0533E0
:100870001D493960293340F202411362B98007F102
:100880000803906113E90300184B5062118542F888
:10089000103F00234FF45251CBE7154A0448022180
:1008A00014F039FA134A72E7C059002042D7020007
:1008B00064C1020080D70200A2D70200D9D702008B
:1008C00016D8020044D80200BC59002076D8020095
:1008D000BD5900208FD80200DC500020020403051F
:1008E00007000003BDD80200000201030500000359
:1008F000E4D802000DD9020070B5C3880B2B66D175
:100900008368334E012B12D119F027FF4FF47A720E
:10091000A0FB020302FB0131C00B40EA4140C90BBE
:10092000C6E900014FF4A0222A48002321E019F073
:1009300014FF4FF47A73A0FB034503FB0155D6E97E
:100940000032E40B44EA4544E41A22484FEAD53524
:1009500065EB020519F06FFDB4F57A7F75F10003C0
:100960000BDA1D4A1D4813780133137043F23432F9
:100970000023BDE8704010F003BAB4F57A7142F27A
:10098000283245F1FF33914273F100034FF000022A
:10099000CAD2114B124E11481A7019F04CFD33781F
:1009A000052B0FD122462B460E4814F0C6FC0E48EC
:1009B00014F0C3FC02233370FFF7DAFEBDE8704089
:1009C000FFF7F8BABDE87040084814F0B6BC70BD37
:1009D000C82C0020682C0020A2640020982C002045
:1009E000C059002033D902006DD9020092D902000B
:1009F00000B5164B9BB008221A70FFF7B9FE4FF4F2
:100A00000E62002112481AF0A3FE124B1248002475
:100A10001C70124B1C70124B1C7015F023FC1148FB
:100A200015F020FC1049204604F0EEFB684614F057
:100A30009CF9FFF79DFE0D4814F07FFC4FF48030C9
:100A4000002119F0FDFD204600F01EFFC0590020D6
:100A5000DC500020BC590020CDD90200BD59002037
:100A6000BE59002081D3020021E40200DAD902003D
:100A700008B5064B1B78062B06D1BDE80840044A92
:100A80000448012114F047B9FFF7B2FFC059002014
:100A900018DA020064C1020038B5194A194C1378FB
:100AA000013B052B06D8DFE803F0030508050F28F6
:100AB000032313700023237038BD04231370FFF742
:100AC00057FEFFF729FEF5E70F4803781BB90F48DB
:100AD00014F033FCEEE70E4A2178137800780B44CB
:100AE000B3FBF0F500FB1533DBB213701278094845
:100AF00014F023FCFFF73CFEDCE70748E8E700BF03
:100B0000C0590020A2640020BC59002048DA02002D
:100B1000BD5900206BDA02009CDA020008B50749D3
:100B2000074819F07CFC0749074819F078FCBDE834
:100B30000840064A0648022114F0EDB8990A01005F
:100B4000982C0020710A0100682C0020CDDA0200E8
:100B500064C102002DE9F34104468368DB6B002B7E
:100B60002ED1A368DB6A002B30D1424F424EA368DE
:100B70001B69002B48D13A8833889342F7D8DFF8B5
:100B8000FC803F4B98F800503E490B3A92B223F854
:100B900015203D4B642005FB00300135EDB21AF005
:100BA000AFFD132D88F8005002D9384814F0C5FB6A
:100BB00000233B8009233380354B01221A7009E062
:100BC00098470028CDD102B0BDE8F0812046984773
:100BD0000028CAD1A368DB69002B37D12D4A2E4DDE
:100BE0002E4E2B68116832681944D21AA368DB684C
:100BF000002B30D16FF057002FE0294814F09DFBF7
:100C000000233B803580DEE701220DF107012046FD
:100C10009847C0B20128AED13B88DFF888809DF8A4
:100C2000072008F803205D1CADB2092D3D809ED140
:100C30001D49062240461AF093FD0028DDD1B8F880
:100C4000073032885BBA1344338090E720469847D8
:100C50000028B8D0C2E7204698472B68184433686C
:100C600028609842AFD3A3689B69002BABD0204685
:100C70009847A8E782500020F2180020086500205D
:100C800084500020AD640020096500201FDB0200B5
:100C9000A364002080440020784400207C4400208D
:100CA0000EDB0200A464002008DC020010B50A4C30
:100CB000204619F07EF920B9BDE81040074814F02D
:100CC0003CBBA3683BB11B6C2BB120460449BDE87B
:100CD00010400022184710BD94BC020030DB020017
:100CE000550B010010B4074C216007490A60074A00
:100CF0000021116083685B690BB110BC184710BC00
:100D0000704700BF804400207C44002078440020CD
:100D10002DE9F84F07460D461B4EB3681B6A0BB111
:100D20003046984700244FF4004C40F2E73021460B
:100D3000ECFB07014FF47A720023FBF78FF93D4477
:100D4000013D814695FBF7F58A464FEAE57827464F
:100D50000E4B93F800B0BBF1000F09D000221A70BF
:100D6000B3685B6A0BB1084898475846BDE8F88FEE
:100D70004846514619F064FCAC4277EB0802F4D2C5
:100D8000013447F10007E3E794BC0200A3640020AC
:100D900010B59AB00446084611461A46FFF7A2FF5E
:100DA000BDF87410BDF87000FFF7B2FF104B114A88
:100DB0001978ADF800104B1E32F81320ADF86620FC
:100DC00079B10D49642000FB03110DF102001AF006
:100DD00097FC6822694620461AF092FC20461AB019
:100DE00010BD64220DF102001AF0B2FCF1E700BF61
:100DF00008650020845000200965002030B50025DA
:100E00009BB004462946602202A801951AF0A0FC76
:100E10000548642201A902FB04001AF071FC034B8F
:100E200023F814501BB030BD096500208450002009
:100E300010B50024E0B20134FFF7E0FF142CF9D123
:100E4000014B00221A7010BD0865002037B50B4C0D
:100E5000A5682B6933B101220DF10701204698479F
:100E60000128F6D0FFF7E4FF054A00231380054A66
:100E700009211180044A137003B030BD94BC0200F4
:100E800082500020F2180020A36400202DE9F041D8
:100E90001C46234B1B789CB00546884616460BB172
:100EA000FFF7C6FF1F4B8DF815809A8818689B794D
:100EB0008DF81230E31CADF810201A0A04F10C076B
:100EC00003908DF813208DF814303CB32246314640
:100ED0000DF116001AF014FC0A34E2B2062103A840
:100EE00013F01BFF04F170036B44020A03F8642C37
:100EF00004F170030DEB030441F2883304F8630C32
:100F00000193BDF888300093284607493B4603AA61
:100F1000FFF73EFF28461CB0BDE8F0810A24DCE75D
:100F20000865002043DB020094BC0200F8B5084FBE
:100F300006460D460024A54204DCBDE8F8400548FD
:100F400014F0FBB9315D384614F0F7F90134F2E7DB
:100F50004BDB020084DE0200F0B59FB016461F4650
:100F60000D460446FFF772FF2A4814F0E6F904A87C
:100F700013F0E0FEBDF81010274814F0DEF9274802
:100F800014F0DBF9BDF876100DF11200FFF7CEFF7B
:100F9000012104A813F0DAFEBDF810101E4814F069
:100FA000CCF91E4814F0C9F9BDF876100DF1120005
:100FB000FFF7BCFF9DF8943002939DF890302A46CD
:100FC0002146CDE9007304A8334613F0DAFEBDF8DC
:100FD0001010114814F0B1F9104814F0AEF9BDF832
:100FE00076400DF112002146FFF7A0FF04F17803CF
:100FF0000DEB030414F8683C062B09D114F8673C88
:10100000F22B05D1064814F098F901201FB0F0BD6D
:101010000020FBE74FDB02006FDB02008FDB0200EA
:10102000A6DB0200F0B5B5B0FFF710FF684613F07D
:1010300081FE0121684613F089FE144E144F0124ED
:101040003388A34201DC00201BE00023A2B201216F
:101050001AA813F0BEFEBDF8CE30D0336B44214643
:1010600013F8682C13F8675C45EA02252A463846CF
:1010700014F063F9502D06DD0648214614F05DF9A1
:10108000012035B0F0BD0134DAE700BFF0180020D0
:10109000BEDB0200E2DB0200024A0348032115F036
:1010A0000AB800BF0EDC02005CC1020008B5064AA7
:1010B0000648032114F0FFFF054819F0BCF9BDE80C
:1010C0000840044819F0B7B925DC02005CC10200F1
:1010D000002D0020D02C00202DE9F04F91B0840786
:1010E000009302F004030293C2F3C20303F101036D
:1010F000DDF86880039205460E46059340F0BA81FC
:10110000041D30B1072909D86FF01B0011B0BDE8EC
:10111000F08F01F007063444C6F10806009B4FF03B
:101120000009591E4FF0040A4FF0FF330193CDF828
:1011300010904F46CB4653460DB1009A2260059859
:10114000002800F3E8809848009A824203D3974829
:101150008242C0F0E080039AA4EB050E92074FEAAA
:101160009E0000F103810F2F00F2B180002D00F0EE
:10117000058107F140020DEB020C019A0CF8200CDE
:101180000CF8102C049801300490E7E07A285DD820
:101190004B280ED8472859D829282DD8252852D091
:1011A00054D820287AD02338D0F1000B4BEB000B19
:1011B00074E04C382E2849D8DFE800F070484848E1
:1011C00048484848484848484B484848484848489C
:1011D0004859484B4B595959704B6D487048184BFA
:1011E000184848827F4B48484B487F0000204FF00A
:1011F000000B4FF0040A38E02A38C0B2012202FA8C
:1012000000F010EA0E0F49D110F0625C2FD110EA05
:10121000020B43D06046013C5444B4FBFAF40AFB91
:1012200004F4002D61D0A3EB050CA444B4453FF6B3
:101230006BAF002868D1042B47D158F8043B2360DA
:10124000043404232AE0019A013A01924FF0000B82
:1012500024E011F8010C6C2834D111F8023C002074
:101260006C2B8346C5D14FF0080A5346D3E708F1EB
:10127000070828F007080734F8E802AB24F0070451
:1012800035B106982044B0423FF63EAFC4E900AB0A
:1012900008344FF0000B4FF0080A534611F8010FC5
:1012A000002878D0BBF1000F7FF470AF2528F5D16E
:1012B000019B013301934FF0010B4FF0040AECE75F
:1012C000584694E700208346A5E7082B02D06FF02C
:1012D00015001BE708F1070828F00708F8E80223C3
:1012E000C4E9002308340823D8E768B9042B02D1E5
:1012F00008F10408A4E7082BE9D108F1070828F051
:10130000070808F10808EDE7059A013A059258F830
:10131000042B009210E7039A900720D5A4EB050E4A
:101320004FEA9E004FF0010CBEF5007FCFD20F2F89
:10133000CDD8F5B107F140020DEB020EC0B2019A13
:101340000EF8200C0EF8102CBCF1000F3FF41AAF71
:1013500060F07F000EF8200C09F101090137C5F19A
:101360000802043406924FF6DA7E97E74FF0000C3D
:10137000DAE7BCF1000F01D00136EFE70298023640
:101380000028EBD10098CDE90631FEF7A8F9DDE998
:1013900006310644E2E7631BB3F5806F97D23DB98F
:1013A000A6F10804E018B1E664BB02000C0A0300D1
:1013B000029A28609B082B709DF81030C2B1EB7028
:1013C00085F80290B9F1000F05D008A80022C5F1F8
:1013D000010C97420ED1C5F101030DF120084FF029
:1013E000000A01930DF1300B574512D1601B8DE6B9
:1013F0006B70E5E710F8013B190608D50CEB040EFD
:10140000B64503F07F033FF67FAE04F8013B01329F
:10141000DFE7B9F1000F03D098F90020002A17DBAD
:10142000029BD3B11AF80B2004F8012B0022019B78
:1014300018191044B0423FF667AE98F8000004F85F
:10144000010B0099039220461AF05AF9039A1444AA
:101450000AF1010A08F10108C6E798F8002055F8DA
:1014600022300093029B45F822300098FEF737F9AE
:10147000421CDCE76FF00D0048E600BF2DE9F04F9D
:1014800097B000AF90F802A0D7F880B03B62CBF3E2
:10149000C0030446FA62BB61894641B945780078C9
:1014A0000AEB800020444D4517D8A0EB0409E378EF
:1014B000FB61BAF1000F02D01BF0010F16D1FB69DE
:1014C00053BBFB6A1BB13A6A4946204698474D46D2
:1014D00028465C37BD46BDE8F08F461C3046FEF717
:1014E000FEF80130304409F10109DCE72378626835
:1014F0007A62FA6A9900796104EB8301002A40F06C
:1015000000814D460E4601EB0A094FF000084E459A
:101510004CD101EB0A0610E01BF0020FD1D023786A
:101520009A007A6162687A62FA6A04EB8301002A9F
:1015300077D14D4601EB0A0690461BF0050F0CBF14
:1015400002230123FB62FB6906EB430A0BF0020353
:10155000BB625645BCD016F8021B16F8013C54F885
:101560002390994B994502D3984B994536D3BB6943
:10157000002B40D0786A13F0B7FE00283BD0E94634
:101580008AB06A46924B53617B6AC2E906314FF4D6
:10159000007313848F4B42F8103F8F4800234FF4A1
:1015A000125101F061F8023DCD46D2E716F8013B39
:1015B000F96254F82300FEF792F8D7F88430F96AFC
:1015C00001304BB1D7F8883098453EBFD7F884300A
:1015D00023F8180008F10108054498E7BB6923B116
:1015E000786A13F081FE0028C9D11BF0010F05D1E4
:1015F000FB6AED1AADE7BB6A002BAAD04846FEF79E
:101600006EF8D7F8843053B1D7F8883098453FBF8B
:10161000D7F88420431C22F8183008F1010805444B
:1016200097E7BAF1000F72D01BF0040672D0D046D3
:10163000002607F1480052463B61B9621AF060F893
:10164000B96A3B6901EB0A02BA62FA69F9695200A8
:10165000FA60BA6A02EB41023A610BF00202BA6028
:101660003A69B96A8A4257D162787A621BF0020FEE
:1016700032440CBF4FEA580100211BF0010FD2B2D7
:1016800040F09F801BF0040F14BF40460020BB6158
:101690006270A070E1703A6A7969FB6A20469847E7
:1016A000051EFFF615AFBB6923707B6A6370FB698B
:1016B000E37041463A6AFB6A84F802A007F14800E9
:1016C0009847B0F10008C0F2BB807B693A6AA9EB89
:1016D0000A01C91AFB68C91AD7E90A039847002802
:1016E000C0F2B080A84408EB00054FF0000B07F1F2
:1016F000380AB34572D300213A6AFB6A0846984714
:10170000E6E656464FF0000807F1380093E75646E4
:10171000D04697E7B04695E7BA6A12F8021BBA625C
:1017200012F8015C284A54F82500904202D3274A57
:1017300090421ED3BA6932B1786A7B6013F0D4FD4F
:101740007B6800288CD1BA6802BB08F1280207F137
:10175000300C08F10100944407F1580252FA80F06D
:1017600008F102080CF8101C5FFA88F800F8105C09
:1017700076E7BA693AB1786A7B6013F0B5FD7B68A9
:1017800000287FF46DAF1BF0010F09D006F128028D
:1017900007F13000711C161806F8205CCEB25FE726
:1017A0001BF0040F3FF45CAF08F1280207F1300092
:1017B00008F1010102EB000808F8105C5FFA81F8FB
:1017C0004EE7002063E700BF64BB02000C0A030081
:1017D00048DC0200040000019CC002001BF80A3033
:1017E00087F8373054F82390D7F884302BB3D7F8E4
:1017F00088309B4521D2D7F8843033F81B803A6A71
:10180000FB6A012107F13700984700281ADB0544DD
:10181000B8F1000F06D14846FDF761FF00F101085D
:101820001FFA88F83A6AFB6A4146484698470028FA
:1018300008DB05440BF1010B5BE74FF00008DEE726
:10184000454645E6054643E6014B1860704700BF34
:10185000B415002080B505460E46174698460FF091
:1018600019FE03461AF074F9DFF81890044649F897
:101870000030424630463946A84754F8090002F085
:1018800069F800BF0800000008B50446EFF31183B3
:10189000402383F31288BFF36F8F72B60CF0B0FC55
:1018A000204602F055FC034813F047FD14F007FEF4
:1018B000FCE700BFFCDC02002DE9F047058B044685
:1018C0002807904611D4022905F0070540F0CC8086
:1018D000204614F02FF878B10138218B042811D854
:1018E000DFE800F0C2106D85950001290CBF45F0BE
:1018F000100545F02005258388F31188BFF36F8F0D
:10190000BDE8F08701F0070AAA4500F0A58000278E
:10191000B9463E46A368002B00F0BC8041F00801A8
:10192000218388F31188BFF36F8FA168002900F02D
:10193000BA800D68002900F0B680D1F804803346E3
:1019400052462046C047002D76D02B6829461D46BA
:10195000F0E701F007035A1F012A1BD8002221F0EB
:101960000701062B276889B2C4E9002209D13B464A
:1019700003E0628B013262831B68002BF9D141F0D6
:1019800002012183204613F0D5FF00287AD041F0D0
:10199000200176E0042B0AD121F0070189B22183CE
:1019A000204613F0C7FF10B141F020012183218BA5
:1019B00001F0070AAA454FD00027B946AAE72369D4
:1019C00021F0070141F00601062DD3F80090218394
:1019D0002DD1B9F1000F3FD041F00801218388F3E8
:1019E0001188BFF36F8F3A492046C84729E021F09C
:1019F0000701236941F0040189B2042DD3F8049052
:101A00002183E6D000273E464FF0040A82E721F00A
:101A10000701236941F0050189B2052DD3F808902B
:101A20002183D6D000273E464FF0050A72E70027F3
:101A30003E464FF0060A6DE72B4687E7B9F1000FE7
:101A4000D1D1EFF31188402383F31288BFF36F8F56
:101A5000238B23F008032383258BEA062ED525F05C
:101A60001003238305F007056669218B002EBFF65E
:101A700070AF00232768C4E9003321F0070141F06B
:101A800001012183218B01F0070AAA454FF00009CB
:101A90007FF440AF002F9CD041F00801218388F3F0
:101AA0001188BFF36F8F002FC8D03D683946334689
:101AB0005246204613F06AFF2F46F4E7AB067FF547
:101AC0001BAF25F02003238305F0070500E700BFC7
:101AD000B95902002DE9F7430F4606460821C06AAE
:101AE000DFF8509014F079F83C68241A80463C6086
:101AF00004EA0905AC4203D8002003B0BDE8F08336
:101B000008236A462146304613F0FBFF0028F4D133
:101B10006946304614F06BF840B1BDF80230BDF8AC
:101B200004203C6005EA090513441D44A4EB0804A5
:101B3000E0E700BF0000FFFF73B504460821C06A5C
:101B4000124E14F04AF84FF6FF726368ADF80020A9
:101B50008DF80620E268191833401344181A00253E
:101B600060606846ADF80210ADF8045014F028F833
:101B70006946204614F0FBF82046211D13F0FAFFB9
:101B8000636828463340A36002B070BD0000FFFFC9
:101B90002DE9F04704468AB000F11407384618F0E2
:101BA000B8FAA06A8368DB689847E06248B993494D
:101BB000934814F00EF86FF0150528460AB0BDE8FA
:101BC000F087A06A8368DB6898470368013B1F2B96
:101BD00001D98C49ECE7E368B3F5803F08D94FF4AD
:101BE000803200928648884A012114F077FAE2E7B1
:101BF000A06A216807AA16F064FE08B18349D7E7F6
:101C0000E5682DB1089BB5FBF3F203FB12550DB14E
:101C10007F49CDE7238A012B01D87E49C8E7E36AD3
:101C2000029593F805904FF0FF334FF0FF3238469E
:101C30000EF0F6FCE06A082113F0CFFFA846064636
:101C4000238A1FFA85FA534508D8238A434523D1AE
:101C500038460EF05DFD6FF02C05AEE7E1682B0411
:101C6000891B13FA81F14A4608232046029113F09A
:101C700056FF78B102A9204613F07CFF08F1010855
:101C8000029908234A4620461FFA88F813F047FFB6
:101C90000028DAD00135D3E753450BD10299082348
:101CA0004A46891B204613F03AFF18B902A920467C
:101CB00013F060FF02A92046FFF70CFF054618B19C
:101CC00038460EF025FD78E7029B63604FEA134823
:101CD0004FEA0848C4F80880D4E9011399420FD3A9
:101CE000082303AA204613F00CFF05460028E7D17D
:101CF00003AB13F8012B914535D10135082DF8D1EF
:101D000063681B0C1B0402A92046029313F032FFE8
:101D1000E36802994A46204613F001FF051ECFDB17
:101D2000636800F0898006EB03084FF6FF79E368EB
:101D3000CDF808801FFA88F29B1B9A422FD300230C
:101D40006168002B44D0090C09040291204602A9C5
:101D500013F010FF0299204613F019FF0546002DDD
:101D600000F08680ACE703A9204613F040FF6268CC
:101D700010B9921B6260AFE7BDF81050BDF80E10AD
:101D8000E06AC4F80880294413F027FF40449042D9
:101D9000A060EED1002DECD06FF01C0579E0082397
:101DA00005AA4146204613F0ACFE0546002887D11F
:101DB00005A9204613F01BFF30B1BDF814304B4588
:101DC00002D1BDF818300BB1B044B0E70123B7E73A
:101DD000204613F0DCFE054600287FF471AF6368EF
:101DE0000D4AE16813400B44A3EB460363601340C4
:101DF000A360204613F0E3FFB0E700BF39DD020027
:101E0000C4C002005BDD020078DD0200A1DD02003B
:101E1000B9DD0200CDDD02000000FFFF5B1A4A467B
:101E2000204613F07CFE051EFFF64AAF08D0E26A9A
:101E3000A36812681344A360D4E901318B42EDD842
:101E40006168E36801EB46029A4288D1DFF850806E
:101E5000A26801EA08039A4281D0204613F097FE57
:101E6000054600287FF42CAF636803EA0803A360EB
:101E7000E368A288A3EB46039A4206D038460EF0E8
:101E800047FC0123A374002597E6204613F080FF4A
:101E9000054638460EF03CFC002DF2D08DE600BF22
:101EA0000000FFFF2DE9F04F1D4691B0837C0291A9
:101EB000044600924BB96449644813F08AFE6FF0FF
:101EC0000C06304611B0BDE8F08FC26A08211046FA
:101ED00013F083FE29460190104613F07EFEE3685E
:101EE000019AA3EB8203AB420746C0F0A9801DB163
:101EF000009B002B00F0A4806368059306AA05A947
:101F00002046DDF814A013F0AFFE06460028D8D115
:101F1000BDF81830029A934206D06268059B9A4237
:101F2000ECD1002D36D1CCE706A9204613F05FFE98
:101F30000028F2D0BDF81A80BDF81C3045B39D4290
:101F400028D1E36ADDF800B01B684FEA1A4A5B4209
:101F50004FEA0A4A03F02003D0440393AA46DDF86F
:101F60000C90D14528BFD1464B4608AA4146204691
:101F700013F0C7FD00284AD14A4608A9584619F06F
:101F8000EFFB38B9BAEB090AC844CB44E7D198E76C
:101F9000002B96D0002F3DD1B84604F1140A4FF023
:101FA000FF324FF0FF3350460EF03AFB238A9E4239
:101FB00043D0A168626808EB01039A422FD3029BC9
:101FC000ADF82030FF238DF82630009AADF82210AE
:101FD0002B462046ADF8245013F090FE29460746C4
:101FE000E06A13F0FAFDA3680344A36057B908A898
:101FF00013F0E6FD08A9204613F0B9FE002814BF2F
:1020000007462F4650460EF083FB3E4659E7C1DC9B
:10201000064656E7019B1F441FFA87F8BDE7204696
:10202000FFF78AFD07460028ECD1204613F0C7FED3
:1020300007460028E6D10136B8E76FF01B07E1E755
:102040006FF015063DE700BF25DD0200C4C00200A9
:102050002DE9FF471E46837CBDF8309004460F46AD
:10206000904643B92C482D4913F0B3FD6FF00C0096
:1020700004B0BDE8F087C06A082113F0AEFDE36844
:10208000A3EB4003B34243D3D4F804A0CDF804A09B
:1020900000254D455146DDF804A009D96368534534
:1020A0001ED1BDF80830BB421AD06FF00100DFE747
:1020B00002AA01A9204613F0D7FD0028D8D1BDF807
:1020C0000830BB4206D102A9204613F090FD08B1AA
:1020D0000135ADB26268019B9A42DAD15146E0E720
:1020E000BDF80C30002BE0D0A945DED8BDF80A00C1
:1020F000090CB3424FEA014128BF3346014442462E
:10210000204613F0FEFC0028B2D1BDF80C00AFE76A
:102110006FF01500ACE700BFC4C0020025DD02006F
:102120002DE9F047DFF85880044607464FF00109D3
:1021300014B93846BDE8F08794FAA4F5B5FA85F5E8
:1021400009FA05F32E0108EB05156FEA030A24EAE4
:1021500003042B7B002BEBD058F806301B694BB9DE
:102160004644042273682846196807EA0A0713F0F0
:1021700032FFDDE7284698470028D9D1F0E700BFB5
:102180006CC1020030B51049104889B0002218F027
:102190002CFB0F4D0F4900220023CDE9062300241C
:1021A0000E23CDE90334CDE901440B4B00944FF4E9
:1021B000407228460EF0AAFE084928460EF020FE7E
:1021C000204609B030BD00BFE1210100F031002000
:1021D000302D0020407B00200D250100F7DD02009E
:1021E00001480EF017BB00BF481A00202DE9F04748
:1021F000804621480F4613F0CEFE0646002833D015
:1022000000252846BDE8F087237B83B12368DB687F
:102210000BB120469847636883F8069023681B69D2
:10222000D3B9636804221968204613F0D4FE01363E
:1022300010345445E8D3B8F1000FE2D0002DDFD0C0
:102240002846FFF76DFF0546002FF7D000214FF419
:10225000A47018F0F5F9F1E7204698470028E0D07F
:1022600009FA06F31D43E2E7044CDFF814A0054623
:102270004FF00109DDE700BF944400206CC102006B
:102280007CC10200014B53F82000704714C80200C3
:1022900008B5034608462BB1044A136000F07AFCE7
:1022A000002008BD6FF01500FBE700BFB815002047
:1022B00010B5044C237813B903480EF0ABFA012390
:1022C000237010BDD96C0020481A002010B50446B8
:1022D0000B4813F060FE5CB1BFF35B8F094B53E812
:1022E000001F013943E80012002AF8D1BFF35B8FC9
:1022F000054818F086FA0548BDE810400EF08ABA85
:102300008C44002090440020F0310020481A002026
:102310000020064BBFF35B8F014653E8000F43E8F4
:102320000012002AF9D1BFF35B8F70478C44002064
:1023300070B5FFF7EDFF084C084E0546B44200D3D8
:1023400070BD63685B792BB123685B6813B1294664
:10235000204698471034F1E76CC102007CC10200AE
:1023600010B5044C0449204613F004F9034B1C60DB
:1023700010BD00BF1C19002000C8020084440020CA
:102380000D4A0E48002310B513700D4A13600D4A14
:102390004FF400411360FFF77BFFFFF7E1FF0A4BAB
:1023A0000A4918468B4200D310BD1A1A5C681211F4
:1023B000013222711033F5E7DA6C0020935F0200DE
:1023C0008C440020904400206CC102007CC10200BB
:1023D000014600220148002313F0EDB81C1900202B
:1023E000014813F086B900BF1C190020024B0146BA
:1023F000186813F0D2B900BF84440020014813F0DC
:1024000007BA00BF1C19002070B5294B18780028A6
:102410004DD0FFF7E5FF0546002845D1254B264C5A
:102420001B68002B19DD18F098F94FF47A72A0FBA5
:10243000020302FB0131C30BD4E9002043EA41430C
:102440009B1A4FEAD13140F2E93261EB000193422D
:1024500071F1000101D3FFF76BFFD4E9003213F5EE
:102460007A7342F10002C4E90032BDE87040FFF720
:10247000C5BF63685B7923B1236829461B68204682
:1024800098471034B442F4D32846FFF7AFFFBFF3A8
:102490005B8F0A4B53E8001F013943E80012002A02
:1024A000F8D1BFF35B8FB9E7054C064EEAE770BD84
:1024B000D96C00208C440020E8310020904400209A
:1024C0006CC102007CC1020070B50D4D297861B964
:1024D0000120FFF78BFE0B4C0B4EB44206D3FFF7E7
:1024E00093FF0028FBD101232B7070BD63685B79DB
:1024F0001BB1236820469B6898471034EDE700BF66
:10250000DA6C00206CC102007CC1020000212DE9C0
:10251000F0470846FFF76AFE044658B340F2676882
:102520004FF0000919F014FB1B4B1C4A1B58136099
:1025300033B11B4B1B68092B02DD1A480EF06AF9F8
:10254000194FDFF860A0002544B12046FFF7E8FDF1
:10255000044618B94FF0FF384FF0FF39FFF754FF2A
:10256000064628B9B5B942464B4650460EF08CF99E
:102570003546E9E74FF0FF384FF0FF39D2E72B68D7
:102580009B691BB100221146284698471035BD4271
:10259000F5D3E8E7054DFAE708000000884400207D
:1025A00090440020481A00207CC102006CC1020047
:1025B00013B5184813F0EFFC174B1B7873B1EFF30A
:1025C0001184402383F31288BFF36F8FFFF71CFF42
:1025D00084F31188BFF36F8F02B010BD0F4B1B68DF
:1025E000002BF9D050B900220023CDE900230C487C
:1025F0004FF4004200230FF069FAEDE70928EBD110
:10260000074818F0FEF8074802B0BDE810400EF089
:1026100001B900BF90440020DA6C002088440020FB
:10262000F0310020481A002010B5064B1B68044604
:1026300098472146A060044813F03CF8BDE81040DC
:10264000FFF7B6BFB81500201C190020044A054B3F
:102650009B1AB1EBD30F34BF52F831000020704702
:1026600014C002006CC102002DE9F04F8FB004AF1E
:10267000C1F34A28B8600D4691467B600C0DB8F155
:10268000000F63D0002607F114034FF0040B4FF046
:102690000A0AC7F80C80C7E907667E620193CDF885
:1026A00008B0CDF800A007F11C03F968324648468F
:1026B000FEF7E4FEB0F5006F03461CD36C468AB00B
:1026C000D9F8041004AB2648C3E9050140F2FF71B4
:1026D000D9611A464FF400711984224B42F8103F19
:1026E000214833464FF41251FFF7BEFFA5462C3761
:1026F000BD46BDE8F08FC0F30A0804F11700184486
:1027000020F0070080083B60FFF762FE68F3532566
:10271000044690B13B68154AC7E9083600F110013C
:1027200007F11403F961CDE900A3CDF808B0F96809
:1027300007F11C034846FEF7A1FE68F353257B68AA
:10274000B9682A46204613F066FCD0E704F117006A
:1027500020F007008008FFF73BFE0446EDE700BFCE
:102760000CDE020004000001ECC00200E95F020080
:102770002DE9F04F87B0DDE91279DDE9105A044602
:10278000039193469846BFB1CDF800903B46524620
:1027900010210020CDF81490FEF79EFCB0F5006FDC
:1027A00006460AD3184A194840F2FF73022107B0BF
:1027B000BDE8F04F13F088BC3E4605F117003044E9
:1027C00020F0070004F007048008FFF701FE0BF07B
:1027D000070BE40044EA8B1444EA462444EA055417
:1027E000054640B13FB1CDF800903B4652463146D8
:1027F0001030FEF771FC039943462246284607B085
:10280000BDE8F04F13F007BC4BDE0200ECC0020045
:10281000406820B1034BC01A40F3CF0070474FF01F
:10282000FF30704714C002000EB403B503AB01467D
:1028300053F8042B0448019301F040FB02B05DF80B
:1028400004EB03B0704700BF2B610200CA0605D439
:102850008B064CBF02490349FFF7E6BF704700BF34
:1028600084DE020083DE02002DE9F04F89B09B4632
:10287000149B06939DF84CA0159B0593169B179EE1
:10288000049304460D469046BAF1000F00F09D8077
:1028900006F48073079313F09CFB06F002090246CE
:1028A00000283ED091492046FFF7BEFF0746B9F108
:1028B000000F08D016F0440F35D18D492A46204626
:1028C000FFF7B2FF074406F0010353B1894B8A4971
:1028D00053F82A20894B2046002A08BF1A46FFF7E2
:1028E000A3FF06F48073002B49D006F00803002BE9
:1028F00063D1B8F1000F66D0814942462046FFF708
:1029000093FF0546069B3D44002B6DD1049B002B95
:1029100073D1F30700F1E48031462046FFF796FFBC
:10292000D8E00746C3E7774B18680028CAD0764B33
:102930004FF47A791B68B5FBF3F54FF46163B5FB8F
:10294000F0F100FB115509FB05F54FF03C0CB1FB14
:10295000F3F203FB1211B5FBF0FEB1FBFCF300FB3D
:102960001E550CFB131109FB05F50091B5FBF0F5A5
:102970006649CDE901E52046FFF756FFA2E706F0DC
:102980000803EBB1624B634953F82A202046FFF756
:102990004BFF0546B8F1000F05D059494246204685
:1029A000FFF742FF0544BBF1000FABD05A495A462E
:1029B0002046FFF739FF0544A4E74FF0000BE1E79D
:1029C00006F00805E6E745469CE7BBF1010F069BCC
:1029D00006D1002B64D1049B002B7BD000250CE09A
:1029E000002BF8D04D485CE04D48069B4D492246EF
:1029F00012F049FC049B002B68D0DFF82C81DFF833
:102A00002C91049F3146102F204628BF1027FFF736
:102A10001DFF4FF0000B5D4545DC059B49461A78CC
:102A20002046FFF701FF4FF0010B1BF0070F03D10A
:102A300041462046FFF7F8FE5F453BD9059B4946D6
:102A400013F80B202046FFF7EFFE0BF1010BBBF153
:102A5000100FEAD1364920464FF0000BFFF7E4FE95
:102A60005A46059B9A5CA2F120015F2928BF2E22BD
:102A700030492046FFF7D8FE0BF1010BBBF1100FD8
:102A80001DD01BF0070F03D141462046FFF7CCFEB7
:102A90005F455A46E5D841462046FFF7C5FEEBE7BD
:102AA0001F485546A1E741462046FFF7BDFE0BF102
:102AB000010BB0E720492046FFF7B6FEC5E7059BAE
:102AC0003B440593049BDB1B04939AD1BAF1000F9E
:102AD0007FF41FAF204609B0BDE8F04F13F018BBDC
:102AE000064A05492046FFF79FFE15E78BDE0200E8
:102AF0008FDE020024C80200E0D5020086DE02005C
:102B0000B4DE02009C4400209844002098DE0200BD
:102B100038C80200B8DE0200BEDE020061610200B9
:102B20002B610200BD3E0100CBDE0200C3DE0200CD
:102B3000CDDE0200CFDE0200C9DE020073B542F234
:102B40000F738B4228BF0B4605680F4A04460521C8
:102B5000684610F011FF63680C495B6806460B225B
:102B6000284613F0C7FA63683246694628465B6810
:102B700013F0C0FA636806495B681B22284613F00D
:102B8000B9FA02B070BD00BF37080300EEDE0200E4
:102B9000D2DE0200074A00210123904206D8064AED
:102BA00001B901231360054B1860704740085B00B2
:102BB0000121F2E740420F00984400209C4400208D
:102BC000014B01221A707047DB6C0020014B002082
:102BD00019607047B44400200148FFF7AFBF00BF41
:102BE00068C8020010B5064B18680C46FFF74AFB90
:102BF00021460346BDE8104002480F22184700BF97
:102C0000B444002068C80200F8B5094D094B0A4ECB
:102C1000D5E9004701221A700CB92C60F8BD214695
:102C200030463A4600F01EF8241A0644F4E700BF86
:102C3000A8440020DC6C0020DD6C002010B9074B9C
:102C400018707047064B1B781BB141F2883017F0A3
:102C500094B9A420002117F0F3BC00BFDB6C002066
:102C6000DC6C00202DE9F047DFF878901E4F80469D
:102C70000E46042499F80050A5B917F071F93246B0
:102C80008246414628460DF059F90546504617F050
:102C90006FF9E5B101233B7099F8003073B9304604
:102CA000BDE8F0873246414600200DF047F9054661
:102CB000EFE72046FFF7C2FF651E2C4600200DF00F
:102CC000C7F90028EBD03B78002BF2D1E7E73B783F
:102CD000002BE4D0013C2046FFF7B0FF3B78002BEF
:102CE000C8D1DCE7DC6C0020DB6C0020014B03600A
:102CF0000020704778C8020070B5104B1C680D4664
:102D0000B4B10F4B196800238B4202DB6FF0010056
:102D100070BD224612F8106B864202D00133144671
:102D2000F2E7E06817F045F928B12C600020EFE7E2
:102D30006FF00C00ECE76FF01200E9E7D815002007
:102D400078C8020010B588B0436802938368C068F1
:102D5000CDE903320A680023CDE906230C4601AA17
:102D60000449059315F0B1FD079808B9059B236048
:102D700008B010BDE96102002DE9F0410C4B1C6860
:102D800005460E4617467CB100F06CF96368204694
:102D9000D3F8108032463B462946C047044600F02F
:102DA0006BF92046BDE8F0816FF00104F9E700BF40
:102DB000B844002000230360044B5A6812B9C3E9E9
:102DC0000000704710605860704700BFBC4400208E
:102DD000014B1860704700BFB844002030B585B083
:102DE0000023CDE902330546019000F03BF9094B81
:102DF0001C6844B9284600F0D5F8044600F03CF9B8
:102E0000204605B030BD636820461B6801A998477D
:102E10002468EEE7BC4400201FB5CDE90101039210
:102E200000F020F9074B1C6824B900F025F9204672
:102E300004B010BD636820461B6801A99847246848
:102E4000F2E700BFBC440020024B0022C3E900228D
:102E5000704700BFBC440020024B0022C3E900229F
:102E6000FFF7F2BFC44400202DE9F74307460C46A4
:102E700009B100230B601F4DDFF87C9000264D4503
:102E80000FD31E4B1D6885B355F8188C01AA414617
:102E90003846183D13F0EAF910B3D6B914BB2E46E4
:102EA0001EE0D5F8008001AA4146384613F0DEF94D
:102EB00050B116B954B92E4606E03168002240469A
:102EC00013F0D4F90028F5D11835D8E7019B236019
:102ED000F1E731680022404613F0C8F90028DDD13F
:102EE000AD69D0E7019B2360D9E7304603B0BDE868
:102EF000F08300BFC0C1020050C20200C4440020E1
:102F00002DE9F04784B002AF0446D7F828907860E6
:102F10000D4616469846B9F1000F07D0D9F80010B3
:102F200031BBD9F804A0BAF1000F28D1391D2046D1
:102F3000FFF79AFF08B3D0F80C9078684346324602
:102F40002946C847C8B16D468AB002AA124BD06163
:102F5000C2E905344FF400731384104B42F8103F5C
:102F60000F4800234FF41151FFF77EFBAD4604E0FC
:102F70003A1D13F07BF90028D3D1002007E0D9F8DF
:102F8000083000937868434632462946D0470837D0
:102F9000BD46BDE8F08700BF2ADF02000400000143
:102FA00034C102002DE9F047DFF8AC90DFF8ACA0A7
:102FB00080464FF000470026294C3D464C450DD336
:102FC000DAF80040002C42D0183CB8F1000F25D1AF
:102FD00022695ABBA469F5E72F46EDE7B8F1000F67
:102FE00003D122694AB91834E8E720680022414633
:102FF00013F03CF90028F4D1F5E76368BB4205DD26
:10300000AF4209D09D42A8BF1D46ECE7EBD19047E7
:10301000002E08BF0646E6E71D46E4E720680022CA
:10302000414613F023F90028D2D1D3E76368BB42AD
:1030300005DDBD4209D09D42A8BF1D46CAE7C9D1E2
:103040009047002E08BF0646C4E71D46C2E7AF42C0
:10305000C2D13046BDE8F08750C20200C44400200F
:10306000C0C1020003484FF0FF324FF0FF330DF0B4
:10307000D7BA00BF041A002001480DF049BB00BFB9
:10308000041A0020F8B5194C194E05460F46B442F3
:103090000DD3184EFFF7E6FF34687CB1286854F86A
:1030A000181C183CFCF709FBC8B1A469F5E72168B6
:1030B0002868FCF702FBA8B11834E8E700226F602B
:1030C000AA61726805F1180332B9C6E90033002419
:1030D000FFF7D2FF2046F8BD13607360F7E76FF08B
:1030E0001004F5E76FF01004F4E700BFC0C1020060
:1030F00050C20200C444002038B5094DFFF7B2FFAA
:103100002B783BB9FFF7A8FE00F06AF8044610B927
:1031100001232B700024FFF7AFFF204638BD00BF0E
:10312000ED6C00202DE9F047048FDFF8B0A00134EA
:1031300098B006468946A4B200F10807651EADB2F4
:10314000B5F5004F47D04A2305AA2946384612F064
:1031500007FF04F57F543F34A4B280462146012383
:103160000DF10B02384612F0FBFEB8F1000F0146DC
:1031700010DC002810DC338FAB4209D132466B1EC5
:1031800022F8383F4FF4004102233846FEF78AFE0A
:103190002C46D3E7002808DC2946384612F0DCFE2E
:1031A0002146384612F0D8FEE5E708F160030DEB42
:1031B0000308002308F84C3C5246CDF8009003ABBE
:1031C00005A80397ADF81040FFF79AFE0028DFD05E
:1031D00018B0BDE8F0870020FAE700BFE362020004
:1031E0007FB50125694628460195FFF785FD044610
:1031F00060BB02AA01A9284613F018F8044610B1D2
:1032000010F10C0F22D10399B1F5803F23D2009A1F
:10321000002394681846084484421AD30133082BCB
:10322000F9D10E4D69612B835368AB602846D36892
:10323000EB6313F0EEF8044640B9094E6E60284681
:10324000FFF7B8FD28466E60FFF7C2FD204604B0C8
:1032500070BD9BB2E5E76FF02004F7E7CC44002097
:10326000BC15002008B5044812F067F8BDE8084016
:10327000024812F062B800BF4FDF020084DF020094
:1032800008B50348034A0021121A13F0F7F808BDE5
:10329000C81B0020EC7200200748084A084908B5FE
:1032A000121A13F0EDF80748074A0849BDE808402C
:1032B000121A13F0E5B800BFC0100020C41B002094
:1032C000140A0300B8100020C01000200C0A0300EC
:1032D0002DE9F047064600AF0C46002936D0E946F6
:1032E0008AB0D1E90012A3686D462148A8464FF084
:1032F000050AC5E90501C5E9072348F810AF1D48CF
:10330000424600234FF42151FFF7AEF9CD46D4E9F0
:1033100003126369AD461848C5F810A0C5E9050158
:10332000C5E907231348002342464FF42151FFF714
:103330009BF9CD46E369114A0E48012112F0C4FE03
:10334000A3690F4A0B48012112F0BEFE012E07D1DE
:10335000EFF305830B4A0748103B314612F0B4FEE9
:10336000214630460CF0A4FEBD46BDE8F08700BF04
:10337000B2DF02002CC10200E1DF020010E0020017
:103380001FE002004DE0020030BFFFF7FDBF00BFAD
:103390002DE9F0410B4EDFF8308006EB0807CC1B1F
:1033A000054632460949204618F0AAF9A0194246B6
:1033B0000021083C18F0CCF9C5F8A84007F1080036
:1033C000BDE8F08100000000080000005CC20200BF
:1033D000054B5A699B689A421FBF044A536843F0E1
:1033E00080535360704700BF4849002000ED00E063
:1033F00070B5294C06460D462848294913F04DF86A
:10340000A36AD9043CD52548264913F046F817206D
:10341000A36A1A0504D52148234913F03EF8182061
:103420001D4CA36A9B0512D51C48204913F035F8A2
:10343000A36BA26A100409D51D4A1848012112F095
:1034400043FE1EB1A36A23F40043A3621920124C69
:10345000A36A590504D51148164913F01EF81A201D
:10346000A36ADA050ED50D48134913F016F81B2090
:10347000094A936A43F47F43936200232B7070BD23
:103480001620C5E7A36A9B04F2D504480B4913F044
:1034900004F81C20ECE700BF00ED00E02CC10200A6
:1034A00060E0020076E0020087E002009AE002009D
:1034B000B3E00200C8E00200E3E00200FBE002002B
:1034C00010B5204C2049214812F0E7FFA36A99016A
:1034D00036D51E481E4912F0E0FF1E20A36ADA010D
:1034E00004D51A481B4912F0D8FF1F20154CA36AB7
:1034F0001B0304D51548184912F0CFFF2120A36AF9
:10350000590304D51148154912F0C7FF22200D4C6C
:10351000A36A9A0304D50D48114912F0BEFF232077
:10352000A36ADB0304D509480E4912F0B6FF242034
:10353000044A936A6FEA03436FEA1343936210BD30
:103540001D20CBE700ED00E02AE102002CC10200C3
:1035500042E1020055E102006FE102008DE102004C
:10356000B2E10200CCE102002DE9F843364D80467D
:10357000894636483649174612F08FFFAB6ADE0699
:1035800027D53449314812F088FF1124AB6A1D0752
:1035900004D531492D4812F080FF12242A4DAB6A20
:1035A000980718D52D49294812F077FF6E6BAB6A42
:1035B000190646D52A4A25483346012112F084FDD2
:1035C000B9F1000F03D0AB6A23F08003AB62132480
:1035D00003E01024DAE76FF015061B4DAB6ADA073B
:1035E00004D52049194812F058FF1424AB6A9B06F1
:1035F00004D51D49154812F050FF1524124B9A6A44
:10360000D50602D49A6A90070AD55B68190507D5D2
:103610004146304600F080FA10B180F30988022458
:10362000094B9A6A920642BF5A6A22F400525A62C1
:103630009A6A42F0FF029A6200233B702046BDE87E
:10364000F8836FF01506C2E700ED00E02CC1020020
:10365000F7E102000DE2020087E0020040E2020012
:1036600058E202006EE20200FBE002002DE9F041A8
:10367000664B8AB0D3F8048000AF0446C8F308054F
:10368000002686F31188BFF36F8F02F07F43B3F1FA
:103690007F4F07D102F00C03082B12D15C495D4823
:1036A00012F0FBFE002634460023FB71EB1E092BB3
:1036B00000F28A80DFE803F00A80837C88888888AB
:1036C000888610074CBF0C460126EDE75249514849
:1036D0004E4D12F0E2FE0023FB71EB6A9A0705D50E
:1036E0004E494C4812F0D9FE002332E0EB6A002B21
:1036F00001DA4B49F5E7EB6A5B00F5D549494548E6
:1037000012F0CBFE6B69A26943F480736B61BFF367
:103710004F8FBFF36F8F6B6932F8022C23F48073E5
:103720006B61BFF34F8FBFF36F8F4DF602739A42F9
:1037300008D0AB6ADBB273B3FA1D01212046FFF754
:1037400013FF37E02368384A3248012112F0BCFCED
:103750002368FA79DAB907F1080504F1200C20682A
:1037600061682A4603C2083464451546F7D17A6A6F
:10377000002E45D0C2F3080121B96FEA52226FEA48
:1037800042227A6207F108011846FFF7A1FD2837A7
:10379000BD46BDE8F081AB6A13F47F4F04D0F91D3C
:1037A0000120FFF725FE05E0AB6AB3F5803F9BD310
:1037B000FFF786FE0346CCE7FA1D0021BEE7F91DA0
:1037C0000020EEE719498CE7194A1A4B18F4F87FE4
:1037D000E8468AB018BF13466A461749C2E905137E
:1037E0004FF400731384103D144BD56142F8103F21
:1037F000084800234FF41151FEF736FFC54673E722
:1038000022F4FF7222F00102BBE700BF00ED00E0EE
:10381000BBE202002CC10200E6E20200FDE202006F
:103820001EE302002CE302004BE3020067E3020008
:10383000A2E202008DE202008BE30200040000011C
:10384000044B5A6942F010025A615A6922F0080288
:103850005A61704700ED00E0EFF30880EFF3098153
:1038600001B57246FFF702FF01BD00BF002080F3E3
:103870001488BFF36F8F114880F308880020104927
:1038800008700BF0F1FB00200E490860BFF34F8F6A
:1038900000F02EF8402080F311880B484FF40461AB
:1038A000401880F30988EFF314800221084380F365
:1038B0001488BFF36F8F00F0FFF8000040A90020CC
:1038C000EA72002094ED00E0809700200749D1F8CB
:1038D00090200023C2F307221846934200DB704772
:1038E000C1F89830C1F8A0000133F6E700ED00E020
:1038F00008B572B6002383F31388FFF7E7FF144B74
:103900004FF0FF32C3F88020C3F88420C3F888202A
:10391000C3F88C20C3F89020C3F89420C3F89820F3
:10392000C3F89C20C3F88021C3F88421C3F8882100
:10393000C3F88C21C3F89021C3F89421C3F89821CF
:10394000C3F89C2162B6BFF34F8FBFF36F8F08BDE2
:1039500000E100E0084B9B6883420BD1EFF3058345
:1039600043B1064B5A6842F080525A605A6A22F4B8
:1039700000425A620DF094BD4849002000ED00E07D
:1039800015498A684FF030001044EFF3098C80E845
:10399000F01F402080F31288BFF36F8F0F4F4FF05E
:1039A00000664A698A603E60D2F8A8000C4C20602C
:1039B000D2F8AC000023C2F8AC3080F3118804B513
:1039C000104600F011F9BDE8044002F1300090E823
:1039D000F01F8CF3098870474849002004ED00E08F
:1039E0000C4500201EF0040F0CBFEFF30880EFF32E
:1039F0000980816911F8021C0229FFD001B57246C5
:103A000012F040FD01BD00BF40B2002807DB044AB0
:103A10004109012300F01F00834042F82130704724
:103A200000E100E040B200280CDB4309064900F049
:103A30001F0020330122824041F82320BFF34F8F23
:103A4000BFF36F8F704700BF00E100E0054B4209F4
:103A500000F01F0053F82220012303FA00F0104069
:103A6000704700BF00E100E040B2D30754BF02310D
:103A700000210028ACBF00F16040074A4FEA411323
:103A8000ACBF00F5614000F00F00DBB2B4BF1354CF
:103A900080F80033704700BF14ED00E0044B054A86
:103AA00023F07F039360BFF34F8FBFF36F8F704797
:103AB0000000000000ED00E008B5FFF7EFFF074A47
:103AC000D2F8883023F47003C2F88830FFF7D8FBAF
:103AD000FFF7E2FB00F05EF80CF012FC00ED00E0F6
:103AE00042F8203C009B42F81C3C0A49019B42F8EA
:103AF000183C029B42F8143C21F001014FF0807306
:103B000042F8043C42F8081C0023203A0265C0F841
:103B1000AC307047551801000A4A0346906878B1E6
:103B200013F1160FD0F8980005D0A0F140029A4288
:103B300005D8834203D2814228BF0020704700206D
:103B4000704700BF4849002008B515460C4A0D4B88
:103B50009060D0F8A8201A600E4600F045F82C4678
:103B600086F309880020044B984720460021002254
:103B70000023024C20470000B164020055180100E8
:103B8000484900200C450020014B10221A61704763
:103B900000ED00E0044800234021C2180133272B28
:103BA00082F80013F9D1704700E100E008B5EFF3A7
:103BB0000583064A103B02EBC30152F83300496803
:103BC0008847BDE80840FFF703BC00BF74BD020092
:103BD000024B034A0348012100F08CB80000012089
:103BE000000000209CC80200D0F89820054B403A05
:103BF0001A60054A4021C3E901121846012100F06C
:103C000083B800BF1045002000000B1508B503461F
:103C10001048D0F89020C2F30722013A934207D906
:103C20000D480E4A012112F04FFA6FF0150008BD41
:103C3000C0F898300A6822F01F021A4342F01002BE
:103C4000C0F89C208A6842F00102C0F8A020184603
:103C5000EDE700BF00ED00E00CC10200A2E30200AE
:103C6000F0B50E4685B01F4604460025B5420DDA74
:103C7000606810B397B1431E18420AD0104A114829
:103C80002B46012112F020FA6FF01502104605B004
:103C9000F0BD1F28F2D921680B42EFD123680193B0
:103CA00012F029FCA36801A90343D0B20393FFF7E4
:103CB000ADFF10F1160FE7D0421C01350C34D5E7EB
:103CC000C8E302000CC10200044B0522C3F8942093
:103CD000BFF34F8FBFF36F8F704700BF00ED00E061
:103CE000BFF35F8F024B0022C3F89420704700BFE0
:103CF00000ED00E010B5034C01232278FFF7B0FF80
:103D0000207010BDEE6C002008B50B4A002312781D
:103D1000FFF7A6FF10F1160F07D0084A0021D2F8CE
:103D20009030C3F30723984200DB08BDC2F8980027
:103D3000C2F8A0100130F2E7EE6C002000ED00E0C8
:103D40002DE9F04357485849D0F890300D68C3F337
:103D500007239D4285B000F2A180FFF7C1FF4968AB
:103D60000022954201F10C011AD1504C504F2570A0
:103D70006846FEF7BBFFDFF83C81DFF83C91064662
:103D80000025AE421FD1237846490020D1F890206B
:103D9000C2F3072293427BDBFFF796FF00204CE043
:103DA000C0F8982051F80C3C23F01F03134343F054
:103DB0001003C0F89C3051F8043C43F00103C0F8F4
:103DC000A0300132CDE7009800EB05114FEA051C49
:103DD000CB683B40B3F5000F44D00AD8B3F5001FC1
:103DE0002ED0B3F5800F34D0B3F5801F10D001353D
:103DF000C7E7B3F1807F3ED0B3F1007FF7D150F831
:103E00000C3088684A6812F076FB40F4802009E0A4
:103E100050F80C3088684A6812F06DFB40F088500A
:103E200040F43020039001A92078CDE90123FFF769
:103E3000EDFE002828DA6FF0150005B0BDE8F0832C
:103E400050F80C3088684A6812F055FB40EA0800C8
:103E5000E8E750F80C3088684A6812F04CFB40EAFA
:103E60000900DFE750F80C3088684A6812F043FB1D
:103E700040F08270D6E750F80C3088684A6812F03B
:103E80003AFB40F08870CDE7237801332370AEE72A
:103E9000C1F89830C1F8A000013377E74FF0FF3048
:103EA000CBE700BF00ED00E0A8C80200EE6C0020E8
:103EB0000000F0FF0000081100000202F0B587B01A
:103EC00007460E4614460021102268461D4617F08C
:103ED0003FFC02238DF802302A46054B0193214610
:103EE0006846CDE904760FF075FE07B0F0BD00BF5F
:103EF0001765020008B502480FF01EFDFEE700BF7F
:103F0000FAE3020008B5024B1B689847002008BD81
:103F10001C450020034B044A1860937843F00203C9
:103F2000937070471C450020DC15002008B5064939
:103F3000064821F00701C1F1005202F5803211F06C
:103F40004AF9002008BD00BF6BBE002020450020BC
:103F500070B54169867A0B4D044659B1437ADB0747
:103F600006D42C2303FB06535B6A1B689B689847A7
:103F7000002363612C20214606FB0050BDE8704001
:103F800016F06FB9901A0020024B2C2202FB003071
:103F9000704700BF901A0020827A064B2C2101FB4B
:103FA00002339A6A1B7F1B33801A23F00303B0FB92
:103FB000F3F07047901A002038B5074B827A2C2412
:103FC00004FB02335B6AD3E901240C601568FFF738
:103FD000E3FF04FB005038BD901A00202DE9F043A8
:103FE00085B005466846039190461C4616F0B7FB1F
:103FF000DDE90067EFF31189402383F31288BFF3F3
:104000006F8F6B8B002B41D02A8B9A4225D90022CF
:10401000002328460CF0CCFB0446F0B189F311884C
:10402000BFF36F8F039B002B41D032463B4668465F
:1040300016F0BAFBA27A264B2C2101FB0233204654
:104040005B6A1B6803A91D68DDE90023A84760615E
:1040500070BB2046FFF77CFF24E0698B4B1E6B830F
:1040600089F31188BFF36F8F2B7F2A8BAC6A1B33C8
:1040700023F00303521A02FB0344154B154AEB1AB3
:104080009B105343A3722B7FE372CBE789F3118814
:10409000BFF36F8F2346424628460CF089FB044647
:1040A0000028BFD10024204605B0BDE8F08363613D
:1040B000012300252381039B6382E27A6560294600
:1040C00004F1180017F044FB63692582E360EAE716
:1040D000901A0020A38B2EBA70B50D4C2C2500B978
:1040E00070BD037A4668002BFAD0013BDBB2037245
:1040F000002BF5D1C3604360837A05FB03431B6A41
:1041000013B198473046EAE7FFF722FFFAE700BF0E
:10411000901A0020044A0123C2F840354FF0804233
:104120000020C2F87835704700E0014048B1054BE7
:10413000054A1B68B3FBF2F35843044B43F00103F9
:1041400018477047C018002040420F00B0C402005A
:10415000BFF34F8F0549064BCA6802F4E062134370
:10416000CB60BFF34F8F00BFFDE700BF00ED00E065
:104170000400FA0508B50448044A3F23C0E90023B7
:104180000BF0AEF8002008BD2C450020FFFF010019
:104190000E4B402970B528BF40210D4C46181D46D6
:1041A000B04203F1020304D1002305F8113007489F
:1041B00070BD02781209A25C03F8022C10F8012BE2
:1041C00002F00F02A25C03F8012CE9E70D6D00205C
:1041D00079E4020030B503788BB0044607AD032BB9
:1041E00021D8DFE803F0021A1C1E12492846FBF70B
:1041F0006EFA059563780493A3780393E3780293AA
:104200002379019363790093A3790B4A0B481E210C
:104210000FF0B2FB09480BB030BD0949E6E7094988
:10422000E4E70949E2E7094A0A2128460FF0A4FB1E
:10423000DFE700BF34E4020056E40200EF6C002028
:104240003BE4020042E402004CE4020022FF0200D0
:104250002DE9F341234DBFF35B8F98462B68BFF3E5
:104260005B8F1746DA07044620D538B91E4A1F4827
:10427000012111F020FF6FF0010018E001A912F0F8
:1042800019F81B490246204617F07AFA0028F2D1A5
:10429000BFF35B8F2B68BFF35B8FC3F3C0061B07B5
:1042A00008D5144A1148022111F005FF002002B080
:1042B000BDE8F081A5F1D404072221464046B84765
:1042C00006280AD80C4A0948012111F0F4FE45F8E5
:1042D000D46CE671C4F80360E8E70723B0FBF3F0A1
:1042E000E071E3E7BC14002091E402008CC00200FE
:1042F00049E40200B2E40200D6E402002DE9F041F4
:1043000088B09C79DDF838805D791E79DF7893F884
:1043100002C093F801E01B78B8F1000F0ED0CDE990
:104320000638CDE904CE1346CDE90267CDE9004554
:10433000084A0FF021FB08B0BDE8F081CDE905E3A4
:10434000CDE9037C1346CDE90156034A00940FF0F2
:1043500013FBF0E7FBE402001FE5020010B5FEF7D7
:10436000CBFE044628B1044A03460121034811F05C
:10437000ABFE204610BD00BF40E502008CC002002D
:1043800070B504468CB01E461546A2B129B10A4646
:1043900002A8042111F055FA02A900912B462246E9
:1043A000242103A8FFF7AAFF109A314603A8FEF7BD
:1043B000E3FC0CB070BD0346044A242103A80FF0AF
:1043C000DBFA0028F0DA6FF01500F2E765E502008D
:1043D00007B50B4B0B48DA79C2EBC2020092002200
:1043E0001146FFF7CDFF034638B1074A07480121C0
:1043F00003B05DF804EB11F067BE03B05DF804FB99
:10440000E813002049E402006BE502008CC00200C2
:1044100030B504468DB0154692B129B10A4602A8BE
:10442000042111F00EFA02A900912B462246242104
:1044300003A8FFF763FF03A811F014FF0DB030BD10
:104440000346054A242103A80FF096FA0028F2DA61
:104450006FF01500F2E700BF65E5020007B50093B5
:1044600013460A4601460348FFF78AFF03B05DF88A
:1044700004FB00BFC0FC02000A4601460148FFF7EA
:10448000C7BF00BFC0FC020007B5009313460A4631
:1044900001460348FFF774FF03B05DF804FB00BF5B
:1044A000BAFC02000A4601460148FFF7B1BF00BF4F
:1044B000BAFC020007B5009313460A4601460348BA
:1044C000FFF75EFF03B05DF804FB00BFDDFB0200F9
:1044D0000A4601460148FFF79BBF00BFDDFB020013
:1044E00007B500220346009103481146FFF748FF35
:1044F00003B05DF804FB00BFB2FC020008B502483F
:104500000CF09AFB002008BD5C160020F8B51E4D8B
:10451000BFF35B8F2B68BFF35B8F13F0010F2E4649
:104520002FD015F8CD3CA5F1D4078BB901F068FE6A
:10453000044630B1154A1648012111F0BCFD204651
:10454000F8BDFB7923B901F06BFE04460028F1D1D8
:10455000BFF35B8F2B68BFF35B8F5A0701D400F06A
:1045600023FFBFF35B8F56E8003F23F4006246E869
:1045700000210029F7D1BFF35B8F1B0501D5FFF7A1
:10458000BDFF0024DBE700BFBC14002086E502006D
:104590008CC0020007B5009313460A460146034843
:1045A000FFF7EEFE03B05DF804FB00BF3D01030022
:1045B0000A4601460148FFF72BBF00BF3D0103003B
:1045C00030B50B4D0B4B87B0002428460393CDE943
:1045D000044415F01EFF03AB0093284606490A2346
:1045E0004FF4E8620CF02EFB204607B030BD00BF50
:1045F00028320020B9E50200807E002001460148F3
:104600000CF060BB283200200146014815F0D6BEF0
:10461000283200200378012B30B513D0022B27D08D
:104620007BB9194B0A4603F1100453F8045B42F8B6
:10463000045BA342F9D11B78137043884B731B0AA8
:104640008B7330BD104B0A4603F1100453F8045B22
:1046500042F8045BA342F9D11B78137043684B7393
:10466000C3F307221B0CCB731B0A8A730B74E8E796
:1046700000F1100350F8042B41F8042B9842F9D1B3
:1046800003780B70DDE700BFC2E5020010B512F041
:10469000C9F815F020FF0E4C30B1BFF35B8F2368D3
:1046A000BFF35B8F7BB910BD0CF000FEBFF35B8FD7
:1046B0002368BFF35B8F1BB9BDE810400CF00ABE46
:1046C0000A209847F8E7BDE810400A20184700BFC5
:1046D0003445002038B50446084811F02DFF054642
:1046E00048B1631EDBB21F2B96BF054A0021D15C87
:1046F0000C3011F090FF284638BD00BF6C1B002025
:10470000D3E50200054BBFF35B8F53E8002F43E86E
:1047100000010029F9D1BFF35B8F704734450020B9
:104720000F2810B50CD80D280CD90A4811F004FF39
:10473000044618B104210C3011F06DFF204610BD65
:104740001328F2D009B10448F0E7BDE81040022078
:10475000FFF7C0BF981B0020E81A0020C368034A77
:104760001B780348022112F0F4B800BF02E60200F1
:1047700054C00200F8B506460F4603F005F904469A
:1047800040B18378012B24D0132112F00BFC20467A
:1047900002F0B8FC3946304607F0D6FC054628BB87
:1047A0003946304606F03CF9144B1B6823B31C68AD
:1047B00004B10C3C53F8043C13B1394630469847D9
:1047C000D4B12346E4689B68A4B10C3C002BF4D11F
:1047D000F7E70023D0F8A450C0F8A430132112F05A
:1047E000E1FB204602F08EFC002DD3D0284613F0CA
:1047F0001EFFD5E7002BE0D1F8BD00BFAC4500207F
:1048000070B5C6683378B6F8014083B90F212046E9
:1048100002F0A0FDF378054650B90A4A118831B973
:104820006FEA04506FEA10501080074A137070BD91
:104830000373012102F0A6FC2846BDE8704002F097
:1048400061BC00BFAC5000208E6D002070B5C36805
:104850001D78BDB9B3F801600F21304602F07AFD32
:10486000044638B93346084A0848BDE8704001217B
:1048700012F06FB8294602F085FC2046BDE8704072
:1048800002F040BC70BD00BF2AE6020054C0020026
:1048900010B5C368B3F801400121204602F05AFD6B
:1048A00038B92346054A0648BDE81040012112F0F8
:1048B00050B8BDE8104002F025BC00BF50E6020031
:1048C00054C0020010B5C3681C880121204602F0C4
:1048D00041FD38B92346054A0548BDE8104001218D
:1048E00012F037B8BDE8104002F00CBC50E60200F0
:1048F00054C0020010B501210C3011F0ADFEBDE82E
:1049000010400378024A0348012112F022B800BF88
:1049100074E6020054C00200014610B5084811F0C8
:104920000FFE0849084815F049FD031E06DABDE8E8
:104930001040064A0648012112F00BB810BD00BF16
:10494000341500207C1600200033002096E602007B
:1049500054C0020010B5084C0146062294F86F00BE
:1049600003F064F838B994F86F000449BDE81040CA
:10497000052203F05BB810BDE81300201AE4020022
:10498000024A0348012111F0D3BF00BFB3E6020081
:1049900054C0020070B5C568B5F801600121304609
:1049A00002F0D8FC044638B933460D4A0D48BDE83C
:1049B0007040012111F0CDBF2B783BB9D5F8033001
:1049C000C0F89930D5F80730C0F89D30201D4FF45D
:1049D000803111F0AFFF2046BDE8704002F092BB7D
:1049E00050E6020054C00200B0B50B460D8A00AF7D
:1049F00004462946D868FFF7CBFB8AB06A46094BC4
:104A0000C2E9053440F202439384074BC2E90750E0
:104A100042F8103F054800234FF43251FDF724FEC1
:104A2000BD46B0BDCDE602000500000154C0020045
:104A3000B0B53C2800AF04461AD101F0DBFD6FF49D
:104A40008071103011F08CFF0020FFF783FF0546C6
:104A500030B9124A1248012111F06AFFBD46B0BDBB
:104A60000473002102F08EFB284602F04BFBF5E7B1
:104A70006D468AB06A460B4BC2E905300A4BD361DA
:104A800040F201331384094B42F8103F04480023DD
:104A90004FF41251FDF7E8FDAD46DFE7EFE6020007
:104AA00054C0020010E702004ADB020004000001CB
:104AB0002DE9F74FDFF81CA1BFF35B8F80468946D5
:104AC000174600235AE8004F4AE80032002AF9D17D
:104AD000BFF35B8F264644B93F4A40484346012115
:104AE00003B0BDE8F04F11F034BF2046FFF754FA91
:104AF0003B4D4FF00C0B0BFB0050438843451FD040
:104B00002046FFF749FA0BFB00504388354A0093D3
:104B100032484346012111F0E1FABFF35B8F5AE8B6
:104B2000003F4AE80062002AF9D1BFF35B8F002BF7
:104B30004DD01E46304603B0BDE8F04FFFF7CCBA6B
:104B4000A74208D0204611F0F2FC3A8AF96804F135
:104B50000C0011F057FD2046FFF71EFA0C2707FB4B
:104B600000504368ABB1B9F1000F12D12046FFF7F6
:104B700013FA07FB005001214268D2E90003127AC0
:104B800003F01F07B9405B09DAB100EB830011F0B5
:104B9000D1FE2046FFF700FA0C2707FB0050836880
:104BA000002BC7D02046FFF7F7F9784305F80090AF
:104BB0002046FFF7F1F907FB0055A8680BF02AFE25
:104BC000B8E7C94300EB830011F0CAFEE1E703B088
:104BD000BDE8F08F301500202CE7020054C0020021
:104BE0003845002054E7020037B502EBC303044602
:104BF00008469A4202D16FF05E0010E0114611F8AB
:104C0000085BA54211D1038A5178994209D9084815
:104C1000084A0094012111F061FA6FF0150003B009
:104C200030BD536898470020F9E70A46E1E700BF26
:104C300054C0020087E702002DE9F8430C460CF04F
:104C400035FBE168238A0A78022A71D0042A0BD046
:104C500013463C483C4A012111F07BFE2046FFF7F9
:104C60003BFA6FF015040AE0022B0DD8374A35489D
:104C7000012111F06EFE2046FFF72EFA00240CF001
:104C800029FB2046BDE8F88348783E280AD1032B4B
:104C900001D12F4AEBE7CB78012B01D00A2B47D16A
:104CA000032604E011F032FE0646F0073ED504F17B
:104CB0000C05284611F0E8FC012107462846B4F807
:104CC000109011F0C1FC0221284611F0C5FC80466D
:104CD00000783E2816D1E3681B78012B2CD00A2BD4
:104CE0002AD002251B4A1C491C4841F2451310F0EA
:104CF00031FB002383F31188BFF36F8F0323184622
:104D000002DF04E011F002FEC1070546EAD5144AAD
:104D100098F800000623214611F03EFEAA070DD5A3
:104D20006369A4F8109013FA87F7E760B307A5D575
:104D30002046FFF7F1FDA1E70325E8E72046FFF74E
:104D4000CBF9F3E754C002004FE80200A9E70200E4
:104D5000C5E70200E5E7020019E8020032E80200B8
:104D600014C9020010B5012104460C3011F074FC86
:104D70002146034A0078BDE81040022311F00CBE22
:104D800044C9020073B53E4811F0EFFB0446002809
:104D900073D000F10C05284611F066FC022803468A
:104DA00003D0042847D0374A03E0238A032B05D8D1
:104DB000354A3648012111F0CCFD13E00421284684
:104DC00011F04AFCFF23428806882376238AC6F323
:104DD0000B009A42608309D02C48009201212C4A92
:104DE00011F07CF92046FFF777F912E00F2102F06D
:104DF000B1FA054610B9638B264ADAE702F0D0FA19
:104E0000320B20762146284602F002F9284602F0AD
:104E100079F9214BD3F84C317BB32049204815F068
:104E2000CDFA031E29DA1F4A1848012102B0BDE855
:104E3000704011F08EBD2846022111F00DFC054690
:104E400000783E2812D011F061FD10F002060DD15D
:104E5000154A1649164840F6A84310F07BFA86F327
:104E60001188BFF36F8F0323184602DF114A287899
:104E70000623214611F090FDB4E702B070BD00BFDB
:104E800034150020F8E8020063E8020054C0020074
:104E900084E80200A8E80200E81300207C16002045
:104EA0000033002096E60200E5E70200CAE80200AF
:104EB00032E8020054C9020010B5012104460C304A
:104EC00011F0CAFB2146034A0078BDE810400823D0
:104ED00011F062BD84C90200F8B5012100AF04469B
:104EE0000C3011F0B9FB0678114A002321463046F8
:104EF000FFF77AFE5F3019D1258AE0682946FFF76F
:104F000047F96C468AB06A460A4BC2E9053640F258
:104F100002439384084BC2E9075042F8103F074808
:104F200000234FF43251FDF79FFBA546BD46F8BD67
:104F3000C4C902000CE902000500000154C00200CF
:104F40002DE9F04F83B0D0F80C80018A98F800402A
:104F5000012303EB84038B4200AF63D96D468AB013
:104F60006A463348C2E907310523C2E9050442F81D
:104F7000103F304800234FF42151FDF775FBAD463B
:104F80000C37BD46BDE8F08F2B4A2A484B4601211D
:104F900011F0DFFC013598F800309D42F0DA08EBA3
:104FA00085030F21B3F80190B3F80360484602F07F
:104FB000D1F904460028E7D000F1C00936B1636991
:104FC00043B91C485A46012111F0B2FC204602F0B8
:104FD00099F8DFE7A1691A6862618B4208BFA26194
:104FE00020467B6001F0B2FF0BF014FC7B68C3F835
:104FF00000A0226A9AB9C4E90733BFF35B8F59E86E
:10500000003F013B49E80032002AF8D1BFF35B8F33
:1050100000212046013E01F0A5FFB6B2CEE71360A5
:105020002362EAE70025DFF814B0AA46B3E700BF21
:105030003EE9020054C0020069E9020085E902006D
:1050400073B5C568B5F801600121304602F082F9F8
:10505000044640B93E4A3F483346012102B0BDE80C
:10506000704011F076BC2B781A2B00F1040619D190
:10507000C378012B50D14FF48041304611F05AFCD7
:1050800042040FD4D4F88C3000936946D4F894309D
:105090000193204602F0C8FF204602B0BDE87040F0
:1050A00002F030B82B78BBBBB5F803302A4940F288
:1050B000E2425343C4F88830B5F80520A4F89020A4
:1050C000B5F80720A4F89220A3F5EA520C3A8A42D8
:1050D00004D9224A1F48022111F03BFCB4F8903059
:1050E000B3F5FA7F04D31E4A1A48022111F031FCAD
:1050F000B4F89230A3F10A0292B240F676418A42A5
:1051000004D9184A1348022111F023FC6FF480518E
:10511000304611F025FC17E0BFF35B8F6368BFF3E7
:105120005B8FDB04F2D52B78202BEFD194F89830ED
:10513000002BEBD0013B84F898304FF42032002351
:1051400004F140000BF0E8FD204602F009FBA3E764
:1051500050E6020054C0020095F03C009CE90200B9
:10516000C3E90200EAE90200094BBFF35B8F1A684A
:10517000BFF35B8F02F00B02BFF35B8F53E8001F9E
:1051800043E800200028F9D1BFF35B8F704700BFD0
:10519000BC14002010B5C1E900239DF808300B7243
:1051A0000C46FEF7F9FE034B0C2202FB00335C6059
:1051B00010BD00BF38450020F8B502460B46104828
:1051C00011F0BAF90446C0B104210C3011F009FA0B
:1051D0002046FEF7E1FE0B4D0C2707FB0050002692
:1051E00046802046FEF7D8FE07FB0050866020462A
:1051F000FEF7D2FE07FB00556E602046F8BD00BFEB
:10520000401B00203845002037B504460D468DF878
:105210000700A0B929B10B490722284616F0A0FAC9
:1052200040B909490DF10702002006F0F5FE002003
:1052300003B030BD29462046FFF79CFAF7E76FF030
:105240001500F5E721E402005769020029289ABFFA
:10525000014B185C0920704750ED020070B5C3681F
:10526000B3F801601D780F21304602F073F8044650
:1052700038B93346184A1948BDE87040012111F089
:1052800068BB65B12846FFF7E1FF29460246204684
:1052900002F026FB2046BDE8704001F033BF86785F
:1052A000012EEFD106F0CEFD204611F017FB0028AD
:1052B000E8D10520FFF7CAFF05210246204602F08B
:1052C0000FFB3146064A054811F032FB0521204606
:1052D00011F068FEDEE700BF2AE6020054C00200BB
:1052E00016EA02002DE9F041C668B6F8017035787B
:1052F0000F21384602F02EF8044638B93B46214AC1
:105300002148BDE8F041012111F023BB45B12846F9
:10531000FFF79CFF29460246204602F0E1FA08E02A
:10532000F278C37A934209D1184A1748022111F042
:1053300010FB2046BDE8F04101F0E4BE8378C27264
:10534000012B05D00020FFF781FF00210246E3E793
:105350000AB106F077FD204611F0C0FA0028F1D11D
:105360000520FFF773FF05210246204602F0B8FA38
:10537000074A0548012111F0DBFA0521204611F00A
:1053800011FED6E72AE6020054C002003CEA020001
:1053900016EA0200034B0146D3F86C01826892685A
:1053A000104700BFE81300200148042111F0C2BAE1
:1053B000BC140020004870472ED7020001480BF0B3
:1053C0003BBC00BF6C16002070B505460C4659B9B1
:1053D0004FF0FF304FF0FF31FFF7EEFE044618B9F3
:1053E0006FF06805284670BD2046FEF7D5FD194BC5
:1053F0000C2202FB0033A61830465D8011F044F900
:1054000003280BD90321304611F00DF90580238ABA
:10541000033B83700121304611F00DF940F635430E
:105420009D420FD12046FFF7B5FF05460028D9D091
:105430000346094A0948012111F08BFA2046FEF77C
:105440004BFECFE70648214614F000FF0025FFF78A
:10545000B5FFC7E7384500206BEA020054C00200E0
:105460003C150020F0B5C5682F88BCB287B001217B
:10547000204601F06FFF064640B9284A28482346D7
:10548000012107B0BDE8F04011F063BA02ACD5F8D5
:105490000220D5F8063001946989009112F0C2FF0C
:1054A00048B34FF0FF304FF0FF31FFF785FE054660
:1054B00048B91C4A1A48012111F03AFA304601F065
:1054C00021FE07B0F0BD12210C3011F095F8034613
:1054D000224623F8027B06AF144603CCBC42186078
:1054E0005960224603F10803F6D1294642F21A0018
:1054F000FFF76AFFE2E74FF0FF304FF0FF31FFF7B1
:105500005BFE04460028D4D002210C3011F074F860
:105510002146078042F21B00EAE700BF50E6020086
:1055200054C002008DEA020073B5C368D9789A7836
:105530001E8842EA0122ADF8002059791A7942EA20
:105540000122ADF80220D9799A7942EA0122ADF818
:1055500004201A7A5B7AB4B242EA0323012120467E
:10556000ADF8063001F0F6FE054658B91D481E4A52
:105570000121234611F0EDF90221204611F064FAD1
:1055800002B070BD694602F03FF938B91E212046CD
:1055900011F05AFA284601F0B5FDF1E74FF0FF305F
:1055A0004FF0FF31FFF708FE04460028F2D00E212D
:1055B0000C3011F021F800230680C0F80A30BDF845
:1055C00000304380BDF802308380BDF80430C380D2
:1055D000BDF806300381214642F22000FFF7F4FEB9
:1055E000D8E700BF54C0020050E6020038B50246BA
:1055F0000B462B4DD5F8541109B9002038BD05F5DF
:1056000098700BF041F90028F7D10022002305F52E
:10561000AA700BF0CDF8044668B9224A2249234803
:1056200040F6B8430FF096FE84F31188BFF36F8FF6
:105630000323184602DFD5F848315BB11C4A1D48E8
:10564000012111F075F9D5F84801FEF745FD002359
:10565000C5F84831204610F09EFFC5F848012046A5
:10566000FFF798FE0346C8B1134A1248012111F012
:1056700070F912480BF0CEF82046FEF78DFC104B67
:105680000C2202FB0033588818B122461F21FFF775
:105690000FFA2046FEF720FDFFF790FE0120ADE750
:1056A000E8130020E5E70200F6E5020032E8020018
:1056B000A4EA020054C002006BEA020018150020A0
:1056C000384500202DE9F04F87B0064600AF9046E0
:1056D0000C4671B94FF0FF304FF0FF31FFF76CFD12
:1056E000044668B96FF0680528461C37BD46BDE81A
:1056F000F08F887AFEF748FC534B834240F09D8040
:1057000001220021384614F0BAFD2046FEF744FC81
:10571000DFF838B10C2303FB00B08760204610F09F
:105720003AFF01463046FFF74FFE054618B12046C6
:10573000FEF7D2FCD8E716F00BFA454B1A58454B4A
:105740009A421ED1444814F096FD002182464FF43F
:10575000A020FFF74BFF814688B9404A40494148A5
:105760004FF4F9730FF0F6FD3F4831460FF0F2FDAC
:1057700089F31188BFF36F8F0323184602DF544566
:10578000E0D14FF4A022002338460BF07DF881468B
:1057900098B14FF4FC73314A344932480FF0DAFDC6
:1057A00033484A4631460FF0D5FD002383F3118874
:1057B000BFF36F8F0323184602DF2046FEF7ECFB92
:1057C0000C2358431BF80090B9F1000F2ED06D4602
:1057D0008AB06A46274BC2F81C90C2E90536264BB0
:1057E000136240F202439384244B42F8103F244852
:1057F00000234FF43251FCF737FF2046AD46A9F1A4
:105800000909FEF769FCB9F1090F0CD8DFE809F0C6
:10581000180B0B08050B0B0B0B156FF00B0563E753
:105820006FF00C0560E76FF004055DE7B8F1000F5D
:105830003FF47DAFC8F8004056E76FF0150553E719
:105840006FF06E0550E700BF401B00203845002078
:1058500008000000B84200203C150020E5E70200E7
:10586000BFEA020032E80200C7EA0200E7EA0200EB
:10587000F0EA020035EB02004ADB020005000001FD
:1058800054C0020073B506460D4601AA002142F23B
:105890002F00FFF717FF044638B1154A15480121BC
:1058A00011F046F8204602B070BD0198C368B3F805
:1058B00001203280B3F803302B80FEF70DFC3388D3
:1058C000A3F11B02E02A04D90B4A0A48022111F075
:1058D00040F82B88A3F5A47292B244F248118A4290
:1058E000E0D9064A0348022111F033F8DAE700BF95
:1058F00054EB020054C0020074EB020099EB02006A
:1059000010B5FAF745F8034B1B6813B1BDE810401A
:10591000184710BD5C45002073B52D4D0646D5F8DF
:105920006C0114F046FB48B92A4A2B48012110F0BB
:10593000FFFF6FF01204204602B070BD6FF002014D
:1059400005F1D40011F00CF8012110F0F3FFC307AA
:105950003AD4FEF703FD04460028ECD11F4B1E602D
:105960000122114605F5987014F089FC05F5AA701E
:1059700014F060FC1A4814F04CFD1A4918480094C1
:105980006FF0070340F698020BF05CF916491448D3
:105990000BF036FAD5F86C01144983681B689847F8
:1059A000044630B10346124A0B48012110F0D1FFE2
:1059B000C1E726B902B0BDE87040F9F7E9BF05F1CB
:1059C000C4000BF039F9B6E76FF07704B3E700BF16
:1059D000E8130020BFEC020054C002005C45002028
:1059E0000033002000860020D7EC0200394C010073
:1059F000E0EC02002DE9F04784B05C4BB0F8019078
:105A0000198849F4704291424FF0000608BF1E8089
:105A1000054608BF564B00AF08BF1E7800F0FEFADF
:105A2000EB78012B08BF534B05F1040840460CBF2F
:105A300093F86F40002410F0F1FE414670B307F177
:105A4000080010F0E0FED5F81130C7F80130B5F8C5
:105A50001530A7F805304FF0010AEB78012B32D052
:105A60004046FEF7B7FB6C4688B06A46424BC2E937
:105A700005304FF400739383404B42F8103F404889
:105A80004FF4E2510023FCF7EFFD1321A5464846F1
:105A900010F0F6FF1037BD46BDE8F087204611F044
:105AA0005AF903460068B8609A889B796868BA8199
:105AB000BB73B8F8042098F8063095F804A0386055
:105AC000BA80BB71C9E707F10800FEF743FF04463F
:105AD0000028C5D00346B5F8012023F8702BB8681C
:105AE000BA7BB98920679A719980B5F8173040F26E
:105AF000E2425343C4F88830B5F81930A4F8903026
:105B0000B5F81B30A4F89230EB78E3700022012B3B
:105B100022731AD187F800A0BA88BB793868A4F834
:105B20007B2084F87D30C4F8770000F063FD237A91
:105B30001049C3EBC3035A18CB58C4F87E3093887E
:105B4000A4F88230937984F884300721204601F04C
:105B500019FB26B126730121204601F013FB2046D4
:105B600001F05AFC204601F0CDFA93E7AC5000203A
:105B70008E6D0020E8130020FCEC02000300000101
:105B800054C0020000B5C368187889B020B109B0CC
:105B90005DF804EBFEF74CBFB3F80120ADF801202F
:105BA000DA788DF800008DF80320B3F80B20ADF8FB
:105BB0001720B3F80D20ADF81920B3F80F20ADF879
:105BC0001B205A7C8DF81D20586801901A899B7AF9
:105BD0008DF80A30094BADF8082068461A689B8892
:105BE000CDF80B20ADF80F30CDF81120ADF8153001
:105BF000FFF700FF09B05DF804FB00BF2EE40200D0
:105C000038B5042104460C3010F026FD03464088C8
:105C10005D7818B119782246FEF74AFF35B104487D
:105C20000AF0F8FDBDE83840FFF7C8BB38BD00BF3B
:105C300018150020B0B50321044600AF0C3010F059
:105C40000BFDE3680578B0F80100197840F635439C
:105C5000984216D16C468AB06A46104BC2E90531AB
:105C60000F4BD36140F2013313840E4B42F8103FC7
:105C70000D4800234FF41251FCF7F6FCA546BD4633
:105C8000B0BD10B12246FEF713FF002DF7D0074834
:105C90000AF0C0FDFFF792FBF1E700BF18ED02002C
:105CA0004ADB02000400000154C002001815002065
:105CB000F8B50A4DEF7906460024E3B29F4202D8B8
:105CC0006FF0010007E02946304610F06EFF0735FF
:105CD000631C08B12046F8BD1C46EEE7E81300201F
:105CE00037B504460D46B9B11649284610F05DFF98
:105CF00090B91548C4EBC4042946204410F05FFF56
:105D0000124810F063FF430703D5FEF7F7FB10F0CE
:105D10001CFD002003B030BD684610F066FD002871
:105D2000F8D16846FFF7C4FF0028F5DA064BC4EB4C
:105D3000C4001844694610F042FF002DE0D001462F
:105D40002846DBE721E40200E8130020BC14002011
:105D500070B51A4E06223146054615F001FD38B3DE
:105D60004FF0FF304FF0FF31FFF726FA044608B33B
:105D7000062229460C3010F045FC2146002242F252
:105D80000500FFF79FFC044648B110F10D0F04D148
:105D90000B4A0C48022110F010FF204670BD33461C
:105DA0002A6843F86929AA88B280012283F868200A
:105DB0000024F2E76FF06804EFE700BF5114002001
:105DC000CBED02005CC00200084BBFF35B8F53E8D1
:105DD00000CF4CF4806C43E800C2002AF7D1BFF337
:105DE0005B8F037A19430172704700BFBC14002017
:105DF000F7B5002104460222084601F017FE0646C8
:105E000048B120460121FFF7DFFF304603B0BDE86F
:105E1000F04001F077B93B4D01463B4800F0E4FB10
:105E200095F823317BB1304610F013FF58B1374A53
:105E30000221374810F0C1FE3648002103B0BDE80A
:105E4000F04000F0D1BB95F8232195F822319A4219
:105E500018D1314A2E48022110F0AFFE002211461F
:105E600042F22900FFF72EFC10B12C4A0121E0E795
:105E700095F82331013385F82331237A43F0040365
:105E80002372D9E72246671C12F82A0B394610F014
:105E9000A3FE064610B1224A01210EE095F82331F7
:105EA000013385F82331237A43F00403237295F8F4
:105EB000A7305B0708D41B4A0221154810F07DFE6D
:105EC000012010F0C6FEB7E73946684610F077FEAD
:105ED00001234FF0FF304FF0FF318DF80730FFF70F
:105EE0006BF9044660B1082269460C3010F08AFB59
:105EF0003246214642F24E00FFF7E4FB0028DFD095
:105F0000094AC9E7E81300201F6D0200DAED02001C
:105F10005CC00200856C0200FFED020030EE020062
:105F200050EE020070EE02009AEE020000212DE910
:105F3000F04102220446084601F078FD054640B1D2
:105F400020460221FFF740FF2846BDE8F04101F05E
:105F5000D9B801462A4800F047FB284610F079FEE0
:105F6000284D064688B1284A03460121274810F0EB
:105F7000ABF895F8233113B1012010F06AFEBDE8AB
:105F8000F0412348002100F02FBB95F8233195F80C
:105F900022219A420CD2013B85F82331237A1D49F4
:105FA00023F0040302462372022006F057F8E0E7CC
:105FB0004FF0FF304FF0FF31FFF7FEF804F101081A
:105FC000074668B107210C3010F016FB414610F06F
:105FD000F6FD3246394642F22800FFF773FB28B13E
:105FE0000D4A0A48012110F0E8FDC2E795F8233177
:105FF000013B85F82331237A23F004032372B8E7A9
:106000001F6D0200E8130020B5EE02005CC0020024
:10601000856C02003D6C0200E2EE02000A4BBFF309
:106020005B8F53E8002F22F4806143E800100028C2
:10603000F7D1BFF35B8F530504D50449002202203A
:1060400006F00CB8704700BFBC140020B56D02000C
:106050001FB50023CDE9023301908DF80C1001AA81
:106060000349022005F0FAFF029805B05DF804FB31
:10607000F56C020010B4034670B10A4991F8224150
:1060800091F823210CB1944208D2013281F82321E6
:106090001A7A42F004021A7210BC704710BCFFF763
:1060A000A7BE00BFE813002010B4034698B10B4C04
:1060B00094F8221194F8232129B101318A4203DC9A
:1060C00010BCFFF733BF12B1013A84F823211A7ACA
:1060D00022F004021A7210BC704700BFE8130020BF
:1060E00070B50446B1B9C0B11F4910F05EFDA0B94A
:1060F0002046FFF7DDFD00282FDA2378012B04D19D
:10610000A37903F0C003C02B07D0184A1848012117
:1061100010F053FD6FF0150070BD164DEB79012B9B
:106120001ED005F1D40010F051FDC30707D4002C98
:10613000F0D00D49204610F038FD0028EAD1EE7964
:106140002146731C3046EB71FFF7CAFD08B9304693
:10615000E2E7EB79013BEB71DEE76FF07700DBE71D
:106160006FF00B00D8E700BF21E4020007EF020048
:106170005CC00200E81300202DE9F341044640B959
:106180001A4A1B48022110F018FD002002B0BDE899
:10619000F08101AA002141F20900FFF793FA0546B8
:1061A00008B1144AEDE7019E1349D6F80C8008F1B6
:1061B00001070622384615F0D3FA28B10F49062206
:1061C000384615F0CDFA18B93046FDF785FFDCE703
:1061D000D8F80130C4F80130BB88A4F80530304647
:1061E0002570FDF779FF0120D0E700BF35EF0200F1
:1061F0005CC002004EEF02002EE4020028E4020020
:1062000007B56846FFF7B8FF044BD87118B1694667
:106210000020FFF765FD03B05DF804FBE8130020E4
:10622000F0B5304DEC7989B0002C53D195F8C260AF
:1062300016F0010610D12C4A2C48022110F0BDFCAA
:10624000EC71162600240127EB79E0B298422CD39A
:10625000002B3FD000203BE06A4621464FF6094024
:10626000FFF730FA08B1224AE6E7DDF800C0DCF8B3
:106270000C104B7823B96046FDF72EFF1D4ADBE773
:106280008B1C02AA01F1120418685968174603C74B
:106290000833A3423A46F7D1186838609B88BB8020
:1062A0006046FDF719FF3446CAE708AB06FB00332A
:1062B000694653F8182C33F8143CCDF80120ADF89A
:1062C00005308DF80070FFF70BFD01340028BBD0BE
:1062D00009B0F0BD0021084609B0BDE8F040FFF765
:1062E000FFBE00BFE81300206CEF02005CC002009C
:1062F00098EF0200B8EF02002DE9F0410D46174675
:106300001C46064650B14BB10A03037811D56D0700
:1063100008D52E4A2E48012110F04FFC6FF01500D1
:10632000BDE8F08110F02BFD0028F9D10123237086
:10633000F6E7A9072ED027480FB1AA0608D4C3EB69
:10634000C302825C012A13D002B922700020E7E761
:1063500090F8D820510635D5C3EBC302825C012AE0
:1063600006D002B92270237843F002032370EDE7D0
:106370004FF00108072111FB03810144304610F062
:10638000F6FC0028CCD184F80080002FDED0AB06CC
:10639000DCD5E8E76A0712D50E49C3EBC3028E5C71
:1063A000012E09D1072212FB0363194410F0DFFC10
:1063B0000028B5D12670EAE7002EE8D1FAE710F000
:1063C000DEFCB3E76FF08500AAE700BFE1EF020053
:1063D0005CC00200E81300202DE9F74F8A460190C7
:1063E0004FF0FF314FF0FF30FEF7E6FE0446002885
:1063F0004ED020210C3010F0FFF8202200218046E2
:106400004FF0000915F0A4F9DAF8007008F1010B5B
:106410004D46DAF80420914509D3019888F80050D8
:106420000022214603B0BDE8F04FFFF74BB97A7860
:1064300097F800C0A81C81181F2915D9BCF1090FB5
:10644000C0F11F0201D1002A0CDC134A13480121BC
:106450000FF031FE2046FDF73FFE6FF0150003B050
:10646000BDE8F08F4FF0080CD6B2711C0BF8051088
:10647000691CC9B202360BF801C079685BFA80F07A
:106480002E4415F03DF9F5B209F101090837C0E7CE
:106490006FF06800E3E700BF06F0020014C00200DE
:1064A000F8B545686905064635D4046914B115F098
:1064B000030330D0194F3078FB7983422BD9C0EBDE
:1064C000C00017490722384415F04AF9A8B115F061
:1064D000030306D197F87020082A02D8B2689F2AD1
:1064E00019D915F0300F09D0ACB1EA060AD405F479
:1064F0006035B5F5603018BF0120F8BDEB0601D45A
:10650000002CF4D1D6E902239A4204D81F2A02D9DA
:10651000B3F5804FEBD90020EFE700BFE813002070
:1065200021E40200F7B5CDE90001694642F2080016
:106530009DF8207016461D46FFF74EFF044668B9C9
:106540007FB9BFF35B8F0C4B53E8001F41F0040190
:1065500043E80012002AF7D1BFF35B8F204603B057
:10656000F0BD694642F20900CDE90065FFF734FF4E
:106570000028E6D00446F1E710140020F8B50446E0
:10658000164B14F8097B83F86F7005460E460722F8
:106590001349204615F0E4F870B91249384601F065
:1065A000C7F9044610B96FF00B00F8BD052100F0E3
:1065B000E9FD34600020F8E72146384601F0FEF995
:1065C00040B92146287801F0B3F904460028EAD002
:1065D0000621ECE76FF01500E7E700BFE8130020A5
:1065E00021E402001AE4020003460148184700BFF4
:1065F0000014002000487047001400202DE9F04FDF
:106600008E4ED0F810B089B09A460023BBEB03043D
:106610000546304618BF0124039310F0ECFB0F46EB
:106620004107914640F1EA802846FFF739FF60B9FB
:106630006FF015043846002340F20111994540F0EF
:10664000E680204609B0BDE8F08F284610F0AEFB8A
:1066500080460028ECD0A6F1AC0010F0CCFBC205BF
:10666000C0F3002300F1CD80CDE90533CDF81B3018
:10667000AB686868ADF81030EB68ADF8123010F018
:10668000ABFB8DF81D00BFF35B8F56E8003F23F492
:10669000807346E80032002AF7D1BFF35B8F2A7877
:1066A00006F8BC2C06F8652C696822460DF1150326
:1066B000A6F1BC00FFF720FE04460028BAD1A6F1DF
:1066C000B303BBF1000F11D02A69116846F8B31C5F
:1066D0009188998092799A716B689E074AD1980542
:1066E00002D4BAF1000F59D002230BE0544A1168CA
:1066F00046F8B31C9188927999809A716B689C07CF
:10670000EDD05B468DF814304FF0FF304FF0FF3185
:10671000FEF752FD0446002876D00F2204A90C3063
:106720000FF070FF2146002242F20600FEF7CAFF7A
:10673000044600287FF47EAFBBF1000F32D06B68B7
:1067400099073BD13F48012110F076FB0446002811
:106750003CD03D4A3D4801210FF0ADFC039D002D8A
:106760003FF468AF2846002100F00CFD284600F0F9
:10677000C9FC5FE713F0100F0CBF012304238DF851
:1067800014302B691A68CDF816209A88ADF81A20B3
:106790009B798DF81C304FF00008B5E703238DF886
:1067A0001430F8E7129BCDF800805246494638462F
:1067B000FFF7B8FE04460028C1D03BE7214803A9F3
:1067C000FFF7DCFE04460028BCD033E7039808B18D
:1067D00000F098FC6A681E4812F0030218BF0122FC
:1067E000092110F00EFB42460A2110F00AFB6A68EC
:1067F0000C21C2F3800210F004FB1BE76FF00A04C7
:1068000018E76FF0770415E76FF0680412E7028865
:106810008A4204D1426812B11278D20702D40133FD
:1068200008300BE70B490C4813F0F9FD4FF47022C8
:10683000002309480AF0A4FA03E700BFBC140020B3
:1068400021E40200001400201FF0020014C0020026
:1068500010140020D96801001814002010B5184841
:1068600010F012FB174810F0C6FA0346DA05C0F321
:10687000002023D5134810F0BEFA830515D5124920
:106880001248072214F06CFF11490346087E93B9A1
:106890001049052201F0CAF8044630B10021017305
:1068A00000F070FC204600F02DFCBDE810400448CC
:1068B000002110F0C1BA06222131EBE710BD00BF64
:1068C000001400201014002021E40200091400200C
:1068D000E81300201AE4020010B5FFF7BFFF0346DB
:1068E00030B1044A0448BDE8104002210FF0ECBB6F
:1068F00010BD00BF3AF0020014C0020070B59AB09B
:10690000414B02931822002103A814F021FF44F206
:10691000010309A8099310F0BAFA099B0493694688
:106920003A4B059302A814F0F2FA034638B3384AFA
:10693000384801210FF0C8FB1F25374BBFF35B8F91
:1069400053E8001F21F0010143E80012002AF7D1AB
:10695000BFF35B8F314E0AF0A9FC3468002C4BD09A
:10696000002DA4F104042E4D18BF002523680BB19F
:10697000284698476468002C3ED0043CF6E701ABFB
:106980000098412209A914F094F9034608B1254A58
:10699000CEE7254A0DF125030DF1650153F8040BEF
:1069A00042F8040B8B42F9D101AB20490098202218
:1069B00014F02DF9034608B11D4AB9E700980BF011
:1069C000BBFD054610B11B4A0346B1E71649144802
:1069D00010F06AFA1848203110F066FABFF35B8FA6
:1069E000164B53E8001F41F0100143E80012002A43
:1069F000F7D1BFF35B8FA0E70023C6E900330AF0AD
:106A000069FC1AB070BD00BF1271000100000209DC
:106A100060F0020044C0020060450020684500208C
:106A2000EF6D00207EF00200AF6D00208F6D002022
:106A3000A1F00200C5F002000F6E0020BC1400207F
:106A400030B5A7B004233D22002116A8159314F0F9
:106A50007FFE324B06931822002107A814F078FE1F
:106A600044F201030DA80D9310F011FA0D9B089349
:106A70002B4B09932B4904AB202206A80BF09EFD5B
:106A8000034600B3284A294801210FF01DFB6FF08F
:106A900004040AF00BFC264B1D6885B10020186029
:106AA000244BBFF35B8F53E8001F21F0020143E842
:106AB0000012002AF7D1BFF35B8F44B3A8470AF056
:106AC00009FC27B030BD1C4B0DF1550203F140000D
:106AD000194653F8044B42F8044B8342F9D105ABF5
:106AE00002932023CDE900130D480499412315AAF0
:106AF00014F0BFF9034608B1104AC4E704980BF03C
:106B00001BFD04460028C4D00D4A0346BBE70DA870
:106B1000094910F0C9F90DA8D0E700BF12710001B2
:106B2000000002098F6D0020E5F0020044C0020061
:106B30006445002060450020AF6D00201BF102007D
:106B400037F1020008B50449402214F009FEB0FAFA
:106B500080F0400908BD00BF9FF1020010B59AB057
:106B6000182204461B4B0293002103A814F0F0FDE9
:106B70004FF4804309A8099310F089F9099B049305
:106B8000154B0593214604230DF125008DF8243083
:106B900010F08AF904F120010DF1450010F084F99C
:106BA00001AB412209A902A80BF008FD044602A886
:106BB00014F025FA2CB901980BF0BEFC01201AB094
:106BC00010BD0648064A234601210FF07DFA002039
:106BD000F5E700BF124100010000020944C00200B5
:106BE00054F1020010B500283FD0234A136823B1A6
:106BF000043B98423CD05B68F9E7204BBFF35B8FC6
:106C00001968BFF35B8F890707D51D481D4A02210C
:106C10000FF051FA6FF00F0010BD14684460011DB1
:106C20005068116000B95160BFF35B8F53E8002FCB
:106C300042F0010143E800100028F7D1BFF35B8F59
:106C4000D30701D50020E7E70F4BBFF35B8F53E875
:106C5000001F21F0100143E80012002AF7D1BFF312
:106C60005B8F0A48FDF7D0FCECE76FF01500D3E727
:106C70006FF07700D0E700BF684500206045002036
:106C800044C0020078F10200BC1400209C160020D1
:106C9000054BBFF35B8F1B680448BFF35B8F13F09A
:106CA000100F08BF00207047BC140020EF6D0020BB
:106CB00070B505461E4803688B4232D0BFF35B8F28
:106CC0001C4B1B68BFF35B8FDA062DD5036813B12D
:106CD0006FF00F0070BD184ABFF35B8F1368BFF3EE
:106CE0005B8FDB07F4D4BFF35B8F52E8003F43F0C8
:106CF000020442E80046002EF7D1BFF35B8F13F089
:106D00000204E5D101600D48294610F0CDF80C4889
:106D100005F1200110F0C8F80A48FDF775FC20467F
:106D2000D8E76FF07700D5E76FF07C00D2E700BFBF
:106D300064450020BC14002060450020AF6D002099
:106D4000CF6D00208C16002070B50C4B1C680546DA
:106D500044B154F81C3C1C3C13B1297B284698478D
:106D6000E469F5E7064C074EB44200D370BD2368D2
:106D700013B1297B284698472034F5E7A445002025
:106D8000BCBF0200FCBF020010B50446FDF704F9C9
:106D9000044901EB001120460FF081FDBDE81040D1
:106DA000FEF70CBB7045002070B5D1E901560022FA
:106DB0000446C1E90122064813F048FA3DB13146C4
:106DC00020462B466FF06D02BDE87040184770BD3D
:106DD000781A002030B54FF4806185B00446043045
:106DE00010F088F840054AD4BFF35B8F6368254DE7
:106DF000BFF35B8F13F4803F30D095F8D930D907BB
:106E000010D5022300211A46009120460FF096FE6D
:106E1000034620B11C4A1D48012110F069F8637B2C
:106E2000072B2CD195F8D8309B0628D50FF0DEFD26
:106E300028B30DF10E0103A8FEF724FDF8B9BDF843
:106E40000E20BDF80C1020460FF059FE0346B0B1DD
:106E50000F4A0E48012110F04BF810E095F8D83099
:106E60001A07CAD520460FF02FFE034620B1094A63
:106E70000648012110F03CF8637B072BBDD005B01C
:106E800030BD00BFE813002007F202002CC0020052
:106E90001EF20200E6F1020070B505460F4800221E
:106EA000002309F0F1FCB8B90D4B1C6834B154F85B
:106EB000143C1C3C03B19847E469F7E7094C0A4EBF
:106EC000B44204D32846BDE8704009F0B5BEA368BB
:106ED00003B198472034F3E770BD00BF601A00206B
:106EE000A4450020BCBF0200FCBF02002DE9F8430E
:106EF000DFF85480044640270025EFF3118387F321
:106F00001288BFF36F8FE16929B983F31188BFF34A
:106F10006F8FBDE8F883206A0A68E261814208BF8A
:106F2000226283F31188BFF36F8FD1E90169404674
:106F3000C1E9015513F08AF91EB1002249462046E5
:106F4000B047FEF73BFAD8E7781A00200448B0F8BB
:106F50000431002B00F5847008BF0020704700BF8B
:106F6000E813002030B5044614F0F2FD0D4A0D463A
:106F70000D490858D2F8B81088428BB005D1204688
:106F80000BB0BDE83040FFF7B1BF243421461046B6
:106F900013F014FA1DB16946204613F01FFA0BB026
:106FA00030BD00BFB84200200800000038B5002204
:106FB00004468A4202D10024204638BD04F1C803A9
:106FC0000120BFF35B8F53E8005F002D04D143E83D
:106FD000000CBCF1000FF6D1BFF35B8F02D0D034B0
:106FE0000244E6E7002CE6D0C8220021204614F037
:106FF000AFFB04F14000044913F011FA034904F116
:10700000240013F0BFF9D7E7DD7A01001F6F0200FB
:10701000F7B516460D4601210446FFF7A3FF012EE2
:1070200023D0022E50D123693BB13048304A012190
:107030000FF041F820460FF090FF256121690B8A7F
:10704000012B51D9CA681288043292B293424BD3B1
:1070500041D9264800920121264A0FF03FF82046E8
:1070600003B0BDE8F0400FF078BF206940B9224A74
:107070001E4831460FF01FF820460FF06EFF01E06A
:107080002F8A2FB9284603B0BDE8F040FDF724B899
:107090000C300FF0FDFA87420CD9184A13483146DC
:1070A0000FF009F821690022204600F091FF00232B
:1070B0002361E7E720692A8AE9680C300FF0A2FA19
:1070C0002846FDF709F8B9E70D4A0848334601217B
:1070D0000FF00EFFD0E7002301222046236103B00A
:1070E000BDE8F04000F074BF03B0F0BD2CC002005A
:1070F0003AF20200BAF2020057F2020075F2020000
:107100009CF2020008B5C830BFF35B8F50E8003F27
:10711000013B40E80032002AF8D1BFF35B8F3BB956
:10712000044809F077FBBDE80840034809F084BD36
:1071300008BD00BF601A0020BC16002010B5044630
:107140000FF014FF0AF0B2F80C4BD3F8243104F11D
:10715000BC012BB90A480FF0B1FE0AF0BBF806E0FB
:10716000994208D10AF0B6F82046FFF7CBFFBDE8F8
:107170001040FEF723B91B68EBE700BFE8130020BF
:107180000C150020F8B5467B8E4200AF04460D4634
:107190001AD1082E96BF554B554B53F826306C46E6
:1071A00088B06A465349C2E905134FF400739383CC
:1071B000514B42F8103F514800234FF4E451FBF784
:1071C00053FAA546BD46F8BD41730EB90FF0CEFE89
:1071D000637B082B00F2868001A252F823F000BFE7
:1071E000357201008B720100C5710100C57101008B
:1071F000C5710100C5710100C57101000572010072
:10720000C57101003E4800210AF098FC0023C4E942
:107210000D33E378012BD5D1A378012B04BF0323D1
:1072200084F898304FF42032002304F1400009F034
:1072300073FDC7E7082EC5D8DFE806F02005171C48
:107240001C1C1720200004F14005284613F0F3F819
:1072500001212046FFF786FE20460FF07EFE002229
:107260000023284609F08CFDACE7237B13B12046B0
:10727000FFF76AFD2046FFF745FFA3E7214A2B46AB
:107280001E4802210FF034FE9CE7237B3E2B0FD1DA
:107290006D4688B06A461C4BC2E90534032342F8A8
:1072A000103F164800234FF4C451FBF7DDF9AD46FB
:1072B000164D05F58476616911B9FEF77FF881E70F
:1072C000A2690B686361914208BFA3612046FFF782
:1072D0006BFDB5F80431002B14BF3046002009F0D7
:1072E00099FAE8E70A4A2B46CAE700BFD8C9020064
:1072F000D5F20200DFF20200030000012CC0020000
:10730000CC160020F0F2020007F30200E813002080
:107310002EF30200F8B5074609480D4616460FF051
:1073200025FE044650B183781F4203D1BDE8F840E2
:10733000FFF7E8BE3146A8472046F7E7F8BD00BF93
:10734000D8330020024900220120FFF7E3BF00BF2D
:10735000136F020070B505460E480E460FF006FE8C
:107360000446A0B1437B012B02D0073B012B0CD874
:107370002388AB4208D1A3781E4209D1064A0748A8
:107380002B4602210FF0B4FD2046FFF7BBFE002480
:10739000204670BDD83300204AF302002CC0020002
:1073A000034BC01A034B00115843C0B2704700BFD3
:1073B000D8330020C54EECC470B51C4614430546B6
:1073C0000E460DD00F4914F0C3FBD1F8B8400E495A
:1073D00009588C4206D10D4A0D4802210EF06BFE71
:1073E000002213460B49002D14BF284608460FF013
:1073F000A3F8044618B1711D0C300FF0F2F82046C6
:1074000070BD00BFB84200200800000061F3020018
:107410002CC00200901A002010B50446054809F05F
:107420000BFC204600F01AFD2046BDE81040FFF797
:107430008BBC00BFAC1600202DE9F04F87B000AF29
:107440000023FB607B61BE4B5A8B3AB1BD4DD5F832
:1074500024413CB91C37BD46BDE8F08F1B68002BAA
:10746000F4D1F7E754F8BC3903B1BC3BB649002668
:1074700001E01C461346B5F80421002A00F05E81A5
:10748000D5F810214AB904F1BC06002BE2D0D3F89C
:10749000BC20002AEDD0BC3AEBE70A68002AF2D003
:1074A000D4F8A820002AEED0D4F8AC20002AEAD0E4
:1074B000D4F8B020002AE6D0637B072B6AD120469F
:1074C0009047002866D0BFF35B8FD4F8C030BFF37D
:1074D0005B8F022B5EDC20460FF048FD044600283F
:1074E000B8D0637B072B40F02681D4F8A830B5F8DC
:1074F000041107F11002204698478146002800F049
:107500000D81B5F804213B699A4208D30146D4F8AD
:10751000AC6007F1140307F10C022046B0477B6909
:107520003B60B9F81030D7E9038A002B00F0FD80EA
:1075300048460FF0CAF97860002840F0F980B5F8A5
:107540000431DFF808B2002B14BF58460020002297
:10755000002309F099F978B97B480022002309F04B
:1075600027F9064600283BD1B5F80431002B18BF97
:107570005E46304609F04EF96FF00B054846FCF7C1
:10758000ABFDB8F1000F00F0B38039682A46204601
:10759000C047ADE0D4F8BC3004F1BC02C6B9D5F8A0
:1075A0002811C5F824318A4201D1C5F828310023B9
:1075B000C4F8BC302046D4F8B0309847002890D0AA
:1075C000637B072B40F0B7802046FFF7B7FD88E7C5
:1075D0003360D5F828319A4208BFC5F82861E6E73C
:1075E0003B68C0F804808360B5F804B15448DA45BC
:1075F0004FF000024FF000034FF0000198BF1FFA58
:107600008AFBFCF7EBFC804650B1FCF7C5FC504B05
:107610005A4603EB0013494640460FF01BF98046DB
:10762000B5F8043194F8C4909A4584BF01237B6077
:107630007B6884F8C4309CBF09F102095FFA89F9BC
:1076400004F1C00ABFF35B8F5AE8003F01334AE8F8
:107650000032002AF8D1BFF35B8F04F1140B3146DE
:1076600058460FF02BFCA378012B5BD108F10C03DB
:10767000042118467B600EF0D6FF22887B6809F053
:10768000FD0942EA09320280B8F81020043A42802B
:10769000022118460EF0CFFF4046FDF77BFE8146E3
:1076A000002848D0BFF35B8F5AE8003F013B4AE80F
:1076B0000032002AF8D1BFF35B8F314658460FF0F5
:1076C00031FC4B46234A244801210FF011FC40466F
:1076D000FCF702FD20463146FFF766FBB5F80431A2
:1076E0001A48002B08BF002009F094F86FF0040539
:1076F0006E4688B06B46194ADC61C3E905251A4617
:10770000042342F8103F14484FF401510023FAF7C4
:10771000ABFF1321B54620460FF044FC2046FFF78F
:10772000F1FC97E66FF01509BCE76FF0790525E7E6
:107730006FF0040522E7FDF741FEEFE79368FFDEF7
:10774000141B0020E8130020781A0020F0140020F9
:10775000704500206BEA02002CC002008AF3020090
:107760002DE9F041D0F88860BFF35B8F4268BFF32A
:107770005B8F920440F2E2430446B6FBF3F600F15D
:107780000403B6B217D5B0F88C20B24213D8B0F8C3
:107790008E20B2420FD3D0E9241291420BD1BFF315
:1077A0005B8F53E8001F21F4005143E80012002AC8
:1077B000F7D1BFF35B8F114B1D6865B155F80C7C99
:1077C0001C3D37B1B4F89230B4F8902031462046D1
:1077D000B847ED69F1E70A4DDFF82880454501D348
:1077E000BDE8F0812F6937B1B4F89230B4F8902039
:1077F00031462046B8472035F0E700BFA4450020B9
:10780000BCBF0200FCBF02002DE9F041074608465C
:107810000D460FF0EDF8064618B900263046BDE8D3
:10782000F081144B1C6884B154F8103C1C3C0BB91B
:10783000E469F8E72946384698470028EDD02846FD
:107840000FF0D6F80028F3D1E7E70B4CDFF82C80D7
:107850004445E3D2E3680BB92034F9E729463846BA
:1078600098470028D9D028460FF0C2F80028F3D155
:10787000D3E700BFA4450020BCBF0200FCBF02004C
:107880002DE9F041C37804468BB900F17E06114B17
:107890001D687DB11C3D04F170076B691BB13A4650
:1078A000314620469847ED6925B11C3DF5E700F1CA
:1078B0007706ECE7084D094F04F17008BD4201D38B
:1078C000BDE8F0816B691BB14246314620469847BE
:1078D0002035F3E7A4450020BCBF0200FCBF020036
:1078E000F8B5437A8372054616460FF0A3FC0D4B9C
:1078F0001C684CB154F8043C1C3C1BB1697A3246FC
:1079000028469847E469F4E7074C084FBC4200D387
:10791000F8BDA3691BB1697A3246284698472034DE
:10792000F4E700BFA4450020BCBF0200FCBF02007A
:1079300038B505460C460F480121FFF737FBC0B1AB
:10794000057223680367A388A0F87430A37980F8D0
:1079500076300123437283728370074BC0F8A830DE
:10796000064BC0F8AC30064BC0F8B030054BC0F841
:107970008C3038BDD8330020517D0100DD6E02000F
:10798000D16E02001800280070B505460A480E4660
:107990000FF0ECFA044620B18378012B04D0FFF7F6
:1079A000B1FB0024204670BD324629460FF06CFB27
:1079B0000028F7D12046F2E7D8330020B0B500AF59
:1079C0000D46FFF7E1FF044608B32846FCF702FC2A
:1079D000637B082B96BF0F4A0F4B52F823306D463E
:1079E0008AB06A460D49C2E907030D4B53620D4B3D
:1079F000C2E9051442F8103F0B4800234FF44251EE
:107A0000FAF732FE2046AD46FFF77CFB0120BD466B
:107A1000B0BD00BFD8C90200D5F20200ADF302002C
:107A200001030204050000022CC00200F8B505465F
:107A30000E480E4617460FF099FA044620B1837897
:107A4000012B03D0FFF75EFB00240DE036B1324678
:107A500029460FF019FB08B92046F3E7637BBB42C8
:107A6000FAD1237AAB42F7D12046F8BDD8330020B3
:107A700038B5044608460D460EF0BAFF48B3164B1B
:107A800093F8D830990707D4E37883B12946204684
:107A9000BDE8384000F0C8BA94F899309A07F3D599
:107AA000BFF35B8F6368BFF35B8F5B04ECD4294645
:107AB00020460FF00FFB58B92B88A4F88C306B8848
:107AC000A4F88E30AB88A4F89430EB88A4F89630F4
:107AD00038BD6FF01500FBE7E8130020F7B510F88C
:107AE000333C0446A0F140060BBB30460FF045FB8B
:107AF000354B1D684DB155F8183C1C3D1BB114F8B1
:107B0000341C30469847ED69F4E7304D304FBD42A4
:107B100005D3304603B0BDE8F040FFF7F3BA6B6819
:107B20001BB114F8341C304698472035EFE710F8A5
:107B30003E3C012B46D1BFF35B8FA0F13C0555E8DD
:107B4000003F23F4005245E800210029F7D1BFF39C
:107B50005B8F990423D5E36C00936946636D0193B1
:107B60003046FFF785FF034698B9BFF35B8F55E8B2
:107B7000003F23F4805345E80032002AF7D1BFF3D9
:107B80005B8F4FF40061284603B0BDE8F0400FF072
:107B9000B1B9104A104802210FF0AAF9F1E70F4AD3
:107BA0004FF4281369463046CDE90023FFF760FF04
:107BB000034628B94FF4805128460FF09BF9E0E7BF
:107BC000074AE7E703B0F0BDA4450020BCBF0200B0
:107BD000FCBF0200E6F302002CC0020018002800DF
:107BE0000BF4020008B568B1094B1A6800F10C01EA
:107BF00022B907480FF062F9104608BD914204D03F
:107C00001268F5E76FF01500F7E76FF07700F4E71B
:107C1000AC45002010B50C4812F00CFB0B490A488B
:107C200012F014FB0A49084812F010FB09490648F3
:107C300012F00CFB0FF012FF04F0AAF9044608B989
:107C40000FF062FB204610BD781A0020804500200E
:107C50008C4500209845002008B50346034A044897
:107C600001210EF031FA002008BD00BFBEF4020071
:107C70006CC0020080B500AF88B06A46074BC2E90D
:107C80000530032342F8103F054800234FF4C2514A
:107C9000FAF7EAFC6FF00B00BD4680BDE6F4020087
:107CA0006CC00200044B1A680AB1FFF7E3BF034837
:107CB00058600B6010467047B845002024CA020087
:107CC00070B5044652EA03000AD013F041FF074D95
:107CD000074ED5F8B8503058854204BF00221346ED
:107CE00020460431BDE87040FFF766BBB842002073
:107CF0000800000073B5054618462B680BB35B7B84
:107D0000072B1ED1002A0E7A14BF022301239E42A4
:107D100009DD0D4A0D48009601210EF0DFF96FF0E4
:107D2000150002B070BDCB7A072BF8D9C8618A6103
:107D300005F1300012F08AFA28460FF0F5F900201C
:107D4000EFE76FF07F00ECE70DF502006CC002007A
:107D50002DE9F047D0F8B44000AF0E4691464CB143
:107D6000483C236B6BB104F1300A504612F083FAA1
:107D7000054660B9FDF722FB00252846BD46BDE853
:107D8000F0872068B4300FF0EEF9A46CE7E70EF04E
:107D90009CFD80B16C4688B06A462D4BC2E9053522
:107DA000032342F8103F2B4800234FF4C251FAF747
:107DB0005BFCA546E0E728460EF0EDFBE36C0546CC
:107DC000B3B9A38CB0F81080403B9BB23F2B03D8D3
:107DD000238D984528BF9846042105F10C000EF02C
:107DE00022FCA0F80080A38C438008F10403E36424
:107DF000E36C2A8AB3420FD8934216D0A38C403B3F
:107E00009BB23F2B21D92068B4300FF0ACF9236B23
:107E100013B120460FF088F9E36CC9F800309E4298
:107E200034BF9E1B0026E664A7E7002200235046CD
:107E300008F0BEFCFCF750F9A38CA3F140023F2AE6
:107E4000E1D8054AAA61EB61DDE700221346F9E7B4
:107E50002DF502006CC00200B9720200F7B5284D82
:107E6000284F04460026BD4201D303B0F0BD298847
:107E700020460FF017FA6B68019001A92046984739
:107E8000002838DB019B2A889A829A8403F1100229
:107E9000BFF35B8F52E8001F42E800600028F9D171
:107EA000BFF35B8F9E64DE649E60A16B03F10802EA
:107EB00019BBC4E90D221C60DE6003F1300012F032
:107EC000B9F9019843681B6803B19847019BBFF358
:107ED0005B8F103353E8001F41F0010143E80012AB
:107EE000002AF7D1BFF35B8F01984368DB6913B1B8
:107EF00000F1100198470835B5E70A60A263DAE798
:107F0000A4BF0200BCBF020073B50D4606460421A3
:107F100005F10C000EF0A0FB2B8A42889A42044621
:107F200007D000921C4A1D4801210EF0D7F802B07C
:107F300070BD43783BB91A4A1848012102B0BDE828
:107F400070400EF0B8B80378012BF0D0132B06D197
:107F5000022AECD0022300931346124AE3E7124AA6
:107F60000E4802210EF0B0F8617835680222012037
:107F70000FF07DF904460028D9D002210C300EF014
:107F80003BFB0023037043702146284602B0BDE846
:107F900070400FF09EB900BF45F502006CC00200B2
:107FA00066F5020087F50200B2F5020008B50B8AFB
:107FB000032B06D8044A054801210EF07CF8002066
:107FC00008BDFFF7A1FFFAE7DAF502006CC0020076
:107FD00038B50B8A032B05460C4609D80F4A1048C2
:107FE00001210EF068F82046BDE83840FCF774B86F
:107FF000042104F10C000EF02FFB418828460FF0FD
:1080000079F930B9074A06480B4602210EF05CF8B0
:10801000E9E7436821465B699847E4E7F8F5020021
:108020006CC0020015F6020070B5124B0C461978B0
:108030000131C9B2012938BF0121054608221220A9
:1080400019700FF014F9064688B108210C300EF0B3
:10805000D3FA2288028062884280A2888280E288E5
:10806000C28031462846BDE870400FF032B96FF04B
:108070000B0070BD2F6E002023281FD81A2804D8AB
:10808000431E182B0ED906207047A0F11B03082BA6
:108090001ED8DFE803F0051D1B231D19251D050053
:1080A000032070470F4A012383401A40C2B90E4A89
:1080B0001A40002A14BF01200620704700F07F03F9
:1080C000522B05D1002070470120704705207047D2
:1080D00010F0400F0CBF06200020704704207047AE
:1080E00002207047AAAA8A02545545012DE9F84F8B
:1080F000074608460C46FBF74FFFDFF8BC80E168F7
:108100001823434308EB03020646D2F808A0BFF346
:108110005B8F786DBFF35B8FC00709D4274A28486F
:1081200001210FF014F96FF015052846BDE8F88F0E
:10813000E06800781071002248F803200B78D22BF9
:108140000FD13B682146186810F0DEF9054640B1B2
:108150001C4A1B4801210FF0FAF82046FBF7BCFF30
:10816000E3E704F10C000EF08FFA182303FB0683FB
:10817000B4F810B09F60002381461A462146381D8E
:10818000FFF7B8FD05460028CFD010F1690F04D1E4
:108190000D4A0B4801210FF0DAF86369A4F810B01A
:1081A00013FA89F3E36018235E4308EB060348F8EB
:1081B0000650C3F808A0B8E70846002051F60200B0
:1081C0001CC002006BF602007EF60200011F01488F
:1081D00011F040BF7C190020024A034801210FF032
:1081E000B6B800BFA1F602001CC0020010B500F135
:1081F00050030446BFF35B8F53E8001F41F00101B9
:1082000043E80012002AF7D1BFF35B8F201F0FF065
:108210007DF904F17400044912F001F92068BDE809
:10822000104002F07DBB00BF9992010070B5037849
:108230008AB004460E4607AD032B20D8DFE803F0D2
:1082400002191B1D11492846F7F741FA0595637875
:108250000493A3780393E3780293237901936379DA
:108260000093A3790A4A1E2130460BF085FB0AB021
:1082700070BD0849E7E70849E5E70849E3E7084A28
:108280000A2128460BF078FBE0E700BF34E4020047
:1082900056E402003BE4020042E402004CE4020027
:1082A00022FF02002DE9FF4105460E464FF000086F
:1082B0004FF42053006817688DF8088002A914460F
:1082C000ADF80A300EF043FAA0B142F60103286877
:1082D0008DF80C8003A9ADF80E300EF038FA48B1D5
:1082E00023691BB15A88B24200D25E80012004B0DB
:1082F000BDE8F081616828680EF029FA10B100230A
:108300002361F3E7E368A0681A786AB1B7F81AC086
:10831000798D038A8C4594BFC3EB0C03C3EB010337
:10832000934201DA0020E2E704210C300EF064F9F8
:108330002061068023695E80074B00930194A26848
:108340000023294638460FF03DF90028EADB206972
:10835000003818BF0120CAE77375020073B50E46D6
:10836000438D418B8B4202F1010228BF0B469A429A
:10837000054609D91D48009202211D4A0DF0AEFEA6
:108380000024204602B070BD3046FFF775FE02287B
:1083900012D0042810D013F0DBFB164B1958164BE3
:1083A000D3F8B83099421FD0144B1B685A1A18BF23
:1083B0004FF0FF32134602E04FF4702200231048C2
:1083C0000021FFF77DFC04460028DAD0FBF7E4FD2E
:1083D0000C4B182202FB0033012104F10C009D60BC
:1083E0000EF00AF90670CCE70022E3E71CC0020099
:1083F000BEF6020008000000B842002050460020EF
:10840000BC1A002008460020F0B51D4603680E4641
:10841000003987B0044618BF0121186817460FF0CD
:108420007BFE40B904F154000FF08CF9002846D0CF
:10843000002007B0F0BD002D43D01822002168466F
:1084400013F086F96FB1002239462046FFF786FF08
:10845000019030B91C481D4A01210EF078FF11200F
:10846000E7E723681A4A1B6800930023ADF812302F
:108470000C9B0393BDF83430ADF8103001238DF818
:10848000143029466B4628468DF808600EF0C9FF67
:108490009DF8143063B1002FCAD00198FBF71CFE81
:1084A0009DF814302A46314620460FF05AF9BFE7AE
:1084B00001990029BCD020460EF0BEFFB8E712207B
:1084C000B7E70120B5E700BF1CC00200E3F60200D9
:1084D000B17302002DE9F347176805468946006825
:1084E0005168D7F804A014460EF031F980460028F0
:1084F0004BD19522294650460FF09CFD064620752B
:1085000040B1E3681B780BB184F81480002002B0FE
:10851000BDE8F087294650460FF038FE10B9082311
:108520002375F3E7A06826750EF039F802210C30A8
:108530000EF062F8164B2061A0F8009000930194B1
:10854000A2683346294638460FF03CF8002807DA7F
:1085500010F1FF0F26BF4042C0B20E202075D5E7B4
:108560002369002BD2D0A0680EF0D9FE7B8D7A8BC8
:108570009A4294BFC0EB0200C0EB0300E3681B7893
:10858000984294BF00200120C1E70120BFE700BF4F
:108590002F730200F7B50B8A076804460D463BB9F6
:1085A000284A294801210EF0D2FE002003B0F0BD78
:1085B000012105F10C000EF04FF87B7B072B0646DE
:1085C000F3D154F8043C002BEFD003781F48043C4F
:1085D000002210F832709F4200EBC2010FD12A8AAC
:1085E00048788F78904220D917480093012113468C
:1085F000174A0DF073FD012FD7D104231EE001327D
:108600000C2AE6D11048134A02210DF05DFD3178A5
:108610000846FFF731FD0028C7D00528C5D006233E
:10862000002220460FF09DF8BFE74B682046294600
:108630009847012F0346B8D10028B6D031780022E0
:10864000EFE700BFFCF602001CC002004CCA0200AB
:1086500031F7020017F702002DE9F04F91B01668CC
:1086600080460F46002542F601030068D6F80490C4
:108670008DF82C500BA91446ADF82E300EF067F88B
:10868000002870D04FF42053D8F800008DF82C50FB
:108690000BA9ADF82E300EF05AF838B1A3681BB113
:1086A0005A88BA4200D25F8001200EE06168084615
:1086B0000EF035FE728D738B9A4294BFC0EB0200B0
:1086C000C0EB0300032803D8002011B0BDE8F08FF1
:1086D00008460DF064FF054660680EF020FE728BC0
:1086E000738D05F10C0B9A4294BFC0EB020AC0EBEC
:1086F000030A58460DF0CCFF824537D260680EF071
:108700000EFE728D738B9A4294BFC0EB0200C0EBD9
:10871000030070B96368987AFBF736FC00220023E7
:108720000DF00AFF05460028CED0014660680DF026
:1087300047FF00230093D8F80460102302AA4146A3
:108740004846B047061E0EDB227CE068B2422BD0C2
:1087500001460BA80EF029F860B9237C144A15488D
:1087600002210DF0B1FC0023A3609DE758460DF0F7
:108770008FFFCEE7F2B202A906A80EF016F810B9E4
:108780000D4A3346EBE706A90BA80DF0E0FF0028E1
:10879000E9D100236374042105F10C000DF02CFFD6
:1087A000A0600780A3687EE702A912F0D9FFEEE778
:1087B00050F702001CC002006FF70200F8B54FF43A
:1087C00070220746002311480D460DF0B5FE044601
:1087D00038B90F4A0F482B4601210DF075FC204691
:1087E000F8BD00F10C06092130460DF0FAFE2046D6
:1087F000FBF7D2FB084B182202FB00330121304665
:108800009F600DF0F9FE0570E9E700BFBC1A00207B
:10881000BEF402001CC00200084600202DE9F04111
:108820000E8A043EF6B2022E04468CB0084601D0F1
:10883000102E64D104210C300DF00EFF0DF108084C
:1088400005884788011D324640460DF0AEFF0028DE
:1088500057D09DB3002687B3AF422FD34FF4205398
:1088600001A940468DF80460ADF806300DF06FFFA9
:1088700040BB1422002107A812F06AFF11212046F4
:10888000FFF79CFF0990002837D001210C30CDE97B
:1088900007480DF0B1FE00230A901B4A03703946C9
:1088A0000B93284607AB0EF0BCFD0A9B1B78FBB967
:1088B0000998FBF711FC0A2301E03D4601232A46F3
:1088C00010210EE042F6010307A940468DF81C6016
:1088D000ADF81E300DF03BFF0028CAD010232A4609
:1088E000194620460EF03DFF00200CB0BDE8F08197
:1088F000099920460EF0A0FDF6E71120F5E70420C7
:10890000F3E70E20F1E700BFA58201002DE9F04357
:10891000036885B004460D46186801210FF0FCFB82
:1089200040B904F154000EF00DFFB0BB122005B0A9
:10893000BDE8F08310220021684612F009FF2121D2
:108940002046FFF73BFF029048B3DFF858900094B1
:1089500005F10C074FF001082B8A012B04D802996E
:1089600020460EF069FD18E038460DF085FE6B4696
:108970004A46014606468DF80C800EF052FD9DF8E1
:108980000C30002BE8D00298FBF7A6FB9DF80C30CA
:108990003246202120460EF0E4FE0020C7E71120D9
:1089A000C5E700BF517802002DE9F043036885B0A8
:1089B00004460D46186801210FF0AEFB40B904F1E2
:1089C00054000EF0BFFEB0BB122005B0BDE8F0832E
:1089D00010220021684612F0BBFE0F212046FFF74F
:1089E000EDFE029048B3DFF85890009405F10C07B3
:1089F0004FF001082B8A012B04D8029920460EF073
:108A00001BFD18E038460DF037FE6B464A4601461E
:108A100006468DF80C800EF004FD9DF80C30002BFE
:108A2000E8D00298FBF758FB9DF80C3032460E2137
:108A300020460EF096FE0020C7E71120C5E700BFD4
:108A4000F1770200F0B51D46036885B004460E4676
:108A50001868012117460FF05FFB38B904F1540084
:108A60000EF070FE48BB122005B0F0BD65B31022B9
:108A70000021684612F06CFE39462046FFF79EFE44
:108A8000029018B3BDF82830ADF8043001238DF8FA
:108A90000C300F4A00946B46294628460EF0C1FC64
:108AA0009DF80C305BB10298FBF716FB9DF80C307B
:108AB0002A46314620460EF054FE0020D4E70299A3
:108AC00020460EF0B9FCF8E70120CDE71120CBE7F6
:108AD000F17702002DE9F0410E8A043EF6B2022E33
:108AE00004468CB0084601D0102E76D104210C30FB
:108AF0000DF0B2FD0DF1040805884788011D3246CE
:108B000040460DF052FE002869D085B377B3BD42D0
:108B10002DD8606801210FF0FFFA064678BB8DF86A
:108B2000000042F6020369464046ADF802300DF0FF
:108B30000EFE20B342F6030306A940468DF81860E6
:108B4000ADF81A300DF003FEC8B1012D03D14FF678
:108B5000FF739F4213D004F154000EF0F3FD002880
:108B600014BF002012200CB0BDE8F0813D46012367
:108B70002A46082120460EF0F4FD0020F3E71822D3
:108B800000210DEB020012F0E3FD09212046FFF762
:108B900015FE0890F8B101210C30CDE906480DF022
:108BA0002BFD0023099003700A238DF82C300D4A09
:108BB00006AB394628460EF034FC9DF82C302BB11C
:108BC0000898FBF789FA9DF82C30D1E708992046E0
:108BD0000EF032FCD1E71120C5E70420C3E70E20D8
:108BE000C1E700BFD58401002DE9F0430F4687B0EF
:108BF0000446062107F10C000DF02EFD0588B0F8A3
:108C000002808288D7F80C90C5B10023B8F1000F1C
:108C100013D0454512D88DF800308DF8043001A9E5
:108C20004FF420536846ADF80220ADF806300DF041
:108C30008EFD064660B10A2301E0454601232A461F
:108C4000062120460EF08DFD002007B0BDE8F08320
:108C50000146142201A83F7C12F07AFD072120462C
:108C6000FFF7ACFD0290D8B10A238DF815300D4AFC
:108C7000019401AB41462846CDE903698DF8147093
:108C80000EF0CFFB9DF815302BB10298FBF724FABC
:108C90009DF81530D3E7029920460EF0CDFBD3E7BF
:108CA0001120D2E7598601007FB5CB681D885E8808
:108CB000044685B176B1B5420DD810220021684630
:108CC00012F046FD05212046FFF778FD019058B9C6
:108CD000112007E0354601232A46042120460EF0E4
:108CE00040FD002004B070BD6B46094A0094314637
:108CF00028460EF096FB029B23B90198FBF7ECF98E
:108D00000A23E9E7019920460EF096FBE9E700BF48
:108D1000557402002DE9F04182B000AF0446884648
:108D20003E4800220023394607F078FB0546B0B1E3
:108D30006D4688B06A463A4BC2E90534032342F8CF
:108D4000103F384800234FF4C251F9F78DFCAD466F
:108D50006FF00B0630460837BD46BDE8F08112F0D3
:108D6000F7FE314B3E681A58304B29461A60301DC9
:108D7000282212F0EDFC34603C682D487D60C4E987
:108D80000155C4E9095500220023391D07F046FBAF
:108D9000064688B123686C4688B06A462549C2E910
:108DA0000513032342F8103F1E482B464FF4C451CD
:108DB000F9F75AFCA546CBE77B680146B022184676
:108DC00012F0C6FC1C4A82605C3011F033FA7B68FA
:108DD000BFF35B8F543353E8002F43E80061002951
:108DE000F9D1BFF35B8F7B681C60636A7D681BB938
:108DF00004F10C0011F01EFA626AC5F8A820A26AFC
:108E000005F1A803636202B9A3627B6817225A8541
:108E10005A830433C8F800309CE700BF6019002073
:108E20008EF702001CC0020008000000504600201F
:108E30007C190020B3F70200DC16002008B5437B44
:108E4000072B06D00C4A02210C480EF080FA0020B5
:108E500008BD04210EF04EFA10B9094A0121F3E7CA
:108E6000BFF35B8F036DBFF35B8FDB0701D4054A54
:108E7000F4E750F8040CEBE7D8F702001CC002003E
:108E8000E6F7020051F602002DE9F14F0546FBF727
:108E900083F83D49182202FB00F3C81851F80380FB
:108EA0000779B0F80690D0F810A00021D0E902466A
:108EB00012F04EFCA87AFBF767F86969834651B156
:108EC0006B7AD80705D4DBF824301B6828469B68EA
:108ED000984700236B612946584611F0C2F9002FCC
:108EE00045D0002C43D02368002B40D01B68002BBA
:108EF0003DD0B8F1000F08D0244A2548434601214F
:108F000001B0BDE8F04F0DF0DFB8201D0EF022FDDE
:108F10003846FFF7B1F8052829D8DFE800F01E032E
:108F2000281E2803BFF35B8F636DBFF35B8FDA07E7
:108F300007D4184A1648012101B0BDE8F04F0EF0E1
:108F400006BAA36D9BB14FF47022002304F17800A0
:108F500001B0BDE8F04F07F013BF23681D68BFF3F1
:108F60005B8F636DBFF35B8FDB07E2D556B901B052
:108F7000BDE8F08F51462846B0470134A3B2994569
:108F8000F8D8F4E70024F9E70846002001F80200C9
:108F90001CC0020051F60200F8B50F461646FFF756
:108FA0004DFFB0B1446A20461CB150F8A84904B145
:108FB000A83C731C194638B1428D458BAA4228BF84
:108FC0002A469A4207D264B90A4A0B4802210DF098
:108FD0007BF80020F8BD32463946BDE8F840FFF77F
:108FE000BDB9D4F8A85005B1A83D20460B462C4683
:108FF000E2E700BF20F802001CC0020007B50B46E4
:109000000246002112F0A4FD01910F4909580F48B2
:109010000068884204D00E48D0F8B800884201D1D8
:109020000022134601A90B4807F0F8F9014648B998
:10903000019B1C22184612F08BFB0346184603B016
:109040005DF804FB0023F9E708000000504600200B
:10905000B84200209819002010B50446806818B165
:10906000FBF73AF80023A36021460248BDE8104010
:1090700010F0F0BF981900202DE9F347044678302E
:109080000E4617461D4611F0D6F9A06D58B918487E
:10909000184A02210EF05BF9204600F0DDF80020AE
:1090A00002B0BDE8F087144B98424FF0000805D19C
:1090B0002068C4F858800EF082FCF0E7D0F80490E5
:1090C000C0F80480A06DD0F818A0FFF7C5FF206895
:1090D000C4F858800EF073FCB9F1000FDFD020689F
:1090E000CDF800A000683B4632462946C847D6E77F
:1090F0001CC002003BF802005446002070B5054633
:1091000050F8043C55F804690446002B3AD039B1B4
:10911000436D002B36D01B7CDA0733D505231BE0CB
:10912000304601F065FC737A012B2BD0646D4CB393
:10913000237CDB0726D5E368002BEFD06269617CD6
:109140002846FFF70BF9064668B9637C0E4A0F48BC
:1091500001210CF0B9FF0E23002228461146BDE87C
:109160007040FFF789BFD4E90512E368984718B14A
:109170003046FAF7B1FFEEE731462846FEF7B6FF74
:109180000028F5D170BD00BF52F802001CC00200DB
:10919000F7B550F8044C0546002C59D000F1A40155
:1091A00004F124000EF0B5FA2E1F05F15807002235
:1091B0000023384607F0FCFA024678BB6B6D2BB1F2
:1091C00001466FF067033046FFF756FF002345F86E
:1091D000043C05F15003BFF35B8F53E8001F21F0FF
:1091E000010143E80012002AF7D1BFF35B8F636AE5
:1091F00073BB04F10C0600220023304607F0D8FAB6
:1092000078B9666886B913482660214610F022FFB7
:10921000286803B0BDE8F04001F02CBCFAF75CFF11
:10922000C5E7FAF759FFE6E7A2683368636096423C
:1092300008BFA36077683FB1B3690093002320683B
:109240001A466FF06701B8473046FFF705FFD8E7C9
:1092500003B0F0BD6019002030B5054689B055F85F
:10926000043B044618680DF02FFF6946FEF7DEFF49
:109270002846FFF78DFF606813210DF093FE03462B
:1092800020B1034A034801210CF01EFF09B030BD94
:1092900072F802001CC00200B0B5044688B054F851
:1092A000783D00AF18680DF00FFF3946FEF7BEFF9E
:1092B0006D4688B06A460B4BC2E905374FF4007320
:1092C0009383094B42F8103F00234FF4E2510748C3
:1092D000F9F7CAF92046AD46FFF7BEFF2037BD4675
:1092E000B0BD00BF90F80200030000011CC00200E6
:1092F000F8B51D460F461646FAF74EFE044C1823E5
:1093000003FB0040C0E903760123C3800575F8BD67
:109310000846002008B511F054FD38B10346044A50
:10932000044801210EF033FC6FF0040008BD00BFBB
:10933000C3F802004CC0020010B508491446184694
:109340001022A047041E07DA054A064823460121D9
:109350000EF01DFC204610BD0024FBE70035002068
:10936000D9F802004CC0020070B50D4C237883423E
:1093700006460D4604D1611C28460EF05DFC58B926
:10938000237CB3420AD1074928460EF055FC10B1A0
:10939000012004EB001070BD0020FAE70020FAE77E
:1093A000884600209946002070B50D4C23788342F2
:1093B00006460D4604D1611C28460EF03DFC58B906
:1093C000237BB3420AD1074928460EF035FC00281A
:1093D000054808BF002070BD2046FCE70020FAE7E2
:1093E000A8340020B5340020B434002070B50D4CF2
:1093F0002378834205460E4603D1601C0EF01CFC08
:1094000060B9237BAB420BD1074831460EF014FC08
:1094100018B101200C2303FB004070BD0020F9E7C8
:109420000020FAE7B2500020BF50002070B5204B5A
:10943000144682689A420FD1A568C66875B9227928
:10944000216830460EF000FC024628B1194901306F
:109450000EF027FC15701581012070BDE068002812
:10946000FBD02B888B420AD0F6D2E068A368013883
:109470000433E0600038A36018BF0120EDE72568E1
:109480002279294630460EF0DFFB024660B90949D1
:1094900030460EF0D9FB02460028E6D029460130BE
:1094A0000EF0FFFB23791370A3685B881381DCE760
:1094B0005D9A010021E4020010B507481021FBF776
:1094C0000FF8034630B1BDE81040044A04480121BA
:1094D0000EF05DBB10BD00BFF0340020FAF80200B2
:1094E0004CC0020070B5144D064640B115F8011C81
:1094F0002A466C1E0DF0C8FD98B120460CE00F49BD
:1095000028460EF099FB40B90C4905F110000EF009
:1095100093FB20B105F10F0070BD681EFCE7002031
:10952000FAE7217C04F1110230460DF0ADFD002870
:10953000F5D004F11000EFE78946002021E4020095
:1095400010B54A1C0C4638B109780DF09DFD08B1E4
:10955000204610BD0020FCE7024910460EF06CFBCF
:10956000F5E700BF21E402002DE9F04106460F4671
:1095700090460DF060FA50B339463046FFF714FFBD
:10958000054698B913480EF093FB0446E8B112481B
:109590000EF08EFB50B9114D01240C235C43104A90
:1095A000601C394610440EF07CFB1655012101FA6F
:1095B00008F105F108000EF056FBBDE8F04109483E
:1095C0004FF40042002307F0DBBB054DE5E7BDE8A3
:1095D000F08100BFB0340020BC340020B43400203F
:1095E000A8340020C034002010B5014602460423F0
:1095F00011F8010B0832FAF731FF034630B1BDE82C
:109600001040034A034801210EF0C1BA10BD00BF4B
:1096100020F902004CC002002DE9F04180460F46BF
:1096200016461D46FFF7E2FE044680B91549FFF7CE
:10963000DDFE044630B9BDE8F041134A134801216C
:109640000EF03CBB00F8018B39460EF02AFB228954
:1096500063896AB973B926816581214611F8010BC6
:109660000DF0E9F940B12046BDE8F041FFF7BCBF7D
:10967000964203D39D42EFD8BDE8F0819D422681FA
:10968000EBD9E9E721E402003CF902004CC00200FA
:1096900008B5034A034801210EF010FB002008BD65
:1096A0005BF902004CC0020038B50F4B14468268CB
:1096B0009A420D4615D122792168C0680EF0C4FA8D
:1096C00078B1D4F8C8302F2B03D9BDE83840FFF764
:1096D000DFBF04EB83020133158101895181C4F896
:1096E000C830012038BD00BF5D9A010008B5044AAA
:1096F000044801210EF0E2FA6FF0150008BD00BF2A
:10970000AFF902004CC002001FB51046074A1946C7
:109710004FF42813CDE9022308230093BDF8182045
:109720006B440EF0E5FA05B05DF804FB1800280064
:1097300038B5094B154682689A420AD1C46829682F
:10974000013420460EF078FA18B1696820460EF010
:10975000A8FA012038BD00BF5D9A010008B5134684
:109760008168074A914209D11A791968C0680EF0D8
:109770006BFA18B10023036043600381012008BD28
:109780005D9A010002484FF4A472002307F0F8BA72
:109790008835002008B5042108480EF064FA07480F
:1097A0006FF002010EF06EFA04480EF081FAC30762
:1097B00001D5FFF7E7FF002008BD00BFB835002046
:1097C000024608B5084901300EF06BFA0023137207
:1097D0000C32BFF35B8F52E8001F42E800300028D4
:1097E000F9D1BFF35B8F08BD21E4020010B5FFF78C
:1097F000FDFD044678B1014611F8010BFAF73CFE75
:10980000034620B1054A064801210EF0C0F90023A5
:1098100023606360A360002010BD00BFBBF902009D
:109820004CC0020070B500F1700605463146007A62
:109830000DF001F904463146287A54B1FFF7D6FFFE
:10984000034660B1BDE87040054A064801210EF0AC
:109850009EB9FFF7CBFD10B104604460846070BD19
:10986000D8F902004CC0020037B504460D46FFF798
:109870007BFD0246C0B1037A8DF804300C300EF047
:1098800017FA00F001008DF80500022301AA29460D
:109890002046FAF7F9FD034620B1044A04480121A5
:1098A0000EF075F903B030BD0346F0E7EEF90200A3
:1098B0004CC002002DE9F04385B00E4600AF904643
:1098C0009946044658B9354A354801210EF0F6F953
:1098D0006FF0150528461437BD46BDE8F08307F143
:1098E00008010CF00EFF054698B16D4688B06A4637
:1098F0002C4BC2E905344FF4007393832A4B42F892
:10990000103F274800234FF4E251F8F7ADFEAD4673
:10991000DEE7391D20460CF0CDFC786858B10A22EC
:1099200029460AF055F8034628B1204A1C4801216F
:109930000EF02DF9CCE707F108010020FFF756FDE6
:10994000044620BB002EC5D01949FFF74FFD044641
:1099500038B9184A124801210EF0B0F96FF00B0522
:10996000B8E7002300F8013B07F108010EF099F970
:1099700004F1080104224846C047041EAADA0E4A30
:109980000748234601210EF002F92546A2E7002EE2
:10999000EED10660466086609CE700BF91E402005D
:1099A0004CC0020017FA02000300000133FA020063
:1099B00021E402004EFA0200D9F802002DE9F0413C
:1099C000234B154682689A42074602D1C4686389D0
:1099D00033BB0120BDE8F081FDF794FBE368002173
:1099E0006181002BF5D038469847F2E705F1700801
:1099F000287A41460DF01FF868B9164B9C4202D1F7
:109A00002846FFF70FFF144930460EF04AF90023AD
:109A100023702381E2E7414630460EF042F9DDE74C
:109A20002389002BDAD02646284616F8011B324639
:109A30000DF02AFB0028D9D120783146FDF7A4FF8C
:109A40000028CBD0437B072BC6D1FDF75BFBC0E7DB
:109A50005D9A01002C17002021E402002DE9F04757
:109A60001F46BDF82030D1F80C9006468846002BE2
:109A70004ED17B1E012B4ED8012F4946157818BFB9
:109A80001588FFF75DFD0446B8B915B93846BDE83D
:109A9000F0874946FFF754FD044638B91F48204A6D
:109AA00002210EF00BF96FF01000F0E706F17001E3
:109AB00001300EF0F6F8337A2370D9F81030DBB9A4
:109AC000B4F808A02581B9F80A30AB4203D0494662
:109AD00040460EF0F5F8AA4505D0307A002206F18E
:109AE0007001FFF741FD002DD0D10E49601C0EF032
:109AF000D8F825702581C9E72A464146304698475F
:109B00000028C4DB01380128DAD96FF00D00BEE768
:109B10006FF00600BBE76FF00C00B8E74CC0020026
:109B200070FA020021E4020008B5124801210EF08B
:109B30009AF810F0010F104B0AD1104A9A610D48A3
:109B40000EF0B6F8830713D4BDE80840FFF71ABE3D
:109B50001A8B588B012A4FF6FF7205D8904207D016
:109B60004FF6FF725A83EAE790421983E7D0F7E78E
:109B700008BD00BFB8350020683500200100FFFF98
:109B800010B5104C104920460EF056F8014638B971
:109B9000601E0EF049F914F8010C2146FFF764FE2F
:109BA00009490A480EF048F8014650B908480EF035
:109BB0003BF9084BBDE81040187C03F11101FFF799
:109BC00053BE10BD8946002021E4020099460020C2
:109BD00098460020884600202DE9F0411F46BDF838
:109BE0001830012B0646904635D83B44012B3D46A4
:109BF00034DCFFF777FC044668B9FFF773FC0446D2
:109C000048B9194A194802210EF058F86FF01005AA
:109C10002846BDE8F08197B1217A98F8002000230A
:109C200021FA03F0C70703D522FA03F0C00718D5BD
:109C30000133032BF4D102F007021143217206F124
:109C40007001601C0EF02DF8337A2370012120463C
:109C50000EF0FAF8DCE76FF00605D9E76FF00C05B7
:109C6000D6E76FF01205D3E78AFA02004CC0020073
:109C700010B56FF0020104460E480EF003F80D48CF
:109C80000EF016F8C20704D50B480022002307F097
:109C900077F820460DF033FF58B12046FFF722FC3D
:109CA00038B1037ADB0704D5BDE8104001210EF07E
:109CB000CBB810BDB8350020883500202DE9F04321
:109CC00085B0894600AF16469846044658B9424AC0
:109CD000424801210DF0F2FF6FF0150528461437B8
:109CE000BD46BDE8F08307F108010CF00AFD05460A
:109CF00098B16D4688B06A46394BC2E905344FF4D5
:109D000000739383374B42F8103F344800234FF4DD
:109D1000E251F8F7A9FCAD46DEE7391D20460CF00C
:109D2000C9FA786858B10A22294609F051FE03465B
:109D300028B12D4A294801210DF029FFCCE707F170
:109D400008010020FFF710FB044690B9FFF7CAFB9B
:109D5000044638B9254A214801210DF0AFFF6FF0C4
:109D60000B05BBE7002300F8013B07F108010DF0EC
:109D700098FFB9F1000F2AD0022239464046B04779
:109D8000061E07DA1A4A1548334601210DF0FFFE78
:109D90003546A3E73B782372022E09D0154A0F48B7
:109DA00002210DF08BFF002120460EF04DF895E7C3
:109DB0007B78012B05D9104A084831460DF0E7FEA3
:109DC000F1E703F0010120460EF02EF886E7204669
:109DD000FFF7F6FC82E700BF91E402004CC00200EE
:109DE00017FA02000300000133FA0200B6FA02007B
:109DF000D9F80200D8FA02002CFB020010B51B486B
:109E000001210DF030FFC3072ED4022117480DF0B9
:109E10002AFF084007D11649164A0B88164CA24261
:109E20001CD300B10B801549154810F0F8FA4FF417
:109E3000A47200231248FAF7E1FB1249124810F00D
:109E4000EEFA022111480DF00EFF1148114910F0F1
:109E5000E6FABDE810401048FDF7C4BE5068034460
:109E60009BB208320120DAE710BD00BFA8460020EF
:109E7000CA500020FCBF020014C002007D7F020017
:109E80001035002089A6010088350020B835002053
:109E9000C034002015800200041700202DE9F04195
:109EA000034648B1008A38B91249DFF84CE0012472
:109EB0004FF0140C714501D3BDE8F081D1E9007673
:109EC000BB4204D30CFB0672143A93420ED93444BD
:109ED000A2B208311446EDE70CFB0578434507D0E4
:109EE00001356219B54292B2F6D1F2E70025F8E7E2
:109EF0001046E1E7FCBF020014C002002DE9F74F55
:109F0000BDF83050009199464FF6FF73002D08BF01
:109F10001D46244B1B888342074690463CD203B023
:109F2000BDE8F08F73682344BB4232D29CB208363E
:109F30001D4B9E42F6D3F2E78958019340460CF040
:109F400006FC019B90B101340AF1010AA4B27368C6
:109F50005345ECD9009B9C42E1D8BC423168F2D316
:109F60000BFB0AF28B18B8F1000FE5D1B9F1000F25
:109F70000BD1013DADB218460E9A0D9B2146984774
:109F8000002DCCD00028DED1C9E7DA689145DAD1BE
:109F9000EFE74FF0000ADAE7044E01244FF0140B0C
:109FA000C6E700BFCA50002014C00200FCBF020078
:109FB00010B51822E4B000210DEB0200CDE901112B
:109FC000CDE9031111F0C4FB4FF41053ADF8143078
:109FD000254C8023ADF816304FF48063CDE907346B
:109FE000102262AB01A905A808F0E8FA034630B1D7
:109FF0001E4A1F4801210DF0CAFD64B010BD014684
:10A000004FF4AC720CA811F0A3FB629922460CA885
:10A0100010F0D4FE034608B1164AEAE7164A0CAB24
:10A020004FF6FF7101200DF09EFF144905AB102281
:10A030000CA810F0DAFE0446629808F07DFA14B11C
:10A040000F4A2346D5E70D4B214603F1100201319B
:10A05000187812F8014D03F8014B08291070F6D159
:10A0600008480DF000FEC8E70002C0037DFB0200B7
:10A070004CC00200A6FB0200937B0200F0340020DB
:10A08000C4FB0200B83500202DE9F0411849BDF8A5
:10A0900018700446A1F1300015461E4610F0DEF996
:10A0A00014480DF005FE010705D4FFF781FFFFF707
:10A0B00067FDFFF701FA2046FFF714FA68B1037A4B
:10A0C000DA070AD500F10C0420460DF0F1FDC307B4
:10A0D00003D4022120460DF0C6FD102306933A4614
:10A0E00031462846044BBDE8F0410DF001BE00BFEB
:10A0F00040350020B8350020F034002010B51A4853
:10A100000DF0D6FDC0F3C00080F0010408B9FFF7E0
:10A110004FFF15480DF0CCFD034613480DF0C8FD68
:10A12000DA061FD5830606D5E4B1FFF729FDBDE8A1
:10A130001040FFF7C1B920210B480DF094FD0B49E9
:10A140001022881811F00CFB48B9094810F073F977
:10A15000BDE8104004486FF001010DF093BDFFF71A
:10A16000E3FCE2E710BD00BFB8350020F03400206A
:10A170008835002008B5102103480DF074FDFFF765
:10A18000BDFF002008BD00BFB83500202DE9F04F0D
:10A19000B9B000AF0C4690463749D7F808013A46A7
:10A1A00099460CF063F838B9FFF7A0FA054628463F
:10A1B000E437BD46BDE8F08F3E68391D30460CF0EF
:10A1C00079F83EB92D4A2E4801210DF077FD6FF048
:10A1D00015043EE07868F8B907F1080A4FF0000B63
:10A1E0005146304687F814B00CF08BFA054600B3A0
:10A1F0006C4688B06A46234BC2E905364FF40073BB
:10A200009383214B42F8103F1D485B464FF4E251C7
:10A21000F8F72AFAA546DAE70A22002109F0D8FB66
:10A2200003460028D8D0194A154801210DF0AFFC8B
:10A23000CDE7C7F810A0E4B1C02207F120014846DD
:10A24000C047041E07DA124A0D48234601210DF0CB
:10A250009EFC2546ABE7A40807F12003C7E90634B6
:10A260000C4A07F110034FF6FF7101200DF07BFE41
:10A270009DE72346F2E700BFDAFB020091E402000B
:10A280004CC0020017FA02000300000133FA02007A
:10A29000D9F802002D94010030B5B5B0002301912A
:10A2A0008DF8080033930E4A01AB04460D46012099
:10A2B0004FF6FF710DF057FE339B73B19B0003AA5D
:10A2C00029462046FAF7F6F8034620B1054A064823
:10A2D00001210DF05CFC35B030BD1A46F0E700BF3F
:10A2E000A9960100E1FB02004CC002002DE9F341F8
:10A2F00000F17008CDE9001204460F46007A41468D
:10A3000016460CF098FB0F4A05466B464FF6FF7158
:10A3100001200DF028FE1DB1207A4146FFF7BCFF59
:10A32000207A3946FFF720F840B1314601300DF070
:10A33000B8FC1DB1207A4146FFF796FA02B0BDE89D
:10A34000F08100BF3197010007B500230193FFF7AB
:10A35000A5FD411C89B20846034A01AB0DF003FE7E
:10A36000019803B05DF804FB4F7B02002DE9F04338
:10A3700087B0437B072B02AF80460C46164640F061
:10A38000A58000233B7342F603032068FB8107F19D
:10A390000C010CF0DCF90546002834D1D4F8049007
:10A3A000B9F1000F05D14C4A4C4801210DF086FC53
:10A3B0008CE00123009007F108022146C847031EE4
:10A3C00011DA6E4688B002AA4549D3610423C2E976
:10A3D000051442F8103F41482B464FF40151F8F75D
:10A3E00043F9B54672E0012B05D03E4A3B480121B6
:10A3F0000DF0CDFB6AE03B7A13F0300F66D02046BB
:10A40000FFF7A2FF0446002320683B7342F60213C5
:10A41000FB8107F10C010CF09AF918B12046FFF707
:10A4200093FF0446002542F6021920683D70394624
:10A43000A7F802900CF08BF910BB002320683B7347
:10A4400042F60213FB8107F10C010CF080F905467E
:10A4500000283BD1D4F80490B9F1000FA3D00090AC
:10A46000022307F10C0221464046C847031EA8DB21
:10A47000022BBAD1BB891E4214BF0120002026E066
:10A4800020683D7142F60303391DFB800CF05FF933
:10A490000028D2D04FF4205320683D727B8107F111
:10A4A00008010CF054F90028C7D042F601032068D7
:10A4B0003D73FB8107F10C010CF049F90028BCD079
:10A4C0002046FFF741FF04460028AED10020143794
:10A4D000BD46BDE8F08300BFFFFB02004CC0020098
:10A4E00013FC020039FC02002DE9F84315468946A9
:10A4F0009422696806460DF09DFD8046002842D1F1
:10A50000696802223046FFF731FF00283ED04FF441
:10A5100070200021AF8AFEF771FD0237044680B13A
:10A520001C4B47611D214174C0F80C80436085615C
:10A530003A463046FEF730FD074638B92046FEF76A
:10A540008BFD6FF00B052846BDE8F88301234246DA
:10A550004146FEF7CDFEA98A07F10C0002310CF04E
:10A560004BF820F8029BAA8A296911F0C9F8A76064
:10A57000214630460DF0A6FA05460028E3D02046D5
:10A58000FEF76AFDDFE74FF0FF35DCE76FF01505FA
:10A59000D9E700BF557B020030B504468BB0374881
:10A5A0000DF086FB42070D4661D514B1637B072B86
:10A5B00060D168680590FFF771FC2A68ADF8180053
:10A5C0003AB305A902912E4901910121002300917E
:10A5D0004FF6FF710593FFF791FC059B1BB96FF0D8
:10A5E00001000BB030BD6B60059B186800238DF82F
:10A5F000103004A942F60303ADF812300CF0A7F8AE
:10A6000070B90598C3689B799B0605D46FF0150057
:10A61000E7E70028E8D1E2E70DF05EFCADF81800AE
:10A62000BDF818003CB101230146AB752A4620460F
:10A63000FFF75AFFD5E76FF07F0307930223ADF8CA
:10A64000203042F60213ADF8123005ABAC75029320
:10A650000C4B01930123009304AA23464FF6FF718C
:10A6600009958DF81040FFF749FC0798B9E76FF09E
:10A670000A00B6E76FF07F00B3E700BFBC1400200C
:10A68000837B020005A8010073B500F13005044684
:10A6900050F8083C0193A0F120066FF00101284614
:10A6A0000DF0F0FA0D4B44F81C3C0D4B44F8183CEF
:10A6B00001AB002044F8103C042324F8080C24F8D3
:10A6C000060C24F80C3C3146FFF766FF18B902214E
:10A6D00028460DF0C8FA02B070BD00BFE8CA0200FB
:10A6E000719C01002DE9F8433D4B14689046826847
:10A6F0009A4200AF054620D1C6683389721CE3B187
:10A70000317820460CF0C0FCB8B14FF49572294660
:10A7100020460DF08FFC30B3032812D16C4688B070
:10A720006A46304BC2E9053542F8100F2E48002327
:10A730004FF4C451F7F798FFA5460120BD46BDE888
:10A74000F883052820460CBF4FF003094FF002099B
:10A750000CF094FC814506D998F804304B45ECD2B6
:10A7600088F80490E9E7314628460DF0A9FA1F4B16
:10A770009E42E2D1207A04F17001FEF737FE0546D1
:10A780000028DAD0038913B94389002BD5D020469D
:10A79000FCF706FE164A2B8922F8203002EB8003D4
:10A7A000698959801349144D182303FB001300B223
:10A7B00002EB800200EB40005D601A610F4D9D606E
:10A7C000042201EBC00120469A82FFF7E5FE002833
:10A7D000B3D00B4A044801210DF070FAADE700BF79
:10A7E0005D9A010052FC02004CC002002C170020B0
:10A7F000AE50002070460020E8CA0200657E0200CC
:10A8000066FC02002DE9F843414B144682689A42E7
:10A81000074603D001273846BDE8F883C6683D4B9C
:10A820009E4211D03289A3899A4206F10101F1D1E9
:10A830003078FDF7A9F805460028EBD0437B072BBD
:10A8400026D0FCF75FFCE5E7334DDFF8D0904FF002
:10A850000008494628460DF0EFF978B915F8010CC3
:10A8600007222946FDF7E2F878B9236915F8010CAB
:10A870001A69294653881288FEF7CEFE0C35B8F1C6
:10A88000000FCFD14FF00108E3E7FCF73BFCF5E701
:10A89000736923B13946984708B92846D1E7394644
:10A8A000942228460DF0C6FB07460028F5D1A3895F
:10A8B000022B14D1338913F0020604D12846FCF789
:10A8C00021FCA660A6E72269A1882846FFF70CFEB6
:10A8D0000646A8B92269937D01339375EEE7012BF3
:10A8E00004D02846FCF70EFCA76093E7338913F0E9
:10A8F0000106E3D02269A18828460DF0D6FB064662
:10A900002846FCF7FFFB002EA66084DB82E700BF31
:10A910005D9A01002C170020B350002021E40200B2
:10A9200070B58EB000F17005044603900123007AE3
:10A930008DF8103029460CF07EF890B1227A52B38F
:10A9400002AE042130460AF07CFF0096134A24210F
:10A9500005A82B46F9F7D2FC05AA11491046F8F7CD
:10A960005BFA4FF6FF710F4A03AB01200DF0FBFAC3
:10A9700020460CF083FB9DF81010884209D2204637
:10A980000CF047FB034620B1074A084802210DF0AE
:10A99000FEF80EB070BD0092D8E700BFDDFB0200EC
:10A9A0008DA10100E5A6010083FC02004CC002005D
:10A9B000F8B50E4B1B6805460E461746A3B11C683A
:10A9C00004B1043C53F8043C1BB13A4631462846D6
:10A9D00098474CB1234664681B681CB1043C002BAB
:10A9E000F3D1F7E7002BF0D1F8BD00BFAC46002053
:10A9F00013B50A4A009004464FF6FF7101206B46DA
:10AA00008DF804000DF0AFFA002120460DF084FB14
:10AA100008B9FFF789F802B010BD00BFE5A6010034
:10AA200037B5134A009104460D468DF804006B4675
:10AA30004FF6FF7101200DF096FA29462046F9F7EE
:10AA400047FD002812DB29462046FEF7CFFE0028EE
:10AA50000CDB29462046FEF787FC08B1FEF7B0FE66
:10AA600029462046F9F71EFD00EAE07003B030BD2C
:10AA70005D97010073B5044603461A4A4FF6FF710D
:10AA8000012004F170060DF06EFA207A31460DF0C7
:10AA900087FA207A31460BF0CEFF50B1237A8DF839
:10AAA0000430114A00966B464FF6FF7101200DF0FD
:10AAB0005AFA2046FEF716FD054688B1207A31463F
:10AAC0000BF0B9FF28B9284602B0BDE87040FEF788
:10AAD00077BE3146681C02B0BDE870400DF0E1B8A9
:10AAE00002B070BDBD9901005D97010008B5054B2E
:10AAF000014618460DF052FB043B002814BF1846CF
:10AB0000002008BDC435002010B50C4A11680C4A5D
:10AB1000BFF35B8F00F5B87353E8004F944204D144
:10AB200043E8001CBCF1000FF6D1BFF35B8FBFF30D
:10AB30005B8FD0F87001BFF35B8F10BDB445002070
:10AB4000C035002008B5FFF7DFFF0346C8B1D0E9E4
:10AB5000001221B9002A0CBF0320022010E032B1FC
:10AB6000836813B9094B1B7833B9042008E00749FF
:10AB7000087828B19B6833B9003A18BF0122500009
:10AB800008BD0320FCE70120FAE700BF306E00207B
:10AB900008B5034A034801210DF0FEFA002008BD64
:10ABA000CBFC020094C00200024A034802210DF0CF
:10ABB000F3BA00BFE6FC020094C0020038B50023DF
:10ABC00004461A46EC300D46FDF794F858B169304A
:10ABD00004D1074A074801210DF0DEFA2846BDE8F6
:10ABE0003840F9F779BA2046BDE838400DF030BB5F
:10ABF0007EF6020094C0020038B5051D0446082107
:10AC000028460DF02EFB084904F15700FCF750F8D8
:10AC100048B1082128460DF0FFFA0448044A0121F2
:10AC20000DF0BAFA082038BD0F85020094C002006A
:10AC3000FFFC020038B5EC220546002110F088FD2B
:10AC4000102105F1270004F025F8044648B9052134
:10AC500028460DF006FBFCF71BF8034B1860204656
:10AC600038BD0824FBE700BFB446002070B50E468F
:10AC700086B00446FFF748FFF36804F13702054643
:10AC8000114603F1100053F8046B41F8046B834242
:10AC9000F9D1237A052B00F29580DFE803F0172322
:10ACA0002303936A02AB4B490093096804F127031D
:10ACB00004F1570001F0BAFB58BB0A21201D0DF02A
:10ACC000D0FAAB680299D4F8EC00984720460D21E1
:10ACD0000DF0C7FA201D10210DF0C3FA20460DF02B
:10ACE000F3FA20E094F8DC10D4F8D83002ADCB4071
:10ACF0003849009503F00103096843F0800304F12B
:10AD000057000DF0BFFC30B1334A344801210DF03B
:10AD100043FA082007E01022294604F1170010F03A
:10AD20001FFD10B1042006B070BD032120460DF0B8
:10AD300098FA0DF0C9FA0028F5D194F8DC30013307
:10AD4000DBB2142B84F8DC3009D10D2120460DF044
:10AD500088FA1021201D0DF084FA0020E3E710216D
:10AD600004F1270003F096FF003818BF0120C0004F
:10AD7000D9E7102104F1270003F08CFF0028C8D187
:10AD800035B3EB6823B3164BE27A1B88ADF8083075
:10AD9000A37CD20703F0010312D4002B14BF0123BC
:10ADA00003238DF809300023C4E93833201D0C211A
:10ADB0000DF057FAEB68D4F8EC0002A99847CCE7FD
:10ADC0005B00EEE7074A054801210DF034FAA0E7E1
:10ADD0000220A8E7B446002018FD020094C002003B
:10ADE00074C4020031FD02002DE9F04790B0044622
:10ADF0000CAD10220021284610F0AAFC237A052B66
:10AE000034D8DFE803F0060303063323D4F8D83040
:10AE10000C93D4F8EC3004F1470204F1C707CDE9F4
:10AE2000017204F1370803F17E0204F12709009250
:10AE300077334A46414604F1970001F08FFAF0B1AA
:10AE4000454A464801210DF0A7F914E0D4F8E43052
:10AE5000002BDED02E4603F11007186859683246E1
:10AE600003C20833BB421646F7D1D2E73C4A3B48FF
:10AE700001210DF0E0F9082010B0BDE8F087D4F80A
:10AE8000EC3003F177027E3308AE019304F1110335
:10AE90000292009303962B464246494638460DF0EF
:10AEA00016FC08B12F4ACCE7237A052B0ED1D4F833
:10AEB000E01011B30B46AC4601F1100E186859684A
:10AEC000624603C2083373459446F7D1D4F8EC3098
:10AED00003F17E0277330DF1100A019304F10A03A6
:10AEE00002920093CDF80CA02B464A4641463846C4
:10AEF0000DF0EDFB30B11C4AA3E71022284610F0FC
:10AF000027FCE3E71022514604F1B70010F028FCBB
:10AF1000F8B90D2120460DF0B8F907460028AAD04F
:10AF200010210C300BF068FB32460346164603CE68
:10AF3000AE4218605960324603F10803F6D1394633
:10AF40002046FFF73BFE201D01210DF08AF900206D
:10AF500092E70B2090E700BF4DFD020094C0020075
:10AF600031FD020062FD020085FD020073B5047A26
:10AF7000022C054623D844B190F8DC30D0F8D840F4
:10AF8000DC4004F0010444F08004032128460DF065
:10AF90007CF90646D8B110210C300BF02DFB009047
:10AFA00012482346006805F1270205F157010DF00C
:10AFB00069FB044680B13046F9F78EF807E0032CB0
:10AFC00008D00B4A0B48234601210DF034F9082024
:10AFD00002B070BD0024D8E731462846FFF7EEFDE9
:10AFE000281D21460DF018F92046F1E7B44600204F
:10AFF00031FD020094C0020070B5061DCD68044604
:10B000000B2130460DF008F92B4604F1170205F12B
:10B01000100153F8040B42F8040B8B42F9D1237A48
:10B02000012B09D0022B13D1204604210DF019F970
:10B03000BDE87040FFF79ABF0A2130460DF0AEF828
:10B040000028F1D0304600210DF00BF9002070BD32
:10B050000348044A01210DF0EEF80820F7E700BF8D
:10B0600094C0020031FD0200F7B50446FFF74CFD25
:10B07000251D06460E2128460DF090F870B94E4B5E
:10B080002022196804F1570010F06AFB30B94B4ACE
:10B090004B4802210DF080F8082033E00C212046B7
:10B0A0000DF0F3F807460028F6D040210C300BF0E5
:10B0B000A3FA414B1B680246014603F1200053F8F6
:10B0C00004CB41F804CB8342F9D1203203F12001B3
:10B0D00053F8040B42F8040B8B42F9D13946204651
:10B0E000FFF76CFD237A052B5DD8DFE803F0033C06
:10B0F0000D035C59042120460DF0B3F8FFF736FF2D
:10B1000000283FD003B0F0BD2046D4F8EC70FFF724
:10B11000FBFC042106464FF0FF330DEB01000193C9
:10B1200003F0B8FD0028B7D1019B264AB3FBF2F12A
:10B1300002FB11330193C4F8D83084F8DC0056B117
:10B14000336843B10B2128460DF08BF83368D4F8EF
:10B15000D81038469847032120460DF082F80E217A
:10B160000DF07FF80EE0204603210DF07AF80E2155
:10B170000DF077F828460A210DF073F87368D4F8BB
:10B18000EC009847284607210DF06BF80820FFF7E0
:10B19000ADFC70B9204603B0BDE8F040FFF72CBD10
:10B1A00004212046DCE7084A054801210DF043F858
:10B1B00072E70020A6E700BFB4460020A9FD020008
:10B1C00094C0020040420F0031FD020070B50E46EF
:10B1D0000446FFF799FCF36804F157052A4603F18A
:10B1E000200153F8040B42F8040B8B42F9D104F10F
:10B1F000770203F1200153F8040B42F8040B8B4251
:10B20000F9D12846FBF79EFCD8B10E21201D0DF088
:10B2100028F8D4F8EC50D5F8A43033B9287A05F1E1
:10B22000700100F0D3FEC5F8A400D5F8A4309BB19E
:10B23000DA8902F024027AB15B7B9B070CD40320ED
:10B2400070BD2846FBF78AFC30B90A480A4A022139
:10B250000CF0A2FF0B20F3E7084B1D682DB9201D51
:10B2600006210CF0FEFF2846EAE72046BDE87040C4
:10B27000FFF7FABE94C00200C4FD0200B4460020ED
:10B2800038B512490446A0F1EC0554300FF0C7F868
:10B2900028460DF080F8BFF35B8F0D4A04F184035C
:10B2A00053E8001F43E800200028F9D1BFF35B8F6B
:10B2B000BFF35B8F88344FF0FF3354E8002F44E82E
:10B2C00000310029F9D1BFF35B8F38BDFDBD01000E
:10B2D000C035002080B500AF88B06A46074BC2E990
:10B2E0000530032342F8103F054800234FF4C251B4
:10B2F000F7F7BAF96FF00B00BD4680BDE0FD020024
:10B3000094C00200064BD3F8EC200AB1FFF7E2BF6D
:10B310000448C3F8F000EC330B601046704700BFE0
:10B32000C0350020ECCB02002DE9F0410B4600AF08
:10B3300006460D2104300CF031FF78B3DD68D6F8F5
:10B34000EC3003F17008197A424602200DF05BF9E7
:10B350000446C8B94046F8F73DFF6D4688B06A46D6
:10B36000114BC2E905304FF4007393830F4B42F841
:10B37000103F0F4823464FF4E251F7F775F90820C4
:10B38000AD46BD46BDE8F0812B462A3405F11002DA
:10B3900053F8041B44F8041B9342F9D130460921A9
:10B3A0000CF05FFF0020ECE705FE02000300000147
:10B3B00094C0020038B5174B1B78054623B301F043
:10B3C0000F042846FFF7BEFB134A03280CBF04F006
:10B3D0000B0444F0040405F5BA731278BFF35B8FD5
:10B3E00053E8001F013103D143E800200028F7D1C2
:10B3F000BFF35B8FBFF35B8FD5F87431BFF35B8F07
:10B400002BB144F0010038BD01F00704D9E704F086
:10B41000FE00F8E7306E002005190020F8B50D4653
:10B42000D0F8EC600446FFF76FFBEF68FB78102B59
:10B4300001D00620F8BDD6F8A4305BB1251D0F2140
:10B4400028460CF0ABFE80B92046FFF7F3FB60B155
:10B45000C0B2EFE7307A06F1700100F0B7FDC6F830
:10B46000A4000028EAD10820E4E7012363723B68C6
:10B47000C4F80A30BB88E38102232374B9782046DC
:10B48000FFF798FFE0742046FFF75CFB1023607421
:10B4900023753B7903F0030363757B7903F00103A4
:10B4A000A375E37C1A070CD5BB781B0709D50521CA
:10B4B00028460CF0D6FE637D03F00203637500237B
:10B4C000A375052128460CF069FE002843D04C4B9B
:10B4D0001B78A374E37C980606D5BB78990603D540
:10B4E000142128460CF0BDFEE37CDA0735D5BB7885
:10B4F000DB0732D50D2128460CF0B3FEA37D84F87E
:10B50000E830637D84F8E930032128460CF0A9FE79
:10B51000237BE17C3F7803EA0102100704D5E27A3D
:10B52000A07C0243D2071CD4042F1CD80B4313F079
:10B53000040307D02046FFF705FB324B07EB8707D4
:10B540003B441B5C2372D6F8A41020460CF02FFE5F
:10B5500058B903206EE72C4BBAE700236375A37537
:10B56000CCE70523EEE70023ECE7D4F8EC309B7A38
:10B57000032B36D024D8013B012B3FF674AF0521B5
:10B5800028460CF00BFE0028E3D00C2120460CF0DE
:10B5900068FE02210CF079FE054600283FF463AFF7
:10B5A00006210C300BF028F8D4F811300360B4F801
:10B5B0001530838029462046FFF700FB002039E73D
:10B5C000042B7FF450AF237D627B934228BF134648
:10B5D000102B7FF42EAF052128460CF0DFFD00284C
:10B5E000B7D0237A002BB4D0052128460CF0D6FD25
:10B5F0000028C4D1237A013B012BC0D8A9E700BFA2
:10B60000326E002019000300316E00202DE9F04158
:10B61000C678012E044604D06FF015042046BDE81C
:10B62000F0810CF00AFE0546002800F0AB80071DF3
:10B63000042138460CF0B2FD002840F0A68003211A
:10B6400038460CF0ABFD10B16FF00F04E6E7314661
:10B6500038460CF0A3FD0028F6D12846FFF754FA2F
:10B66000D5F8EC309B7A032B064642D032D8013B0A
:10B67000012B48D90F21201D0CF090FD0028CBD1C3
:10B68000D4F8A43083B904F17006217A3246202020
:10B6900000F0FCFCC4F8A40030B9217A3246042042
:10B6A00000F0F4FCC4F8A400D4F8A430002BB3D00C
:10B6B000DA8912F0240FAFD0A17A022923D9587B5E
:10B6C000C007A9D503291ED09206A5D51B7B102B38
:10B6D000A2D118E0042BCDD12846FFF733FA032876
:10B6E00004D1002EC6D0F368002BC3D0284B1B78A2
:10B6F00007E02846FFF726FA032804D1002EB9D028
:10B70000F368002BB6D0D4F8A4303BB12846FFF73D
:10B7100091FA044670B16FF068047FE7207A04F173
:10B72000700100F053FCC4F8A4000028EED16FF0C3
:10B730000B0473E70B2128460CF0A7FD06460028F2
:10B74000E9D001210C300AF057FF09218046284634
:10B75000FFF730FE234688F800002246314605F107
:10B76000EC00FCF7C7FA044618B13046F8F7B4FC11
:10B7700054E738460F210CF074FD012128460CF0E7
:10B7800070FD4BE76FF07F0448E76FF0040445E776
:10B79000306E0020F8B5D0F8EC40D4F8A43006465E
:10B7A000051D002B32D10221404A41480CF0F4FC27
:10B7B0000721404B5F5CD4F8A4304BB11B7B002BBE
:10B7C0005CD1D4F8A4000CF032FF0023C4F8A430FC
:10B7D000022128460CF0E2FC40B9072F96BF364BF9
:10B7E0001F21D95D3A462046FCF77AF80321284606
:10B7F0000CF0D4FC68B3314B1B6853B31D6805B122
:10B800000C3D53F8083C002B41D143E081BB0D2196
:10B8100028460CF0C3FC074620B1D4F8A40008B1B8
:10B8200000F084FD254B1B689BB11D6805B10C3DE4
:10B8300053F80C3C13B13946204698474DB12B467E
:10B84000ED681B681DB10C3D002BF4D1F7E7002B10
:10B85000F1D130460CF09FFD637B072B24D1627A37
:10B86000A37A9A4220D02046BDE8F840FFF7CEBE2A
:10B870000139C9B20E299CD909279CE70221284623
:10B880000CF08CFC00289CD1A2E70C3D23B139467A
:10B8900020469847002DDCD02B46ED685B68002DD4
:10B8A000F3D1002BF3D1D4E7F8BD00BF1FFE020097
:10B8B00094C002000A000300F9FF0200AC4500201A
:10B8C000F8B5031D06460F46184602210CF066FC2B
:10B8D000044620B1B6F8E840B4FA84F464090321C0
:10B8E00018460CF05BFC80B139463046FFF752FF3A
:10B8F000C4B11A481A4A02210CF04EFCD6F8EC00EA
:10B9000005210BF04FFB0020F8BD012118460CF07B
:10B9100045FC0028E8D10F2118460CF03FFC002818
:10B92000E2D1E5E7052130460CF0AFFC054688B1D1
:10B9300001210C300AF060FE23460770224629469A
:10B9400006F1EC00FCF7D6F90028DCD02846F8F721
:10B95000C3FBD8E76FF06800D6E700BF94C00200D1
:10B9600049FE0200134B10B5044618604FF0FF3239
:10B970004FF0FF33104804F053FE104805F006FA6C
:10B980000D4804F0C5FE1CB9BDE81040FFF70CB926
:10B990000B4CBFF35B8F54F80439BFF35B8F5B062E
:10B9A00007D52046FFF760FB014610B12046FFF7A0
:10B9B00087FF10BDB44600205C17002070170020E0
:10B9C000C43500202DE9F3410B8A04460E4643B9E5
:10B9D0002D4A2E4801210CF0DFFB002002B0BDE80B
:10B9E000F081012106F10C000AF036FEA4F1EC050D
:10B9F000E83C0746042120460CF0D0FB3B7828B1F8
:10BA0000234A224802210CF016FCE6E70E2B01D94E
:10BA1000204AF6E7DFF8808058F833204AB902213F
:10BA20001E4A1A480CF007FC07212846FFF748FF7A
:10BA3000D3E7194628460CF098FC3B7860B91348C8
:10BA4000174A02210CF0F7FB032120460CF0A6FB5D
:10BA50000028C2D00821E8E708EBC301328A09793F
:10BA6000914208D001210093084813460D4A0AF07C
:10BA700035FB0A21D9E7314658F833302846984734
:10BA800001460028A9D0D0E7A1FE020094C0020020
:10BA9000BCFE0200EDFE020014CC02000FFF02000B
:10BAA00029FF020031F702002DE9F04784B090F839
:10BAB000E930D1F80C80D0F8EC6023F0020380F874
:10BAC000E93098F8003000AF054606F17009BBB3C5
:10BAD00098F8063003F0C003C02B31D04046F8F789
:10BAE00079FB6E4688B06C465C4BDFF87481254666
:10BAF0004FF4007AC4E90530A4F81CA045F8108F73
:10BB000000232A464FF4E2515648F6F7ADFD484669
:10BB1000B546F8F75FFBA546534BA4F81CA0C4E953
:10BB20000530C4F810804F4800232A464FF4E251F4
:10BB3000F6F79AFD0A20B5461037BD46BDE8F087F6
:10BB40000722414648460FF00BFE68B1307A414665
:10BB500000F0FAFA044638B1014628460CF027FBFB
:10BB600028B320460CF063FD0D21281D0CF016FBB8
:10BB7000002862D0317A4A4602200CF044FD044687
:10BB8000B8B94846F8F726FB6D4688B06A46374B89
:10BB9000C2E905304FF400739383314B42F8103FF4
:10BBA000304823464FF4E251F6F75EFDAD460820DB
:10BBB000C2E7F378002B3AD106F17E03187801280A
:10BBC00029D19A7902F0C002402A24D1D3F8012069
:10BBD000C4F83A20B3F80530E38796F87030D3B153
:10BBE00096F8763003F0C003C02B14D02049FC60D7
:10BBF0003A1DC7E90198FBF78DFBD8F80030C4F86F
:10BC00000130B8F80430A4F8053098F80630E37134
:10BC10003046FBF735FE00212046FAF719FA48B105
:10BC20001048144A02210CF0B7FA032084E706F109
:10BC30007703C3E72046FAF71DFA95F8E9305B076A
:10BC400003D50A2128460CF00CFBB5F8E81009B121
:10BC5000002071E72846FFF79DFDF9E744FF020049
:10BC60000300000194C00200C2FF020005FE0200B2
:10BC7000DD83020058FF02002DE9F0410E46044624
:10BC8000D0F8EC80FEF740FFF668114A33780121C6
:10BC90000546271D0F480CF0CEFA0A2138460CF055
:10BCA00064FB38B16DB920463178FFF773FD002091
:10BCB000BDE8F0810B2138460CF057FB0028F1D18C
:10BCC000F1E72B69002BEED040469847EBE700BF29
:10BCD00093FF020094C002002DE9F8430546A0F14D
:10BCE000E80600AF044688463046012155F8EC9935
:10BCF0000CF03BFB28B3B8F1000F17D003213046FE
:10BD00000CF04CFAE8B14046F9F7A0FA0138C0B29D
:10BD100008289ABF354B1C5C0024022130460CF0E9
:10BD2000A0FA21462846FFF735FD0AE099F80B30C6
:10BD30003BB1032130460CF031FA28B928460CF00B
:10BD40002AFBBD46BDE8F883052130460CF026FAF3
:10BD5000B8B114F8043C1B0707D514F8033C1807C6
:10BD600003D5112130460CF07CFA14F8043C23F082
:10BD7000080304F8043C14F8033C23F0080304F817
:10BD8000033C14F8033CD90710D5062128460CF0D3
:10BD900068FA304602210CF064FA2068D0F8A460FA
:10BDA00066B134F8041C0029CBD1BBE79A0701D552
:10BDB0000821EBE75B07ECD50A21E7E77030F8F7DD
:10BDC00009FA6C4688B06A46094BC2E905304FF45F
:10BDD00000739383074B42F8103F074833464FF4F4
:10BDE000E251F6F741FCA546ABE700BF01000300B6
:10BDF000B5FF02000300000194C0020037B5A0F5B2
:10BE0000A075A0F59E74BFF35B8F2368BFF35B8FB3
:10BE1000BFF35B8F2A68BFF35B8F08480092012154
:10BE2000074A0AF05BF928460821FFF7B3FC042112
:10BE3000204603B0BDE830400CF013BA94C00200B5
:10BE4000CAFF02002DE9F84300AF04460CF0F5F9F3
:10BE5000054670B3061D032130460CF09FF940B330
:10BE6000D4F8A40008B10CF0E2FB04F17009207AC8
:10BE7000494600F0ABF88046C4F8A400E0B9484653
:10BE8000F8F7A8F96C4688B06A463E4BC2E905301F
:10BE90004FF4007393833C4B42F8103F3B484FF400
:10BEA000E2514346F6F7E0FB0821A5462846FFF796
:10BEB00007FDBD46BDE8F8830E2130460CF06EF953
:10BEC00028B1D4F8A420537B43F0020353732B7A98
:10BED000032B11D823B1052130460CF05FF9A0B92E
:10BEE000D4F8A420537B23F020035373D4F8A42068
:10BEF000537B23F001030DE0053B012BF0D8D4F870
:10BF0000A420537B43F020035373D4F8A420537B25
:10BF100043F0010353732B7D697BD4F8A4208B423B
:10BF200028BF0B461373052130460CF037F9D4F8BF
:10BF3000A4305A7B10B342F010025A730D213046E0
:10BF40000CF02CF90028B4D0D4F8A40020210CF077
:10BF50006AFBD4F8A43005F147021A33573552F87A
:10BF6000041B43F8041BAA42F9D1D4F8A4200023EF
:10BF700013615361D4F8A42013839AE722F01002CE
:10BF80005A7396E705FE02000300000194C0020008
:10BF900008B5044B044801221A70FAF723FE00206A
:10BFA00008BD00BF306E00207817002008B5437B25
:10BFB0005B0607D40121F9F707FFBDE808400248F6
:10BFC00004F03ABE08BD00BF8017002070B50F4CCA
:10BFD00014F8013B834206460D4604D10722204651
:10BFE0000FF0BEFB68B10A490A4807220FF0B8FB00
:10BFF00048B904F8016C2B682360AB88A380AB7947
:10C00000A371024870BD0020FCE700BFB8460020C5
:10C0100021E40200B9460020F7B50E4F04460D4654
:10C0200016460023F9893A780BB103B0F0BD002918
:10C03000FBD0A242F9D1084B18689A8800909B79EE
:10C040008DF8063031466846ADF80420A847012334
:10C05000E8E700BFB8460020B946002010B40B4600
:10C060001146044AD489044202D010BC1046184735
:10C0700010BC7047B846002008B5034900220220D2
:10C08000FFF7ECFF002008BDADBF0100F8B50C4C78
:10C09000E389074620463B400D464FF00006114617
:10C0A00010F8012B07D0954203D107220FF058FB5F
:10C0B00018B1304600E01846F8BD2046FCE700BF46
:10C0C000B8460020F8B50B78012B06460C4601D087
:10C0D0000020F8BD8B7903F0C003402BF8D1174D39
:10C0E000EF892946BF0711F83A2B4FF0000304F1FE
:10C0F000010006D5B24204D106220FF031FBD0B1C7
:10C100000023EA89297802F00202002BE0D1002AFC
:10C11000DED0B142DCD1671C094839460AF0DEFAAC
:10C1200001230028EDD0D4F80130C5F83A30054B92
:10C13000B4F805209A800148CBE700BFB84600203C
:10C14000E2460020F246002010B5074C23788342D7
:10C1500008D10722601C0FF003FB00280CBF20460B
:10C16000002010BD0020FCE7B84600202DE9F0417A
:10C1700092B0144602AF054638B9624A62480121BE
:10C1800009F099FF6FF0150640E0342207F10C0129
:10C190001846A047041E06DA5C4A23465A48012185
:10C1A00009F092FFEEE7391D28460AF0AAFA064682
:10C1B00098B16C4688B002AA554BC2E905354FF4D8
:10C1C00000739383534B42F8103F4F4800234FF4C2
:10C1D000E251F6F749FAA546D4E7394628460AF06F
:10C1E00069F8386838B10A22314607F0F1FB034696
:10C1F00008B1494AD2E72CBB3A1D21463F20FFF740
:10C2000045FF40B1402221460FF0A2FA30464037A8
:10C21000BD46BDE8F081381DF7F7DCFF6D4688B0FC
:10C2200002AA3E4BC2E905304FF400739383394BA9
:10C2300042F8103F344823464FF4E451F6F714FA1D
:10C24000AD46E3E7391D0020FFF7C0FE0546C0B943
:10C25000381DF7F7BFFF6C4688B002AA304BC2E921
:10C2600005304FF4007393832A4B42F8103F264861
:10C270002B464FF4E251F6F7F7F96FF00B06A5469F
:10C28000C4E7342C0BD034230093264A1E4823469F
:10C29000012109F023FF28460CF0C9F972E707F1E4
:10C2A0000C0300F10C0207F13C0C1C4603CC644566
:10C2B00010605160234602F10802F6D12068106038
:10C2C0006B7BDA07A2D513F030049FD1381DF7F746
:10C2D00081FFE84688B002AA134BC2E905304FF44B
:10C2E000007393830B4B42F8103F074823464FF4EB
:10C2F000E451F6F7B9F96B7B23F00103C5466B7384
:10C3000084E700BF91E4020064C00200390003002A
:10C3100017FA02000300000133FA0200580003007C
:10C320007B0003009A000300B800030010B501462B
:10C330000246342311F8010B0C32F8F72BF90446AE
:10C3400028B1044A03460121034809F0BDFE2046F6
:10C3500010BD00BF1D01030064C002002DE9F047BD
:10C360009AB01D46DDE923972E4B16460CAA84464B
:10C370008A4603F1300E904618685968144603C483
:10C38000083373452246F7D118681B792060237162
:10C390006146202204A80CF05DF923486B46202258
:10C3A00004A900F071F80446C0BB102251460DF1FB
:10C3B00035000CF04FF9102231460DF145000CF01C
:10C3C00049F92946062211F8013B8DF855300DF147
:10C3D00056000CF03FF92299062211F8013B8DF826
:10C3E0005C300DF15D000CF035F94B4635224146CD
:10C3F000684600F049F8044680B948460CF034F924
:10C4000001238DF8303035223B464146684600F026
:10C410003BF8044610B938460CF026F920461AB00D
:10C42000BDE8F08776C402004A01030070B598B0F9
:10C430000E4614460146202204A81D460CF00AF9B7
:10C44000202231460CA80CF005F91022294614A828
:10C450000CF000F91022214668460CF0FBF86B4600
:10C46000502204A9184600F00FF840B9039B054A72
:10C470001BBAB3FBF2F102FB11331C9A136018B024
:10C4800070BD00BF40420F002DE9F0418EB007465D
:10C490000C4615460021182208A81E460FF058F930
:10C4A0004FF41053ADF81C30DFF85C808023ADF8FA
:10C4B0001E304FF44063CDE90938102205AB3946F0
:10C4C00007A806F07BF8034648B1104A104801213E
:10C4D00009F0FAFD6FF004000EB0BDE8F08106AB84
:10C4E000029310232246CDE9006341462B4605986E
:10C4F0000EF0B2FC0446059806F01EF82043EBD07F
:10C50000044A2346E2E700BF0002C00364010300BF
:10C5100034C002008001030010B5094C0A44914266
:10C5200000D110BD11F8013B584003090001E35C44
:10C53000C0B2434018091B01205CDBB25840EEE753
:10C5400099010300F0B5114D114E124F85B04FF017
:10C55000FF334FF0FF3201A9284603F0FDFF0346E9
:10C5600090B10D483A46012109F0AEFDEFE723688E
:10C5700013B1019A934203D1D4E9013101A898473C
:10C580000C34B442F3D3E2E7044CFAE7181A002063
:10C590005CC20200A9010300E4C0020050C2020014
:10C5A000F0B585B0DDE90C5417461E4601902346D0
:10C5B0009DF828008DF808002C432A468DF80910B4
:10C5C000ADF80A7003960AD00D490FF0C1FAD1F800
:10C5D000B8400C4909588C4204BF002213460A484F
:10C5E00001A90DF087FD041E07DA084A0848022158
:10C5F00009F061FD204605B0F0BD0024FAE700BF58
:10C60000B842002008000000181A0020BE010300F4
:10C61000E4C00200084B70B5C31A0D4607499B10D1
:10C6200004465943064840220CF0AAF82B4601461E
:10C630002046BDE8704018470C470020B76DDBB6B8
:10C6400034BC020073B50C4C0C4A4023041B00930D
:10C650000D460B460A49A4106143064609480CF0F2
:10C66000BAF8011E05DA30462B4602B0BDE870402C
:10C67000184702B070BD00BF0C4700203F88020081
:10C68000B76DDBB634BC02000022F8B501210546C7
:10C690001046F7F7E9F9104802F0DAFB0446B8B99A
:10C6A0000CF0DFFE2F690D49384609F092F9031EA0
:10C6B00009DB01263E642D69084905F11C0009F0DB
:10C6C00088F9031E02DA1C462046F8BDEE64FBE73B
:10C6D0006FF00404F8E700BF35C801008CCC0200FD
:10C6E0007FB500220123CDE9022304ABCDE9043359
:10C6F000094ACDF800D06B46CDF804D00CF098F87C
:10C70000002805DB4FF480420023684604F0BCF8A3
:10C7100007B05DF804FB00BF5188020010B5064C5D
:10C7200023782BB94FF4A5700DF027FC012323705B
:10C73000BDE8104002F076BB336E002010B5EFF379
:10C740001184402383F31288BFF36F8F074A136865
:10C7500023F00201DB07116002D401200CF07BFE04
:10C7600084F31188BFF36F8F10BD00BF5C470020BA
:10C7700030B4104B0C2202FB003301460020D3E9F9
:10C780000E529863EFF31180402484F31288BFF3B4
:10C790006F8F1C6C04F0C00444F002041C6480F32E
:10C7A0001188BFF36F8F1DB12B46034830BC18476B
:10C7B00030BC70470C47002034BC020010B4EFF3CB
:10C7C0001182402383F31288BFF36F8F17480168EB
:10C7D00041F002040460C80707D482F31188BFF354
:10C7E0006F8F012010BC02F023BB4FF08041D1F8C5
:10C7F0000C04D1F80C14C907EFD5EFF3118083F3C3
:10C800001288BFF36F8F0A490B6C03F0C00343F02B
:10C8100002030B6480F31188BFF36F8F82F31188DA
:10C82000BFF36F8F002010BCFFF7A2BF5C47002052
:10C830000C47002010B1012804D07047034B1B6C3B
:10C840005B0701D1FFF794BF704700BF0C47002082
:10C850002DE9F0413849BFF35B8F0746012251E8CB
:10C86000003F41E800200028F9D1BFF35B8F33B9C6
:10C87000324933484B60CB608A6009F0BDF87B1EBB
:10C88000012B2BD8012F07D14FF08043D3F81C3454
:10C8900003F00303012B21D00DF01DFE0546F8B96E
:10C8A000284B1B78E3B14FF080430222C3F80823E2
:10C8B0000646DFF894804FF08044D4F81824D4F86A
:10C8C0001834D20315D503F00303012B01D0012F37
:10C8D0000FD155B386F31188BFF36F8FBDE8F08198
:10C8E000EFF31186402383F31288BFF36F8F012586
:10C8F000DFE7ADB1304609F0EFFDD4F81835002B75
:10C90000DBD1D4F80421002AD7D0C4F80431D4F8FC
:10C9100004310123C4F81835C8F88031A360CCE78E
:10C92000002121200DF08CFEE7E74FF0804302222A
:10C93000C3F80423D2E700BF08470020F8460020D0
:10C9400028470020EA72002000E100E010B5044C06
:10C950002046F4F779FF2046F7F7DCFA002010BDF7
:10C9600065C9010073B5104E8DF807000446032514
:10C9700001220DF10701002003F050FB20B101233B
:10C980003370204602B070BD3378002BF9D0013DE2
:10C9900008D00DF0A0FD0028EAD1002142200DF0C2
:10C9A0004FFEE5E73570ECE7346E0020EFF31182BF
:10C9B000402383F31288BFF36F8F0A4BD3F8001123
:10C9C00061B10021D3F80805C3F80011D3F8003194
:10C9D000C0B282F31188BFF36F8F70476FF00A0007
:10C9E000F7E700BF00D00040F0B5034610469C7842
:10C9F00093F803C0EFF31182402585F31288BFF34B
:10CA00006F8F1F7893F801E0E41B04EA0C04A04246
:10CA100088BFA0B23E180CEA06063D461E7082F39F
:10CA20001188BFF36F8F0A188A4216D177450CD14F
:10CA3000EFF31182402181F31288BFF36F8F1978D1
:10CA4000597082F31188BFF36F8F1B79241AA342A8
:10CA500022BF064B01221A60F0BD5E1901357679BE
:10CA600001F8016B05EA0C05DEE700BF00D00040CD
:10CA7000DB432DE9F04713F001050E46144604D0C0
:10CA80002248FFF7B1FFBDE8F0879AB3EFF31188B2
:10CA9000402383F31288BFF36F8F0D20F6F7D6FF84
:10CAA00007460D20F6F7BEFF88F31188BFF36F8F9E
:10CAB000DFF85CA0DFF85C80CAF80051DAF80031DA
:10CAC0004FF400590123CAF800302546C8F8809178
:10CAD000DAF8003183B1FFF769FF031EC8F88091CF
:10CAE000F6DB013DADB27355002DF1D117B10D202C
:10CAF000F6F78AFF2046C6E7EFF31180402383F361
:10CB00001288BFF36F8F09F0E7FCE1E79047002040
:10CB100000D0004000E100E02DE9F041124F0D4649
:10CB2000144607F1450814B92046BDE8F0814FF0DE
:10CB3000FF334FF0FF32384603F0A6FE2246294667
:10CB40004046FFF751FF0646384603F063FE3EB904
:10CB50004FF0FF324FF0FF33044803F095FEE6E755
:10CB6000A41BA4B23544DEE76047002078470020CC
:10CB700038B5194C0122114620460DF080FB0122E8
:10CB8000002104F118000DF07AFB40F20743A4F8ED
:10CB900048304FF0706323630C2384F83430002551
:10CBA0000E4B84F84550A4F84650D3F8042522F0E3
:10CBB0000102C3F804250121C3F80051D3F8002174
:10CBC000C3F804132A4619600D20F6F74DFF0D2017
:10CBD000F6F71AFF284638BD6047002000D0004015
:10CBE00010B5FFF7E3FE002820DB174B93F8322047
:10CBF00093F8314093F83310141B31EA0404C0B2A7
:10CC00000DD193F8472093F8464093F84810141B31
:10CC100031EA04040BD10D4B01225A600EE09C183E
:10CC20000132114084F8350083F8321010BD9C1891
:10CC30000132114084F84A0083F847100448BDE8E7
:10CC4000104003F0E7BD00BF6047002000D0004067
:10CC500078470020024B0B6001231360704700BF30
:10CC6000B447002000487047B0CC020007B5034627
:10CC7000054A00910548012109F030FA6FF01500CE
:10CC800003B05DF804FB00BF2F020300B4C0020034
:10CC900010B5012211460748074C0DF0F0FA02F0DA
:10CCA00025F90CF09FFF20600CF098FF60600020D9
:10CCB00010BD00BFBC470020B447002038B5037B3F
:10CCC00004460BB10CF0DCFB0125A368032B06D84E
:10CCD000124AD2F80034DB07FBD5002038BD2368A8
:10CCE0006068196802F0A6FB636804336360236818
:10CCF00004332360A368043BA360237B0135002B2E
:10CD0000E3D0284602F080F90028DED0034AD2F8AA
:10CD10000034D907FBD50120E0E700BF00E0014067
:10CD2000F0B589B00E4615460CF058FF2946074667
:10CD300030460BF023FE60B3B6FBF7F307FB13633B
:10CD400023B9B5FBF7F407FB14545CB11F4A0095F7
:10CD500033461F48012109F0C1F96FF01504204640
:10CD600009B0F0BDAF42FAD84FF0FF334FF0FF32B9
:10CD7000184803F089FD0CF077FB04AB014660B95D
:10CD8000102218460EF0E4FCCDE905650BF0D2FD4B
:10CD900016E0114A00953346DBE71022214618467B
:10CDA0000EF0D6FC01228DF81C200C4ACDE90220A1
:10CDB0000B48CDE9056502F0A1F802A802F0A4F83D
:10CDC0000446044803F026FDC9E700BF4C020300F7
:10CDD000B4C00200BC4700202F02030035890200C6
:10CDE000645E010070B50D4688B0194628461646A7
:10CDF0001C460BF0C3FD58B91D4A00942B461D4834
:10CE0000012109F06BF96FF01504204608B070BDE0
:10CE100045EA04039B0703D0174A00942B46EEE72C
:10CE2000002CF2D04FF0FF334FF0FF32134803F0E5
:10CE30002BFD0CF019FB0346CDE9046504A806940C
:10CE40008BB101238DF81C300D4BCDE9023041F63A
:10CE50004C5002F053F802A802F056F80446074876
:10CE600003F0D8FCD1E78DF81C30FFF727FFF5E77A
:10CE70002F020300B4C002006B020300BC47002075
:10CE8000BDCC0100430970B507D10B4B596821B1E6
:10CE900001250C68094E854001B970BD8A682A4099
:10CEA00002D04B68304698471CB1236821461C4687
:10CEB000F2E72346FAE700BFD447002054BC020043
:10CEC00038B54568A86890B10CF076FD014670B998
:10CED000A8680CF055FD044658B902460649A868F2
:10CEE0000CF03FFD224605210620F6F7BDFD00208F
:10CEF00038BD6FF00400FBE785CE0100044A054B06
:10CF00009362054A1A60012100220320F6F7ACBDA6
:10CF100090170020E0470020003000402DE9F04F3E
:10CF200089B002AF9346BB6003693B614368D3F8A5
:10CF300020A09B8AFB604FF0FF324FF0FF33054685
:10CF40000C460BF0F6FE3B6948337B6100237869A1
:10CF50000022002603F098FC33465E4501D30023EF
:10CF600040E0207A010700F1938001365E45216898
:10CF70000BD2820709D4227D80EA020C0CF0010C4E
:10CF800002F004025CEA020C08D023B901F060420E
:10CF9000B2F1005F3FD04FF0000801E04FF0010810
:10CFA0006268D7F80CE003EB020CF44524D96C4618
:10CFB0008CB0286802A9384ECA61C1E90563FB68D4
:10CFC0000A46C1E9083040F203530B85334B42F85F
:10CFD000103F002332484FF45151F5F745FB6FF0F5
:10CFE0001B03A54628467B610BF0A7FE7B691C3717
:10CFF0001846BD46BDE8F08FC00705D40AEB030014
:10D000007B600EF07DFB7B6862681A4493B2B8F1D6
:10D01000000F26D1D3B9D4F80090A3884FF00008B0
:10D02000BA68217A009228464A4600F05FF8031E4B
:10D03000D8DB4FF480427869002303F025FC40B12F
:10D0400028460BF08DFE6FF00403CBE79846D146DF
:10D05000E6E73B691B6E002BF5DB237ADB0702D486
:10D0600000230C3479E7CA45FAD123460AE0A8EB3D
:10D070000201D8687B601FFA81F819FA81F10EF07D
:10D080003FFB7B685A689045A3F10C03EFD2E7E7BA
:10D090006FF08503A6E700BFBF0203000600000192
:10D0A000DCC0020008B5CA0743680AD4C1F34201D4
:10D0B000012909D002290FD00A4A0B48012108F0A2
:10D0C000FAFF6FF0150006E09B6A1B684FF0CC7208
:10D0D000C3F82425002008BD9B6A4FF0C8621B6876
:10D0E000F6E700BFA5030300DCC00200F0B589B07D
:10D0F00047680C461646002112220DF10E001D460F
:10D100000EF026FB04F001038DF80C30BDF838302A
:10D110008DF80D30BB8C0495AB4206960AD20A48B6
:10D1200000930A4A2B46012108F0D8FF6FF01B003C
:10D1300009B0F0BD84F00202C2F34002B86A5201A5
:10D1400003A902F0D1FBF3E7DCC00200B703030040
:10D15000B0B5456800AFAB6904469847E86901215E
:10D160000BF0EFFD2A69A86A234629460CF03CFE25
:10D17000002817DA23686C4688B06A460C49C2E971
:10D1800005134FF4007393830A4B42F8103F0A488B
:10D1900000234FF4E251F5F767FA6FF00400A5465B
:10D1A000BD46B0BD20460BF0F3FD0020F8E700BF00
:10D1B000FE03030003000001DCC00200F0B50346DB
:10D1C00085B053F8186D7268D16892685C1A164B76
:10D1D000E4105C430C236343D71805463979D058D3
:10D1E0000BF0F5FD031E08DA104A009310482346A1
:10D1F000012108F073FF05B0F0BD15F9082C9A4223
:10D20000F9D005F8083C4FF0FF304FF0FF313A8974
:10D21000003BCDE902014FF00101009118BF01234D
:10D220003046FFF7BDF9E6E7398EE3381E04030008
:10D23000CCC002002DE9F04F85B04668F56802AF1A
:10D24000183578604FF000093D6073684B4505DC88
:10D25000337D002B40F0A380002423E00C23D6F87C
:10D2600008A003FB09F80AEB08045AF808000CF0C0
:10D27000A0FE0346D8B95AF808206C4688B0116859
:10D2800002AA5048C2E905014FF4007191834E494A
:10D2900042F8101F4D484FF4E251F5F7E5F9A54665
:10D2A0006FF0120420460C37BD46BDE8F08FE388CE
:10D2B0005AF80800217943F480320469D0F808E074
:10D2C00013F0010F4FF0010C23680CFA01FC14BF9E
:10D2D0004CEA030323EA0C032360DEF8003098478E
:10D2E000044638B13A4A00904B463848012108F0CC
:10D2F000F5FED7E77B6845F8183C316928460DF004
:10D300008EF8337D002B46D1D6F808B00BEB080A17
:10D3100001239AF8042003FA02F22E4B45E9043265
:10D320005BF808008268D469A5F1140164B1012298
:10D33000A047041E0BDA284A2448012108F0BBFE4E
:10D34000264A00944B46D0E76FF05704F3E79AF86B
:10D3500004105BF808000BF03AFD05F8080CBAF869
:10D3600006305BF808009AF8041003F04003826866
:10D3700094696CB143F0C0634FF0A072A047041EE3
:10D3800009DA174A11482346012108F09DFED7E724
:10D390006FF05704F5E709F10109483555E735689D
:10D3A0004FF4004440F2E73000214FF47A7200233A
:10D3B000E5FB0401EEF752FE02460B46386803F027
:10D3C000DFFC49E73A04030003000001CCC002007F
:10D3D0004A040300F78D02006A0403008604030078
:10D3E0008D0403002DE9F0435B4E5C4F00EB81019F
:10D3F00040F2FF15814202D10020BDE8F0830468AD
:10D4000014F4804FC4F3C32CC4F3080340F090809D
:10D41000240E16F80CC0AB4208BF4FF0FF33192C96
:10D4200000F28980DFE804F00D13191C1F251C870A
:10D430008787873663878787878787878787667B1E
:10D440007E81C2F80C355C1C5ED10430D2E7C2F894
:10D4500014355C1CF9D000245FE0C2F80835F2E70F
:10D46000C2F81035F5E75C1CC2F80835EDD0002491
:10D4700004E05C1CC2F80C35E7D001245FEA531EBF
:10D480005CD14FF001084FF0A04E08FA03F9CEF836
:10D490000C950AE0C2F80835BCF1000FD9D15C1C2C
:10D4A000D3D00024A0464FF0060CD0F8009009F429
:10D4B000004EBEF1000F1CBF4FF00008012403F026
:10D4C0001F0E5B0942D14FEA8E0E0EF1A04EC9F33A
:10D4D0004129DEF800373B4043EA890343EA0C2345
:10D4E00043EA080343EA4403CEF80037ADE7C2F845
:10D4F0000C35D1E7C2F86035B3F1FF3F0468A4D022
:10D50000C4F30044002CB8D05C091BD101244FF0B7
:10D51000A04E04FA03F8CEF80885A046C5E7C2F885
:10D520006435E9E7C2F86835E6E7C2F86C35E3E749
:10D530006FF0150061E76FF085005EE70023C3F828
:10D540000C35FFDE0023C3F80835FAE70EF5E07E60
:10D55000002353F82E30F4E7C2040300F0F8FCFF78
:10D560002DE9F041044647680D460CF0B4FF4FF03A
:10D57000400888B9264B1B7873B1642660680BF0AD
:10D5800016FDF0B901200BF08DFF013EF6D1002110
:10D5900021200DF055F8F0E7EFF31186314688F3BE
:10D5A0001288BFF36F8F60680BF001FDA8B986F396
:10D5B0001188BFF36F8FEFE786F31188BFF36F8F8A
:10D5C000E5E7EFF31186314688F31288BFF36F8FDA
:10D5D00060680BF0ECFC0028EED0BB691D7063683E
:10D5E000BA691B680020C3F844250122C3F8482506
:10D5F000C3F82001D3F82041C3F85801D3F85801EB
:10D600009A6081F31188BFF36F8FBDE8F08100BF8E
:10D61000EA7200202DE9F041002205460121022096
:10D62000F6F722FA0220F6F7EFF96C680121E068BC
:10D630000BF011FD6B681A682369C2F82435637D0D
:10D64000217D0B43C2F86C356F68D7E9004313F0B6
:10D65000010346D0D5F8108004F10C0108F10C024A
:10D6600004F590700BF05BFF061E07DA2A4A2B4880
:10D67000012108F020FD3046BDE8F08198F80C004B
:10D6800001F042FE0823C4F80035BB69C4F84435F4
:10D690000023C4F848350123A360D4F85831002B87
:10D6A000FBD00026C4F800656B683146D8680BF0E3
:10D6B000D2FC6D6831462C68E8680BF0CCFC08237E
:10D6C000C4F800352A7A52B9EB69C4F8343501231D
:10D6D000C4F83835C4F81021D4F81021236000268E
:10D6E000C9E70822C4F80025BA69C4F84425C4F87B
:10D6F00048350123A360D4F82031002BFBD0002350
:10D70000C4F82031D4F820310123E3604FF4807352
:10D71000C4F80433C1E700BFCA0403004CC10200CF
:10D720002DE9F04383B045680669D5F8208000AF45
:10D730003A1D002140460BF078FB041E19DB7B6884
:10D74000D8F8002019791868FFF74CFE041E10DB8A
:10D75000A96A481C1AD0686A0BF069FD10F1130F12
:10D7600004460BD1304A314801210BF0CFFC6FF059
:10D77000120420460C37BD46BDE8F083411D05D19B
:10D780002B4A2A4801210BF0C1FCF2E7EB699847CC
:10D79000B5684FF00108D6E9023203EBC2039D429F
:10D7A00004D330460BF0E5FC0024E2E728680CF0D7
:10D7B00000FC0346B0B92A68297910686C468AB023
:10D7C0006A461C4DD1614FF4007111841A49C2E9B7
:10D7D000055042F8101F15484FF41151F4F744FF5B
:10D7E000A546C4E728682979EB88D0F810C0D0F89E
:10D7F0000890DCF80040DA0754BF43F4B01383F418
:10D80000D01323F4801208FA01FEDB074CBF44EA70
:10D810000E0424EA0E04CCF80040D9F800309847F2
:10D82000041EA6DB0835B6E70705030044C1020065
:10D83000320503004F0503000400000138B50378EA
:10D840000C4663B98D6E5DB94B6E1C696FF0730346
:10D85000236404F1280002F0DDFF84F86C5038BD29
:10D860008B6D33B19D4213D9224A234801210BF01D
:10D870004DFC236EA26E33B19A4221D91D4A1E4837
:10D8800001210BF043FC606EBDE838400BF09BBCFF
:10D890005B1B8B6573B94B6C08334B648B6C013B22
:10D8A0008B6401F1580204F1440048310BF03AFC5A
:10D8B0006065DEE74B6D002BDBD02B444B65D8E772
:10D8C0009B1A23667BB9E36C0833E364236D013B49
:10D8D000236504F1600204F1500104F14C000BF0E7
:10D8E00021FCE065CFE7E36D002BCCD01344E3656A
:10D8F000C9E700BF7305030044C102002DE9F04FE2
:10D900008BB000AFC7E9023243687B608B88046943
:10D9100089469904804631D44FF0FF324FF0FF33EF
:10D9200004F1100002F0B0FFC4F80490D8F810A081
:10D93000D8F804B09AF86D3023B1DAF80030994580
:10D9400000F0D680B9F8046016F400631DD0B24A26
:10D95000B24801210BF0DAFB6FF08505236813B1A3
:10D960009B889B0405D40023636004F1100002F03F
:10D9700051FF28462C37BD46BDE8F08FA369002B28
:10D98000CAD163689945C7D1D0E7F20716D56D466D
:10D9900088B0D8F800106A46A148C2E905014FF4E2
:10D9A000007191839F4942F8101F9C484FF4E25147
:10D9B000F4F75AFEAD466FF01505CFE7350705D5EC
:10D9C000994A964801210BF0A1FBF4E7C6F34513F1
:10D9D000082B01D0954AF4E7D9F80050944B9D42AA
:10D9E00001D8944AEDE70BF1080EBEE80F0007F1ED
:10D9F000140CACE80F00DEF80030CCF800308E4B91
:10DA00009D4254D98D4B9D4254D98D4B9D4254D942
:10DA10008C4B9D4254D98C4B9D4254D98B4B9D428B
:10DA20002CBF4FF000454FF08045B007FD6106F078
:10DA300004034BD5002B14BF0323022387F82030A7
:10DA4000C6F3001387F82130DBF80030D3F808253F
:10DA5000511C12D016F0020F02F01F00C6F3400155
:10DA60004FEA52124FF0010334D1002A40F02981CD
:10DA70004FF0A0428340C2F80C359AF86D302BB1BC
:10DA8000584601F0D1FD00238AF86D305346704AA4
:10DA900007F11401584601F097FD034618B36D4A8B
:10DAA0005E48012108F010FB6FF0040556E74FF0C7
:10DAB0000075BAE74FF08065B7E74FF00065B4E74F
:10DAC0004FF08055B1E74FF00055AEE7003B18BF6F
:10DAD0000123B3E7002A40F0F7804FF0A0428340D3
:10DAE000C2F80835C9E701238AF86D30CAF80090FA
:10DAF000012384F86C307B68996A4A1C09D0586A03
:10DB000000F0E6F8743004D1534A444802210BF087
:10DB1000FDFAFB68002B76D163640023A36404F153
:10DB2000580204F1480104F144000BF0FBFABB6811
:10DB30006065002B40F09480E3640023236504F1CA
:10DB4000600204F1500104F14C000BF0EBFAE065C7
:10DB500020680023236448B183683BB10121083069
:10DB60000BF0F3FA236818690CF007FA40460BF043
:10DB70002AFB0023A06C1A4682427AD10022256D2E
:10DB80001146A9427CD19342264638BF13464FF432
:10DB9000FA5202FB03F556F8283B4FF4004C1B6881
:10DBA000B5FBF3F540F2E730C83500214FF47A7247
:10DBB0000023E5FB0C01EEF751FA02460B46304616
:10DBC00002F062FE002862D0244A144801210BF0C2
:10DBD0009DFA4FF000097868C4F8689001F024FDC0
:10DBE00084F86D90D8F810506FF07308C5F8408035
:10DBF00005F1280002F00EFE85F86C90304602F028
:10DC000069FE454647E0FB681B686364002B84D0CF
:10DC1000FB685B6882E700BF9105030044C1020016
:10DC2000AB05030003000001CD050300EC05030074
:10DC300047E801001B0603008FD003001FA1070067
:10DC40003F420F007F841E00FF083D0000127A0053
:10DC50003DD801004C060300710603009B0603003B
:10DC6000BB681B68E364002B3FF467AFBB685B686D
:10DC700064E7616C01EBC201013249680B447BE748
:10DC8000E06C00EBC10001314068024479E7256C8B
:10DC900015F1740F9DD02368002B3FF45FAE9A6896
:10DCA000002A3FF45BAE998811F480567FF456AE9B
:10DCB00018690CF062F92068314608300BF045FA1B
:10DCC0004CE6C1F80C15FFDE0023C3F80835FAE76F
:10DCD0002DE9F0410D4606460BF0BFFE0022074637
:10DCE000294630460BF070FE6B0905F01F0429D160
:10DCF000A40004F1A044164BD4F80027134043F0CD
:10DD00000C03C4F800370BF0C6FA80463368DB59C1
:10DD10007BB10027304629460BF09DFED4F8002742
:10DD20000B4B134043F00403C4F800373846BDE8FA
:10DD3000F0810BF0B0FAA0EB08000628E6D96FF0EE
:10DD40007307E7E704F5E074002353F82430FFDE9F
:10DD5000F0F8FCFF70B5012383400E4ABFF35B8FE0
:10DD6000DC4352E8001F01EA040542E80056002E99
:10DD7000F7D1BFF35B8F4FF4803282400648C0F882
:10DD80000823BFF35F8FBFF36F8F0B4214BF0120D7
:10DD9000002070BD4C4800200010014070B40E49B6
:10DDA000D1E90034D01AC31844F10004C2F30E06BE
:10DDB000C1E90034A6F58053B3F5C04F09D2074B33
:10DDC0001B685A0CDB039C19054B42F10005C3E9A3
:10DDD000004570BC03F07ABD303900205048002067
:10DDE0003839002011B3BFF35B8F0123104A834001
:10DDF00052E800CF4CEA030C42E800C10029F7D1F9
:10DE0000BFF35B8F0B4A4FF480338340C2F8043377
:10DE1000094BBFF35B8F1B68BFF35B8FC340DB070E
:10DE200042BF064B4FF40032C3F80021704700BFD9
:10DE30004C480020001001404448002000E100E070
:10DE400030B5144B1868410CC003BFF35F8F124B01
:10DE5000D3F8043547F6FF7293420AD10F4AD2E94C
:10DE60000045844275EB010209D3C01841F100015D
:10DE700030BD181841F10001B3F5006FF8D2074B1F
:10DE8000D3E90023904271EB0303F1D210F5004077
:10DE9000ECE700BF50480020001001403839002056
:10DEA0002DE9F04F85B016461F469DF840A0044668
:10DEB000FFF750FF0190FFF7C3FFB04271EB07037C
:10DEC0005CD2301A44F2010367EB0101984271F110
:10DED000000156D23D4B03EB0413D3E902239F42CA
:10DEE00008BF964265D03A494FF4803804F1500596
:10DEF00008FA04F8AD002046C1F84883ADB20BF033
:10DF0000BEF9C6F30E0B05F1804504F5A87305F5BF
:10DF1000883558464FF003090293C0F30E03002BD7
:10DF2000029A08BF0120C0F30E0341F82230C1F865
:10DF30004483D1F804356FF0020CACEB030C604461
:10DF4000C0F30E0043F6FD72904232D9286868B1E2
:10DF5000D1F804350393A3EB0B00C0F30E00B0F52A
:10DF6000804F26D920460BF08AF9039BBAF1000FA7
:10DF700007D109EB030009F10109CEE7BAF1000F5F
:10DF800009D06FF0150520460199FFF72BFF2846B1
:10DF900005B0BDE8F08F01230E4ABFF35B8FA340AD
:10DFA00052E8000F184342E800010029F8D1BFF3FE
:10DFB0005B8F06490E98230101EB0412C8500F9B9A
:10DFC0005360C2E902670025DDE700BF1039002079
:10DFD000001001404448002070B5294C294BC4F87A
:10DFE0000833C4F84833284B284A00254FF0FF3047
:10DFF0004FF0FF314FF48036C4F80855C3E90201F1
:10E00000C4F80463C3E906014FF4003386B001216C
:10E01000C4F804331120C2F880312A46F5F724FDF4
:10E020001120F5F7F1FC1A4B01200322A0602060BB
:10E030001A60184B009343F6FF720023CDE9015597
:10E04000FFF72EFF0220FEF703FC134A1349136863
:10E05000134823F00103136047F6FF73C4F84463C9
:10E060000DF11702C4F840350BF059FA002804DB13
:10E070009DF8170001F048F9284606B070BD00BFB2
:10E080000010014001000F001039002000E100E005
:10E090004C4800209DDD0100484800200810014048
:10E0A000401101402DE9F743334CD4F80433D90330
:10E0B00019D540230022990810290CD1D4F84031F9
:10E0C000002B3BD00023C4F84031D4F840314FF44A
:10E0D00080324423EFE70433502BECD11AB1274AA6
:10E0E000136801331360D4F804339A0323D5BFF3C4
:10E0F0005B8F234B53E8002F22F0020143E800100E
:10E100000028F7D1BFF35B8F930702D4D4F84431D2
:10E110008BB10025C4F84451D4F84431FFF790FE88
:10E12000EFF3108272B6174BD3E90667B042B941DC
:10E1300006D282F3108803B0BDE8F0834423BAE727
:10E140004FF0FF384FF0FF39C3E90689D3E90410D7
:10E150001D614FF40033C4F84833C4F84451D4F877
:10E16000443182F310880029E5D0009032463B46C6
:10E1700001208847DFE700BF001001405048002021
:10E18000444800201039002030B5431C85B043F6C8
:10E19000FF7223D09042A8BF104601280446B8BFA2
:10E1A0000124FFF74DFE0F4BD3E90013401AB0F5E1
:10E1B000804F43F6FF7513D22218AA4228BF2A4681
:10E1C00052184FF0000008490091CDE9010043F1D9
:10E1D00000030120FFF764FE05B030BD1446E0E700
:10E1E0002A46EDE7303900209DDD010008B5FFF734
:10E1F00027FE024B1B68C01A08BD00BF3039002043
:10E2000010B5084C012363601120F5F70BFC064B99
:10E21000C4F80833C4F84833044B4FF40032C3F851
:10E22000802110BD0010014001000F0000E100E05E
:10E2300002460B46014802F0F3B900BFF019002076
:10E24000014802F065BA00BFF0190020B0B584B0F3
:10E2500000AF00243B1D7C600A22BC60C7F80B4065
:10E260003960014618460DF09DFA6D468AB039684E
:10E2700003466A460D48D161C2E905034FF40073B5
:10E2800013840B4B42F8103F0A4823464FF41151B8
:10E29000F4F7EAF9AD4684F31188BFF36F8F0323D7
:10E2A000184602DF1037BD46B0BD00BFE8060300C8
:10E2B0000400000184C00200014902480CF07EB84D
:10E2C0005848002070400020094B93F84A30042B36
:10E2D00002D1810709D47047022B02D1020704D46E
:10E2E0007047082B03D1830601D5FFF7E5BF7047C0
:10E2F0005770002010B403460A46034881680C6832
:10E300001946234610BC184774BC020070B5064677
:10E3100088B029480D4629490CF034F803A8E2F7E3
:10E320003DFF27480BF045FE48B9264A2648012103
:10E3300007F0C1FE6FF01204204608B070BD234BF9
:10E34000019301A8E2F754FF034638B1204A1E4862
:10E35000012107F0B9FE6FF01504EDE74FF0FF3033
:10E360004FF0FF31FFF764FF04460028E4D119495C
:10E370001948E2F7D5FE044610B1FFF761FFDBE76D
:10E3800041F64C5302A80293EEF78FF820B1FFF745
:10E3900057FF6FF08504CFE7012368468DF8003002
:10E3A000EEF77BF80028F2D1FFF74AFF33690B48FC
:10E3B0001D60F6F7A7F9BFE7584800204393020015
:10E3C00074BC02000D07030084C00200F5E20100E6
:10E3D0002D07030040390020B1E40100C9E201002B
:10E3E00030B5304887B0E2F719FE0446002854D112
:10E3F000E2F7E6FE0125E2F7EFFEEDF749FEEDF765
:10E4000049FEEDF749FEEDF749FE03AA0221204639
:10E410008DF80C50E2F736FE00283DDB082303AAF6
:10E4200007212046ADF80C30E2F72CFE002833DB44
:10E430004FF04513039303AA40F203230321204620
:10E44000ADF81030E2F71EFE002825DB03AA0421F8
:10E4500020468DF80C50E2F715FE00281CDB1F2328
:10E4600003AA06212046ADF80C30E2F70BFE002887
:10E4700012DB40F22A73984212DD0B4A00902946C3
:10E480000A4807F02BFE84F31188BFF36F8F042333
:10E49000184602DF6FF00B000446204607B030BD7F
:10E4A0002046F9E74DE201005107030084C0020055
:10E4B00073B5474C94F84A3023B394F84A30042B90
:10E4C0005BD120783E2830D0FF2834D000256378F7
:10E4D00002334A2B34D94A2200923E483E4A012157
:10E4E00007F0FCFD3D4A3B486FF00B03012107F0AC
:10E4F000EBFD002383F31188BFF36F8F04231846CD
:10E5000002DF26E04FF0FF304FF0FF31FFF790FEC3
:10E5100048B904F14A01204600F0A6FB0546FFF782
:10E520008FFE002DC9D002B070BDA578022D14BF9A
:10E5300000250125CBE7A57805F0FD05802DF6E740
:10E54000002200232946F6F7EBF8064648B9002DCD
:10E55000E9D0002384F84A3002B0BDE87040FFF7EC
:10E56000ABBE62781A4902320C3008F04BF81C4BF3
:10E570001B6831461B489847EBE7022B15D1002258
:10E5800000230820F6F7A6F805460028CBD06388BC
:10E5900004334A2B9FD80E491A4605F10C0008F0A7
:10E5A00031F80F4B29461B68E4E7082B09D10023FB
:10E5B00000222020F6F78EF8638805460028E7D170
:10E5C000B1E7094A0348012107F07EFDC1E700BF1A
:10E5D0005770002084C0020074070300CE070300B8
:10E5E00054480020B4BC020095070300F7B5804DE5
:10E5F0002B780646002B40F0328304238DF8073039
:10E600007C4B04881F68B7B10DF106030DF10702BA
:10E61000691CB84701280ED09DF80630002B40F049
:10E620005B819DF80730AB700E2201236A70EB709E
:10E63000AC80A87159E1B4F5105F4FEA94230AD277
:10E64000002B4ED0013B072B08D8DFE803F0090769
:10E65000367A070707C13F2B00F00782012055E0FB
:10E66000304640F2064230F9033B93420FD040F26D
:10E670001D4293421ED0012040F206439C4200F00E
:10E680002B8140F21D439C4200F026813EE0EDF7D5
:10E6900070FF42F264039C4240F2B68242F285036C
:10E6A0009C4233D842F267039C4200F2C18242F29C
:10E6B0006603E8E7EDF75FFFEBE7304640F66342BD
:10E6C00030F9033B934230D00DDC40F603429342D5
:10E6D0001FD040F62D4293421ED040F60142934295
:10E6E00012D00120F8E040F67B42934220D040F661
:10E6F0007C429342F5D19DF807303F4902338DF8B3
:10E700000730EDF753FE01E0EDF742FE0128E8D0B7
:10E7100087E7E2F743FEF9E79DF807303649033310
:10E720008DF80730EDF739FEF0E7EDF738FEEDE74D
:10E730009DF80730304904338DF80730EDF734FE8B
:10E74000E4E73388A3F58053013B082BC9D801A225
:10E7500052F823F079E701008BE701009FE7010001
:10E76000E3E60100E3E60100E3E60100E3E6010081
:10E77000E3E60100BFE701009DF807301E480833BB
:10E780008DF80730EDF7ACFEC0E79DF807301A486A
:10E7900040338DF807300AF0D6FD002041E79DF8A0
:10E7A000073008338DF80730134B00221A605A6087
:10E7B000EB7A23F0600343F06003EB72EDE79DF822
:10E7C00007300D4806338DF80730EDF78BFE9DE7D7
:10E7D000304642F24E0130F8033B1AB28A4242F20E
:10E7E00064016BDCB2F5005F08DC8C425EE000BFC8
:10E7F000A270002068480020A9700020A3F50053F3
:10E80000013B4D2B4FD8DFE813F0600075007E0010
:10E810004E0087008A008D00960099009C004E00F3
:10E820004E004E004E004E004E004E004E004E0078
:10E830004E009F00A800AB00B4004E00BD00C60013
:10E84000CF004E004E004E004E004E00DF00E800AC
:10E85000F1004E004E00F400F700FA00FD004E00FB
:10E860004E00060109010C0115011E0121014E0097
:10E870004E004E004E004E004E004E004E004E0028
:10E880004E004E004E004E004E004E004E004E0018
:10E890004E004E004E004E004E004E004E00240131
:10E8A0004E004E002D0142F264039C423FF419AF2A
:10E8B00040F2BA8142F285030120F1E642F27C0384
:10E8C0009A4292D1EDF753FE01E0EDF70DFE42F2D0
:10E8D00064039C427FF4DDAE0F236B700423AB70A6
:10E8E0000123E8702B71A5F8054001232B7000204F
:10E8F00003B0F0BD9DF80730CC4803338DF80730E6
:10E90000EDF7F7FDE3E79DF80730C84808338DF8C9
:10E910000730EDF7F0FDDAE7EDF7EFFDD7E7EDF7BC
:10E92000EEFDD4E79DF80730C04801338DF807307D
:10E93000EDF7E7FDCBE7EDF7E6FDC8E7EDF7E5FD21
:10E94000C5E7EDF7E4FDC2E79DF80730B7490733A7
:10E950008DF80730EDF7DDFDB9E7EDF7DCFDB6E743
:10E960009DF80730B14910338DF80730EDF7D5FD2C
:10E97000ADE79DF80730AD4808338DF80730EDF767
:10E98000CEFDA4E79DF80730A84902338DF8073083
:10E99000EDF7C7FD9BE79DF80730A44902338DF8DA
:10E9A0000730EDF7C2FD92E79DF8073008338DF888
:10E9B00007308F23EB71C023EB7242F264039C4259
:10E9C00040F01C81002087E79DF80730974902330B
:10E9D0008DF80730EDF7ADFD79E79DF807309348E6
:10E9E00004338DF80730EDF7A6FD70E7EDF7A5FDD0
:10E9F0006DE7EDF7A4FD6AE7EDF7A3FD67E7EDF737
:10EA0000A2FD64E79DF80730884801338DF8073090
:10EA1000EDF79BFD5BE7EDF79AFD58E7EDF799FD04
:10EA200055E79DF80730814808338DF80730EDF73A
:10EA300092FD4CE79DF807307C4904338DF8073090
:10EA4000EDF78BFD43E7EDF78AFD40E7EDF789FD34
:10EA50003DE79DF80730754802338DF80730EDF734
:10EA600082FD34E7EDF781FD31E730464FF616526F
:10EA700030F8033B93425BD84FF60152934206D8DD
:10EA800003F2FF3292B20A2A34D901205FE0A3F5E3
:10EA90007D43023B142BF8D801A252F823F000BFAB
:10EAA000C1EB0100C7EB0100CDEB0100D3EB01008E
:10EAB0008BEA01008BEA01008BEA0100D9EB01002F
:10EAC0008BEA01008BEA0100DFEB01008BEA010019
:10EAD0008BEA01008BEA01008BEA01008BEA01005E
:10EAE0008BEA01008BEA0100E5EB01008BEA0100F3
:10EAF000F7EB0100A3F57C43013B0A2BC5D801A22B
:10EB000052F823F03FEB01005BEB01008BEA0100C0
:10EB10008BEA01008BEA0100A9EB01008BEA0100FE
:10EB20008BEA010085EB010097EB0100AFEB0100E0
:10EB30004FF61D529342A8D1EDF7D0FC07E09DF8A7
:10EB400007303A480C338DF80730EDF731FC24F0EC
:10EB500008034FF60252934296E59DF80730403382
:10EB60008DF80730314B00201880EB7923F0230318
:10EB700043F02303EB712B7A23F0070343F00703E1
:10EB80002B72E4E79DF80730284817338DF80730DB
:10EB9000EDF72AFCDBE79DF80730244820338DF899
:10EBA0000730EDF745FCD2E7EDF71CFCCFE79DF809
:10EBB00007301E4801338DF80730EDF756FCC6E7E5
:10EBC000EDF769FCC3E7EDF768FCC0E7EDF767FC1C
:10EBD000BDE7EDF76AFCBAE7EDF769FCB7E7EDF7DB
:10EBE0006AFCB4E79DF80730104904338DF807300C
:10EBF000EDF763FCABE7EDF76FFCA8E703D942F252
:10EC0000850300204CE5002042F219039C421AD8EB
:10EC100042F20C039C427FF62FADA4F500530D3B4E
:10EC20009BB241F2412208E00120EDE7A9700020EB
:10EC3000A4F50153283B0B4A9BB222FA03F3DB07EE
:10EC40007FF564AD48E642F232039C423FF444AEA5
:10EC5000A4F50153033B012B3FF658AD3CE64FF0C2
:10EC6000FF3045E62F80402038B5094C23780D460B
:10EC70001BB9BDE83840EDF77BBBA278611C0232BE
:10EC80000CF03EFD0020042320702B7038BD00BF27
:10EC9000A270002070B505460E46084C20460BF0C9
:10ECA00088F938B1A368B2B2294620461B68BDE88E
:10ECB000704018476FF0120070BD00BF74BC0200B6
:10ECC00002484FF4007103F0F7B800BFEA7000206B
:10ECD00037B53223ADF80430154A00230125192138
:10ECE00068468DF80630ADF800508DF80230ECF72C
:10ECF00005FE0446C8B909F0B0FD80B2ECF718FA79
:10ED00000C482946F0F7D0FB044670B901462A4664
:10ED10000820F4F7A9FE2A4621460B20F4F7A4FEAA
:10ED20002A4621462846F4F79FFE204603B030BD10
:10ED300049ED01006C480020014902480BF03EBB40
:10ED40009C48002070400020B0B584B000AF002483
:10ED50003B1D7C600A22BC60C7F80B40396001464D
:10ED600018460CF01FFD6D468AB0396803466A46A6
:10ED70000D48D161C2E905034FF4007313840B4BB6
:10ED800042F8103F0A4823464FF41151F3F76CFC48
:10ED9000AD4684F31188BFF36F8F0323184602DF5B
:10EDA0001037BD46B0BD00BF2608030004000001B7
:10EDB00004C1020037B50D4D0D49002400946FF0D9
:10EDC00009034FF48062284601F03CFF09492846B8
:10EDD00002F016F8084909480BF0D4FA224604213B
:10EDE0001920F4F741FE204603B030BD70400020EA
:10EDF000409300203A080300EF9302009C48002053
:10EE00000346024A0248022107F05EB94E08030099
:10EE100024C1020010B9024B1B681847FFF7F0BF6E
:10EE2000AC480020014B01201B681847AC4800206B
:10EE300028B1012807D104490020ECF7A1B8034B01
:10EE400001201B681847704715EE0100AC480020F0
:10EE5000014B186000207047AC48002010B51F48D7
:10EE6000BFF35B8F0368BFF35B8F23B9062904D818
:10EE7000042926D839B1002010BD0729FBD140381C
:10EE800001F0C8FCF7E750F8203CA0F14004D3E9BA
:10EE900000209047012808D0114B984203D002234C
:10EEA000E06384F834300F48E6E742F210732363DE
:10EEB000032384F8343004F1240384F82900A36385
:10EEC000F1E700F8173C084B40F8103CA0F11C019A
:10EED0004038007EF0F729FBCDE700BFF048002066
:10EEE0001F646602E4480020FF3F420F02480122EF
:10EEF00000210BF0C4B900BFB0480020014BD8611D
:10EF0000704700BFB048002038B54FF0FF310546CC
:10EF10004FF0FF30FFF78CF934493548ECF7FCFB34
:10EF20000446FFF78DF9002C08DA3248324A2346AE
:10EF3000012107F0C9F86FF00B0038BD2F4C40F2EB
:10EF400001132385E36925626433E36242F210739F
:10EF5000236300226FF0730384F82420E36304F139
:10EF60004005BFF35B8F55E8003F45E800210029CD
:10EF7000F9D1BFF35B8F4FF0FF314FF0FF30FFF758
:10EF800057F904F12401207EF0F7CFFAFFF758F982
:10EF90001B4A0023204601F077FC00280FDA194AAB
:10EFA0001448012107F087F8BFF35B8F012355E870
:10EFB000002F45E800310029F9D1BFF35B8F4FF0F6
:10EFC000FF314FF0FF30FFF733F9207EF0F78FFA73
:10EFD000FFF736F9BFF35B8F236CBFF35B8F13B181
:10EFE000064801F077FCE06BA7E700BFC8480020A7
:10EFF0005DEE0100BCC002007A080300B0480020AA
:10F00000447B0B00E5FE0200074B01221A64D3F893
:10F010004035B3FBF0F01844044BDB69984234BF31
:10F0200000200120704700BF00800040B048002051
:10F030004FF0704393F8E02F062A09D1D3F8E83F48
:10F04000C3F30313033B042B02D8024AD05C70477E
:10F0500000207047BF080300024AD2F80034002B9A
:10F06000FBD0704700E0014010B50AF00AFA40B149
:10F070004FF080538E4AD3F82433C3F30423C2F8ED
:10F080004035FFF7D5FF10B18A4B8B4A5A670AF01B
:10F09000F8F948B14FF080534FF08042D3F8443232
:10F0A000C3F34233C2F83C35FFF7C2FF30B1834AA5
:10F0B000D2F8FC3023F08073C2F8FC300AF0E1F99A
:10F0C00040B14FF080430022C3F80C21C3F8102157
:10F0D000C3F83825FFF7ACFF20B14FF0804303227F
:10F0E000C3F8A025FFF7A4FF60B1754B0522C3F854
:10F0F00010260122C3F888260022C3F818263F22D2
:10F10000C3F814264FF08053D3F83021511C09BFA7
:10F110004FF07043D3F8343193F8E02FD3F8E83F41
:10F1200008BFC3F30313062A4DD1033B042B03D8B6
:10F13000644AD35C002B46D04FF08052624BD2F829
:10F140000414C3F82015D2F80814C3F82415D2F813
:10F150000C14C3F82815D2F81014C3F82C15D2F8E3
:10F160001414C3F83015D2F81814C3F83415D2F8B3
:10F170001C14C3F84015D2F82014C3F84415D2F873
:10F180002414C3F84815D2F82814C3F84C15D2F843
:10F190002C14C3F85015D2F83014C3F85415D2F813
:10F1A0003414C3F86015D2F83814C3F86415D2F8D3
:10F1B0003C14C3F86815D2F84014C3F86C15D2F8A3
:10F1C0004424C3F870250AF05CF948B14FF080532D
:10F1D0004FF08042D3F8583203F04F03C2F8E43EB8
:10F1E0000AF04FF948B14FF08043D3F80024D2071A
:10F1F00044BF6FF00102C3F800244FF08053D3F8EE
:10F200003021062A26D1D3F83431033B042B02D80F
:10F210002E4AD35C63B12E4AD2F83C3743F4806364
:10F22000C2F83C374FF08053D3F83031062B11D160
:10F230004FF08053D3F83431033B042B02D8254AD6
:10F24000D35C3BB14FF01023D3F808224FF080433A
:10F25000C3F858254FF01023D3F80022002A03DB0F
:10F26000D3F80432002B22DA1B4901234FF010207F
:10F27000C1F804351524FFF7EFFEC0F80042FFF790
:10F28000EBFEC0F80442FFF7E7FE0023C1F80435A7
:10F29000FFF7E2FEBFF34F8F0849104BCA6802F434
:10F2A000E0621343CB60BFF34F8F00BFFDE710BD9B
:10F2B0000030014000C007400DF0ADBA00ED00E0A5
:10F2C00000500040BA08030000C00040B508030029
:10F2D00000100040B008030000E001400400FA05FF
:10F2E000014B1860704700BFF448002010B5054B73
:10F2F000186814460AF0D8F80028A4BF207000202F
:10F3000010BD00BFF4480020024A01238340C2F828
:10F310000435704700F001404FF08053D3F830219E
:10F32000511C09BF4FF07043D3F8343193F8E02FEC
:10F33000D3F8E83F08BFC3F30313062A05D1033B04
:10F34000042B04D8034AD05C70470020704701208A
:10F35000704700BFC408030073B5CEB200EB460689
:10F360000446B38ADB070D4625D50AF0DBF9B38ADC
:10F370009A0608D55A0B236803EB82030022C3F8D0
:10F380001025C3F810252046294600240AF05CF910
:10F39000B48201A801950AF0D8F8019B00EB830024
:10F3A000064BD0F80027134043F00203C0F80037A3
:10F3B000204602B070BD6FF01500FAE7F0F8FCFFD0
:10F3C00001480AF08FB800BFC418002010B50448E7
:10F3D0000C460AF069F80028A4BF2070002010BD78
:10F3E000C4180020044AD2F80034DB07FBD50160C2
:10F3F000BFF35F8F704700BF00E001404FF08053C4
:10F400001A69B0FBF2F302FB13036BB9084B02223B
:10F41000C3F80425C3F80805D3F80024D207FBD5A8
:10F420000020C3F8040570476FF00C00704700BF60
:10F4300000E0014010B5054C0123C4F80435FFF786
:10F44000D1FF0023C4F8043510BD00BF00E0014027
:10F4500007B5019001A80AF0C9FB019B00EB8300EE
:10F46000054BD0F80027134043F00303C0F80037E2
:10F4700003B05DF804FB00BFF0F8FCFF73B5CB7B75
:10F480000446002B38D10B7B0878012B77D80AF083
:10F49000C4FB0B78019301A80AF0A8FB019B00EBC9
:10F4A00083003C4BD0F80027134043F00103C0F821
:10F4B00000374878FF2804D00AF0AFFB4878FFF700
:10F4C000C7FF8B78FF2B0FD001A88D7B01930AF02B
:10F4D0008DFB019B00EB83002E4BD0F800271340DF
:10F4E00043EA8503C0F80037C878FF2804D00AF043
:10F4F00087FBC878FFF7ACFF23792748CA7828250F
:10F5000005FB03039A770B7C9BB94B7825680E7833
:10F51000FF2B18BF1A468B78C5F8086508BF4FF057
:10F52000FF32FF2B08BF4FF0FF33C5F80C25C5F89D
:10F53000103523688A68C3F824254B7B0A7B25682D
:10F54000003B18BF0123022A1CD0032A1DD0012A28
:10F5500001D143F00203C5F85435237949792822B3
:10F5600002FB0303D97723795343C35883B120683F
:10F5700040F3073002B0BDE87040F4F745BA0AF036
:10F580003FFB86E743F00403E5E743F00603E2E7C9
:10F5900002B070BDF0F8FCFFF848002007B50190FC
:10F5A00001A80AF023FB019B00EB8300054BD0F878
:10F5B0000027134043F00203C0F8003703B05DF8A2
:10F5C00004FB00BFF0F8FCFF2DE9F04190F8048047
:10F5D000144C4FF0280C0CFB08FC04EB0C060746FF
:10F5E00096F81CE0BEF1000F18D144F80C207360AF
:10F5F00041B1CB7B86F82530CB78B3774B79F37765
:10F60000FFF73CFF3A680123C2F80035282202FBCD
:10F610000844002060772377BDE8F0816FF0770021
:10F62000FAE700BFF848002070B50679194C056864
:10F6300028237343E35833B145F30730F4F7F2F965
:10F640000423C5F808330023C5F80035282303FB3D
:10F65000064393F82530BBB9D5F80805FFF79EFFA0
:10F66000D5F81005421C01D0FFF798FFD5F80C051E
:10F67000431C01D0FFF792FF282303FB0643987F2A
:10F68000FF2801D0FFF78AFF282303FB064400234D
:10F69000237770BDF84800202DE9F84307793A4CEC
:10F6A00028237B439046E2180E46517F814600296D
:10F6B00067D1E3580BB10123537796E80F00282553
:10F6C00005FB074505F10C0C8CE80F00A87F002313
:10F6D000FF2885F8243001D00AF09FFA2823B8F1DA
:10F6E000000F07D003FB074300225A776FF0850015
:10F6F000BDE8F883D9F8005003FB07430422C5F89E
:10F700000823C3F82080C5F80881D5F8082172685D
:10F710009AB133681B78C5F81C357368012B0ED974
:10F7200033685B78C5F81C3528237B43E65876B1EF
:10F730000423C5F804330020DAE7DB7FEBE7F36846
:10F74000012BF1D9282303FB0743DB7FEAE707EB13
:10F75000870104EBC101D5F80831002BFBD0C5F8B7
:10F7600008612846D5F808310AF064FA0028F2D179
:10F77000282303FB0744A07FFF28DCD00AF040FACF
:10F78000D9E76FF00F00B3E7F848002002494FF0C7
:10F7900040200AF082BA00BFF84800200149024820
:10F7A0000AF07BBA20490020003002404FF080531D
:10F7B000D3F83021511C09BF4FF07043D3F83431D6
:10F7C00093F8E02FD3F8E83F08BFC3F30313062AEA
:10F7D00005D1033B042B04D8034AD05C70470020BA
:10F7E00070470120704700BFC908030000F01F03E5
:10F7F00040090BD19B0003F1A043074AD3F800173F
:10F800000A4042F00202C3F800277047002203F5C5
:10F81000E07352F82330FFDEF0F8FCFF30B5847B54
:10F82000F4B9016801F01F0349091BD19B0003F1E2
:10F83000A043114DD3F8002740F20C642A40224324
:10F84000C3F80027426802F01F0352090FD19B0042
:10F8500003F1A043D3F800272A402243C3F800272E
:10F86000012030BD03F5E07354F82330FFDE03F5CB
:10F87000E07351F82330F9E7F0F8FCFF0268002349
:10F88000C360174BC2F80833D2F8003223F4BC53DC
:10F89000C2F800324FF08053D3F83011B1F1FF3F7E
:10F8A00009BF4FF07043D3F8343193F8E01FD3F819
:10F8B000E83F08BFC3F30313062908D1033B042B19
:10F8C00002D80849CB5C13B10923C2F800350023E4
:10F8D000C2F80035012280F8262080F828307047D1
:10F8E00002029C01CE0803002DE9F84F002380F8A6
:10F8F00027304B68046805460E46174633B1CB687F
:10F9000003F06043B3F1005F40F073813378023B52
:10F91000012B06D8336903F06043B3F1005F40F078
:10F920006881B54BC4F8083395F8282002F0FF032E
:10F930003AB1EB68C4F804336FF00F084046BDE8F5
:10F94000F88F17F0140F0CBF0122002285F8282031
:10F95000327885F82420727885F82520F2682A61AB
:10F9600072686A613269AA61B268EA61C7F300121B
:10F9700085F829202F627278C4F88825C4F8603190
:10F98000D4F86021C4F84831D4F84821C4F82431AF
:10F99000D4F82421C4F80431D4F8043117F0010359
:10F9A00018BF0123C4F8503517F0020318BF012314
:10F9B000C4F840353378032B00F29E80DFE803F073
:10F9C0007B9367024FF48073C4F80032D5E90423B7
:10F9D000C4F84425C4F848350123A3604FF48011CE
:10F9E00020460AF0B6F90028F8D1D5E90623C4F874
:10F9F0004425C4F848354FF48023EB604FF00008ED
:10FA000017F008096A6810D13378032B0DD0012B49
:10FA100040F08A802360002A71D072686B6822B936
:10FA2000002B00F0C480012363616B68002B00F0A1
:10FA3000BE80780744BF0023EB6079065EBFEB68A9
:10FA400043F00203EB60EB6843F40073EB60EB6898
:10FA5000C4F80433FFF7AAFE00283FF46FAFB9F1F2
:10FA6000000F00F098803378012B00F09480002381
:10FA7000C4F85035C4F84035C4F82435C4F85031C2
:10FA8000D4F850314FF48013C4F8043356E7D5E965
:10FA90000423C4F84425C4F84835D5E90623C4F83E
:10FAA0003425C4F838354FF48453C4F800320123A8
:10FAB00023620223A1E7D5E90423C4F84425BA064A
:10FAC000C4F848354BBF4FF480734FF40073C4F84B
:10FAD0000032C4F800324CBF4FF480230223EB60A5
:10FAE000012323628AE7D5E90423C4F83425C4F846
:10FAF00038354FF48053D8E76FF0150880E76A690E
:10FB000002B963613D49DFF8F8A04FF0010B2046D0
:10FB10000AF01FF910F4007F18BFC4F814B010EAFF
:10FB20000A0F3649F3D078E70123A360002A7FF457
:10FB300074AF6A6922B1DFF8C8A04FF0000B06E08D
:10FB40006361F8E70123236263614FF0000B1BEA56
:10FB50000A0F7FF462AF294920460AF0FAF810F440
:10FB6000007F8346F3D04FF0807120460AF0F1F811
:10FB7000D4F800220028E5D012F4007103D101234B
:10FB800023628B466361D305E1D54FF48021204683
:10FB90000AF0DFF8D9E7ED6AFFF708FE20B1B5F10A
:10FBA000C86F08BF4FF0C465C4F82455C6E6D4F842
:10FBB000C434C4F8C434002285F828206BB19A07F5
:10FBC0005ABF03F00108A8F18C086FF00D0813F07C
:10FBD000040F18BF6FF00A08B0E67B063FF5AEAE23
:10FBE000291D20460AF073F8002808BF6FF08B0823
:10FBF000A4E66FF00C08A1E602029C0102020400D8
:10FC00000200040070B586B004680546FFF7CEFD1B
:10FC100078B34FF4801120460AF09BF848B34FF4B4
:10FC20008013C4F80833D4F8243513BBC4F8003566
:10FC30000623C4F80035FFF7B9FDEB6A20B1B3F134
:10FC4000C86F08BF4FF0C463C4F824352B6A13F0A3
:10FC5000010318BF0123C4F850352B6A012213F0A9
:10FC6000020314BFC4F84025C4F84035A26006B0B2
:10FC700070BD022120460AF06CF84FF40071064670
:10FC800020460AF066F8C8B1D6B9EB68C4F8083364
:10FC90000223EB60EB68C4F804334FF08071204618
:10FCA0000AF057F818B1D4F800329B0502D40123AA
:10FCB00023626361012385F82730D8E7002E6AD0DC
:10FCC0002B6A5E060AD495F827303BB9291D2046D9
:10FCD00009F0FDFF80F0010085F827002B6A13F082
:10FCE000040324D1C4F86031D4F86021C4F85C3135
:10FCF000D4F85C3195F829301BB195F82730002BEA
:10FD000055D00023C4F80032EB603B4BC4F80833F5
:10FD100044F30733002B4ADB5A09012103F01F0388
:10FD2000994002F16003354A42F823103FE0FFF7A3
:10FD30003DFD70B195F82430012B0AD00023C4F8A2
:10FD40005035C4F84035C4F824354FF48013C4F856
:10FD50000433D4F8C434C4F8C434980745D45907DC
:10FD600045D4DA0745D495F827309B00DBB28DF8EF
:10FD7000003095F829300BB985F828302B6A5B07DD
:10FD800004D595F82730002B3FF471AFD5E9013148
:10FD9000684698476BE74FF48021204609F0D9FF69
:10FDA00095F824307BB995F82930002BAAD0AB8C7C
:10FDB000ADF804302B6904936B690293AB6905932A
:10FDC000EB690393C5E74FF40073C4F8003240F2C7
:10FDD0000223EB6003F1CE73C4F80833EB68C4F878
:10FDE00004330123A360236241E70123BFE7022319
:10FDF000BDE70323BBE700BF02029C0100E100E076
:10FE0000F7B506460AF04CF808460AF049F801A88A
:10FE100001960AF03BF8019B2F4D00EB83000C4646
:10FE2000D0F80037019440F20D612B400B43C0F82D
:10FE3000003701A80AF02AF8019B00EB8300012794
:10FE4000D0F800372B400B43C0F80037042009F0EE
:10FE500029FB092501A801940AF018F8019AD0F8A5
:10FE60001035D340DB0715D401A801960AF00EF82F
:10FE7000019B07FA03F3C0F80C35042009F012FBCC
:10FE800030460AF00DF8013D042009F00BFB15F097
:10FE9000FF05DFD101A8019409F0F8FF019A0123C1
:10FEA0009340C0F80C35042009F0FCFA204609F014
:10FEB000F7FF042009F0F6FA01A8019409F0E6FF23
:10FEC000019AD0F81035D34013F0010F0CBF6FF03A
:10FED0008B00002003B0F0BDF0F8FCFF08B5124B1A
:10FEE000A822002118460BF033FC032202610F49BF
:10FEF00042610F4A8161C2614FF480520262002266
:10FF000082624262C26201660A49416610218166CC
:10FF1000094902670346C266426711F8010D985409
:10FF20000132102AF9D108BD10100020D3080300B7
:10FF30001000002000000020EC0803002DE9F84F1D
:10FF4000DFF87C80182606FB008E00FB0666464420
:10FF5000DEF82440DEF828C07368A44507468946C9
:10FF6000154603EB040022D8DEF820B0ABEB040A00
:10FF70000AF1FF339A4203D80BF0C2FB2C440FE086
:10FF800063449A4219D852462C440BF0B9FBB4EBA7
:10FF90000B0405D07068224609EB0A010BF0B0FB98
:10FFA000182303FB078301205C62BDE8F88F0CF186
:10FFB000FF3CACEB040C9445DED20020F5E700BF1B
:10FFC00010100020F8B5144B182700FB07751D44CE
:10FFD00007FB00330E46DB6A012B14460AD0022BC6
:10FFE00014D023B9284609F068FF844208D90024B8
:10FFF0002046F8BD284609F060FF844228BF044629
:020000040002F8
:1000000022463146284609F061FFF1E72846BDE85F
:10001000F84009F076BF00BF10100020F8B50B4B78
:100020001B78532B04460E46174601D0FFF756FFA8
:1000300009F096FF3A46054631462046FFF7C2FFD3
:100040000446284609F094FF2046F8BD1010002011
:10005000034B182202FB00339A6A586A801A7047D1
:100060001010002010B4084A08490023C85C12F898
:10007000014D844204D10133102BF7D110BC7047DD
:1000800010BCFFF72BBF00BFEC08030010100020CE
:1000900010B50446F2F718FA0348044A012106F0A5
:1000A0000AF8204609F090FF2CC10200ED08030079
:1000B0002DE9F843044600AF0D46EFF311884023C5
:1000C00083F31288BFF36F8F0428294A98BF294B06
:1000D0009668117C94BF53F82030274BE9468AB0CC
:1000E0006A462648C2E9073140F201339384244B23
:1000F000C2E9050442F8103F224800234FF4315171
:10010000F2F7B2FACD4645B1EB69C3F3080323B168
:100110001D4A1C48012105F0CEFF2EB130460AF0E1
:10012000E0F908B1037803B91848E9468AB06A468D
:10013000174BD061C2E9053640F201331384154BE9
:1001400042F8103F00230F484FF41151F2F78CFA98
:100150002946CD462046FFF79BFF88F31188BFF361
:100160006F8F3046F3F7F6FBBD46BDE8F88300BF5E
:100170004849002068CE0200FC0803001209030071
:10018000050000012CC102003A0903000A0903001E
:100190005B0903000400000138B50A4B53F8204006
:1001A000013053F82050A54200D838BD606830B106
:1001B000037FDB0701D409F0E4FE0834F3E723688A
:1001C0009847FAE77CCE020070B52A4B2A4C2B4D9B
:1001D000012286B003201A70FFF7DEFFF3F742F822
:1001E0000420FFF7D9FF2646AE4204F1300410D3B5
:1001F00001F05CF8204C224EAC4226D301F06AF8A4
:10020000EFF7F8FE1F4A137B23F00103137306B0C8
:1002100070BD54F80C3C059354F8103C049354F80A
:10022000143C039354F8183C029354F81C3C01937B
:1002300054F8203C009354E90A2354E90C0100F0DF
:10024000EFFD54F8303C5E65CDE7D4E90A23B3F105
:10025000FF3F08BFB2F1FF3F05D052EA030120681B
:1002600003D101F0F3F83034C6E73146183001F01D
:100270009DFAF8E7EA720020B0BE0200E0BE02007C
:10028000D5A502000042002070B5174E174D184941
:1002900086B0B82303FB0066164B059301220F239B
:1002A000CDE903320023CDE90133142303FB0055CC
:1002B00004464FF4C07000FB04110F4B00954FF43F
:1002C000A072304600F0ACFD737B0C4AEE6023F068
:1002D000040373734FF4046304FB033313442C745B
:1002E0006B6006B070BD00BF484100204849002047
:1002F000C09F0020BD090300C5A002008097002018
:10030000BFB50020FFF748FF2A4B83F308882A4C2B
:100310002A4F636943F400736361E02384F8223059
:1003200000252023E37725766576A57684F820508E
:10033000636A43F4E023636284F82350F3F780FA9E
:10034000F3F722FC4FF0FF33A362E362F3F7F8FC0C
:10035000F3F73EFCF2F714F819481A4C00F002FECD
:100360000120FFF719FF0220FFF716FF00F0E6FF5C
:10037000154B16495C61164B05930123CDE90353D8
:100380004FF400623B46CDE901550095204600F050
:1003900047FD627B064622F00402204662730AF0A3
:1003A000DCF82846FFF770FF3A4631462046F3F75F
:1003B000CBFB00BFC09F002000ED00E0C9010200A0
:1003C00090430020004200204849002040A1002026
:1003D000C209030038B5064C064DAC4201D30020DB
:1003E00038BDD4E90112204609F0F6FD1434F4E7D3
:1003F000B4190020B419002038B5064C064D002071
:10040000AC4200D338BD204609F00AFE0028F9DBD3
:100410001C34F5E760190020B419002073B50C46B0
:10042000EFF31181402585F31288BFF36F8FC56804
:100430005DB125602B68C36083690133836100204F
:1004400081F31188BFF36F8F11E052EA030603D1E5
:1004500025606FF00B00F3E7CDE90023024608307A
:1004600000F06AFE18B9034B9B681B69236002B059
:1004700070BD00BF484900202DE9F34104460E46F7
:100480009DF8200004F10808EFF31187402181F363
:100490001288BFF36F8F256AE1688D4246D22568C6
:1004A000AC4218D0BDB1284609F017FE05F118007E
:1004B0000AF027F9A268286931460BF021F90023D8
:1004C000C5F8B03028460AF048F84046394600F0F2
:1004D000C7FE002037E0A268D8B1E06931460BF0D2
:1004E0000FF9E369A26813446269E361934201D1A1
:1004F0002369E361236A01332362102104F124009C
:100500000AF0DEF90028E0D187F31188BFF36F8F7E
:1005100019E0A1692369994204BF6369A361A069D5
:10052000801AA06131460BF0EBF8E3E752EA0301D1
:100530000CD00849896840460E61CDE90023394650
:10054000224600F0F9FD02B0BDE8F0816FF0220014
:10055000DAE700BF48490020F7B5044604F1080770
:100560000846EFF31186402181F31288BFF36F8FA5
:10057000216A00293AD0A268A1690BF0C1F8A369E9
:10058000A268256813446269A361934204BF23698A
:10059000A361236AAC4203F1FF33236234D02846BF
:1005A000002D32D009F099FD05F118000AF0A9F8E4
:1005B000A2682969E0690BF0A3F8E369A268134413
:1005C0006269E361934204BF2369E361236A0133F3
:1005D000236200242846C5F8B04009F0BEFF384623
:1005E000314600F03DFE204603B0F0BD52EA030163
:1005F00010D00A4989680861CDE9002331462246B6
:10060000384600F099FDEFE7002086F31188BFF32C
:100610006F8FE9E76FF02200F7E700BF484900203D
:100620002DE9F341044617461E46EFF31188402397
:1006300083F31288BFF36F8FC368334A7BB180683E
:100640009168884219D057EA060318D188F31188B7
:10065000BFF36F8F6FF00F0002B0BDE8F0819168BB
:1006600091F90E1021610133E3609368A36088F370
:100670001188BFF36F8F0020EEE72169F2E791F94F
:100680000E1090F90E309942A8BF19466FF07E0205
:100690009142B8BF11468B422DDD09F032FD05466F
:1006A000CDE9007619482246414600F045FD002874
:1006B000E1D0EFF31186402383F31288BFF36F8FED
:1006C000A068D0B1236821699C420AD04BB193F94C
:1006D0000E309942A8BF19466FF07E039942B8BF09
:1006E000194609F00EFD40B10848314600F0B8FD4A
:1006F0006FF00A00B0E70025D2E7002DF4D186F3B1
:100700001188BFF36F8FF3E748490020EB72002098
:10071000F8B583680546002B40D0234A926893427F
:100720003FD1C368012B03D9013BC3600020F8BD52
:10073000EFF31187402383F31288BFF36F8F0169B2
:10074000806809F0DEFC2C68AC4207D10023C5E9C3
:10075000023387F31188BFF36F8FE7E7002CF5D0E2
:10076000D4E9003213605A60637B002623F0020351
:100770006373C4E90066A66004F1180009F0C1FFC4
:10078000AC6094F90E302B612046C4F8B06009F0DB
:10079000E4FE0648394600F063FDC7E76FF0150038
:1007A000C5E74FF0FF30C2E748490020EB72002058
:1007B00037B51146EFF31185402282F31288BFF35B
:1007C0006F8F04689CB12368426823F0030394424E
:1007D000036008BF43600121204609F01FFD044665
:1007E00085F31188BFF36F8F204603B030BD51EA07
:1007F0000302F5D000F10802CDE9001310462946A6
:1008000000F09AFC0028EFD1014B9B681C69EBE7D4
:100810004849002070B5EFF31186402383F3128816
:10082000BFF36F8F0468A0421BD0D4B1D4E900326B
:1008300013605A60637B002523F00203C4E900556E
:100840006373A56004F1180009F05BFFC4F8B050B1
:10085000204609F082FE31460A48BDE8704000F0AB
:10086000FFBCD0E902329A4218BF013383600221F3
:1008700010300AF025F80028EDD186F31188BFF377
:100880006F8F70BDEB72002013B5EFF31181402420
:1008900084F31288BFF36F8F846844B1013C846095
:1008A00081F31188BFF36F8F002002B010BD52EAB0
:1008B000030406D181F31188BFF36F8F6FF00F002F
:1008C000F3E7CDE900230246014800F035FCECE7F0
:1008D000EB7200202DE9F8430546EFF31188402321
:1008E00083F31288BFF36F8F002637466FF00A0933
:1008F0002C68A54216D0ACB1D4E9003213605A601E
:10090000637BA76023F002036373C4E9007704F1FB
:10091000180009F0F6FEC4F8B090204609F01DFE5C
:100920000126E5E70023AB60022105F1100009F084
:10093000C7FF30B92EB988F31188BFF36F8FBDE8B8
:10094000F88341460248BDE8F84300F089BC00BF87
:10095000EB72002007B5074B0093074907484FF09B
:10096000FF334FF4006200F06DF9002003B05DF832
:1009700004FB00BF94CE020080A90020B8420020F2
:100980002DE9FF414F4E04464027EFF3118887F3CE
:100990001288BFF36F8FD4F8BC50F5B9022104F16F
:1009A000D40009F07CFC002868D004F1CC050022BA
:1009B0000121284609F06BFE0028F8D1002302939C
:1009C0004FF0FF324FF0FF33CDE90023414604F1F1
:1009D000C4023D4800F006FED7E7D4F8C0202B68DB
:1009E000C4F8BC30954208BFC4F8C030D4F8D43045
:1009F00043F00203C4F8D430EB6823F0040343F05F
:100A00000103EB606B6888F31188BFF36F8F284692
:100A10009847EFF3118887F31288BFF36F8FEB6865
:100A2000D80623F0010236D4EA60EB689A0716D59F
:100A3000306823F00203EB6088B10368002170B1D5
:100A40004268954235D1036869BB7268336082425F
:100A500000D17360002340F8083BFFF7DBFED4F8B9
:100A6000D43023F00203C4F8D43088F31188BFF3E4
:100A70006F8FDB0589D400F069FC86E7D4F8D430A9
:100A8000D9069BD5C4F8D40088F31188BFF36F8FC3
:100A900004B0BDE8F08123F01103EB6005F1100014
:100AA000FFF7B8FEC1E70B607368834208BF71604F
:100AB000D0E723B11A68014618461346BFE71A4625
:100AC000F9E700BF6C490020EB72002070B5C368E5
:100AD000C3F340069B0705460C460DD501220021B5
:100AE00004F1080009F0CBFB00232360054B65608F
:100AF0005A681AB9C3E90044304670BD14605C609E
:100B0000FAE700BF6C490020F8B5C3689A070446AD
:100B10000F46C3F340062ED45B071CD40B680BB9F9
:100B200083680B60E368DD0744BFA3683B603D68F2
:100B30004CBF02260126002D3CD0204B9A68D5F8E8
:100B4000B8309A420AD0D5F8D430D807C3F380021F
:100B500014D46FF0120600233B6025E009F0BBFCC3
:100B6000D5F8D4300028F0D1D907C3F3C002F0D5AE
:100B700052B15B0708D46FF00F06ECE7002AFAD1F8
:100B8000C3F3C003002BF6D100232360D5F8C03097
:100B900063B9C5E92F44284609F09CFBE36843F09C
:100BA0000403E3603B68A3603046F8BD1C60C5F8F1
:100BB000C040F0E76FF01506CDE700BF48490020C0
:100BC000F8B5C36803F00503002B06460C4614BFB6
:100BD000012700271CD085680122002104F11000A4
:100BE00009F04DFB1349204609F0CCFBE36843F0C4
:100BF0001003E360F3685B0712D5336823606BB9B9
:100C0000D5F8C03033B9C5E92F44284609F062FB56
:100C10003846F8BD1C60C5F8C040F6E73460F4E71C
:100C2000D5F8BC302360D5F8C030C5F8BC40002BE7
:100C3000EBD1F0E7B5A202000146014809F0BEBBC6
:100C4000B8420020F0B589B004460020C4E92F0066
:100C50000E9D04F1C400C4E9310004F1CC00C4E9E4
:100C6000330055B32879002840F2011008BF012055
:100C7000C4F8D40000204FF0FF364FF0FF37CDE925
:100C80000330CDE90100CDE906670D4B0094204605
:100C900000F03CF955B1296811B1204600F0B0F8D8
:100CA0006B791BB1237B43F001032373204600F0D3
:100CB000CDFBC4F8B84009B0F0BD0120D8E700BFB3
:100CC0008109020037B501900846EFF311844021F5
:100CD00081F31288BFF36F8FC16811F01E0F16D118
:100CE00053EA020508D101A9FFF70EFF84F311882A
:100CF000BFF36F8F03B030BD41F00801C1600199AF
:100D000081620449103000F051FD0120EEE700201F
:100D1000ECE700BF49A3020001460148FFF7D2BF3C
:100D2000B8420020F7B50C46019016461D46EFF379
:100D30001187402383F31288BFF36F8F084609F0B1
:100D4000BAFA55EA060309D101A92046FFF7DCFEED
:100D500087F31188BFF36F8F03B0F0BDE3680749D5
:100D600043F00803E360019BA36232462B4604F183
:100D7000100000F01BFD0120EAE700BF49A30200BC
:100D800001460148FFF7CEBFB84200202DE9F041EF
:100D90000546EFF31187402383F31288BFF36F8F6B
:100DA0000468A04223D014B3204609F087FB04F165
:100DB000180009F0A6FC0026B046C4F8B080204612
:100DC00009F0CBFB2C68A54206F1010608D03CB126
:100DD000204609F073FB04F1180009F092FCECE7DF
:100DE0000648394600F03CFA3046BDE8F08187F30A
:100DF0001188BFF36F8F0026F6E700BFEB7200206B
:100E000010B5044608B9054B9C681F2204F1780010
:100E10000AF0C8FC002084F8970010BD4849002063
:100E20002DE9F04F073285B022F0070204461E4636
:100E30007F3200F15803C0E9163322F03F02129BC3
:100E4000237300200D46119BDDF838A0139FA0608E
:100E500004213F2AC4E906006173A373E07305F11E
:100E60004009A2F1400B05D880F31188BFF36F8FC2
:100E7000084602DF05EB020841462046F2F788FAF1
:100E80000730109B20F00700C4E9269BC4F8A0009F
:100E900002930F9BA8EB000BCDE900A35A46334603
:100EA00029462046F2F71CFE0F9BE3664FF0000830
:100EB000109BC4F85480C4E9196A2367EFF31182C8
:100EC000402181F31288BFF36F8F0F4D296A61674C
:100ED0002C6282F31188BFF36F8F8FB11F223946C6
:100EE00004F178000AF05EFC84F89780AB680BB1DF
:100EF000D3F8A430C4F8A430584605B0BDE8F08F4C
:100F000084F87870F2E700BF48490020F0B587B058
:100F100000250595109D04950F9D03950E9D029546
:100F2000DDE912760D9D01950C9D00950446FFF7B5
:100F300077FFB6F1FF3F08BFB7F1FF3F05D056EA94
:100F4000070305D1204600F081FA204607B0F0BD26
:100F50003A46334604F11800014900F027FCF4E753
:100F6000D5A5020040F2011383810023C0E9263396
:100F7000C0F8A430014B9860704700BF484900207A
:100F80000A4A93686FF00A01C3F8B0100849C3F821
:100F9000AC004B6843F080534B60002383F311880F
:100FA000BFF36F8F9368D3F8B000704748490020B3
:100FB00000ED00E070B590F90D20437B002A36DB90
:100FC000D90634D11B4C63F07F032246437352F899
:100FD000183FE169934207D1C0E900210860E06150
:100FE00011E09942F8D01B68002BF5D090F90E5013
:100FF00093F90E60B542F4D0AE42F2DD5968C0E913
:10100000003108605860A569954200D005B9E568CF
:10101000A3685A7BD20604D1DA897F2A01D9AA694A
:1010200032B1AB4202D0284600F01CFB656170BDB6
:101030006361FCE74849002038B590F90D20437BF7
:10104000002A014604DA03F07F03437309F04BFAE8
:101050000D4D2A46AB6852F8184F944200D004B99F
:10106000EC688B4207D05A7BD20604D1DA897F2AFA
:1010700001D9A2692AB1A34202D0204600F0F2FAB7
:1010800023466B6138BD00BF48490020B3F1FF3FE4
:1010900008BFB2F1FF3F03D00249183000F086BB11
:1010A000704700BFD5A5020070B590F90D20437BB5
:1010B000002A014604DA03F07F03437309F013FAB0
:1010C0004B7B1C4C63F07F0322464B7352F8183F56
:1010D000E069934207D1C1E900200160E16111E0BC
:1010E0009842F8D01B68002BF5D091F90E5093F977
:1010F0000E60B542F4D0AE42F2DD5868C1E900306E
:1011000001605960A569A368954200D005B9E568FA
:101110008B4207D05A7BD20604D1DA897F2A01D9C3
:10112000AA692AB1AB4202D0284600F09BFA2B46AE
:10113000636170BD48490020F8B50E4B0C4611465E
:101140000D4A98681060DDE90667EFF311824022CE
:1011500082F31288BFF36F8F9D68284609F0D5F996
:10116000284632463B46FFF791FF2046BDE8F8404F
:10117000FFF706BF4849002074490020F8B504462F
:10118000EFF31187402383F31288BFF36F8F437B04
:1011900003F01F02002A0CBF0126002649B239D1F4
:1011A00003F07F03437309F09EF92C4D437B817359
:1011B00063F07F032A46437352F8183F934227D1C6
:1011C000E869C4E900200460EC610FE09842F8D0BF
:1011D0001B68002BF5D093F90EC06145F6D08C4505
:1011E000F4DD5968C4E900310C605C60AC6994427C
:1011F00000D004B9EC68AB689C4202D0204600F0F5
:1012000031FA6C6187F31188BFF36F8F3046F8BDF8
:10121000E869DEE79B071ED5856809F064F98173EC
:101220002B689D4209D16B68C4E900531C606C6057
:10123000E8E76A689342F6D01B68002BF3D093F975
:101240000E209142F5D08A42F3DD5A68C4E900329B
:1012500014605C60D6E78173D4E700BF4849002082
:1012600049B9EFF3058030B9054B5A699B689A423A
:1012700001D0FFF785BE81F31188BFF36F8F7047F0
:1012800048490020034648B9EFF3058232B9064ABF
:1012900051699268914201D0FFF772BE83F31188C1
:1012A000BFF36F8F704700BF48490020EFF31181F3
:1012B000402383F31288BFF36F8F054B9A68D37B6B
:1012C000013BD37381F31188BFF36F8F704700BF69
:1012D0004849002070B5EFF31186402383F312884C
:1012E000BFF36F8F144DAB68DA7B0132DA732A4695
:1012F00052F8184F944200D004B9EC685A7BD206D9
:1013000004D1DA897F2A01D9A2692AB1A34202D085
:10131000204600F0A7F923466B6186F31188BFF3DE
:101320006F8FEFF31180402383F31288BFF36F8F29
:10133000BDE87040FFF7A6BF48490020024B03F10B
:101340001802C3E9062270474849002070B5EFF340
:101350001186402383F31288BFF36F8F1B4CA16863
:10136000E0690B68814214BF1A46002249680B608D
:101370005960A368E1692AB9154AC3E900210B60E5
:10138000E3610CE093F90E0092F90E50A84218D0D8
:10139000854216DD5168C3E900210B605360A569E1
:1013A0000B4B9D4200D005B9E568A3689D4202D071
:1013B000284600F057F965613046BDE87040FFF7F8
:1013C000DFBD8A42D8D01268D5E700BF4849002067
:1013D00060490020F8B550EA010306460C4603D1E7
:1013E000FFF7B4FF0020F8BDEFF31187402383F32C
:1013F0001288BFF36F8F124D124BA8681860FFF769
:101400001BFEA868104923463246183000F0CEF97A
:10141000AA68537B43F00403537304463846FFF72E
:10142000AFFDAB68D3E90A23B3F1004F08BF002A30
:10143000D8D109F08EF9201A20EAE070D3E700BF76
:101440004849002074490020D5A5020038B504465B
:10145000EFF31185402383F31288BFF36F8F437B33
:101460005B070FD5183009F04CF9637B23F00403B8
:1014700020466373FFF79EFD29460548BDE83840C6
:10148000FFF7EEBE85F31188BFF36F8F38BD00BF45
:10149000EB720020014B9868704700BF484900205C
:1014A0002DE9F8430446077BEFF31185402383F3CE
:1014B0001288BFF36F8F437B190705D585F3118819
:1014C000BFF36F8FBDE8F883D90943F0080260D1FC
:1014D0004273A36813B1204609F00DF804F1180017
:1014E00009F00FF9A66D04F15808B04511D04FF07E
:1014F000000976B1304608F0FEFF06F1180009F049
:1015000000F9C6F8B0903046FFF754FDA66DB0451F
:10151000EFD1DFF8C480D8F808309C4241D1EFF316
:101520000589B9F1000918BF4FF00109D8F8186012
:101530002A4A964200D00EB9D8F80C60B34202D0C5
:10154000304600F08FF82046C8F8146004F0ADFF74
:10155000204600F0DFF8B9F1000F02D02048FFF775
:1015600001FDD8F808309C4231D1EFF3058373BBFD
:10157000227BD20718D42846FFF702FDFB07A1D52E
:10158000002383F31188BFF36F8F0423184602DF13
:1015900098E703F07F0343F00803437308F0A3FFC9
:1015A00097E74FF00009C1E785F31188BFF36F8F0C
:1015B00083F31188BFF36F8F0423184602DFEFF324
:1015C0001180402383F31288BFF36F8FD4E785F334
:1015D0001188BFF36F8FD1E7484900206049002090
:1015E00090430020D3B5DDE90667089CCDE900678C
:1015F000FFF7A2FD1CB1034B9B681B69236002B07F
:10160000D0BD00BF48490020044BC01A044BC01095
:101610005843044B01221A54704700BF484400202D
:10162000ABAAAAAAEB720020C3897F2B12D80A4B5F
:101630001B6863B1094B90F90E201B689A4209DBC5
:10164000437BDB0606D1064BC31A18BF012303F008
:10165000010070470023FAE7C818002078490020ED
:101660004841002070B50E4B0E4C1E7C06EB460325
:1016700004EBC3040546204609F043F80A4B002258
:1016800028469A55FFF7D0FF48B1084B08491A6819
:10169000013A2046D317BDE8704000F087B870BD0E
:1016A0004849002048440020EB720020C818002060
:1016B0000916020038B5EFF31185402383F3128831
:1016C000BFF36F8F104B114A9C681068A04206D17F
:1016D000FFF7C8FF85F31188BFF36F8F38BD002176
:1016E0001B7C11600A4AD35C002BF3D02046FFF725
:1016F0009BFF0028EED0637BDB0602D12046FFF77C
:10170000D3FC2046E4E700BF48490020744900208C
:10171000EB720020EFF31181402383F31288BFF3B3
:101720006F8F0A4A136A834207D15B6F136281F39A
:101730001188BFF36F8F70471346002BF7D05A6F95
:101740008242F9D1426F5A67F1E700BF4849002051
:10175000024B1868984208BF00207047CC18002040
:10176000034B1B680BB9FCF741BD0020704700BF5D
:101770007C49002030B570B10B4B5B6898420AD0B1
:10178000036843B1D3E90421D0E90445121941EBC0
:101790000501C3E90421D0E9003213605A60002337
:1017A000C0E9003330BD00BFCC180020B3F1FF3FCB
:1017B00008BFB2F1FF3F2DE9F84F044699461546A0
:1017C0001F467AD08160EFF31188402383F312889B
:1017D000BFF36F8FB9F1000FDFF8E4A020DBFFF754
:1017E000BFFFDAE90027013549F100092D1849EB5F
:1017F000E073C4E90453AD18064643EB07074FF006
:101800000109FFF7A5FFDFF8BCE0DEF804A00346FE
:10181000EBB9C4E900EACAF80040CEF8044028E079
:10182000DAE900126FF001035B1A4FF0FF3161EB50
:1018300002025B1B62EB0902012B72F10001BCBFCB
:1018400001230022C0E904324FF00009D9E7D3E9AF
:10185000041CD4E904208A4270EB0C0B24DA891AA8
:101860005A686CEB0000C3E90410C4E9003214604C
:101870005C60FFF76DFF84420ED1134B1B685BB9B0
:10188000B9F1000F02D1FFF76BFF0646304608F0B2
:1018900021FF0021FCF778FC88F31188BFF36F8FDC
:1018A00028463946BDE8F88F521A60EB0C009A457D
:1018B000C4E90420ADD01B68AAE700252F46EFE756
:1018C00060440020CC1800207C4900202DE9F0471E
:1018D000EFF31185402383F31288BFF36F8FDFF896
:1018E000A490DFF8A480C9F80000FFF731FF0026BC
:1018F0000027D9F80030D8E900ECD91750B1D0E969
:101900000442A34271EB020A1CDAE41A62EB010200
:10191000C0E9044213EB0E034FF000044CEB01014D
:101920002046C8E90031C9F8004008F0D3FE21463E
:10193000FCF72AFC85F31188BFF36F8FBDE8F047F1
:10194000FFF7B8BE14EB0E024CEBE473C0E904677A
:10195000C8E90023FFF70EFF85F31188BFF36F8FEF
:1019600083689847EFF31185402383F31288BFF310
:101970006F8FD9F800301B1BC9F80030FFF7E8FE65
:10198000B7E700BF7C4900206044002010B5EFF3AA
:101990001184402383F31288BFF36F8FFFF7E0FEBB
:1019A000054A0346D2E90001181841EBE37184F3BC
:1019B0001188BFF36F8F10BD60440020F8B5054655
:1019C000EFF31187402383F31288BFF36F8F03680F
:1019D00023B187F31188BFF36F8FF8BDD0E90A46B2
:1019E000611C46F10002022972F1000236D3012C7B
:1019F00076F10002BCBF01241E46013C46F1FF36D1
:101A000008F0ABFE013041F10001001946EB010185
:101A1000012871F1000130DB08F09FFE013041F137
:101A200000016FF00203001946EB010183426FF0E1
:101A300000438B4126DB08F090FE013041F10001AC
:101A40006FF00102001946EB0103121A4FF0FF314B
:101A500061EB03031C492846FFF7A8FE2B6B0133FB
:101A60002B632B6A93B93C462B4653F8185F9D4273
:101A700000D0D5B984F31188ADE76FF001024FF0C3
:101A8000FF33E7E700224FF00043E3E787F31188D5
:101A9000BFF36F8F2B6A28469847EFF311844023DA
:101AA00083F31288BFF36F8FDEE7284608F064FDEA
:101AB0000023C5F8B03084F31188BFF36F8F284638
:101AC000BDE8F84008F049BDBD1902002DE9F0411C
:101AD00005461C4690461F46EFF31186402383F3CC
:101AE0001288BFF36F8FB4F1FF3F08BFB2F1FF3F21
:101AF00005D186F31188BFF36F8FBDE8F081002C0C
:101B000009DB012A74F10003BCBF0122002412F199
:101B1000FF3844F1FF37284608F0F3FDDDE9060100
:101B20000023C5E90A012B6342463B462846024989
:101B3000FFF73CFEDDE700BFBD19020038B50346E4
:101B4000EFF31185402282F31288BFF36F8FC160DB
:101B5000012181600068834206D185F31188BFF3BB
:101B60006F8F0024204638BDD0E9003213605A60E0
:101B70000023C0E9003308F060FE2946044602480D
:101B8000FFF76EFBEEE700BFEC720020F8B50746EA
:101B90000C46164608F09FFC08B10020F8BD0E4B1D
:101BA0009B68D3F8A450002DF7D0221DF5D2EFF397
:101BB0001184402383F31288BFF36F8F47F0040131
:101BC0002846B04784F31188BFF36F8F0028E4D014
:101BD00040F8045BE2E700BF484900200146024AA2
:101BE0000020FFF7D3BF00BFD151020001680E4AA9
:101BF0009142034615D1C169A2F11022A2F1EF1260
:101C000091420ED18268012A0BD8C26812B10169D3
:101C10008A4206D0586928B19B691B1A584258411C
:101C200070470120704700BF55AA00FF70B50D4BEB
:101C30009E68A6B13046FFF7D9FF044678B9F3682D
:101C40006BB935690DB9204670BD2846FFF7CEFF48
:101C500028B9EB68B34202D12E462D69F2E7012480
:101C6000F1E700BF804900202DE9F041444B454C8D
:101C70001B68054620468846984718B10024204630
:101C8000BDE8F081A4F1140754F8144CFB68DCB1F2
:101C9000BC68CCB1002D66D0B8F1000F65D008FB50
:101CA00005F6B6FBF5F5A84561D1311D5FD8B20741
:101CB00011D026F0030204321C4603E06168914211
:101CC00057D2A469002CF9D12F4B2E481B68984796
:101CD0000028D4D0D2E73246EEE7891A232904F14E
:101CE00020051CD80123A360D4E90523AAB1936180
:101CF000A3690BB162695A610023C4E905333B69EA
:101D0000DB0703D5FFF792FF002835D132460021CB
:101D100028462C4609F01CFDD6E7FB60E8E702F1F7
:101D2000200C04EB0C032039C3E90110DC601748D8
:101D30002169196144F80C00A0F11020A0F1EF1006
:101D4000D86101B1CB6061695961A069986141B105
:101D50008B61996901B14B610121C4E901212361C2
:101D6000CAE7FB60F5E72C46AEE74446ACE704461D
:101D7000AAE7A0680028B0D0012001F0CFFD00BF85
:101D8000E418002094490020E018002055AA00FF24
:101D900070B5464B464C1B680546204698470028C0
:101DA00040F08280002D43D054F8143CA4F1140676
:101DB000002B3DD0B268002A3AD09D4203D372680E
:101DC00013449D4202D3012001F0A8FDA5F1200497
:101DD0002046FFF70BFF0028F5D155F8183C012BE2
:101DE000F1D155F8143C45F8180C3BB39A682ABB5E
:101DF00055F81C2C02F120015A680A445A6055E932
:101E000005321A6155F8145C2B6903B1DD6020229C
:101E10000021204609F09CFC286910B18368002B42
:101E20002ED033699B0703D5FFF700FF0028CAD1E6
:101E3000204B1F481B68BDE87040184755F8100C30
:101E400000282AD0836843BB426863681344203368
:101E5000636003692361D4E905239AB9CBB9436967
:101E600063618269A261B3B19C61A36903B15C61E2
:101E7000236903B1DC602022002109F069FCD0E76E
:101E80002C46E1E79361A369002BE8D062695A61AF
:101E9000E5E7F360F7E7F460E7E7F36845F8083C47
:101EA00003B15C61F460BCE770BD00BFE4180020C2
:101EB00094490020E018002038B528220C46054639
:101EC0000021154809F044FC144B15481B6898473D
:101ED0001449154800F038F8232C1CD915F00303D9
:101EE0001FBF043CE418C3F10403ED18224600218F
:101EF000284609F02DFC084B0C499D60C3E90054AD
:101F0000203C6C609A6811609A68DA60A1F1102137
:101F1000A1F1EF11D16138BD80490020EC180020FB
:101F200094490020911D0200691C020055AA00FF7F
:101F3000014B1B68184700BFD8180020014B1B68D5
:101F4000184700BFD4180020024B1860024B002035
:101F500019607047D8180020D418002010B50A4620
:101F6000044619B1024B00211B68984710BD00BF01
:101F7000DC180020F8B50D4E0D4C0E4D33680E48A0
:101F8000984767782B680C48984733680B48984700
:101F9000022F08D12478E31F5C425C412B6807487C
:101FA00098472046F8BD0024F8E700BFE418002059
:101FB000A8490020E0180020DC190020C8190020E2
:101FC0000E4B0340B3F1607F06D1B1F5885F14BFBB
:101FD0006FF0860000207047B3F1707F0BD101F4E1
:101FE000E043B3F5005F06D111F4E06F0CBF6FF072
:101FF0008600002070476FF0860070470000C07FA9
:102000008A4270B506460D4600F0ED80784922F40C
:10201000FF7323F001038B4213D022F0FF0001F580
:10202000885188420DD0734C22F47F7121F0030156
:10203000A14206D07049884203D001F574518B4209
:102040002CD16E4B25F0FF0199420FD115F0FF0006
:102050000BD06B4B40F00070984240F0C68082EA93
:102060000500FF288CBF0020012070BD654B994200
:10207000ECD0A3F588539942E8D025F4FF7323F000
:102080000103B3F1062FE1D05B488142DED05E4907
:102090008B42DBD0A1F584418B42D7D005F0FE43C3
:1020A000B3F1A06F13D102F0FE43B3F1A06F40F083
:1020B000888082EA050333F47E1340F082802E0488
:1020C0007FD5C5F30540C2F305429042CAE74F49A8
:1020D0008D420BD14E4B9A4200F085804D4B22F43D
:1020E0007E10984214BF00200120BEE7B3F1407F6C
:1020F00067D102F0FE43B3F1407F62D182EA05006E
:1021000030F47E145DD131462846FFF759FF002890
:102110006BD1414B12F47C1103EA020318D0B3F1E6
:10212000607FC2F305413DD13C48D3B243F0007318
:1021300083423BD003F17E43043B112B01D8384846
:10214000C45C15F47C1FC5F3054331D18C42C9E74B
:10215000B3F1607F0DD13148D3B243F000738342B5
:102160001ED003F17E43043B112BDDD82D49C95C01
:10217000DAE7B3F1707FE4D106F4E043B3F5005F32
:1021800003D1C6F302230121994006F4E043B3F5DD
:10219000005FD6D1C6F30226012000FA06F4D0E78C
:1021A0001021C1E7B3F1707FCBD1EEE71024C8E76F
:1021B00012F47C1F01D1A34215D02C0401D58B420F
:1021C00050E725F0004323F47F03B3F1106F0CD1E7
:1021D00002F0FE43B3F1106F07D11348104040F0F6
:1021E0001060A8427EE701203FE700203DE700BFE6
:1021F00000020006000400060009000600030006B5
:10220000FF00000200130006004600060093C00411
:102210000013C004000140050000C07F030000025D
:10222000D3090300D30903000000FFF62DE9F843AA
:10223000884617461C4600F013FC054688BBD8F8B4
:102240000060B6F8009009F4E043B3F5804FB3683E
:1022500008BF27F0010737EA03031AD10CB3274B55
:1022600024F0FF029A421FD114F0FF0304D0244A45
:1022700043F00073934236D0F16822464846FFF798
:10228000BFFE074668B9316922464846FFF7B8FEE7
:1022900090BB6FF084050023C8F80030304600F092
:1022A00013FC2846BDE8F883164B9A42DCD0A3F510
:1022B00088539A42D8D024F4FF7323F00103B3F17A
:1022C000062FD1D010498A42CED0104A9342CBD0AB
:1022D000A2F584429342C7D004F0FE43B3F1407F9D
:1022E00004D12304C8D56FF08605D4E7B3F1A06FFD
:1022F000F7D0034B9C42BEE73D46D2E70003000601
:10230000FF00000200130006000900060046000658
:1023100070B5114B05461B6810480E469847044699
:1023200018B16FF08F04204670BD6B6933602B7F4E
:10233000012B04BF02232B77094B18BF30601B68A9
:10234000064818BF6FF0960498470028EBD0002C81
:10235000E7D06FF09604E6E7E4180020B4190020F7
:10236000E018002038B500F0FE43B3F1407F04468A
:102370000D4602D06FF0860038BDFFF721FE002821
:10238000FAD114F47C1F12D0C4F30543032B13704D
:1023900022D9284A2240B2F1607F3DD1264AE4B2D8
:1023A00044F0007494422BD1102BE5D9E2E7214B85
:1023B0002340B3F1607F15D11F49E3B243F00073AE
:1023C0008B4202D110231370D6E703F17E43043B06
:1023D000112B04D9002313706FF08500CCE7174947
:1023E000CB5CD3E7B3F1707FF4D101F4E043B3F5F4
:1023F000005FEFD1C1F3022101238B40DBB2C5E7BF
:1024000004F17E44043C112CB4D80D4A125D934271
:10241000B0D8142BB0D9DFE7B2F1707FAAD105F4A0
:10242000E042B2F5005FA5D1C5F302250122AA4022
:10243000EDE700BF0000C07F03000002D3090300E6
:10244000D30903002DE9F341002313604768D0F856
:10245000148004460E463846114608F0FAFD05463B
:1024600088B9384608F0F7FD054660B9FFB277B97C
:10247000B8F1000F05D1A36823F0031323F47F43C1
:1024800063B16FF08605284602B0BDE8F08160694F
:10249000012108F0B8FD0028EDD1F2E762884FF67F
:1024A000F8739A4227D8154B15481B682779984727
:1024B00010B16FF08F05E6E707B901A8314600F0CB
:1024C00087FA104B05461B680D48984710B1002D40
:1024D000D9D1EEE7002DD6D10FCCD6F800C0664694
:1024E0000FC694E8070086E80700002FCBD1019BB8
:1024F000CCF81430C7E76FF08505C4E7E418002076
:10250000B4190020E018002010B5044660B1074B54
:1025100007481B689847204608F024FB054B0448F1
:102520001B68BDE81040184710BD00BFE41800202C
:10253000B4190020E018002037B50446C0B101A945
:1025400000F08EFA044698B9194B1A481B681A4DC8
:102550009847F0B90198037F032B11D108F064FD6F
:102560002B6804461348984728B10CB96FF08F04C4
:10257000204603B030BD002C08BF6FF08704F7E79A
:10258000022B12D1032303770379FF2B08BF6FF0CF
:102590008404019808F048FD2B68002818BF044601
:1025A000044898470028E3D0DFE76FF09604F0E78F
:1025B000E4180020B4190020E01800202DE9F041B3
:1025C0001F4688B01646002203880796CDE90422EC
:1025D000054688463A60002E62D0B6F1005F80F072
:1025E0009E8023F0FF03B3F5E24F02D0B3F5824F94
:1025F00022D1284608F097F90446002840F083804D
:10260000EB686BB16A885AB12B8803F44F41B1F57E
:10261000824F05D1DBB2222B37D02DD8122B39D0E7
:10262000424608EB0601002312F8010B914243EAEF
:102630000003F9D1002B33D005AA04A92846FFF7DF
:1026400001FF0446A0B9049B9B6A63B3049B5A88AC
:10265000069206AA029203F1280201929A6A009257
:102660005B6A32464146284608F027FD044678B3A7
:102670000498FFF749FF46E0273BDBB21B2BCFD87E
:10268000284921FA03F3DB07CAD50732B6EBD20F8C
:10269000C6D205E040F209239A42F6D1402EBFD8B7
:1026A0006FF086042FE06B681B0A07D10799049826
:1026B00008F018FA04460028C8D0D9E707AB32461C
:1026C0004146284608F0D1FC04460028EED0CFE76A
:1026D0000499069B4A88D2B94B80069A04984FF613
:1026E000F8739A4218D82B8813B102889A4210D1F5
:1026F0006B8813B142889A420BD13946FFF708FE26
:1027000004460028B4D1204608B0BDE8F0819A42C2
:10271000E3D06FF08604ABE76FF08504A8E76FF0B5
:102720008504F0E70102000C38B504460D46FFF7BA
:1027300021FC30B12A4621460348BDE8384008F064
:102740006EBD6FF0880038BDAC49002070B51D4EDD
:102750001D4C33681D4898472378590744BF23F020
:102760000403237023789A0705D500F017F923781E
:1027700023F002032370164D14482B6898473368E2
:1027800014489847637813B1134808F04AFD0023B2
:102790004FF4A87110486370FFF7E0FB2B680D48F9
:1027A00098473368094898472378DB0705D508F030
:1027B0005BFC237823F0010323702B680348BDE8FA
:1027C00070401847E4180020A8490020C8190020CC
:1027D000E0180020DC190020AC4900202DE9F04170
:1027E000FFF7C8FB18B100242046BDE8F081364F42
:1027F00036483B689847044620B16FF08F04FFF7D6
:10280000A5FFF1E7324D2B78D80706D408F02AFC53
:102810002B7843F0010304462B702E4E2B4833686F
:10282000984710B1002CE8D0E9E7002CE7D13B68CD
:102830002648984704460028DFD12B78990706D40C
:1028400000F0A4F82B7843F0020304462B703368A1
:102850001E4898470028E5D1002CD0D13B681B4882
:1028600098470028C9D13368184895F800809847E0
:102870000028C2D13B681848984704460028BCD1BC
:102880006B7843B918F0010F05D0144808F0C5FC67
:10289000022304466B7033680F4898470028C1D163
:1028A000002CACD13B68094898470028A5D12B786B
:1028B00006485A075CBF43F004032B7033689847FF
:1028C000002890D099E700BFE4180020C819002024
:1028D000A8490020E0180020DC190020AC490020A5
:1028E00038B5074C074B20461B689847064B93F8B2
:1028F0008055064B20461B689847284638BD00BFC8
:10290000C8190020E4180020FC4A0020E01800202C
:1029100000F140421F2A38B504460D460CD81A4B28
:102920002C2101FB02331A7F022A02D15A6982420A
:1029300018D06FF08B001FE0012108F064FBE0B1BC
:10294000114A00201346117F022902D15169A14288
:1029500005D00130202802F12C02F4D1E9E72C2225
:1029600002FB00331A7F022A0AD11A6A511C07D0CF
:1029700001321A6200202B6038BD6FF08700FBE740
:102980006FF09600F8E700BFFC4A0020024B0122DE
:1029900083F8802500207047FC4A00202DE9F04193
:1029A0000A4C002526464FF001080327C4F8208072
:1029B00027772046013508F0D5F8202D04F12C04A6
:1029C000F4D1002386F88035BDE8F081FC4A002070
:1029D000F8B506460F46FFF783FF002835D01E4B9B
:1029E000002422461D46197FF9B13CB9022905D1C0
:1029F000196A19B91979002918BF1C460132202A11
:102A000003F12C03EFD114B96FF08C000BE0237F9E
:102A1000022B04D1236A5A1C1CBF013323622046B7
:102A200008F0A0F810B100240DE01C46237F7BB90C
:102A30000123237736B1094B651BAD105D4305F1CA
:102A40008045356000203C60F8BD6FF08800EAE703
:102A50006FF09600E7E700BFFC4A0020A38B2EBA78
:102A6000002370B50B6004460D46FFF739FF08B32D
:102A7000124B13481B689847064618B16FF08F0435
:102A8000204670BD20462946FFF742FF10F18C0F0B
:102A90000C4B044607D01B68094898470028EFD024
:102AA000002CEDD1EAE72E601B68054898476FF0CF
:102AB0008704E5E76FF08804E2E700BFE418002030
:102AC000B4190020E018002010B50B4B04461B6819
:102AD0000A48984718B16FF08F04204610BD204671
:102AE00008F0A2FA064B04461B68044898470028E1
:102AF000F3D0002CF1D1EEE7E4180020B419002047
:102B0000E018002070B40A4E4568DCB244F000744E
:102B1000B4424FEA152503D035B970BC00F0CCB8EB
:102B20006FF0850070BC70476FF08600FAE700BF59
:102B300005000002F7B5089E0D4FF5B2044645F0BA
:102B400000754868BD424FEA10200AD060B900966F
:102B500004F1080000F07CF808B91C23236003B0DE
:102B6000F0BD6FF08500FAE76FF08600F7E700BF71
:102B700005000002F7B5089E0D4FF5B2044645F07A
:102B800000754868BD424FEA10200AD060B900962F
:102B900004F1080008F045FC08B91C23236003B0C9
:102BA000F0BD6FF08500FAE76FF08600F7E700BF31
:102BB000050000022DE9F0414FF6FF749C4228BF4A
:102BC0001C460D461FFA84F81646AAB1A1B19BB166
:102BD0000B4F384607F0EDF918B96FF09200BDE8D9
:102BE000F081BB6842461B6831463846984700284A
:102BF000F3D1E4002C60F2E76FF08600EFE700BF4E
:102C000074BC02007FB50024C0F848410F4C00940A
:102C1000054608F0A8FA044698B903AB102205F55A
:102C20009C7601930092334605F59471284608F08E
:102C3000ADFA044628B9304608F021FB204604B01E
:102C400070BD284608F0AEFAF8E700BF0044400423
:102C50002DE9F0411E46069B1746154A23F47E13C4
:102C6000934204460D461BD10B88B3F5105F17D174
:102C7000A6F11002102A17D80E4BD340DB0713D54C
:102C80004FF4A672002108F063FD022384F84C3152
:102C90003A46334629462046BDE8F041FFF7B2BF29
:102CA0006FF08500BDE8F0816FF08600FAE700BFA5
:102CB0000002C003010101002DE9F04323F47E1658
:102CC000124BDDF82C909E42DDE9077CDDE909E836
:102CD00015D10388B3F5105F11D1A2F11004102CA7
:102CE00011D80B4D25FA04F4E3070CD5CDE9098979
:102CF000CDE907CE3B46BDE8F04308F069BB6FF075
:102D00008500BDE8F0836FF08600FAE70002C0039B
:102D10000101010073B50C4611461A462388069E30
:102D2000B3F5105F054619D1A2F11004102C12D88A
:102D30000C4BE340DB070ED50B4B9E420ED100241B
:102D40000094234600F03AF985F81C41C5F8186153
:102D5000204602B070BD6FF08600FAE76FF0850084
:102D6000F7E700BF01010100004440042DE9F041F4
:102D700016461F46D0F818210E4B9A420546884643
:102D800011D1314600F03AF9069B984204460DD81D
:102D9000334628464246394600F03EF9079B00205C
:102DA0001C60BDE8F0816FF08500FAE76FF08900E4
:102DB000F7E700BF0044400430B58BB0044618224A
:102DC0000D4604A8002108F0C3FC4FF41053ADF8E1
:102DD0000C3020464FF48073ADF80E30059308F0A8
:102DE000E1F94FF494720021204608F0B1FC0B4B3E
:102DF00000932A46202303A9204608F0B4F950B9CD
:102E000005F1200304F59474303553F8042B44F88D
:102E1000042BAB42F9D10BB030BD00BF00444004DD
:102E200010B5164B8EB01B68044600F59E7098478F
:102E30003022002102A808F08BFC02A92046FFF7EF
:102E4000BBFF034660B9302302AA01A908F0EBF9E1
:102E5000034628B9019BB3F5C07F04D26FF09303FA
:102E600018460EB010BD02A9204608F06CFB0346C0
:102E70000028F5D10122C4F83821F1E7EC18002030
:102E8000F0B5284B00F59E768FB004461B6830469F
:102E90000F461546984718B16FF083000FB0F0BD8C
:102EA000D4F83831002B36D0B5F5803F36D842F211
:102EB0001072934215D9302302AA01A908F0B3F980
:102EC0000028EBD1019BFF2B02D86FF09300E5E7C0
:102ED00002A9204608F037FB0028DFD10123C4F8FF
:102EE00038312B463A460021204608F0D7FA002810
:102EF000D4D10146204608F026FB0028CED1D4F8D4
:102F000038310133C4F83831074B30461B689847D5
:102F10000028C3D0C0E76FF08800BFE76FF08600DD
:102F2000BCE700BFE4180020E018002010B50446FC
:102F300008F038F9064B04F59E701B6898474FF46B
:102F4000A8720021204608F003FC002010BD00BF3D
:102F5000E818002070B5184E049C4588B34202D092
:102F60006FF0850070BDEE1DB2EBD60F4FEAD603B1
:102F700002D06FF08600F5E7079A934218D8089AB6
:102F80001360008847F212129042E9D1059A5B0063
:102F900001339342EDD12378042BEAD1B5F5807F3C
:102FA000DED10698621C00F067F90028DAD0E0E76D
:102FB0006FF08900D6E700BF00000209F8B5069F50
:102FC00004461D4661B11646AFB9DDF789FA002304
:102FD00084F8116184F8103184F8127184F8133187
:102FE00045B11022294604F1F00008F089FB0123C5
:102FF00084F81331F8BDDDF707FCE8E751B190F82C
:10300000103190F812210B4402F001029B1A23F0B8
:103010000F007047084670472DE9F04F044687B00F
:1030200090F8120194F810910090002B55D0924620
:1030300000F00108C9F110021E4608EB0203B3427A
:1030400004F5807700F2C4800D46002A40F0B3807A
:10305000009B002B6AD194F8133104F1F009C846A3
:10306000002B40F0C18094F8113122463946484681
:10307000DDF7E2F80F2E40F2CE80A6F1100323F028
:103080000F031033019305EB030BD04694F813C1E3
:10309000102341464A463846BCF1000F20D0DDF7E8
:1030A000E5FD10224946284608F02AFB103594F821
:1030B0001131224639464846DDF7BEF85D4508F134
:1030C0001008E3D116F00F0621D184F81061C8462C
:1030D00010224146584608F013FB07B0BDE8F08FB8
:1030E000102208F00DFB10224946284608F008FB84
:1030F000103594F81131224639464846DDF79CF8E0
:10310000AB4508F11008C1D116F00F06DDD0019BC8
:103110009A4451463846324608F0F2FA009B84F849
:103120001061002B7DD00DF10808D1E794F8113122
:103130002246394602A8DDF715FA94F81331002B20
:103140005BD1B8F1000F0CBF4FF010094FF011091F
:103150004E4529D304F1F00801E04E4524D35146F1
:1031600010223846924408F0CBFA102202A92846D1
:1031700008F0C6FA94F811312246394602A8DDF764
:10318000F1F994F81331103E1035002BE5D002A967
:10319000084642461023DDF769FD102239464046B5
:1031A00008F0AEFA4E45DAD22EBB84F81061AB4679
:1031B0000DF108088CE7514607EB0900924408F02E
:1031C0009FFA009B103E4E44002B3FF444AFADE706
:1031D00007EB09005146324608F092FAB14484F8F0
:1031E000109107B0BDE8F08F10234A4639463846A3
:1031F000DDF73CFD37E7AB468BE702A904F1F009A8
:103200004A4608461023DDF731FD4846102239466C
:1032100008F076FA95E7002EEDD184F81061AB4600
:1032200056E704F1F00952E700B589B00146684657
:1032300000F03CF809B05DF804FB00BF00B591B0A8
:103240000146684600F06AF911B05DF804FB00BF62
:1032500030B599B00546684600F028F8694604463E
:1032600008A800F053FA08A90443284600F08AF998
:10327000204619B030BD00BF70B598B0054668460D
:10328000164600F013F83146044608A800F046F947
:1032900008A96A460443084600F082F908A90443D5
:1032A000284600F06DF9204618B070BD70B50B6867
:1032B000124E1BBAC3614B681BBA83618B681BBA81
:1032C0004361CB681BBA03610B691BBAC3604B69CE
:1032D0001BBA83608B691BBA4360CB691BBA324649
:1032E000036001460446DDF7B1FA31460546024661
:1032F0002046DDF7CBFA681E70BD00BFA0CE0200ED
:103300002DE9F04188B00C46064602F120016846DE
:1033100006F120079046DDF793FD6A466946684648
:10332000DDF7B0FC69463846DDF78AFD3A46394696
:10333000384604F12005DDF7A5FC6A466946684673
:10334000DDF7A0FC41462846DDF77AFD6A46414696
:103350003046DDF75DFD2A4629466846DDF792FCDA
:103360002A4669466846DDF78DFC124A694668467A
:10337000DDF788FC69462046DDF762FD32462146CE
:103380002046DDF7BDFC324621462046DDF7B8FC7D
:10339000224631462846DDF7B3FC6A4629462846D0
:1033A000DDF736FD3A4629462846DDF7A9FC08B088
:1033B000BDE8F08180CF0200F0B599B004460D461B
:1033C0000A4601466846DDF79BFC69466846DDF71C
:1033D00037FD6A46214608A805F1200604F12007BA
:1033E000DDF716FD6A4629466846DDF711FD3246CF
:1033F000394610A8DDF746FC324639463046DDF73F
:103400007FFC31462846DDF71BFD6A4608A92046A9
:10341000DDF738FC224629462846DDF771FC6A466E
:1034200008A96846DDF76CFC6A4639463846DDF780
:10343000EFFC2A4608A96846DDF762FC6A46314679
:103440003046DDF7E5FC3A4631463046DDF758FCBC
:1034500010A96846DDF7F4FC224669462046DDF7F0
:103460004FFC08A922460846DDF74AFC10A908AA25
:103470000846DDF7CDFC3A4610A93846DDF740FC9A
:1034800019B0F0BD2DE9F04188B00C4605469046D4
:103490000A4601466846DDF733FC69466846DDF7B3
:1034A000CFFC6A462946284604F12006DDF7B0FC29
:1034B00005F120076A4621466846DDF7A9FC324639
:1034C00039463046DDF71CFC31462046DDF7B8FCB6
:1034D0002A4621462046DDF713FC6A46214620464F
:1034E000DDF70EFC6A4629464046DDF709FC4246F8
:1034F00039463846DDF78CFC224629466846DDF71A
:10350000FFFB6A4631463046DDF782FC3A463146DB
:103510003046DDF7F5FB08B0BDE8F08170B500F18D
:10352000200690B00D46044600F014F905F1200184
:10353000304600F00FF9214608A8DDF781FC08A904
:1035400008460D4ADDF79EFB08A922460846DDF72E
:103550005FFC08A9094A0846DDF794FB3146684636
:10356000DDF76EFC202269460DEB0200DDF75CFB07
:10357000013810B070BD00BF80CF020060CF0200E4
:1035800000F002B938B504460D4600F0FDF805F12B
:10359000200104F12000BDE8384000F0F5B800BF7C
:1035A0002DE9F0471346B8B0544A8946804619467B
:1035B00010A8DDF74BF95249024610A8DDF766F96D
:1035C000179E4E4900EAD6760746C6F1010210A8BA
:1035D000DDF75CF9179B4A466FEA030A28A918A889
:1035E000FFF78EFE4FEADA7A20A9CAF101020846F7
:1035F00000F092F8C7F10107FE246A4618A928A82E
:10360000FFF740FF631138AA02EB830304F01F02A7
:1036100053F8A03CD340554603F0010A8AEA050559
:103620002A4628A918A8DDF78DF92A4630A920A82E
:10363000DDF788F9013C28A918A8FFF7BDFE631C37
:10364000DBD1CAF1010220A908A800F065F886EADA
:103650000A066A4618A928A8FFF714FF28A93246C7
:1036600018A8DDF76FF9324630A920A8DDF76AF90E
:1036700008A96A460846DDF7CBFB08A9084600F012
:103680009DF808A908F1200409F120020846DDF799
:10369000BFFB20A908AA2046DDF7BAFB08AA18A993
:1036A0006846DDF7B5FB69466846DDF7C9FB18AA31
:1036B000694608A8DDF7ACFB21466846DDF7C0FB8C
:1036C00008AA69461046DDF71BFB0E4A08A96846A2
:1036D000DDF716FB20462021DDF7BAFA08A90246DD
:1036E00044426846DDF72EF94046074A6946DDF751
:1036F0008FFB3C43204638B0BDE8F087E0CE0200A7
:1037000000CF020060CF0200C0CE02000A4601498D
:10371000FFF746BF20CF020070B588B004460D46C3
:10372000164600212022684608F012F80023294698
:1037300020222046009307F0E3FF2A4669466846A8
:10374000DDF7DEFA324669462046DDF7FBF808B0C1
:1037500070BD00BF0B681BBAC3614B681BBA8361A5
:103760008B681BBA4361CB681BBA03610B691BBA38
:10377000C3604B691BBA83608B691BBA4360CB691A
:103780001BBA0360704700BFCB691BBA03608B692B
:103790001BBA43604B691BBA83600B691BBAC360D9
:1037A000CB681BBA03618B681BBA43614B681BBAB9
:1037B00083610B681BBAC361704700BF70B598B0D6
:1037C0000D46064610A8DDF73BFB2A4610A96846C1
:1037D000DDF71EFB694610A8DDF732FB10A908468D
:1037E000DDF72EFB6A4610A908A8DDF711FB08A932
:1037F00010A8DDF725FB10A90846DDF721FB10A96D
:103800000846DDF71DFB10A90846DDF719FB10A9D6
:1038100008AA0846DDF7FCFA10A90846DDF710FBF8
:1038200010A90846DDF70CFB10A96A4608A8DDF7C9
:10383000EFFA052408A910A8DDF702FB10A9084635
:10384000DDF7FEFA013C10A9F5D108AA0846DDF71C
:10385000DFFA052410A90846DDF7F2FA10A9084698
:10386000DDF7EEFA013CF5D110A908AA0846DDF70C
:10387000CFFA10A908A8DDF7E3FA08A90846DDF792
:10388000DFFA08A96A466846DDF7C2FA10246946DD
:1038900010A8DDF7D5FA10A90846DDF7D1FA013CEA
:1038A00010A9F5D12A460846DDF7B2FA402410A93E
:1038B0000846DDF7C5FA10A90846DDF7C1FA013C54
:1038C000F5D110A96A460846DDF7A2FA102410A91E
:1038D0000846DDF7B5FA10A90846DDF7B1FA013C54
:1038E000F5D110A96A460846DDF792FA102410A90E
:1038F0000846DDF7A5FA10A90846DDF7A1FA013C54
:10390000F5D110A908AA0846DDF782FA2A4610A9BF
:103910003046DDF77DFA18B070BD00BF08B5054B25
:10392000044613B10021AFF3008001F0B3F9204643
:10393000F0F7E0FA00000000F8B50E4B1D68AB7818
:103940009B07064612D56F6816F8014B29462CB91D
:103950000A20B847002805DB204609E02046B84782
:103960000028F1DAAB7843F00403AB704FF0FF307E
:10397000F8BD00BFC8C802000CB430B589B0054618
:103980000C461C22002101A807F0E2FE02238DF85C
:1039900006300E4B0293059523462CB1B4F1004F2F
:1039A00028BF4FF00043013B1D440DAA0C9906951A
:1039B00001A8009200F00EF914B1059B00221A70C4
:1039C00009B0BDE8304002B0704700BF3FBB020005
:1039D000242AF0B5044601D8012A40D108F0B8F8ED
:1039E0002D4B16221A5001B10C600020F0BD2F465D
:1039F0003D4615F8010B2028F9D0A0F10906042E48
:103A00000346F4D92B282CD02D282CD101267B78E5
:103A1000BD1C302B2DD1287840F02000782824D1EF
:103A200032F0100021D16B782C4610220235002094
:103A3000392B82BF03F1FF3343F02003263B303B99
:103A40009A421AD9A0FB02040CB9C01801D346F05F
:103A500002062F462C4617F8013B3D46E8E707468D
:103A6000C6E70026D3E70026D3E7002A08BF0822CE
:103A7000DDE7002A08BF0A22D9E701B10C60F2078E
:103A800048BF4042B307B1D508F062F8024B22228A
:103A90001A504FF0FF30A9E70C0000002DE9F0416B
:103AA00001260746B24201DCBDE8F0813B461F46D5
:103AB00013F8014B002CF7D0252CF8D11C78252CBD
:103AC00007F10207F2D00023DFF804819C461D466F
:103AD0001F2D18D8A4F1200EBEF1100F09D9A4F1A2
:103AE000300EBEF1090F1ED80A2404FB03E3202583
:103AF00004E028FA0EFE1EF0010F06D017F8014B65
:103B0000002CE5D128E07F2D1CD8A4F1300EBEF1A9
:103B1000090FE9D9242C10D1BCF1000F46D0B342D3
:103B200046D00023EAE724F0040EBEF12A0FF8D0B5
:103B30006C2C09D145F08005E0E724F0040EBEF1BD
:103B40002A0FEED06C2C22D06C2C1BD8682C23D0E2
:103B50006A2C28D04C2C26D0BCF1000FA4D0B44540
:103B6000A0D144F02007A7F1650CBCF1020F0B684F
:103B700001D9612F1ED1073323F0070308330B60EF
:103B800001368EE7742CB9D07A2CB7D0E4E72C0636
:103B900048BF45F40075CDE7EC0548BF45F4007516
:103BA00045F48075AAE745F42075A7E79C46B8E779
:103BB0006324D6E7692C02D007D8632C03D02F06E4
:103BC00001D5AC05D7D40433D9E7732CF6E700BF91
:103BD000892801002DE9F04F95B04368039383785D
:103BE00080469807CDE9081217D50D920B4600259F
:103BF0001F78A7B1252F16D001330793039B4146A9
:103C000038469847002805F1010580F2398498F874
:103C1000023043F0040388F802304FF0FF352846A5
:103C200015B0BDE8F08F5F789A1C252F0792E5D07C
:103C300000242646A246A346BBF11F0F32D8A7F1A7
:103C40002003102B0AD8DFE803F02409092A090908
:103C5000091B09090922092709091900A7F13003DD
:103C6000092B2DD92A2F39D154B90D9B1BF0400FA8
:103C700053F8042B0D9329D0164601E04BF0010BAD
:103C8000079B13F8017B0793002FD5D15BE04BF026
:103C9000020B4BF0040BF3E74BF0080BF0E74BF093
:103CA000100BEDE7BBF17F0F3FD8A7F13003092BD5
:103CB000D8D81BF0400F03D00A2202FB0636DFE7FC
:103CC0000A2202FB0A3A4BF0200BD9E7B2F1000AB4
:103CD000F9DACAF1000A4BF0280BD1E72E2F05D1F3
:103CE0001BF0400F9BD14BF0400BC9E7242F1CD198
:103CF000002C00F04281099B0D931BF0400F0AD16C
:103D0000524608980DA9FFF7C9FE0D9B1A1DD3F85E
:103D100000A00D92B4E7324608980DA9FFF7BEFE49
:103D20000D9B1A1D1E680D92AAE76C2F00F01281E0
:103D300000F20981682F00F015816A2F00F01A81C6
:103D40004C2F00F0178134B1099B08980D9322463F
:103D50000DA9FFF7A3FE002E47F02009B8BF2BF0F6
:103D6000400BA9F16503BCBF1FFA8BFB0026022B99
:103D700040F20881B9F1610F40F06782FF4307F01C
:103D8000200306930D9B073323F007031BF0400F1E
:103D9000D3E9000103F1080208BF4FF0FF36069B8C
:103DA0000D9200930EAA334607F035FE0130C3B2E0
:103DB000B3424BF4C054049301DB049B5E1E012309
:103DC0000E9F0593A3464FF0700907F10903122BCC
:103DD0000DD907F16303C62B40F20F8107F2E733D9
:103DE00040F2CE72934294BF0323042305939DF8BF
:103DF0003C2002F00C0312F0010240F019811BF08C
:103E0000020F40F012811BF0040400F0F880002B38
:103E100040F0118120231BF4405F1FD1049A5032DF
:103E2000002E6A4408BF0126133A049921B112F802
:103E3000011D302900F036811BF0100F049A18BFC5
:103E40003246391DC0F23381B74280F23081BA4226
:103E50004BF4005B40F32D817E1C961B1BF400523B
:103E60000A9200F0288127EAE774013403B1013493
:103E7000002E00F02881721C1444A245CCBFAAEB8E
:103E8000040400241BF0090F04D12C44A54240F087
:103E90001F81002443B118464146039B98470028E0
:103EA00005F10105FFF6B3AE1BF4006F13D0039BC1
:103EB0004146302098470028FFF6A9AE069BC3F183
:103EC00078004146039B00F0F8009847002805F170
:103ED0000205FFF69CAE1BF0080F05D12C44AC4246
:103EE00040F00281254600240A9B002B00F01C8133
:103EF00027EAE77AA7EB0A077642049BBB4284BF16
:103F00000EABFB180AF1FF3A88BF5879039B98BFA4
:103F10003020564505F10109414600F3EF809847EE
:103F2000002807F10107FFF672AEBAF1FF3F08D192
:103F3000039B41462E2098470028FFF668AE05F106
:103F400002094D46D9E7742F3FF49AAE7A2F3FF419
:103F500097AEF8E61BF0800F18BF4BF4007B4BF0D8
:103F6000800B8DE61BF4807F18BF4BF4007B4BF475
:103F7000807B85E64BF4207B82E62646B34654469A
:103F8000B2467DE6FF4307F0200306930D9B0733FF
:103F900023F007031BF0400F03F1080208BF0626B9
:103FA000B9F1650FD3E900010D9213D1731C002202
:103FB000DBB24BF4805B1446112BCDE9002428BF03
:103FC00011230EAA00F0FCFAC3B2049302230E9F41
:103FD0000593FAE6B9F1660F05D14BF4005B344660
:103FE00001221123E8E7F3B2012B4FF0000238BFA2
:103FF000012314464FF06509DEE70223F6E6002BA5
:104000003FF409AFBAF1030F3BDC9DF83C30A64EFC
:1040100013F0080FA54B08BF1E463746B94617F8E0
:10402000010BB0BBAE1BB1447BE033BB2B23F2E6EC
:104030002BBB2D23EFE62022BAF1040F13DD1BF07A
:10404000080FAAF104040FD12C44039B04924146AB
:1040500020209847002805F10105FFF6D8ADA542BC
:10406000049AF2D19AB10024039B41461046984726
:10407000002805F10105C8DAC9E52B22DCE72D226D
:10408000DAE71BF0080FAAF10304BED1DCE71446FF
:10409000BBE7069BC01A4146039BC0B29847002865
:1040A000BCDAB4E504990139C9B20491BDE6561EE3
:1040B000D4E60026D2E61BF4006F059A0CBF032459
:1040C00005241444D2E61BF0100F18BF0134D4E6C7
:1040D0000B934146039B2020984700280B9B05F13A
:1040E0000105BFF6D3AE92E5039B414630209847C9
:1040F000002805F10105BFF6F2AE88E598470028D3
:10410000FFF685AD1BF0100F0BD0BAF1FF3F08D1C1
:1041100005F1020941462E20039B98470028FFF62F
:1041200076AD4D464C4433E29DF83D00039B41463D
:1041300098470028FFF66BAD002E69DD039B4146D2
:104140002E2098470028FFF662AD4FF0010A049B2D
:104150009A45BBBF0EAB534430205879039B414670
:1041600098470028D346FFF652AD0AF1010A56459A
:10417000EDDA02355D44069BA9EB03004146039B43
:10418000C0B298470028FFF642AD002FB4BF2D20E3
:104190002B20039B4146B8BF7F4298470028FFF67B
:1041A00036AD059B042B41D14FF47A79B7FBF9F674
:1041B00006F13000039B4146C0B29847002805F144
:1041C0000305FFF624AD09FB16774FF06409B7FB32
:1041D000F9F606F13000039B4146C0B2984700282B
:1041E00005F10105FFF613AD09FB16774FF00A093B
:1041F000B7FBF9F606F13000039B4146C0B2984781
:10420000002805F10105FFF602AD09FB167715E060
:104210001BF0100F01D10135ADE7039B41462E2065
:104220009847002805F10205A5DAF0E4059B032B69
:1042300005F10205C9D0059B012BD7D107F130004C
:1042400005F101094146C0B266E7A7F16303122BED
:1042500000F2FF80DFE813F013005700FD00FD00BF
:10426000FD00FD005700FD00FD00FD00FD00FD000C
:104270001701F800FD00FD002C00FD00B9000D9BAA
:104280001A1D1B680D928DF8383001240EAF1BF0FB
:10429000080F2ED03E19B946B1452CD1EF1BB944B9
:1042A000AAEB04043DE700BF000A030012DF02008E
:1042B0000D9B1A1D0D921F68AB4B002F08BF1F46A8
:1042C0001BF0400F14BF31464FF0FF31384607F066
:1042D00079FA0446DBE7039B4146202098470028F3
:1042E000FFF695AC013EB442F5D35544AD1BB24642
:1042F000D0E75646F7E719F8010B039B414698476C
:104300000028C9DA83E41BF0800F0D9B35D01BF425
:10431000007F2DD0073323F00703D3E9000103F119
:1043200008020D922BF0100900291FFA89F936DADC
:10433000404261EB410149F480690DF1380B0A23D9
:104340005A4607F04BFA19F0400FA0EB0B0B65D063
:1043500029F001025E4592B240F3B280002F00F0D6
:10436000A98019F010033446914626D002345CE04F
:104370001A1D18680D92C117D4E71A1D1BF4807F0F
:1043800019680D9201D10846F5E71BF4007F15BFAF
:1043900048B208B241F3C01141F3C031C2E750EA5C
:1043A0000103CAD11BF0400FC7D0002EC5D12BF09E
:1043B000110B1FFA8BF93446B34640F2064319EA53
:1043C00003031CBF013400232FE02BF0100B1FFA56
:1043D0008BFB0A231BF080040D9A57D01BF400714D
:1043E0001DBF073222F0070202F10801101D19BF9C
:1043F0000D91D2E900010D90106850EA010252D1EE
:104400002BF016091BF0400F1FFA89F94FD0002E30
:104410004DD12BF0170B1FFA8BF9B34619F010038F
:1044200052D0002F4ED10BF1010419F0080F5ED1CC
:1044300019F0010F06D0A2456EDDAAEB040404EBCF
:104440000B06544622464DE04BF0100B1023782704
:10445000C0E7B9F1780F04D1C7F1780343F0100336
:10446000B8E7039B4146252098470028FFF6CFABCD
:10447000039B4146384698470028FFF6C8AB0235F3
:10448000079BFFF7B5BB08230027A3E7111D0D917C
:104490001BF480711068B0D01BF400711ABFC0B259
:1044A000214680B2A9E72BF0060B1FFA8BF90DF11C
:1044B000380B45E729F011091FFA89F934467CE7E2
:1044C0009146ABE75C4651E75C4676E7CDE90423CD
:1044D0004146039B202098470028FFF698AB049A9A
:1044E000059B01329245F1DC2C1BA5181446F3B153
:1044F000039B4146302098470028FFF688AB6FB9F0
:104500000135A9462E44A6EB09035B4521DC5D4637
:104510000EAE5DBBD944C3E65E4693E70235414625
:104520003846039B98470028EBDAFFF770BB40F250
:10453000064319EA030FE4D019F0020F14BF2B2031
:10454000202019F4806F05F10105414618BF2D2088
:10455000E7E7039B414630209847002809F101090D
:10456000D1DAFFF754BB00BF040A0300013D039BEF
:10457000705D414698470028CBDAFFF748BB039BA4
:10458000414620209847002805F10105FFF63FAB82
:10459000631B002BF3DC73E71FB502AB0093074AE4
:1045A0004FF0CC3307F0FDF9DDE90201C00840EA25
:1045B0004170C90805B05DF804FB00BFCDCCCCCC80
:1045C0002DE9F04F9BB0044605920A460A93C2F3C8
:1045D0000A559DF890300B93D20FC1F31303099243
:1045E000090D7DB950EA03021BD1059A302353719E
:1045F000099B156043F002031371012738461BB075
:10460000BDE8F08F40F2FF7295424AD10343099B07
:10461000059A14BF43F0080343F004031371002705
:10462000ECE700F0010208924FEA83080122AC4D4A
:1046300048EA907887009A461646C5F1000B58461E
:10464000069200F011FAB5F1FF3FACBF8146A0F130
:104650000109ABEB090B09EB05035846049300F085
:1046600009FA16A9A0F17D05584600F023FA12AB0D
:10467000069A0193A9EB050510AB02920093204620
:104680002B4616AA514607F0D1F8B9F1010F04469E
:104690000D4600F2D280089B002B40F0C580012718
:1046A0006BE043F4801A00F001024FEA8A080343EA
:1046B000A5F23545089248EA90784FEA800749D13B
:1046C00040F2FE7319420CBF01260026002D32462F
:1046D000B3DB284600F0C2F9032DC8BF01380490AF
:1046E00000F0C8F9049B7C305D1B054416A91846F0
:1046F00000F054FA12AB019310AB009320462B4606
:10470000029616AA514607F091F8049B152B044611
:104710000D4600F2868014AB724A009338464FF083
:10472000CC33414607F03DF9149B159A9B0843EAA8
:10473000827303EB8303BB42DDE9109A0CD1384648
:10474000414600F09FF9049B83428CBF002701275C
:10475000002612E00126B9E7089B002B51D1013F4A
:1047600048F1FF31B81B61F1000100F08BF9049BA7
:10477000089F83428CBF002601260B9B002B40F034
:104780009180DDF828B04FF00008CDE906884FF0A1
:104790000A0ADDE91001FFF7FFFE129B0E93CDE937
:1047A0000C0118461399FFF7F7FE0C9B0D9A0F9119
:1047B00098420B469341814680F08E8020462946E0
:1047C000FFF7EAFE0E9A0AFB09F3934214BF002694
:1047D00006F001060C9B10930D9BCDE911390F9B40
:1047E0001393079BB8F1000F14BF002707F00107D0
:1047F00001330AFB10485FFA88F8079304460D4618
:10480000C7E7B81C48F1000100F03CF9049B834263
:104810008CBF00200120B9EB00006AF10002CDE955
:10482000100200273E46A8E7109B119A013B42F177
:10483000FF32CDE9103201278AE7B9F13E0FF0D8F7
:104840004FF0FF33A9F1200003FA09F203FA00F058
:10485000C9F1200123FA01F102430A4303FA09F3E3
:1048600027EA030728EA020857EA08070CBF0127CE
:1048700000276DE700FB02FCA1FB0012013362443C
:104880008C4275EB020CF5D2049ADDF828B0134483
:10489000259A1344D20F9342B8BF13469B45A8BF35
:1048A0009B4670E70A21002201230846E8E70AFB3D
:1048B00003F0A2FB0A2301310344944275EB030089
:1048C000F5D2594510DDBBF1000F02D154EA0503C2
:1048D0000AD00123069371E70A2200230121ECE7A5
:1048E000CCFBFFFFCDCCCCCC002E2FD04FF00A0A52
:1048F000129B13990D931846FFF74EFE0D9B0C91DA
:104900000AFB00F29A42814620D1DDE91001FFF74F
:1049100043FE0E900D9120462946FFF73DFE0D9B6C
:104920000E9A1092CDE911390C9B1393079BB8F1A5
:10493000000F14BF002707F0010701330AFB1048DE
:104940005FFA88F8079304460D46D1E7DDF810902A
:10495000079B9944002F5AD0B8F1050F57D114F096
:1049600001034AD1069A32B9DDE912239D4208BFFC
:1049700094425FD0069B18194FF00A0445F10001DC
:10498000002201262546A04271EB020755D2EBB169
:10499000B3451BDA0B9B6BB1259ADDF828B006EB0B
:1049A00009031344012BB8BF01239B45A8BF9B46B5
:1049B0005E450BDD05304FF00A024FF0000341F178
:1049C0000001E7F74BFB09F10109013E5E45A8BF75
:1049D0005E4637B20FFA89F9059B09FA86F607F1A8
:1049E0000508013E98444FF00009B9452CDB059BB2
:1049F0001A461E60099B137100E6069B2BB9DDE980
:104A000012239D4208BF944209D00123B3E7069BBD
:104A100053B9DDE912239D4208BF944204D1089B9B
:104A2000002BF2D1002EF0D0B8F1040F94BF002378
:104A30000123A0E74FF00408F1E705FB02F7A4FB10
:104A4000054201363A449EE70A220023E7F706FBB7
:104A5000303208F8012D09F10109C6E7014B58432E
:104A6000800C704741340100014B5843000D7047E2
:104A7000FB2E0B00024B5843C00C0130704700BFA7
:104A80004F9312000A4A70B503464FF0CC3600200F
:104A90004FF0333506FB03F402FB0144A3FB023164
:104AA00021449D4275EB010401D30130F2E770BD52
:104AB000CDCCCCCC2DE9F04F1A23354EB0FBF3FA18
:104AC00003FB1A0389B004460D4606EB0A1653B9D8
:104AD000D6E90023C1E90023D6E90201C5E90201B4
:104AE00009B0BDE8F08F2B4A02EBC303D3E900897C
:104AF00004AB0093D6E902234046494606F051FF35
:104B000006AB0093D6E9002383460F46404649464C
:104B100006F047FFDDE9066216EB0B0652EB0708CD
:104B20004FF0000328BF0123814633B1049B059A4F
:104B3000013342F10002CDE9043220460391FFF730
:104B400099FF07461A2000FB0AF0FFF793FF3F1A70
:104B50003246434603990097484606F03DFF4FEA28
:104B6000141C0D4A640004F01E0352F82C40DC4073
:104B700004F00304241841F10001C5E90041DDE916
:104B8000042300973046414606F026FFA6E700BF03
:104B900088C50200B8C40200C8CF02002DE9F04F5A
:104BA0001A27DFF8E4A000F11905B5FBF7F56F430C
:104BB0003A1A4FEA051B89B004460E460AEB051562
:104BC0000AD1D5E90023C1E90023D5E90201C6E9EC
:104BD000020109B0BDE8F08F2C4B03EBC203D3E90F
:104BE000008904AB0093D5E902234046494606F00C
:104BF000D8FE5AF80B206B68013ACDE9020106A9EC
:104C000063F1000300914046494606F0CAFEDDE923
:104C100006528A4602996D18039952EB01084FF02B
:104C2000000328BF0123814633B1049B059A013359
:104C300042F10002CDE904323846FFF71BFF074678
:104C40002046FFF717FF3F1A2A464346009748467B
:104C5000514606F0C1FE4FEA141C0D4A640004F0F0
:104C60001E0352F82C40DC4004F0030401342418E5
:104C700041F10001C6E90041DDE90423009728461F
:104C8000414606F0A9FEA2E758C60200B8C40200D9
:104C90001CD0020038B5074D074C641BA41024B982
:104CA000064B0BB1AFF3008038BD013C55F8243002
:104CB0009847F4E70000000000000000000000003A
:104CC000704701F0F8B901F0FFB91FB50E24029446
:104CD000CC680194BDF81840009403F0E0F804B0EB
:104CE00010BD70B50D469DF81040064618462B784D
:104CF000E41AE4B2844228BF044611463CB122467D
:104D0000F01806F0FDFC2B781C442C7070BDBDE83B
:104D10007040EBF7C5BA01F0CEB910B543180020CA
:104D20008A4201D880B210BD13F8014B01312044F2
:104D300089B2F5E713B50A23009300231A46D4215C
:104D40000446ECF7A3F8204602B010BD1FB50A23B5
:104D50008DF80F1000930DF10F020123D2210446AC
:104D6000ECF794F8204604B010BD13B50A23009365
:104D700000231A460D210446ECF788F8204602B0BD
:104D800010BD7FB59DF820609DF824508DF80A2055
:104D900049BA9B000446ADF808109DF82800DBB224
:104DA0000EB143F008030DB943F0100308B943F006
:104DB00020038DF80C3000220A238DF80B2000937D
:104DC0002046052302AA3121ECF760F8204604B002
:104DD00070BD1FB59B008DF808108DF80A20110AD0
:104DE0008DF80C3000224FF47A738DF809108DF88D
:104DF0000B20009302AA052332210446ECF746F863
:104E0000204604B010BD836800EBC101B3F5004F2C
:104E10002CBF51F8220031F81200704700EBC1019D
:104E20008068B0F5004F2CBF41F8223021F81230D5
:104E3000704708B50122FFF7E6FFD04008BD836840
:104E4000B3F5004F00EBC10108D34B681AB143F032
:104E500001034B60704723F00103FAE74B881AB156
:104E600043F001034B80704723F00103FAE753003E
:104E70000122FFF7D3BF8368B3F5004F34BF04238B
:104E80000823C91A081AC00870478368B3F5004F91
:104E900034BF04230823481C0833A0EBD300B0FA26
:104EA00080F0C0F11F0070472DE9F0411746032242
:104EB0000E460446FFF7A7FF8642054607F10408A1
:104EC0000AD1E3680122BA4023EA0203E360002327
:104ED00044F82830BDE8F081314602222046FFF731
:104EE00092FF2B460646014644F8285020460322EE
:104EF000FFF794FF3346294620460222BDE8F041E1
:104F0000FFF78CBF70B50D4686680446FFF791FF2A
:104F1000B6F5004F014601D3012809D02046FFF71E
:104F2000B4FF294602462046BDE87040FFF7BCBFEB
:104F300070BD2DE9F0470546FFF7A7FF05EB800A96
:104F40008846DAF810900646B9F1000F1BD0032707
:104F5000DAF8104028462146FFF76BFF404507D39B
:104F6000324621462846FFF79FFF2046BDE8F087DE
:104F7000032221462846FFF746FF013FCAF81000EA
:104F800001D08145E4D1EB6801364FF0FF34B440E5
:104F90001C40EAD094FAA4F2B2FA82F2131D55F83A
:104FA0002340DEE72DE9F041144605460E46FFF7A3
:104FB00040FFA4EB0608371B07444246314628460B
:104FC000FFF755FF3A4621462846FFF750FF434674
:104FD000002221462846FFF721FF21462846FFF7F9
:104FE00028FF3B46211800222846BDE8F041FFF784
:104FF00015BF2DE9F041164604460F46FFF719FF8D
:10500000314605462046FFF714FF05442A46394637
:105010002046FFF72CFF31462046FFF70AFF2B46BC
:10502000311800222046BDE8F041FFF7F7BE2DE918
:10503000F0410D4686680446FFF7FBFEB6F5004FCB
:10504000014601D3012832D02046FFF71EFF04EBB2
:1050500080010E6996B9E368012282401343E36040
:1050600002220D612B4629462046FFF7D7FE032278
:1050700029462046BDE8F041FFF7D0BE0222314666
:105080002046FFF7C0FE2946034607462046FFF7A5
:10509000C5FE0322334629462046FFF7BFFE3946A8
:1050A0002B462046FFF7BAFE02223146E1E7BDE873
:1050B000F081F8B50C460546FFF7BBFE2618012225
:1050C00031462846FFF79FFEC3070CD431462846D9
:1050D000FFF718FF21462846FFF7ABFE21462218AE
:1050E0002846FFF786FF002221462846FFF78BFE61
:1050F000271A012239462846FFF785FE10EA0206E4
:1051000013D139462846FFF7FDFE21463246284690
:10511000FFF779FE2246211A2846FFF76AFF21464B
:1051200032462846FFF76FFE241A21462846BDE87E
:10513000F840FFF77CBF38B571B105682846FFF726
:105140009AFE0022044601462846FFF778FE2146D3
:10515000BDE83840FFF7ADBF38BD70B5056809B987
:10516000002070BDAB6801F00704B3F5004F2CBF01
:105170000822042207341444E40804EBD1049C42BE
:1051800028BF1C4621462846FFF7D3FE06460028C6
:10519000E6D001462846FFF74CFEA04209D9344428
:1051A000314628462246FFF7FDFE21462846FFF7F6
:1051B0003EFF284601223146FFF741FEAB68B3F5BA
:1051C000004F34BF0423082303EBC6031844C8E789
:1051D0001146FFF7C2BFB2F5802F2CBF082304236E
:1051E000D21A2DE9F0418C18CD1D25F0070524F0C9
:1051F0000704641B0026E40805602146AC60EE60ED
:105200002846FFF742FE421D9200013002F10707D7
:105210004FEAD707A2F110023146B8BF324605F176
:10522000100006F095FA3A4631462846FFF71FFE71
:105230003346324631462846FFF7F0FDA4EB070817
:10524000284631460122FFF7FAFD42463946FFF76C
:105250000EFE3B46324639462846FFF7DFFD214623
:105260002846FFF704FE4346324621462846FFF70C
:10527000D5FD214628460122FFF7E1FD3946BDE86C
:10528000F041FFF7D4BE2DE9F04706460D4617461C
:1052900098462BB398F8004093F80190DB78A4006F
:1052A00004EB430498F802301C4444444FF0000AD5
:1052B000CA4509D3D8F8042008F108033946304616
:1052C000AC46BDE8F047604714F8013B48F823407E
:1052D0002046EAF704FA013004440AF1010AE7E73C
:1052E0006FF01500BDE8F08770B50025024628462E
:1052F000144614F8013B0BB9184609E098B18D42E9
:1053000007D1702B04D0A3F140023A2A0BD8002019
:1053100070BDA3F140063A2E05D853780135941C90
:10532000002BE9D00020252B08BF80F00100224689
:10533000DEE70020704700F03BBE0FB407B504A9BC
:1053400051F8040B019100F033FE03B05DF804EB5B
:1053500004B070470FB407B504A951F8040B0191CC
:10536000FFF7E9FF03B05DF804EB04B0704710B538
:105370000369024613F0080009D11368D4689C42FF
:1053800097BF126AE31AD31A01200B6010BD0023E5
:105390001846FAE713B501A90446FFF7E8FF20B164
:1053A000019BE268013B13440193206A019BC01AF0
:1053B000013802B010BD10B5044650182269236AA6
:1053C000D20702D5013B184010BD984228BFC01A31
:1053D000FAE710B504460A46C168FFF7ECFF2369F7
:1053E000E06023F00803236110BD38B50D46C269A3
:1053F0008B00016843F0020342F821300446016843
:105400002A46FFF7D8FFE36861682060984202BF30
:10541000236943F0080323612A462046FFF7CBFFA8
:10542000606038BD2DE9F74FC768C6699B4606EB3B
:105430008703009316F8273003F00303022B04467A
:10544000884691464FF000030BD01360CBF8003034
:1054500023699B0713D44FF0000A504603B0BDE800
:10546000F08F56F8271013608908CBF80030EFD082
:10547000FFF7AFFFE368A3604FF0010AEDE7A36910
:1054800006EB8700984716F8272012F0010A054618
:10549000E1D012F002021FD0B8F1000F03D0414654
:1054A0002046FFF7A2FF61682A462046FFF783FFE8
:1054B000D4E902219142606006D12A462046FFF7D6
:1054C0007AFF4FF0000AA060A2682260E2602269C1
:1054D00042F008022261C0E7014620460192FFF730
:1054E00078FFE368A360B8F1000F04D02168E36996
:1054F000019A43F8212005EB0802CBF8002021682F
:105500002046FFF758FF2369206043F0080323611A
:1055100016F827306FF3000306F82730009BC9F810
:105520000030A9E770B504461546FFF744FF23682D
:10553000834205D12369216023F00803236170BDF4
:10554000E269AB0043F0020342F821302046616873
:105550002A46FFF730FF6060F1E738B503695B0763
:10556000044606D5456AFFF715FF85422CBF6562E4
:10557000606238BD38B50D4604461C22002106F095
:10558000E7F8EB68A361AB6863612B68E3616B6864
:105590002362002262622A6923B1591E194208BFA0
:1055A00042F001022261012204F128000021BDE83D
:1055B000384004F064BE2DE9F04F87B00025009319
:1055C000036A03958B4204460E4692460595A9460A
:1055D00039D3EFF3118B402383F31288BFF36F8F1E
:1055E000059AD8462AB129462046FFF79BFF00239B
:1055F000059304A92046FFF7BAFE0499B142074675
:105600002AD32268E36913F8221021F0030103F87A
:10561000221003EB8209216832462046FFF7CBFEB9
:10562000E3682060984212D0002788F31188BFF306
:105630006F8F039929B162690AB120469047002310
:105640000393002FC5D1484607B0BDE8F08F23690A
:1056500043F008032361E7E718B12046FFF7C5FED2
:10566000E3E7009B5AEA03021CD0019104F033FFE8
:105670000199B8B9BBF1000F14D187F31188BFF3BA
:105680006F8F009B524604F12800FBF7FDF8EFF303
:105690001188402383F31288BFF36F8FB0FA80F72D
:1056A0007F09C2E705AB03AA20462568FFF7BAFECB
:1056B0000746BAE770B50446836908460D46984721
:1056C0000246EFF31186402383F31288BFF36F8FF6
:1056D0002B7843F001032B7061682046FFF76BFEC7
:1056E00060602046FFF739FF86F31188BFF36F8FA4
:1056F00070BD2DE9F04104464027EFF3118687F392
:105700001288BFF36F8F236913F0080FA36802D1CB
:105710006268934200D9226AE169D21A32B986F3EB
:105720001188BFF36F8F4FF0000833E011F823208A
:1057300012F0030001EB8308F1D0022803D151F8E5
:105740002350AD0805D1D00712D4A369404698472D
:105750000546A1682A462046FFF72DFE2946A0608F
:105760002046FFF736FE86F31188BFF36F8FC4E73C
:1057700042F0020201F823204046A369A568984739
:10578000294602462046FFF716FEA06086F31188E0
:10579000BFF36F8F4046BDE8F081F8B504468369DA
:1057A00008460D4698470646EFF31187402383F3DA
:1057B0001288BFF36F8F2B786FF300032B70236970
:1057C0009B0705D5E268E36903EB82039D421AD18A
:1057D0002B786FF341032B70D4E90231994204D145
:1057E00032462046FFF7E7FDA06031462046FFF72E
:1057F000F0FD87F31188BFF36F8F04F12800BDE837
:10580000F840FBF707B82B6860F39F032B60F0E7C5
:10581000EFF31181402383F31288BFF36F8F036985
:1058200013F0080F836802D14268934200D9026ADC
:10583000D31A81F31188BFF36F8F181E18BF012090
:105840007047F0B564230546042600200A2769B98D
:10585000F0BD9A42B2FBF3F40CD2012B0AD048B946
:1058600003FB1422D2B20A24B3FBF4F3013EF0D1BD
:105870002E70EDE7303405F8014BB2FBF3F401393B
:1058800003FB14220130B3FBF7F3C9B2C0B2D2B2AA
:10589000DBB2DCE7A0F13003DBB2092B02D80B70DE
:1058A00000207047A0F16103052B02D85738C3B21E
:1058B000F5E7A0F14103052B01D83738F7E76FF082
:1058C00015007047F7B5054601F0010000EB5106E1
:1058D0009E424FEA510703D90026304603B0F0BD7F
:1058E00058B128780DF10701FFF7D4FF0028F3DB4A
:1058F0009DF8073002F8013B013501351744BA42E3
:10590000EBD015F8010C0DF10701FFF7C3FF0028DC
:10591000E2DB9DF807402401E4B2147015F8020B95
:10592000FFF7B8FF0028D7DB9DF807301C4402F8CA
:10593000014BE4E7038B13F0070305D10368002B49
:105940000CBF002003207047022B05D1408BB0FA1A
:1059500080F0400980007047012B05D10368002BBF
:105960000CBF0020052070470020704710B50C4682
:1059700000B111B96FF0150010BD081D00F093F8CB
:105980000028F9D1A368032BF6D9F3E72DE9F041FC
:105990000D4607461946281D90461E4600F097F80A
:1059A000044638B13346424629463846A446BDE847
:1059B000F0416047BDE8F08110B4EFF3118240245C
:1059C00084F31288BFF36F8F416110BC0121EBF7A4
:1059D00073BF38B50C46054658B151B10B6843B199
:1059E0004B6833B11C22002105F0B2FE2C6100206F
:1059F00038BD6FF01500FBE770B505460E46FFF7A2
:105A0000B5FF041E14DBEFF31182402383F31288E9
:105A1000BFF36F8F6B8B2C8B4FF6FF718B4204F0B3
:105A2000070407D182F31188BFF36F8F6FF00A0468
:105A3000204670BD022C0CD101336B8382F3118898
:105A4000BFF36F8F0023224631462846FFF79EFFA3
:105A5000EEE7062C14D8DFE804F004131313041A3D
:105A60000400002333606B683BB9C5E90066ACB93C
:105A700002212846EBF720FFDAE71E606E60F6E7AA
:105A800082F31188BFF36F8F6FF00404D0E782F3C5
:105A90001188BFF36F8F6FF08504C9E782F3118817
:105AA000BFF36F8FC4E7034640B1426802F00302C0
:105AB000022A06D0032A04D0012A05D06FF015006F
:105AC00070471A68002AF9D000209860704710B516
:105AD0004268816002F00302022A03464FF000048C
:105AE00007D0032A02D05C60002001E018685C60E7
:105AF00010BD18685C600028F6D0FCF71FF8F3E7CB
:105B0000704770B4C6680468806A0D0C06FB0544D3
:105B100014FA81F184682468A44670BC60472DE9BA
:105B2000F0431C46C36A1D686D4289B0064688462C
:105B3000174605F020051CB9204609B0BDE8F083E2
:105B4000AC42A14628BFA9464B466A46414630466C
:105B5000FFF7D7FF0028F0D16B46484502D1241A41
:105B60008044E8E713F8012BBA4201D10130F4E791
:105B70000120E2E70B6803F580330B60008A1A0C02
:105B8000B0EB134F04BFA3EB02430B60704738B573
:105B9000C26803680D0C090C04462D04806A02FBE0
:105BA000013100F057FC50B9E26AE36852792946A6
:105BB0002046FFF7B4FF002818BF6FF0050038BD7E
:105BC00010B5014604460722FF20F6F7A5FCE07158
:105BD00010BD0A46012100F06EBA0368012B81BF97
:105BE000C91801F1FF315B421940084670472DE9A1
:105BF000F0410C4605460821C06AFFF7EEFF072278
:105C000007462146FF206688B4F80480F6F784FC36
:105C1000E379834208D1E8684644C01BB04294BF90
:105C200000200120BDE8F0810020FBE738B50546E3
:105C30000C46FFF7DCFFA0B1A08898B922884FF688
:105C4000FF739A420DD1E86A0821FFF7C6FF628808
:105C5000EB689B1AB3FBF0F202FB1030B0FA80F055
:105C6000400938BD0020FCE7F7B504460D46C06A80
:105C70000821FFF7B2FF2968074608232046FFF7EF
:105C800040FF0646002836D12B683B442B60E26873
:105C900099B2D21B91422ED11A0C03BF228A02F173
:105CA000FF3203EB0241A3F58031296008236A46E5
:105CB0002046FFF726FFE8B9E36A5A796B4613F8E6
:105CC000011B8A420CD101300828F8D1636805E035
:105CD0002B68BDF802201B0C1B0413442B600AE048
:105CE00069462046FFF7A2FF0028F1D12946204649
:105CF000EBF7F0FE0646304603B0F0BD2DE9F04369
:105D0000074689B090461C461BB9002009B0BDE883
:105D1000F083FD683B68080C05FB003313FA81F63D
:105D2000FB6A1D686D4225400CD0B86A8368314615
:105D3000D3F804902B46C8470028E7D1641BE4D071
:105D40002E44A84422464146684605F0D9FCFD6A27
:105D50002A686979121B0DEB040005F0F9FCB86A9A
:105D60002B688268314654686A46A047CEE710B572
:105D70000A46082341680446FFF7C0FF082102468F
:105D8000E06AFFF72AFF63681B1A6360104610BDC4
:105D900013B54FF6FF7300220446ADF800308DF8BE
:105DA00006308368ADF804206846ADF80230FFF78E
:105DB00007FF69462046FFF7DAFF02B010BD2DE964
:105DC000F04F044695B0C06A0821FFF706FF6368EC
:105DD0001B0C1B04054603A920460393FFF7CAFECC
:105DE000DDF80CB0E6685E44761B06AA082331464F
:105DF00020460496FFF785FE021EC0F2A980E36AE2
:105E000006AA5979002312F8010B814240F08F80D5
:105E10000133082BF7D1A36862682B449A427ED2E3
:105E200059462046FFF7B3FE024691E0BDF81A300E
:105E3000360C36041E44049608AA04A92046DDF850
:105E400010A0FFF711FF0246002840F0818008A94A
:105E50002046FFF7CCFE18B9019B9A45ECD1DAE752
:105E6000636805930AAA05A92046059EFFF7FCFE74
:105E7000024600286CD1BDF82820BDF820309A4297
:105E800027D06268059B9A42ECD15645E4D1BDF813
:105E90002430002BE0D0BDF822704FEA1A431B04D7
:105EA0001F4408A8A368ADF82230FFF789FEE36A13
:105EB000BDF824901E68764206F02006B9F1000F66
:105EC0000ED108A92046FFF752FF02460028C3D092
:105ED0003EE00AA92046FFF78AFE0028D1D0D4E789
:105EE0004E45B04628BFC8460CAA43463946204610
:105EF000FFF707FE024658BB4346A1680CAA20469E
:105F0000FFF7FCFE41460246E06AFFF766FEA36823
:105F10000344A360E2B9A9EB08094744CEE7204651
:105F2000FFF736FF024600283FF47AAF10E0731BFC
:105F300006A920460193FFF779FE00287FF476AF8B
:105F400004A92046EBF7C6FD024600283FF474AFD3
:105F5000104615B0BDE8F08F00231A46EBF7A2BF3C
:105F600013B500240094ECF773F802B010BD037869
:105F70005B075FBF03684288C3F34A2303EB121039
:105F80005DBF173020F00700800800207047002018
:105F9000704703F080B90346BFF35B8F53E8000FEF
:105FA000421C43E800210029F8D1BFF35B8F704702
:105FB0001FB50023CDE90201CDE900331A46194689
:105FC0001846ECF7D5FB05B05DF804FB0120ECF7B3
:105FD0007DB9002070474368DA71436819604368EF
:105FE00001225A71ECF764B970B515460C4669B1D7
:105FF000D2E901369B1B99420AD813680A4601462A
:10600000981905F07DFBAB682344AB60204670BD5A
:106010006FF01B00FBE770B50E46154619460446A7
:1060200018B9BDE87040ECF751B933B1C2F34A2357
:106030001030120D184405F063FBC4E900562046E9
:10604000BDE87040ECF7F0BA2DE9F3415F1C4FEA70
:106050008708064608F1170020F0070080080C4664
:106060001546ECF7B5F90023ADF805308DF807308B
:106070008DF8047068B10346019A43F8102FA8F117
:1060800004012A46294452F8045B43F8045F8A421B
:10609000F9D1A20102F4E07242EA482222F07F42E2
:1060A00022F47002002322F03F02314602B0BDE824
:1060B000F041FFF7B0BF07B50123019201AAFFF736
:1060C000C3FF03B05DF804FB07B5CDE9002302234D
:1060D0006A46FFF7B9FF03B05DF804FB1FB5CDE9D1
:1060E0000123069B039301AA0323FFF7ADFF05B02D
:1060F0005DF804FBF8B506460D4614461F4604B984
:10610000F8BD214628463A46B047241A0544F6E72A
:1061100010B5426881680446D2E900230068FFF7A1
:10612000E9FF636800221A6010BD38B54B681A6831
:10613000CB689A4205460C4602D10846FFF7E8FFB5
:106140006368BFF35B8F53E8002F511C43E80010D6
:106150000028F8D1BFF35B8FA3689D54002038BDA1
:106160000A2838B504460D4602D10D20FFF7DDFFA1
:1061700029462046FFF7D9FF002038BD2DE9F0431E
:10618000054687B008460E8891F80090D1F808803F
:106190000C461746ECF73CFB011EC6F38216C9F30A
:1061A000C2091EDB4846ECF751FA034621466088D7
:1061B00051F8102B0196C2F34A22002A01EB020487
:1061C000C0F30B1008BF00210022CDE90407CDE980
:1061D0000214009241462846ECF746FB07B0BDE8A2
:1061E000F0830023E2E7704770B54C680368A34270
:1061F00001D2012070BD8A682244934201D300205D
:10620000F8E7D1E903254E69B54203D36FF00B03DC
:106210008B61F4E71B1B42F835304368086902EBD9
:10622000C00253600B6901330B61E2E737B50C46DE
:10623000C0B201A91546ECF75FFD00280CDB019800
:1062400050B121462A46ECF77DFD04460198FFF740
:10625000CAFF204603B030BD6FF01504F9E70020F7
:10626000ECF7BCBD00221146ECF786BD034610B525
:1062700008460AB10021116053B1D0B1411E11F896
:10628000010F80B113F8014BA04201D13D28F6D196
:1062900000200EE0013313600AE03D2808D0B0FA78
:1062A00080F0400905E018782F28F6D1002AF1D1B6
:1062B000012010BD10B509B100230B6058B1034691
:1062C0001A781C4601332AB13D2A03D02F2AF7D170
:1062D00001B10B60201A10BD0021ECF7D3BE0830CD
:1062E000704710B5134614460A4681880068FFF7C8
:1062F00037FEA042A8BF204610BD2DE9F04F97B051
:10630000044601929A46894600297CD0DAB1BAFA4D
:106310008AF67609258F0135ADB2A84604F1080B3F
:106320006F1EBFB2B7F5004F26D04A2303AA3946E5
:106330005846FFF715FE002807DA10F1020F08BFD4
:10634000B8463D46ECE70126E4E700F158030DEBC3
:106350000300002300F84C3C03A94846E9F7ADF9D7
:106360000028EED126B339465846FFF7F5FD002840
:1063700005DA17B0BDE8F08FBEB30020F9E705F5E8
:106380007F513F3189B25846FFF7E6FD0028F0DB28
:10639000238FBB42F1D12246013B22F8383F4FF414
:1063A000004102235846EBF77DFD00EAE070E0E78C
:1063B000B846B8F5404F29D0238F434504F108056E
:1063C00015D308F58041019A534689B22846EBF768
:1063D00069FD0028CDDB002ECFD04846E9F77FF9D4
:1063E0004A46034641462846DDE70126E1E72246C4
:1063F000022322F8388F4FF400412846EBF752FD74
:106400000028DEDAB5E76FF01500B2E76FF00B0099
:10641000AFE773B5C36B03630446C3B100F108066D
:106420003046EBF7B5FB054670B902230DF10602C5
:106430004FF400413046FFF793FD0028ACBFBDF894
:1064400006304FF400432387284602B070BD6FF03A
:106450001205F9E72DE9F0418768FB6804460D460F
:1064600016469847BB682BB1324629462046BDE800
:10647000F04118476FF05700BDE8F08105F068B9AA
:1064800005F03EB901460068ECF722BF08B5ECF70D
:106490007BFFBDE80840ECF79BBF0A460121FFF7F0
:1064A0000ABE00210120ECF713BF6FF08500704792
:1064B00061B662B680F31188BFF36F8F704772B612
:1064C000002383F31188BFF36F8FBFF34F8F30BF6B
:1064D00062B6BFF36F8F704772B6002383F31188E3
:1064E000BFF36F8FBFF34F8F20BF80F31188BFF3CF
:1064F0006F8F62B67047202809D9B0F1004F08D8D5
:106500000138B0FA80F0C0F11F0040007047082049
:1065100070473E20704708B5D1E904319847002004
:1065200008BD08B5EDF7EEFC002008BD704700235C
:1065300003824369C3607047416A8968EDF74EBDC5
:10654000EFF31182402383F31288BFF36F8F002390
:106550000B60436833B9C0E9001182F31188BFF3BF
:106560006F8F704719604160F7E710B50346EFF38E
:106570001181402282F31288BFF36F8F006828B127
:106580005C6802681A60A04208BF5A6081F31188F3
:10659000BFF36F8F10BD027A01320272704703465B
:1065A00018465B68002BFBD17047426810B52AB1D2
:1065B0000B461C465B68002BFBD16260416010BD3E
:1065C00010B5044620B90B7A01330B72084610BD92
:1065D000034618465B68002BFBD1FFF7E6FF204619
:1065E000F5E783680B440360704703680B604368FA
:1065F0004B6083688B607047838802681944818090
:10660000D018704730B484880568A318838028198F
:1066100030BC05F075B810B5838802685C1C8480B6
:10662000D154D01810BD034600689A88401A11440E
:106630001860998070470268531E03608388013395
:10664000838002F8011C70478288521A03468280B8
:106650000068084418607047034600689A88521A18
:1066600001449A801960704710B503681C780121B5
:10667000FFF7EAFF204610BD10B503681C88022111
:10668000FFF7E2FF204610BD02688068101A7047CD
:106690008388C2888168D21A03685B1AD01A70474F
:1066A00030B585B014460A888B78ADF800200546D1
:1066B0000D2200210DF103008DF8023005F048F89D
:1066C0006A466946284602F078FE28B9BDF80020DF
:1066D0009DF802302280A37005B030BD13B50C4682
:1066E00001AA0331FFF7DCFF48B9032201A92046C4
:1066F00005F036F8B0FA80F0400902B010BD002075
:10670000FBE770B50D4600210446FFF7D3FD0D28C9
:1067100018D1237B302B13D0312B13D1012305F853
:10672000063B04F10C062A462046012302210234CE
:10673000FFF7C8F8B44205F1FF35F4D1002070BD71
:106740000023ECE76FF01500F9E70020704710B563
:106750000C46017822788A428AB00FD06946EDF75C
:1067600059FF05A92046EDF755FF10220DF115013F
:106770000DF1010004F0F4FF0AB010BD012A06D0AB
:10678000022A07D072B940886388C01AF4E74068CB
:106790006368FAE71022611C01300AB0BDE81040BE
:1067A00004F0DEBF6FF01500E6E7042A0AD0102AD5
:1067B0000DD0022A4FF0000315D103700B884380DF
:1067C00001207047012303700B684360F8E7022340
:1067D00000F8013B01F1100351F8042B40F8042BA1
:1067E0009942F9D1ECE718467047012310B506210C
:1067F000044600F8013BF8F74DFA18B9A37963F0A5
:106800003F03A37110BD0B6803608B8883808B7975
:106810008371037823F00203037070470078C0F39C
:106820004000704738B50446807AEDF7ADFB6169EA
:10683000054649B1637ADB0704D4436A1B682046E6
:106840009B6898470023636121462846BDE838408D
:1068500003F007BD2DE9F04101F10C080C46054697
:1068600000F10C01404617461E46FFF7BEFE4046AB
:10687000FFF70AFF012310FA87F068826B722F82FC
:1068800039464046FFF7E0FEE3687360628A002302
:10689000E3607281638234602846BDE8F08138B5D8
:1068A000D1E90032DA600B684A895A820C46054603
:1068B0000868EDF711FC20461022002104F048FF83
:1068C0002846BDE83840FFF7ADBF438A23B9C0680A
:1068D000B0FA80F04009704700207047D0F8A4302B
:1068E00083B15A7BD1070DD5D2060DD51B7B102B5A
:1068F00014BF032304234372807A98428CBF002084
:10690000012070470223F6E70323F4E70F2807D896
:106910000D280BD8052808BF032018BF0220704798
:10692000132803D01A2808BF0120F6E7012070477A
:10693000FFF7C1BB10B50346BFF35B8F53E8000FF1
:1069400040EA010243E80024002CF7D1BFF35B8F3B
:1069500010BDFFF7B9BB0B4601461878EDF70ABF2B
:10696000BFF35B8F50E8003F0B4040E80032002A45
:10697000F8D1BFF35B8F7047C0F307231070000E90
:106980005370D0700023C1F30720090E9370137168
:1069900050719371D171704738B504460D46EEF7CA
:1069A00023F95F3005D129462046BDE83840EEF78F
:1069B0001BB838BD10B5EFF71DFE6FF480710446AB
:1069C0001030FFF7CDFF2046BDE8104000F05CBA64
:1069D000C368DB78012B01D1FFF7ECBF7047C368B8
:1069E000DB78012B01D1FFF7E5BF7047002070472E
:1069F00010B503884288934219D8052B17D9B2F5F0
:106A0000486F14D88388B3F5FA7F10D2C088A0F1FC
:106A10000A0189B240F67644A14208D801339BB2FC
:106A20005343B3EB800F34BF0120002010BD002082
:106A3000FCE70020704708B5F5F786FB18B1C08960
:106A4000003818BF012008BD70B506460D464FF04E
:106A5000FF304FF0FF31EEF7AFFB044618B9BDE849
:106A60007040EDF78DBF03210C30FFF7C5FD0680A8
:106A70008570214642F22100BDE87040EEF7A4BCCB
:106A800070B506460D464FF0FF304FF0FF31EEF780
:106A900093FB044668B103210C30FFF7ADFD06807F
:106AA000857021460022BDE8704040F20640EEF7B6
:106AB00009BE6FF0680070BDC368187808B1EDF7C3
:106AC000B7BF1846EEF796BF38B54FF0FF31054611
:106AD0004FF0FF30EEF770FB044668B102210C3036
:106AE000FFF78AFD2B88038021460022BDE838404D
:106AF00042F21600EEF7E6BD6FF0680038BDF8B55B
:106B000007460E464FF0FF304FF0FF311546EEF7C7
:106B100053FB044678B106210C30FFF76DFD3B882E
:106B200003804680858021460022BDE8F84042F27D
:106B30002200EEF7C7BD6FF06800F8BD2DE9F04701
:106B4000814688464FF0FF304FF0FF319DF820A07E
:106B500017461E46EEF730FB0546A0B107210C3064
:106B6000FFF74AFDB9F80030038080F80280C77053
:106B70000671A0F805A029460022BDE8F04742F2C0
:106B80003200EEF79FBD6FF06800BDE8F08708B5F2
:106B900000200021EEF72AFD18B1BDE80840EEF70D
:106BA0000DBCBDE80840F0F747BC08B5072204F06B
:106BB000D7FDB0FA80F0400908BDFFF77CBA0B683A
:106BC00003608B8883808B7983717047BFF35B8F01
:106BD0000068BFF35B8F7047F8B50F46144638BBAB
:106BE0004FF0FF304FF0FF31EEF7E6FA054610B3F5
:106BF00027210C30FFF700FD3946FFF7E0FF06467E
:106C00002246C31D04F1100152F8040B43F8040B93
:106C10008A42F9D11022002106F1170004F098FDF4
:106C200029460022BDE8F84042F22700EEF74ABDAF
:106C30006FF01500F8BD6FF06800FBE7037A5B07A3
:106C4000024605D501462A3211F8010BFFF7C4BFF1
:106C5000704738B54FF0FF3105464FF0FF30EEF783
:106C6000ABFA044658B129460C30FFF7D4FC214654
:106C70000022BDE8384042F22D00EEF723BD6FF050
:106C8000680038BD10B400F11003BFF35B8F53E808
:106C9000002F22F4005143E80014002CF7D1BFF379
:106CA0005B8F930403D510BC012100F0EBB810BC3E
:106CB000704770B5044686B00E4601300131FFF7CB
:106CC00074FF2A34162200210546684604F040FD70
:106CD00010226946204604F043FD40B1102206F11F
:106CE0002A01204604F03CFD002808BF0125284663
:106CF00006B070BD38B54B6805460C4673B90B7AC3
:106D000013B9037A5B0709D520682A7803789A4279
:106D100004D02946FFF7CDFF00B1656038BD00F112
:106D2000100208B503461046FFF750FFC10511D504
:106D3000BFF35B8F52E8000F40F4005042E80001BF
:106D40000029F7D1BFF35B8F18460021BDE808404A
:106D500000F098B808BD10B50C4630B919B1F5F778
:106D6000B1F900B1441C204610BD0024FBE718B166
:106D700011B10846EEF7ECBF6FF01500704713B580
:106D8000044680B106216846F7F784FF48B99DF8AC
:106D90000530694603F03F0320468DF80530FFF7C4
:106DA000E6FF02B010BD6FF01500FAE7003818BF1B
:106DB00001207047037AD90704D523F00103037239
:106DC000EFF758B9990704D523F002030372EFF7E0
:106DD0006BB9704700207047034610F4004F0CBF9A
:106DE00007200620DA0348BF00F005009B0348BFD8
:106DF00000F0FB007047BFF35B8F0068BFF35B8F51
:106E00007047012303FA01F15AB1BFF35B8F50E8D9
:106E1000003F0B4340E80032002AF8D1BFF35B8FFC
:106E20007047C943BFF35B8F50E8003F0B4040E819
:106E30000032002AF2D0F7E770B5064686B00D465C
:106E40004FF0FF304FF0FF31EEF7B6F90446B0B126
:106E50000C3095B10121FFF7DEFB06F1100203A90A
:106E6000204600950823EEF795F90022214642F2CC
:106E70000A00EEF727FC06B070BD2946EBE76FF07D
:106E80006800F8E7FFF7D8BF183003F0D4BA0368FA
:106E9000D90444BF43F48063036003689A0444BF89
:106EA00043F400630360704701F12003013813F8D5
:106EB000012D00F8012F8B42F9D1704700230B60A0
:106EC000436813B9C0E90011704719604160704709
:106ED000D0F8B400003818BF01207047084689690F
:106EE0001160C2691A60C27A0021183004F030BC07
:106EF000FFF7EAB810B50346BFF35B8F53E8000F06
:106F000040EA010243E80024002CF7D1BFF35B8F75
:106F100010BD437B072B01D1EFF75CBF70472438CE
:106F2000EFF7E4BF036800220BB9184670478B42A5
:106F300010D10B6842B942680360914200D14360AE
:106F400000230B600120704713604368994208BF1B
:106F50004260F5E71A461B68E6E710B5044600698B
:106F600018B1EDF7B9F80023236110BD10B5BFF3D8
:106F70005B8FD0F8C830BFF35B8F00F1C8027BB1E4
:106F8000BFF35B8F591C52E8004F9C4204D142E88A
:106F9000001CBCF1000FF6D1BFF35B8FE7D110BD31
:106FA0001846FCE710B5437B023B0446062B16D877
:106FB000DFE803F009041515150B09000173002122
:106FC0002046F0F7DFF8002010BD0088FFF758FDDD
:106FD0000028F9D1637B072BF5D10821F0E76FF08A
:106FE0007F00F1E710B50446D0F8A40028B9207A54
:106FF00004F17001F5F7A8F838B1E278C3892AB92D
:1070000013F0210F14BF0120002010BD13F0240F36
:10701000F8E738B58378012B044629D1437B072B49
:1070200029D10B0601F07F050BD54FF40041043048
:10703000FFF760FFA5722046F4F7E8FAA8B9002030
:1070400038BD437AAB42FAD2837AAB42F7D2BFF370
:107050005B8F031D53E8001F21F4004143E8001239
:10706000002AF7D1BFF35B8FE4E7637AA372E7E707
:107070006FF01500E4E76FF07F00E1E78378012B04
:107080000CBF407A0020704738B5037A8B42044623
:10709000154615D100F170010722284604F060FB67
:1070A00080B1E378072243B904F17E01284604F059
:1070B00057FBB0FA80F0400938BD04F17701F5E7DD
:1070C0000020F9E70120F7E78378012B0CBF70302F
:1070D00000207047F8B507460D464FF0FF304FF0DF
:1070E000FF31EEF769F80646D0B10E210C30FFF7FC
:1070F00083FA0E220446002104F02AFB3B882380F9
:107100002B8863806B88A380AB88E380EB88238126
:1071100031460022BDE8F84042F21300EEF7D2BA41
:107120006FF06800F8BD704710B50446FAF7BEF876
:10713000234653F8482BD2F8B41061B9A164D2F8B1
:10714000B81061B9C2E92D33FAF7C4F82068BDE878
:107150001040EFF7F3BF8B42F6D00968EDE70B6004
:10716000C2F8B830F0E703682BB141681A680260D2
:107170008B4208BF4260704770472DE9F843446B6B
:10718000002C55D054F8085905B1083D002701E0FE
:107190002C461D46D4E900682EB3FAF787F8D6F8D6
:1071A000B43004F14801002263B1994232D1A36C9A
:1071B00042BBD6F8B820C6F8B430914201D1C6F827
:1071C000B830A764FAF786F804F1300900220023EA
:1071D0004846F9F7EDFA0646F8B9D8F804300BB18D
:1071E000204698472760E3680BB120469847D8F8B7
:1071F00020300BB120469847D5B1AB68002BC7D0E3
:10720000083BC5E71360D6F8B830994208BFC6F806
:10721000B820D6E71A461B68C6E7B36923B1F169FF
:1072200020686FF06D0298473046ECF755FFCDE7C8
:10723000BDE8F88338B5436B0D46BBB1184650F82E
:10724000084904B1083C53F8043C9B680BB129463B
:1072500098475CB12046A468436824B19B68083C09
:10726000002BF4D1F6E79B68002BF0D138BDF8B5C0
:107270000F4600210546164600234FF4803208468B
:10728000F0F71EFD044620B92846BDE8F840F0F7A7
:10729000E3BC04210C30FFF7AFF90570477046805E
:1072A0002046F8BD406B30B1838B8B42A0F10800C3
:1072B00001D08068F7E7704710B54AB989B2FFF787
:1072C000F1FF28B143689B6913B1BDE8104018472E
:1072D00010BD38B50D460521FFF7E4FF00231A461F
:1072E0002946F0F707FD044610B12846ECF7F4FEF6
:1072F000204638BD406B30B183898B42A0F1080035
:1073000001D08068F7E7704770470346006828B1EE
:10731000596802681A60884208BF5A60704703467D
:10732000002003B970471A8A5B681044F9E710B56A
:10733000D4682378023113B92170012010BD8B422B
:10734000FBD0038A023B038200201061F6E7FEF7C0
:10735000B2BE2DE9F04104468868FFF7E0FF638D77
:10736000628B934228BF134683420D461DD3A1650D
:10737000D1F8088000278F60F9F798FF4146204632
:10738000F0F7B4FE064638B1C5F80880A765F9F7EE
:10739000A1FF3046BDE8F081618D638B994228BF23
:1073A0001946284600F0F1FEF1E76FF07906F0E7A4
:1073B00073B51446014605464FF49572206800F0F7
:1073C00039FE207530B92068294600F0E1FE20B969
:1073D00008232375002002B070BD237AB3B1A3F156
:1073E0001802534253419B000193638A0093AE6895
:1073F000238AE26820682946B047002808DB238AF0
:1074000098420CD1002323750120E4E70223EBE727
:1074100010F1FF0F03D34042C0B22075DAE70E200F
:10742000FBE71FB5CDE90123002300931A46F2F7CD
:1074300065FD05B05DF804FB38B504460D46F0F770
:1074400055FE30B1294604F15C00BDE8384002F039
:10745000FDBE38BDF8B59368166805460F4614465C
:1074600063B9506801210C30FFF7C6F8A0602B68A3
:107470001B78002B14BF022301230370A3681B7821
:10748000012B03D0022B1FD000201CE02B681B789F
:10749000002BF9D1606804210C30FFF7ADF8E060F3
:1074A00007802A68E36852885A806168728D738BFE
:1074B000088A9A4294BFC0EB0200C0EB0300042884
:1074C00094BF00200120F8BD2B681B78022BDBD174
:1074D000606812210C30FFF78FF8E06007802B689E
:1074E000E268591C0232113351F8040B42F8040BC4
:1074F0009942F9D16168728D738B088A9A4294BF60
:10750000C0EB0200C0EB03001228D9E770B4056895
:107510006A6A52B3136803B1A83BA2F1A80400221F
:10752000114600E0A83B844207D0668D648BB142CF
:1075300038BF3146A24238BF22461C462BB1D3F891
:10754000A830002BEED18442EFD1438D408B8B428B
:1075500001D890420BD9824238BF0246994228682E
:1075600038BF194670BCF3F723BA1146EDE770BC7B
:107570007047D0680378043113B901700120704757
:107580008B42FBD091680B8A0020043B0B82106178
:10759000704770B504460E46002200230846F9F7EE
:1075A00007F9054658B101462046F0F79FFD04460D
:1075B00018B12946304602F054FE204670BD6FF0E7
:1075C0000104FAE72DE9F04F044685B010469046D5
:1075D0009946FFF7A4FE638B628D934228BF134642
:1075E00083428B4640F29380636803934046FEF7E4
:1075F000D6FF4FF0000A06464046FFF790FE628B2A
:10760000638D06F10C079A4294BFC0EB0205C0EBF4
:1076100003053846FFF73CF8854217D24046FFF78E
:107620007EFE628B638D9A4294BFC0EB0205C0EB75
:1076300003058DBB98F80A00ECF7A6FC0022002396
:10764000FEF77AFF064630B9574636E03846FFF770
:107650001FF80546EDE701464046FEF7B1FF4046FC
:10766000FFF75DFE628D638B06F10C079A4294BFB3
:10767000C0EB0205C0EB03053846FFF709F8854269
:107680001FD24046FFF74BFE628D638B9A4294BF38
:10769000C0EB0205C0EB0305F168328ACDF800901B
:1076A000DBF8047003980A44ABB25946B847071E8A
:1076B0000CDABAF1000F18BF5746384605B0BDE8DE
:1076C000F08F3846FEF7E4FF0546E5E70E9BB3B9B9
:1076D000394606F10C00FEF78FFF4046FFF71FFE0C
:1076E000638D628B934228BF1346B9448342BA44E8
:1076F0001FFA89F9A8D9AF423FF47EAFA4E70F9AE9
:107700000E9B3946304698470028E1D19CE7002778
:10771000D3E70368002203B970478B420FD10B688F
:107720003AB942680360914200D1436000230B6084
:10773000704713604368994208BF4260F6E71A46F3
:107740001B68E8E7BFF35B8F50E8003F43F0080297
:1077500040E800210029F7D1BFF35B8FC3F3C000DD
:1077600070472DE9F041064690461F460D46B9B1D7
:1077700004220121F0F7F2FD044618B9BDE8F041FA
:10778000F0F72ABD04210C30FEF736FF0570A0F893
:107790000180C77021463046BDE8F041FFF74CBE7E
:1077A000BDE8F08137B50C46054601F10C00FEF747
:1077B00063FF228A0192E26800920346132212219B
:1077C0002846F0F721FE03B030BD37B50C4605461C
:1077D00001F10C00FEF750FF228A0192E26800924C
:1077E0000022034611462846F0F70EFE03B030BDD6
:1077F0002DE9F3411768D7F804800023144613736A
:10780000014606469522404600F014FC05462073CA
:1078100030B93146404600F0B9FC28B9082323733B
:10782000002002B0BDE8F081CDE900553146A388C3
:10783000A2683846FFF7C6FE002807DA10F1FF0FEE
:1078400026BF4042C0B20E202073E9E70120E8E7DE
:107850002DE9F3411768D7F8048000231446137309
:10786000014606469522404600F0E4FB054620739B
:1078700030B93146404600F089FC28B9082323730B
:10788000002002B0BDE8F081A068798D7A8B038A70
:10789000914294BFC3EB0103C3EB0203012BEFDD65
:1078A00002210C30FEF7A8FECDE900558046A388E2
:1078B000A26831463846FFF785FE031E06DA13F14B
:1078C000FF0F26BF5B42DBB20E23D8E7A8F80030DB
:1078D0000120D6E707B5CA681388528800920C21A8
:1078E0000D22F1F7AFF803B05DF804FB07B5CB68E4
:1078F00000221B8800920A210B22F1F7A3F803B0A3
:107900005DF804FB2DE9F041CB681F88BBB2162B54
:1079100005461BD90321F0F751FF0646C0B10221ED
:107920000C30FEF769FE00244FF0410880F800801B
:10793000447031462846FFF77FFD2846A5F81A8097
:107940006F85FFF7E3FD2046BDE8F0810420FBE7EB
:107950000E20F9E7F8B50546071F00F1500350F86F
:10796000044CBFF35B8F53E8001F21F0040143E890
:107970000012002AF7D1BFF35B8FFCB16B6D83B9A6
:10798000636873B1201DFFF7C0FC06460146384608
:10799000FFF7DFFC90B163683360A368666003B9EA
:1079A000A66005F158013846FFF7F3FD30B104F148
:1079B0000C013846BDE8F840FFF7EBBDF8BD2DE9F6
:1079C000F041446A074634B354F8A86906B1A83EAA
:1079D00000231D4607F1040801E034461646A26D57
:1079E00092B905B983B94046FFF78FFC054650B1FF
:1079F00001462046FFF7ADFC68B17B682B60BB6891
:107A00007D6003B9BD6023462EB1D6F8A820002AB8
:107A1000E3D0A83AE1E7BDE8F08138B5BFF35B8F6A
:107A20000B68BFF35B8FDB07054616D550F8040CD7
:107A300098B16B6D8BB90430FFF767FC044660B1F9
:107A40000146281FFFF785FC38B155F8043C5A68F9
:107A500022609A685C6002B99C6038BDF2F7CEB9CA
:107A60000A8AC9680023F1F707BB70B50E46F1F723
:107A7000E5F9044628B93046ECF72EFB6FF07F009D
:107A800070BD00F10C052846314602F0DFFB606A4C
:107A900038B150F8A84904B1A83C2946FFF779FD50
:107AA00020B90020ECE71C466FF00100002CF8D054
:107AB000D4F8A83023B90230F5D020461C46ECE7B4
:107AC000A83BF8E738B505460C46F9F7EFFB284622
:107AD000F1F7B4F920B9F9F7FDFB6FF07F0038BD7D
:107AE0000023236083683BB9C0E90144FFF767FFC7
:107AF000F9F7F0FB0020F2E71C608460F6E7012054
:107B0000704708B5F1F79AF998B1436A8BB1BFF3A2
:107B10005B8FA83B03F1540252E8000F20F00800ED
:107B200042E800010029F7D1BFF35B8FD3F8A830FA
:107B3000ECE708BD08B50421FFF7DCFB30B1BFF36B
:107B40005B8F006DBFF35B8FC0F3C00008BD10609A
:107B50000020704710B5029CA36833B1B1F5807F57
:107B600028BF0E21CAB221469847A37DE268013B97
:107B7000DBB2A37522B11BB92046BDE81040104707
:107B800010BD106091800020704700207047FEF704
:107B90009BBAF0B507683D7889B006461446E5B94A
:107BA0007B88B3F5245F04D011D8A3F52053032BB1
:107BB00013D8ADF80A1002220DF10A012046F1F7A0
:107BC000A9FB70B16FF01502C4F85C2106E003F563
:107BD0005643FF339BB2042B1DD90125284609B01B
:107BE000F0BD7B88ADF80A3002220DF10A01204673
:107BF000F1F790FB0028E5D1009003AA77681323E2
:107C00003146B847021EDFDB03A92046F1F782FBAD
:107C10000028E2D0D6E7ADF80A1002220DF10A01E1
:107C20002046F1F777FB0028CCD17B88ADF80A30ED
:107C300002220DF10A01E8E708B5072203F090FDE2
:107C4000B0FA80F0400908BD10B5037893420446AD
:107C500007D10130FFF7F0FF002814BF20460020B5
:107C600010BD0020FCE710B50346BFF35B8F53E85F
:107C7000000F40EA010243E80024002CF7D1BFF3D3
:107C80005B8F10BD10B50346BFF35B8F53E8000F49
:107C900000EA010243E80024002CF7D1BFF35B8F18
:107CA00010BD0B6803608B8883808B79837170476C
:107CB000BFF35B8F0068BFF35B8F7047FEF7FBB9C4
:107CC00070B50D46064611F8010BEFF75DFE044650
:107CD00010B12C89EFF716FA6B89A34207D0EB6835
:107CE0006C8123B121463046BDE87040184770BD15
:107CF00038B5BDF81040A24215460CD84CB16BB156
:107D0000A21A8A42A8BF0A4694B22246591903F021
:107D1000F7FC204638BD6FF00600FBE76FF00D0062
:107D2000F8E730B585B0C96814461D46F1F708FC80
:107D300000B10089ADF80E0002230093BDF82020A9
:107D40000DF10E0329462046FFF7D2FF05B030BDE6
:107D50001FB50C461946E3681C781046BDF818207C
:107D60003CB110240133069404B0BDE81040FFF785
:107D7000BFBF5B88ADF80E30022300930DF10E03F8
:107D8000FFF7B6FF04B010BD30B585B01D46002327
:107D900014468DF80C30F1F7A5FB10B1037A8DF87D
:107DA0000C3001230093BDF8202003AB2946204668
:107DB000FFF79EFF05B030BD2DE9F04114461D468A
:107DC000BDF81870EDF7F6FA0646E7F788FC80B2C2
:107DD000069033463A4629462046BDE8F041FFF773
:107DE00087BF30B585B014461D46FEF722FE02233C
:107DF000ADF80E000093BDF820200DF10E032946CA
:107E00002046FFF775FF05B030BD022A10B508D136
:107E1000002300F170011A46007AF1F7FDFB022001
:107E200010BDF1F7FFFCFAE708B50C3029B10121CC
:107E3000FFF719FFC043084008BD6FF00101FFF7CD
:107E400021FF00F00100F7E710B50446FFF7ECFF53
:107E500038B121460122BDE8104011F8010BF1F7BD
:107E600083BB10BD38B504461546FFF748FE48B140
:107E70002046F1F737FB28B1037ADB0702D5012151
:107E8000FFF7E2FF55B9207A04F17001F1F7AEFA7D
:107E900020B18560BDE83840F1F7A6BB38BD38B5E4
:107EA000BDF81010BDF81840059DA14210461A46B5
:107EB0000CD84CB16DB1631A9A42A8BF1A4694B25D
:107EC0002246294403F01CFC204638BD6FF0060012
:107ED000FBE76FF00D00F8E713B5044610B900207A
:107EE00002B010BD00238DF80430006842F6030391
:107EF00001A9ADF80630FEF72AFC0028EFD1E368AF
:107F000098880028ECD12046F1F7C8FF013080B2F4
:107F1000E6E770B5CC6888B008461E46A3798DF8B0
:107F20000C301546FFF7D8FFADF80D002468237814
:107F30006BB96388ADF80F3005230093BDF830208E
:107F400003AB31462846FFF7D3FE08B070BD631C73
:107F50000DF10F02113453F8041B42F8041BA34225
:107F6000F9D11323E9E71FB5CDE9012300230093DD
:107F70001A46F1F7C3FF05B05DF804FBF2F7BEB88F
:107F800038B5044659B100F170052946007AF2F778
:107F900083F9207A2946BDE83840F1F765BC38BD41
:107FA000F8B506460F46F1F7FFF939460446304664
:107FB000FEF741FD68B364B304F108056FF00101F9
:107FC0002846FFF75FFEC20703D539463046F2F771
:107FD00063F96FF002012846FFF754FE830703D5CB
:107FE00039463046F1F740FC2846FFF761FE80B97C
:107FF000234603F8010BC4F80100C3F80300BFF3E4
:108000005B8F55E8003F45E80002002AF9D1BFF335
:108010005B8FF8BD10B50446A0F1170110F8180CDD
:10802000FFF7BEFF14F80C0CA4F10B01BDE81040E3
:10803000FFF7B6BF38B54C8AD3070546C4F30E0424
:1080400004D514F0950F2AD04B6843B3900704D59C
:1080500014F4957F25D08B681BB3144014F4DE7F95
:108060000DD0EB7A2BB92846FEF7BCFFD8B9052016
:1080700038BD14F0300F04D114F4C07F07D10020B4
:10808000F6E72846FEF7FAFF0228F5D8EFE7D5F81D
:10809000A430002BEBD05B7BDB06E8D5EFE70220BA
:1080A000E6E70320E4E70F20E2E7F8B514460F46C1
:1080B000942261680646FFF7BDFF20BB616801227C
:1080C0003046F2F753F908B3A2891B210232304639
:1080D000F0F762FF0546E0B1A1890C300231FEF7EE
:1080E0008BFA20F8027BA289A16803F009FBD4E98E
:1080F000041228460123F1F7FBF829463046BDE873
:10810000F840FFF7B2BC4FF0FF30F8BD6FF015003C
:10811000FBE76FF00B00F8E72DE9F04105468846D4
:10812000F1F7E0F90446E0B1037ADB0719D500F175
:108130000C073846FFF7BCFD10F0010611D1B8F16D
:10814000000F0FD06FF002013846FFF79BFD10F0D3
:10815000020F284609D0FFF7D4FC01212046FFF783
:1081600073FE01263046BDE8F081FFF7C8FC002809
:10817000F8D02846FFF7DEFC0028F3D06FF00201AC
:108180003846FFF77FFD2846E5E770470120704736
:108190000120704707207047FDF78DBFBFF35B8F4D
:1081A0000068BFF35B8F084100F00100704738B5ED
:1081B0000A46034609B9012038BDC88910F0240FCA
:1081C000F9D0197D5D7B147BA94228BF29468C42DA
:1081D00001D90020F0E7840608D4507B197AC00743
:1081E0000BD4187A003818BF0120E5E70521181DC7
:1081F000FFF7D4FF0028F0D1EBE70029E9D00521F3
:10820000181DFFF7CBFF18B9197A01390129E0D9F8
:10821000527BD207CFD4E4E701238B40DB43BFF38B
:108220005B8F50E8002F1A4040E800210029F8D168
:10823000BFF35B8F7047FDF747BF08B50621FFF717
:1082400059F818B9BDE80840F2F7A2BCEC3808BDEF
:108250004FF47022002300F5A070F8F791BD0720BD
:10826000704701238B40BFF35B8F50E8002F1A4308
:1082700040E800210029F8D1BFF35B8F704708B5B3
:108280000E21FFF7EEFF002008BD70B5051D0E465C
:1082900028460421FFF782FF68B100220021002355
:1082A0000846EFF70DFD044640B904212846FFF7C4
:1082B000D8FF204670BD4FF47022EFE701210C304B
:1082C000FEF79AF90670F4E738B504210446FFF783
:1082D000DCFF054698B110210C30FEF78DF904F152
:1082E000270304F1370253F8041B40F8041B9342A0
:1082F000F9D120462946F2F761FC002038BD08205C
:10830000FCE770B5D0F8EC30DB78012B044619D1CE
:10831000CD68061D10213046FFF77EFF2B4604F185
:10832000B70205F1100153F8040B42F8040B8B421D
:10833000F9D107213046FFF731FF28B10921304636
:10834000FFF78FFF002070BD0A213046FFF726FFA0
:108350000028F3D12046BDE87040F2F745BD072064
:108360007047072070470720704730B5012303FA94
:1083700001F1CA43BFF35B8F50E8003F03EA0204F8
:1083800040E80045002DF7D1BFF35B8F194214BFC1
:108390000120002030BD38B50446031D0025BFF381
:1083A0005B8F53E8002F43E800510029F9D1BFF358
:1083B0005B8F04F5A07002F03EF82572BFF35B8F6F
:1083C00054E8003F44E80052002AF9D1BFF35B8F24
:1083D00020460121BDE83840FFF743BF70B500F1EA
:1083E000700605460C4607220968304603F0B8F9C6
:1083F000B8B963681A682A679A88A5F874209B79C7
:1084000085F87630D5F8A4305BB1A268934208D0E5
:1084100062681168C3F801109188A3F80510927979
:10842000DA7170BD2DE9F84FDDF82C80BDF8289089
:10843000044692461F46FFF700FF054600285AD023
:10844000061DB9F1000F27D15AEA070324D10321F1
:108450003046FFF7A3FED0B301213046FFF79EFE62
:10846000A8B32C7D6B7B9C4228BF1C46224605F19D
:108470004701404603F044F90F2C06D8C4F110021E
:10848000002108EB040003F063F930460121FFF7F7
:10849000E8FE0120BDE8F88FD4F8A430F3B904F168
:1084A000700B217A5A462020F3F7F0FDC4F8A4009F
:1084B00030B9217A5A460120F3F7E8FDC4F8A40048
:1084C000B9F1000F0AD15AEA070704D006E0D4F840
:1084D000A430002BE3D0D4F8A41071B90F2130469A
:1084E000FFF75CFE20B1022206212046EFF7F8F9E3
:1084F0002846FFF750FF0020CCE7CB899B06EDD53F
:108500000C7B1A312246B4E76FF08500704770B5D6
:1085100004460820F2F7EAFA0546E0B1061D0821F4
:108520003046FFF779FEBCB30721FFF775FE2346FF
:1085300005F1970204F1200153F8040B42F8040BF3
:108540008B42F9D10A213046FFF728FE70B109218C
:108550003046FFF786FE0720F2F7C8FA0446E8B176
:10856000F2F74AFB0146C8B1204612E0102130461E
:10857000FFF714FE09210028EAD13046FFF70EFE6E
:108580000028E8D02846F2F72FFC01460028E2D068
:108590002846F3F795F9DEE70B21F9E770BD70B5D2
:1085A0000446A0F1EC0650F8543BE83CD3F8A45044
:1085B00001F041FF03212046FFF7F0FDA0B10821A3
:1085C0003046F3F7E7F83DB1EB8913B16B7B9B07BE
:1085D00002D5284600F02BF830464FF4BC72BDE8B7
:1085E0007040002103F0B4B801212046FFF7D6FD0A
:1085F0000028E4D10F212046FFF7D0FD0028DED16E
:10860000E1E7EDF70BBD70B504460D461646F3F7EE
:108610003DFD38B931462846F3F7D8FC10B1C3897F
:108620001C43C48170BDC3891943C181704710B513
:10863000037A5B07044601D5EDF736FD214611F8B4
:10864000010BEBF7B5FF20464022BDE810400021AA
:1086500003F07EB8531E1944024411F8013900F8A2
:10866000013B9042F9D1704710B5431E00F1100252
:10867000073013F8011F12F8014D1C70834211706E
:10868000F7D110BDF0B597B014460E462022014632
:1086900005A81D461C9FFFF7DDFF202231460DA8CF
:1086A000FFF7D8FF2146102201A88DF85450FFF79C
:1086B000D1FF3B46412205A901A8F3F7E5FE044698
:1086C00010B93846FFF7D0FF204617B0F0BD2DE9AE
:1086D000F04397B00446164605A810221D46DDE972
:1086E0001F98219FFFF7B6FF1022314609A8FFF718
:1086F000B1FF102229460DA8FFF7ACFF1E990322F7
:1087000011A8FFF7A7FF4946D9F8010011F8013B6E
:108710008DF8473012908B88ADF84C30062212A8A5
:10872000FFF798FF4146062211F8013B8DF84E30C5
:10873000D8F80130CDF84F300DF14F008B88ADF8EF
:108740005330FFF787FF2146102201A8FFF782FF71
:108750003B46412205A901A8F3F796FE044610B94D
:108760003846FFF781FF204617B0BDE8F083036964
:10877000C9B20C2201FB0233186C00F007007047ED
:1087800070B5C9B20369EFF31185402484F31288F0
:10879000BFF36F8F0C2606FB0134246C14F0C00469
:1087A00008D0A24206D085F31188BFF36F8F4FF037
:1087B000FF3070BD71430B4401221A6485F31188A8
:1087C000BFF36F8F43680B445B6898470020F0E766
:1087D0008022FFF7D5BFF8B5069F0469C9B2EFF351
:1087E0001186402585F31288BFF36F8F0C256943EE
:1087F0000C44256C05F0070CBCF1010F0BD127646C
:1088000086F31188BFF36F8FC4E90E2343685B586A
:1088100098470020F8BD05F0C005AF4286F31188E7
:10882000BFF36F8F0CBF6FF077004FF0FF30F1E7B1
:1088300013B580240094FFF7CEFF02B010BD10B432
:108840000069CBB21C2403FB0400002110BC1047BC
:108850001046F7F7DFBF00F0FDBD4FF4AF60704783
:10886000F7B51C461646002382682360A36053694F
:108870000D4601AA69469847019B5A1E01921BB9F1
:108880006FF0150003B0F0BD0098A268476821683A
:10889000676085B9B31AD0F800C0634528BF634646
:1088A0001A4403FB07112160A26002689A4206D8AD
:1088B00008300090E0E76B1AB3FBF7F3EBE700201A
:1088C000E0E713460022FFF7CBBF2DE9F0478368AE
:1088D00086B05B698846914601A902AA98470024A0
:1088E000A2462546029BAB4202D806B0BDE8F087FF
:1088F000019F07EBC50700267B6804933A68B242E4
:108900000AEB060302D801359A46EBE70394059378
:10891000494603A8C0470028E7D0049B01361C4401
:10892000ECE710B50C4601F053F90023C4E900034D
:10893000184610BD70B5044601F050F9237B05467A
:108940000BB100F09DFD00266068F6F757FDA368A7
:108950005B1BA36063682B446360237B01363BB9D8
:10896000A368002BF0D1A068003818BF012070BDAB
:108970003046F6F749FB0028F2D0F4E738B5054653
:108980000C4601F025F9002D07DBA84205D9401B54
:1089900084428CBF0020012038BD0020FCE770B568
:1089A0000D462846194616461C46FFF7E7FF28B92C
:1089B00021462846BDE87040F4F758B924B1224654
:1089C0002946304602F09CFE002070BD43685B687B
:1089D000D3F810350B600020704743685B6802EAEB
:1089E000010021EA0201C3F80805C3F80C150020B4
:1089F000704743685B680020C3F8081570474368F8
:108A00005B680020C3F80C15704743685A68D2F8B9
:108A1000043521EA03000B40C2F80805C2F80C3502
:108A20000020704710B503695868F8B1884219D121
:108A30009C6808685860A14200D1986000200860D6
:108A40002AB15A680A609A68596002B99960002090
:108A500010E0814206D10868206098688142EDD11B
:108A60009C60EBE7044600680028F2D1002AE8D1B8
:108A70006FF0150010BD00F0F2BF2DE9F04347681C
:108A800040F20636D0063B7C87B002EA060654BFA9
:108A9000C2F3401C4FF0030C01F01F05B6F5837FB5
:108AA000144645EA43158DF803C043D00DD8062E71
:108AB00016D005D8A6B1022E3ED06FF0150036E0D4
:108AC000B6F5807FF9D101260AE040F202229642F3
:108AD00034D0B6F5407F33D0B6F5007FEDD1022615
:108AE0000123220303FA01F12CD57B68C3F8081592
:108AF000B86868BB05F01F026D0972D1920002F1DF
:108B0000A04284F48031D2F80037C1F30041C4F3AD
:108B1000404423F4E16344EA410423F007031C4387
:108B200044EA8C0444EA0624C2F80047002007B057
:108B3000BDE8F0830726D3E70426D1E70526CFE773
:108B40000326CDE7630344BF7B68C3F80C15CFE76A
:108B50000DF10202294600F007FF14F4403F804661
:108B60000CD1B868294600F02DFFB8F1000FDDD117
:108B70009DF80210B868F6F723FCD7E74FF000091C
:108B800001ABCDE90199CDE90439CDF80C90B86875
:108B900003AA294600F0E3FD4845C7DB14F400337F
:108BA00014D084F480349DF803308DF80E30C4F373
:108BB00000448DF80C608DF80D40B8684B4603AA50
:108BC000294600F067FE0028CFDAAFE7CDE904338D
:108BD0000DF103030393B86803AA294600F0BFFD13
:108BE000F1E702F5E07250F82230FFDEF0B544689C
:108BF0001646A068227C01F01F0587B045EA4215A1
:108C0000002865D0B6F5001F04D1294600F023FFE7
:108C100000204EE001AA0020B6F5800F01905060C0
:108C200036D1B3F1007F14BF052304238DF804303F
:108C30000023CDE904230393E36823FA01F111F043
:108C400001010DF1030736D1B6F1A07F33D105F054
:108C50001F036A0903F5E0733DD14FF0A04252F8BB
:108C60002330DB0727D4A0683A46294600F07CFE73
:108C7000163018D00297A06803AA294600F06FFDAD
:108C8000002816DBA0680122294600F09DFEBFE700
:108C9000B3F1C06F05D0B3F1007F14BF01230223ED
:108CA000C4E70323C2E7A0683946F6F78FFB002824
:108CB000E0DA07B0F0BDA0683A46294600F054FE5D
:108CC0000028D8D19DF80310A068F6F779FBD2E709
:108CD0006FF08500EDE751F82330FFDE02780B6975
:108CE000012A07D0022A08D052B91A6603F14800B7
:108CF000F7F790BD6FF00D02F7E76FF00A02F4E7A7
:108D00006FF00402F1E700F059B838B50446056980
:108D10000122114605F1300001F0B1FA012205F1FE
:108D20004800002101F0ABFA2046BDE83840F4F7D6
:108D30000FBA00693030F7F7A7BD00693030F7F798
:108D400069BD13B501AA044600F06FF8002805DBE1
:108D5000019B226819791868F4F744FB02B010BD32
:108D600070B54568A86A0368D3F80845D3F80C6560
:108D7000F6F784FD31462046F7F742F80021044615
:108D8000E869FFF7DEFFA86A01F05AF8204670BDD7
:108D900010B544680021E069FFF7D3FFA06ABDE881
:108DA000104001F04DB810B54468A06AF6F766FDB2
:108DB000E0690121BDE81040FFF7C3BF10B544686A
:108DC000FFF7F1FFA06A01F043F8002010BD37B5AE
:108DD0000C460569836801A95B68984748B9019BFF
:108DE0002A685A40012303FA04F10A4214BF1846C4
:108DF000002003B030BD70B551F8043C5B681E68BC
:108E00000C464FF4004540F2E73000214FF47A72EF
:108E10000023E6FB0501E3F721F902460B4604F1C6
:108E20001400BDE87040F7F7ABBF30B5436813607E
:108E3000057A446804EBC504A34202D36FF0010035
:108E400030BD5C798C4201D00833F0E70020F7E7B1
:108E500043681B68D3F88004C3F8800470474268F5
:108E60001368D3F8100150B1D269002012780A704B
:108E7000C3F81001D3F8102101221A6070474FF097
:108E8000FF307047002A0FDD42681368D3F81001E5
:108E900058B10020C3F81001D269D3F8100112783C
:108EA0000A700120186070470020704710B54368B1
:108EB0001C680369EFF31180402282F31288BFF32C
:108EC0006F8F1A68D17B39B991731B680122DA73ED
:108ED0004FF48003C4F8043380F31188BFF36F8F1D
:108EE00010BD03691A68D17B21B1012191731B6800
:108EF0000022DA737047026911680346C87B40B1EB
:108F00005B681B68D3F8580118B100230B61136824
:108F10009889704743681B68D3F81001003818BF60
:108F20000120704743681B68D3F80423D2065CBF56
:108F30001022C3F80423704743681B68D3F8042346
:108F4000D20644BF1022C3F80823704743681B6849
:108F50004FF40072C3F80423704743681B684FF452
:108F60000072C3F80823704738B543681D68D5F808
:108F700004335B02044605D4D5F8040310F0100056
:108F800006D138BDFFF7B7FF0028F5D00120F8E77C
:108F90002046FFF7BFFF003818BF0120F1E701208E
:108FA00070470369186801601B685A60704702685F
:108FB0000346D2F8580140B95B68DB0706D4D2F803
:108FC0002001003818BF012070470120704710B4FD
:108FD000436802691B68D3F80413C90517D5D3F891
:108FE0002011A1B1EFF31181402484F31288BFF363
:108FF0006F8FD3F8204134B10024C3F82041D3F857
:1090000020410124DC6081F31188BFF36F8F116868
:10901000D3F8584171B17CB100240C611168C97B4F
:1090200019B94FF48001C3F8081311688C7B1CB187
:1090300000238B7310BC7047D3F8241121B1002199
:10904000C3F82411D3F8243112681368002BF1D02F
:10905000516810BC184713B501AA0446FFF7E5FE96
:10906000002805DB019B226819791868F4F7BAF922
:1090700002B010BD6FF0850070472DE9F041066920
:1090800033689C89BFF35B8F94420546A8BF1446A2
:109090001033012753E8002F002A03D143E8007062
:1090A0000028F7D1BFF35B8F0CBF3B4600232BD1C9
:1090B00033682246986802F023FBEFF311884023BF
:1090C00083F31288BFF36F8F69680846FFF76FFF5D
:1090D000326840B91061044688F31188BFF36F8F7E
:1090E0002046BDE8F0810B689268C3F84425002251
:1090F000C3F84845C3F82021D3F82011C3F85821FC
:10910000D3F858219F60E7E71C46E9E7FCF7D3BF97
:10911000002201210420EAF7A7BC0022012123201C
:10912000EAF7A2BC10B50B6813B91360184605E046
:1091300003685C681CB114600368186810BD0833CC
:1091400003600B68013B0B60EDE703460A460068CD
:109150001979012303FA01F103691B68194218BF49
:1091600082F0010212B18368DB68184783681B69CB
:10917000FBE710B5036804464BB19A683AB1186929
:1091800000F0FBFE206800210830FFF7DEFFA36936
:1091900033B9636004F11000BDE81040F7F73ABB43
:1091A00010BD10B5006903688B4206D190F86C4081
:1091B00034B9FFF7DEFF204610BD6FF01500FBE766
:1091C0006FF00F00F8E77FB50546406829698A6DA2
:1091D0000B6EFAB99BB14C6D8B6616461A46C96D7B
:1091E0000291CDE9004601B3002B18BF13460022BF
:1091F00069460393F6F750FA50B16FF004032C69F7
:10920000236404F12800F7F705FB002384F86C3091
:1092100004B070BD4C6D13B19A4228BF1A46002CA1
:109220008A6614BF16460026D9E70B46DFE7F0B57D
:1092300087B001238DF8023002238DF804306B448F
:1092400003930E4601AB0DF1030100270546029181
:1092500004930597F6F7BAF8041E0BDB03AA314610
:10926000284600F07CFA041E07DA9DF80310284611
:10927000F6F7A6F8204607B0F0BD3C46FAE700F145
:1092800050039B009BB203F1804303F58833002217
:109290001A601B68704708B5F4F7D2FD08BD10B519
:1092A0004FF0FF304FF0FF31F4F7C2FF044628B90A
:1092B000D7F764FF044618B1F4F7C2FF204610BD8B
:1092C000F4F7BEFF2046EBF71DFAF7E738B50B8A37
:1092D0000D463BB101F10C00FDF7C6F9012818D08D
:1092E000022803D06FF01504204638BD4FF0FF3040
:1092F0004FF0FF31F4F79CFF04460028F4D1E868F2
:10930000E3F72BF80446F4F79BFFACB1F4F7D4FF76
:10931000EAE74FF0FF304FF0FF31F4F789FF0446E2
:109320000028E1D1E868F5F761F90446F4F788FF11
:10933000002CD9D1F4F7C0FF2846EAF7CDFE00246F
:10934000D2E7F5F7B5B810B531220446002102F096
:10935000FFF9202323708023A3706FF03F03637114
:109360000423A3722823A3730223E3730423A375A6
:109370006FF0080363760323A3766FF00F03E376A1
:109380007E232377302384F820306FF03F0384F866
:109390002130792384F822306FF0010384F82330E0
:1093A000012384F82430802384F82630042384F8B1
:1093B0002730402384F82D3010BD08B50323E2F791
:1093C000BFFB002008BD08B5F5F77AFC002008BDFA
:1093D00008B5F9F703FA48B1002383F31188BFF306
:1093E0006F8F0423184602DF6FF0040008BD08B534
:1093F0004FF0FF314FF0FF30F4F71AFFE6F747F96F
:10940000BDE80840F4F71CBF684620F007018D4610
:1094100001B5E1F793F9BDE801408546704768461C
:1094200020F007018D4601B5E0F73AF9BDE80140AB
:1094300085467047684620F007018D4601B5E0F784
:1094400023F9BDE801408546704708B5E5F76EFF92
:10945000002008BD7047012802D10020E1F7ACBD13
:1094600070477047E1F7A6BB08B5E2F79FFA30B145
:10947000EFF305800338032894BF0020012008BDC6
:1094800070474FF08053D3F83001421C04BF4FF0B7
:10949000704393F8E00F831F5842584170470346CA
:1094A0000020184700F069BD10B502461168B1B13F
:1094B000BFF35B8FB1FA81F3C3F11F000123834037
:1094C00021EA030352E8004F8C4204D142E8003CF9
:1094D000BCF1000FF6D1BFF35B8FE7D110BD6FF089
:1094E0000B00FBE710B50368CB40DB0714D4012366
:1094F0008B400268BFF35B8F43EA020150E8004FE4
:10950000944204D140E8001CBCF1000FF6D1BFF337
:109510005B8FEED1002010BD6FF01500FBE770B53A
:109520000C460021054608461646F5F7DFFE0028E2
:109530000ADB3378DB0003F1804303F5F8330020C6
:10954000C3F81055C3F8144570BD036803F01F023B
:109550005B0902600CBF4FF0A04000207047F7B5D8
:10956000019001A8DDE9084716461D46FFF7EDFF0B
:10957000019BB6F1000C18BF4FF0010C00EB83000B
:109580000B1E18BF0123002D43EA4C0314BF4FF0FC
:109590000C0C4FF0000C002C43EA0C0314BF4FF4EA
:1095A000E06C4FF0000C002F43EA0C03D0F80027CA
:1095B00014BF4FF4403C4FF0000C43EA0C0322EA86
:1095C000030301B109780EB13678760019430DB165
:1095D0002D78AD0031430CB12478240229430FB11A
:1095E0003F783F040C433C43C0F8004703B0F0BD54
:1095F0001FB50DF10F03019300238DF80F10009399
:109600001A461946FFF7ABFF05B05DF804FB70B5CD
:10961000CBB20833164630F81330DA0504460D464F
:1096200009D5C3F3432300EBC302314650F833306E
:10963000526828469847A3682BB1E268314628460D
:10964000BDE87040184770BD10B4CBB200EB4303C7
:109650009A8AD1051BD5C2F3432122F4F8529A828B
:1096600000F1520400F1120232F8023F13F4807F3D
:1096700003D0C3F34323994209D0A242F4D100EBB3
:10968000C10300225A6010BC5830FFF72BBF10BC3A
:10969000704770B511F001040CD04FF0A046D6F819
:1096A00020550560C6F82055F5F736FE08B1D6F806
:1096B000203505B90024204670BDF0B5034600F5FD
:1096C0008074002005460127844695420AD1D3F8CC
:1096D0007C2132B10022C3F87C21D3F87C3140F0E8
:1096E0000040F0BD25F0404607FA06F6314209D0A9
:1096F000D4F800E0BEF1000F04D0C4F800C0D4F8E4
:1097000000E0304301350434DFE7C9B200EB41002B
:10971000808A830643BF400B800000F580704FF4C1
:10972000BE7070470246CBB202EB430308469B8AE9
:10973000990611D599070FD410685B0B0121994048
:10974000C0F80813126802EB8303D3F8102522F047
:109750000302C3F8102570470021FFF749BFF0B599
:10976000136885B005460C461646DBB1CFB200EB58
:109770004707BA8A02F02202222A1ED00022CDE92F
:1097800000228DF80E208DF80F200DF10E010DF145
:109790000F022046FFF7E3FEBB8A23F0020343F0EB
:1097A0000103BB82736823B31A785868E3B205EBF0
:1097B0004303998A8F0703D5A8B16FF015001BE00A
:1097C00021F4604121F02001998260B1032AF4D88C
:1097D000716848682968077801EB870172B9C1F898
:1097E0001025C1F81025998A21F01C0141EA820256
:1097F0009A82B3684BBB002005B0F0BDD1F81005CC
:1098000020F00300C1F81005286800EB8700D0F8AD
:10981000101521F4473121F44071C0F810152102D0
:10982000D0F810C501F4F85141EA024141EA0C01B7
:10983000C0F8101505EB4701A1F85C40998A41EA90
:10984000473141F020019982CDE7D3E900672146F5
:109850002846FFF7F9FE002ECDD06B689E4206D059
:1098600005F15800FFF720FE002804DAC4E7AB68D2
:109870009F42F5D1002005EBC003C3E90167E4B2C4
:1098800005EB4404C0B2A38A43EA402343F4807347
:10989000A382B0E7F0B5074685B00C461D46F2B18D
:1098A000CEB200EB4606B38A980701D499061ED4BF
:1098B00013F01C0F02D05378012B18D001238DF820
:1098C0000F300023CDE900230DF10F01931C20463A
:1098D0000132FFF744FEB38A43F00303B382002D45
:1098E0003DD0E2B207EB4202938A9B0703D46FF0AC
:1098F000150005B0F0BD28783B6803EB800300211C
:10990000C3F81015C3F81015938A23F4604323F0AD
:10991000200393826E784FEA800C06B33968AD78E5
:1099200061443604D1F8103523F4981323F4F85326
:10993000C1F81035230203F4F85306F440362D0520
:10994000D1F81075334305F480152B433B43C1F820
:109950001035938A43EA403343F02003938200207A
:10996000C7E7C0E903127047C9B200EB4100838A20
:10997000990643BF5B0B002013706FF01500704712
:1099800038B590F86C4005469CB940222146143009
:1099900001F0DEFE2868C0F87C41D0F87C3140F34D
:1099A0000730EAF731F8012385F86C30AB652046C3
:1099B00038BD6FF07700FBE790F86C00003818BFF7
:1099C00001207047F5F7C8BC73B50C46C9B200EB6F
:1099D000410105688B8A9E0619D513F0020616D13F
:1099E0005B0B9C0004F580716E506958016821443E
:1099F000D1F8104544F00104C1F810452AB10168BE
:109A0000012202FA03F3C1F8043302B070BDD5F8A5
:109A10000433002BA4BF4FF00043C5F804338B8AF6
:109A2000C3F38203042B12D0052B12D001A801949A
:109A3000FFF78BFD019AD0F81035D34003F00103F6
:109A4000991C204602B0BDE87040FFF7D1BD03214C
:109A5000F7E70221F5E7FFF765BEFFF756BE2DE9F0
:109A6000F04F074685B057F8049BD9F80413C9B2E4
:109A70008046082241F000414846FFF71EFE051EC1
:109A800016DA0023012102A80293FFF702FE4FF02D
:109A9000010A029A92B94FF000414846FFF70DFEC5
:109AA000012102A8FFF7F5FD0028F2D125F00045BD
:109AB0000124002D76D105B0BDE8F08F92FAA2F412
:109AC000B4FA84F408EB4403E0089E8A039402ABE2
:109AD00004F007021B5C0AFA02F223EA020302AA5C
:109AE000B108135403A8FFF730FD039B03F5E0739F
:109AF000C6F3820B50F823304A075E46C3F3014396
:109B000032D53246384621465FFA83FBFFF77FFDA8
:109B100003A80394FFF719FD039B03F5E07350F8C6
:109B20002330C3F301439B4507D100212046FFF7B3
:109B30005FFD59462046FFF75BFD03A80394FFF73E
:109B400004FD039B0AFA03F3C0F820350446F5F739
:109B5000E3FB00289DD0D4F82035D4F82035D4F884
:109B60002035D4F8203594E7022B0DD1032120466F
:109B7000FFF73EFD0BF00503012BDED132462146F7
:109B80003846FFF744FDD8E7022120460193FFF74E
:109B90002FFDBBF1030FF1D0019B032BCDD1BBF106
:109BA000020FEAE795FAA5F3B3FA83F304FA03F296
:109BB00025EA020503F5A27208EB430359F82220B7
:109BC000B3F85C10C2F301423846FFF720FD70E79E
:109BD0004FF080531A695869504370474FF08053D3
:109BE000186970474FF0805358697047036803F055
:109BF0001F025B0902600CBF4FF0A04000207047BD
:109C000007B5019001A8FFF7F1FF019A01239340E6
:109C1000C0F8083503B05DF804FB07B5019001A852
:109C2000FFF7E4FF019A01239340C0F80C3503B01D
:109C30005DF804FB37B5D0F818358A69DBB28DF8CA
:109C400007300B6A93423EBF4A699DF80740D454DF
:109C50000B6A91F824500C695A1C0A62023335B120
:109C6000A3428C6938BF0B619C4288BF8B610D6930
:109C70009D4205D9CA68D35CC0F81C3501200AE0B2
:109C80008C699C4201D9CB7FF6E7AA42F6D3A24267
:109C90002CBF0020012003B030BD70B50346002565
:109CA000C0F80851D3F808310C46FFF7C3FF68B974
:109CB000887FFF2801D0FFF7A3FF20466577257234
:109CC000616850F8083BBDE87040184770BD91F8D6
:109CD00020200346032A29D8DFE802F021251902B3
:109CE0008A68500304D5D3F84C250869904207D1FF
:109CF0008A6852031AD4D3F84C258969914215D049
:109D000000200622C3F80005C3F800257047D3F8E9
:109D10004C2508699042F3D1D3F83C25EDE7D3F800
:109D20004C250969EAE7D3F83C25FAE7012070479A
:109D300030B5A2F58075AD080124AC400C4207D0C7
:109D4000815829B10021815082581A6822431A6033
:109D500030BD13B500230C4601934FF4A47201AB40
:109D6000FFF7E6FF21464FF48272FFF7E1FF21463D
:109D70004FF49272FFF7DCFF21464FF4A872FFF711
:109D8000D7FF21464FF4A672FFF7D2FF21464FF4CA
:109D9000B072FFF7CDFF4FF4AE722146FFF7C8FF58
:109DA000019802B010BDF8B505468E68CF7B0C4611
:109DB000F5F7FCFC20B1B6F1C86F08BF4FF0C466E0
:109DC0002B682FB9D4E90012C3F80815C3F80C2585
:109DD000C3F824656B6833B12868BDE8F84040F3E8
:109DE0000730E9F711BEF8BD38B50D4690F82610DA
:109DF0000446F9B9C160C0E9012380F8291080F850
:109E0000281095B1AB7B80F82B302846F5F706FD7E
:109E100098B16B7B84F82A30F5F7C8FC08B1AB68C1
:109E2000E36229462046FFF7BEFF012384F826306F
:109E3000002038BD6FF07700FBE76FF01500F8E702
:109E400003680622C3F80025022380F826307047F5
:109E500038B50446006840F30730E9F7E3FD2046D3
:109E6000F5F70CFD94F82B3063B994F82A304BB910
:109E70002368D3F80805D3F80C55F5F7B7FC284646
:109E8000F5F7B4FC002384F8263038BD036803F0EE
:109E90001F025B0902600CBF4FF0A040002070471A
:109EA00007B5019001A8FFF7F1FF019A0123934044
:109EB000C0F8083503B05DF804FB0369C26893423B
:109EC0009CBF81685B18013B981A70472DE9F041EF
:109ED000D0E902840546A8EB040640689642204477
:109EE0000F46144404D901F00BFCEC60BDE8F0818E
:109EF0003246A4EB080401F003FC68682246B91955
:109F0000F1E72DE9F843C5680646894617464FF044
:109F100000083369B46870689D4228BF1B19641B30
:109F2000BC4203F1FF3328BF3C465B1B9C4228BF69
:109F30001C4649462844224601F0E2FBB36825440A
:109F4000AB4208BF00253F1BA044A144F560E0D10F
:109F50004046BDE8F88308B5F6F784F8002008BD50
:109F6000EFF31180402383F31288BFF36F8F7047A4
:109F700080F31188BFF36F8F704708B1EAF7D6B846
:109F8000704710B5436904463BB90020E268537836
:109F900043F001035370404210BD98470028F4D0AD
:109FA0000028B8BF4042E368FF28A8BFFF20187010
:109FB000ECE740B1C368587810F001001EBF187874
:109FC000B0FA80F040097047EFF31183402383F328
:109FD0001288BFF36F8FFEE710B400F10C04C0E9E4
:109FE000034410BCFBF7F7B838B50446EFF311850E
:109FF000402383F31288BFF36F8FFBF79CF804F1C3
:10A000000C0000F009FB30B1294604F11400BDE852
:10A010003840F7F725B985F31188BFF36F8F38BD46
:10A020004169826842EA010313F003030FD1C36060
:10A030000369013B03FB0122002B01DA002070477A
:10A04000C16811604169C260013B521AF4E76FF0C8
:10A05000150070472DE9F04105460F46EFF31188D2
:10A06000402383F31288BFF36F8FC668FEB904687C
:10A07000A0421CD0DCB1D4E9003213605A60637B8B
:10A08000A66023F002036373C4E9006604F11800BC
:10A0900000F037FB2046C4F8B060276100F05DFA9D
:10A0A000414605F10800BDE8F041F7F7D9B83E6038
:10A0B000AB69EF60013BAB6188F31188BFF36F8F31
:10A0C000BDE8F08108B54024EFF3118384F31288D2
:10A0D000BFF36F8FFCF7F3F9F6E7D0E900321360B6
:10A0E0005A60427B002322F00202C0E9003342732F
:10A0F0008360704713B501240094F6F7BDF902B0F0
:10A1000010BD90F90E308B4201D0F7F737B8002020
:10A11000704703460020C3E90200C3E900337047DB
:10A12000D0E9003213605A60427B002322F0020221
:10A13000C0E900334273836070472DE9F8439146CC
:10A1400004469DF820200D4600F10807EFF3118624
:10A15000402181F31288BFF36F8F02B14568D4F8B4
:10A160000880474518D0B8F1000F15D04046FFF7DA
:10A17000D7FF08F1180000F0C4FA0023C8F8B03087
:10A18000C8F81090404600F0E8F938463146F7F735
:10A1900067F80020BDE8F883A3B10820F7F71EFD9B
:10A1A000002838D00122C0F804900260016801F054
:10A1B00003015DB922680A430260626820606AB9DF
:10A1C00060600BE0C9F800304846EFE72A68032AD0
:10A1D00016D80160616869B9C4E90000042104F17E
:10A1E000100000F06DFB0028CFD186F31188BFF37B
:10A1F0006F8FCFE70A6802F0030202430A60DFE7CD
:10A2000022F003020A4302602A6802F0030240EAD5
:10A2100002032B60E2E76FF00B00E6E710B504469F
:10A2200030B10268930703D0446809B100F067FBBE
:10A23000204610BD0023C0E9003300F10803C0E947
:10A24000023300F11003C0E90433704707B501235E
:10A25000009300230A461946FFF76FFF03B05DF82D
:10A2600004FB07B500230A4600931946FFF765FF74
:10A2700003B05DF804FB00680021FFF7CFBF5AB1BF
:10A280008A4209D300F11003C0E90212C0E90000BC
:10A29000C0E90433002070476FF015007047026872
:10A2A00001238B4022EA0303036022FA01F000F04D
:10A2B00001007047704710B5032104460C30FFF7CA
:10A2C000EEFF30B104F1100000F01BFAB0FA80F09C
:10A2D000400910BD20B100221146C43000F0D7B9AA
:10A2E000704770B5C368C3F340069B07044616D495
:10A2F000856802210C30FFF7D2FF80B1D5F8BC2071
:10A300006AB194421DD122689EB9D5F8C030C5F813
:10A31000BC209C4201D1C5F8C02000232360E36823
:10A3200013F01F001EBF43F00203E36040F0020081
:10A3300070BD3260D5F8C020944208BFC5F8C06037
:10A34000EBE716461268DBE773B50446EFF31185B9
:10A35000402383F31288BFF36F8F0023A0F1100610
:10A36000032104380193FFF79AFF28B1A3690193F1
:10A3700001A93046F6F7C8FB85F31188BFF36F8F4C
:10A3800002B070BD38B504460D461022002101F020
:10A39000DFF9656038BD13B501900846EFF311840D
:10A3A000402383F31288BFF36F8F01A9F6F7ACFB4C
:10A3B00084F31188BFF36F8F02B010BD10B5FFF7A3
:10A3C000EAFF041E08DDEFF31180402383F31288B7
:10A3D000BFF36F8FF6F756FF204610BD70B50D46E0
:10A3E000EFF31186402383F31288BFF36F8FF6F7E4
:10A3F000E7FB044686F31188BFF36F8F38B14FF047
:10A40000FF324FF0FF3305F11000F6F73DFA20461A
:10A4100070BD08B5D822002101F09AF908BD38B501
:10A42000302204460D46002101F092F94FF480736A
:10A430006560E36038BD38B50446EFF3118540230D
:10A4400083F31288BFF36F8FFFF735FF2046FFF7C6
:10A4500048FF85F31188BFF36F8F38BDF8B5044608
:10A460000D46EFF31186402383F31288BFF36F8FFD
:10A47000C36803F01F03002B14BF0127002705D179
:10A4800086F31188BFF36F8F3846F8BDFFF713FFCF
:10A490002046FFF726FF29462046F6F717FB86F3EE
:10A4A0001188BFF36F8F0028EED04FF0FF324FF0CE
:10A4B000FF3305F10800F6F7E7F9E5E7D0E90032E8
:10A4C00013605A60427B002322F00202C0E900338D
:10A4D000427383607047EFF30580003818BF012096
:10A4E000704778307047D0E9003213605A6000231B
:10A4F000C0E90033704708B5FFF7F5FF437B23F051
:10A50000020343730023836008BD38B504460D463B
:10A51000F6F792FD637B43F002036373E5B1A56038
:10A520002B689D4209D16B68C4E900531C606C60C4
:10A5300012E06A689A42F6D01B68002BF3D094F9B7
:10A540000E2093F90E108A42F3D09142F1DD5A6841
:10A55000C4E9003214605C6038BD10B5EFF31184BB
:10A56000402383F31288BFF36F8FF6F723FD84F344
:10A570001188BFF36F8F10BD08B5EFF31181402232
:10A5800082F31288BFF36F8F83680BB1FFF7B3FFBD
:10A5900081F31188BFF36F8F08BD10B50146EFF34B
:10A5A0001184402383F31288BFF36F8F437B13F032
:10A5B000280F0AD183680BB1FFF79DFF4B7B23F077
:10A5C00004034B730846F6F7F5FC84F31188BFF3D8
:10A5D0006F8F10BD01211838FFF7DFBF08B50346A4
:10A5E000EFF31181402282F31288BFF36F8F00686E
:10A5F000834207D008B1FFF77EFF81F31188BFF3D4
:10A600006F8F08BD0020F8E710B5FFF7B5FFBDE874
:10A610001040183000F075B838B504680546AC42F3
:10A620004FF0000000D138BD002CFCD02046FFF7D1
:10A63000EBFF2046FFF791FF2C680120A542F1E7D0
:10A6400038B504460D46F6F7C5FEB5F1FF3F08BF25
:10A65000B4F1FF3F0246204618D000204FF47A7430
:10A6600047F6FF730146C2FB0431B3F5004F71F1A9
:10A6700000020BD36FF400429A4243F6FF728A4104
:10A6800026BFD80B40EA41406FF0004038BD38B5D6
:10A69000EFF31185402383F31288BFF36F8F0468B3
:10A6A000A04213D0A4B1C4F8B01022612046FFF735
:10A6B00022FF04F1180000F024F82046F6F77AFC97
:10A6C000012085F31188BFF36F8F38BD0020F8E7B4
:10A6D0002046F6E708B50246F7F73AF870B1D0E938
:10A6E00004319B1A61EBE272B3F1004F72F1000189
:10A6F00004DA002AACBF1846002008BD6FF0004005
:10A70000FBE738B50246EFF31185402383F3128847
:10A71000BFF36F8F0368CBB1F7F71AF80446104602
:10A72000F7F728F800224FF000438442C0E90423E1
:10A7300006D1F7F715F8FFF7CDFF0021F3F724FD59
:10A74000002085F31188BFF36F8F38BD6FF01500BF
:10A75000F7E708B5F7F71AF908BDF7F717B9B3F136
:10A76000FF3F08BFB2F1FF3F70B506461D461446D5
:10A7700014D01A4316D0002B08DBF7F707F9041999
:10A7800041EB0501C6E90041304670BD6FF00103A1
:10A790001C1B4FF0FF3363EB0501F3E74FF0FF3471
:10A7A0002146EFE70024FBE7B3F1FF3F08BFB2F11A
:10A7B000FF3FF8B5074616461C4610D054EA020380
:10A7C00011D0F7F7E3F8B0420A46A14103460AD296
:10A7D000F31A64EB0204C7E900343846F8BD4FF0C1
:10A7E000FF331C46F7E70023FBE70023C0E908120C
:10A7F00000F11802C0E90622C0E900330363436395
:10A80000704710B50446FFF77CFFA8B9636A0BB127
:10A810002046984704F11800FFF7E0FE60B1FFF70B
:10A820009CFEEFF31180402383F31288BFF36F8FF8
:10A83000BDE81040F6F726BD10BD2DE9F041846853
:10A8400005460E46D4B16378012B22D114F8533C4F
:10A850009A0711D5A4F160073846FFF7D5FE082EF8
:10A860000CBF6FF003030023236514F8533CDB0691
:10A8700002D13846FFF771FE00232370EB68C3F363
:10A8800086321643002066F39433A860EB60BDE87F
:10A89000F081022BF0D12378002BEDD054F8048CFA
:10A8A000B8F1000FE8D004F11400FFF72AFFA4F17B
:10A8B00014070023E36239464046FFF76CFDDBE7EF
:10A8C00038B5EFF31185402383F31288BFF36F8F00
:10A8D0000468A04211D0D4E9003213605A6000230A
:10A8E000C4E900332046FFF7A8FF85F31188BFF3C2
:10A8F0006F8F201E18BF012038BD0024F5E720B15E
:10A90000011F50F8040CFFF76FBB70470020704721
:10A91000704710B5044608B1F7F720FB2046BDE8A4
:10A920001040F7F70BBB0346C068E0B15888D0B1C0
:10A930001B8803F44F42B2F5824F09D1DBB2272BBB
:10A940002AD008D8172B0FD0222B34D0122B16D098
:10A950006FF085007047302B2FD0413B012BF7D88B
:10A96000FF2839D100207047C028FBD0E128F9D05A
:10A97000B0F5807F0CBF00206FF08600704720F09C
:10A980002003C02BEED020F08003B3F5807FE9D008
:10A9900040F209239842EDE7E928E3D0EF28E1D01F
:10A9A00040F21B139842DDD040F299139842D9D05F
:10A9B00040F23B23EEE7E928F1E720F02003C02B2B
:10A9C000D0D020F04003B3F5807FCBD0B0F5C07F6E
:10A9D000C8D0B0F5007FCDE7B0F5E07FCAE73AB167
:10A9E000002918BF0023D21A2121184400F0B0BE5C
:10A9F00070472DE9F04F89B09B4600238DF81B303E
:10AA0000159BDDF85080002B91460B460D460CBF80
:10AA10004FF400624FF4806207A9DDE912A7F7F74F
:10AA200005FC0446D0B9079E0DF11B02318828466B
:10AA3000F7F798FC044688B99DF81B30BB421FD835
:10AA4000CDE90338CDE901BACDF80090D6E9091275
:10AA50002B463046F8F756F8044608B1C8F800709F
:10AA6000D8F800303A4621465046FFF7B8FF07981D
:10AA7000F8F72AF8002C18BF204609B0BDE8F08F7F
:10AA80006FF08904EAE741F2062398421AD8B0F53C
:10AA9000905F09D241F2010398420CD0B0F5885F73
:10AAA00009D06FF085007047A0F5905080B26923FF
:10AAB000C340DB07F5D511F0070F0CBF00206FF086
:10AAC00086007047B0F5105FEBD121F04003802B7A
:10AAD00006D0B1F5807F0CBF00206FF08600704774
:10AAE0000020704770B5446A05460E463CB9012007
:10AAF000F7F71EFA686228B1AE62204670BD6FF0AB
:10AB00008A00FBE76FF08C00F8E7F8B51E460F46A9
:10AB100003881546C2B103F4E043B3F5805F02D069
:10AB2000B3F5005F10D1089BE90019600088FFF7BA
:10AB3000AAFF044630B92A463946304600F0E0FD07
:10AB4000079B1D602046F8BD6FF08504FAE710B53D
:10AB50000446406A10B1A16AFFF7DBFE0020C4E999
:10AB6000090010BD38B50546FFF7F1FF2B7F012B1B
:10AB700004460ED0023B012B0ED82B6A012B18BFC6
:10AB80006FF096042C220021284600F0E1FD2046BB
:10AB900038BD2B6A002BF2E76FF09604F2E770B530
:10ABA0000488049E154604F4E042B2F5805F19D093
:10ABB000B2F5005F16D024F4405044F201029042F6
:10ABC00010D004F44F42B2F5824F0BD0B2F5884F4B
:10ABD00008D0B2F58E4F05D0803C24F0FF04B4F5C8
:10ABE000485F0ED1B5420FD818462A4600F088FDBE
:10ABF000721B0021284400F0ABFD059B00201D6066
:10AC000070BD6FF08500FBE76FF08900F8E77FB556
:10AC10000E461D461446BAB100232B60012203A93B
:10AC2000F7F704FB70B9CDE9004503983346D0E946
:10AC3000091200F06BFA04460398F7F745FF002C61
:10AC400018BF204604B070BD6FF08900FAE770B5F8
:10AC50000488049E154604F4E042B2F5804F22D1E8
:10AC600024F4405044F2010290420DD004F44F44C9
:10AC7000B4F5824F08D0B4F5844F05D0B4F5884FB1
:10AC800002D0B4F58E4F0ED1B5420FD818462A46E1
:10AC900000F036FD721B0021284400F059FD059B91
:10ACA00000201D6070BD6FF08500FBE76FF089002C
:10ACB000F8E7F0B50F4685B01E4615460AB30023E7
:10ACC00033601A4603A9F7F7B1FA044638B9039876
:10ACD00003885B0406D4F7F7F7FE6FF0860420467E
:10ACE00005B0F0BDCDE900563B46D0E9091200F0B1
:10ACF00018FA04460398F7F7E7FE002C08BF04464D
:10AD0000EDE76FF08904EAE710B50368044653B134
:10AD100000F070FA00232360A38823F4FF7323F06C
:10AD20000103A38010BD1846FCE72DE9FF410C4646
:10AD3000016898460023054617460393A9BB4FF4C4
:10AD4000A872083000F004FDB8F1000F20463B4621
:10AD500014BF4FF480624FF4006203A9F7F766FA5C
:10AD6000044620BB039E2A1D31883846F7F7FAFABD
:10AD70000446E0B96B7968F300036B710097D6E97C
:10AD8000092331462846B8F1000F0BD0F7F7D2FE61
:10AD9000044660B90398F7F797FE0446204604B0CE
:10ADA000BDE8F081F7F7E6FEF2E76FF08804284689
:10ADB000FFF7AAFF0398F7F787FEEFE70123FFF7F6
:10ADC000B4BF38B50468054664B112B90024204602
:10ADD00038BD00F0FAF904460028F7D02846FFF7FE
:10ADE00093FFF4E76FF08804F1E72DE9F04117468F
:10ADF000026805460E46984682B14279D2070DD5C3
:10AE000002795AB1BA4216D800F0E8F9044638B9C6
:10AE1000A6B92846BDE8F041FFF776BF6FF0880479
:10AE20000023C8F800702B7146B92846FFF76CFF65
:10AE30002046BDE8F0816FF08904F1E72146D8F89B
:10AE400000303A463046FFF7CAFD2846FFF75CFF60
:10AE5000002C08BF0446EBE71FB501240394089CAF
:10AE60000294079C0194069C0094FFF7C2FD04B075
:10AE700010BD2DE9F04788B005469A460023079398
:10AE800025F0004323F47F03B3F1106FDDE9109642
:10AE9000DDF84880084617461CD12B464FF4804207
:10AEA00007A9F7F7C3F90446B0B9CDE90368CDE9BE
:10AEB00001A907980097D0E909122B4600F0A2F9E2
:10AEC000044648B90798F7F7FFFD0446204608B046
:10AED000BDE8F0876FF0860431464846F7F724FC5A
:10AEE0000798C8F80060F7F7EFFDEFE7034608465C
:10AEF0001B8803F4E043B3F5805F114602D0B3F53D
:10AF0000005F01D1F7F710BC6FF0850070477FB587
:10AF1000002203880A60CDE90122428806460D46D8
:10AF2000002A69D0028802F4E042B2F5804F63D073
:10AF300023F0FF03B3F5E24F02D0B3F5824F04D103
:10AF40003046FFF7F0FC0446D8B902AA01A9304602
:10AF5000F7F778FA0446002843D1019B9B6A9BB11E
:10AF60000199304601F12803D1E9091200F087F870
:10AF70000446002839D101982946F7F7C9F9044653
:10AF800078BB204604B070BD73681B0A22D130889C
:10AF9000718800F4E043B3F5805F15D0B3F5005F2E
:10AFA00012D020F0FF03B3F5E24F22D1C0B2422805
:10AFB0000ED10831C908039103990198FFF792FD5A
:10AFC00004460028CCD00CE0FFF75DFD044640B9F4
:10AFD0000731EFE703A9304600F04CF8044600289B
:10AFE000EAD00198F7F790FACBE70198FFF7AFFDA9
:10AFF000F7E76FF08504F4E76FF08604C1E71C22E1
:10B00000002100F0A5BB03466FF040420846591EE0
:10B01000914207D338B103F1404393428CBF0020E3
:10B020000120704701207047034668B1017F8A1EE6
:10B03000012A0BD80329026A03D1012A01D1FFF7A3
:10B0400091BD1AB1013A1A62002070476FF0960064
:10B05000704700207047C0B2002814BF6FF0850011
:10B060000020704700207047704700221A606FF080
:10B070008600704700230B606FF0860070472DE953
:10B08000F04147683F0A04460D461646984611D1DE
:10B0900007887F0407D44346324629462046BDE848
:10B0A000F041FFF723BF00F0DCF810F1860FF2D07B
:10B0B000BDE8F0816FF08600FAE72DE9F04F4768B0
:10B0C00085B03F0ADDE90E9ADDF840B004460D4632
:10B0D0001646984615D1CDE901ABCDF8009000F0A9
:10B0E000B2F810F1860F0ED143463246294620466B
:10B0F000CDE90FABCDF8389005B0BDE8F04FFFF7C4
:10B1000004BD6FF0860005B0BDE8F08F10B4446850
:10B11000240A02D110BCFFF742BD6FF0860010BCBC
:10B1200070472DE9F34747683F0ADDE90A9A04466C
:10B130000D461646984611D1CDE9009A00F075F8F3
:10B1400010F1860F0CD14346324629462046CDE900
:10B150000A9A02B0BDE8F047FFF779BD6FF08600AC
:10B1600002B0BDE8F08713B504464868000A0AD16A
:10B170000498009004F10800F7F7CCFD08B91C23EF
:10B18000236002B010BD6FF08600FAE710B40468C7
:10B190001C2C03D110BC0830F7F7E8BD6FF0860017
:10B1A00010BC704738B503681C2B0CD100F10804A3
:10B1B000204600F05DF94FF4907105462046F6F701
:10B1C000CDFE284638BD0025FBE703681C2B02D1C5
:10B1D000083000F028B96FF08600704710B404689A
:10B1E0001C2C03D110BC083000F026B96FF086008B
:10B1F00010BC704703681C2B02D1083000F028B93E
:10B200000020704710B44468240A02D110BC00F03A
:10B2100037B96FF0860010BC7047F7F701BEF7F73B
:10B220002FBEF7F783BEF7F7C5BC10B4048804F44B
:10B230004F44B4F5824F02D110BC00F0A9B96FF0B1
:10B24000850010BC704710B4048804F44F44B4F572
:10B25000824F02D110BC00F0CBB96FF0850010BC5A
:10B26000704710B4048824F0FF04B4F5E24F02D113
:10B2700010BC00F010BA6FF0850010BC7047024699
:10B2800012F8103BDB0903EBC303C3EB031312F803
:10B29000011D83EA4103904213704FEA1323F6D154
:10B2A00070472DE9FF4705468846144622B3D0F87B
:10B2B000486100F5947786B9A0444FF010090DF16C
:10B2C0000C0A102CA8EB040237D82346394638461E
:10B2D00000F051F9C5F848410EE0C6F110094A45A1
:10B2E0000FD8B91913460846424600F044F9D5F87C
:10B2F00048312344C5F848310026304604B0BDE843
:10B30000F087B9F1000F08D0B91942464B460846FC
:10B3100000F031F9103EC844344403AB10220193CD
:10B3200000923B4639462846FFF730FF0646002884
:10B33000C2D02846FFF736FFDFE7102339463846EC
:10B3400000F019F9CDE9009A3B461022394628460B
:10B35000FFF71CFF06460028EBD1103CB1E72DE9B2
:10B36000F0439846D0F84831102B174685B0044674
:10B37000894600F59C7200F594751CD12946284633
:10B3800000F0F9F803AB1022019300922B462946F6
:10B390002046FFF7FBFE064630B93A4629464846A6
:10B3A00000F0AEF9C8F800702046FFF7FBFE30460B
:10B3B00005B0BDE8F083C618104696F8283183F032
:10B3C000800386F82831FFF75AFF10230246D5E79D
:10B3D000F0B5D5B004460E46174600214FF4A672CC
:10B3E00001A81D4600F0B4F921463B46324601A8AB
:10B3F000F7F708FC044680B95A9A294601A8FFF7D6
:10B4000050FF044648B9DDE95C235B9901A8FFF7CA
:10B41000A6FF0446204655B0F0BD01A8FFF7C2FEC6
:10B42000F8E7F7F715BC90F84C31022B01D1FFF784
:10B4300038BF6FF08800704710B490F84C41022C70
:10B4400002D110BCFFF78BBF6FF0880010BC7047B3
:10B4500010B590F84C31022B044607D1FFF7A2FE3D
:10B460004FF4A8720021204600F072F9002010BDB0
:10B4700008B54FF49072002100F06AF9002008BD71
:10B4800010B4048804F44F44B4F5824F02D110BCC8
:10B49000F7F760BD6FF0850010BC70472DE9F04FE5
:10B4A00089B005460E461C4602EB030800F5947A67
:10B4B0000DF110090F2CA8EB040704D81CBB0020C9
:10B4C00009B0BDE8F08FD5F82831002E03F1010353
:10B4D00003AA4FF0100BC5F82831514614BF4B4654
:10B4E0003B460192CDF800B05A462846FFF74EFE83
:10B4F0000028E5D12EB15B4632464946384600F079
:10B500003AF8103CD6E7D5F828310133C5F8283190
:10B51000102203AB019300920DEB020305F5947129
:10B520002846FFF733FE0028CAD136B123463246FB
:10B5300004A9384600F01FF8C1E7224604A938469E
:10B5400000F0DEF8BBE710B58CB030236A46044645
:10B55000FFF7A4FF18B969462046F7F72DFC0CB099
:10B5600010BD03460144002013F8012B8B4240EA32
:10B570000200F9D1704730B50B4411F8014B12F8B5
:10B58000015B994284EA050400F8014BF5D130BD16
:10B59000F8B5054614466F882D8805F4E04CBCF5D7
:10B5A000804F1846DDE9063606D19A421DD800F0D4
:10B5B000A7F834600020F8BD47F21212954202D07D
:10B5C0006FF08500F7E7640001349C420DD8042336
:10B5D000B7F5807F34600370F2D10130F7F738FEA1
:10B5E0000028E7D06FF08600E5E76FF08900E2E71A
:10B5F0002DE9F0411F460388DDF820800E4644F215
:10B6000012118B42154642882ED047F212118B42FE
:10B610003BD102B9EA00B2F5807F36D1202D03D0AC
:10B620006FF08600BDE8F08129463046FFF799FFAC
:10B630000028F5D03046F7F7F7FD0028F0D1D8F80C
:10B64000004034F48074EBD1069B9D4220D82A46FA
:10B650003146384600F054F8079B1D604FF4807364
:10B66000C8F800302046DDE71AB9EB07D8D56A08DC
:10B67000D200B2F5807F08D1412DD1D13378042B8F
:10B68000CED1701CF7F7DAFDD7E76FF08500C9E778
:10B690006FF08900C6E7F8B50D46478801881E4659
:10B6A00047F21213FC1D99424FEAD40402D06FF006
:10B6B0008500F8BD944215D821462846F7F734F89E
:10B6C0000028F6D121462846FFF74BFF0028F3D08B
:10B6D000B7F5807FEBD12846F7F7A6FD0028EBD120
:10B6E0003460E6E76FF08900E3E77047F5F710B8DC
:10B6F0004FF0FF324FF0FF33F4F792BFFEF709BD72
:10B700000A44914200F1FF3300D1704710B511F89F
:10B71000014B03F8014F9142F9D110BD884210B599
:10B7200001EB020402D98442234607D8431EA142FA
:10B7300008D011F8012B03F8012FF8E70244014665
:10B740008A4200D110BD13F8014D02F8014DF7E710
:10B7500002440346934200D1704703F8011BF9E706
:10B7600010B501390244904201D1002005E0037870
:10B7700011F8014FA34201D0181B10BD0130F2E7B0
:10B7800010B56AB10139841810F8012B11F8013F86
:10B790009A4203D1A04201D0002AF5D1D01A10BD9F
:10B7A0001046FCE710B50139044632B111F8013FEB
:10B7B00000F8013B013A002BF7D10021FFF7C8FF49
:10B7C000204610BD10B5024601448A42134603D0FC
:10B7D0001C780132002CF8D1181A10BD2DE9F04761
:10B7E000C3F13709074688465FFA89F903F01F0558
:10B7F00016464FF0000A384641462A465346E0F7BF
:10B800002DFCD4B2092C88BF4C443A46434688BF2D
:10B81000E4B2AA4204F1300473EB0A0306F8014BC8
:10B8200007468846E7D23046BDE8F0872DE9F04F5D
:10B8300087B00618994602AB41EB01040093154608
:10B840003046D2E900232146DDF844B000F0A9F8E3
:10B8500004AB0093D5E902230746884630462146CB
:10B8600000F09FF8DDE90263841951EB0306049BA5
:10B87000D5E900014FF0000228BF0122D218059B34
:10B8800043F10003381848EB0101B84271EB08019D
:10B89000D5E902C134BF0120002014EB0C0C46EBAB
:10B8A000010110EB0C0041F10001A04271EB060C0C
:10B8B00034BF4FF0010C4FF0000CCDE90423A9F187
:10B8C000410A1CEB020243F10003CDF800A000F096
:10B8D00083F8109BC3E90001129B012BDDE90423CF
:10B8E00029D1D5E90201D5E900C5201A66EB01018D
:10B8F000674578EB050534BF01250025401B61F144
:10B900000001844276EB010534BF01250025521B5E
:10B91000CDF800A063F1000300F05EF8DDE9042338
:10B92000CBE90001CDF800A02046314600F054F8E4
:10B9300007B0BDE8F08F17EB070E48EB080C201995
:10B9400046EB0601BE457CEB080834BF0127002703
:10B95000C71941F10008D5E9000186457CEB010CCF
:10B96000D5E9021534BF01200020381A68F1000C17
:10B97000401A6CEB050192185B41A74278EB060573
:10B9800034BF01250025521943F10003874278EBAB
:10B99000010834BF01250025521BA9F1400500957F
:10B9A000B8E7F0B50F460446A0FB0201A7FB025220
:10B9B0004919A3FB044542F10002A7FB0373611878
:10B9C00045F10004D219059E43F10003121943F119
:10B9D0000003C6E90023F0BDF0B5059CC4F14007A3
:10B9E000C4F1200602FA06F6A4F12005BB4022FAB3
:10B9F00005F53343C4F120062B4301FA06F6A4F102
:10BA00002005E04021FA05F53043BA402843E140E3
:10BA100010431943F0BD2DE9F0410446CD0FC1F3A9
:10BA20000A50C1F3130154EA0107157140F2FF7681
:10BA300007D0B0420CD145F0080515710020BDE8D3
:10BA4000F081002863D0B0425ED145F00405F4E7F0
:10BA5000002859D10120A0F2FF30002B106059DBE3
:10BA60000C2B59DCC3F10D05AD00012005F1FF3CA5
:10BA7000A5F12107C5F1210620FA06F600FA07F71D
:10BA800000FA0CF03743061847EB0708D6F1000E12
:10BA900068EB480C013E48F1FF38264008EA0108EF
:10BAA000B04277EB08080FDBC5F12008B5F120069E
:10BAB00001FA08F824FA05F545EA08055CBF41FAE1
:10BAC00006F63543ED0703D52018044641EB070180
:10BAD00004EA0E0401EA0C019DF8186012321846BF
:10BAE0000D25C6F127064FF0300E04F00F03240990
:10BAF00044EA017405F1FF3C0911571EB3B9A8428D
:10BB00000CDA65463A46F0E741F48011A3E70446B3
:10BB10000146A2E70023DFE70D23DDE782F800E01E
:10BB20001CF1010365463A46DFD188E7092BC8BFFF
:10BB30009B193033A8421370B8BF2846F0E7D1E90B
:10BB4000043293421EBF5A1C0A61187070470000ED
:10BB500001480068704700000C4500205E3BFE7FF6
:10BB600001000000154101000000000075410100C6
:10BB7000000000000000000034BC0200579F0200DB
:10BB800000000000D503020000000000F9030200DD
:10BB9000000000000000000054BC02004DC901007C
:10BBA00000000000D1EC0100000000004B940200F6
:10BBB000000000000000000074BC02000000000053
:10BBC00094BC0200D9DF01000000000085210100C3
:10BBD000000000002D3F01000000000000000000F8
:10BBE000B4BC0200B5ED01000000000055090200E0
:10BBF0000000000000000000F4BC02000000000093
:10BC000034BD02000000000014BD0200000000006E
:10BC1000D4BC0200C145010000000000C79302002F
:10BC200000000000D19302000000000000000000AE
:10BC300054BD0200F601030098CC020044BF02008C
:10BC4000081900200C47002089C6010000000000F0
:10BC500000000000AD020300B8CC020000BF0200EB
:10BC60000E190020D4470020C1CE010000000000C2
:10BC7000000000001F02030000000000E0BE020000
:10BC80000A1900206047002071CB0100000000006D
:10BC900000000000E904030040CD020060BF020084
:10BCA00014190020BC17002015D601007590020061
:10BCB00000000000FB070300000000005CCE020053
:10BCC0001A19002054480020E1E3010000000000A0
:10BCD000000000008902030000000000E8BE02002E
:10BCE0000C1900200000000091CC010000000000B1
:10BCF000000000008A0303009017002024BF020008
:10BD000010190020E04700200B8D0200078D020073
:10BD100000000000C10603008CCD02003CBF020001
:10BD200016190020E017002021D7010000000000B4
:10BD300000000000CE060300F4CD02003CBF02006C
:10BD4000181900205018002021D701000000000021
:10BD500000000000B0040300F8CC02000000000066
:10BD6000121900203570002035D2010000000000BB
:10BD700000000000659402009F9402000000000093
:10BD8000A364020094BC0200CF8F0200E0470020B1
:10BD900005FC01008DF701009F94020000000000E7
:10BDA000A3640200EC150020778A02000000000066
:10BDB000A364020000000000A36402000000000071
:10BDC000A364020000000000A36402000000000061
:10BDD000A364020000000000A3640200604700208A
:10BDE000E1CB010000000000A3640200000000009D
:10BDF000A364020000000000A36402000000000031
:10BE0000A5E0010000000000A364020000000000A3
:10BE1000A364020000000000A36402000000000010
:10BE2000A364020000000000A36402000000000000
:10BE3000A364020000000000A364020000000000F0
:10BE400039ED010000000000A364020000000000C2
:10BE5000A364020000000000A364020000000000D0
:10BE6000A364020000000000A364020000000000C0
:10BE7000A364020000000000A364020000000000B0
:10BE8000A364020000000000A36402009DF701000B
:10BE90009F94020000000000A36402000000000064
:0CBEA000A364020000000000A364020084
:10BEB00038370020008F00200004000045C5010035
:10BEC0000000000000000000000000000E00000064
:10BED00000000000F001030000000000000000006E
:10BEE00019CB010071CA01009F890200E5CD010054
:10BEF00021CD010065CC01002389020055CC010051
:10BF00007B8A0200CD890200DB890200F3890200EE
:10BF1000FF8902000B8A0200ED8B0200258A0200D5
:10BF200000000000A5D00100000000001DCF0100AE
:10BF30000000000000000000618D0200FDD801003B
:10BF4000A3910200E1C60100D187020031880200FE
:10BF5000000000006F8702000000000000000000E9
:10BF60005F8E020061D50100518E02007B900200BD
:10BF7000858E0200AD8E0200E38E0200F78E020075
:10BF8000258F0200398F0200F78E0200158F020004
:10BF90004D8F02005B8F0200698F02009F8F0200AD
:10BFA000A38F020005000000A57C01000600000030
:10BFB00005B3010004000000158D01000D03010010
:10BFC0002D01010000000000000000000000000042
:10BFD0000000000000000000000000000000000061
:10BFE0000000000000000000000000000000000051
:10BFF000EDA201000000000000000000C0CA020025
:10C000000800000060CB02000700000048C70200E3
:10C010000800000059F0020002000000BCF8020015
:10C0200002000000F3E5020002000000B6F4020086
:10C03000020000005A01030002000000FAE50200BD
:10C0400002000000DFF1020002000000C3FC020059
:10C0500002000000BFED02000200000000F002003C
:10C0600002000000420103000200000048F6020046
:10C07000020000008AE40200020000001808030029
:10C08000020000000608030002000000ADE5020007
:10C09000020000003200030002000000EBDC02009E
:10C0A000020000001102030002000000D0E40200C0
:10C0B00002000000A302030002000000A008030029
:10C0C00002000000F0DD020002000000B8040300DE
:10C0D00002000000BB0203000200000097030300FF
:10C0E00002000000F001030002000000FFDD02007A
:10C0F0000200000003DE02000200000000D3020084
:10C100000300000044080300020000009EE3020058
:10C1100002000000FFE302000200000007E402004A
:10C12000020000006A08030002000000C7090300C3
:10C1300002000000B0E502000200000016E4020068
:10C1400002000000DB06030002000000F704030009
:10C150000200000036D70200030000003CDC0200B1
:10C160000300000003DB0200030000004CC80200D3
:10C17000A04400201ADF02000100000004000000BB
:10C180000F00000001000000080000002000000077
:10C1900064000000740000000D0000000C000000AE
:10C1A0000E0000005000000078000000AC0000000D
:10C1B000FFFFFFFFFFFFFFFFFFFFFFFFFFFFFFFF8F
:10C1C000AAE502000000000000000000514201004A
:10C1D0000D45010000000000DAFB02000100000034
:10C1E000000000008B7B0200000000000000000047
:10C1F000B7FC02000100000000000000BD9C01002F
:10C200000000000000000000AFFC02000100000080
:10C21000000000003993010075A10100000000003A
:10C220003A01030001000000000000006DC10100A0
:10C2300079C0010000000000BDFC02000100000008
:10C2400000000000B5980100959701000000000073
:0CC2500000000000F908010000000000E0
:10C26000000000000300000030000000600000003B
:10C2700000000000010001000001010000010001B8
:10C28000000001000100000001000B0002000A0094
:10C29000050009000A000800140007001E0006003F
:10C2A000320005004B000400640003009600020009
:10C2B000FA000100F401000002030100F401FA0099
:10C2C000960064004B0032001E0014000A000500B6
:10C2D000020001000C0802170D0101020909010109
:10C2E00006020918180301010909030305030201E5
:10C2F000230202240910040405050B0B040B2B1B5D
:10C300001B159A9A1C021D16130501490D150508E7
:10C31000061B1B0F0A060601010000FEFEFEFEFEC4
:10C32000FEFEFEFEFEFEFEFEFEFEFEFE16FEFEFE15
:10C33000FEFEFEFEFEFEFEFE1F1FFEFE26FEFEFEB3
:10C34000FEFEFEFEFEFEFEFEFEFEFEFEFEFEFE3ECD
:10C350003EFEFEFEFE3B3B00A301B103BF05EF0224
:10C360004906A309C505F50B25120E021C045A0344
:10C37000B4063006600C00000100000010110040FF
:10C3800000000000000000000000000000000000AD
:10C390000406080A0C0E10121416181C1E20222463
:10C3A00026282A2C2E30323436383A3C3E4042443D
:10C3B00046484A4C4E021A50000000002800000077
:10C3C0001800000000000000141E000030110000E2
:10C3D0000000000070170000A00F00000000DC0546
:10C3E000E803000000000000141E000030110000EF
:10C3F00000002CA6E0A100003408E80300010302BD
:10C40000D8ECF0F4F8FC000203040506070800006D
:10C41000000000000000000000000000000000001C
:10C4200000000101010102020202030303030404EC
:10C4300004040505050506060608090000000000BD
:10C4400000000000000000000000000000000001EB
:10C4500001010102020202030303030404040405B0
:10C4600005050506060708090A0B0C0D0010020059
:10C47000FA00000001030062746C65000000000017
:10C4800000000000000000000000000000000000AC
:10C49000000000000000000000000000000000009C
:10C4A000000000000000000000010000000000008B
:10C4B0000338FDD8704700000100000000000000B4
:10C4C000050000000000000019000000000000004E
:10C4D0007D0000000000000071020000000000006C
:10C4E000350C000000000000093D000000000000C5
:10C4F0002D31010000000000E1F505000000000002
:10C5000065CD1D0000000000F9029500000000004C
:10C51000DD0EE90200000000514A8D0E000000000F
:10C520009573C24800000000E941CC6B0100000097
:10C530008D49FD1A07000000C16FF286230000003C
:10C54000C52EBCA2B1000000D9E9AC2D78030000D3
:10C550003D9160E45811000031D6E275BC560000F0
:10C56000F52E6E4DAEB10100C9EA2683677808004A
:10C57000ED95C28F055A2A00A1EDCCCE1BC2D30087
:10C5800025A4000A8BCA220400000000000000005D
:10C59000000000000000001000000000000000008B
:10C5A000B9340332B7F4AD1410DB1AB30892540E49
:10C5B0000D307D951447BA1A66088F4D26ADC66DAD
:10C5C000F598BF85E2B74511CA96853D92BD1DEB32
:10C5D000FCA11860DCEF52163C92AE220BB8C1B43D
:10C5E000839D2D5B0562DA1C304C7E8F4E8BB25BD7
:10C5F00016F4529F8B56A512FBD4827643ED8AF037
:10C600008FE7F9311565191850F19BD94A13EEB42B
:10C61000284CF0A686C1251F035FC270CB9E491629
:10C62000E642889C44EB2014B0650836AD6EA585C3
:10C6300085F0CA14E2FD031A0B899979D5B13D0939
:10C64000D8DA973A35EBCF10AC363F5E73BB38CFB4
:10C650003E6752FA44AFBA15010000000000000026
:10C660000000000000000020345065C05FC9A652E1
:10C67000BB13CBAEC440C21806C8DF7100D5A87C7E
:10C68000F56F0FDA58FC27136E4756357D24206569
:10C6900002C7E768E48CA41DE9E60268D7CD3961DA
:10C6A0007977FCC2405BEF16798CDE43FFA751F926
:10C6B00091F3B278F5BDBE11E857E9D6E8BEE87B44
:10C6C000B054AC8F848D751BEA23A499E9F9D38B00
:10C6D000B7A3714061DA3E15CEE33ECB73F948084B
:10C6E0008C97B427D51B7010A2BFEFB9EB8532151C
:10C6F0004DB44DB49BBB6F1996B6076CF8E7EEAD21
:10C7000036D9B4F59135AE13222218AF4E6A684D72
:10C7100091DAAA3D4F40741E9FBD9EE006A1C098CD
:10C7200057C2A7FDA40E90170E7D497173E3208FA9
:10C73000B220D87605143B12853D7434811343B082
:10C74000AD297A5F27F4351C80D00200517D0200AC
:10C75000000000001DD70200000001007CD0020094
:10C76000137F020000000000AC1500200000010053
:10C77000FBD60200CB4C020000000000CE5000208F
:10C780000000010078D00200237D02005D9A0100C4
:10C79000941500200000030074D00200137F0200F3
:10C7A000000000008C15002000000100D9D6020016
:10C7B000000000005903010000000000000002001A
:10C7C00070D00200137F02000000000084150020DA
:10C7D00000000100B7D6020000000000E9000100DF
:10C7E0000000000000000200090700002ED7020030
:10C7F000010100000419002007100000F4180020B7
:10C80000E82D002000010000CD5F02006F5F0200F4
:10C81000020000007D610200000000000000000036
:10C820000000000000000000FADE020002DF02004B
:10C830000000000000000000000000000ADF02000D
:10C840000EDF020012DF020016DF0200E52B0100FE
:10C85000D92B0100092C0100C12B010000000000B0
:10C86000CD2B010000000000652C0100A844002031
:10C87000DD6C00201000000002000000000000003D
:10C880000000000000E00700D4BC0200010000002E
:10C8900000E0070000200000D4BC0200C01000200F
:10C8A0000000000000000B0602000000B0C80200FB
:10C8B00000000000EBE30200240002020000002060
:10C8C000F3E302001E000B11DC150020B93F01004C
:10C8D000000000002D650200CCC80200E8C802007C
:10C8E0004A0000000000000070B20020CCC8020026
:10C8F000FCC802002E0000000000000038B7002035
:10C90000CCC8020010C902000201000000000000B3
:10C910000CB800200E030000355C01000F0400007D
:10C92000015C01001A0100005D47010005040000E0
:10C930000148010013010000414F01003E010000C9
:10C94000654D010001120000DF6902000A1E0000AF
:10C95000D1690200FF010000D94E01003E01000034
:10C96000B94E0100050400004D4801000804000014
:10C97000E5520100300300005D520100100100008B
:10C98000F548010001120000855B01000A1E00004D
:10C99000B96A02000309000041500100040B0000C5
:10C9A00095490100060A000029550100070A000008
:10C9B000C54801000C05000091480100050C00006D
:10C9C00065540100CCC80200D4C902004700000031
:10C9D0000000000028B9002035F4020042F40200F3
:10C9E00062F4020056F402006DF4020084F40200C6
:10C9F00094F40200DCF70200A8F40200CCC80200A4
:10CA00000CCA0200000000000000000048BA00202C
:10CA1000CCC8020020CA02004A000000000000004A
:10CA200070BA002027710200797102000000000036
:10CA30000000000000000000AD7F010000000000C9
:10CA400000000000000000000000000002020100E1
:10CA50000579020004040100A98C0100060601000A
:10CA6000E98B010008040100D58A01000A020100D7
:10CA7000ED7802000C040100D57802000E040100DC
:10CA8000A9890100200401000D89010010040100A2
:10CA90001D88010012020100A57702001E0004009B
:10CAA000617A020052020000CB770200CCC802007B
:10CAB000BCCA02004C00000000000000C8BB0020FF
:10CAC000B0D00200517D020000000000ACD0020096
:10CAD00000000100A8D00200137F02000000000047
:10CAE0002417002000000100A0D002000000000078
:10CAF0000000000000000000000000009CD00200C8
:10CB0000237D02005D9A01002C1700200000030025
:10CB100098D00200137F0200000000001C170020C4
:10CB20000000010090D00200897D0200D99B010025
:10CB300000000000000003008CD00200137F020000
:10CB400000000000141700200000010084D0020043
:10CB500089A00100000000000000000000000100AA
:10CB6000DCD00200517D020000000000D8D002009D
:10CB700000000100D4D00200137F0200000000007A
:10CB80005417002000000100CCD00200B97D020043
:10CB9000000000000000000000000100C8D00200FA
:10CBA000137F0200000000004C170020000001006D
:10CBB000C0D00200E37D0200000000000000000081
:10CBC00000000100BCD00200137F02000000000042
:10CBD0004417002000000100B4D0020009970100B2
:10CBE00000000000000000000000010081B2010010
:10CBF0009F850200D9BC0100000000000000000079
:10CC0000C5B90100000000000000000000000000A5
:10CC10000000000000000000000000001DB4010042
:10CC2000060000006383020006000000F9AF010067
:10CC3000100000006DAC01001000000079BC010084
:10CC40000100000095810200100000005F830200D7
:10CC50000A00000029B3010010000000A9BA010079
:10CC60000700000067830200100000005F820200DE
:10CC700001000000CDB1010040000000038302006C
:10CC8000100000007F8202000100000045C6010084
:10CC900015C6010000000000BDC701003DC701002E
:10CCA000050203001DC70100578802000B020300A4
:10CCB0000400000000FF0000FFFFFFFF0000005025
:10CCC000EC150020000000000000000000300040D3
:10CCD000D8CC020002000000F0CC020002000000EC
:10CCE000E8CC0200020100001A80000C1B80000B3F
:10CCF0001A06000C1B06000B3200000004000000A6
:10CD000010CD0200F0370020BDD10100000000006E
:10CD100054BC02000D0011000B00000054BC0200C6
:10CD20000E0011000200000054BC02000F001100B0
:10CD30000300000054BC02001000110004000000B9
:10CD400000200040010000000000000060CD020053
:10CD50000000D60100000000367000203570002071
:10CD6000002000406CCD02000200000084CD0200D3
:10CD7000020000007CCD02000201000006800000DD
:10CD80000B800001060000000B0000010030024093
:10CD900001000000000000FF00FF00000000000094
:10CDA00000000001010000001B910200B8CD02004C
:10CDB00000000000FFFFFFFF00300240C4CD020072
:10CDC00002000000E0CD020003000000D4CD02000C
:10CDD0000301000019800004178000051880000678
:10CDE00019000004170000051800000654BC0200DA
:10CDF000160001000040004000000000000000FF9D
:10CE000000FF000000000000000000010100000021
:10CE10001191020020CE020000000000FFFFFFFF82
:10CE2000004000402CCE02000200000048CE02006C
:10CE3000030000003CCE0200030100001F8000043C
:10CE40001E8000051D8000061F0000041E00000556
:10CE50001D00000600000000000000000DE30100BE
:10CE60009F920200CD920200730903008109030022
:10CE700095090300A4090300B009030064BB020084
:10CE800064BB0200C4BB0200CCBB020034BC020085
:10CE900034BC0200CA0903000001000000000000C9
:10CEA000512563FCC2CAB9F3849E17A7ADFAE6BC4C
:10CEB000FFFFFFFFFFFFFFFF00000000FFFFFFFF7E
:10CEC000AAAAAAAAAAAAAAAAAAAAAAAA5555555516
:10CED0005555555555555555000000005555555556
:10CEE000522563FCC2CAB9F3849E17A7ADFAE6BC0B
:10CEF000FFFFFFFFFFFFFFFF00000000FFFFFFFF3E
:10CF0000512563FCC2CAB9F3849E17A7ADFAE6BCEB
:10CF1000FFFFFFFFFFFFFFFF00000000FFFFFFFF1D
:10CF200096C298D84539A1F4A033EB2D817D0377C3
:10CF3000F240A463E5E6BCF847422CE1F2D1176B5E
:10CF4000F551BF376840B6CBCE5E316B5733CE2B31
:10CF5000169E0F7C4AEBE78E9B7F1AFEE242E34F60
:10CF60004B60D2273E3CCE3BF6B053CCB0061D659D
:10CF7000BC86987655BDEBB3E7933AAAD835C65A26
:10CF8000FCFFFFFFFFFFFFFFFFFFFFFF00000000B0
:10CF9000000000000000000001000000FFFFFFFF94
:10CFA000647261676F6F6E2F6C6962732F73636851
:10CFB00065642F7372632F73636865645F68616C67
:10CFC0005F7274632E630000000000000000000028
:10CFD0000000000000000000000000409559695961
:10CFE0005555545515555556040515411054554081
:10CFF000455155444045504450555545004000402A
:10D000004004449665555655454045545141154098
:10D0100055915555555540510501000054455454FE
:10D0200045550504001004101404400000000140A0
:10D030005555154154040000440001000000004013
:10D0400041000044504445505400555554556551D5
:10D050000040004001000001000501001154515141
:10D0600054555505000000000000000000000000BD
:10D070000000032800000328000002290000032804
:10D080000000002800002A2B00002A2B00000328A3
:10D090000000292B0000292B000003280000022992
:10D0A0000000052A0000052A0000032800000118DE
:10D0B000000000280000042A0000042A00000328C1
:10D0C0000000012A0000012A000003280000002AB5
:10D0D0000000002A000003280000001800000028BB
:10D0E00053657474696E6773206C656E677468202D
:10D0F0006D69736D6174636820666F72206361721D
:10D1000064732120457870656374656420257A75A1
:10D110002C20676F7420257A75002D2D2D204E56FA
:10D120004D204C4F41442053554343455353202DEC
:10D130002D2D00526573746F726564202564206321
:10D14000617264732066726F6D2073746F726167B1
:10D15000652E004D415443482120556E6C6F636B22
:10D16000696E672E2E2E00524649442054696D6523
:10D170006F757420726561636865642E2052656CFA
:10D180006F636B696E672E005374617274696E67AA
:10D19000204164642046696E6765727072696E74BE
:10D1A00020726F7574696E6520666F722049443A0B
:10D1B000202564004E65772066696E67657270721F
:10D1C000696E74207375636365737366756C6C79CF
:10D1D00020616464656421004661696C6564207443
:10D1E0006F206164642066696E6765727072696E33
:10D1F000742E00456E726F6C6C6D656E7420747267
:10D200006967676572656421205374617274696E21
:10D210006720696E2031207365636F6E642E2E2E39
:10D220000057616C6C4E657420426F6F74696E6755
:10D230002E2E2E004661696C656420746F20726525
:10D240006769737465722073657474696E6773209F
:10D2500068616E646C65722028657272202564298D
:10D260000053657474696E6773206C6F6164206627
:10D2700061696C6564202865727220256429004507
:10D280006E746572696E672046697273742D546995
:10D290006D652053657475702E00457869737469E7
:10D2A0006E67206461746120666F756E642E20560F
:10D2B00061756C74204C6F636B65642E0046696EFB
:10D2C0006765727072696E742F426C7565746F6FEA
:10D2D00074682073657475702C206D6F76696E6745
:10D2E000206F6E20746F206576656E7420696E7491
:10D2F000657272757074732E0077616C6C65740062
:10D300006D61696E5F617070005265636569766515
:10D310006420777269746520746F2077616C6C6526
:10D3200074207061636B65742063686172616374FB
:10D33000657269737469632E2044617461206C6541
:10D340006E6774683A2025640A00307825303258B8
:10D350002028272563272900446973636F6E6E6553
:10D36000637465642066726F6D2050686F6E65200F
:10D3700028726561736F6E20307825303278292EDF
:10D38000006770732F6C6173745F66697800466123
:10D39000696C656420746F20616E63686F722047EA
:10D3A000505320746F204E564D202825642900418B
:10D3B0006E63686F726564204C617374204B6E6F8E
:10D3C000776E2047505320746F204E564D2E0056D6
:10D3D000616C69646174696F6E20706173736564F8
:10D3E0002E2050726F6D6F74696E67207368616470
:10D3F0006F7720636172647320746F204E564D2ED8
:10D40000004E564D205361766520537563636573F6
:10D41000733A2053797374656D20686F6C64732060
:10D4200025642063617264732E00424C4520537959
:10D430006E632054696D656F75743A204E6F207667
:10D44000616C6964206361726473207265636569ED
:10D450007665642E00424C452053796E6320436FFD
:10D460006D706C6574652E2053797374656D204CF6
:10D470006F636B65642E004661696C656420746F30
:10D480002072657374617274206164766572746968
:10D4900073696E67202865727220256429004164D3
:10D4A000766572746973696E6720726573746172F0
:10D4B0007465642E2057616974696E6720666F72A7
:10D4C000207061697265642070686F6E652E2E2E03
:10D4D000004669656C64206F766572666C6F7720B4
:10D4E0002D2043616E6E6F7420617070656E6420D4
:10D4F00025642062797465732E00436F6E6E6563D8
:10D5000074656420746F2050686F6E6500436F6EA1
:10D510006E656374696F6E206661696C656420284E
:10D520006572722030782530327829004E65772078
:10D5300057616C6C6574205061636B65742E204577
:10D540006E746572696E6720424C452053796E6334
:10D550002053746174652E2E2E00436865636B73CF
:10D56000756D206661696C656420666F7220666CFB
:10D5700061673A2030782530325800506172736507
:10D580006420436172642025643A2025732025734A
:10D5900020282E2E2E25732900656E61626C65642D
:10D5A0000064697361626C656400475053206E6F5C
:10D5B00074696669636174696F6E732025730059BD
:10D5C0006573004E6F0050616972696E6720436F2A
:10D5D0006D706C6574652E20426F6E6465643A20D0
:10D5E000257300426C7565746F6F746820696E698D
:10D5F00074206661696C65642028657272202564F8
:10D6000029004661696C656420746F2072656769E2
:10D6100073746572206175746820696E666F20632B
:10D62000616C6C6261636B73202825642900424C35
:10D630004520537461636B20496E697469616C693C
:10D640007A65642E2057616974696E6720666F720F
:10D65000204E564D20746F206C6F6164204D414305
:10D6600020616464726573732E2E2E0041647665AA
:10D6700072746973696E67206661696C6564207491
:10D680006F2073746172742028657272202564297A
:10D6900000424C45204164766572746973696E6717
:10D6A000207375636365737366756C6C792073742E
:10D6B00061727465642E0002F4DEBC9A78563412EE
:10D6C000785634127856341202F4DEBC9A78563406
:10D6D00012785634127856341202F3DEBC9A785619
:10D6E0003412785634127856341202F3DEBC9A782B
:10D6F000563412785634127856341202F1DEBC9A3F
:10D7000078563412785634127856341202F1DEBC50
:10D710009A78563412785634127856341202F0DE63
:10D72000BC9A7856341278563412785634125761AF
:10D730006C6C4E65740077616C6C6E65745F626CC6
:10D7400065000A5B452D494E4B5D2053657475702D
:10D7500020312F323A2050726573732062757474D1
:10D760006F6E20746F20656E726F6C6C2041646DFB
:10D77000696E2046696E6765727072696E742E00FC
:10D780000A5B452D494E4B5D20456E726F6C6C698E
:10D790006E672046696E6765727072696E742E2EB0
:10D7A0002E000A5B452D494E4B5D20526170696425
:10D7B0006C7920706C6163652066696E67657220A4
:10D7C0006F6E2073656E736F72207468726565206A
:10D7D00074696D65732E2E2E000A5B452D494E4BE4
:10D7E0005D20536574757020322F323A2050726577
:10D7F000737320627574746F6E20746F2062656736
:10D80000696E20426C7565746F6F74682070616911
:10D8100072696E672E000A5B452D494E4B5D2050A4
:10D82000616972696E67204D6F64653A204F70655B
:10D830006E2041707020746F20436F6E6E6563744C
:10D840002E2E2E000A5B452D494E4B5D2053796EDE
:10D8500063696E672043617264732077697468201E
:10D8600050686F6E652E2E2E20506C65617365209A
:10D87000576169742E000A5B452D494E4B5D204E61
:10D880006F2043617264732053617665642E000AD1
:10D890005B452D494E4B5D20446973706C6179691D
:10D8A0006E6720436172642025642F25643A202529
:10D8B0007320257320282E2E2E257329000A5B4500
:10D8C0002D494E4B5D205452414E534D49545449BD
:10D8D0004E473A202573202573202D20282E2E2EEA
:10D8E000257329000A5B452D494E4B5D20212121DE
:10D8F00020464143544F52592052455345542049E4
:10D900004E4954494154454420212121000A5B4598
:10D910002D494E4B5D20416C6C2064617461207711
:10D92000697065642E205265626F6F74696E672E30
:10D930002E2E00486F6C64206465746563746564A2
:10D940002028256C6C64206D73292E20456E74652B
:10D9500072696E672046696E6765727072696E746F
:10D9600020456E726F6C6C6D656E742E00456E7422
:10D970006572696E67204164646974696F6E616C79
:10D9800020456E726F6C6C6D656E74204D6F6465B2
:10D990002E00486F6C642064657465637465642050
:10D9A0006275742073797374656D206973206E6F6E
:10D9B0007420696E204C4F434B454420737461744E
:10D9C000652E2049676E6F72696E672E0077616CF5
:10D9D0006C65742F63617264730057616C6C65745D
:10D9E0002077697065642E205265626F6F74696E6E
:10D9F000672073797374656D20696E2032207365BA
:10DA0000636F6E647320746F20636C656172207342
:10DA1000746174652E2E2E00526573657420626CDD
:10DA20006F636B65643A2053797374656D20697315
:10DA30002063757272656E746C79206C6F636B69AC
:10DA40006E67204E564D2E004E6F206361726473D8
:10DA500020696E2077616C6C65742E2049676E6F4B
:10DA600072696E6720746170732E00526567697306
:10DA7000746572656420256420746170732E204182
:10DA80006374697665204361726420496E646578C9
:10DA9000206973206E6F772025642E0044657669B7
:10DAA00063652069732073796E63696E67206F7692
:10DAB000657220424C452E2049676E6F72696E6711
:10DAC00020627574746F6E207461702E0055492049
:10DAD00053756273797374656D20496E69746961F9
:10DAE0006C697A65642E20496E7075742063616C70
:10DAF0006C6261636B7320726567697374657265CC
:10DB0000642E0077616C6C6E65745F7569004865A2
:10DB100061646572206D69736D617463680A0042A7
:10DB200061636B6C6F672066756C6C2121210A0044
:10DB300046502055415254206E6F742072656164C6
:10DB4000790A00EF01FFFFFFFF0100255820005375
:10DB500074617274696E6720656E726F6C6C6D654E
:10DB60006E742070726F636573732E2E2E0A004ED2
:10DB7000756D626572206F66207061636B6574738A
:10DB80002072656365697665643A2025640A004CF5
:10DB9000617374207061636B65742072656365697D
:10DBA0007665643A2000456E726F6C6C6D656E74BC
:10DBB000207375636365737366756C210A0049642D
:10DBC000656E74696669636174696F6E2073636FF3
:10DBD000726520666F722049442025643A202564CE
:10DBE0000A004964656E74696669636174696F6E81
:10DBF000207375636365737366756C20666F72203E
:10DC00004944202564210A00EF01FFFFFFFF537400
:10DC1000617274696E672047505320547261636B60
:10DC2000696E672E0053746F7070696E672047507D
:10DC30005320547261636B696E672E0077616C6C60
:10DC40006E65745F6770730028756E7369676E65C3
:10DC500064292063686172202A20757365642066D8
:10DC60006F722025257020617267756D656E742E48
:10DC70002049742773207265636F6D6D656E6465EE
:10DC80006420746F206361737420697420746F2042
:10DC9000766F6964202A2062656361757365206907
:10DCA00074206D6179206361757365206D6973629D
:10DCB00065686176696F7220696E20636572746150
:10DCC000696E20636F6E66696775726174696F6EE5
:10DCD000732E20537472696E673A22257322206175
:10DCE0007267756D656E743A25640063627072695F
:10DCF0006E74665F7061636B616765004661696C35
:10DD0000656420746F207265626F6F743A2073705F
:10DD1000696E6E696E6720656E646C6573736C798D
:10DD20002E2E2E0A004E5653206E6F7420696E6997
:10DD30007469616C697A656400436F756C64206E08
:10DD40006F74206F627461696E20666C6173682005
:10DD5000706172616D657465727300556E73757074
:10DD6000706F7274656420777269746520626C6F7D
:10DD7000636B2073697A6500536563746F722073F7
:10DD8000697A6520257520746F6F206C61726765F4
:10DD90002C206D6178696D756D20697320257A7509
:10DDA00000556E61626C6520746F20676574207029
:10DDB00061676520696E666F00496E76616C6964A3
:10DDC00020736563746F722073697A6500436F6EA8
:10DDD00066696775726174696F6E206572726F72C1
:10DDE000202D20736563746F7220636F756E7400ED
:10DDF00066735F6E7673006C6F6767696E67006C41
:10DE00006F67006C6F675F6D676D74004D6573734E
:10DE1000616765202822257322292064726F707043
:10DE20006564206265636175736520697420657837
:10DE300063656564732073697A65206C696D6974C4
:10DE40006174696F6E2028257529004D65737361B3
:10DE500067652064726F70706564206265636175C8
:10DE600073652069742065786365656473207369E0
:10DE70007A65206C696D69746174696F6E202825FC
:10DE80007529000D0A001B5B306D00257320005BB7
:10DE90002530386C755D20005B253032753A2530B1
:10DEA00032753A253032752E253033752C253033B6
:10DEB000755D200025732F003C25733E20002573DF
:10DEC0003A2000253032782000202020007C0025D8
:10DED0006300206D657373616765732064726F7092
:10DEE000706564202D2D2D0D0A1B5B306D001B5BB2
:10DEF000313B33316D2D2D2D20001B5B313B3331F8
:10DF00006D001B5B313B33336D00657272007772BD
:10DF10006E00696E6600646267006C6F675F6261C5
:10DF2000636B656E645F727474007365742D7661E3
:10DF30006C7565206661696C7572652E206B6579FC
:10DF40003A202573206572726F7228256429002A91
:10DF50002A2A20426F6F74696E67206E52462043F2
:10DF60006F6E6E6563742053444B2076332E322ED1
:10DF7000322D373438343565313639626532202AEE
:10DF80002A2A0A002A2A2A205573696E67205A65B0
:10DF900070687972204F532076342E322E39392D05
:10DFA000666534663031303638303365202A2A2AA7
:10DFB0000A0072302F61313A2020307825303878CD
:10DFC000202072312F61323A202030782530387885
:10DFD000202072322F61333A202030782530387873
:10DFE0000072332F61343A20203078253038782081
:10DFF0007231322F69703A202030782530387820FD
:10E000007231342F6C723A20203078253038780005
:10E0100020787073723A20203078253038780046A6
:10E0200061756C74696E6720696E73747275637460
:10E03000696F6E2061646472657373202872313574
:10E040002F7063293A2030782530387800556E6873
:10E05000616E646C6564204952516E3A20256400FB
:10E060002A2A2A2A2A20425553204641554C542018
:10E070002A2A2A2A2A002020537461636B696E675A
:10E08000206572726F72002020556E737461636B2D
:10E09000696E67206572726F72002020507265632E
:10E0A00069736520646174612062757320657272A2
:10E0B0006F720020204246415220416464726573B1
:10E0C000733A2030782578002020496D707265639E
:10E0D0006973652064617461206275732065727272
:10E0E0006F72002020496E737472756374696F6E6D
:10E0F00020627573206572726F72002020466C6F0B
:10E100006174696E672D706F696E74206C617A79C5
:10E1100020737461746520707265736572766174C2
:10E12000696F6E206572726F72002A2A2A2A2A206D
:10E130005553414745204641554C54202A2A2A2A06
:10E140002A0020204469766973696F6E2062792005
:10E150007A65726F002020556E616C69676E656428
:10E16000206D656D6F727920616363657373002044
:10E17000204E6F20636F70726F636573736F7220D0
:10E18000696E737472756374696F6E7300202049D1
:10E190006C6C6567616C206C6F6164206F662045F4
:10E1A00058435F52455455524E20696E746F20504B
:10E1B00043002020496C6C6567616C207573652095
:10E1C0006F662074686520455053520020204174CA
:10E1D00074656D707420746F2065786563757465FF
:10E1E00020756E646566696E656420696E7374720D
:10E1F000756374696F6E002A2A2A2A2A204D5055A9
:10E20000204641554C54202A2A2A2A2A00202053ED
:10E210007461636B696E67206572726F7220286328
:10E220006F6E746578742061726561206D696768CE
:10E2300074206265206E6F742076616C69642900B9
:10E2400020204461746120416363657373205669C3
:10E250006F6C6174696F6E0020204D4D46415220F5
:10E26000416464726573733A203078257800202009
:10E27000496E737472756374696F6E204163636570
:10E2800073732056696F6C6174696F6E00526573A9
:10E29000657276656420457863657074696F6E2079
:10E2A000280053707572696F757320696E7465729A
:10E2B0007275707420284952512000535053454CB8
:10E2C00020696E20746872656164206D6F646520DA
:10E2D000646F6573206E6F7420696E646963617426
:10E2E0006520505350002A2A2A2A2A2048415244A5
:10E2F000204641554C54202A2A2A2A2A002020420E
:10E300007573206661756C74206F6E20766563741A
:10E310006F72207461626C652072656164002020F8
:10E320004465627567206576656E740020204661DD
:10E33000756C7420657363616C6174696F6E2028FD
:10E340007365652062656C6F772900415243485FB1
:10E35000455843455054207769746820726561734D
:10E360006F6E2025780A002A2A2A2A2A204465620C
:10E370007567206D6F6E69746F7220657863657064
:10E3800074696F6E202A2A2A2A2A002A2A2A2A2A0F
:10E3900020257320256429202A2A2A2A2A006D7024
:10E3A00075004661696C656420746F20616C6C6FE8
:10E3B00063617465206E6577204D505520726567E6
:10E3C000696F6E2025750A00506172746974696FF7
:10E3D0006E2025753A2073616E69747920636865D3
:10E3E000636B206661696C65642E00464C4153483E
:10E3F0005F30005352414D5F300065786974006EA4
:10E4000065745F627566006E65745F6275665F73E2
:10E41000696D706C6500736F630000FFFFFFFFFFA5
:10E42000FF00000000000000FFFFFFFFFFFF0000F3
:10E43000000000007075626C69630072616E646F49
:10E440006D007075626C69632D69640072616E6441
:10E450006F6D2D696400253032583A253032583AB4
:10E46000253032583A253032583A253032583A253C
:10E470003032582028257329003031323334353674
:10E480003738396162636465660062745F72706117
:10E4900000496E73756666696369656E74206E7592
:10E4A0006D626572206F6620617267756D656E744E
:10E4B000730049676E6F72696E67206964656E7478
:10E4C00069746965732073746F72656420696E2066
:10E4D000666C61736800496E76616C6964206C6576
:10E4E0006E677468204944206164647265737320A8
:10E4F000696E2073746F726167650062742F257393
:10E500002F25303278253032782530327825303258
:10E5100078253032782530327825752F25730062C2
:10E52000742F25732F2530327825303278253032FC
:10E5300078253032782530327825303278257500CC
:10E5400073657474696E67735F7375627379735FF3
:10E55000696E6974206661696C65642028657272F1
:10E56000202564290062742F2573004661696C655B
:10E570006420746F20736176652049442028657299
:10E58000722025642900556E61626C6520746F20CD
:10E59000736574757020616E206964656E7469744A
:10E5A0007920616464726573730062740062745FE1
:10E5B00073657474696E6773004254204C5720571A
:10E5C000510002FB349B5F800000800010000000BF
:10E5D0000000000104000200000002000000000032
:10E5E0000000050000000000000000000000000026
:10E5F00000000562745F6275660062745F64617436
:10E6000061004461746120627566666572206F7690
:10E610006572666C6F7720286C696E6B20747970F8
:10E6200065203078253032782900556E61626C653E
:10E6300020746F206C6F6F6B20757020636F6E6E2F
:10E6400020776974682068616E646C6520257500A8
:10E65000556E61626C6520746F206C6F6F6B7570A6
:10E6600020636F6E6E20666F722068616E646C65E9
:10E670002025750048617264776172652065727249
:10E680006F722C20686172647761726520636F64B9
:10E69000653A20256400436F756C64206E6F7420AA
:10E6A0007375626D69742072785F776F726B3A2050
:10E6B000256400556E61626C6520746F20616C6C1E
:10E6C0006F636174652062756666657200556E6879
:10E6D000616E646C6564206576656E7420307825A3
:10E6E000303278206C656E2025753A202573004EF7
:10E6F0006F2070656E64696E6720706572697068FE
:10E700006572616C20636F6E6E656374696F6E0015
:10E71000556E657870656374656420737461747593
:10E720007320307825303278202573004E6F2063B7
:10E730006F6D6D616E642073656E7420666F7220FC
:10E74000636D6420636F6D706C657465203078252F
:10E75000303478004F70436F646520307825303452
:10E760007820636F6D706C6574656420696E737476
:10E77000656164206F6620657870656374656420E8
:10E7800030782530347800546F6F20736D616C6C75
:10E790002028257520627974657329206576656E59
:10E7A000742030782530327800496E76616C696467
:10E7B00020484349206576656E742073697A652028
:10E7C0002825752900496E76616C6964204C4520C6
:10E7D0006D657461206576656E742073697A652055
:10E7E0002825752900574553545F544F50444952CA
:10E7F0002F7A65706879722F7375627379732F62DF
:10E800006C7565746F6F74682F686F73742F6863AD
:10E81000695F636F72652E63006576745F666C6115
:10E8200067732026202831554C203C3C2028302975
:10E830002900415353455254494F4E204641494CBB
:10E84000205B25735D20402025733A25640A00492A
:10E850006E76616C696420627566207479706520DB
:10E86000257500496E76616C6964204843492041F2
:10E87000434C207061636B65742073697A6520284E
:10E880002575290041434C2064617461206C656EDC
:10E89000677468206D69736D6174636820282575DD
:10E8A00020213D2025752900556E61626C6520741C
:10E8B0006F2066696E6420636F6E6E20666F7220D3
:10E8C00068616E646C652025750062745F686369B9
:10E8D0005F6576745F6765745F666C6167732868EF
:10E8E00064722D3E657674292026202831554C20EF
:10E8F0003C3C202831292900556E6B6E6F776E20C5
:10E90000627566207479706520257500556E6861A2
:10E910006E646C65642076656E646F722D737065CD
:10E920006369666963206576656E7420307825308A
:10E930003278206C656E2025753A20257300657647
:10E9400074206E756D5F68616E646C657320283D20
:10E9500025752920746F6F206C61726765202825EA
:10E960007A75203E20257529004E6F20636F6E6EEC
:10E97000656374696F6E20666F722068616E646C87
:10E9800065202575007061636B65747320636F7516
:10E990006E74206D69736D6174636800696E74656F
:10E9A0007276616C20657863656564732074686550
:10E9B0002076616C69642072616E67652025752020
:10E9C0007573006C6174656E637920657863656545
:10E9D0006473207468652076616C69642072616E6E
:10E9E00067652030782530347800737570765F74F1
:10E9F000696D656F757420657863656564732074EF
:10EA000068652076616C69642072616E676520308C
:10EA10007825303478004661696C656420746F2015
:10EA200073657420726571756972656420736563BE
:10EA30007572697479206C6576656C004E6F206321
:10EA400068616E676520746F20656E63727970749B
:10EA5000696F6E2073746174652028656E637279C6
:10EA60007074203078253032782900556E61626CE0
:10EA70006520746F2073656E6420746F2064726902
:10EA8000766572202865727220256429004F75749E
:10EA9000206F6620636F6D6D616E642062756666BF
:10EAA00065727300556E636C656172656420706594
:10EAB0006E64696E672073656E745F636D64007366
:10EAC0007563636573730009636F6D6D616E6420B8
:10EAD0006F70636F646520307825303478207469F6
:10EAE0006D656F75740A00657272203D3D203000BF
:10EAF00009436F6E74726F6C6C657220756E72650F
:10EB000073706F6E736976652C20636F6D6D616EC7
:10EB100064206F70636F646520307825303478200E
:10EB200074696D656F757420776974682065727299
:10EB30002025640A006F70636F646520307825308B
:10EB4000347820737461747573203078253032788E
:10EB5000202573004661696C656420746F207265BE
:10EB6000616420444C45206D6178206461746120AB
:10EB70006C656E0074785F6F63746574732065787C
:10EB80006365656473207468652076616C696420D0
:10EB900072616E67652025750074785F74696D65B4
:10EBA0002065786365656473207468652076616CA0
:10EBB00069642072616E6765202575004E6F6E2D49
:10EBC0004C452063617061626C6520636F6E747286
:10EBD0006F6C6C6572206465746563746564210094
:10EBE0004E756D206F6620436F6E74726F6C6C652E
:10EBF0007227732041434C207061636B65747320EE
:10EC0000213D2041434C2062745F636F6E6E5F74E0
:10EC10007820636F6E7465787473202825752021C1
:10EC20003D202575290041434C2042522F45445236
:10EC30002062756666657273206E6F7420696E69F6
:10EC40007469616C697A65640056656E646F7220E0
:10EC500048434920657874656E73696F6E73206EE2
:10EC60006F7420617661696C61626C6500466169F0
:10EC70006C656420746F20726561642073757070B8
:10EC80006F727465642076656E646F7220636F6D59
:10EC90006D616E6473004661696C656420746F20F9
:10ECA0007265616420737570706F7274656420762C
:10ECB000656E646F72206665617475726573004875
:10ECC000434920647269766572206973206E6F749F
:10ECD00020726561647900425420525820575100D7
:10ECE00048434920647269766572206F70656E20B2
:10ECF0006661696C65642028256429004E6F207068
:10ED0000656E64696E6720636F6E6E20666F722039
:10ED10007065657220257300556E65787065637443
:10ED2000656420484F53545F4E554D5F434F4D50DF
:10ED30004C455445445F5041434B4554532C20733C
:10ED40007461747573203078253032782025730013
:10ED5000000909090901020909090909090909093B
:10ED60000909070909090909060909090909090918
:10ED700009090909090909090905312E306200311B
:10ED80002E3100312E3200322E3000322E3100333F
:10ED90002E3000342E3000342E3100342E32003527
:10EDA0002E3000352E3100352E3200352E33003511
:10EDB0002E3400362E3000362E3100362E320062D0
:10EDC000745F6863695F636F726500636D6420647C
:10EDD0006973616C6C6F776564004661696C65642A
:10EDE00020746F2064697361626C65206164647271
:10EDF000657373207265736F6C7574696F6E005202
:10EE000065736F6C76696E67206C697374207369C3
:10EE10007A652065786365656465642E205377693B
:10EE2000746368696E6720746F20686F73742E0056
:10EE30004661696C656420746F20636C6561722043
:10EE40007265736F6C7574696F6E206C6973740092
:10EE50004661696C656420746F2061646420495266
:10EE60004B20746F20636F6E74726F6C6C657200F0
:10EE70005365742070726976616379206D6F646583
:10EE800020636F6D6D616E64206973206E6F7420F6
:10EE9000737570706F72746564004661696C656447
:10EEA00020746F20736574207072697661637920B5
:10EEB0006D6F64650044697361626C696E6720619F
:10EEC000646472657373207265736F6C7574696FB7
:10EED0006E206661696C6564202865727220256405
:10EEE00029004661696C656420746F2072656D6FDE
:10EEF00076652049524B2066726F6D20636F6E7489
:10EF0000726F6C6C6572004F6E6C792072616E640A
:10EF10006F6D20737461746963206964656E7469D0
:10EF20007479206164647265737320737570706F97
:10EF30007274656400496E76616C696420696E70F4
:10EF4000757420706172616D6574657273004661DD
:10EF5000696C656420746F207265616420707562ED
:10EF60006C696320616464726573730052656164E7
:10EF700020537461746963204164647265737365BE
:10EF80007320636F6D6D616E64206E6F74206176A7
:10EF900061696C61626C65004661696C65642074CE
:10EFA0006F207265616420737461746963206164A9
:10EFB00064726573736573004E6F20737461746956
:10EFC00063206164647265737365732073746F7218
:10EFD000656420696E20636F6E74726F6C6C65720D
:10EFE0000043616E27742073657420626F7468201B
:10EFF0004944454E544954592026204E5250410010
:10F0000062745F696400546F6F2062696720616495
:10F01000766572746973696E672064617461004615
:10F0200061696C656420746F20737461727420610F
:10F03000647665727469736572004661696C6564B3
:10F0400020746F2073746F702061647665727469C8
:10F0500073696E673A2025640062745F61647600AC
:10F060004661696C656420746F2067656E657261C6
:10F07000746520454343206B657920256400466113
:10F08000696C656420746F206578706F72742045B8
:10F090004343207075626C6963206B657920256439
:10F0A000004661696C656420746F206578706F72CA
:10F0B00074204543432070726976617465206B65E6
:10F0C00079202564004661696C656420746F206452
:10F0D000657374726F7920454343206B65792049CD
:10F0E00044202564004661696C656420746F206962
:10F0F0006D706F72742074686520707269766174C7
:10F1000065206B657920666F72206B657920616779
:10F110007265656D656E7420256400526177206BA1
:10F1200065792061677265656D656E7420666169D9
:10F130006C6564202564004661696C656420746FA9
:10F140002064657374726F7920746865206B6579CB
:10F15000202564007073615F696D706F72745F6BFE
:10F16000657928292072657475726E6564207374E0
:10F17000617475732025640042757379207065721F
:10F18000666F726D696E6720616E6F74686572205C
:10F1900045434448206F7065726174696F6E00E684
:10F1A0009D350E480103CCDBFDF4AC1191F4EFB9B1
:10F1B000A5F9E9A7832C5E2CBE97F2D203B0208B71
:10F1C000D28915D08E1C742430ED8FC24563765CD5
:10F1D00015525ABF9A32636DEB2A65499C80DC62F6
:10F1E000745F656363004661696C65642072656184
:10F1F000642072656D6F74652066656174757265F3
:10F20000732028256429004661696C6564204C459B
:10F2100020536574205048592028256429004661F0
:10F22000696C656420746F20736574206461746117
:10F23000206C656E202825642900556E6578706500
:10F2400063746564206669727374204C3243415064
:10F25000206672616D6500556E65787065637465D2
:10F2600064204C3243415020636F6E74696E756147
:10F2700074696F6E004E6F7420656E6F75676820DD
:10F2800062756666657220737061636520666F7271
:10F29000204C32434150206461746100556E6578A2
:10F2A0007065637465642041434C20666C616773CC
:10F2B0002028307825303278290041434C206C6575
:10F2C0006E206D69736D6174636820282575203E1A
:10F2D000202575290028756E6B6E6F776E29006E7C
:10F2E0006F207472616E736974696F6E202573008C
:10F2F000496E76616C69642028257529206F6C64DD
:10F3000020737461746500636F6E6E2025702066D3
:10F3100061696C656420746F2065737461626C69E7
:10F3200073682E205246206E6F6973653F006E6FC2
:10F330002076616C696420282575292073746174B6
:10F3400065207761732073657400696E636F6D70FB
:10F35000617469626C652068616E646C65202575F6
:10F360000054696D656F75742064697363617264BC
:10F3700065642E204E6F20626C6F636B696E672030
:10F38000696E2073797377712E00466174616C2009
:10F390006572726F7220282564292E204469736378
:10F3A0006F6E6E656374696E6720257000466F75B9
:10F3B0006E642076616C696420636F6E6E65637441
:10F3C000696F6E2028257029207769746820616430
:10F3D000647265737320257320696E202573207312
:10F3E00074617465200053656E64204C4520706123
:10F3F00072616D20757064617465206661696C6509
:10F40000642028657272202564290053656E64208B
:10F410006175746F204C4520706172616D2075704C
:10F4200064617465206661696C6564202865727228
:10F430002025642900646973636F6E6E656374656B
:10F440006400646973636F6E6E6563742D636F6DC2
:10F45000706C657465007363616E2D6265666F72B2
:10F46000652D696E6974696174696E6700696E699A
:10F4700074696174696E672D66696C7465722D6C50
:10F48000697374006164762D636F6E6E6563746179
:10F49000626C65006164762D6469722D636F6E6EB7
:10F4A00065637461626C6500646973636F6E6E6539
:10F4B0006374696E670062745F636F6E6E00556E91
:10F4C00061626C6520746F20616C6C6F6361746540
:10F4D0002062756666657220666F72206F702030DC
:10F4E0007825303278004E6F20617661696C6162F8
:10F4F0006C65204C3243415020636F6E74657874A4
:10F5000020666F7220636F6E6E20257000457870E4
:10F51000656374696E6720757020746F20256420A0
:10F52000726566732C20676F7420256400616C72AD
:10F530006561647920686176652076696577206FFA
:10F540006E202570004C32434150206C656E67740C
:10F5500068206D69736D61746368202825752021AA
:10F560003D2025752900496E76616C6964206964C7
:10F57000656E742076616C756520696E204C32432F
:10F5800041502050445500496E76616C6964204CAE
:10F590004520636F6E6E20706172616D20727370B2
:10F5A0002073697A652028257520213D20257A75EC
:10F5B000290052656A656374696E6720756E6B6EAB
:10F5C0006F776E204C324341502050445520636F7A
:10F5D00064652030782530327800546F6F20736D69
:10F5E000616C6C204C32434150207369676E616CD2
:10F5F000696E672050445500546F6F20736D616CC5
:10F600006C204C3243415020504455207265636554
:10F61000697665640049676E6F72696E6720646120
:10F62000746120666F7220756E6B6E6F776E2063EB
:10F6300068616E6E656C20494420307825303478DE
:10F6400000636F6E6669670062745F6C326361703D
:10F6500000415454206368616E6E656C206E6F7457
:10F6600020636F6E6E6563746564004572726F72BD
:10F67000207369676E696E6720646174610052610E
:10F680006E206F7574206F66205458206275666610
:10F69000657273206F7220636F6E74657874732E59
:10F6A00000556E61626C6520746F206372656174D1
:10F6B0006520657272207273702050445500415469
:10F6C00054204D54552065786365656465642C202D
:10F6D0006D61782025752C2077616E746564202516
:10F6E0007A7500556E61626C6520746F2063726577
:10F6F000617465207273702050445500546F6F2000
:10F70000736D616C6C2041545420504455207265D7
:10F7100063656976656400556E68616E646C6564E6
:10F720002041545420636F6465203078253032784E
:10F7300000496E76616C6964206C656E20257520C9
:10F74000666F7220636F64652030782530327800F0
:10F75000556E61626C6520746F20637265617465BB
:10F7600020555549443A2073697A6520257500551E
:10F770006E61626C6520746F2063726561746520D0
:10F78000555549443A2073697A65202564004E6FC7
:10F7900020617661696C61626C652041545420631C
:10F7A0006F6E7465787420666F7220636F6E6E2062
:10F7B0002570004E6F20617661696C61626C652016
:10F7C000415454206368616E6E656C20666F7220D0
:10F7D000636F6E6E202570004E6F7420636F6E6EC7
:10F7E000656374656400556E61626C6520746F209A
:10F7F00066696E6420415454206368616E6E656C66
:10F8000000476F74206572722025642C206E6F741F
:10F810002063616C6C696E67204154542063620000
:10F820004E6F20415454206368616E6E656C206693
:10F830006F72204D545520257A75004E6F207065EB
:10F840006E64696E672041545420726571756573EA
:10F850007400556E61626C6520746F20637265611F
:10F86000746520726574727920504455202825757E
:10F870002900446973636F6E6E656374696E6720F7
:10F880006661696C656420286572722025642900B0
:10F890004154542054696D656F757420666F7220F1
:10F8A0006465766963652025732E20446973636FF0
:10F8B0006E6E656374696E672E2E2E0062745F61D2
:10F8C000747400434D414320757064617465206613
:10F8D00061696C6564202564004661696C6564201B
:10F8E000746F206465636F64652076616C75652054
:10F8F0002865727220257A6429004661696C656406
:10F9000020746F2073617665204461746162617355
:10F91000652048617368202865727220256429007B
:10F920006661696C656420746F2073746F72652002
:10F93000534320286572722025642900756E616228
:10F940006C6520746F20736176652053433A206E96
:10F950006F20636667206C65667400546F6F206D5E
:10F96000616E7920436C69656E74204368617261D1
:10F9700063746572697374696320436F6E66696747
:10F9800075726174696F6E2E2053656520434F4E0A
:10F990004649475F42545F53455454494E47535F6D
:10F9A0004343435F53544F52455F4D41580A00490A
:10F9B0006E76616C6964206B6579006661696C655F
:10F9C0006420746F2064656C65746520534320283F
:10F9D00065727220256429004661696C6564207433
:10F9E0006F20636C6561722053432025640046617B
:10F9F000696C656420746F2073746F726520436C4A
:10FA000069656E742046656174757265732028653A
:10FA100072722025642900556E61626C6520746FD6
:10FA2000206465636F64652061646472657373202C
:10FA3000257300496E76616C6964206C6F63616C3C
:10FA4000206964656E7469747920256C7500556E43
:10FA500061626C6520746F20726573746F726520CB
:10FA600053433A206E6F20636667206C65667400AE
:10FA70004E6F20737061636520746F2073746F72B2
:10FA8000652043434320636667004E6F20737061B7
:10FA9000636520746F2073746F726520436C6965B1
:10FAA0006E7420537570706F727465642046656162
:10FAB000747572657300556E61626C6520746F2099
:10FAC000726573746F72652043463A206E6F2063CF
:10FAD0006667206C656674004368616E67652D61BA
:10FAE0007761726520737461747573206E6F742012
:10FAF000666F756E6420696E2073657474696E67D5
:10FB0000732C2064656661756C74696E672070651E
:10FB100065722073746174757320746F20636861FB
:10FB20006E67652D756E61776172650052656164FF
:10FB3000206261636B20626164206368616E676547
:10FB40002D61776172652076616C75653A20307839
:10FB500025782C2064656661756C74696E67207009
:10FB60006565722073746174757320746F206368A7
:10FB7000616E67652D756E617761726500556E61A6
:10FB8000626C6520746F20696D706F727420746888
:10FB900065206B657920666F722041455320434D87
:10FBA000414320256400434D4143206F70657261DD
:10FBB00074696F6E20696E6974206661696C656432
:10FBC00020256400434D41432066696E69736820B7
:10FBD0006661696C65642025640062742F636363E9
:10FBE000004661696C656420746F2073746F726580
:10FBF00020434343732028657272202564290052F4
:10FC0000656164206D6574686F64206E6F74207325
:10FC10006574004661696C656420746F207265616B
:10FC2000642061747472696275746520257020287F
:10FC300065727220257A642900496E76616C696468
:10FC40002072656164206C656E6774683A20257A5D
:10FC50006400434343202570206E6F7420777269DF
:10FC60007461626C6500534320726573746F7265D2
:10FC700020696E6469636174696F6E206661696C86
:10FC80006564004661696C656420746F20736574F7
:10FC900020736563757269747920666F7220626F74
:10FCA0006E64656420706565722028256429006291
:10FCB000742F686173680062742F63660062742F2A
:10FCC00073630062745F6761747400556E61626C87
:10FCD0006520746F2066696E6420534D5020636800
:10FCE000616E6E656C005075626C6963206B65793E
:10FCF000206E6F7420617661696C61626C6500468C
:10FD000061696C656420746F2067656E65726174EB
:10FD1000652044484B65790043616C63756C617480
:10FD20006520636F6E6669726D206661696C6564DB
:10FD300000556E6B6E6F776E2070616972696E67C9
:10FD4000206D6574686F6420282575290043616CF7
:10FD500063756C617465204C544B206661696C65F9
:10FD6000640043616C63756C617465206C6F6361E2
:10FD70006C2044484B657920636865636B2066613D
:10FD8000696C65640043616C63756C6174652072B5
:10FD9000656D6F74652044484B65792063686563C1
:10FDA0006B206661696C65640052656D6F746520D7
:10FDB0007075626C6963206B65792072656A656332
:10FDC00074656400526563656976656420696E7662
:10FDD000616C6964207075626C6963206B65790081
:10FDE0004E6F20617661696C61626C6520534D5085
:10FDF00020636F6E7465787420666F7220636F6E17
:10FE00006E20257000556E61626C6520746F2067EE
:10FE10006574206B65797320666F722025730054BA
:10FE2000686520696E2D70726F67726573732070DC
:10FE3000616972696E6720686173206265656E2012
:10FE400064656C657465642100534D5020646F6572
:10FE500073206E6F7420616C6C6F7720612070610D
:10FE60006972696E67206661696C7572652061747C
:10FE7000207468697320706F696E742E204B6E6FEA
:10FE8000776E2069737375652E20446973636F6E96
:10FE90006E656374696E6720696E73746561642E44
:10FEA00000546F6F20736D616C6C20534D50205067
:10FEB000445520726563656976656400534D502032
:10FEC000636F6D6D616E642028636F6465203078A8
:10FED0002530327829207265636569766564206112
:10FEE000667465722074696D656F75740052656320
:10FEF0006569766564207265736572766564205302
:10FF00004D5020636F64652030782530327800557D
:10FF10006E68616E646C656420534D5020636F643D
:10FF2000652030782530327800556E6578706563CD
:10FF300074656420534D5020636F646520307825CC
:10FF400030327800496E76616C6964206964656E50
:10FF500074697479202573005265667573696E67DC
:10FF6000206E65772070616972696E672E20546813
:10FF700065206F6C6420626F6E64206D75737420F1
:10FF8000626520756E70616972656420666972735E
:10FF9000742E0070616972696E67206661696C65B4
:10FFA0006420287065657220726561736F6E203001
:10FFB00078257829004E6F206B6579732073706106
:10FFC000636520666F7220257300534D502054697D
:10FFD0006D656F75742028666C6167733A3078259B
:10FFE00030387820616C6C6F7765645F636D647323
:10FFF0003A30782530387829000005061F1F291867
:020000040003F7
:10000000120308020305080A00080103040105049D
:1000100005090607010106060800000100010003AA
:1000200001000302020100020000000000020301BF
:10003000000362745F736D70004661696C656420D3
:10004000746F20726561642076616C756520286527
:10005000727220257A642900556E61626C65207485
:100060006F2066696E642064656C65746564206BDE
:1000700065797320666F72202573004661696C652F
:100080006420746F20616C6C6F63617465206B65B4
:10009000797320666F7220257300496E76616C69F2
:1000A00064206B6579206C656E67746820257A64BE
:1000B00020213D20257A7500546865206B65797391
:1000C00020666F722025732061726520646F776EE1
:1000D00067726164656420746F20756E6175746801
:1000E000656E74696361746564206173207468650A
:1000F00079206E6F206C6F6E676572206D65657418
:100100002061757468656E7469636174696F6E20CF
:10011000726571756972656D656E747300466169AB
:100120006C656420746F2073617665206B657973EC
:100130002028657272202564290062742F6B65790E
:10014000730062745F6B657973006C888391AAF5A4
:10015000A53860370BDB5A6083BE62745F637279C7
:1001600070746F004661696C656420746F20696DFE
:10017000706F727420414553206B657920256400AF
:100180004661696C656420746F20636F6D7075746F
:1001900065204D41432025640000070E091C1B12F9
:1001A00015383F363124232A2D6B5F6D7367715FDD
:1001B000676574206572726F723A20256400457617
:1001C000656E742064726F707065642C2071756543
:1001D00075652066756C6C2C206E6F7420626C6F78
:1001E000636B696E6720696E2073797377712E0077
:1001F000696E70757400636C6F636B4034303030BF
:1002000030303030006866636C6B006C66636C6B1A
:1002100000636C6F636B5F636F6E74726F6C007200
:10022000616E646F6D40343030306430303000695E
:100230006E76616C696420616464726573733A20E0
:1002400030782530386C783A257A7500756E616C97
:1002500069676E656420616464726573733A203007
:10026000782530386C783A257A75006E6F7420776F
:100270006F72642D616C69676E65643A2030782511
:1002800030386C783A257A7500666C6173682D6336
:100290006F6E74726F6C6C657240343030316530E3
:1002A000303000666C6173685F6E726600677069FB
:1002B0006F40353030303030303000693263004EBE
:1002C00065656420746F20757365207468652069A6
:1002D0006E7465726E616C206472697665722062FC
:1002E000756666657220627574206974732073691F
:1002F0007A6520697320696E7375666669636965DE
:100300006E7420282575202B202575203E2025750C
:10031000292E2041646A75737420746865207A659B
:10032000706879722C636F6E6361742D6275662DCF
:1003300073697A65206F72207A65706879722C66AD
:100340006C6173682D6275662D6D61782D73697AA5
:10035000652070726F7065727479202874686520EA
:100360006F6E652077697468206772656174657265
:100370002076616C75652920696E2074686520227D
:10038000257322206E6F64652E006932634034301D
:10039000303033303030006932635F6E7266785FC0
:1003A0007477696D00756E737570706F72746564C3
:1003B00020737065656400547279696E6720746F8C
:1003C000207472616E73666572206D6F7265207441
:1003D00068616E20746865206D6178696D756D2047
:1003E00073697A6520666F7220746869732064652A
:1003F000766963653A202564203E202564004661C5
:10040000696C656420746F20696E697469616C69D8
:100410007A65206465766963653A202573006B65AB
:10042000795F696E6465782025642067657420664D
:1004300061696C65643A2025640025732069732026
:100440006E6F742072656164790050696E20256456
:1004500020636F6E66696775726174696F6E20667E
:1004600061696C65643A20256400436F756C642093
:100470006E6F7420736574206770696F2063616CA0
:100480006C6261636B0050696E20256420696E7434
:1004900065727275707420636F6E666967757261DC
:1004A00074696F6E206661696C65643A202564002A
:1004B000627574746F6E73006770696F5F6B6579D6
:1004C000730000010203040506074661696C656458
:1004D00020746F20616C6C6F6361746520505049AB
:1004E000204368616E6E656C0075617274403430D3
:1004F00030303230303000756172745F6E72667801
:100500005F7561727465004661696C656420746F23
:1005100020616C6C6F63617465204750494F54458E
:10052000206368616E6E656C20666F722057414B68
:1005300045004661696C656420746F20636F6E6668
:1005400069677572652057414B452070696E00439D
:1005500053204750494F20706F72742025732070CC
:10056000696E202564206973206E6F742072656146
:1005700064790055706461746520657863656564AD
:10058000732063757272656E74206275666665723B
:100590000048616C662D6475706C6578206E6F74B0
:1005A00020737570706F7274656400536C6176654A
:1005B000206D6F6465206973206E6F742073757091
:1005C000706F72746564206F6E202573004C6F6FBE
:1005D000706261636B206D6F6465206973206E6F5C
:1005E0007420737570706F7274656400576F7264F5
:1005F0002073697A6573206F74686572207468610E
:100600006E2038206269747320617265206E6F7489
:1006100020737570706F72746564004672657175D1
:10062000656E63696573206C6F77657220746861AD
:100630006E20313235206B487A20617265206E6FF2
:100640007420737570706F72746564004661696CB4
:10065000656420746F20696E697469616C697A657C
:10066000206E726678206472697665723A2025641D
:100670000057616974696E6720666F722057414B3D
:10068000452061636B6E6F776C6564676D656E7432
:100690002074696D6564206F75740054696D656FB1
:1006A00075742077616974696E6720666F72207453
:1006B00072616E7366657220636F6D706C657465D0
:1006C0000073706940343030323330303000737032
:1006D00069403430303034303030007370695F6ED0
:1006E0007266785F73706900536F667444657669EB
:1006F000636520436F6E74726F6C6C65722041533A
:10070000534552543A2025732C20256400456E74BD
:10071000726F707920736F75726365206465766996
:100720006365206E6F74207265616479004661694B
:100730006C656420746F20726567697374657220DC
:1007400072616E6420736F75726365202825642959
:1007500000416C6C6F6361746564206D656D6F72D0
:100760007920746F6F206C6F773A20257A75203C62
:10077000202575004576656E742062756666657223
:1007800020746F6F20736D616C6C2E20257A75203C
:100790003E20257500556E6578706563746564202C
:1007A0006D73675F747970653A2025752E205468E3
:1007B00069732069662D656C7365206E6565647369
:1007C0002061206E6577206272616E636800556EED
:1007D0006B6E6F776E206572726F72207768656ED0
:1007E0002070726F63657373696E67206863692038
:1007F0006D6573736167652025640062745F68636B
:10080000695F7364630062745F7364635F686369E4
:100810005F6472697665720062745F7364635F63BC
:10082000727970746F004D50534C204153534552B0
:10083000543A2025732C202564004D50534C2057EA
:100840006F726B006D70736C5F696E697400556ECA
:10085000737570706F72746564204846434C4B200A
:100860006576656E743A202564006E7266785F6303
:100870006C6F636B5F6D70736C006D70736C5F7425
:10088000696D65736C6F745F73657373696F6E5FA9
:100890006F70656E206661696C65643A202564003E
:1008A000666C6173685F73796E635F6D70736C0003
:1008B0000000000001000000010100000101010131
:1008C0000000000000000101010000010101000121
:1008D0000101015465726D696E616C0000000000D9
:1008E0000000545452205245474745530048616C1C
:1008F00074696E672073797374656D00556E6B6EE5
:100900006F776E206572726F7200756E6B6E6F77A7
:100910006E003E3E3E205A455048595220464154B2
:10092000414C204552524F522025643A20257320D5
:100930006F6E20435055202564004661756C74200D
:10094000647572696E6720696E7465727275707411
:100950002068616E646C696E670A00437572726527
:100960006E74207468726561643A202570202825B1
:1009700073290043505520657863657074696F6E04
:1009800000556E68616E646C656420696E74657292
:100990007275707400537461636B206F7665726654
:1009A0006C6F77004B65726E656C206F6F707300B3
:1009B0004B65726E656C2070616E69630069646C72
:1009C00065006D61696E006F7300737973776F7284
:1009D0006B7100141400001C2030401C2000001C0F
:1009E0002030400040903D6AF1A5AD641DCD273E0A
:1009F000BFFC680F404099CAAC00FFFFFFFF1F001B
:0C0A00006E616E00286E756C6C290000A1
:100A1400FFFFFFFFFF1F00001F0000000000000099
:100A24001D40000000000000FFFFFFFF1FFF00004B
:100A3400BAABBABA101010100000000000800040D9
:100A440000000000000000000C0000000000000096
:100A540000FF7F0000000000000000000000000014
:100A640000000000612D0000000000003DD70000E0
:100A740000000000792D0000000000005DD7000098
:100A8400000000001BD70000000000000000000070
:100A94000000000000000000000000000000000052
:100AA4000000000000000000000000000000000042
:100AB4000000000000000000000000000000000032
:100AC4000000000000000000000000000000000022
:100AD4000000000000000000000000000000000012
:100AE4000000000000000000000000000000000002
:100AF40000000000000000000000000000000000F2
:100B040000000000000000000000000000000000E1
:100B140000000000000000000000000000000000D1
:100B240000000000000000000000000000000000C1
:100B340000000000000000000000000000000000B1
:100B440000000000000000000000000000000000A1
:100B54000000000000000000000000000000000091
:100B64000000000000000000000000000000000081
:100B74000000000000000000000000000000000071
:100B84000000000000000000000000000000000061
:100B94000000000000000000000000000000000051
:100BA4000000000000000000000000000000000041
:100BB4000000000000000000000000000000000031
:100BC4000000000000000000000000000000000021
:100BD4000000000000000000000000000000000011
:100BE4000000000000000000000000000000000001
:100BF40000000000000000000000000000000000F1
:100C040000000000000000000000000000000000E0
:100C140000000000000000000000000000000000D0
:100C240000000000000000000000000000000000C0
:100C340000000000000000000000000000000000B0
:100C440000000000000000000000000000000000A0
:100C54000000000000000000000000000000000090
:100C64000000000000000000000000000000000080
:100C74000000000000000000000000000000000070
:100C84000000000000000000000000000000000060
:100C94000000000000000000000000000000000050
:100CA4000000000000000000000000000000000040
:100CB4000000000000000000000000000000000030
:100CC4000000000000000000000000000000000020
:100CD40000000000000000008C1300205BF3000003
:100CE40061F3000063F3000089F3000067F3000080
:100CF40093F300006DF300009DF3000073F3000014
:100D0400A9F300007FF3000083F3000075F30000F3
:100D14007BF3000099F30000A3F30000D413002038
:100D240001FF00009BF60000A7F60000ABF60000F0
:100D3400B3F60000B7F60000000000000000000059
:100D4400000000000000000000000000000000009F
:100D5400000000000000000000000000000000008F
:100D6400000000000000000000000000000000007F
:100D7400000000000000000000000000000000006F
:100D8400000000000000000000000000000000005F
:100D9400000000000000000000000000000000004F
:100DA400000000000000000000000000000000003F
:100DB400000000000000000000000000000000002F
:100DC400000000000000000000000000000000001F
:100DD400000000000000000000000000000000000F
:100DE40000000000000000000000000000000000FF
:100DF40000000000000000000000000000000000EF
:100E04000159010000000000000000000000000083
:100E140000000000000000000000000000000000CE
:100E240000000000000000000000000000000000BE
:100E340000000000000000000000000000000000AE
:100E4400000000000000000000000000000000009E
:100E5400000000000000000000000000000000008E
:100E6400000000000000000000000000000000007E
:100E7400000000000000000000000000000000006E
:100E8400000000000000000000000000000000005E
:100E9400000000000000000000000000000000004E
:100EA40000000000B4BC0200F9D2020000000000FF
:100EB40000000000B1FD0000000000000000000080
:100EC40000000000350601000000000000000000E2
:100ED40000000000C8D6020000000800EAD60200A4
:100EE40000000800000000000000000000000000F6
:100EF400ED05010000000000000000000CD7020016
:100F040000001200335302008F5F020025310100FC
:100F1400000000000000000000000000FB6202006E
:100F240000000000DF6202007CC802000000000034
:100F34002365020000000000000000000060004083
:100F4400000000000000000000000000000000009D
:100F5400000000000000000000000000000000008D
:100F6400000000000000000000000000000000007D
:100F7400000000000000000000000000000000006D
:100F8400000000000000000000000000000000005D
:100F9400000000000000000000000000000000004D
:100FA400000000000000000000000000000000003D
:100FB400D143010000000000000000000000000018
:100FC4008F6B020000000000000000000000000021
:100FD400854D01000000000000000000000000003A
:100FE400416A010000000000000000000000000051
:100FF400FD68010000000000000000000000000087
:101004004573010000000000000000000000000023
:10101400996E01000000000000000000CC160020C2
:10102400CC1600200000000000000000ED8101004B
:1010340091910100FD9001000000000000000000FB
:1010440095850100557902001B7A0200CD810100CB
:1010540000000000817F020000000000000000008A
:101064000000000088D002000000020094D00200BA
:1010740000000A00A4D002000000200000000000CC
:101084000000000000000000000000000B7E0200D1
:1010940000000000B8D0020000000200C4D002002A
:1010A40000000200D0D00200000002005C17002003
:1010B4005C17002000000000000000000E0000008B
:1010C400701700207017002065B9010000000000AF
:1010D4000000000003860200000000000000000081
:1010E4000000000000000000000098010000010161
:1010F400DD8C020000020000FDCE0100CCCC020019
:10110400356E0020FF00000000000000CC17002016
:1011140000000000000000000000000000000000CB
:1011240000000000377000202000000000000000D4
:101134000000000000000000ECCD020001000000EF
:10114400F0170020F017002000000000010000004C
:10115400001800200018002008180020081800209B
:1011640000000000010000001818002018180020DA
:10117400000000000000000000000000000000006B
:10118400000000000000000000000000000000005B
:101194000000000014BD0200000000000000000078
:1011A400000000000000000054CE02000000000017
:1011B40060180020601800200000000001000000FA
:1011C400701800207018002078180020781800206B
:1011D400000000000100000088180020881800208A
:1011E40000000000000000000000000000000000FB
:1011F40000000000000000000000000000000000EB
:101204000000000034BD02000000000000000000E7
:101214000090D003FF00000090020000CC180020D2
:10122400CC18002011A902000DA9020051B7020038
:10123400EDB60200F1B60200EBB60200FDB6020004
:1012440002000900F0DEBC9A785634127856341243
:10125400785634120601000000000000000000006F
:10126400000000000000000000000000000000007A
:10127400000000000000000000000000000000006A
:10128400000000000000000000000000000000005A
:10129400000000000000000000000000000000004A
:1012A400000000000000000000000000000000003A
:1012B400601900206019002024BD002000000000F7
:1012C400010000002C000000000000007C19002038
:1012D4007C190020C0B100200000000001000000C3
:1012E400B0000000000000009819002098190020A8
:1012F40050BD002000000000030000001C0000009E
:1013040000000000B4190020B419002000000000FF
:10131400000000000E000000C8190020C8190020B9
:1013240000000000000000000E000000DC19002096
:10133400DC19002000000000000000000E00000086
:10134400F0190020F0190020000000000000000047
:101354000E000000041A0020041A002000000000FF
:10136400000000000E000000181A0020181A0020C7
:101374000C00000010000000A4BD002064BE00208A
:10138400A4BD0020A4BD0020000000003C1A0020E1
:101394003C1A002000000000481A0020481A0020CF
:1013A4000000000001000000581A0020581A002014
:1013B400601A0020601A002000000000FFFFFFFFF9
:1013C400701A0020701A00200000000000000000C5
:1013D400801A0020801A0020881A0020881A002011
:1013E4000000000000000000981A0020981A002055
:1013F400A01A0020A01A002003000300100000001F
:101404000000000010CA020050BB002000000000D1
:1014140000000000C41A0020C41A0020CC1A0020C6
:10142400CC1A00200300030010000000898E010084
:10143400ACCA0200ACBC00200000000000000000A8
:10144400F01A0020F01A0020F81A0020F81A0020E0
:10145400030003000000000000000000ECC80200CC
:10146400C4B7002000000000000000001C1B002086
:101474001C1B0020241B0020241B00200100010051
:1014840010000000896D0100FCC9020048BA002068
:101494000000000000000000481B0020481B002042
:1014A400501B0020501B002003000300000000001C
:1014B40000000000C4C9020000BA002000000000BF
:1014C40000000000741B0020741B00207C1B002003
:1014D4007C1B00200C000C00040000008D46010061
:1014E400D8C80200E8B50020000000000000000099
:1014F400A01B0020A01B0020A81B0020A81B00206C
:1015040001000100000000000000000000C902000A
:0815140010B9002015E015E0FC
:00000001FF
