:1000000040330020A12F0000D5A400008D2F000058
:100010008D2F00008D2F00008D2F000000000000AC
:100020000000000000000000000000001931000086
:100030008D2F000000000000B53000008D2F000063
:100040001533000015330000153300001533000090
:100050001533000015330000153300001533000080
:100060001533000015330000153300001533000070
:100070001533000015330000153300001533000060
:100080001533000015330000153300001533000050
:100090001533000015330000153300001533000040
:1000A0001533000015330000153300001533000030
:1000B0001533000015330000153300001533000020
:1000C0001533000015330000153300001533000010
:1000D00015330000153300001533000053B94AB939
:1000E000002908BF00281CBF4FF0FF314FF0FF3040
:1000F00000F00CB8ADF1080C6DE904CE00F010F87A
:10010000DDF804E0DDE9022304B07047704700BF6A
:10011000034613F8012B002AFBD1181A0138704747
:100120002DE9F04786468C460846089E15467446DB
:100130001946002B40F0C2808542B2FA82F245D9BE
:100140004AB1C2F1200300FA02FC2EFA03F39540F3
:1001500043EA0C0C94404FEA154EA8B2BCFBFEF8E3
:10016000230C0EFB18CC08FB00F943EA0C4399451D
:1001700028D9EB1808F1FF3704D2994502D9A8F124
:1001800002072B44A3EB0903A4B2B3FBFEFC0EFB56
:100190001C330CFB00F044EA0344A04214D92C1990
:1001A0000CF1FF3304D2A04202D9ACF102032C447B
:1001B000241A43EA07401EB1D44000233460736020
:1001C000BDE8F0874746DDE76346F1E792BB431B96
:1001D00001214FEA154EAFB2B3FBFEFC200C0EFB23
:1001E0001C330CFB07F840EA0343984562D9EB182F
:1001F0000CF1FF3004D2984502D9ACF102002B4437
:10020000A3EB0803A4B2B3FBFEFC0EFB1C330CFBF8
:1002100007F744EA0344A7424ED92C190CF1FF33E7
:1002200004D2A74202D9ACF102032C44E41B43EAF6
:100230000040C0E7C2F1200320FA03F1954090404E
:100240002EFA03F303434FEA154EAFB2B1FBFEFCA7
:100250000EFB1C10190C0CFB07F841EA0041884505
:1002600004FA02F422D969180CF1FF3004D288454F
:1002700002D9ACF102002944A1EB08019BB2B1FB09
:10028000FEFC0EFB1C110CFB07F743EA01439F42E7
:100290000ED9EB180CF1FF3104D29F4202D9ACF118
:1002A00002012B44DB1B41EA004192E76046E3E791
:1002B0006146F7E76046A3E76346B7E7834206D99E
:1002C00016B9002108467BE7C6E900E0F9E7B3FA72
:1002D00083F78FB9834201D3724508D8BEEB02047D
:1002E00060EB030301209C461EB9002168E73846F5
:1002F000FAE7C6E9004CF8E7C7F1200CBB4022FA48
:100300000CF41C432EFA0CF120FA0CF3B840014314
:100310004FEA14490EFA07F5B3FBF9F81FFA84FE09
:1003200009FB18300B0C08FB0EFA43EA00439A4510
:1003300002FA07F240D9E31808F1FF3004D29A45D7
:1003400002D9A8F102002344A3EB0A0389B2B3FB4C
:10035000F9F809FB183308FB0EFE41EA03418E450C
:100360002CD9611808F1FF3304D28E4502D9A8F1C7
:100370000203214443EA0040A0FB0298A1EB0E01D6
:100380004145CE46434602D306D14D4504D2B9EB92
:10039000020E68EB04030138002EA6D0B5EB0E0266
:1003A00061EB030101FA0CFC22FA07F34CEA0303A8
:1003B000F940C6E9003198E74046C5E74346D9E72A
:1003C00013B5164809F09DFD00F036F8044600F01C
:1003D00051F8E4B9124809F094FD0422114B01933D
:1003E0000DEB0201204600F06DF80F4809F075FC96
:1003F000014640B90D4809F084FD00214FF400404A
:1004000007F07CFCF9E70A4809F07BFDF5E70948AD
:10041000214609F076FD002002B010BDA4BA00000C
:10042000D3BA0000E1400C00E1BA00003ABB000082
:1004300057BB0000BDBA000010B50A4C0A48206046
:100440000AF07BFC48B1094809F05BFD20680AF01E
:1004500074FC28B9064809F054FD6FF0120010BD75
:100460000020FCE73819002024B3000071BB000015
:100470008FBB00002DE9FF41104E114F08240025CD
:100480000223CDE9015530688DF80C309DF80C3011
:10049000826843F002038DF80C30D2F80880A3B2D2
:1004A000012201A9C04718B92146384609F029FDA3
:1004B0000134782CE4D104B0BDE8F0813819002073
:1004C0009EBB000030B5C5B040BAADF80C000DF1D0
:1004D0000E0014460AF0D1FC0E4B03AD18680095CF
:1004E0000234022301948DF808309DF808308268A8
:1004F00043F002038DF808309468532301226946C3
:10050000A04704460021A42007F0F8FB204645B090
:1005100030BD00BF38190020B2F5802F2DE9F04121
:1005200010D2042A28D84549454A464840F21A23A1
:1005300009F0FDFC444809F0FAFC40F21A21404859
:1005400009F0ECFC0823D21ACC1D114424F0070456
:1005500021F00701091B17294FEAD1060ED83B49A4
:10056000374A384840F2232309F0E1FC364809F0C5
:10057000DEFC40F22321E2E70423E4E700250460E7
:100580003146A660E560204609F010FCB6F5004F44
:100590002CBF08230423421D92000833D11DDB0821
:1005A00003EBD103B3424FEAD10739D80130A2F1AE
:1005B00010022946B8BF2A4604F110000AF06BFC6D
:1005C0003A462946204609F0EDFB2B462A462946A5
:1005D000204609F0BEFBA6EB07082046294601226B
:1005E00009F0C8FB4246394609F0DCFB3B462A4687
:1005F0003946204609F0ADFB3146204609F0D2FBD2
:1006000043462A463146204609F0A3FB31462046A0
:10061000012209F0AFFB3946BDE8F04109F0D5BB36
:100620000B49074A07484FF40E7309F080FC06484F
:1006300009F07DFC4FF40E7181E700BFA0BC000003
:10064000B5BB0000E9BB0000C1BC0000DABC000083
:1006500003BD00002DE9F04F91B00546009302F074
:1006600004030193C2F3C203013304938307DDF84B
:10067000689002920E4640F0FC81041D30B10729BB
:1006800009D86FF01B0011B0BDE8F08F01F007062C
:100690003444C6F10806009B4FF000084FF0040BED
:1006A000591ECDF80C80474643464FF0FF32DA46DC
:1006B0000DB1009820600498002800F3DF809B486B
:1006C000DDF800C0844503D399488445C0F0D68046
:1006D000DDF808C0A4EB050E1CF0020F4FEA9E00E7
:1006E00000F0E7804FF0000CD1E07A2862D84B2868
:1006F0000FD847285ED829282DD8252859D059D871
:1007000020287DD0A0F12309D9F1000343EB090390
:1007100076E04C382E284DD8DFE800F0724C4C4C77
:100720004C4C4C4C4C4C4C4C4E4C4C4C4C4C4C4C07
:100730004C5C4C4E4E5C5C5C724E6F4C724C184E76
:10074000184C4C817E4E4C4C4E4C7E0000200023B9
:100750004FF0040B3CE02A384FF0010EC0B20EFA05
:1007600000F04FF6DA7E10EA0E0F49D110F0625E0B
:1007700030D110F0010343D07046013C5C44B4FB1F
:10078000FBF40BFB04F4002D5ED0AAEB050EA6448F
:10079000B6453FF676AF002868D1BAF1040F43D1D1
:1007A000E14659F8040B20600434CC464FF0040AAB
:1007B00026E0013A002323E011F8013C6C2B30D1F4
:1007C00011F8023C00206C2B0346C1D14FF0080BFE
:1007D000DA46D2E70CF1070929F0070C0734FCE8E8
:1007E00002AB24F0070435B105982044B0423FF62F
:1007F00048AFC4E900AB083400234FF0080BDA46D9
:1008000011F8010F002800F0BC80002B7FF46DAFC1
:100810002528F5D1013201234FF0040BEFE71846EC
:1008200095E700200346A8E7BAF1080F40F09B8047
:100830000CF1070929F0070CFCE8029AC4E9009AB8
:1008400008344FF0080ADBE780B9BAF1040F02D18F
:100850000CF10409A8E7BAF1080F40F084800CF10C
:10086000070929F0070909F1080CE9E70498E146AE
:100870000138049059F8040B009019E7029880079A
:1008800048D5A4EB050E4FEA9E004FF0010CBEF5D3
:10089000007F1DD32749284A28484FF41F7309F0C9
:1008A00046FB274809F043FB4FF41F71224809F02B
:1008B00035FB0F2F0ED8002D46D007F1400CEC442D
:1008C0000CF8200C0CF8102C03980130039020E059
:1008D0000F2F0CD91749184A184840F2812309F004
:1008E00026FB184809F023FB40F28121DEE7BDB169
:1008F00007F1400EEE44C0B20EF8200C0EF8102C9A
:10090000BCF1000FE0D060F07F000EF8200C08F181
:1009100001080137C5F108000434CC4605906FE7A3
:10092000BCF1000F10D00136F3E700BF64B2000045
:10093000F8DB000049D300002EBD0000E9BB000039
:100940005CBD00007DBD0000019802360028E0D1AA
:1009500000980592CDE90631FFF7DAFBDDE90631B3
:10096000059A0644D5E7444A4449454840F2C6231F
:1009700009F0DDFA5146434809F0D9FA40F2C621A0
:1009800094E7631BB3F5806F0CD33C493A4A3C486B
:1009900040F2D22309F0CBFA3B4809F0C8FA40F202
:1009A000D22183E71DB9A6F10804E0186BE6019A8D
:1009B00028609B082B709DF80C30C2B1EB7085F855
:1009C0000280B8F1000F05D008A80022C5F1010C83
:1009D00097420ED1C5F101030DF120094FF0000A35
:1009E00002930DF1300B574512D1601B4BE66B7033
:1009F000E5E710F8013B190608D50CEB040EB645E7
:100A000003F07F033FF63DAE04F8013B0132DFE720
:100A1000B8F1000F03D099F90020002A17DB019BE1
:100A2000D3B11AF80B2004F8012B0022029B1819ED
:100A30001044B0423FF625AE99F8000004F8010BCF
:100A40000099039220460AF018FA039A14440AF116
:100A5000010A09F10109C6E799F8002055F822308A
:100A60000093019B45F822300098FFF751FB421C90
:100A7000DCE76FF00D0006E62EBD000049D3000054
:100A8000E9BB000097BD0000ACBD00002DE9F04FB0
:100A900097B000AF8946D7F880B0FA623B6204464F
:100AA00058B9A849A84AA94840F2993309F03FFA31
:100AB00040F29931A44809F031FACBF3C00390F821
:100AC00002A07B6141B9457800780AEB80002044A0
:100AD0004D4517D8A0EB0409E378FB61BAF1000F8C
:100AE00002D01BF0010F16D1FB6953BBFB6A1BB18F
:100AF0003A6A4946204698474D4628465C37BD46E7
:100B0000BDE8F08F461C3046FFF702FB0130304451
:100B100009F10109DCE7237862687A62FA6A9900D0
:100B2000B96104EB8301002A40F001814D460E4675
:100B300001EB0A094FF000084E454CD101EB0A06C3
:100B400010E01BF0020FD1D023789A00BA616268DE
:100B50007A62FA6A04EB8301002A77D14D4601EBF1
:100B60000A0690461BF0050F0CBF02230123FB620F
:100B7000FB6906EB430A0BF00203BB625645BCD08F
:100B800016F8021B16F8013C54F82390704B994557
:100B900002D3704B994536D37B69002B40D0786ADD
:100BA00009F086F900283BD0E9468AB06A466A4BCC
:100BB00053617B6AC2E906314FF400731384674BBB
:100BC00042F8103F664800234FF4125101F09AFAA0
:100BD000023DCD46D2E716F8013BF96254F82300F6
:100BE000FFF796FAD7F88430F96A01304BB1D7F89D
:100BF000883098453EBFD7F8843023F8180008F1B4
:100C00000108054498E77B6923B1786A09F050F937
:100C10000028C9D11BF0010F05D1FB6AED1AADE721
:100C2000BB6A002BAAD04846FFF772FAD7F8843087
:100C300053B1D7F8883098453FBFD7F88420431C7C
:100C400022F8183008F10108054497E7BAF1000FBF
:100C500073D01BF0040673D0D046002607F148007D
:100C600052463B61B9620AF008F9B96A3B6901EB87
:100C70000A02BA62FA69F9695200FA60BA6A02EBCA
:100C800041023A610BF00202BA60BA6A39698A42DB
:100C900068D162787A621BF0020F32440CBF4FEACF
:100CA000580100211BF0010FD2B240F0E4801BF08C
:100CB000040F14BF404600207B616270A070E17099
:100CC0003A6AB969FB6A20469847051EFFF615AFD8
:100CD0007B6923707B6A6370FB69E37041463A6A03
:100CE000FB6A84F802A007F148009847B0F10008B9
:100CF000C0F2F580BB693A6AA9EB0A01C91AFB6820
:100D0000C91AD7E90A0398470028C0F2EA80A84424
:100D100008EB00054FF0000B07F1380AB345C0F0AF
:100D2000AC8000213A6AFB6A08469847E5E65646D9
:100D30004FF0000807F1380092E75646D04696E794
:100D4000B04694E7C3BD00002EBD0000E9BB000023
:100D500064B20000F8DB0000DEBD0000040000010A
:100D6000E0B40000BA6A12F8021BBA6212F8015C21
:100D70005D4A54F82500904202D35C4A904218D351
:100D80007A693AB1786A7B6009F092F87B6800284A
:100D90007FF47BAFBA68002A4CD00F2E40D954495B
:100DA000544A554840F24D4309F0C1F840F24D41D4
:100DB00080E67A693AB1786A7B6009F079F87B68F5
:100DC00000287FF462AF1BF0010F0BD00F2E27D944
:100DD0004749484A484840F2434309F0A8F840F2DE
:100DE000434167E61BF0040F3FF44FAFB8F10F0F1C
:100DF00009D942493F4A404840F2464309F097F832
:100E000040F2464156E608F1280207F1300008F1A9
:100E1000010102EB000808F8105C5FFA81F834E782
:100E200006F1280207F13000711C161806F8205C44
:100E3000CEB22AE7B8F10F0F09D930492D4A2E4812
:100E40004FF48A6309F073F84FF48A6132E608F1CF
:100E5000280207F1300C08F10100944407F1580210
:100E600052FA80F008F102080CF8101C5FFA88F8BA
:100E700000F8105C09E700201EE71BF80A3087F82D
:100E8000373054F82390D7F884302BB3D7F8883014
:100E90009B4521D2D7F8843033F81B803A6AFB6A2D
:100EA000012107F13700984700281ADB0544B8F103
:100EB000000F06D14846FFF72BF900F101081FFA91
:100EC00088F83A6AFB6A414648469847002808DB9A
:100ED00005440BF1010B21E74FF00008DEE7454622
:100EE0000BE6054609E600BF64B20000F8DB00002F
:100EF00081BE00002EBD0000E9BB0000A0BE0000C6
:100F0000014B1860704700BFC010002080B5054637
:100F10000E461746984606F08DFF03460AF098F9EC
:100F2000DFF81890044649F800304246304639460A
:100F3000A84754F8090002F0A7F800BF0800000015
:100F400038B50D4604462022002109F0A4FFEB68C5
:100F5000E361AB68A3612B6823626B686362002264
:100F6000A2622A6923B1591E194208BF42F0010248
:100F700022610122002104F12C0009F0F1FE48B1A8
:100F800005490648064A2F2308F0D1FF04482F21BF
:100F900008F0C4FF38BD00BFF7BE0000E9BB000089
:100FA000D1BE00002DE9F04F89B0CDE90123436A9D
:100FB00000278B420446884605970797BA4654D3C4
:100FC00000F11406EFF31185202383F31288BFF399
:100FD0006F8F3046A94607F037F958B94D4A4E4948
:100FE0004E48882308F0A3FF31464D4808F09FFF84
:100FF000882163E0304607F04BF9079A2AB1394659
:10100000204609F07CF80023079306A9204608F043
:101010009BFF06994145834630D32268236A13F823
:10102000221021F0030103F8221003EB820A216849
:101030004246204608F0ACFFE3682060984218D092
:101040004FF0000B304607F00DF950B389F31188CB
:10105000BFF36F8F059929B1A2690AB12046904765
:1010600000230593BBF1000FACD1504609B0BDE899
:10107000F08F236943F008032361E1E718B12046AC
:1010800008F0A0FFDEE7DDE90132134339D0039118
:1010900009F072FE0399A0BB9DBB304607F0E2F851
:1010A00078B91C4A1F491D484FF49A7308F03FFF56
:1010B00031461D4808F03BFF4FF49A71154808F07F
:1010C0002DFF85F31188BFF36F8FDDE9012304F154
:1010D0002C0005F0ABFE8346EFF31189202383F348
:1010E0001288BFF36F8F304607F0AEF800283FF448
:1010F00075AF3046BBFA8BFB07F0CAF84FEA5B1BB3
:10110000A0E707AB05AA2046276808F078FF8346CA
:1011100098E700BF00BF00002DBF0000E9BB000042
:1011200042BF000058BF00006FBF00002DE9F04132
:101130000446C36908460E46984704F1140507465D
:10114000EFF31188202383F31288BFF36F8F2846B3
:1011500007F07AF868B91B4A1B491C48882308F035
:10116000E6FE29461A4808F0E2FE8821154808F0F4
:10117000D5FE284607F08CF8337843F0010333702E
:1011800061683A46204608F003FF6060204608F098
:10119000D1FF284607F066F868B90A4A0D490B489E
:1011A0004FF49A7308F0C3FE29460B4808F0BFFEBF
:1011B0004FF49A71DAE788F31188BFF36F8FBDE8B7
:1011C000F08100BF00BF00002DBF0000E9BB0000A0
:1011D00042BF000058BF00006FBF00002DE9F84378
:1011E000044600F11407EFF31188202383F31288DB
:1011F000BFF36F8F384607F027F8054668B9354AC0
:1012000035493648882308F092FE3946344808F0BC
:101210008EFE88212F4808F081FE384607F038F806
:101220002369A26813F0080F02D163689A4200D9BB
:10123000636A9B1A002B3FD0216A11F8223013F009
:10124000030001EB82093AD0022803D151F8226051
:10125000B60805D1D8071FD4E36948469847064623
:10126000A1683246204608F093FE3146A060204631
:1012700008F09CFE384606F0F5FF10BB154A1949E8
:1012800016484FF49A7308F052FE3946164808F093
:101290004EFE4FF49A71BDE743F0020301F822308D
:1012A0004846E369A568984729460246204608F063
:1012B0006FFE0025A060DDE71D46A946DAE705467A
:1012C000FBE788F31188BFF36F8F002D8BD1484661
:1012D000BDE8F88300BF00002DBF0000E9BB00009F
:1012E00042BF000058BF00006FBF00002DE9F04171
:1012F0000446C36908460D46984704F1140607469C
:10130000EFF31188202383F31288BFF36F8F3046E9
:1013100006F09AFF68B9284A28492948882308F026
:1013200006FE3146274808F002FE8821224808F0D0
:10133000F5FD304606F0ACFF2B786FF300032B7001
:1013400023699B0705D5E268236A03EB82039D426C
:1013500022D12B786FF341032B70D4E902319942EB
:1013600004D13A46204608F013FEA06039462046D4
:1013700008F01CFE304606F075FF90B90E4A12497F
:101380000F484FF49A7308F0D2FD31460F4808F029
:10139000CEFD4FF49A71C9E72B6867F39F032B606A
:1013A000E8E788F31188BFF36F8F04F12C00BDE8E4
:1013B000F04105F0BDBC00BF00BF00002DBF000024
:1013C000E9BB000042BF000058BF00006FBF000033
:1013D00070B5044600F11405EFF31186202383F362
:1013E0001288BFF36F8F284606F02EFF68B91B4A9C
:1013F0001B491C48882308F09AFD29461A4808F022
:1014000096FD8821154808F089FD284606F040FF22
:101410002369A06813F0080F02D16368984213D9BA
:10142000646A241A284606F01DFF78B90B4A0F4952
:101430000C484FF49A7308F07AFD29460C4808F0DE
:1014400076FD4FF49A71DDE71C1AEBE786F31188FD
:10145000BFF36F8F201E18BF012070BD00BF0000BA
:101460002DBF0000E9BB000042BF000058BF0000D4
:101470006FBF00002DE9F84F04460846A38B1907FB
:10148000154612D4022803F0070165D1204608F062
:101490005EFE88B10138042800F23781DFE810F0E1
:1014A0005C0035018200D400040101280CBF43F028
:1014B000100143F02001A1831434204606F0D2FE2F
:1014C000002840F09D819A499A4A9B484FF49A73AC
:1014D00008F02DFD2146B1E003F00702501F01285E
:1014E0001ED80020062A2768C4E9000014D13A4615
:1014F00003E0E08B0130E0831268002AF9D123F089
:10150000070343F00202A283204608F020FE90B3B6
:1015100042F02002A2832EE023F007039AB2F2E702
:10152000042A33D123F007039AB2A283204608F09D
:101530000EFE10B142F02002A283A38B03F0070934
:10154000894540F0EC80A18BCA0640F1508121F022
:101550001003A38301F00701D4F81880A38BB8F11E
:10156000000FB9DA0022276823F00703C4E900223C
:1015700043F00103A383A38B03F00709894540F0DF
:10158000CF80002FDFD00026B24644E06B496C4A82
:10159000694840F21B1308F0CAFC40F21B1168486E
:1015A00008F0BCFC49B16749654A63484FF4AB7326
:1015B00008F0BDFC4FF4AB71F1E723684BB9624909
:1015C0005F4A5D4840F2571308F0B1FC40F25711F2
:1015D000E5E723691E684EB95C49594A56484FF4FD
:1015E000AD7308F0A4FC4FF4AD71D8E7A38B23F0E2
:1015F000070343F006039BB2A3830F4688464FF0D0
:101600000609A268002A40F08D80002F40F08D80EE
:10161000002E98D0BA4643F0080304F1140BA383BC
:10162000584606F01FFE002840F09A804049414A83
:1016300041484FF49A7308F07AFC5946444808F040
:1016400076FC4FF49A71ADE0022909D041493C4A39
:10165000394840F25D1308F06AFC40F25D119EE7E4
:10166000E78B4FB13C49364A33484FF4AF7308F02B
:101670005EFC4FF4AF7192E723695E684EB933495F
:101680002F4A2D4840F2611308F051FC40F26111DD
:1016900085E7A38B23F0070343F004039BB2A383E6
:1016A000B8464FF00409ACE7012909D02B49244A78
:1016B00021484FF4B27308F03AFC4FF4B2716EE770
:1016C00023684BB920491E4A1B4840F2651308F0B5
:1016D0002EFC40F2651162E723699E684EB91B49F2
:1016E000174A15484FF4B47308F021FC4FF4B47155
:1016F00055E7A38B23F0070343F005039BB20027B4
:10170000A383B8464FF005097BE70C490C4A0A4809
:1017100040F26B1308F00BFC40F26B113FE700271F
:1017200000266EE74FF0010A75E7924673E700BFA7
:1017300058BF000000BF0000E9BB000049D3000013
:1017400084BF0000A9BF0000B5BF0000D8BF0000E3
:101750006FBF0000EFBF000005C0000014C0000014
:1017600085F31188BFF36F8FBAF1000F1CD177BBDF
:1017700016B126492046B047EFF31185202383F3A5
:101780001288BFF36F8F584606F05EFD38BB204AC3
:1017900020492148882308F0CAFB59461F4808F011
:1017A000C6FB88211A48FBE6A1680029DFD00D6836
:1017B0000029DCD0D1F804A043464A462046D04751
:1017C0001DB12B6829461D46F2E72B46FAE739463C
:1017D00043464A4620463F6808F0E5FCC7E75846BE
:1017E00006F056FDA38B23F00803A383ABE68B061C
:1017F0007FF562AE21F02003A38301F0070145E6E7
:1018000085F31188BFF36F8FBDE8F88F21180000B2
:1018100000BF00002DBF0000E9BB000042BF000078
:10182000F8B504460D4600F11406EFF311872023A6
:1018300083F31288BFF36F8F304606F005FD68B959
:101840000C4A0D490D48882308F071FB0C483146BD
:1018500008F06DFB0748882108F060FB304606F071
:1018600017FDA5613A4620460121BDE8F840FFF783
:1018700001BE00BF00BF00002DBF0000E9BB00009B
:1018800042BF00002DE9F04704460F4608F07BFCFC
:10189000051E68DB04F11409EFF3118A202383F39A
:1018A0001288BFF36F8F484606F0CEFC804660B9C1
:1018B000384A39493948882308F039FB49463848BD
:1018C00008F035FB8821334842E0484606F0E0FC4A
:1018D000E38BA68B4FF6FF72934206F0070645D0C6
:1018E000022E15D10133E3833546484606F0BAFC93
:1018F000002841D1274A2B4928484FF49A7308F011
:1019000016FB4946284808F012FB4FF49A71DAE7B3
:10191000062E13D8DFE806F0092D1212090409007B
:101920006FF085054FF00008DFE700233B60636838
:1019300083B9C4E9007786B13546F3E71B491748F8
:101940001B4A4FF4E47308F0F2FA19484FF4E471BB
:1019500008F0E4FA1F606760EDE752460221204676
:10196000FFF788FD35462846BDE8F0876FF00A0589
:10197000D8E76FF00405D5E78AF31188BFF36F8FBE
:10198000B8F1000FEFD0002332463946204608F068
:101990000AFCE8E700BF00002DBF0000E9BB000023
:1019A00042BF000058BF00006FBF000014C000001D
:1019B00084BF000008B54268816002F00302032A78
:1019C000034602D02AB1002000E0006800225A60DD
:1019D00008BD05490548064A452308F0A8FA044809
:1019E000452108F09BFA00BF49D30000E9BB000085
:1019F0002AC0000030B51049104889B0002209F013
:101A000014FA0F4D0F4900220023CDE906230024CC
:101A10000E23CDE90334CDE901440B4B00944FF480
:101A20000062284605F05AFB0849284605F078FA76
:101A3000204609B030BD00BF991B0000A016002051
:101A4000E8110020401D0020ED1E000050C00000E5
:101A50002DE9F047DFF85880044607464FF00109AA
:101A600014B93846BDE8F08794FAA4F5B5FA85F5BF
:101A700009FA05F32E0108EB05156FEA030A24EABB
:101A800003042B7B002BEBD058F806301B694BB9B5
:101A90004644042273682846196807EA0A0708F0D2
:101AA000F1FBDDE7284698470028D9D1F0E700BFD1
:101AB00038B500002DE9F047DFF8BC902F4CA9EBBA
:101AC00004038F2B80460F460BD92D492D4A2E48F3
:101AD0004FF4A67308F02BFA4FF4A671294808F0CA
:101AE0001DFA2A4808F0AEFB064678B300252846C2
:101AF000BDE8F087237B83B12368DB680BB1204608
:101B00009847636883F806A023681B69B3B96368C4
:101B100004221968204608F0B5FB013610344C4504
:101B200018D91B49174A18484FF4AC7308F0FFF94D
:101B3000184808F0FCF94FF4AC71CFE720469847FD
:101B40000028E4D00AFA06F31D43E6E705464FF005
:101B5000010AE4E7CED3B8F1000FC8D0002DC5D0FC
:101B60002846FFF775FF0546002FF7D000214FF4F8
:101B7000A47006F0C3F8F1E758B5000038B50000CE
:101B800085C0000058C00000E9BB000050190020CB
:101B9000B5C00000D6C00000014805F0C9B800BFBC
:101BA000D8110020014B53F8200070474CB80000BA
:101BB00008B5034608462BB1044A136000F0BEFD89
:101BC000002008BD6FF01500FBE700BFC410002027
:101BD00010B5044C237813B9034805F0A9F8012384
:101BE000237010BD0C1B0020D811002010B5044636
:101BF0000B4808F027FB5CB1BFF35B8F094B53E840
:101C0000001F013943E80012002AF8D1BFF35B8FAF
:101C1000054809F016F90548BDE8104005F088B8F8
:101C2000481900204C190020A0160020D8110020CF
:101C30000020064BBFF35B8F014653E8000F43E8DB
:101C40000012002AF9D1BFF35B8F704748190020BA
:101C500070B5FFF7EDFF104C104E0546B44219D990
:101C60000F49104A10484FF4037308F060F90F4809
:101C700008F05DF90B484FF4037108F04FF9636801
:101C80005B792BB123685B6813B1294620469847DE
:101C90001034E3E7F3D370BD38B5000058B5000049
:101CA000B5C0000058C00000E9BB0000D6C000006D
:101CB00010B5044C04492046FFF742F9034B1C6061
:101CC00010BD00BF9811002038B800003C1900205A
:101CD000154A1648002310B51370154A1360154AAB
:101CE0004FF400411360FFF763FFFFF7E1FF124B72
:101CF000124918468B4215D91149124A124840F22E
:101D0000271308F014F9114808F011F90D4840F2B2
:101D1000271108F003F91A1A5C68121101322271B6
:101D20001033E7E7F7D310BD0D1B002041A20000E0
:101D3000481900204C19002038B5000058B50000A3
:101D4000B5C0000058C00000E9BB0000D6C00000CC
:101D50000146002201480023FFF724B99811002012
:101D60000148FFF73BBA00BF98110020024B014623
:101D70001868FFF7BBBA00BF3C1900200148FFF705
:101D800027BB00BF9811002070B5314B1878002890
:101D90005DD0FFF7E5FF0546002844D12D4B2E4CC2
:101DA0001B68002B19DD09F03EF84FF47A72A0FB96
:101DB000020302FB0131C30BD4E9002043EA414393
:101DC0009B1A4FEAD13140F2E93261EB00019342B4
:101DD00071F1000101D3FFF73BFFD4E9003213F5A5
:101DE0007A7342F10002C4E90032BDE87040FFF7A7
:101DF000C5BF63685B7923B1236829461B68204609
:101E000098471034B44211D91449154A15484FF473
:101E1000007308F08CF8144808F089F810484FF463
:101E2000007108F07BF8114C114EEBE7E1D3284626
:101E3000FFF79CFFBFF35B8F0E4B53E8001F013988
:101E400043E80012002AF8D1BFF35B8FA6E770BD0C
:101E50000C1B00204819002098160020B5C0000077
:101E600058C00000E9BB0000D6C0000038B5000033
:101E700058B500004C19002070B5154D297829BBC4
:101E80000120FFF717FE134C134EB44217D9134924
:101E9000134A144840F2C51308F049F8124808F0F4
:101EA00046F80F4840F2C51108F038F863685B79CE
:101EB0001BB1236820469B6898471034E5E7F5D3AB
:101EC000FFF762FF0028FBD101232B7070BD00BF1C
:101ED0000D1B002038B5000058B50000B5C000004B
:101EE00058C00000E9BB0000D6C000002DE9F04753
:101EF000304B314FFB1A1B090BD13049304A314866
:101F000040F2A93308F013F840F2A9312C4808F048
:101F100005F800210846FFF7CDFD044650B340F216
:101F200067684FF0000909F093F9274B274A1B58BF
:101F3000136033B1264B1B68092B02DD254804F0E2
:101F4000F7FEDFF890A0002544B12046FFF780FDA2
:101F5000044618B94FF0FF384FF0FF39FFF714FF70
:101F6000064628B95DB942464B46504604F05EFF2E
:101F70003546E9E74FF0FF384FF0FF39D3E70D4D15
:101F800008E0F0D22B689B691BB10022114628465D
:101F900098471035BD42F4D90F49094A094840F223
:101FA0009D3307F0C4FF0D4807F0C1FF40F29D319B
:101FB000ACE700BF38B5000058B50000F5C0000020
:101FC00058C00000E9BB00000800000044190020D0
:101FD0004C190020D8110020B5C00000D6C0000068
:101FE00013B52C4808F02EF92B4B1B78002B35D05D
:101FF000EFF31184202383F31288BFF36F8F2748F8
:1020000006F022F968B9264A26492748882307F0AE
:102010008EFF2249254807F08AFF8821204807F0D3
:102020007DFF1E4806F034F9FFF7AEFE1B4806F0B0
:1020300019F968B91A4A1E491B484FF49A7307F0F8
:1020400076FF16491B4807F072FF4FF49A71E5E7D7
:1020500084F31188BFF36F8F02B010BD164B1B685D
:10206000002BF9D050B900220023CDE900231348FA
:102070004FF40042002306F099FCEDE70928EBD16C
:102080000E4808F0DEFE0E4802B0BDE8104004F035
:102090004FBE00BF4C1900200D1B0020401900202E
:1020A00000BF00002DBF0000E9BB000042BF0000E0
:1020B00058BF00006FBF000044190020A016002088
:1020C000D811002010B5064B1B68044698472146DE
:1020D000A0600448FFF72AF8BDE81040FFF780BF72
:1020E000C410002098110020044A054B9B1AB1EB44
:1020F000D30F34BF52F8310000207047E0B4000025
:1021000038B500002DE9F04F8FB004AFC1F34A2875
:10211000B8600D4691467B600C0DB8F1000F68D099
:10212000002607F114034FF0040B4FF00A0AC7F81A
:102130000C80C7E907667E620193CDF808B0CDF840
:1021400000A007F11C03F96832464846FEF79EFCE2
:10215000B0F5006F03461CD36C468AB0D9F8041062
:1021600004AB2C48C3E9050140F2FF71D9611A465E
:102170004FF400711984284B42F8103F274833462A
:102180004FF41251FFF7BEFFA5462C37BD46BDE800
:10219000F08FC0F30A0804F11700184420F007007C
:1021A00080083B60FFF7D4FD68F35325044640B335
:1021B0003B681B4AC7E9083600F1100107F1140318
:1021C000F961CDE900A3CDF808B0F96807F11C0367
:1021D0004846FEF75BFC002813DA12491248134AFE
:1021E0004FF4A37307F0A3FE10484FF4A37107F058
:1021F00095FE04F1170020F007008008FFF7A8FD06
:10220000044668F353257B68B9682A46204608F0DF
:1022100059F8BAE71EC100000400000100B5000033
:1022200097A200008AC10000E9BB00005DC1000068
:102230002DE9F04F87B0DDE91279DDE9106A044637
:1022400003919346984627B3CDF800903B465246FB
:1022500010210020CDF81490FEF7FCF9051E0BDAD2
:102260002649274A274840F2651307F060FE40F2EE
:102270006511234807F052FEB5F5006F0ADB224ACC
:10228000224840F2FF73022107B0BDE8F04F08F08A
:1022900072B83D4606F11700284420F0070004F00C
:1022A00007048008FFF754FD0BF0070BE40044EA35
:1022B0008B1444EA452444EA06540646A0B19FB173
:1022C000CDF800903B46524629461030FEF7C2F941
:1022D000002809DA09490A4A0A484FF4C47307F08A
:1022E00026FE4FF4C471C4E70399434622463046A4
:1022F00007B0BDE8F04F07F0E5BF00BF89C100009F
:102300005DC10000E9BB000093C1000000B5000002
:10231000406820B1034BC01A40F3CF0070474FF024
:10232000FF307047E0B400000EB403B503AB0146C4
:1023300053F8042B0448019301F004FA02B05DF84D
:1023400004EB03B0704700BF69230000CA0605D440
:102350008B064CBF02490349FFF7E6BF704700BF39
:10236000B3D50000CBC1000038B54B681A68CB6804
:102370009A4205460C4602D1084608F020F86368E8
:10238000BFF35B8F53E8002F511C43E80010002877
:10239000F8D1BFF35B8FA3689D5463681A68E36844
:1023A0009A4209D905490648064A722307F0BFFD3B
:1023B0000448722107F0B2FD002038BDFDC10000C5
:1023C000E9BB0000CEC100002DE9F04F89B09B466B
:1023D000149B06939DF84CA0159B0593169B179E86
:1023E000049304460D469046BAF1000F00F0AD800C
:1023F000BAF1040F0BD9A349A34AA44840F24623DB
:1024000007F095FD40F246219F4807F087FD06F44E
:102410008073079307F034FF06F002090246002894
:102420003FD09B492046FFF77FFF0746B9F1000FD9
:1024300008D016F0440F36D196492A462046FFF7B9
:1024400073FF074406F0010353B1934B934953F8CC
:102450002A20934B2046002A08BF1A46FFF764FF44
:1024600006F48073002B4AD006F00803002B64D1D9
:10247000B8F1000F67D08B4942462046FFF754FF62
:102480000546069B3D44002B6ED1049B002B40F07B
:102490008380F30700F1F08031462046FFF756FFB6
:1024A000E4E00746C2E7804B18680028C9D07F4B9C
:1024B0004FF47A791B68B5FBF3F54FF46163B5FB14
:1024C000F0F100FB115509FB05F54FF03C0CB1FB99
:1024D000F3F203FB1211B5FBF0FEB1FBFCF300FBC2
:1024E0001E550CFB131109FB05F50091B5FBF0F52A
:1024F0006F49CDE901E52046FFF716FFA1E706F099
:102500000803EBB16B4B6C4953F82A202046FFF7C8
:102510000BFF0546B8F1000F05D062494246204640
:10252000FFF702FF0544BBF1000FAAD063495A46EA
:102530002046FFF7F9FE0544A3E74FF0000BE1E763
:1025400006F00805E6E745469BE7BBF1010F069B51
:1025500006D1DBB9049B002B00F0888000251BE02E
:10256000002BF7D0564812E05648069B56492246A3
:1025700007F06DFC00280CDA5449434A43484FF4F5
:10258000287307F0D4FC4FF428713DE74D485546B9
:10259000EBE7049B002B65D0DFF83481DFF8349142
:1025A000049F3146102F204628BF1027FFF7CEFE8C
:1025B0004FF0000B5D4542DC059B49461A782046EA
:1025C000FFF7B2FE4FF0010B1BF0070F03D141469E
:1025D0002046FFF7A9FE5F4538D9059B494613F809
:1025E0000B202046FFF7A0FE0BF1010BBBF1100FF3
:1025F000EAD1394920464FF0000BFFF795FE5A46C5
:10260000059B9A5CA2F120015F2928BF2E22334945
:102610002046FFF789FE0BF1010BBBF1100F1AD01A
:102620001BF0070F03D141462046FFF77DFE5F45B3
:102630005A46E5D841462046FFF776FEEBE741468D
:102640002046FFF771FE0BF1010BB3E7244920464A
:10265000FFF76AFEC8E7059B3B440593049BDB1B21
:1026600004939DD1BAF1000F7FF413AF204609B057
:10267000BDE8F04F07F0A3BE094A08492046FFF71E
:1026800053FE09E732C20000CEC10000E9BB0000E2
:102690003DC2000041C200005CB800007FCE0000D7
:1026A0002DC2000066C200005819002054190020F5
:1026B0004AC2000070B800006AC2000070C2000088
:1026C000D9A30000692300004537000075C200004F
:1026D00086C200007EC2000088C200008AC20000DC
:1026E00084C2000073B542F20F738B4228BF0B46C1
:1026F00005680F4A04460521684606F0C5F9636877
:102700000C495B6806460B22284607F04AFE6368C0
:102710003246694628465B6807F043FE636806490F
:102720005B681B22284607F03CFE02B070BD00BF6C
:1027300065C40000A9C200008DC20000074A002144
:102740000123904206D8064A01B901231360054BC4
:102750001860704740085B000121F2E740420F001B
:102760005419002058190020014B01221A7070479B
:102770000E1B0020014B00201960704770190020CB
:102780000148FFF7AFBF00BFA0B8000010B5064B6F
:1027900018680C46FFF706FA21460346BDE81040CC
:1027A00002480F22184700BF70190020A0B800008F
:1027B000F8B5094D094B0A4ED5E9004701221A70B8
:1027C0000CB92C60F8BD214630463A4600F01EF8A0
:1027D000241A0644F4E700BF641900200F1B0020F0
:1027E000101B002010B9074B18707047064B1B7860
:1027F0001BB141F2883008F09CBAA420002105F0FA
:102800007DBA00BF0E1B00200F1B00202DE9F047F2
:10281000DFF878901E4F80460E46042499F8005049
:10282000A5B908F079FA324682464146284603F0B7
:1028300067FF0546504608F077FAE5B101233B7083
:1028400099F8003073B93046BDE8F087324641460A
:10285000002003F055FF0546EFE72046FFF7C2FFD3
:10286000651E2C46002003F0D5FF0028EBD03B78F6
:10287000002BF2D1E7E73B78002BE4D0013C204667
:10288000FFF7B0FF3B78002BC8D1DCE70F1B00201F
:102890000E1B0020F8B5074F0D4604464618B442FB
:1028A00001D12846F8BD14F8011BBB6801485B68DC
:1028B0009847F4E704B3000010B543681C68094862
:1028C00008F03BFA48B908490848094A992307F033
:1028D0002EFB0748992107F021FB23685B685C60A9
:1028E00010BD00BF04B3000023C30000E9BB00001B
:1028F000E5C20000014B036000207047E4B800000F
:1029000008B5044807F0FDFABDE80840024807F0A2
:10291000F8BA00BF57C300008CC3000008B50348D5
:10292000034A0021121A07F0CDFD08BDE81100206E
:10293000281D00200748084A084908B5121A07F060
:10294000C3FD0748074A0849BDE80840121A07F0C6
:10295000BBBD00BFC0100020E811002000DC00005B
:10296000B8100020C0100020F8DB00002DE9F0476F
:10297000064600AF0C46002936D0E9468AB0D1E9B8
:102980000012A3686D462148A8464FF0050AC5E924
:102990000501C5E9072348F810AF1D48424600234A
:1029A0004FF42151FFF7AEFBCD46D4E90312636922
:1029B000AD461848C5F810A0C5E90501C5E90723CB
:1029C0001348002342464FF42151FFF79BFBCD46AD
:1029D000E369114A0E48012107F0CDFCA3690F4AB3
:1029E0000B48012107F0C7FC012E07D1EFF3058347
:1029F0000B4A0748103B314607F0BDFC21463046E4
:102A000003F068FFBD46BDE8F08700BFBAC3000011
:102A100020B50000E9C3000018C4000027C400006E
:102A200055C4000030BFFFF7FDBF00BF2DE9F041E6
:102A30000B4EDFF8308006EB0807CC1B054632460C
:102A40000949204608F019FAA01942460021083C1D
:102A500008F021FAC5F8A44007F10800BDE8F081AC
:102A600000000000040000009CB50000054B5A69FE
:102A70009B689A421FBF044A536843F080535360D7
:102A8000704700BFC81A002000ED00E070B5294C67
:102A900006460D462848294907F023FDA36AD904B4
:102AA0003CD52548264907F01CFD1720A36A1A05C6
:102AB00004D52148234907F014FD18201D4CA36AB2
:102AC0009B0512D51C48204907F00BFDA36BA26A99
:102AD000100409D51D4A1848012107F04CFC1EB10D
:102AE000A36A23F40043A3621920124CA36A590578
:102AF00004D51148164907F0F4FC1A20A36ADA0538
:102B00000ED50D48134907F0ECFC1B20094A936AC7
:102B100043F47F43936200232B7070BD1620C5E7FA
:102B2000A36A9B04F2D504480B4907F0DAFC1C2089
:102B3000ECE700BF00ED00E020B5000068C4000035
:102B40007EC400008FC40000A2C40000BBC400000B
:102B5000D0C40000EBC4000003C5000010B5204C39
:102B60002049214807F0BDFCA36A990136D51E48CB
:102B70001E4907F0B6FC1E20A36ADA0104D51A48E4
:102B80001B4907F0AEFC1F20154CA36A1B0304D59C
:102B90001548184907F0A5FC2120A36A590304D55C
:102BA0001148154907F09DFC22200D4CA36A9A0399
:102BB00004D50D48114907F094FC2320A36ADB03D8
:102BC00004D509480E4907F08CFC2420044A936A76
:102BD0006FEA03436FEA1343936210BD1D20CBE7F6
:102BE00000ED00E032C5000020B500004AC500003D
:102BF0005DC5000077C5000095C50000BAC500009E
:102C0000D4C500002DE9F8433F4D804689463F4832
:102C10003F49174607F065FCAB6ADA0627D53D4900
:102C20003A4807F05EFC1124AB6A1B0704D53A4909
:102C3000364807F056FC1224334DAB6A9E0718D570
:102C40003649324807F04DFC6E6BAB6A1C0646D520
:102C5000334A2E483346012107F08DFBB9F1000FAE
:102C600003D0AB6A23F08003AB62132403E010248B
:102C7000DAE76FF01506244DAB6AD80704D5294969
:102C8000224807F02EFC1424AB6A990604D5264985
:102C90001E4807F026FC15241B4DAB6ADA0602D449
:102CA000AB6A9B070AD56B68180507D541463046C5
:102CB00000F0E6FAB0B180F309880224124B9A6A58
:102CC000920642BF5A6A22F400525A629A6A42F04D
:102CD000FF029A6200233B702046BDE8F8836FF044
:102CE0001506C2E7AB6AD906E8D51049104A114863
:102CF00040F2271307F01BF90F4807F018F90C48AA
:102D000040F2271107F00AF900ED00E020B50000BD
:102D1000FFC5000015C600008FC4000048C60000B3
:102D200060C6000076C6000003C50000C7C60000EC
:102D300095C60000E9BB000011C70000F0B5794B53
:102D40008BB00446586800AFC0F30803002686F332
:102D50001188BFF36F8F02F07F45B5F17F4F07D128
:102D600002F00C05082D12D16F49704807F0B9FB2D
:102D70006F49704A704840F2144307F0D8F86F4822
:102D800007F0D5F840F214416A4807F0C7F8150774
:102D90004CBF0C460126002CEAD00022FA71DA1E44
:102DA000092A00F29E80DFE802F0059497779C9C48
:102DB0009C9C9C9A62495D485A4D07F092FB002307
:102DC000FB71EB6A9A0705D55E49584807F089FB05
:102DD000002329E0EB6A002B01DA5B49F5E7EB6A97
:102DE0005B0069D55949514807F07BFB6B69A269C3
:102DF00043F480736B61BFF34F8FBFF36F8F6B69C9
:102E000032F8022C23F480736B61BFF34F8FBFF352
:102E10006F8F4DF602739A4227D123684C4A43487C
:102E2000012107F0A8FA2368FA79DAB907F1080551
:102E300004F1200C206861682A4603C20834644506
:102E40001546F7D17A6A002E67D0C2F3080121B97E
:102E50006FEA52226FEA42227A6207F108011846AD
:102E6000FFF784FD2C37BD46F0BDAB6ADBB233B152
:102E7000FA1D01212046FFF7C5FE0346D4E7AB6AE1
:102E800013F47F4F04D0F91D0120FFF7FFFDF4E795
:102E9000AB6AB3F5803F02D3FFF760FEEDE72D4943
:102EA000244A254840F2ED2307F041F82A4807F06C
:102EB0003EF840F2ED2167E726491E4A1E484FF4CE
:102EC0003C7307F034F8254807F031F84FF43C71B3
:102ED0005AE7FA1D0021CDE7F91D0020D5E720496A
:102EE00073E7204A204910F4F87F6D468AB018BF76
:102EF00011466A46103BD3611C484FF4007313849B
:102F00001B4BC2E9050142F8103F084800234FF46B
:102F10001151FFF7F7F8AD465AE722F4FF7222F09D
:102F2000010299E700ED00E062C7000020B5000053
:102F30008DC7000095C60000E9BB0000A0C70000D7
:102F4000DEC70000F5C7000016C8000024C8000056
:102F500043C8000049D300005FC8000083C80000D8
:102F6000B3C8000049C7000034C70000D7C800003C
:102F700004000001044B5A6942F010025A615A6978
:102F800022F008025A61704700ED00E0EFF308807C
:102F9000EFF3098101B57246FFF7D0FE01BD00BF16
:102FA000002080F31488BFF36F8F114880F30888E6
:102FB00000201049087001F01FFE00200E49086033
:102FC000BFF34F8F00F02EF8202080F311880B48BC
:102FD0004FF40461401880F30988EFF31480022154
:102FE000084380F31488BFF36F8F00F019F90000D5
:102FF00040330020261D002094ED00E080250020B5
:103000000749D1F890200023C2F3072218469342C3
:1030100000DB7047C1F89830C1F8A0000133F6E733
:1030200000ED00E008B572B6002383F31388FFF7C4
:10303000E7FF144B4FF0FF32C3F88020C3F8842021
:10304000C3F88820C3F88C20C3F89020C3F89420DC
:10305000C3F89820C3F89C20C3F88021C3F88421CA
:10306000C3F88821C3F88C21C3F89021C3F89421B8
:10307000C3F89821C3F89C2162B6BFF34F8FBFF30A
:103080006F8F08BD00E100E0084B9B6883420BD1C5
:10309000EFF3058343B1064B5A6842F080525A6001
:1030A0005A6A22F400425A6204F0CABEC81A0020CA
:1030B00000ED00E015498A684FF030001044EFF34E
:1030C000098C80E8F01F202080F31288BFF36F8FF7
:1030D0000F4F4FF000664A698A603E60D2F8A40044
:1030E0000C4C2060D2F8A8000023C2F8A83080F36E
:1030F000118804B5104600F02BF9BDE8044002F138
:10310000300090E8F01F8CF309887047C81A00203F
:1031100004ED00E0981900201EF0040F0CBFEFF33F
:103120000880EFF30980816911F8021C0229FFD0A1
:1031300001B5724607F0CAF901BD00BF40B20028D0
:1031400007DB044A4109012300F01F00834042F8D5
:103150002130704700E100E040B200280CDB430959
:10316000064900F01F0020330122824041F823204D
:10317000BFF34F8FBFF36F8F704700BF00E100E0D8
:10318000054B420900F01F0053F82220012303FAE7
:1031900000F01040704700BF00E100E038B54B1C64
:1031A000072B04460D460FD9114A124912486B23CA
:1031B00006F0BDFE114829460723224606F0B7FE59
:1031C0000B486B2106F0AAFE40B20028ACBF00F10C
:1031D00060400B4A4FEA4313B8BF00F00F00DBB268
:1031E000AABF00F56140135480F8003338BD00BF1A
:1031F000EAC8000021C90000E9BB00003CC900008A
:1032000014ED00E0044B054A23F07F039360BFF305
:103210004F8FBFF36F8F70470000000000ED00E09C
:1032200008B5FFF7EFFF074AD2F8883023F47003A0
:10323000C2F88830FFF772FBFFF77CFB00F05EF806
:1032400003F0AAFC00ED00E042F8203C009B42F8AD
:103250001C3C0A49019B42F8183C029B42F8143C72
:1032600021F001014FF0807342F8043C42F8081C41
:103270000023203A0265C0F8A83070470D0F000007
:103280000A4A0346906878B113F1160FD0F89400FB
:1032900005D0A0F140029A4205D8834203D2814270
:1032A00028BF002070470020704700BFC81A0020C8
:1032B00008B515460C4A0D4B9060D0F8A4201A6052
:1032C0000E4600F045F82C4686F309880020044B92
:1032D00098472046002100220023024C204700008E
:1032E000F9A400000D0F0000C81A00209819002052
:1032F000014B10221A61704700ED00E004480023E2
:103300002021C2180133272B82F80013F9D170470E
:1033100000E100E008B5EFF30583064A103B02EB3D
:10332000C30152F8330049688847BDE80840FFF7F9
:103330009DBB00BF44B30000024B034A0348012178
:1033400000F08CB80000012000000020E4B800006C
:10335000D0F89420054B403A1A60054A4021C3E951
:1033600001121846012100F09FB800BF9C190020EF
:1033700000000B1508B503461048D0F89020C2F3A2
:103380000722013A934207D90D480E4A012106F05F
:10339000F2FF6FF0150008BDC0F898300A6822F0FF
:1033A0001F021A4342F01002C0F89C208A6842F0C3
:1033B0000102C0F8A0201846EDE700BF00ED00E0D4
:1033C00018B5000080C90000F0B50E4685B01F4654
:1033D00004460025B5420DDA606810B397B1431E6C
:1033E00018420AD0104A11482B46012106F0C3FFAB
:1033F0006FF01502104605B0F0BD1F28F2D9216804
:103400000B42EFD12368019307F099F8A36801A953
:103410000343D0B20393FFF7ADFF10F1160FE7D0CF
:10342000421C01350C34D5E7A6C9000018B50000D0
:10343000044B0522C3F89420BFF34F8FBFF36F8F67
:10344000704700BF00ED00E0BFF35F8F024B00222A
:10345000C3F89420704700BF00ED00E038B50D4D73
:1034600001232A780C46FFF7AFFF287016300FD1E2
:10347000094A0A490A484FF4BF7306F058FD094843
:10348000214606F054FD04484FF4BF7106F046FD96
:1034900038BD00BF211B0020C9C9000049D300006E
:1034A000E9BB0000F8C9000010B5144A00231278E7
:1034B0000C46FFF789FF10F1160F08D0104A0021C3
:1034C000D2F89030C3F30723984210DB10BD0D4AA9
:1034D0000D490E4840F29D1306F029FD0C48214687
:1034E00006F025FD074840F29D1106F017FDC2F8D1
:1034F0009800C2F8A0100130E2E700BF211B0020B5
:1035000000ED00E0C9C9000049D30000E9BB00009C
:1035100024CA00002DE9F04F7B4C7C49D4F8903050
:103520000D68C3F307239D4285B013D9784A7949C2
:10353000794840F2F71306F0FAFCD4F89020774867
:103540002946C2F3072206F0F2FC40F2F711704858
:1035500006F0E4FCFFF778FF49680022954201F18C
:103560000C012DD16E4C6F4F25706846FFF7C2F9E4
:10357000DFF8B481DFF8B49106460025AE4232D1BF
:10358000237861490020D1F89020C2F307229342AA
:10359000C0F2AF80FFF74CFFD1F89030C3F30723A0
:1035A000082B00F0AC806249594A5B4840F269231D
:1035B00006F0BDFC5F4806F0BAFC40F26921C6E7A0
:1035C000C4F8982051F80C3C23F01F03134343F038
:1035D0001003C4F89C3051F8043C43F00103C4F8D4
:1035E000A0300132BAE7009A02EB05132901D3F8A3
:1035F0000CA00AEA0700B0F5000F60D00AD8B0F5B9
:10360000001F38D0B0F5800F4ED0B0F5801F12D01B
:103610000135B3E7B0F1807F5CD0B0F1007FF7D126
:103620009868D3F804A0525806F089FFCDE901A2AA
:1036300040F480200BE09868D3F804A0525806F0BC
:103640007EFFCDE901A240F0885040F43020039085
:10365000207801A9FFF78EFE002846DA2D492C4A72
:103660002D4840F2212306F062FC334806F05FFC4F
:1036700040F221216BE79868D3F804B0525806F065
:103680005EFF1AF0010F40EA0800CDE901B2039095
:10369000DED02A491E4A2048832306F048FC2848E9
:1036A00006F045FC832152E79868D3F804A05258ED
:1036B00006F045FFCDE901A240EA0900C7E7986896
:1036C000D3F804A0525806F03AFFCDE901A240F029
:1036D0008270BCE79868D3F804A0525806F02FFF18
:1036E000CDE901A240F08870B1E72378013323705F
:1036F0008EE7C1F89830C1F8A000013343E70020FD
:1037000005B0BDE8F08F00BF00ED00E0F0B80000AC
:10371000C9C9000049D30000E9BB000051CA00003C
:10372000211B00200000F0FF00000811000002062D
:1037300004CB000054CB0000DACA000085CA0000A8
:10374000ABCA0000F0B587B007460E46144600210C
:10375000102268461D4607F09EFB02238DF80230BA
:103760002A46054B019321466846CDE9047605F0CB
:1037700053FA07B0F0BD00BF5FA5000008B5024BCB
:103780001B689847002008BDA8190020034B044A75
:103790001860937843F0020393707047A8190020D3
:1037A000D010002008B50649064821F00701C1F1F4
:1037B000005202F58032FCF7AFFE002008BD00BFCA
:1037C00087330020AC190020044A0123C2F8403599
:1037D0004FF080420020C2F87835704700E0014089
:1037E00048B1054B054A1B68B3FBF2F35843044B41
:1037F00043F00103184770477C11002040420F003E
:10380000A0B5000008B50448044A3F23C0E90023DE
:1038100001F02EFB002008BDB8190020FFFF0F00AB
:1038200037B50C460A490B4A411A40230093491107
:1038300005462346084806F09DFE011E05DA284687
:10384000234603B0BDE83040184703B030BD00BF89
:10385000D4190020DDA50000C4B20000C9B20129BE
:1038600008B509D908490948094A7E2306F05FFBD3
:1038700007487E2106F052FB03690C2201FB02334C
:10388000986C00F0070008BDC5CB0000E9BB000044
:1038900088CB000070B5C9B2012903690BD918495A
:1038A0001848194A40F2D71306F041FB164840F277
:1038B000D71106F033FBEFF31185202484F312882F
:1038C000BFF36F8F0C2606FB0134A46C14F0C00408
:1038D00008D0A24206D085F31188BFF36F8F4FF056
:1038E000FF3070BD71430B4401229A6485F3118847
:1038F000BFF36F8F43680B445B6898470020F0E785
:10390000C5CB0000E9BB000088CB000070B50D46B8
:103910000649411A0446491105484022FFF7BAFFFB
:103920002B4601462046BDE870401847D4190020B8
:10393000C4B200000022F8B5012105461046FFF789
:103940002DFC104801F0CCFA0446B8B901F0E8FAB1
:103950002F690D49384606F03CFC031E09DB0126A1
:10396000BE642D69084905F1200006F032FC031EF3
:1039700002DA1C462046F8BD6E65FBE76FF00404D2
:10398000F8E700BF613A000010B900001FB500223F
:103990000123CDE90223094ACDF800D06B46CDF8CA
:1039A00004D006F014FE002805DB4FF4804200230B
:1039B000684603F03BFA05B05DF804FBE9A500009A
:1039C00010B5064C23782BB94FF4A57007F0B1F968
:1039D00001232370BDE8104001F0F6BB221B00203C
:1039E00010B5EFF31184202383F31288BFF36F8F98
:1039F000074A136823F00201DB07116002D401209B
:103A000001F0DEFA84F31188BFF36F8F10BD00BFA1
:103A10002C1A002030B4104B0C2202FB003301465C
:103A20000020D3E910521864EFF31180202484F3AE
:103A30001288BFF36F8F9C6C04F0C00444F0020442
:103A40009C6480F31188BFF36F8F1DB12B46034830
:103A500030BC184730BC7047D4190020C4B20000F5
:103A6000012808B506D0032808D098B90F4B9B6CE5
:103A70005B0719D1BDE80840FFF7CCBF0C490D4AE0
:103A80000D4840F2FE2306F052FA40F2FE210948AA
:103A900006F044FA0649074A07484FF4427306F015
:103AA00046FA4FF44271F2E708BD00BFD419002076
:103AB00049D3000088CB0000E9BB000010B4EFF34D
:103AC0001182202383F31288BFF36F8F1748016898
:103AD00041F002040460C80707D482F31188BFF3E1
:103AE0006F8F012010BC01F03DBA4FF08041D1F83A
:103AF0000C04D1F80C14C907EFD5EFF3118083F350
:103B00001288BFF36F8F0A498B6C03F0C00343F038
:103B100002038B6480F31188BFF36F8F82F31188E7
:103B2000BFF36F8F002010BCFFF774BF2C1A00206A
:103B3000D41900202DE9F0414449BFF35B8F0646BC
:103B4000012251E8003F41E800200028F9D1BFF3ED
:103B50005B8FA3B93E493F484B60CB608A60FDF75D
:103B600091FE00280BDA3C493C4A3D4840F2AA232A
:103B700006F0DDF940F2AA21384806F0CFF976B315
:103B8000731E012B58D8012E07D14FF08043D3F874
:103B90001C3403F00303012B21D007F0EDF8054698
:103BA000F8B9304B1B78E3B14FF080430222C3F8E1
:103BB00008230746DFF8B0804FF08044D4F818247B
:103BC000D4F81834D20315D503F00303012B01D028
:103BD000012E0FD155B387F31188BFF36F8FBDE866
:103BE000F081EFF31187202383F31288BFF36F8FE7
:103BF0000125DFE7ADB1384606F092FCD4F8183560
:103C0000002BDBD1D4F80421002AD7D0C4F804312A
:103C1000D4F804310123C4F81835C8F88031A36002
:103C2000CCE70021212004F069F8E7E74FF080435A
:103C30000222C3F80423D2E70C49084A08484FF48B
:103C40002F7306F074F94FF42F7195E7D019002007
:103C5000C0190020F419002075C2000088CB0000B4
:103C6000E9BB0000261D002000E100E049D3000070
:103C700010B5044C2046FDF743F92046FFF786FDBA
:103C8000002010BD893C000073B5104E8DF8070070
:103C90000446032501220DF10701002002F0A0FDDA
:103CA00020B101233370204602B070BD3378002B61
:103CB000F9D0013D08D007F05FF80028EAD10021D3
:103CC000422004F01BF8E5E73570ECE7231B0020E9
:103CD00008B5074807F031F838B10648FFF756FD38
:103CE0000448FDF70DF9002008BD6FF01200FBE756
:103CF00004B30000F93C00000A2838B5074D04461B
:103D000004D1AB680D215B6828469847AB6803482F
:103D10005B68E1B29847204638BD00BF04B300009D
:103D200010B5036961B92049204A21484F2306F0A4
:103D3000FEF8204806F0FBF84F211C4806F0EEF88C
:103D4000486850B91C49194A1948502306F0EFF841
:103D50001A4806F0ECF85021EFE75868F8B18842AD
:103D600019D19C6808685860A14200D19860002071
:103D700008602AB15A680A609A68596002B9996065
:103D8000002010E0814206D10868206098688142D6
:103D9000EDD19C60EBE7044600680028F2D1002AD0
:103DA000E8D16FF0150010BD4ECC000012CC000021
:103DB000E9BB000057CC000066CC000078CC0000C6
:103DC00008B50268530904D14FF0FF33D340DB0735
:103DD0000BD407490748084A4FF4747306F0A7F854
:103DE00005484FF4747106F099F84FF0A04008BDF3
:103DF000C2CC0000E9BB00008FCC000070B5446865
:103E0000207C01F01F0545EA4015A06886B0002817
:103E10006DD0B2F5001F04D1294601F02BFE002021
:103E200049E001A80026B2F5800F0196466031D125
:103E3000B3F1007F14BF052304238DF80430002361
:103E4000CDE904030393E368CB40D90735D4B2F13D
:103E5000A07F32D168460095FFF7B2FF05F5E07309
:103E600050F82330DB0728D4A0686A46294601F0C1
:103E7000A1FC163019D0CDF808D0A06803AA2946B5
:103E800001F04EFB002816DBA0680122294601F054
:103E900071FDC4E7B3F1C06F05D0B3F1007F14BF6B
:103EA00001230223C9E70323C7E7A068694601F09D
:103EB00041FD0028DFDA06B070BDA0686A462946D9
:103EC00001F078FC0028D8D19DF80010A06801F01E
:103ED00015FD0028D1D007490748084A40F2E513EC
:103EE00006F025F8054840F2E51106F017F86FF0E6
:103EF0008500E0E7F7BE0000E9BB0000E5CC00006C
:103F0000430970B507D1124B596821B101250C68DE
:103F1000104E854001B970BD8A682A4010D04B68A8
:103F200063B90D490D4A0E48742306F000F80D4898
:103F300005F0FDFF0948742105F0F0FF3046984771
:103F40001CB1236821461C46E4E72346FAE700BF7C
:103F5000301A0020E4B20000C8D2000012CC0000E9
:103F6000E9BB000078CC00002DE9F043476840F23F
:103F700006363B7CD00687B001F01F0502EA060634
:103F800045EA431554BFC2F340130323B6F5837FBC
:103F900014468DF8033044D00DD8062E16D005D81F
:103FA000A6B1022E3FD06FF0150037E0B6F5807F46
:103FB000F9D101260AE040F20222964235D0B6F548
:103FC000407F34D0B6F5007FEDD1022601232203D5
:103FD00003FA01F12DD57B68C3F80815B86870BBEA
:103FE00003A80395FFF7ECFE84F4803300EB850013
:103FF000C3F30043C4F34044D0F8002744EA430429
:104000009DF8033022F4E16244EA830422F00702BF
:1040100044EA06231343C0F80037002007B0BDE888
:10402000F0830726D2E70426D0E70526CEE703264D
:10403000CCE7630344BF7B68C3F80C15CEE70DF1F2
:104040000202294601F0B6FB14F4403F804617D126
:10405000B868294601F03AFCB8F1000FDDD19DF8AF
:104060000210B86801F04AFC0028D6D01E491F484B
:104070001F4AF42305F05BFF1D48F42105F04EFFB5
:104080004FF0000901ABCDE90199CDE90439CDF834
:104090000C90B86803AA294601F042FA4845BCDBF7
:1040A00014F4003314D084F480349DF803308DF878
:1040B0000E30C4F300448DF80C608DF80D40B868E4
:1040C0004B4603AA294601F0DDFA0028C4DAA4E72A
:1040D000CDE904330DF103030393B86803AA29461D
:1040E00001F01EFAF1E700BFF7BE0000E9BB0000D7
:1040F000E5CC000038B54568A86890B101F0CCFB6C
:10410000014670B9A86801F087FB044658B9024619
:104110000649A86801F036FB224605210620FFF774
:104120003DF8002038BD6FF00400FBE7013F0000C0
:10413000054A064B93624FF040221A60012100228B
:104140000420FFF72BB800BF501100203C1A0020BC
:104150002DE9F04F89B002AF9346BB6003693B6124
:104160004368D3F820A09B8AFB604FF0FF324FF0EA
:10417000FF3305460C4606F098FA3B6940337B61F5
:10418000002378690022002602F050FE33465E4587
:1041900001D3002340E0207A010700F1938001362B
:1041A0005E4521680BD2820709D4227D80EA020C89
:1041B0000CF0010C02F004025CEA020C08D023B9F6
:1041C00001F06042B2F1005F3FD04FF0000801E023
:1041D0004FF001086268D7F80CE003EB020CF445DD
:1041E00024D96C468CB0286802A9384ECA61C1E94E
:1041F0000563FB680A46C1E9083040F203530B85AA
:10420000334B42F8103F002332484FF45151FDF731
:1042100079FF6FF01B03A54628467B6106F049FA3B
:104220007B691C371846BD46BDE8F08FC00705D432
:104230000AEB03007B6006F020FE7B6862681A448C
:1042400093B2B8F1000F26D1D3B9D4F80090A38867
:104250004FF00008BA68217A009228464A4600F0DA
:104260005FF8031ED8DB4FF480427869002302F028
:10427000DDFD40B1284606F02FFA6FF00403CBE7CE
:104280009846D146E6E73B691B6D002BF5DB237AA8
:10429000DB0702D400230C3479E7CA45FAD1234660
:1042A0000AE0A8EB0201D8687B601FFA81F819FACE
:1042B00081F106F0E2FD7B685A689045A3F10C039A
:1042C000EFD2E7E76FF08503A6E700BF23CD00003C
:1042D00006000001F8B4000008B5CA0743680AD414
:1042E000C1F34201012909D002290FD00A4A0B4823
:1042F000012106F037F86FF0150006E09B6A1B6895
:104300004FF0CC72C3F82425002008BD9B6A4FF003
:10431000C8621B68F6E700BF09CE0000F8B40000D1
:10432000F0B589B047680C461646002112220DF1FF
:104330000E001D4606F0AFFD04F001038DF80C30B1
:10434000BDF838308DF80D30BB8C0495AB42069625
:104350000AD20A4800930A4A2B46012106F015F8B2
:104360006FF01B0009B0F0BD84F00202C2F34002FE
:10437000B86A520103A901F0E9FDF3E7F8B40000BF
:104380001BCE0000B0B5456800AFAB690446984746
:10439000E869012106F091F92A69A86A23462946AD
:1043A00001F0C0FC002817DA23686C4688B06A4622
:1043B0000C49C2E905134FF4007393830A4B42F88A
:1043C000103F0A4800234FF4E251FDF79BFE6FF0C7
:1043D0000400A546BD46B0BD204606F095F9002074
:1043E000F8E700BF62CE000003000001F8B400004F
:1043F00008B50268530904D14FF0FF33D340DB07FF
:104400000BD407490748084A4FF4747305F08FFD31
:1044100005484FF4747105F081FD4FF0A04008BDD0
:10442000C2CC0000E9BB00008FCC00002DE9F04FAA
:10443000DFF854B185B01546824600EB810840F2A2
:10444000FF19D04503D1002005B0BDE8F08FDAF8A0
:1044500000305A04C3F3C321C3F3080400F18E8073
:104460004A4A1B0E575C4C4508BF4FF0FF34192BCE
:1044700000F28780DFE803F00D141A1D20261D8549
:10448000858585356185858585858585858564797D
:104490007C7FC5F80C45631C5CD10AF1040AD0E7A7
:1044A000C5F81445661CF8D000265CE0C5F8084540
:1044B000F1E7C5F81045F5E7601CC5F80845ECD0F4
:1044C000002604E0611CC5F80C45E6D0012603A8CF
:1044D0000394FFF78DFF012101FA04F3C0F80C35B6
:1044E00008E0C5F80845002FDCD1631CD5D00026B4
:1044F00031460627DAF80030019303F40040002823
:1045000018BF002103A8009118BF01260394FFF7EC
:104510006FFF019B009900EB8400C3F3412CD0F89E
:1045200000473B0243EA8C030B4304EA0B0423439A
:1045300043EA4603C0F80037AFE7C5F80C45D2E7B9
:10454000C5F86045621CDAF80030A6D0C3F300431A
:10455000002BBBD003A80394FFF74AFF012606FAFD
:1045600004F3C0F808353146C4E7C5F86445E9E707
:10457000C5F86845E6E7C5F86C45E3E76FF0150058
:1045800062E76FF085005FE7F0F8FCFF82CE000085
:104590002DE9F041044647680D4606F0EDFB4FF06B
:1045A000200888B9264B1B7873B16426606806F032
:1045B000F7F8F0B9012006F04BF9013EF6D10021E1
:1045C000212003F09BFBF0E7EFF31186314688F3DF
:1045D0001288BFF36F8F606806F0E2F8A8B986F31F
:1045E0001188BFF36F8FEFE786F31188BFF36F8FEA
:1045F000E5E7EFF31186314688F31288BFF36F8F3A
:10460000606806F0CDF80028EED0BB691D706368C5
:10461000BA691B680020C3F844250122C3F8482565
:10462000C3F82001D3F82041C3F85801D3F858014A
:104630009A6081F31188BFF36F8FBDE8F08100BFEE
:10464000261D00202DE9F04100220546012102200F
:10465000FEF7A4FD0220FEF771FD6C680121E06801
:1046600006F0CFF86B681A682369C2F82435637DB9
:10467000217D0B43C2F86C356F68D7E9004313F016
:10468000010346D0D5F8108004F10C0108F10802AE
:1046900004F5907006F019F9061E07DA2A4A2B482D
:1046A000012105F05FFE3046BDE8F08198F8080072
:1046B00000F002FC0823C4F80035BB69C4F8443597
:1046C0000023C4F848350123A360D4F85831002BE7
:1046D000FBD00026C4F800656B683146D86806F048
:1046E00090F86D6831462C68E86806F08AF808236F
:1046F000C4F800352A7A52B9EB69C4F8343501237D
:10470000C4F83835C4F81021D4F8102123600026ED
:10471000C9E70822C4F80025BA69C4F84425C4F8DA
:1047200048350123A360D4F82031002BFBD00023AF
:10473000C4F82031D4F820310123E3604FF48073B2
:10474000C4F80433C1E700BF8ACE000030B50000D2
:1047500070B40E49D1E90034D01AC31844F10004F2
:10476000C2F30E06C1E90034A6F58053B3F5C04F7D
:1047700009D2074B1B685A0CDB039C19054B42F10D
:104780000005C3E9004570BC03F046BFF8160020E1
:10479000A81A002000170020E0B1BFF35B8F0E4B7A
:1047A00053E8001F41F0020143E80012002AF7D14C
:1047B000BFF35B8F094A4FF40033C2F80433084A51
:1047C000BFF35B8F1268BFF35B8F920744BF054A4C
:1047D000C2F80031704700BFA41A00200010014049
:1047E0009C1A002000E100E00C4BBFF35B8F53E804
:1047F000000F20F0020243E800210029F7D1BFF3A7
:104800005B8F074B4FF40032C3F80823BFF35F8F71
:10481000BFF36F8FC0F34000704700BFA41A0020A1
:104820000010014030B5144B1868410CC003BFF3B1
:104830005F8F124BD3F8043547F6FF7293420AD1CB
:104840000F4AD2E90045844275EB010209D3C01832
:1048500041F1000130BD181841F10001B3F5006FBE
:10486000F8D2074BD3E90023904271EB0303F1D256
:1048700010F50040ECE700BFA81A0020001001402E
:10488000001700202DE9F743374CD4F80433D9033F
:1048900019D540230022990810290CD1D4F84031B1
:1048A000002B41D00023C4F84031D4F840314FF4FC
:1048B00080324423EFE70433502BECD11AB12B4A5A
:1048C000136801331360D4F804339A0329D5BFF376
:1048D0005B8F274B53E8002F22F0020143E80010C2
:1048E0000028F7D1BFF35B8F930702D4D4F844318B
:1048F000BBB10025C4F84451D4F84431FFF792FF0E
:10490000EFF31182202383F31288BFF36F8F194BCB
:10491000D3E90667B042B94108D282F31188BFF3E8
:104920006F8F03B0BDE8F0834423B4E74FF0FF3846
:104930004FF0FF39C3E90689D3E904101D614FF434
:104940000033C4F84833C4F84451D4F8443182F3F6
:104950001188BFF36F8F0029E3D0009032463B46A9
:1049600001208847DDE700BF00100140A81A0020A1
:104970009C1A0020D81600202DE9F74F0D461F463F
:10498000044601929DF83080FFF72EFF0090FFF75C
:1049900049FFA04271EB05034CD2201A44F20103F7
:1049A00065EB0101984271F1000146D2324BD3E927
:1049B00006239D4208BF944255D0304B4FF4003E31
:1049C0004FF00009C3F848E3C4F30E0CC3F8449158
:1049D000D3F84421032062466FF0020A43F6FD7BC0
:1049E000C2F30E01002908BF0122C2F30E01C3F871
:1049F0004415C3F844E3D3F80465AAEB0601114457
:104A0000C1F30E0159452ED9D3F8442162B1D3F830
:104A10000465A6EB0C02C2F30E02B2F5804F22D958
:104A2000C3F84491D3F84421B8F1000F05D182199D
:104A30000130D5E7B8F1000F08D06FF015040098E9
:104A4000FFF7AAFE204603B0BDE8F08F0C4BBFF382
:104A50005B8F53E8001F41F0020143E80012002A77
:104A6000F7D1BFF35B8F044B019AC3E90645C3E955
:104A700004270024E3E700BFD816002000100140FF
:104A80009C1A00207FB5284C284BC4F80833C4F882
:104A90004833274B274A00254FF0FF304FF0FF31B6
:104AA0004FF48036C4F80855C3E90201C4F8046322
:104AB000C3E906014FF40033C4F804330121C2F8FE
:104AC000803111202A46FEF769FB1120FEF736FBE4
:104AD0000123A3602360184B03221A600021174AA8
:104AE00000952B4643F6FF70FFF746FF0220FFF7C5
:104AF00021F8134A13491368134823F00103136084
:104B000047F6FF73C4F844630DF10F02C4F8403553
:104B100005F0DBFE002804DB9DF80F0000F0CCF967
:104B2000284604B070BD00BF0010014001000F0016
:104B3000D816002000E100E0A41A00205147000030
:104B4000A01A00200810014040110140421C13B57A
:104B5000034643F6FF7020D08342A8BF0346012BD3
:104B60001C46B8BF0124FFF75DFE0E4BD3E90021C0
:104B7000801AB0F5804F43F6FF7310D2204498425C
:104B800028BF184680184FF00003074A009341F1F0
:104B90000001FFF7F1FE02B010BD0446E3E718463E
:104BA000F0E700BFF81600205147000008B5FFF7F6
:104BB00039FE024B1B68C01A08BD00BFF816002062
:104BC0004FF0704393F8E02F062A09D1D3F8E83F5D
:104BD000C3F30313033B042B02D8024AD05C704793
:104BE00000207047D6CE0000024AD2F80034002BD5
:104BF000FBD0704700E0014010B505F018FE40B151
:104C00004FF080538E4AD3F82433C3F30423C2F801
:104C10004035FFF7D5FF10B18A4B8B4A5A6705F034
:104C200006FE48B14FF080534FF08042D3F8443233
:104C3000C3F34233C2F83C35FFF7C2FF30B1834AB9
:104C4000D2F8FC3023F08073C2F8FC3005F0EFFDA1
:104C500040B14FF080430022C3F80C21C3F810216B
:104C6000C3F83825FFF7ACFF20B14FF08043032293
:104C7000C3F8A025FFF7A4FF60B1754B0522C3F868
:104C800010260122C3F888260022C3F818263F22E6
:104C9000C3F814264FF08053D3F83021511C09BFBC
:104CA0004FF07043D3F8343193F8E02FD3F8E83F56
:104CB00008BFC3F30313062A4DD1033B042B03D8CB
:104CC000644AD35C002B46D04FF08052624BD2F83E
:104CD0000414C3F82015D2F80814C3F82415D2F828
:104CE0000C14C3F82815D2F81014C3F82C15D2F8F8
:104CF0001414C3F83015D2F81814C3F83415D2F8C8
:104D00001C14C3F84015D2F82014C3F84415D2F887
:104D10002414C3F84815D2F82814C3F84C15D2F857
:104D20002C14C3F85015D2F83014C3F85415D2F827
:104D30003414C3F86015D2F83814C3F86415D2F8E7
:104D40003C14C3F86815D2F84014C3F86C15D2F8B7
:104D50004424C3F8702505F06AFD48B14FF0805334
:104D60004FF08042D3F8583203F04F03C2F8E43ECC
:104D700005F05DFD48B14FF08043D3F80024D20721
:104D800044BF6FF00102C3F800244FF08053D3F802
:104D90003021062A26D1D3F83431033B042B02D824
:104DA0002E4AD35C63B12E4AD2F83C3743F4806379
:104DB000C2F83C374FF08053D3F83031062B11D175
:104DC0004FF08053D3F83431033B042B02D8254AEB
:104DD000D35C3BB14FF01023D3F808224FF080434F
:104DE000C3F858254FF01023D3F80022002A03DB24
:104DF000D3F80432002B22DA1B4901234FF0102094
:104E0000C1F804351524FFF7EFFEC0F80042FFF7A4
:104E1000EBFEC0F80442FFF7E7FE0023C1F80435BB
:104E2000FFF7E2FEBFF34F8F0849104BCA6802F448
:104E3000E0621343CB60BFF34F8F00BFFDE710BDAF
:104E40000030014000C007400DF0ADBA00ED00E0B9
:104E500000500040D1CE000000C00040CCCE000089
:104E600000100040C7CE000000E001400400FA0539
:104E7000014B1860704700BFAC1A002010B50A4BF8
:104E80001868144648B9094909480A4A3B2305F0FD
:104E90004EF808483B2105F041F805F0DBFC0028FE
:104EA000A4BF2070002010BDAC1A002017CF000056
:104EB000E9BB0000DBCE0000024A01238340C2F8B8
:104EC0000435704700F00140014B00201B68184773
:104ED000B01A0020014B1B68184700BFB01A002011
:104EE00010B50C4C237993B9012323710A4B206030
:104EF000002818BF184600F0D9F850B923680748B1
:104F0000002BBDE8104008BF184600F04BB96FF009
:104F1000770010BDB01A0020C94E0000D54E000029
:104F200008B50C4B1A794AB90B490C480C4AAD2309
:104F300004F0FDFF0A48AD2104F0F0FF1B683BB10F
:104F40000020FEF71DF918B9BDE80840FEF7F6B8D5
:104F500008BD00BFB01A00206ACF0000E9BB000006
:104F60002DCF000008B5114B1B794BB91049114AE0
:104F70001148FE2304F0DBFFFE210E4804F0CEFFB3
:104F800058B101280DD00D490A4A0B4840F21B13B5
:104F900004F0CDFF40F21B11EFE7BDE8084000F040
:104FA00013B9BDE8084000F095B800BFB01A002062
:104FB0006ACF00002DCF0000E9BB000049D30000FC
:104FC00008B5124B1B795BB91149124A12484FF4CC
:104FD000917304F0ACFF4FF491710E4804F09EFF02
:104FE00028B1012807D1BDE8084000F0A1B8BDE80C
:104FF000084000F059B90949064A074840F23F13F2
:1050000004F095FF40F23F11E7E700BFB01A00201F
:105010006ACF00002DCF0000E9BB000049D300009B
:105020004FF08053D3F83021511C09BF4FF070432B
:10503000D3F8343193F8E02FD3F8E83F08BFC3F337
:105040000313062A05D1033B042B04D8034AD05C82
:105050007047002070470120704700BFCBCF000091
:1050600038B54FF080440123C4F80833636000234F
:10507000C4F80031D4F8003142F21075D4F80C2491
:10508000D4F80C34D20307D5DB0705D5012005F091
:10509000DFFB013DF2D138BDFFF7C2FF0028FAD097
:1050A000014B00225A71F6E7B81A002038B5084CB7
:1050B00025794DB9012320602371FFF7B1FF08B9AD
:1050C000002038BD6571FBE76FF07700F9E700BF9E
:1050D000B81A002008B512490B794BB9114912488A
:1050E000124A772304F023FF1048772104F016FFBB
:1050F0004FF080430022C3F80021D3F800210122A1
:105100001A60096811B1C3F8042308BDD3F800215F
:10511000002AFBD00022C3F80021D3F80031F4E7C5
:10512000B81A00206ACF0000E9BB000088CF000059
:1051300008B5084B1B794BB907490848084A892329
:1051400004F0F5FE0648892104F0E8FEBDE80840B9
:10515000FFF786BFB81A00206ACF0000E9BB000045
:1051600088CF000010B54FF08043D3F80423D20756
:1051700015D5D3F8002192B10022C3F800210124F3
:10518000D3F80021C3F80843FFF74AFF044B10B1DE
:105190005A7922B95C71BDE810401B68184710BDF0
:1051A000B81A0020074A137943B901211060117120
:1051B0004FF080421846C2F8183570476FF07700FC
:1051C000704700BFC01A002010B5324C23794BB98C
:1051D00031493248324AE32304F0A9FE3048E32142
:1051E00004F09CFE4FF08043D3F81814D3F8182431
:1051F000C90337D502F00303012B03D00BB105F02F
:1052000081FB00234FF08042C2F818350023C2F81A
:105210000431D2F804314FF08053D3F83021511CBF
:1052200009BF4FF07043D3F8343193F8E02FD3F82F
:10523000E83F08BFC3F30313062A08D1033B042B3E
:1052400002D8184AD35C13B18A2005F001FB4FF055
:10525000804301229A60226872B9D3F80421002A9F
:10526000FBD011E0D3F81424D207CAD5D3F81C24FC
:105270009007C4D422681AB10222C3F8042310BDD7
:10528000D3F80421002AFBD00022C3F80421D3F86C
:105290000431F4E7C01A00206ACF0000E9BB000027
:1052A000D0CF000013D0000008B5094B1B795BB9C3
:1052B00008490948094A4FF4907304F038FE07483A
:1052C0004FF4907104F02AFEBDE8084005F01ABBC7
:1052D000C01A00206ACF0000E9BB0000D0CF000058
:1052E000F8B54FF080431F4FD3F80443012504F075
:1052F0001A04002604B9F8BDB4FA84F0C0F11F0006
:10530000830003F580739BB203F1804305FA00F23A
:10531000196824EA02040029ECD01E601B684FF0D3
:1053200080430128C3F808230FD1D3F81824D3F8F9
:105330001824920702D03B689847DBE70222C3F8A3
:105340001805C3F804239860D4E707490748084ABA
:105350004FF4F47304F0EBFD05484FF4F47104F0DE
:10536000DDFD00BFC01A002049D30000E9BB0000EA
:10537000D0CF00004FF08053D3F83021511C09BF2B
:105380004FF07043D3F8343193F8E02FD3F8E83F6F
:1053900008BFC3F30313062A05D1033B042B04D82B
:1053A000034AD05C7047002070470120704700BF5F
:1053B000F4D0000008B502680146104605F0BBFABB
:1053C00058B90F490F4A10484FF4747304F0AFFDF9
:1053D0004FF474710B4804F0A1FD02F01F03520951
:1053E0000B6009D00949074A074840F2D93304F055
:1053F0009EFD40F2D931EDE74FF0A04008BD00BF5F
:10540000C2CC00008FCC0000E9BB000049D30000F3
:10541000072808B50BD908490848094A40F2A733BC
:1054200004F085FD064840F2A73104F077FD8000C6
:1054300000F5807008BD00BF4DD00000E9BB000042
:1054400018D0000010B5CBB200EB43039A8AD10507
:105450001BD5C2F3432122F4F8529A8200F1520480
:1054600000F1120232F8023F13F4807F03D0C3F33D
:105470004323994209D09442F4D100EBC1030022A6
:105480005A60583005F004FA00B910BD05490648C5
:10549000064A4FF4DB7304F04AFD04484FF4DB7115
:1054A00004F03CFDF7BE0000E9BB000057D000004F
:1054B00073B5CEB200EB46060546B38ADB070C4651
:1054C00028D505F017FB2146284605F03EFA48B1DD
:1054D000B28A2B68520B03EB82030022C3F810251B
:1054E000C3F81025284621460025FFF7ABFFB582FB
:1054F00001A80194FFF75EFF019B00EB8300074BBF
:10550000D0F80027134043F00203C0F800372846C4
:1055100002B070BD6FF01500FAE700BFF0F8FCFFB5
:10552000F0B50D4685B01646044658B95249534861
:10553000534A40F23A4304F0FAFC514840F23A41EF
:1055400004F0ECFC1768CFB105F00DFA00BBCDE913
:1055500000008DF80E008DF80F003B460DF10F0294
:105560000DF10E01284605F028FAEAB204EB4202DA
:10557000938A23F0020343F001039382736853B3C9
:10558000294620461A785F6805F0E6F918B1CFB1D0
:105590006FF0150022E0E9B204EB41018B8A23F49D
:1055A000604323F020038B8267B1032AF0D873682D
:1055B00058682368077803EB87038AB9C3F8102576
:1055C000C3F81025E9B204EB41018B8A23F01C03D8
:1055D00043EA82038B82B3684BBB002005B0F0BD69
:1055E000D3F8100520F00300C3F81005206800EB85
:1055F0008700D0F8103523F4473323F44073C0F804
:1056000010352B02D0F810C503F4F85343EA0243D7
:1056100043EA0C03C0F8103504EB4703A3F85C50D1
:105620008B8A43EA473343F020038B82CAE7D3E9EE
:10563000006729462046FFF705FF002ECDD063689E
:105640009E4206D004F1580005F004F9002804DA5F
:10565000C4E7A3689F42F5D1002004EBC003C3E96F
:105660000167EDB204EB4505C0B2AB8A43EA4023C3
:1056700043F48073AB82B0E7D4D00000E9BB0000F4
:1056800057D00000F0B50C4685B01E46054658B907
:1056900039493A483A4A40F2444304F048FC384811
:1056A00040F2444104F03AFC12B305F055F920B938
:1056B0002146284605F049F908BBE7B205EB470744
:1056C000BB8A13F01C0F02D05378012B17D0012393
:1056D0008DF80F300023CDE900230DF10F01931C4D
:1056E0002046013205F069F9BB8A43F00303BB820F
:1056F000002E3FD02146284605F02EF918B96FF04C
:10570000150005B0F0BD37782B6803EB8703002246
:10571000C3F81025C3F81025E2B205EB42024FEAA8
:10572000870C938A23F4604323F0200393827078DC
:1057300000B32968B67861440004D1F8103523F429
:10574000981323F4F853C1F81035230200F44030C5
:1057500003F4F85303433005D1F8105500F48010DA
:1057600003432B43C1F81035938A43EA473343F090
:10577000200393820020C4E7D4D00000E9BB0000DE
:1057800057D0000008B558B907490848084A40F200
:105790004D4304F0CCFB064840F24D4104F0BEFB03
:1057A000C0E9031208BD00BFD4D00000E9BB00006F
:1057B00057D0000010B503460C4658B91249134A99
:1057C000134840F2564304F0B2FB40F256410F48F2
:1057D00004F0A4FB4AB90F490C4A0D484FF4457335
:1057E00004F0A5FB4FF44571F1E705F0AEF838B1D0
:1057F000E4B203EB440300209B8A5B0B137010BDE3
:105800006FF01500FBE700BFD4D0000057D00000B8
:10581000E9BB0000DFD00000F8B5054658B91B49C8
:105820001B481C4A40F2644304F081FB194840F2D3
:10583000644104F073FB90F86C4024BB4022214685
:10584000143005F028FB2E682746E0B2FFF7E0FD94
:10585000A0F580739B081F2B08BF375004F101048B
:1058600008BF3358082CF0D10024C6F87C4146F319
:105870000730D6F87C31FDF761FC012385F86C30E8
:10588000AB652046F8BD6FF07700FBE7D4D0000091
:10589000E9BB000057D0000008B558B908490948CD
:1058A000094A40F26B4304F042FB074840F26B4167
:1058B00004F034FB90F86C00003818BF012008BDDC
:1058C000D4D00000E9BB000057D0000008B558B99B
:1058D00007490848084A40F2794304F028FB064883
:1058E00040F2794104F01AFBBDE80840FFF7E0BD43
:1058F000D4D00000E9BB000057D0000008B558B96B
:1059000008490948094A4FF4906304F010FB07481E
:105910004FF4906104F002FBBDE80840044804F035
:10592000B7BF00BFD4D00000E9BB000057D00000D3
:105930008011002010B50C4658B90A490A480B4A94
:1059400040F2874304F0F3FA084840F2874104F03C
:10595000E5FA074804F07EFF0028A4BF207000206D
:1059600010BD00BFD4D00000E9BB000057D000003C
:10597000801100202DE9F3410D461646044658B922
:105980003749384A384840F2045304F0D0FA40F21C
:105990000451344804F0C2FACBB200EB43039A8AB4
:1059A00012F01C0F09D131492E4A2F4840F2114301
:1059B00004F0BDFA40F21141EBE704F0C6FF27689E
:1059C000F0B12946204604F0C7FF8046C0B9550B08
:1059D0002846FFF71DFD47F800803B58236803EB7E
:1059E0008503D3F8102542F00102C3F8102526B133
:1059F00022680123AB40C2F8043302B0BDE8F08155
:105A0000D7F80423002AA4BF4FF00042C7F80423AC
:105A10004EB91749134A144840F22B4304F087FA51
:105A200040F22B41B5E79B8AC3F38203042B12D0CB
:105A3000052B12D001A80195FFF7BCFC019BD0F803
:105A40001015D94001F001010231284602B0BDE82D
:105A5000F04104F0FFBF0321F7E70221F5E700BFA3
:105A6000D4D0000057D00000E9BB0000B3D0000044
:105A7000E9D0000008B558B907490848084A40F27B
:105A80000B5304F054FA064840F20B5104F046FA66
:105A9000BDE8084005F02EB8D4D00000E9BB0000F6
:105AA00057D000002DE9F04F074685B058B961493D
:105AB0006148624A4FF4C76304F039FA5F484FF413
:105AC000C76104F02BFA8046082258F8049BD9F8E5
:105AD0000413C9B241F00041484604F0DEFF051E40
:105AE00016DA0023012102A8029304F0C2FF4FF04E
:105AF000010A029A92B94FF00041484604F0CDFFE6
:105B0000012102A804F0B5FF0028F2D125F00045DC
:105B10000124002D78D105B0BDE8F08F92FAA2F4EF
:105B2000B4FA84F407EB4403E0089E8A039402ABC2
:105B3000B2081B5C019204F0070102AA0AFA01F103
:105B400023EA0103135403A8FFF734FC039B019AD3
:105B500003F5E073C6F3820B50F8233052075E461C
:105B6000C3F3014332D53246214640465FFA83FBF8
:105B700004F006FF03A80394FFF71CFC039B03F546
:105B8000E07350F82330C3F301439B4507D1002154
:105B9000204604F05FFF5946204604F05BFF03A84F
:105BA0000394FFF707FC039B0AFA03F3C0F82035C0
:105BB0000446FFF7DFFB00289BD0D4F82035D4F84B
:105BC0002035D4F82035D4F8203592E7022B0DD1BA
:105BD0000321204604F03EFF0BF00503012BDED12C
:105BE00032462146404604F0CBFED8E7022120464B
:105BF000019304F02FFFBBF1030FF1D0019B032BA6
:105C0000CDD1BBF1020FEAE795FAA5F3B3FA83F31E
:105C100004FA03F225EA020503F5A27207EB430337
:105C200059F82220B3F85C10C2F30142404604F058
:105C3000A7FE6EE7D4D00000E9BB000057D00000FB
:105C40004FF08053D3F83021511C09BF4FF07043FF
:105C5000D3F8343193F8E02FD3F8E83F08BFC3F30B
:105C60000313062A05D1033B042B04D8034AD05C56
:105C70007047002070470120704700BFD4D2000059
:105C800038B5440914D14FF0FF34C440E4070FD5B0
:105C9000800000F1A0400C4CD0F800572C4044EAA2
:105CA000032444EA820242EA4101C0F8001738BDE9
:105CB00006490748074A4FF4747304F038F9054859
:105CC0004FF4747104F02AF9F0F8FCFFC2CC000024
:105CD000E9BB00008FCC000038B5857B0446C5B910
:105CE000D0E90003984209D10B490C480C4ADB2348
:105CF00004F01DF90A48DB2104F010F90623032201
:105D00002946FFF7BDFF6068062303222946FFF7F7
:105D1000B7FF012038BD00BF35D10000E9BB00004E
:105D2000F9D0000038B50D46044648B91D491E4A51
:105D30001E48EF2304F0FBF8EF211B4804F0EEF8B7
:105D400039B91B49184A1948F02304F0F0F8F0213A
:105D5000F3E790F82610F1B9C0E90123C16080F89B
:105D6000291080F82810AB7B80F82B302846FFF7ED
:105D7000B3FF98B16B7B84F82A30FFF761FF08B15D
:105D8000AB68E3622046294604F045FF012384F80E
:105D90002630002038BD6FF07700FBE76FF015006C
:105DA000F8E700BFD4D00000F9D00000E9BB000044
:105DB0005CD1000008B558B91049114A114840F2A9
:105DC0009B1304F0B4F840F29B110D4804F0A6F8C0
:105DD00090F82630012B09D00B49094A09484FF4A5
:105DE000CF7304F0A4F84FF4CF71EEE703680622F6
:105DF000C3F80025022380F8263008BDD4D0000067
:105E0000F9D00000E9BB000065D1000008B558B921
:105E10002549264A26484FF4D47304F088F84FF4F5
:105E2000D471224804F07AF890F826304BB9214911
:105E30001E4A1F484FF4D67304F079F84FF4D67118
:105E4000EFE702680023C3601B4BC2F80833D2F8A7
:105E5000003223F4BC53C2F800324FF08053D3F821
:105E60003011B1F1FF3F09BF4FF07043D3F8343127
:105E700093F8E01FD3F8E83F08BFC3F303130629E4
:105E800008D1033B042B02D80C49CB5C13B1092386
:105E9000C2F800350023C2F80035012280F8262020
:105EA00080F8283008BD00BFD4D00000F9D0000031
:105EB000E9BB00008FD1000002029C01D9D2000092
:105EC00070B5044658B91D491D4A1E484FF4BB73AE
:105ED00004F02DF84FF4BB71194804F01FF890F846
:105EE00026304BB91849164A16484FF4BD7304F0D2
:105EF0001EF84FF4BD71EFE7006840F30730FDF77F
:105F00002BF92046FFF782FF94F82B3093B994F8D1
:105F10002A507DB92368D3F80805D3F80C652A46C2
:105F20002B460121FFF7ACFE2B462A4601213046C5
:105F3000FFF7A6FE002384F8263070BDD4D0000001
:105F4000F9D00000E9BB00008FD100002DE9F84F27
:105F50000E461746054658B9A949AA4AAA484FF419
:105F6000267303F0E4FF4FF42671A64803F0D6FF32
:105F700090F82630022B09D0A449A24AA2484FF437
:105F8000277303F0D4FF4FF42771EEE74368C3B9DA
:105F90000B78022B09D19E499A4A9B4840F29F23D5
:105FA00003F0C5FF40F29F21DFE7032B09D1994998
:105FB000944A95484FF4287303F0B9FF4FF42871C1
:105FC000D3E7002385F8273073682C6833B1F36872
:105FD00003F06043B3F1005F40F0B5813378023BDA
:105FE000012B06D8336903F06043B3F1005F40F042
:105FF000AA81894BC4F8083395F8282002F0FF03E2
:106000003AB1EB68C4F804336FF00F084046BDE8BE
:10601000F88F17F0140F0CBF0122002285F82820FA
:10602000327885F82420727885F82520F2682A6174
:1060300072686A613269AA61B268EA61C7F30012E4
:1060400085F829202F627278C4F88825C4F8603159
:10605000D4F86021C4F84831D4F84821C4F8243178
:10606000D4F82421C4F80431D4F8043117F0010322
:1060700018BF0123C4F8503517F0020318BF0123DD
:10608000C4F84035337807F00809032B00F2F1809B
:10609000DFE813F0CE00E600A2000400F80609D500
:1060A0005E49584A58484FF4037303F040FF4FF4D9
:1060B00003715AE7B9F1000F09D05949514A5248C2
:1060C00040F20D2303F033FF40F20D214DE7790735
:1060D00009D554494B4A4C4840F20E2303F027FFA0
:1060E00040F20E2141E74FF48073C4F80032D5E945
:1060F0000423C4F84425C4F848350123A3604FF4B1
:106100008011204604F05DFD0028F8D1D5E9062372
:10611000C4F84425C4F848354FF48023EB604FF0B1
:1061200000086A68B9F1000F24D13378032B21D01D
:10613000012B40F0A3802360A2B96A69002A00F015
:106140009B803949DFF8E4A04FF0010B204604F0B2
:1061500038FD10F4007F18BFC4F814B010EA0A0F1D
:106160003149F3D072686B6822B9002B00F0C98006
:10617000012363616B68002B00F0C380780744BF84
:106180000023EB6079065EBFEB6843F00203EB602F
:10619000EB6843F40073EB60EB68C4F80433FFF77B
:1061A0004FFD00283FF432AFB9F1000F00F09D80A1
:1061B0003378012B00F099800023C4F85035C4F8DF
:1061C0004035C4F82435C4F85031D4F850314FF478
:1061D0008013C4F8043319E7D5E90423C4F844252F
:1061E000C4F84835D5E90623C4F83425C4F8383551
:1061F0004FF48453C4F800320123236202238DE755
:10620000D4D00000F9D00000E9BB0000BBD10000F1
:10621000E4D1000034D2000002029C0184D20000CC
:106220009AD20000B0D20000020204000200040072
:10623000D5E90423C4F84425BA06C4F848354BBF51
:106240004FF480734FF40073C4F80032C4F8003286
:106250004CBF4FF480230223EB60012323625EE7EF
:10626000D5E90423C4F83425C4F838354FF48053F5
:10627000C0E76FF0150854E7636162E70123A3608C
:10628000002A7FF46FAF6A6922B1DFF8C0A04FF037
:10629000000B06E06361F8E70123236263614FF0BE
:1062A000000B1BEA0A0F7FF45DAF2949204604F07A
:1062B00088FC10F4007F8346F3D04FF080712046B5
:1062C00004F07FFCD4F800220028E5D012F400711D
:1062D00003D1012323628B466361D305E1D54FF4DB
:1062E0008021204604F06DFCD9E7ED6AFFF7A8FC99
:1062F00020B1B5F1C86F08BF4FF0C465C4F824558C
:1063000084E6D4F8C434C4F8C434002285F82820C4
:106310006BB19A075ABF03F00108A8F18C086FF01F
:106320000D0813F0040F18BF6FF00A086EE67B0625
:106330003FF56CAE291D204604F001FC002808BF83
:106340006FF08B0862E66FF00C085FE60200040055
:106350000202040070B5044686B058B98649874ADF
:10636000874840F2C62303F0E2FD40F2C62183488D
:1063700003F0D4FD0568FFF763FC78B34FF4801198
:10638000284604F01EFC48B34FF48013C5F80833C8
:10639000D5F8243513BBC5F800350623C5F80035FC
:1063A000FFF74EFCE36A20B1B3F1C86F08BF4FF0AE
:1063B000C463C5F82435236A13F0010318BF012311
:1063C000C5F85035236A012213F0020314BFC5F843
:1063D0004025C5F84035AA6006B070BD63684BB96A
:1063E0006849664A664840F2EF2303F0A0FD40F298
:1063F000EF21BCE70221284604F0E3FB4FF40071D3
:106400000646284604F0DDFBC8B1D6B9E368C5F8F6
:1064100008330223E360E368C5F804334FF080716A
:10642000284604F0CEFB18B1D5F800329B0502D403
:1064300001232B626B61012384F82730CCE7002E07
:106440006AD0236A5E060AD494F827303BB9211D2E
:10645000284604F074FB80F0010084F82700236ACA
:1064600013F0040324D1C5F86031D5F86021C5F8D4
:106470005C31D5F85C3194F829301BB194F82730A1
:10648000002B55D00023C5F80032E3603E4BC5F821
:10649000083345F30733002B4ADB5A09012103F087
:1064A0001F03994002F16003384A42F823103FE08D
:1064B000FFF7C6FB70B194F82430012B0AD00023FB
:1064C000C5F85035C5F84035C5F824354FF480136C
:1064D000C5F80433D5F8C434C5F8C434980745D496
:1064E000590745D4DA0745D494F827309B00DBB22E
:1064F0008DF8003094F829300BB984F82830236ADD
:106500005B0704D594F82730002B3FF465AFD4E93E
:106510000131684698475FE74FF48021284604F030
:1065200050FB94F824307BB994F82930002BAAD082
:10653000A38CADF804302369049363690293A369C3
:106540000593E3690393C5E74FF40073C5F8003280
:1065500040F20223E36003F1CE73C5F80833E36829
:10656000C5F804330123AB602B6235E70123BFE795
:106570000223BDE70323BBE7D4D00000F9D000001D
:10658000E9BB0000C6D2000002029C0100E100E06D
:1065900008B50268530904D14FF0FF33D340DB073D
:1065A0000BD407490748084A4FF4747303F0BFFC43
:1065B00005484FF4747103F0B1FC4FF0A04008BDE2
:1065C000C2CC0000E9BB00008FCC00002DE9F341F4
:1065D0000C46054604F040FB204604F03DFB01A8B4
:1065E0000195FFF7D5FF00EB85002C4FD0F8003761
:1065F000019440F20D663B403343C0F8003701A8D8
:10660000FFF7C6FF00EB8400D0F800373B40334370
:10661000C0F80037042004F01BF9012707FA04F83A
:106620000926AF4001A80194FFF7B2FFD0F810355A
:1066300018EA030F12D101A80195FFF7A9FFC0F8CE
:106640000C75042004F004F9284604F005FB013E13
:10665000042004F0FDF816F0FF06E3D101A8019430
:10666000FFF796FFC0F80C85042004F0F1F82046EF
:1066700004F0F2FA042004F0EBF801A80194FFF70B
:1066800087FFD0F81035E34013F0010F0CBF6FF017
:106690008B00002002B0BDE8F08100BFF0F8FCFFE5
:1066A00008B5124BA8220021184604F0F4FB03227F
:1066B00002610F4942610F4A8161C2614FF4805209
:1066C0000262002282624262C26201660A49416637
:1066D00010218166094902670346C266426711F8C4
:1066E000010D98540132102AF9D108BD1010002074
:1066F000DED200001000002000000020F7D20000D1
:106700002DE9F84FDFF87C80182606FB008E00FB91
:1067100006664644DEF82440DEF828C07368A445C7
:1067200007468946154603EB040022D8DEF820B060
:10673000ABEB040A0AF1FF339A4203D804F09DFB45
:106740002C440FE063449A4219D852462C4404F07A
:1067500094FBB4EB0B0405D07068224609EB0A01E8
:1067600004F08BFB182303FB078301205C62BDE868
:10677000F88F0CF1FF3CACEB040C9445DED200200A
:10678000F5E700BF10100020F8B5144B182700FBE8
:1067900007751D4407FB00330E46DB6A012B1446C8
:1067A0000AD0022B14D023B9284604F062FA84429E
:1067B00008D900242046F8BD284604F05AFA84423D
:1067C00028BF044622463146284604F05BFAF1E72A
:1067D0002846BDE8F84004F070BA00BF1010002051
:1067E000F8B50B4B1B78532B04460E46174601D0C9
:1067F000FFF756FF04F090FA3A4605463146204628
:10680000FFF7C2FF0446284604F08EFA2046F8BD82
:1068100010100020034B182202FB00339A6A586ABA
:10682000801A70471010002010B4084A084900234D
:10683000C85C12F8014D844204D10133102BF7D10A
:1068400010BC704710BCFFF72BBF00BFF7D2000091
:106850001010002038B5436905463BB90024EA68AA
:10686000537843F001035370604238BD98470446A3
:106870000028F3D000F1FF03FE2B0ED9094A0A4984
:106880000A482E2303F053FB29680948224603F0E7
:106890004EFB04482E2103F041FBEB6844421C7080
:1068A000DDE700BFF8D2000033D30000E9BB0000F1
:1068B0004BD3000010B50446FBF7DEFA0348044A48
:1068C000012103F04FFD204604F042FA20B50000FC
:1068D00070D300002DE9F843044600AF0D46EFF3F6
:1068E0001188202383F31288BFF36F8F0428304A66
:1068F00098BF304B9668117C94BF53F820302E4BD4
:10690000E9468AB06A462D48C2E9073140F20133B0
:1069100093842B4BC2E9050442F8103F2948002319
:106920004FF43151FBF7EEFBCD4645B1EB69C3F3B4
:10693000080323B1244A2348012103F013FD2EB19B
:10694000304604F01FFA08B1037803B91F48E9463E
:106950008AB06A461E4BD061C2E9053640F2013367
:1069600013841C4B42F8103F164800234FF411517A
:10697000FBF7C8FB2946CD462046FFF79BFF042CBA
:106980000CD11549154A1648872303F0D0FA15484B
:1069900003F0CDFA1148872103F0C0FA88F311887B
:1069A000BFF36F8F3046FCF76FFBBD46BDE8F88341
:1069B000C81A0020D0B900007FD3000095D3000092
:1069C0000500000120B50000BDD300008DD30000FC
:1069D000DED300000400000118D40000F6D300004C
:1069E000E9BB000035D4000038B50A4B53F820400D
:1069F000013053F82050A54200D838BD606830B14E
:106A0000037FDB0701D4FFF725FF0834F3E7236892
:106A10009847FAE7E4B9000070B5384B384C394D67
:106A2000012286B003201A70FFF7DEFFFBF768FF34
:106A30000420FFF7D9FFAC42264628D93249334A11
:106A40003348442303F073FA324803F070FA4421C8
:106A50002E4803F063FA54F80C3C059354F8103CAC
:106A6000049354F8143C039354F8183C029354F8DC
:106A70001C3C019354F8203C009354E90A2354E948
:106A80000C0100F05DFA54F8303C5E65D3E7AE428D
:106A900004F13004DFD300F00DFF194C1E4EAC4260
:106AA0001FD91949194A1A48682303F040FA1948AE
:106AB00003F03DFA6821CBE7D4E90A23B3F1FF3FA5
:106AC00008BFB2F1FF3F05D052EA0301206803D1AD
:106AD00001F058F93034E2E73146183001F062FC39
:106AE000F8E7E9D300F058FFF9F76AFC0B4A137B8B
:106AF00023F00103137306B070BD00BF261D0020F4
:106B00007CB400007CB40000D5D40000B4D40000F4
:106B1000E9BB0000D6C00000E9AD0000B8170020B6
:106B200070B5174E174D184986B0B02303FB0066A9
:106B3000164B059301220F23CDE903320023CDE943
:106B40000133142303FB005504464FF4C07000FBCF
:106B500004110F4B00954FF4A072304600F0F0F98D
:106B6000737B0C4AEE6023F0040373734FF40463E9
:106B700004FB033313442C746B6006B070BD00BF7C
:106B800008170020C81A0020C02D002002D50000E0
:106B9000A96C0000802500207FB50020FFF724FFAE
:106BA000334B83F30888334C636943F400736361A8
:106BB000E02384F822300023E37723766376A376FC
:106BC00084F82030626A42F4E022626284F8233062
:106BD000FCF7D0F9FCF78CFB4FF0FF33A362E362C4
:106BE000FCF798FCFCF7A8FBFBF772F8224800F0D2
:106BF000BBFA224B224A93420ED92249224A234809
:106C0000CC2303F094F9224803F091F91E48CC21DB
:106C100003F084F92033EEE7FCD30120FFF7E4FE14
:106C20000220FFF7E1FE00F047FF1A4B1A4C5C61AF
:106C30001A4B059300250123194900954FF48062F2
:106C4000CDE90353CDE90155164B204600F078F904
:106C5000637B064623F004032046637300F01AFCAE
:106C60002846FFF75DFF0F4A31462046FCF720FB20
:106C7000C02D002000ED00E068180020C4B2000024
:106C800044B300001BD30000B4D40000E9BB0000F3
:106C9000D6C00000C81A0020B817002007D5000091
:106CA000402F0020196A000008B50D4B9B6893F92E
:106CB0000E30002B09DB2024EFF3118384F31288BC
:106CC000BFF36F8F03F01FFCF6E706490648074A3B
:106CD0001C2303F02CF905481C2103F01FF900BF09
:106CE000C81A002030D50000E9BB00000FD5000015
:106CF00008B583684BB90B490B480C4A8D2303F048
:106D000016F90A488D2103F009F9D0E90032136021
:106D10005A60427B0023C0E9003322F00202427332
:106D2000836008BD83D50000E9BB000058D5000092
:106D300070B50446EFF31186202585F31288BFF362
:106D40006F8F304801F080FA60B92F4A2F493048E0
:106D5000882303F0ECF82B492E4803F0E8F888214B
:106D6000294818E0274801F093FAEFF3118385F3DF
:106D70001288BFF36F8F83F31188BFF36F8F63B9EE
:106D80002549264A2248A42303F0D1F8244803F0D9
:106D9000CEF82248A42103F0C1F82568AC4213D0F4
:106DA00095B12846FFF7A4FF05F1180001F0D6FBC6
:106DB00000232846C5F8AC3000F06CFB3146114882
:106DC000BDE8704000F01CBDD4E902329A4218BF01
:106DD00001330C48A36001F045FA68B90A4A114929
:106DE0000B484FF49A7303F0A2F806490E4803F0DB
:106DF0009EF84FF49A71B3E786F31188BFF36F8F53
:106E000070BD00BFEC1A002000BF00002DBF0000C5
:106E1000E9BB000042BF00009AD5000058D5000031
:106E2000B2D5000058BF00006FBF0000F7B50446A0
:106E300016461D46EFF305837BB152EA05030CD0DD
:106E40002D492E4A2E48882303F071F82D4803F06F
:106E50006EF82A48882103F061F8EFF311872023A8
:106E600083F31288BFF36F8F274801F0EDF960B903
:106E7000264A27492248882303F059F82249254801
:106E800003F055F888212148E5E71F4801F000FA92
:106E9000A368D3B1013B1C48A36001F0E3F968B9D2
:106EA0001A4A1D4916484FF49A7303F040F81649E0
:106EB0001A4803F03CF84FF49A71E4E787F311881D
:106EC000BFF36F8F002003B0F0BD56EA05030BD16E
:106ED0000D4801F0C7F90028E2D087F31188BFF30D
:106EE0006F8F6FF00F00EEE7CDE90065224639465F
:106EF000054800F0B1FBE6E7D5D50000B5D50000A8
:106F0000E9BB0000B2D50000EC1A002000BF000071
:106F10002DBF000042BF000058BF00006FBF00003F
:106F200010B5044608B9054B9C681F2204F1740093
:106F300003F0B9FF002084F8930010BDC81A0020A8
:106F40002DE9F04F85B00446DDF844B0DDF838A0F7
:106F5000139FBBF10F0F0E461D465DD1534B9D4253
:106F60005ED1073222F007027F3204F1580322F08B
:106F70003F020020C4E916330421129B84F80EB0AE
:106F80003F2AC4E90600A06023736173E07306F131
:106F90004009A2F1400B05D880F31188BFF36F8F31
:106FA000084602DF06EB020841462046FBF73EFD9D
:106FB0000730109B20F00700C4E9259BC4F89C0013
:106FC00002930F9BA8EB000BCDE900A331462B46A3
:106FD0005A462046FCF738F90F9BA3660026109B03
:106FE0006665C4E9185AE366EFF31188202383F33A
:106FF0001288BFF36F8F2E4801F026F918BB2D4A77
:107000002D492E48882302F092FF29492C4802F08E
:107010008EFF8821274814E00BF110031E2BA0D906
:10702000284A2949254840F2452302F080FF274895
:1070300059466FF00F030E2202F079FF214840F20B
:10704000452102F06BFF224D194801F021F92B6A0E
:10705000174823672C6201F005F968B9154A1D49E4
:1070600016484FF49A7302F062FF11491A4802F071
:107070005EFF4FF49A71CDE788F31188BFF36F8FED
:107080008FB11F22394604F1740003F00CFF84F81D
:107090009360AB680BB1D3F8A030C4F8A030584669
:1070A00005B0BDE8F08F84F87470F2E7A96C0000B9
:1070B000FC1A002000BF00002DBF0000E9BB00004B
:1070C00042BF000022D6000045D60000C5D6000011
:1070D000C81A002058BF00006FBF0000F0B587B08D
:1070E000DDE912760446EFF3058575B119491A4AB0
:1070F0001A4840F2D62302F01AFF194802F017FF8F
:10710000154840F2D62102F009FF0595109D04951F
:107110000F9D03950E9D02950D9D01950C9D00956B
:10712000FFF70EFFB6F1FF3F08BFB7F1FF3F05D0F5
:1071300056EA070305D1204600F024FE204607B09A
:10714000F0BD3A46334604F11800064901F02AF929
:10715000F4E700BFF6D6000022D60000E9BB00002D
:1071600008D70000E9AD000040F20113838100233D
:10717000C0E92533C0F8A030014B9860704700BFCC
:10718000C81A002038B590F90D20437B002A01462B
:1071900011DA03F07F0343731B4B984209D11B495B
:1071A0001B481C4A562302F0C2FE1A48562102F020
:1071B000B5FE03F0E9FD184D2A46AB6852F8184FAA
:1071C000944200D004B9EC688B4214D05BB91349E7
:1071D000134A0F48DA2302F0AAFE124802F0A7FE73
:1071E0000F48DA21E3E75A7BD20604D1DA897F2AF5
:1071F00001D9A2692AB1A34202D0204600F098FF2B
:1072000023466B6138BD00BF081700204FD7000030
:10721000E9BB00002DD70000C81A00209CD7000051
:1072200070D70000B2D5000008B583684BB9094992
:1072300009480A4A8D2302F07AFE08488D2102F09F
:107240006DFE03F0A1FD437B23F002034373002393
:10725000836008BD83D50000E9BB000058D500005D
:1072600070B590F90D20437B002A50DBD9064ED132
:1072700063F07F034373274B984209D1264927487F
:10728000274A4F2302F053FE25484F2102F046FEC5
:10729000244C2246E16952F8183F934207D1C0E9D5
:1072A00000210860E06111E09942F8D01B68002BD2
:1072B000F5D090F90E5093F90E60B542F4D0AE427D
:1072C000F2DD5968C0E9003108605860A56995424F
:1072D00000D005B9E568A3685BB91349134A0F48A4
:1072E000DA2302F024FE124802F021FE0F48DA21D0
:1072F000CCE75A7BD20604D1DA897F2A01D9AA6960
:1073000032B1AB4202D0284600F012FF656170BD79
:107310006361FCE7081700204FD70000E9BB0000BD
:107320002DD70000C81A00209CD7000070D700009D
:10733000B2D5000008B5144A936880B1597B11F0AA
:10734000090F0CD11149124A1248D22302F0EFFD65
:10735000114802F0ECFD0E48D22102F0DFFD6FF083
:107360000A01C3F8AC100D49C3F8A8004B6843F0FC
:1073700080534B60002383F31188BFF36F8F9368B2
:10738000D3F8AC0008BD00BFC81A0020EDD700003C
:10739000C3D70000E9BB000056D8000000ED00E0B4
:1073A00070B590F90D20437B324C002A014610DA6B
:1073B00003F07F03A042437309D12F492F4A30487D
:1073C000562302F0B4FD56212C4802F0A7FD03F02D
:1073D000DBFC4B7BA14263F07F034B7307D1264953
:1073E000264A27484F2302F0A2FD4F21ECE7254C07
:1073F0002246E06952F8183F934207D1C1E90020C4
:107400000160E16111E09842F8D01B68002BF5D0D3
:1074100091F90E5093F90E60B542F4D0AE42F2DD10
:107420005868C1E9003001605960A569A3689542B8
:1074300000D005B9E5688B4214D05BB91249134AF4
:107440000F48DA2302F073FD114802F070FD0F4877
:10745000DA21BAE75A7BD20604D1DA897F2A01D928
:10746000AA692AB1AB4202D0284600F061FE2B4641
:10747000636170BD081700204FD700002DD70000B2
:10748000E9BB0000C81A00209CD7000070D700009C
:10749000B2D5000038B50446EFF31185202383F3FD
:1074A0001288BFF36F8F174800F0CEFE68B9164AF6
:1074B00016491748882302F03AFD1249154802F090
:1074C00036FD8821104802F029FD0E4800F0E0FE4C
:1074D0002046FFF7C5FE0B4800F0C4FE68B90A4A13
:1074E0000D490B484FF49A7302F021FD05490B48F2
:1074F00002F01DFD4FF49A71E4E785F31188BFF3A4
:107500006F8F38BDF01A002000BF00002DBF0000B3
:10751000E9BB000042BF000058BF00006FBF000081
:1075200038B50446EFF31185202383F31288BFF3A7
:107530006F8F184800F088FE68B9174A1749184835
:10754000882302F0F4FC1349164802F0F0FC88216D
:10755000114802F0E3FC0F4800F09AFEA36813B153
:107560002046FFF761FE0B4800F07CFE68B90A4A2E
:107570000D490B484FF49A7302F0D9FC05490B48AA
:1075800002F0D5FC4FF49A71E2E785F31188BFF35E
:107590006F8F38BDF01A002000BF00002DBF000023
:1075A000E9BB000042BF000058BF00006FBF0000F1
:1075B00038B50446EFF31185202383F31288BFF317
:1075C0006F8F1E4800F040FE68B91D4A1D491E48D5
:1075D000882302F0ACFC19491C4802F0A8FC882161
:1075E000174802F09BFC154800F052FE637B13F035
:1075F000280F0BD1A36813B12046FFF715FE637B5C
:1076000023F0040363732046FFF72AFE0B4800F0C3
:1076100029FE68B90A4A0E490B484FF49A7302F0E2
:1076200086FC06490B4802F082FC4FF49A71D7E7BA
:1076300085F31188BFF36F8F38BD00BFF01A0020AB
:1076400000BF00002DBF0000E9BB000042BF0000EA
:1076500058BF00006FBF00002DE9F047DFF8D4A04D
:10766000354D364B1746A842DAF808201A60DDE996
:10767000089804460E460BD131493248324A40F24E
:10768000722302F054FC304840F2722102F046FCB2
:10769000EFF31183202383F31288BFF36F8F284603
:1076A00000F0D2FD60B9294A29492648882302F012
:1076B0003EFC2946274802F03AFC88212348E5E7AA
:1076C000284600F0E5FDDAF808503946284603F070
:1076D00063FBB8F1FF3F08BFB9F1FF3F06D01E4979
:1076E0004A46434605F1180000F05CFE204600F0D3
:1076F000B9FD68B91949154A12484FF4B77302F039
:1077000016FC2146164802F012FC4FF4B771D5E77B
:10771000094800F0A7FD40B910490C4A09484FF448
:10772000B77302F004FC0449ECE73046BDE8F047CB
:10773000FFF700BEC81A0020F01A0020F41A00203B
:107740007ED80000E9BB00002DD7000000BF00007C
:107750002DBF000042BF0000E9AD000058BF00008F
:107760006FBF000070B50546EFF31186202383F349
:107770001288BFF36F8F1B4800F066FD68B91A4A84
:107780001A491B48882302F0D2FB1649194802F017
:10779000CEFB8821144802F0C1FB124800F078FDAE
:1077A0002C68A54215D014B12046FFF73DFD0D48C9
:1077B00000F058FD78B90C4A0F490D484FF49A7300
:1077C00002F0B5FB07490D4802F0B1FB4FF49A7186
:1077D000E0E70024EBE786F31188BFF36F8F2046C4
:1077E00070BD00BFF01A002000BF00002DBF0000D8
:1077F000E9BB000042BF000058BF00006FBF00009F
:1078000070B504460D46F9B9EFF30586E6B91A4B93
:107810005A699B689A4217D000F024FD78B9174A3C
:10782000174918484FF4B77302F081FB21461648F8
:1078300002F07DFB4FF4B771104802F06FFB304649
:10784000BDE87040FFF776BD204600F00BFD68B93B
:107850000A4A0B490B484FF49A7302F068FB214621
:10786000094802F064FB4FF49A71E5E785F311884B
:10787000BFF36F8F70BD00BFC81A002000BF0000AB
:1078800058BF0000E9BB00006FBF0000034648B9C5
:10789000EFF3058232B9064A51699268914201D0EC
:1078A000FFF748BD83F31188BFF36F8F704700BFA8
:1078B000C81A002010B5EFF31184202383F3128837
:1078C000BFF36F8F284800F0BFFC60B9274A2849F2
:1078D0002848882302F02BFB2349274802F027FB86
:1078E0008821224812E0204800F0D2FCEFF3058303
:1078F00073B12249224A1F4840F2063302F017FBB7
:10790000204802F014FB40F206311D4802F006FB4D
:107910001D4B9A68D37B012B0CD11C49184A154882
:1079200040F2073302F003FB164802F000FB40F27E
:107930000731EAE7013BD3730B4800F093FC68B9C9
:107940000A4A13490B484FF49A7302F0F0FA0649B9
:10795000104802F0ECFA4FF49A71C2E784F31188F0
:10796000BFF36F8F10BD00BFF01A002000BF0000F2
:107970002DBF0000E9BB000042BF0000F6D60000AA
:107980002DD70000B2D50000C81A0020B7D80000DB
:1079900058BF00006FBF000070B5EFF311862023C1
:1079A00083F31288BFF36F8F374800F04DFC60B946
:1079B000364A37493748882302F0B9FA32493648FF
:1079C00002F0B5FA8821314813E0344D2E4800F01A
:1079D0005FFCAB68DA7B72B93149324A2D4840F21C
:1079E000123302F0A4FA304802F0A1FA40F2123148
:1079F0002C4802F093FAEFF3058161B12B49294A33
:107A0000244840F2133302F092FA274802F08FFA2A
:107A100040F21331ECE70132DA732A4652F8184F7C
:107A2000944200D004B9EC685A7BD20604D1DA89BA
:107A30007F2A01D9A2692AB1A34202D0204600F0D0
:107A400077FB234610486B6100F00CFC68B90F4AC5
:107A5000174910484FF49A7302F069FA0A49154819
:107A600002F065FA4FF49A71ADE786F31188BFF31F
:107A70006F8FEFF31180202383F31288BFF36F8F92
:107A8000BDE87040FFF702BFF01A002000BF000001
:107A90002DBF0000E9BB000042BF0000C81A002053
:107AA000E8D800002DD70000B2D50000F6D60000BF
:107AB00058BF00006FBF0000024B03F11802C3E97A
:107AC00006227047C81A002070B5EFF3058373B122
:107AD00039493A4A3A4840F23E4302F028FA3948D6
:107AE00002F025FA354840F23E4102F017FAEFF372
:107AF0001186202383F31288BFF36F8F324800F082
:107B0000A3FB60B9314A32492D48882302F00FFAAD
:107B10002D49304802F00BFA88212C48E5E72E4C1D
:107B2000294800F0B5FBA168E0690B68814214BFE9
:107B30001A46002249680B605960A368E1692AB9B6
:107B4000264AC3E900210B60E3610CE093F90E00C3
:107B500092F90E50A84225D0854223DD5168C3E931
:107B600000210B605360A5691C4B9D4200D005B9F4
:107B7000E568A3689D4202D0284600F0D9FA124871
:107B8000656100F06FFB88B9104A15490C484FF445
:107B9000B77302F0CCF90C49124802F0C8F94FF45F
:107BA000B771BAE78A42CBD01268C8E73046BDE861
:107BB0007040FFF7BFBB00BFF6D600002DD7000016
:107BC000E9BB0000B2D50000F01A002000BF0000A1
:107BD0002DBF000042BF0000C81A0020E01A00209C
:107BE00058BF00006FBF00002DE9F04106460C466B
:107BF000EFF3058777B13449344A354840F25643AC
:107C000002F095F9334802F092F9304840F25641BB
:107C100002F084F950EA010304D1FFF755FF002078
:107C2000BDE8F081EFF31188202383F31288BFF3BE
:107C30006F8F294800F008FB60B9284A284924487A
:107C4000882302F074F92449264802F070F988214B
:107C50002248DDE7244D204800F01AFB234BA8689A
:107C60001860FFF78FFAA86821492346324618307A
:107C700000F098FBAA68537B43F004030446537357
:107C8000154800F0EFFA68B9144A1A4910484FF441
:107C9000B77302F04CF91049174802F048F94FF455
:107CA000B771D5E74046FFF745FBAB68D3E90A2338
:107CB000B3F1004F08BFBA42B1D103F0B0F8201AB7
:107CC00020EAE070ACE700BFF6D600002DD7000038
:107CD000E9BB0000B2D50000F01A002000BF000090
:107CE0002DBF000042BF0000C81A0020F41A002077
:107CF000E9AD000058BF00006FBF000070B504463A
:107D00000E46EFF3058575B11A491B4A1B484FF41F
:107D1000906302F00CF91A4802F009F916484FF482
:107D2000906102F0FBF8FFF75FFFB6F1FF3F08BF7D
:107D3000B4F1FF3F0246204616D047F6FF704FF4DD
:107D40007A7403462946C2FB0431B3F5004F71F142
:107D500000020AD36FF400429A4243F6FF728A414E
:107D600005D3D80B40EA414070BD2846FCE76FF0D0
:107D70000040F9E7F6D600002DD70000E9BB00006F
:107D8000B2D5000038B50446EFF31185202383F304
:107D90001288BFF36F8F204800F056FA68B91F4A67
:107DA0001F492048882302F0C2F81B491E4802F0F0
:107DB000BEF88821194802F0B1F8174800F068FAB7
:107DC000637B5B0710D504F1180000F0C7FB637BF1
:107DD00023F0040320466373FFF742FA29460E4856
:107DE000BDE83840FFF70CBD0B4800F03BFA68B91E
:107DF0000A4A0E490B484FF49A7302F098F8064964
:107E00000B4802F094F84FF49A71D3E785F3118888
:107E1000BFF36F8F38BD00BFF01A002000BF000015
:107E20002DBF0000E9BB000042BF000058BF0000AA
:107E30006FBF0000014B9868704700BFC81A002050
:107E40002DE9F8430446077BEFF31185202383F3E4
:107E50001288BFF36F8F7F4800F0F6F968B97E4A49
:107E60007E497F48882302F062F87A497D4802F013
:107E70005EF88821784802F051F8764800F008FA58
:107E8000637B190717D5734800F0ECF968B9724A9B
:107E9000754973484FF49A7302F049F86D49734875
:107EA00002F045F84FF49A71E4E785F31188BFF3C7
:107EB0006F8FBDE8F883D90943F0080240F086804F
:107EC0006273A36813B12046FFF7AEF904F11800FE
:107ED00000F044FBA66D04F15808B04511D04FF0F6
:107EE000000976B13046FFF79FF906F1180000F05F
:107EF00035FBC6F8AC903046FFF7B2F9A66DB04539
:107F0000EFD1DFF86C81D8F808309C4273D1EFF3E1
:107F10000589B9F1000918BF4FF00109D8F81860B8
:107F2000544A964200D00EB9D8F80C60B34202D041
:107F3000304600F0FDF82046C8F8146002F0D9FA87
:107F4000204600F0ADF9B9F1000F02D04A48FFF722
:107F50000BF9D8F808309C4260D1EFF30586002E6B
:107F60005CD1237BDA071FD53A4800F07BF9002863
:107F70008DD085F31188BFF36F8F86F31188BFF31F
:107F80006F8F0423184602DFEFF31185202383F35C
:107F90001288BFF36F8F2F4800F056F900283FF486
:107FA0005EAF2C4800F074F92A4800F05BF928BB5A
:107FB000294A2D492A484FF4B77301F0B8FF2549E3
:107FC0002A4801F0B4FF4FF4B77153E703F07F0381
:107FD00043F008036373294B9C4208D12849294A7E
:107FE0001F48562301F0A3FF5621264843E72046A9
:107FF00002F0CAFE65E74FF000098FE72846FFF759
:1080000099F921491F4A16484FF4DD7301F08FFF9B
:108010001E4801F08CFF4FF4DD71E6E70D4800F0DB
:1080200021F900283FF433AF85F31188BFF36F8F38
:10803000FB077FF53EAF134A1549094840F25553F7
:1080400001F075FF2146134801F071FF40F25551D0
:10805000CBE700BFF01A002000BF00002DBF0000DA
:10806000E9BB000042BF000058BF00006FBF000026
:10807000C81A0020E01A0020681800200817002005
:108080004FD700002DD7000019D9000024D90000D7
:1080900046D9000051D9000008B568B10F4B98428D
:1080A0000AD303F11802904206D2C01A1822B0FB7C
:1080B000F2F302FB13034BB109490A480A4A382379
:1080C00001F035FF0848382101F028FF074BC010A8
:1080D0005843074B01221A5408BD00BF181900204D
:1080E00097D90000E9BB00006FD90000ABAAAAAA8B
:1080F000271D0020C3897F2B12D80A4B1B6863B150
:10810000094B90F90E201B689A4209DB437BDB0682
:1081100006D1064BC31A18BF012303F001007047B4
:108120000023FAE784110020F81A00200817002025
:1081300070B50E4B0E4C1E7C06EB460304EBC304DD
:108140000546204600F00AFA0A4B002228469A55B6
:10815000FFF7D0FF48B1084B08491A68013A20469A
:10816000D317BDE8704000F01DB970BDC81A0020DB
:1081700018190020271D002084110020998000007C
:1081800038B5EFF31185202383F31288BFF36F8F87
:10819000234800F059F868B9224A23492348882324
:1081A00001F0C5FE1E49224801F0C1FE88211D488C
:1081B00001F0B4FE1A4800F06BF81E4B1E4A9C6892
:1081C0001068A04213D1FFF7B3FF154800F04AF83A
:1081D00008BB144A194915484FF49A7301F0A7FED9
:1081E0000F49174801F0A3FE4FF49A71DFE7002111
:1081F0001B7C1160134AD35C002BE6D02046FFF7AE
:1082000079FF0028E1D0637BDB0602D12046FFF72F
:10821000C7F82046D7E785F31188BFF36F8F38BDC5
:10822000F01A002000BF00002DBF0000E9BB0000D5
:1082300042BF0000C81A0020F41A002058BF0000F6
:108240006FBF0000271D0020006838B1044B1B7C65
:1082500000F00300C01A18BF0120704701207047CA
:10826000C81A0020002302680360EFF30581074B62
:1082700019B19968497BC90706D4197C98680843E5
:10828000831A58425841704701207047C81A00208D
:10829000024B1A7C9B68134303607047C81A002086
:1082A00038B50446EFF31185202383F31288BFF31A
:1082B0006F8F1D48FFF7C8FF68B91C4A1C491D484D
:1082C000882301F034FE18491B4801F030FE882154
:1082D000164801F023FE1448FFF7DAFF174A136A25
:1082E000A34214D11B6F13620F48FFF7BBFFB0B955
:1082F0000E4A13490F484FF49A7301F018FE0A49C9
:10830000104801F014FE4FF49A71E1E71346002B78
:10831000EAD01A6FA242F9D1226F1A67E4E785F317
:108320001188BFF36F8F38BDFC1A002000BF00001A
:108330002DBF0000E9BB000042BF0000C81A0020AA
:1083400058BF00006FBF0000024B1868984208BF7A
:108350000020704788110020034B1B680BB9FCF705
:1083600025BC0020704700BF001B002030B570B155
:108370000B4B5B6898420AD0036843B1D3E90421F0
:10838000D0E90445121941EB0501C3E90421D0E904
:10839000003213605A600023C0E9003330BD00BFD3
:1083A00088110020B3F1FF3F08BFB2F1FF3F2DE974
:1083B000F84F04469B4615461F4600F0B280D0F8A1
:1083C0000090B9F1000F0CD05749584A58486F2314
:1083D00001F0ADFD574801F0AAFD54486F2101F0AE
:1083E0009DFD8160EFF31188202383F31288BFF392
:1083F0006F8F5148FFF728FF824660B94F4A5049B6
:108400004B48882301F093FD4B494E4801F08FFD06
:1084100088214A48E3E74848FFF73AFFBBF1000FDD
:10842000494A1FDBFFF798FF474A0135D2E9001799
:108430004BF1000B2D184BEBE073C4E904536D189E
:10844000064643EB0707FFF77FFFDFF800E1DEF8A2
:1084500004900346EBB9C4E900E9C9F80040CEF83E
:10846000044028E0D2E900126FF001035B1A4FF0DC
:10847000FF3161EB02025B1B62EB0B02012B72F11D
:108480000001BCBF01234A46C4E904324FF0000A90
:10849000D9E7D3E9041CD4E904208A4270EB0C0B21
:1084A0002EDA891A5A686CEB0000C3E90410C4E99B
:1084B000003214605C60FFF747FF84420ED1244B0A
:1084C0001B685BB9BAF1000F02D1FFF745FF064602
:1084D000304602F08DFC0021FCF738FB1648FFF710
:1084E000C1FEB0B9154A1B4911484FF49A7301F007
:1084F0001EFD1149184801F01AFD4FF49A7188E7E2
:10850000521A60EB0C009945C4E90420A3D01B6803
:10851000A0E788F31188BFF36F8F28463946BDE87E
:10852000F88F00252F46F8E7CADB0000A6DB000025
:10853000E9BB0000B2D50000041B002000BF000012
:108540002DBF000042BF000030190020881100201C
:10855000001B002058BF00006FBF000070B504462C
:10856000EFF31186202383F31288BFF36F8F234824
:10857000FFF76AFE68B9224A22492348882301F09E
:10858000D6FC1E49214801F0D2FC88211C4801F08C
:10859000C5FC1A48FFF77CFE236833B3FFF7D4FE0F
:1085A00005462046FFF7E2FE00224FF00043A542B9
:1085B000C4E9042306D1FFF7CFFE02F019FC002125
:1085C000FCF7C4FA00240D48FFF74CFE80B90C4AB2
:1085D0000F490D484FF49A7301F0A9FC07490D4863
:1085E00001F0A5FC4FF49A71D0E76FF01504EAE7AB
:1085F00086F31188BFF36F8F204670BD041B0020E7
:1086000000BF00002DBF0000E9BB000042BF00001A
:1086100058BF00006FBF00002DE9F0470446EFF39C
:108620001188202383F31288BFF36F8F4448FFF72C
:108630000BFE68B9434A44494448882301F077FC5B
:108640003F49434801F073FC88213E4801F066FC35
:10865000DFF800913A48DFF800A1FFF719FEC9F8EA
:108660000040FFF771FE002604460027D9F80030CD
:10867000DAE900C0D91754B1D4E90452AB4271EB26
:10868000020E20DAED1A62EB0102C4E9045213EB88
:108690000C034FF0000440EB01012046CAE9003111
:1086A000C9F8004002F0A4FB2146FCF74FFA244829
:1086B000FFF7D8FDB0B188F31188BFF36F8FBDE825
:1086C000F047FFF75DBD15EB0C0340EBE570CAE921
:1086D0000030C4E904672046FFF748FE1848FFF75A
:1086E000C1FD68B9174A1D4918484FF49A7301F043
:1086F0001EFC13491A4801F01AFC4FF49A71A4E7C2
:1087000088F31188BFF36F8FA36820469847EFF373
:108710001188202383F31288BFF36F8F0848FFF777
:1087200093FD002886D00648FFF7B2FDD9F8003047
:108730005B1BC9F80030FFF707FE044696E700BF51
:10874000041B002000BF00002DBF0000E9BB00009B
:1087500042BF0000001B00203019002058BF00005D
:108760006FBF000070B5EFF31186202383F31288EA
:10877000BFF36F8F1A48FFF767FD68B9194A1A49A6
:108780001A48882301F0D3FB1549194801F0CFFBA3
:108790008821144801F0C2FB1148FFF779FDFFF76B
:1087A000DBFD144AD2E90045041945EBE0750C489D
:1087B000FFF758FD68B90B4A0F490C484FF49A73FC
:1087C00001F0B5FB06490D4801F0B1FB4FF49A7179
:1087D000DFE786F31188BFF36F8F2046294670BD0F
:1087E000041B002000BF00002DBF0000E9BB0000FB
:1087F00042BF00003019002058BF00006FBF0000CA
:10880000F8B50546EFF31187202383F31288BFF3F1
:108810006F8F5E48FFF718FD68B95D4A5D495E4895
:10882000882301F084FB59495C4801F080FB8821D2
:10883000574801F073FB5548FFF72AFD2B68B3B189
:108840005248FFF70FFD68B9514A554952484FF455
:108850009A7301F06CFB4D49524801F068FB4FF4EC
:108860009A71E5E787F31188BFF36F8FF8BDD5E9FB
:108870000A46611C46F10002022972F1000236D359
:10888000012C76F10002BCBF01241E46013C46F1DA
:10889000FF3602F0C8FA013041F10001001946EB41
:1088A0000101012871F1000135DB02F0BCFA013051
:1088B00041F100016FF00203001946EB0101834210
:1088C0006FF000438B412BDB02F0ADFA013041F138
:1088D00000016FF00102001946EB0103121A4FF07C
:1088E000FF3161EB030330492846FFF75BFD2B6B3B
:1088F00001332B632B6ABBB93C46284650F8185FFE
:10890000854200D06DBB2148FFF7ACFC00289BD00E
:1089100084F31188A8E76FF001024FF0FF33E2E71C
:1089200000224FF00043DEE71848FFF79BFC0028C9
:108930008AD087F31188BFF36F8F2B6A2846984738
:10894000EFF31184202383F31288BFF36F8F0F4856
:10895000FFF77AFC00283FF460AF0C48FFF798FC63
:10896000CBE72846FEF7DCFD00230848C5F8AC300D
:10897000FFF778FC00283FF467AF84F31188BFF35A
:108980006F8F2846BDE8F840FEF784BD081B002025
:1089900000BF00002DBF0000E9BB000042BF000087
:1089A00058BF00006FBF0000018800002DE9F843A8
:1089B000064614461D4691469846EFF3118720233C
:1089C00083F31288BFF36F8F2748FFF73DFC68B928
:1089D000264A27492748882301F0A9FA2249264830
:1089E00001F0A5FA8821214801F098FA1E48FFF706
:1089F0004FFCB5F1FF3F08BFB4F1FF3F11D11A485A
:108A0000FFF730FC50BB194A1C491A484FF49A73BF
:108A100001F08DFA14491A4801F089FA4FF49A715D
:108A2000E1E7002D0ADB012C75F100032246BCBFF3
:108A30000122002512F1FF3945F1FF383046FFF7DA
:108A40008DFDDDE90823C6E90A23002333634A4686
:108A5000434630460B49FFF7A5FCD0E787F3118862
:108A6000BFF36F8FBDE8F883081B002000BF000034
:108A70002DBF0000E9BB000042BF000058BF00004E
:108A80006FBF0000018800000CB430B589B0054606
:108A90000C461C22002101A802F0FDF902238DF8EA
:108AA00006300E4B0293059523462CB1B4F1004FCE
:108AB00028BF4FF00043013B1D440DAA0C990695B9
:108AC00001A8009200F0A8F814B1059B00221A70CA
:108AD00009B0BDE8304002B0704700BF41B20000AD
:108AE0002DE9F04101260746B24201DCBDE8F081E4
:108AF0003B461F4613F8014B002CF7D0252CF8D12C
:108B00001C78252C07F10207F2D00023DFF804813E
:108B10009C461D461F2D18D8A4F1200EBEF1100F43
:108B200009D9A4F1300EBEF1090F1ED80A2404FBA6
:108B300003E3202504E028FA0EFE1EF0010F06D004
:108B400017F8014B002CE5D128E07F2D1CD8A4F1AB
:108B5000300EBEF1090FE9D9242C10D1BCF1000F61
:108B600046D0B34246D00023EAE724F0040EBEF11B
:108B70002A0FF8D06C2C09D145F08005E0E724F0ED
:108B8000040EBEF12A0FEED06C2C22D06C2C1BD818
:108B9000682C23D06A2C28D04C2C26D0BCF1000F96
:108BA000A4D0B445A0D144F02007A7F1650CBCF1D6
:108BB000020F0B6801D9612F1ED1073323F0070381
:108BC00008330B6001368EE7742CB9D07A2CB7D0FD
:108BD000E4E72C0648BF45F40075CDE7EC0548BF37
:108BE00045F4007545F48075AAE745F42075A7E7BC
:108BF0009C46B8E76324D6E7692C02D007D8632CDB
:108C000003D02F0601D5AC05D7D40433D9E7732C94
:108C1000F6E700BF892801002DE9F04F95B04368C1
:108C20000393837880469807CDE9081217D50D92F3
:108C30000B4600251F78A7B1252F16D001330793C7
:108C4000039B414638469847002805F1010580F20C
:108C5000398498F8023043F0040388F802304FF06A
:108C6000FF35284615B0BDE8F08F5F789A1C252F98
:108C70000792E5D000242646A246A346BBF11F0F6B
:108C800032D8A7F12003102B0AD8DFE803F024091B
:108C9000092A0909091B09090922092709091900D3
:108CA000A7F13003092B2DD92A2F39D154B90D9BA7
:108CB0001BF0400F53F8042B0D9329D0164601E00A
:108CC0004BF0010B079B13F8017B0793002FD5D1C5
:108CD0005BE04BF0020B4BF0040BF3E74BF0080B9F
:108CE000F0E74BF0100BEDE7BBF17F0F3FD8A7F19A
:108CF0003003092BD8D81BF0400F03D00A2202FB07
:108D00000636DFE70A2202FB0A3A4BF0200BD9E7CE
:108D1000B2F1000AF9DACAF1000A4BF0280BD1E7E8
:108D20002E2F05D11BF0400F9BD14BF0400BC9E714
:108D3000242F1CD1002C00F04281099B0D931BF0C5
:108D4000400F0AD1524608980DA9FFF7C9FE0D9BA6
:108D50001A1DD3F800A00D92B4E7324608980DA969
:108D6000FFF7BEFE0D9B1A1D1E680D92AAE76C2F21
:108D700000F0128100F20981682F00F015816A2F3E
:108D800000F01A814C2F00F0178134B1099B08982C
:108D90000D9322460DA9FFF7A3FE002E47F02009F0
:108DA000B8BF2BF0400BA9F16503BCBF1FFA8BFBCA
:108DB0000026022B40F20881B9F1610F40F0678272
:108DC000FF4307F0200306930D9B073323F00703AF
:108DD0001BF0400FD3E9000103F1080208BF4FF078
:108DE000FF36069B0D9200930EAA334602F094F9CB
:108DF0000130C3B2B3424BF4C054049301DB049B73
:108E00005E1E01230E9F0593A3464FF0700907F1E4
:108E10000903122B0DD907F16303C62B40F20F8112
:108E200007F2E73340F2CE72934294BF0323042348
:108E300005939DF83C2002F00C0312F0010240F073
:108E400019811BF0020F40F012811BF0040400F0A6
:108E5000F880002B40F0118120231BF4405F1FD1CC
:108E6000049A5032002E6A4408BF0126133A04992E
:108E700021B112F8011D302900F036811BF0100FCE
:108E8000049A18BF3246391DC0F23381B74280F2CE
:108E90003081BA424BF4005B40F32D817E1C961B5F
:108EA0001BF400520A9200F0288127EAE77401348B
:108EB00003B10134002E00F02881721C1444A24535
:108EC000CCBFAAEB040400241BF0090F04D12C44EE
:108ED000A54240F01F81002443B118464146039B40
:108EE0009847002805F10105FFF6B3AE1BF4006FAB
:108EF00013D0039B4146302098470028FFF6A9AEC7
:108F0000069BC3F178004146039B00F0F8009847A8
:108F1000002805F10205FFF69CAE1BF0080F05D1F5
:108F20002C44AC4240F00281254600240A9B002BD1
:108F300000F01C8127EAE77AA7EB0A077642049B38
:108F4000BB4284BF0EABFB180AF1FF3A88BF5879C9
:108F5000039B98BF3020564505F10109414600F3B7
:108F6000EF809847002807F10107FFF672AEBAF1CB
:108F7000FF3F08D1039B41462E2098470028FFF66B
:108F800068AE05F102094D46D9E7742F3FF49AAE59
:108F90007A2F3FF497AEF8E61BF0800F18BF4BF422
:108FA000007B4BF0800B8DE61BF4807F18BF4BF4E9
:108FB000007B4BF4807B85E64BF4207B82E62646E3
:108FC000B3465446B2467DE6FF4307F020030693BE
:108FD0000D9B073323F007031BF0400F03F108023A
:108FE00008BF0626B9F1650FD3E900010D9213D130
:108FF000731C0022DBB24BF4805B1446112BCDE9CD
:10900000002428BF11230EAA00F0FCFAC3B2049377
:1090100002230E9F0593FAE6B9F1660F05D14BF4D2
:10902000005B344601221123E8E7F3B2012B4FF035
:10903000000238BF012314464FF06509DEE7022322
:10904000F6E6002B3FF409AFBAF1030F3BDC9DF8C5
:109050003C30A64E13F0080FA54B08BF1E463746FE
:10906000B94617F8010BB0BBAE1BB1447BE033BB74
:109070002B23F2E62BBB2D23EFE62022BAF1040FBF
:1090800013DD1BF0080FAAF104040FD12C44039B3D
:109090000492414620209847002805F10105FFF67B
:1090A000D8ADA542049AF2D19AB10024039B41465F
:1090B00010469847002805F10105C8DAC9E52B22BA
:1090C000DCE72D22DAE71BF0080FAAF10304BED17A
:1090D000DCE71446BBE7069BC01A4146039BC0B2BF
:1090E00098470028BCDAB4E504990139C9B2049163
:1090F000BDE6561ED4E60026D2E61BF4006F059AA4
:109100000CBF032405241444D2E61BF0100F18BF33
:109110000134D4E60B934146039B20209847002856
:109120000B9B05F10105BFF6D3AE92E5039B4146CB
:1091300030209847002805F10105BFF6F2AE88E51A
:1091400098470028FFF685AD1BF0100F0BD0BAF141
:10915000FF3F08D105F1020941462E20039B9847A5
:109160000028FFF676AD4D464C4433E29DF83D00B5
:10917000039B414698470028FFF66BAD002E69DD42
:10918000039B41462E2098470028FFF662AD4FF022
:10919000010A049B9A45BBBF0EAB5344302058795B
:1091A000039B414698470028D346FFF652AD0AF18B
:1091B000010A5645EDDA02355D44069BA9EB030032
:1091C0004146039BC0B298470028FFF642AD002FEE
:1091D000B4BF2D202B20039B4146B8BF7F42984748
:1091E0000028FFF636AD059B042B41D14FF47A7968
:1091F000B7FBF9F606F13000039B4146C0B2984731
:10920000002805F10305FFF624AD09FB16774FF0A2
:109210006409B7FBF9F606F13000039B4146C0B282
:109220009847002805F10105FFF613AD09FB1677F5
:109230004FF00A09B7FBF9F606F13000039B4146EF
:10924000C0B29847002805F10105FFF602AD09FB01
:10925000167715E01BF0100F01D10135ADE7039B28
:1092600041462E209847002805F10205A5DAF0E4D2
:10927000059B032B05F10205C9D0059B012BD7D116
:1092800007F1300005F101094146C0B266E7A7F1D8
:109290006303122B00F2FF80DFE813F01300570086
:1092A000FD00FD00FD00FD005700FD00FD00FD007C
:1092B000FD00FD001701F800FD00FD002C00FD0081
:1092C000B9000D9B1A1D1B680D928DF838300124D2
:1092D0000EAF1BF0080F2ED03E19B946B1452CD168
:1092E000EF1BB944AAEB04043DE700BFEADB000032
:1092F000CDC200000D9B1A1D0D921F68AB4B002FB5
:1093000008BF1F461BF0400F14BF31464FF0FF311E
:10931000384601F0D8FD0446DBE7039B4146202098
:1093200098470028FFF695AC013EB442F5D355446A
:10933000AD1BB246D0E75646F7E719F8010B039B81
:10934000414698470028C9DA83E41BF0800F0D9B43
:1093500035D01BF4007F2DD0073323F00703D3E96A
:10936000000103F108020D922BF0100900291FFAE9
:1093700089F936DA404261EB410149F480690DF127
:10938000380B0A235A4601F0AAFD19F0400FA0EB52
:109390000B0B65D029F001025E4592B240F3B2801A
:1093A000002F00F0A98019F010033446914626D012
:1093B00002345CE01A1D18680D92C117D4E71A1D1B
:1093C0001BF4807F19680D9201D10846F5E71BF464
:1093D000007F15BF48B208B241F3C01141F3C0315C
:1093E000C2E750EA0103CAD11BF0400FC7D0002EDC
:1093F000C5D12BF0110B1FFA8BF93446B34640F25E
:10940000064319EA03031CBF013400232FE02BF0AD
:10941000100B1FFA8BFB0A231BF080040D9A57D008
:109420001BF400711DBF073222F0070202F1080190
:10943000101D19BF0D91D2E900010D90106850EA7E
:10944000010252D12BF016091BF0400F1FFA89F9C7
:109450004FD0002E4DD12BF0170B1FFA8BF9B346CE
:1094600019F0100352D0002F4ED10BF1010419F066
:10947000080F5ED119F0010F06D0A2456EDDAAEBF0
:10948000040404EB0B06544622464DE04BF0100B4F
:1094900010237827C0E7B9F1780F04D1C7F178031A
:1094A00043F01003B8E7039B414625209847002866
:1094B000FFF6CFAB039B4146384698470028FFF69E
:1094C000C8AB0235079BFFF7B5BB08230027A3E70E
:1094D000111D0D911BF480711068B0D01BF4007148
:1094E0001ABFC0B2214680B2A9E72BF0060B1FFAC3
:1094F0008BF90DF1380B45E729F011091FFA89F9AD
:1095000034467CE79146ABE75C4651E75C4676E73C
:10951000CDE904234146039B202098470028FFF60D
:1095200098AB049A059B01329245F1DC2C1BA518DF
:109530001446F3B1039B4146302098470028FFF6BC
:1095400088AB6FB90135A9462E44A6EB09035B45EC
:1095500021DC5D460EAE5DBBD944C3E65E4693E7B3
:10956000023541463846039B98470028EBDAFFF75F
:1095700070BB40F2064319EA030FE4D019F0020F62
:1095800014BF2B20202019F4806F05F101054146FE
:1095900018BF2D20E7E7039B41463020984700285D
:1095A00009F10109D1DAFFF754BB00BFEEDB00007F
:1095B000013D039B705D414698470028CBDAFFF7D9
:1095C00048BB039B414620209847002805F1010530
:1095D000FFF63FAB631B002BF3DC73E71FB502AB59
:1095E0000093074A4FF0CC3301F05CFDDDE9020146
:1095F000C00840EA4170C90805B05DF804FB00BF2F
:10960000CDCCCCCC2DE9F04F9BB0044605920A4658
:109610000A93C2F30A559DF890300B93D20FC1F311
:1096200013030992090D7DB950EA03021BD1059A73
:1096300030235371099B156043F002031371012716
:1096400038461BB0BDE8F08F40F2FF7295424AD118
:109650000343099B059A14BF43F0080343F0040336
:1096600013710027ECE700F0010208924FEA83082B
:109670000122AC4D48EA907887009A461646C5F11B
:10968000000B5846069200F011FAB5F1FF3FACBF4F
:109690008146A0F10109ABEB090B09EB0503584624
:1096A000049300F009FA16A9A0F17D05584600F0D0
:1096B00023FA12AB069A0193A9EB050510AB0292AF
:1096C000009320462B4616AA514601F030FCB9F112
:1096D000010F04460D4600F2D280089B002B40F09B
:1096E000C58001276BE043F4801A00F001024FEAC5
:1096F0008A080343A5F23545089248EA90784FEA74
:10970000800749D140F2FE7319420CBF01260026A2
:10971000002D3246B3DB284600F0C2F9032DC8BF46
:109720000138049000F0C8F9049B7C305D1B0544AF
:1097300016A9184600F054FA12AB019310AB00932F
:1097400020462B46029616AA514601F0F0FB049BD8
:10975000152B04460D4600F2868014AB724A009326
:1097600038464FF0CC33414601F09CFC149B159ACF
:109770009B0843EA827303EB8303BB42DDE9109A43
:109780000CD13846414600F09FF9049B83428CBFC0
:1097900000270127002612E00126B9E7089B002BCD
:1097A00051D1013F48F1FF31B81B61F1000100F0D8
:1097B0008BF9049B089F83428CBF002601260B9BDC
:1097C000002B40F09180DDF828B04FF00008CDE983
:1097D00006884FF00A0ADDE91001FFF7FFFE129B31
:1097E0000E93CDE90C0118461399FFF7F7FE0C9B79
:1097F0000D9A0F9198420B469341814680F08E80DE
:1098000020462946FFF7EAFE0E9A0AFB09F3934227
:1098100014BF002606F001060C9B10930D9BCDE9AA
:1098200011390F9B1393079BB8F1000F14BF00274A
:1098300007F0010701330AFB10485FFA88F8079325
:1098400004460D46C7E7B81C48F1000100F03CF99A
:10985000049B83428CBF00200120B9EB00006AF119
:109860000002CDE9100200273E46A8E7109B119A9E
:10987000013B42F1FF32CDE9103201278AE7B9F10D
:109880003E0FF0D84FF0FF33A9F1200003FA09F2A0
:1098900003FA00F0C9F1200123FA01F102430A435F
:1098A00003FA09F327EA030728EA020857EA080738
:1098B0000CBF012700276DE700FB02FCA1FB001293
:1098C000013362448C4275EB020CF5D2049ADDF848
:1098D00028B01344259A1344D20F9342B8BF1346BD
:1098E0009B45A8BF9B4670E70A210022012308463A
:1098F000E8E70AFB03F0A2FB0A2301310344944288
:1099000075EB0300F5D2594510DDBBF1000F02D114
:1099100054EA05030AD00123069371E70A220023C3
:109920000121ECE7CCFBFFFFCDCCCCCC002E2FD01F
:109930004FF00A0A129B13990D931846FFF74EFE3B
:109940000D9B0C910AFB00F29A42814620D1DDE981
:109950001001FFF743FE0E900D9120462946FFF7B8
:109960003DFE0D9B0E9A1092CDE911390C9B13937D
:10997000079BB8F1000F14BF002707F00107013360
:109980000AFB10485FFA88F8079304460D46D1E7B2
:10999000DDF81090079B9944002F5AD0B8F1050FBD
:1099A00057D114F001034AD1069A32B9DDE91223E6
:1099B0009D4208BF94425FD0069B18194FF00A04DD
:1099C00045F10001002201262546A04271EB020765
:1099D00055D2EBB1B3451BDA0B9B6BB1259ADDF881
:1099E00028B006EB09031344012BB8BF01239B45A4
:1099F000A8BF9B465E450BDD05304FF00A024FF0D5
:109A0000000341F10001F6F769FB09F10109013E8C
:109A10005E45A8BF5E4637B20FFA89F9059B09FA81
:109A200086F607F10508013E98444FF00009B94554
:109A30002CDB059B1A461E60099B137100E6069BF2
:109A40002BB9DDE912239D4208BF944209D00123BE
:109A5000B3E7069B53B9DDE912239D4208BF944248
:109A600004D1089B002BF2D1002EF0D0B8F1040FE6
:109A700094BF00230123A0E74FF00408F1E705FBA2
:109A800002F7A4FB054201363A449EE70A2200236E
:109A9000F6F724FB303208F8012D09F10109C6E779
:109AA000014B5843800C704741340100014B58432F
:109AB000000D7047FB2E0B00024B5843C00C0130C9
:109AC000704700BF4F9312000A4A70B503464FF02B
:109AD000CC3600204FF0333506FB03F402FB014483
:109AE000A3FB023121449D4275EB010401D30130F7
:109AF000F2E770BDCDCCCCCC2DE9F04F1A23354E1A
:109B0000B0FBF3FA03FB1A0389B004460D4606EBDB
:109B10000A1653B9D6E90023C1E90023D6E90201A8
:109B2000C5E9020109B0BDE8F08F2B4A02EBC3037F
:109B3000D3E9008904AB0093D6E9022340464946A5
:109B400001F0B0FA06AB0093D6E9002383460F4636
:109B50004046494601F0A6FADDE9066216EB0B061F
:109B600052EB07084FF0000328BF0123814633B1B1
:109B7000049B059A013342F10002CDE904322046EC
:109B80000391FFF799FF07461A2000FB0AF0FFF741
:109B900093FF3F1A3246434603990097484601F027
:109BA0009CFA4FEA141C0D4A640004F01E0352F89C
:109BB0002C40DC4004F00304241841F10001C5E905
:109BC0000041DDE9042300973046414601F085FA63
:109BD000A6E700BF78B60000A8B50000FCB90000F9
:109BE0002DE9F04F1A27DFF8E4A000F11905B5FBC5
:109BF000F7F56F433A1A4FEA051B89B004460E4643
:109C00000AEB05150AD1D5E90023C1E90023D5E9FE
:109C10000201C6E9020109B0BDE8F08F2C4B03EB4D
:109C2000C203D3E9008904AB0093D5E9022340467F
:109C3000494601F037FA5AF80B206B68013ACDE932
:109C4000020106A963F1000300914046494601F074
:109C500029FADDE906528A4602996D18039952EBFA
:109C600001084FF0000328BF0123814633B1049B54
:109C7000059A013342F10002CDE904323846FFF77C
:109C80001BFF07462046FFF717FF3F1A2A464346A9
:109C900000974846514601F020FA4FEA141C0D4A3D
:109CA000640004F01E0352F82C40DC4004F003046E
:109CB0000134241841F10001C6E90041DDE9042323
:109CC00000972846414601F008FAA2E748B700008D
:109CD000A8B5000050BA0000704770B5C0B0054686
:109CE000F6F716FAC828044625D803238DF8003065
:109CF000C3B25A1D8DF80120013340F2D112ADF8E4
:109D000002208DF8043002465523042629460DF121
:109D100007008DF805308DF8066001F0AEF80DEB08
:109D20000403FE22DA71694604F108023046F6F7B0
:109D3000C9FB40B070BD6FF01500FAE7836800EB17
:109D4000C101B3F5004F2CBF51F8220031F81200C9
:109D5000704700EBC1018068B0F5004F2CBF41F89F
:109D6000223021F81230704708B50122FFF7E6FFD4
:109D7000D04008BD8368B3F5004F00EBC10108D3A4
:109D80004B681AB143F001034B60704723F00103A5
:109D9000FAE74B881AB143F001034B80704723F078
:109DA0000103FAE753000122FFF7D3BF8368B3F53D
:109DB000004F34BF04230823481C0833A0EBD30012
:109DC000B0FA80F0C0F11F0070472DE9F0410D4658
:109DD00086680446FFF7C8FFB6F5004F014601D379
:109DE000012832D02046FFF7E1FF04EB80010E6925
:109DF00096B9E368012282401343E36002220D61B9
:109E00002B4629462046FFF7A4FF03222946204679
:109E1000BDE8F041FFF79DBF022231462046FFF723
:109E20008DFF2946034607462046FFF792FF03228F
:109E3000334629462046FFF78CFF39462B462046FD
:109E4000FFF787FF02223146E1E7BDE8F0812DE907
:109E5000F04706460D46174698462BB398F8004043
:109E600093F80190DB78A40004EB430498F80230E7
:109E70001C4444444FF0000ACA4509D3D8F80420D2
:109E800008F1080339463046AC46BDE8F047604764
:109E900014F8013B48F823402046F6F739F9013021
:109EA00004440AF1010AE7E76FF01500BDE8F08706
:109EB00070B5002502462846144614F8013B0BB93C
:109EC000184609E098B18D4207D1702B04D0A3F158
:109ED00040023A2A0BD8002070BDA3F140063A2E6A
:109EE00005D853780135941C002BE9D00020252B90
:109EF00008BF80F001002246DEE70020704700F036
:109F0000AEB90FB407B504A951F8040B019100F0E4
:109F1000A6F903B05DF804EB04B07047002383F3A7
:109F20001188BFF36F8F0423184602DF70470FB408
:109F300007B504A951F8040B0191FFF7E0FF03B046
:109F40005DF804EB04B0704710B50369024613F0E6
:109F5000080009D11368D4689C4297BF526AE31A7B
:109F6000D31A01200B6010BD00231846FAE713B581
:109F700001A90446FFF7E8FF20B1019BE268013B1D
:109F800013440193606A019BC01A013802B010BDEE
:109F900010B5044650182269636AD20702D5013B06
:109FA000184010BD984228BFC01AFAE710B5044601
:109FB0000A46C168FFF7ECFF2369E06023F008035D
:109FC000236110BD38B50D46026A8B00016843F06D
:109FD000020342F82130044601682A46FFF7D8FF01
:109FE000E36861682060984202BF236943F0080378
:109FF00023612A462046FFF7CBFF606038BD2DE97C
:10A00000F74FC768066A9B4606EB8703009316F86E
:10A01000273003F00303022B0446884691464FF095
:10A0200000030BD01360CBF8003023699B0713D4D7
:10A030004FF0000A504603B0BDE8F08F56F82710E5
:10A0400013608908CBF80030EFD0FFF7AFFFE3686B
:10A05000A3604FF0010AEDE7E36906EB870098473C
:10A0600016F8272012F0010A0546E1D012F002028C
:10A070001FD0B8F1000F03D041462046FFF7A2FFE2
:10A0800061682A462046FFF783FFD4E90221914206
:10A09000606006D12A462046FFF77AFF4FF0000A9B
:10A0A000A060A2682260E260226942F00802226198
:10A0B000C0E7014620460192FFF778FFE368A360FE
:10A0C000B8F1000F04D02168236A019A43F82120D7
:10A0D00005EB0802CBF8002021682046FFF758FF67
:10A0E0002369206043F00803236116F827306FF3DB
:10A0F000000306F82730009BC9F80030A9E770B5C7
:10A1000004461546FFF744FF2368834205D12369BF
:10A11000216023F00803236170BD226AAB0043F085
:10A12000020342F82130204661682A46FFF730FFDB
:10A130006060F1E738B503695B07044606D5856AB8
:10A14000FFF715FF85422CBFA562A06238BD838B47
:10A1500013F0070305D10368002B0CBF0020032078
:10A160007047022B05D1C08BB0FA80F04009800007
:10A170007047012B05D10368002B0CBF0020052080
:10A1800070470020704710B50C4600B111B96FF050
:10A19000150010BD081D00F02FF80028F9D1A368A4
:10A1A000032BF6D9F3E72DE9F0410D460746194692
:10A1B000281D90461E46F7F7FDFB044638B133468E
:10A1C000424629463846A446BDE8F0416047BDE80E
:10A1D000F08138B50C46054658B151B10B6843B112
:10A1E0004B6833B12022002100F055FE2C61002085
:10A1F00038BD6FF01500FBE7034658B1426802F026
:10A200000302012A03D0032A04D1026812B10020FC
:10A21000986070476FF015007047704703785B07D0
:10A220005FBF03684288C3F34A2303EB12105DBF8C
:10A23000173020F00700800800207047002070478A
:10A2400000F0F1BA0346BFF35B8F53E8000F421CE6
:10A2500043E800210029F8D1BFF35B8F70471FB599
:10A260000023CDE90201CDE900331A46194618460C
:10A27000F7F7DEFF05B05DF804FB0120F7F7B6BC89
:10A28000002070474368DA7143681960436801220F
:10A290005A71F7F79DBC70B515460C4669B1D2E905
:10A2A00001369B1B99420AD813680A460146981941
:10A2B00000F0E3FDAB682344AB60204670BD6FF057
:10A2C0001B00FBE770B50E4615461946044618B943
:10A2D000BDE87040F7F78ABC33B1C2F34A231030AF
:10A2E000120D184400F0C9FDC4E900562046BDE82F
:10A2F0007040F7F7E7BE2DE9F3415F1C4FEA87088E
:10A30000064608F1170020F0070080080C461546A5
:10A31000F7F71EFD0023ADF805308DF807308DF8F6
:10A32000047068B10346019A43F8102FA8F10401A4
:10A330002A46294452F8045B43F8045F8A42F9D163
:10A34000A20102F4E07242EA482222F07F4222F4A3
:10A350007002002322F03F02314602B0BDE8F04116
:10A36000FFF7B0BF07B50123019201AAFFF7C3FFB2
:10A3700003B05DF804FB07B5CDE9002302236A466C
:10A38000FFF7B9FF03B05DF804FB1FB5CDE901236A
:10A39000069B039301AA0323FFF7ADFF05B05DF809
:10A3A00004FBF8B506460D4614461F4604B9F8BD31
:10A3B000214628463A46B047241A0544F6E710B528
:10A3C000426881680446D2E900230068FFF7E9FF8C
:10A3D000636800221A6010BD0A2838B504460D468D
:10A3E00002D10D20F7F7C0FF29462046F7F7BCFF42
:10A3F000002038BD2DE9F043054687B008460E8899
:10A4000091F80090D1F808800C461746F7F780FFC6
:10A41000011EC6F38216C9F3C2091EDB4846F7F7D0
:10A4200063FE03462146608851F8102B0196C2F363
:10A430004A22002A01EB0204C0F30B1008BF0021DE
:10A440000022CDE90407CDE90214009241462846D6
:10A45000F7F7BAFF07B0BDE8F0830023E2E74368EF
:10A460001B685B680020196170472DE9F041436863
:10A470001B685A68012111751D68D5E90136D3E9B9
:10A4800000482F681CB96B681C60BDE8F08121464C
:10A4900030464246B847241A0644F3E743681B682F
:10A4A0001868F8F71FB970B543681D686B681869BC
:10A4B0000C46F7F777FB214603460F222868BDE8D4
:10A4C0007040184700F0E7BC00F0D7BC01460068B8
:10A4D000F8F74CBA08B5F8F7A5FABDE80840F8F760
:10A4E000C5BA0A460121FFF73DBF00210120F8F758
:10A4F0003DBA6FF08500704761B662B680F311888F
:10A50000BFF36F8F704772B6002383F31188BFF3D8
:10A510006F8FBFF34F8F30BF62B6BFF36F8F70473F
:10A5200072B6002383F31188BFF36F8FBFF34F8F91
:10A5300020BF80F31188BFF36F8F62B67047202869
:10A5400009D9B0F1004F08D80138B0FA80F0C0F155
:10A550001F0040007047082070473E20704708B534
:10A56000D1E904319847002008BD08B5F9F706F98C
:10A57000002008BDF8B5069F0469C9B2EFF3118643
:10A58000202585F31288BFF36F8F0C2569430C4497
:10A59000A56C05F0070CBCF1010F0BD1A76486F385
:10A5A0001188BFF36F8FC4E9102343685B58984745
:10A5B0000020F8BD05F0C005AF4286F31188BFF357
:10A5C0006F8F0CBF6FF077004FF0FF30F1E713B5DE
:10A5D00080240094FFF7CEFF02B010BD0069CBB21B
:10A5E00000EB4310002110471046FCF7A1BBFAF71F
:10A5F0005BBE8022F9F74EB943685B68D3F810352B
:10A600000B600020704743685B6802EA010021EAA2
:10A610000201C3F80805C3F80C1500207047436811
:10A620005B680020C3F80815704743685B6800202A
:10A63000C3F80C15704743685A68D2F8043521EA0C
:10A6400003000B40C2F80805C2F80C350020704723
:10A65000FBF728BA02780B69012A07D0022A08D032
:10A6600052B91A6503F14000FCF762BB6FF00D02AE
:10A67000F7E76FF00A02F4E76FF00402F1E700F089
:10A6800059B838B5044605690122114605F1300074
:10A6900000F066FB012205F14000002100F060FBA4
:10A6A0002046BDE83840F9F76DBE00693030FCF750
:10A6B000BDBB00693030FCF73BBB13B501AA0446B3
:10A6C00000F041F8002805DB019B22681979186821
:10A6D000F9F7ACFE02B010BD70B54568A86A036812
:10A6E000D3F80845D3F80C65FBF790FB31462046BC
:10A6F000FBF76CFF00210446E869FFF7DEFFA86A5C
:10A70000FBF758FB204670BD10B544680021E06996
:10A71000FFF7D3FFA06ABDE81040FBF74BBB10B5B5
:10A720004468A06AFBF772FBE0690121BDE81040B4
:10A73000FFF7C3BF10B54468FFF7F1FFA06AFBF74E
:10A74000BFFB002010BD30B543681360057A446834
:10A7500004EBC504A34202D36FF0010030BD5C7965
:10A760008C4201D00833F0E70020F7E743681B680C
:10A77000D3F88004C3F88004704742681368D3F8A4
:10A78000100150B1D269002012780A70C3F810018C
:10A79000D3F8102101221A6070474FF0FF30704744
:10A7A00002680346D2F8580140B95B68DB0706D45B
:10A7B000D2F82001003818BF0120704701207047EF
:10A7C00043681B68D3F80423D20517D5D3F820219A
:10A7D000A2B1EFF31182202181F31288BFF36F8FB2
:10A7E000D3F8201131B10021C3F82011D3F8201182
:10A7F0000121D96082F31188BFF36F8FD3F85831EC
:10A80000704713B501AA0446FFF79DFF002805DB3A
:10A81000019B226819791868F9F708FE02B010BD8B
:10A820006FF08500704708B5F9F7FCFF08BD4FF0E1
:10A830008053D3F83001421C04BF4FF0704393F8AB
:10A84000E00F831F584258417047034600201847C5
:10A8500000F06FBA10B502461168B1B1BFF35B8F5B
:10A86000B1FA81F3C3F11F000123834021EA0303FE
:10A8700052E8004F8C4204D142E8003CBCF1000F8A
:10A88000F6D1BFF35B8FE7D110BD6FF00B00FBE794
:10A8900010B50368CB40DB0714D401238B4002685A
:10A8A000BFF35B8F43EA020150E8004F944204D1AA
:10A8B00040E8001CBCF1000FF6D1BFF35B8FEED176
:10A8C000002010BD6FF01500FBE770B50C460021AD
:10A8D000054608461646FAF7D1FA00280ADB33780F
:10A8E000DB0003F1804303F5F8330020C3F8105573
:10A8F000C3F8144570BD08B5FAF734FCBDE808404C
:10A90000FAF7EEBC38B54FF080440223C4F80833A0
:10A910000123E3600023C4F80431D4F8043142F287
:10A920001075D4F81834DB0304D50120FFF790FF2D
:10A93000013DF6D138BD430903BF4FF0FF3323FA81
:10A9400000F000F0010000207047C9B200EB4100A8
:10A95000808AC0F340107047C9B200EB4100808A82
:10A96000C0F34000704708B50A460346FFF7F4FFFE
:10A9700018B111461846FFF7E8FF00F0010008BDC6
:10A9800070B5CBB20833164630F81330DA050446FA
:10A990000D4609D5C3F3432300EBC302314650F8FB
:10A9A0003330526828469847A3682BB1E268314695
:10A9B0002846BDE87040184770BD2DE9F34101906D
:10A9C00001A8DDE908580C4617461E46FAF7F2FCC6
:10A9D000019B391E18BF012100EB8300231E18BF05
:10A9E0000123002E43EA410314BF0C210021002D56
:10A9F00043EA010314BF4FF4E0610021B8F1000FF6
:10AA000043EA0103D0F8002714BF4FF4403100217E
:10AA10000B4322EA030304B124780FB13F787F008F
:10AA20001C430EB13678B6003C438DB1297809023B
:10AA30003443B8F1000F03D098F800804FEA08487B
:10AA4000214341EA0801C0F8001702B0BDE8F081D7
:10AA50002946EDE71FB50DF10F03019300238DF893
:10AA60000F1000931A461946FFF7A7FF05B05DF8CF
:10AA700004FB70B511F001040CD04FF0A046D6F8DD
:10AA800020550560C6F82055FAF774FC08B1D6F8D1
:10AA9000203505B90024204670BD2DE9F04700257A
:10AAA00004468846D7B22E464FF00109AA46BD4259
:10AAB0000CD1D4F87C3133B10023C4F87C31D4F804
:10AAC0007C3146F000463046BDE8F0872846FAF76C
:10AAD0009FFCA0F580739B0809FA03F318EA030FA3
:10AAE00005D022581AB144F800A022581E4301355F
:10AAF000EDB2DCE708B502460B46FFF726FFC0B112
:10AB000019461046FFF728FF98B9DBB202EB430362
:10AB10001068998A0123490B8B40C0F808331368E9
:10AB200003EB8103D3F8102522F00302C3F81025AC
:10AB300008BD18460021BDE80840FFF78BBF91F81B
:10AB400020200346032A29D8DFE802F02125190234
:10AB50008A68500304D5D3F84C250869904207D180
:10AB60008A6852031AD4D3F84C258969914215D0CA
:10AB700000200622C3F80005C3F800257047D3F86B
:10AB80004C2508699042F3D1D3F83C25EDE7D3F882
:10AB90004C250969EAE7D3F83C25FAE7012070471C
:10ABA00030B5A2F58075AD080124AC400C4207D049
:10ABB000815829B10021815082581A6822431A60B5
:10ABC00030BD13B500230C4601934FF4A47201ABC2
:10ABD000FFF7E6FF21464FF48272FFF7E1FF2146BF
:10ABE0004FF49272FFF7DCFF21464FF4A872FFF793
:10ABF000D7FF21464FF4A672FFF7D2FF21464FF44C
:10AC0000B072FFF7CDFF4FF4AE722146FFF7C8FFD9
:10AC1000019802B010BDF8B505468E68CF7B0C4692
:10AC2000FBF70EF820B1B6F1C86F08BF4FF0C4664D
:10AC30002B682FB9D4E90012C3F80815C3F80C2506
:10AC4000C3F824656B6833B12868BDE8F84040F369
:10AC50000730F8F773BAF8BD07B5019001A8FBF704
:10AC600097FC019A01239340C0F8083503B05DF8C2
:10AC700004FB0369C26893429CBF81685B18013B77
:10AC8000981A70472DE9F041D0E902840546A8EBF7
:10AC900004064068964220440F46144404D900F04C
:10ACA000ECF8EC60BDE8F0813246A4EB080400F05B
:10ACB000E4F868682246B919F1E72DE9F843C56858
:10ACC0000646894617464FF000083369B468706835
:10ACD0009D4228BF1B19641BBC4203F1FF3328BFF0
:10ACE0003C465B1B9C4228BF1C46494628442246E2
:10ACF00000F0C3F8B3682544AB4208BF00253F1BF2
:10AD0000A044A144F560E0D14046BDE8F88308B511
:10AD1000FBF78AFD002008BDEFF31180202383F3A9
:10AD20001288BFF36F8F704780F31188BFF36F8F66
:10AD3000704708B1F8F754BD704740B1C368587800
:10AD400010F001001EBF1878B0FA80F0400970477B
:10AD5000EFF31183202383F31288BFF36F8FFEE795
:10AD60003AB18A4205D3C0E90212C0E900000020CE
:10AD700070476FF015007047EFF30580003818BF7B
:10AD80000120704774307047D0E9003213605A6078
:10AD90000023C0E90033704738B504460D46FCF780
:10ADA000F1F9637B43F002036373E5B1A5602B689F
:10ADB0009D4209D16B68C4E900531C606C6012E0CD
:10ADC0006A689A42F6D01B68002BF3D094F90E20E3
:10ADD00093F90E108A42F3D09142F1DD5A68C4E92A
:10ADE000003214605C6038BD01211838FCF7E0BB0C
:10ADF00008B50246FDF7A8FA70B1D0E904319B1AF4
:10AE000061EBE272B3F1004F72F1000104DA002A43
:10AE1000ACBF1846002008BD6FF00040FBE708B546
:10AE2000FDF7A0FC08BDFDF79DBC0023C0E908129A
:10AE300000F11802C0E90622C0E90033036343634E
:10AE4000704710B50446FDF789FBA8B9636A0BB1DA
:10AE50002046984704F11800FCF784FC60B1FCF729
:10AE600019FBEFF31180202383F31288BFF36F8F58
:10AE7000BDE81040FCF70ABD10BD0A44914200F144
:10AE8000FF3300D1704710B511F8014B03F8014FA3
:10AE90009142F9D110BD02440346934200D170475C
:10AEA00003F8011BF9E710B50139044632B111F876
:10AEB000013F00F8013B013A002BF7D10021FFF7D9
:10AEC000EAFF204610BD10B5024601448A421346EF
:10AED00003D01C780132002CF8D1181A10BD2DE9CE
:10AEE000F047C3F13709074688465FFA89F903F04E
:10AEF0001F0516464FF0000A384641462A4653467B
:10AF0000F5F7ECF8D4B2092C88BF4C443A464346D6
:10AF100088BFE4B2AA4204F1300473EB0A0306F8D6
:10AF2000014B07468846E7D23046BDE8F0872DE959
:10AF3000F04F87B00618994602AB41EB010400932D
:10AF400015463046D2E900232146DDF844B000F032
:10AF5000A9F804AB0093D5E902230746884630469A
:10AF6000214600F09FF8DDE90263841951EB0306E6
:10AF7000049BD5E900014FF0000228BF0122D2183E
:10AF8000059B43F10003381848EB0101B84271EB0F
:10AF90000801D5E902C134BF0120002014EB0C0CDC
:10AFA00046EB010110EB0C0041F10001A04271EBF6
:10AFB000060C34BF4FF0010C4FF0000CCDE9042318
:10AFC000A9F1410A1CEB020243F10003CDF800A0F5
:10AFD00000F083F8109BC3E90001129B012BDDE90F
:10AFE000042329D1D5E90201D5E900C5201A66EB71
:10AFF0000101674578EB050534BF01250025401B9D
:10B0000061F10001844276EB010534BF0125002582
:10B01000521BCDF800A063F1000300F05EF8DDE9FB
:10B020000423CBE90001CDF800A02046314600F012
:10B0300054F807B0BDE8F08F17EB070E48EB080C8B
:10B04000201946EB0601BE457CEB080834BF0127FA
:10B050000027C71941F10008D5E9000186457CEBBE
:10B06000010CD5E9021534BF01200020381A68F11F
:10B07000000C401A6CEB050192185B41A74278EB7B
:10B08000060534BF01250025521943F1000387420C
:10B0900078EB010834BF01250025521BA9F14005BA
:10B0A0000095B8E7F0B50F460446A0FB0201A7FBE8
:10B0B00002524919A3FB044542F10002A7FB0373A6
:10B0C000611845F10004D219059E43F100031219DD
:10B0D00043F10003C6E90023F0BDF0B5059CC4F1BF
:10B0E0004007C4F1200602FA06F6A4F12005BB4091
:10B0F00022FA05F53343C4F120062B4301FA06F684
:10B10000A4F12005E04021FA05F53043BA40284378
:10B11000E14010431943F0BD2DE9F0410446CD0F45
:10B12000C1F30A50C1F3130154EA0107157140F24B
:10B13000FF7607D0B0420CD145F00805157100200C
:10B14000BDE8F081002863D0B0425ED145F004052F
:10B15000F4E7002859D10120A0F2FF30002B106045
:10B1600059DB0C2B59DCC3F10D05AD00012005F1B5
:10B17000FF3CA5F12107C5F1210620FA06F600FAE9
:10B1800007F700FA0CF03743061847EB0708D6F12B
:10B19000000E68EB480C013E48F1FF38264008EAF3
:10B1A0000108B04277EB08080FDBC5F12008B5F1C4
:10B1B000200601FA08F824FA05F545EA08055CBFFF
:10B1C00041FA06F63543ED0703D52018044641EB56
:10B1D000070104EA0E0401EA0C019DF8186012321E
:10B1E00018460D25C6F127064FF0300E04F00F0368
:10B1F000240944EA017405F1FF3C0911571EB3B953
:10B20000A8420CDA65463A46F0E741F48011A3E71C
:10B2100004460146A2E70023DFE70D23DDE782F8BD
:10B2200000E01CF1010365463A46DFD188E7092BAF
:10B23000C8BF9B193033A8421370B8BF2846F0E747
:10B24000D1E9043293421EBF5A1C0A61187070473C
:10B25000014800687047000098190020B44EFF7F35
:10B2600001000000C93700000000000005380000A0
:10B270000000000000000000C4B200000FAD00009C
:10B280000000000000000000E4B200000000000028
:10B2900004B30000713C000000000000D13C00003D
:10B2A00000000000854A000000000000F5190000C1
:10B2B00000000000A53700000000000000000000B2
:10B2C00024B30000E9CB00001CB90000B8B40000B2
:10B2D00090110020D4190020353900000000000032
:10B2E0000000000011CD000034B900007CB4000063
:10B2F00092110020301A0020F540000000000000EC
:10B3000000000000A9CE000074B90000D4B4000011
:10B3100096110020901A00204546000021A8000048
:10B3200000000000EECD000050110020A0B400008D
:10B33000941100203C1A002083A600007FA6000084
:10B3400000000000F7A800004BA80000000000006B
:10B35000EBA4000004B30000C1A70000000000003F
:10B36000EBA400003C1A0020556300000000000020
:10B37000EBA40000E010002051A600000000000037
:10B38000EBA4000000000000EBA40000000000009F
:10B39000EBA4000000000000EBA40000000000008F
:10B3A000EBA4000000000000EBA40000000000007F
:10B3B000EBA4000000000000EBA40000000000006F
:10B3C000EBA4000000000000EBA40000000000005F
:10B3D0008548000000000000EBA400000000000011
:10B3E000EBA4000000000000EBA40000000000003F
:10B3F000EBA4000000000000EBA40000000000002F
:10B40000EBA4000000000000EBA40000000000001E
:10B41000EBA4000000000000EBA40000000000000E
:10B42000EBA4000000000000EBA4000000000000FE
:10B43000EBA4000000000000EBA4000000000000EE
:10B44000EBA4000000000000EBA4000000000000DE
:10B45000EBA4000000000000EBA4000000000000CE
:10B46000EBA4000000000000EBA4000000000000BE
:10B47000EBA4000000000000EBA40000693F000006
:10B48000F9A5000007A600001FA600002BA60000DB
:10B4900037A60000FD3D0000213D00000000000037
:10B4A000D9420000000000005141000000000000EF
:10B4B00000000000D9A600008D390000F3A50000AF
:10B4C000CFA50000000000005D3800000000000073
:10B4D000000000007BA70000914500006DA7000060
:10B4E000C0BE00000300000004CC00000300000008
:10B4F0001FCD000003000000FBCD00000300000092
:10B5000011C100000300000015C10000030000008D
:10B510004EC30000030000007CC9000003000000CF
:10B520000CD500000300000084CB000003000000E5
:10B53000B7CE00000300000084B800005C190020B2
:10B54000D5C2000001000000C8B80000C8100020EB
:10B550003DC3000001000000040000000F000000D7
:10B560000100000008000000200000006000000052
:10B57000700000000D0000000C0000000E00000034
:10B580005000000074000000A8000000FFFFFFFF53
:0CB59000FFFFFFFFFFFFFFFFFFFFFFFFBB
:10B5A0000338FDD8704700000100000000000000D3
:10B5B000050000000000000019000000000000006D
:10B5C0007D0000000000000071020000000000008B
:10B5D000350C000000000000093D000000000000E4
:10B5E0002D31010000000000E1F505000000000021
:10B5F00065CD1D0000000000F9029500000000006C
:10B60000DD0EE90200000000514A8D0E000000002E
:10B610009573C24800000000E941CC6B01000000B6
:10B620008D49FD1A07000000C16FF286230000005B
:10B63000C52EBCA2B1000000D9E9AC2D78030000F2
:10B640003D9160E45811000031D6E275BC5600000F
:10B65000F52E6E4DAEB10100C9EA26836778080069
:10B66000ED95C28F055A2A00A1EDCCCE1BC2D300A6
:10B6700025A4000A8BCA220400000000000000007C
:10B6800000000000000000100000000000000000AA
:10B69000B9340332B7F4AD1410DB1AB30892540E68
:10B6A0000D307D951447BA1A66088F4D26ADC66DCC
:10B6B000F598BF85E2B74511CA96853D92BD1DEB51
:10B6C000FCA11860DCEF52163C92AE220BB8C1B45C
:10B6D000839D2D5B0562DA1C304C7E8F4E8BB25BF6
:10B6E00016F4529F8B56A512FBD4827643ED8AF056
:10B6F0008FE7F9311565191850F19BD94A13EEB44B
:10B70000284CF0A686C1251F035FC270CB9E491648
:10B71000E642889C44EB2014B0650836AD6EA585E2
:10B7200085F0CA14E2FD031A0B899979D5B13D0958
:10B73000D8DA973A35EBCF10AC363F5E73BB38CFD3
:10B740003E6752FA44AFBA15010000000000000045
:10B750000000000000000020345065C05FC9A65200
:10B76000BB13CBAEC440C21806C8DF7100D5A87C9D
:10B77000F56F0FDA58FC27136E4756357D24206588
:10B7800002C7E768E48CA41DE9E60268D7CD3961F9
:10B790007977FCC2405BEF16798CDE43FFA751F945
:10B7A00091F3B278F5BDBE11E857E9D6E8BEE87B63
:10B7B000B054AC8F848D751BEA23A499E9F9D38B1F
:10B7C000B7A3714061DA3E15CEE33ECB73F948086A
:10B7D0008C97B427D51B7010A2BFEFB9EB8532153B
:10B7E0004DB44DB49BBB6F1996B6076CF8E7EEAD40
:10B7F00036D9B4F59135AE13222218AF4E6A684D92
:10B8000091DAAA3D4F40741E9FBD9EE006A1C098EC
:10B8100057C2A7FDA40E90170E7D497173E3208FC8
:10B82000B220D87605143B12853D7434811343B0A1
:10B83000AD297A5F27F4351C981200200001000022
:10B840007BA200001DA2000002000000F5A3000082
:10B8500000000000000000000000000000000000E8
:10B86000B5C20000BDC200000000000000000000E2
:10B8700000000000C5C20000C9C20000CDC2000027
:10B88000D1C200008D27000081270000B1270000F1
:10B89000692700000000000075270000000000007C
:10B8A0000D28000064190020101B0020100000006B
:10B8B000B8B8000074190020952800008C190020E9
:10B8C000201B002001000000A7A400009DA4000090
:10B8D0006BA40000B9280000000000005FA4000075
:10B8E00000000000C01000200000000000000B0657
:10B8F00002000000F8B800000000000075CB000056
:10B9000024000206000000207DCB00001E000B1169
:10B91000213800000D39000000000000BD3A000091
:10B92000E1390000F8CB0000C1390000EFA50000AC
:10B93000FECB0000FFFFFFFF00000050E0100020E2
:10B9400000000000000000000040004054B900006A
:10B95000020000006CB900000200000064B90000A1
:10B96000020100001A80000C1B80000B1A00000C62
:10B970001B00000B00200040010000000000000040
:10B9800094B900000000D60100000000251D002031
:10B99000241D002000200040A0B90000020000008B
:10B9A000C0B9000004000000B0B9000004010000AC
:10B9B0000680000008800001058000020780000367
:10B9C0000600000008000001050000020700000357
:10B9D0006AD4000078D400008CD400009BD400000E
:10B9E000A7D4000064B2000064B20000A4B200005A
:10B9F000ACB20000C4B20000C4B2000000000000FD
:10BA000000000000000000000000000000000040F6
:10BA100095596959555554551555555604051541AF
:10BA20001054554045515544404550445055554596
:10BA300000400040400444966555565545404554E5
:10BA4000514115405591555555554051050100003E
:10BA50005445545445550504001004101404400086
:10BA600000000140555515415404000044000100F8
:10BA700000000040410000445044455054005555DA
:10BA800054556551004000400100000100050100CF
:10BA9000115451515455550500000000000000009C
:10BAA000000000003D3D3D2052464944205445538E
:10BAB00054205354415254203D3D3D0A00524649C2
:10BAC0004420696E6974206661696C65643A20255A
:10BAD000640A005246494420696E6974204F4B0A3B
:10BAE0000072616368656C6368656E32322E6769E7
:10BAF000746875622E696F2F23786A58577871774A
:10BB0000372B444E586B5232484C6672666A5874F2
:10BB10002B6467496F4B474F63355A69744D534ED9
:10BB20004B466267383271744269315473635A4DBF
:10BB30002F59733436373834730069207468696E4E
:10BB40006B2077652077726F746520736F6D6574F5
:10BB500068696E673F0A00796F75206172652061C0
:10BB600020636875643A206572726F722025640ADA
:10BB700000524649443A20636865636B696E6720EA
:10BB8000493243206465766963652E2E2E0A00498A
:10BB90003243204E4F542052454144590A00464FEB
:10BBA000554E442044455649434520402030782591
:10BBB0003032580A00574553545F544F504449524D
:10BBC0002F7A65706879722F6C69622F6865617071
:10BBD0002F686561702E63006368756E6B5F7573A7
:10BBE000656428682C206329004153534552544909
:10BBF0004F4E204641494C205B25735D2040202557
:10BC0000733A25640A0009756E657870656374651A
:10BC10006420686561702073746174652028646FA6
:10BC200075626C652D667265653F2920666F7220AE
:10BC30006D656D6F72792061742025700A006C65E6
:10BC400066745F6368756E6B28682C20726967681C
:10BC5000745F6368756E6B28682C20632929203D0A
:10BC60003D20630009636F727275707465642068AB
:10BC700065617020626F756E6473202862756666F8
:10BC80006572206F766572666C6F773F2920666FEC
:10BC900072206D656D6F72792061742025700A00C5
:10BCA0006279746573203E20686561705F666F6FAE
:10BCB0007465725F6279746573286279746573293B
:10BCC0000009686561702073697A65206973207462
:10BCD0006F6F20736D616C6C0A00686561705F73D3
:10BCE0007A203E206368756E6B737A2873697A6573
:10BCF0006F6628737472756374207A5F686561700B
:10BD00002929006368756E6B305F73697A65202B33
:10BD1000206D696E5F6368756E6B5F73697A652805
:10BD20006829203C3D20686561705F737A00574543
:10BD300053545F544F504449522F7A65706879725A
:10BD40002F6C69622F6F732F63627072696E7466F5
:10BD50005F7061636B616765642E63000953747281
:10BD6000696E67207769746820746F6F206D616EEB
:10BD70007920617267756D656E74730A000973745A
:10BD8000725F7074725F706F735B5D20746F6F2091
:10BD9000736D616C6C0A0009756E6578706563740B
:10BDA00065642073697A652025750A0009746F6FD0
:10BDB000206D616E7920666F726D617420617267AB
:10BDC000730A00696E5F7061636B6167656420214F
:10BDD0003D202828766F6964202A2930290028759B
:10BDE0006E7369676E6564292063686172202A201A
:10BDF0007573656420666F722025257020617267F7
:10BE0000756D656E742E2049742773207265636F9B
:10BE10006D6D656E64656420746F2063617374205A
:10BE2000697420746F20766F6964202A20626563CC
:10BE300061757365206974206D6179206361757324
:10BE400065206D69736265686176696F7220696EDD
:10BE5000206365727461696E20636F6E66696775D1
:10BE6000726174696F6E732E20537472696E673AD3
:10BE70002225732220617267756D656E743A2564A0
:10BE800000736370795F636E74203C2073697A6518
:10BE90006F66286370795F7374725F706F732900C7
:10BEA0006B6565705F636E74203C2073697A656FA3
:10BEB00066286B6565705F7374725F706F732900BD
:10BEC00063627072696E74665F7061636B616765EF
:10BED00000574553545F544F504449522F7A657070
:10BEE0006879722F6C69622F6F732F6D7073635F47
:10BEF000706275662E6300657272203D3D203000D1
:10BF0000574553545F544F504449522F7A657068D7
:10BF100079722F696E636C7564652F7A65706879C4
:10BF2000722F7370696E6C6F636B2E68007A5F732B
:10BF300070696E5F6C6F636B5F76616C6964286CAF
:10BF4000290009496E76616C6964207370696E6CB2
:10BF50006F636B2025700A007A5F7370696E5F757E
:10BF60006E6C6F636B5F76616C6964286C29000985
:10BF70004E6F74206D79207370696E6C6F636B20E7
:10BF800025700A00574553545F544F504449522F6F
:10BF90007A65706879722F6C69622F7574696C7339
:10BFA0002F6F6E6F66662E63007374617465203D3B
:10BFB0003D20305500217379735F736C6973745F32
:10BFC00069735F656D70747928266D67722D3E63A5
:10BFD0006C69656E747329007472616E7369742084
:10BFE000213D202828766F6964202A293029007392
:10BFF00074617465203D3D202831554C203C3C2027
:10C0000028312929006D67722D3E72656673203DC7
:10C010003D2030007374617465203D3D202831550A
:10C020004C203C3C202830292900574553545F546C
:10C030004F504449522F7A65706879722F6C69624B
:10C040002F7574696C732F6E6F746966792E630037
:10C050006C6F6767696E6700574553545F544F5064
:10C060004449522F7A65706879722F7375627379BB
:10C07000732F6C6F6767696E672F6C6F675F636F95
:10C0800072652E63006C6F675F6261636B656E64DF
:10C090005F636F756E745F6765742829203C202884
:10C0A000283332202F20335529202D202831202BD2
:10C0B00020302929006261636B656E64203C3D205D
:10C0C0005F6C6F675F6261636B656E645F6C697301
:10C0D000745F656E640009756E657870656374657C
:10C0E00064206C69737420656E64206C6F63617486
:10C0F000696F6E0A006C6F675F6261636B656E6487
:10C100005F636F756E745F6765742829203E203009
:10C11000006C6F67006C6F675F6D676D74004D65D5
:10C120007373616765202822257322292064726F4A
:10C130007070656420626563617573652069742041
:10C14000657863656564732073697A65206C696DD1
:10C1500069746174696F6E202825752900574553ED
:10C16000545F544F504449522F7A65706879722F4A
:10C170007375627379732F6C6F6767696E672F6C65
:10C180006F675F6D73672E6300706C656E203E3D58
:10C190002030004D6573736167652064726F707045
:10C1A00065642062656361757365206974206578D4
:10C1B00063656564732073697A65206C696D697461
:10C1C0006174696F6E2028257529000D0A00574596
:10C1D00053545F544F504449522F7A6570687972B6
:10C1E0002F7375627379732F6C6F6767696E672F32
:10C1F0006C6F675F6F75747075742E63006F757404
:10C200005F6374782D3E636F6E74726F6C5F626CE7
:10C210006F636B2D3E6F6666736574203C3D206FC7
:10C2200075745F6374782D3E73697A65001B5B30AB
:10C230006D006C6576656C203C3D203400257320D4
:10C24000005B2530386C755D20005B253032753A17
:10C25000253032753A253032752E253033752C2530
:10C260003033755D200025732F003C25733E200080
:10C2700025733A2000657272203E3D203000253043
:10C2800032782000202020007C00256300206D658E
:10C290007373616765732064726F70706564202DBD
:10C2A0002D2D0D0A1B5B306D001B5B313B33316D57
:10C2B0002D2D2D20001B5B313B33316D001B5B317D
:10C2C0003B33336D006572720077726E00696E6683
:10C2D00000646267006C6F675F6261636B656E64C8
:10C2E0005F72747400574553545F544F5044495221
:10C2F0002F7A65706879722F7375627379732F6CFA
:10C300006F6767696E672F6261636B656E64732F19
:10C310006C6F675F6261636B656E645F7561727499
:10C320002E63006465766963655F69735F7265613A
:10C33000647928756172745F64657629006C6F6733
:10C340005F6261636B656E645F75617274006C6FD0
:10C35000675F75617274002A2A2A20426F6F7469C0
:10C360006E67206E524620436F6E6E656374205375
:10C37000444B2076332E322E332D36663834383502
:10C38000643238393064202A2A2A0A002A2A2A20CC
:10C390005573696E67205A6570687972204F532013
:10C3A00076342E322E39392D633463373566373182
:10C3B00065373039202A2A2A0A0072302F61313A33
:10C3C0002020307825303878202072312F61323AA1
:10C3D0002020307825303878202072322F61333A8F
:10C3E00020203078253038780072332F61343A209D
:10C3F00020307825303878207231322F69703A2019
:10C4000020307825303878207231342F6C723A2001
:10C41000203078253038780020787073723A2020E8
:10C42000307825303878004661756C74696E672005
:10C43000696E737472756374696F6E20616464727F
:10C4400065737320287231352F7063293A20307854
:10C450002530387800556E68616E646C65642049DB
:10C4600052516E3A202564002A2A2A2A2A2042554F
:10C4700053204641554C54202A2A2A2A2A0020209B
:10C48000537461636B696E67206572726F7200200E
:10C4900020556E737461636B696E67206572726F8D
:10C4A0007200202050726563697365206461746155
:10C4B00020627573206572726F72002020424641BF
:10C4C0005220416464726573733A20307825780095
:10C4D0002020496D707265636973652064617461C1
:10C4E00020627573206572726F72002020496E732E
:10C4F0007472756374696F6E2062757320657272F1
:10C500006F72002020466C6F6174696E672D706FCA
:10C51000696E74206C617A7920737461746520701F
:10C520007265736572766174696F6E206572726F81
:10C5300072002A2A2A2A2A2055534147452046417B
:10C54000554C54202A2A2A2A2A0020204469766938
:10C5500073696F6E206279207A65726F00202055B2
:10C560006E616C69676E6564206D656D6F727920B0
:10C570006163636573730020204E6F20636F707278
:10C580006F636573736F7220696E73747275637411
:10C59000696F6E73002020496C6C6567616C206C5C
:10C5A0006F6164206F66204558435F524554555271
:10C5B0004E20696E746F205043002020496C6C65DA
:10C5C00067616C20757365206F662074686520450F
:10C5D000505352002020417474656D707420746F44
:10C5E000206578656375746520756E646566696E2F
:10C5F000656420696E737472756374696F6E002A66
:10C600002A2A2A2A204D5055204641554C54202A8A
:10C610002A2A2A2A002020537461636B696E6720DE
:10C620006572726F722028636F6E74657874206112
:10C63000726561206D69676874206265206E6F7431
:10C640002076616C69642900202044617461204176
:10C6500063636573732056696F6C6174696F6E00F4
:10C6600020204D4D46415220416464726573733AF7
:10C670002030782578002020496E737472756374B9
:10C68000696F6E204163636573732056696F6C61D7
:10C6900074696F6E00574553545F544F504449526C
:10C6A0002F7A65706879722F617263682F61726D7D
:10C6B0002F636F72652F636F727465785F6D2F667D
:10C6C00061756C742E6300212828285343425F54FF
:10C6D000797065202A292028283078453030304567
:10C6E000303030554C29202B2030783044303055B4
:10C6F0004C2920292D3E43465352202620283155CF
:10C700004C203C3C20283055202B20345529292909
:10C710000009537461636B696E67206572726F7292
:10C72000206E6F74206120737461636B2066616991
:10C730006C0A0A00526573657276656420457863F9
:10C74000657074696F6E20280053707572696F751B
:10C750007320696E74657272757074202849525125
:10C760002000535053454C20696E207468726561F7
:10C7700064206D6F646520646F6573206E6F742034
:10C78000696E646963617465205053500065736617
:10C7900020213D202828766F6964202A293029002D
:10C7A0000945534620636F756C64206E6F74206278
:10C7B000652072657472696576656420737563635C
:10C7C00065737366756C6C792E205368616C6C2090
:10C7D0006E65766572206F636375722E0A002A2A71
:10C7E0002A2A2A2048415244204641554C54202AA6
:10C7F0002A2A2A2A002020427573206661756C74EB
:10C80000206F6E20766563746F72207461626C6550
:10C81000207265616400202044656275672065763A
:10C82000656E740020204661756C742065736361C9
:10C830006C6174696F6E20287365652062656C6F2A
:10C84000772900415243485F45584345505420776B
:10C8500069746820726561736F6E2025780A00091B
:10C860004661756C7420657363616C6174696F6E89
:10C8700020776974686F75742046535220696E661C
:10C880006F0A0009486172644661756C74207769AB
:10C8900074686F7574204846535220696E666F2025
:10C8A0005368616C6C206E65766572206F6363758A
:10C8B000720A002A2A2A2A2A204465627567206D96
:10C8C0006F6E69746F7220657863657074696F6EDE
:10C8D000202A2A2A2A2A002A2A2A2A2A20257320BC
:10C8E000256429202A2A2A2A2A00574553545F54AE
:10C8F0004F504449522F7A65706879722F61726384
:10C90000682F61726D2F636F72652F636F7274652C
:10C91000785F6D2F6972715F6D616E6167652E63FF
:10C92000007072696F203C3D20282831554C203C16
:10C930003C2028332929202D2031290009696E76D1
:10C94000616C6964207072696F7269747920256402
:10C9500020666F7220256420697271212076616CD7
:10C96000756573206D757374206265206C657373D3
:10C97000207468616E20256C750A0A006D70750060
:10C980004661696C656420746F20616C6C6F6361D3
:10C990007465206E6577204D505520726567696F0C
:10C9A0006E2025750A00506172746974696F6E207B
:10C9B00025753A2073616E69747920636865636BCD
:10C9C000206661696C65642E00574553545F544F6F
:10C9D000504449522F7A65706879722F617263688A
:10C9E0002F61726D2F636F72652F6D70752F61727D
:10C9F0006D5F6D70752E630009436F6E66696775B4
:10CA000072696E6720257520737461746963204DA7
:10CA1000505520726567696F6E73206661696C6539
:10CA2000640A0A0009436F6E6669677572696E670A
:10CA30002025752064796E616D6963204D50552005
:10CA4000726567696F6E73206661696C65640A0A56
:10CA500000095265717565737420746F20636F6E81
:10CA60006669677572653A20257520726567696F1A
:10CA70006E732028737570706F727465643A202528
:10CA800075290A0A002128726567696F6E5B6964FF
:10CA9000785D2E64745F617474722026202831558D
:10CAA0004C203C3C202830292929000952414D5F67
:10CAB0004E4F434143484520776974682044545F92
:10CAC0004D454D5F434143484541424C45206174CB
:10CAD000747269627574650A0A00094661696C6559
:10CAE0006420746F20616C6C6F63617465204D50BD
:10CAF0005520726567696F6E732066726F6D204492
:10CB0000540A0A002828284D50555F547970652032
:10CB10002A292028283078453030304530303055AB
:10CB20004C29202B20307830443930554C2920298D
:10CB30002D3E545950452026202830784646554CE5
:10CB4000203C3C2038552929203E3E203855203DA8
:10CB50003D20380009496E76616C6964206E756D00
:10CB6000626572206F66204D505520726567696F4F
:10CB70006E730A0A00464C4153485F3000535241DD
:10CB80004D5F3000736F6300574553545F544F50EF
:10CB90004449522F7A65706879722F64726976659C
:10CBA00072732F636C6F636B5F636F6E74726F6C05
:10CBB0002F636C6F636B5F636F6E74726F6C5F6E0D
:10CBC00072662E630074797065203C20434C4F439D
:10CBD0004B5F434F4E54524F4C5F4E52465F545939
:10CBE00050455F434F554E5400636C6F636B403448
:10CBF00030303030303030006866636C6B006C660B
:10CC0000636C6B00636C6F636B5F636F6E74726FEA
:10CC10006C00574553545F544F504449522F7A6526
:10CC2000706879722F696E636C7564652F7A6570B0
:10CC30006879722F647269766572732F6770696F95
:10CC40002F6770696F5F7574696C732E680063611C
:10CC50006C6C6261636B00094E6F2063616C6C6287
:10CC600061636B210A0063616C6C6261636B2D3ED2
:10CC700068616E646C657200094E6F2063616C6C54
:10CC80006261636B2068616E646C6572210A005793
:10CC90004553545F544F504449522F6D6F64756C27
:10CCA00065732F68616C2F6E6F726469632F6E728B
:10CCB00066782F68616C2F6E72665F6770696F2E81
:10CCC00068006E72665F6770696F5F70696E5F7033
:10CCD000726573656E745F636865636B282A705F45
:10CCE00070696E2900574553545F544F5044495260
:10CCF0002F7A65706879722F647269766572732F06
:10CD00006770696F2F6770696F5F6E7266782E63E8
:10CD1000006770696F403530303030303030006936
:10CD20003263004E65656420746F207573652074EE
:10CD3000686520696E7465726E616C2064726976D4
:10CD4000657220627566666572206275742069740A
:10CD5000732073697A6520697320696E73756666DE
:10CD6000696369656E7420282575202B2025752040
:10CD70003E202575292E2041646A757374207468DD
:10CD800065207A65706879722C636F6E6361742DAB
:10CD90006275662D73697A65206F72207A65706896
:10CDA00079722C666C6173682D6275662D6D617881
:10CDB0002D73697A652070726F706572747920289E
:10CDC000746865206F6E6520776974682067726586
:10CDD000617465722076616C75652920696E2074B6
:10CDE00068652022257322206E6F64652E006932EB
:10CDF00063403430303034303030006932635F6E3D
:10CE00007266785F7477696D00756E737570706F98
:10CE10007274656420737065656400547279696E1C
:10CE20006720746F207472616E73666572206D6F17
:10CE30007265207468616E20746865206D61786920
:10CE40006D756D2073697A6520666F7220746869EC
:10CE500073206465766963653A202564203E202549
:10CE600064004661696C656420746F20696E697442
:10CE700069616C697A65206465766963653A202525
:10CE8000730000010203040506074661696C6564CE
:10CE900020746F20616C6C6F636174652050504921
:10CEA000204368616E6E656C007561727440343049
:10CEB00030303230303000756172745F6E72667877
:10CEC0005F756172746500000000000100000001E0
:10CED0000100000101010100000000574553545FAB
:10CEE000544F504449522F6D6F64756C65732F68B1
:10CEF000616C2F6E6F726469632F6E7266782F6833
:10CF0000656C706572732F6E7266785F677070699A
:10CF10005F7070692E6300705F6770706920213DDB
:10CF2000202828766F6964202A2930290057455324
:10CF3000545F544F504449522F6D6F64756C657344
:10CF40002F68616C2F6E6F726469632F6E726678E2
:10CF50002F647269766572732F7372632F6E7266B7
:10CF6000785F636C6F636B2E63006D5F636C6F63E0
:10CF70006B5F63622E6D6F64756C655F696E69745B
:10CF800069616C697A656400574553545F544F502A
:10CF90004449522F6D6F64756C65732F68616C2FF7
:10CFA0006E6F726469632F6E7266782F6472697631
:10CFB0006572732F7372632F6E7266785F636C6F26
:10CFC000636B5F6866636C6B2E6300000001010198
:10CFD000574553545F544F504449522F6D6F6475F9
:10CFE0006C65732F68616C2F6E6F726469632F6E4E
:10CFF0007266782F647269766572732F7372632F0D
:10D000006E7266785F636C6F636B5F6C66636C6B8C
:10D010002E63000000010101574553545F544F50E7
:10D020004449522F6D6F64756C65732F68616C2F66
:10D030006E6F726469632F6E7266782F68616C2FF1
:10D040006E72665F6770696F74652E6800696E64E2
:10D050006578203C203800574553545F544F504466
:10D0600049522F6D6F64756C65732F68616C2F6EFC
:10D070006F726469632F6E7266782F647269766569
:10D0800072732F7372632F6E7266785F6770696F49
:10D0900074652E630070696E5F69735F696E707589
:10D0A0007428705F696E7374616E63652C2070699B
:10D0B0006E290070696E5F6861735F74726967677B
:10D0C000657228705F696E7374616E63652C207081
:10D0D000696E2900705F696E7374616E63650070BC
:10D0E0005F6368616E6E656C00696E745F656E612A
:10D0F000626C65000000010101574553545F544FB5
:10D10000504449522F6D6F64756C65732F68616C64
:10D110002F6E6F726469632F6E7266782F64726906
:10D12000766572732F7372632F6E7266785F747791
:10D13000696D2E6300705F636F6E6669672D3E7365
:10D14000636C5F70696E20213D20705F636F6E6657
:10D1500069672D3E7364615F70696E00705F636F15
:10D160006E66696700705F63622D3E7374617465FB
:10D17000203D3D204E5246585F4452565F53544125
:10D1800054455F494E495449414C495A4544007001
:10D190005F63622D3E737461746520213D204E52A1
:10D1A00046585F4452565F53544154455F554E496B
:10D1B0004E495449414C495A454400705F63622DC1
:10D1C0003E7374617465203D3D204E5246585F4465
:10D1D00052565F53544154455F504F574552454452
:10D1E0005F4F4E00212828705F63622D3E68616E9C
:10D1F000646C6572203D3D202828766F6964202A82
:10D20000293029292026262028705F786665725FDC
:10D21000646573632D3E74797065203D3D204E52E8
:10D2200046585F5457494D5F584645525F545852CF
:10D2300058292900212828705F63622D3E68616E9D
:10D24000646C6572203D3D202828766F6964202A31
:10D25000293029292026262028705F786665725F8C
:10D26000646573632D3E74797065203D3D204E5298
:10D2700046585F5457494D5F584645525F5458547D
:10D28000582929002128666C6167732026202831DF
:10D29000554C203C3C20342929002128666C6167CC
:10D2A000732026202831554C203C3C20332929006E
:10D2B0002128666C6167732026202831554C203C5C
:10D2C0003C2032292900705F63622D3E68616E64E4
:10D2D0006C6572000000010101000101010154654B
:10D2E000726D696E616C00000000000000545452C1
:10D2F0002052454747455300574553545F544F50BC
:10D300004449522F7A65706879722F6B65726E6529
:10D310006C2F6465766963652E6300646576203CD6
:10D320003D205F6465766963655F6C6973745F65F2
:10D330006E64007263203E3D202D28307866662999
:10D34000202626207263203C20300009646576691F
:10D35000636520257320696E69743A20696E766171
:10D360006C6964206572726F7220282564290A0036
:10D3700048616C74696E672073797374656D0055CC
:10D380006E6B6E6F776E206572726F7200756E6B6A
:10D390006E6F776E003E3E3E205A455048595220EF
:10D3A000464154414C204552524F522025643A2068
:10D3B0002573206F6E20435055202564004661750B
:10D3C0006C7420647572696E6720696E7465727220
:10D3D0007570742068616E646C696E670A004375CD
:10D3E0007272656E74207468726561643A2025708B
:10D3F000202825732900574553545F544F50444902
:10D40000522F7A65706879722F6B65726E656C2F1A
:10D41000666174616C2E6300726561736F6E2021AA
:10D420003D204B5F4552525F4B45524E454C5F503D
:10D43000414E49430009417474656D707465642000
:10D44000746F207265636F7665722066726F6D20EF
:10D4500061206B65726E656C2070616E696320631C
:10D460006F6E646974696F6E0A0043505520657869
:10D4700063657074696F6E00556E68616E646C658B
:10D480006420696E746572727570740053746163A0
:10D490006B206F766572666C6F77004B65726E6598
:10D4A0006C206F6F7073004B65726E656C207061DD
:10D4B0006E696300574553545F544F504449522F8F
:10D4C0007A65706879722F6B65726E656C2F696E04
:10D4D00069742E63007468726561645F646174616D
:10D4E000203C3D205F5F7374617469635F74687290
:10D4F0006561645F646174615F6C6973745F656EBC
:10D50000640069646C65006D61696E006F7300573B
:10D510004553545F544F504449522F7A657068798F
:10D52000722F6B65726E656C2F69646C652E63007B
:10D530005F6B65726E656C2E637075735B305D2E0C
:10D5400063757272656E742D3E626173652E7072C2
:10D55000696F203E3D203000574553545F544F5073
:10D560004449522F7A65706879722F6B65726E65C7
:10D570006C2F696E636C7564652F6B73636865648B
:10D580002E68007468726561642D3E626173652E59
:10D5900070656E6465645F6F6E0021617263685FC1
:10D5A0006972715F756E6C6F636B6564286B65790A
:10D5B0002900090A00574553545F544F50444952BB
:10D5C0002F7A65706879722F6B65726E656C2F7338
:10D5D000656D2E63002828617263685F69735F69F7
:10D5E0006E5F6973722829203D3D203029207C7CA4
:10D5F00020282874696D656F7574292E7469636BB2
:10D6000073203D3D202828286B5F74696D656F7518
:10D61000745F74297B307D29292E7469636B7329AB
:10D620002900574553545F544F504449522F7A654F
:10D63000706879722F6B65726E656C2F7468726595
:10D6400061642E6300282828287072696F292920B8
:10D650003D3D203135202626207A5F69735F69645D
:10D660006C655F7468726561645F656E7472792859
:10D6700028656E747279292929207C7C2028282825
:10D680003135202D203129203E3D2028282D3136CE
:10D690002929292026262028287072696F29292007
:10D6A0003E3D2028282D31362929202626202828CD
:10D6B0007072696F2929203C3D20283135202D20AA
:10D6C000312929290009696E76616C6964207072BC
:10D6D000696F7269747920282564293B20616C6C1C
:10D6E0006F7765642072616E67653A2025642074E7
:10D6F0006F2025640A0021617263685F69735F6946
:10D700006E5F6973722829000954687265616473D9
:10D71000206D6179206E6F7420626520637265618F
:10D7200074656420696E20495352730A005745534B
:10D73000545F544F504449522F7A65706879722F64
:10D740006B65726E656C2F73636865642E63002170
:10D750007A5F69735F69646C655F74687265616440
:10D760005F6F626A6563742874687265616429001A
:10D77000574553545F544F504449522F7A6570684F
:10D7800079722F6B65726E656C2F696E636C756450
:10D79000652F6B7468726561642E68005F6B6572DB
:10D7A0006E656C2E637075735B305D2E637572727F
:10D7B000656E7420213D202828766F6964202A290F
:10D7C000302900574553545F544F504449522F7AE3
:10D7D00065706879722F6B65726E656C2F696E6308
:10D7E0006C7564652F6B737761702E68006172636E
:10D7F000685F6972715F756E6C6F636B6564286BCF
:10D80000657929207C7C205F6B65726E656C2E6368
:10D810007075735B305D2E63757272656E742D3E2C
:10D82000626173652E7468726561645F737461749C
:10D830006520262028282831554C203C3C202830C3
:10D84000292929207C20282831554C203C3C20289F
:10D8500033292929290009436F6E74657874207370
:10D860007769746368696E67207768696C6520689A
:10D870006F6C64696E67206C6F636B210A0073695B
:10D880007A656F66285F73636865645F7370696E3D
:10D890006C6F636B29203D3D2030207C7C206C6FB9
:10D8A000636B20213D20265F73636865645F73703E
:10D8B000696E6C6F636B005F6B65726E656C2E6377
:10D8C0007075735B305D2E63757272656E742D3E7C
:10D8D000626173652E73636865645F6C6F636B650B
:10D8E0006420213D203155005F6B65726E656C2EA2
:10D8F000637075735B305D2E63757272656E742D27
:10D900003E626173652E73636865645F6C6F636B01
:10D91000656420213D20305500217465726D696E6B
:10D92000617465000961626F72746564205F63757C
:10D930007272656E74206261636B2066726F6D2017
:10D94000646561640A0021657373656E7469616C56
:10D95000000961626F7274656420657373656E742B
:10D9600069616C207468726561642025700A0057D3
:10D970004553545F544F504449522F7A657068792B
:10D98000722F6B65726E656C2F74696D65736C694F
:10D9900063696E672E6300282874696D656F7574FE
:10D9A0002920262620282875696E747074725F7489
:10D9B000292028736C6963655F74696D656F757480
:10D9C000732929203C3D20282875696E7470747273
:10D9D0005F7429202874696D656F75742929202664
:10D9E0002620282875696E747074725F7429202847
:10D9F00074696D656F75742929203C202828756924
:10DA00006E747074725F742920282628736C6963A1
:10DA1000655F74696D656F757473295B2828736918
:10DA20007A655F742920282828696E742920736913
:10DA30007A656F6628636861725B31202D20283219
:10DA4000202A202128215F5F6275696C74696E5FEE
:10DA500074797065735F636F6D70617469626C6512
:10DA60005F70285F5F747970656F665F5F28736CA5
:10DA70006963655F74696D656F757473292C205FC8
:10DA80005F747970656F665F5F282628736C6963C1
:10DA9000655F74696D656F757473295B305D2929E5
:10DAA00029295D29202D203129202B202873697AEE
:10DAB000656F6628736C6963655F74696D656F7502
:10DAC000747329202F2073697A656F662828736C18
:10DAD0006963655F74696D656F757473295B305D2B
:10DAE000292929295D292920262620282828756901
:10DAF0006E747074725F7429202874696D656F7517
:10DB0000742929202D20282875696E747074725F1D
:10DB100074292028736C6963655F74696D656F751E
:10DB2000747329292920252073697A656F6628284E
:10DB3000736C6963655F74696D656F757473295B78
:10DB4000305D29203D3D20302900574553545F5416
:10DB50004F504449522F7A65706879722F6B657205
:10DB60006E656C2F7468726561645F6D6F6E697449
:10DB70006F722E6300757365725F636220213D20B2
:10DB80002828766F6964202A293029000975736571
:10DB9000725F63622063616E206E6F742062652025
:10DBA0004E554C4C0A00574553545F544F5044490E
:10DBB000522F7A65706879722F6B65726E656C2F63
:10DBC00074696D656F75742E6300217379735F647A
:10DBD0006E6F64655F69735F6C696E6B6564282640
:10DBE000746F2D3E6E6F646529006E616E00286E45
:08DBF000756C6C2900000000B7
:10DC0000FB9E00003DA20000B0B800000000000034
:10DC1000000000006BA500000000000000000000F4
:10DC20000060004000000000000000000000000054
:10DC300000000000000000000000000000000000E4
:10DC400000000000000000000000000000000000D4
:10DC500000000000000000000000000000000000C4
:10DC600000000000000000000000000000000000B4
:10DC700000000000000000000000000000000000A4
:10DC80000000000000000000000000000000000094
:10DC900000000000000000000000980100000101E9
:10DCA00055A60000000200003141000048B9000004
:10DCB000241B0020FF000000000000000090D003A3
:10DCC000FF00000090020000881100208811002051
:10DCD0000000000000000000000000000000000044
:10DCE0000000000000000000000000000000000034
:10DCF0000000000000000000000000000000000024
:10DD00000000000000000000000000000000000013
:10DD10000000000000000000D8110020D8110020F1
:0CDD2000000000000100000015E015E00C
:00000001FF
