:020000040000FA
:10000000405E0020C90B01009BEF0100B50B010011
:10001000B50B0100B50B0100B50B0100000000009D
:100020000000000000000000000000003D0D010085
:10003000B50B010000000000D90C0100B50B010058
:10004000350F0100AB5F0200350F0100350F0100D5
:10005000350F0100350F0100350F0100350F01008C
:100060007F5F0200350F0100350F0100955F020030
:10007000350F0100350F0100350F0100350F01006C
:10008000350F0100350F0100350F0100350F01005C
:10009000350F0100350F0100350F0100350F01004C
:1000A000350F0100350F0100350F0100350F01003C
:1000B000350F0100350F0100350F0100350F01002C
:1000C000350F0100350F0100350F0100350F01001C
:0C00D000350F0100350F0100350F010055
:1000E00080EA101404F0F01480EA0410604081EA01
:1000F000111404F0F01481EA0411614082EA121430
:1001000004F0F01482EA0412624083EA131404F04B
:10011000F01483EA0413634080EA102404F47F445B
:1001200080EA0420604081EA112404F47F4481EADB
:100130000421614082EA122404F47F4482EA04220A
:10014000624083EA132404F47F4483EA0423634077
:1001500081EA500404F0553480EA4400614083EAA7
:10016000520404F0553482EA4402634082EA900467
:1001700004F0333480EA8400624083EA910404F09E
:10018000333481EA84016340704700BF82EA9004FF
:1001900004F0333480EA8400624083EA910404F07E
:1001A000333481EA8401634081EA500404F0553419
:1001B00080EA4400614083EA520404F0553482EA44
:1001C0004402634080EA102404F47F4480EA04205F
:1001D000604081EA112404F47F4481EA04216140F3
:1001E00082EA122404F47F4482EA0422624083EA11
:1001F000132404F47F4483EA0423634080EA101448
:1002000004F0F01480EA0410604081EA111404F054
:10021000F01481EA0411614082EA121404F0F0142F
:1002200082EA0412624083EA131404F0F01483EAB1
:1002300004136340704700BF2DE9F14F94464FEA25
:10024000930B8A68CB6808684968FFF749FF0BF190
:10025000060E33E083EA134480EA134582EA13472B
:1002600046BA96EA3444604000F00F1684EA063439
:1002700020F00F1684EA161054BA94EA0106724070
:1002800002F00F1486EA043622F00F1486EA1412E4
:100290004CBA6540694001F00F1485EA043521F03D
:1002A0000F1485EA14115CBA67407B4003F00F1409
:1002B00087EA043723F00F1487EA1413BCE8F00030
:1002C0006040694072407B4000F0E03400F010353F
:1002D00000F00F3040EA540040EAC50080EA900484
:1002E00004F0332480EA8400604001F0E03401F03F
:1002F000103501F00F3141EA540141EAC50181EAAC
:10030000910404F0332481EA8401614002F0E03476
:1003100002F0103502F00F3242EA540242EAC502FE
:1003200082EA920404F0332482EA8402624003F0F9
:10033000E03403F0103503F00F3343EA540343EA8B
:10034000C50383EA930404F0332483EA84036340FF
:1003500081EA324787EA134581EA354690EA060486
:1003600084EA034B82EA1B4280EA044484EA05449F
:1003700083EA144A85EA14448BEA044B84EA37443E
:1003800081EA0B4181EA164104EA0A00454082EA0B
:1003900004082BEA080041408AEA0B0602EA06003C
:1003A00084EA34438AEA3A4603EA0607784045403D
:1003B000414088EA38478BEA3B4007EA000985EA72
:1003C000090583EA0709464006EA0906714085EAFD
:1003D000010005EA3546464006EA314181EA3041EE
:1003E00081EA364606EA304686EA3546344008EA6F
:1003F000010886EA01052A4086EA364003405A4051
:1004000081EA31431F407C4080EA030709EA07097B
:1004100088EA0908544088EA020806EA0A0601EA5E
:100420000B018AEA0B0215408AEA3A421040454025
:100430008BEA3B4003405E404240174079404D40CC
:100440004E40E443F64386EA18435D4085EA0540A2
:1004500083EA134386EA034183EA384284EA11437C
:1004600083EA04435FEA3343BEF1010E3FF6F2AE86
:100470001ED4BCE8F0006040694072407B4020BC64
:10048000FFF784FE28606960AA60EB60BDE8F08F2A
:100490002DE9E0414FF2F00280EA1031114080EA8C
:1004A0000130484041088208C3084FF0000E4FE772
:1004B00000F0113001F0113102F0113203F011336C
:1004C00040EA410040EA820040EAC3004FF2F002F5
:1004D00080EA1031114080EA01304840BDE8E081F7
:1004E0002DE9F04F02F11C050646074600EB850892
:1004F00051F8040B043A46F8040BF9D14FF0010C03
:10050000FFF7C6FF5FEA302080EA0C001ECF4140B3
:100510004A4053405C401EC62000464517D04FEA73
:100520004C0C1CF4807F18BFACF1E50C2C2DE7D0EF
:100530003C2D06D1FFF7ACFF06CF41404A4006C62E
:10054000100006CF41404A4006C61000D8E736E901
:100550000F00FFF7C5FD043D86E80F00F7D1BDE8A9
:10056000F08F00BF2DE9F14F03F11C0402EB840C66
:100570004FEA930B8A68CB6808684968FFF7B0FDBB
:100580003CE9F0006040694072407B400BF1060E90
:100590004EE083EA134480EA134582EA134746BAE1
:1005A00096EA3444604000F00F1684EA063420F0E6
:1005B0000F1684EA161054BA94EA0106724002F04B
:1005C0000F1486EA043622F00F1486EA14124CBA8D
:1005D0006540694001F00F1485EA043521F00F14DD
:1005E00085EA14115CBA67407B4003F00F1487EA78
:1005F000043723F00F1487EA141344BA44404DBA69
:100600004D4056BA56405FBA5F4087EA174886EABF
:10061000174B84EA17464FEA38488BEA1B4485EAB1
:100620001B4788EA1B4580EA3440694072407B40A2
:1006300000F0703400F0803500F00F3040EA4400E4
:1006400040EAD50080EA900404F0332480EA840074
:10065000604001F0703401F0803501F00F3141EA63
:10066000440141EAD50181EA910404F0332481EA8E
:100670008401614002F0703402F0803502F00F32E4
:1006800042EA440242EAD50282EA920404F03324A8
:1006900082EA8402624003F0703403F0803503F094
:1006A0000F3343EA440343EAD50383EA930404F097
:1006B000332483EA84036340C943DB4381EA0004B3
:1006C00083EA044686EA020183EA014382EA33456B
:1006D00083EA14435C4084EA00077FEA040A8AEA5A
:1006E000024A8AEA010B87EA11488AEA374A80EA15
:1006F000060181EA1A418AEA030A04EA0A0045402F
:1007000088EA040707EA0B0041408AEA0B0608EA78
:10071000060084EA34428AEA3A4602EA060358406E
:100720004540414087EA37438BEA3B4003EA0009F2
:1007300085EA090582EA0309464006EA090671408E
:1007400085EA010005EA3546464006EA314181EA7C
:10075000304181EA364606EA304686EA354634407C
:100760000F4086EA010508EA050886EA364002409D
:1007700088EA020881EA314213405C4080EA0203C1
:1007800009EA030987EA0907674088EA040806EAD4
:100790000A0601EA0B018AEA0B0425408AEA3A4478
:1007A000204045408BEA3B4B02EA0B02564084EA6C
:1007B0000B04234059406E40694087EA364080EA86
:1007C000384080EA060380EA104481EA134585EA4E
:1007D000344585EA17427D4082EA354180EA05408A
:1007E0003CE9F0006040694072407B40BEF1010E80
:1007F0003FF6CFAE20BCFFF7C9FC28606960AA6055
:10080000EB60BDE8F08F00BFFFF76ABE2DE9F0078F
:1008100091E8F807B2E802105B1854EB0C04B2E858
:1008200002104D4156EB0C06B2E802104F4158EB56
:100830000C08B2E8021059EB01095AEB0C0A80E8E7
:10084000F80780410130BDE8F00770472DE9F00757
:1008500091E8F807B2E802105B1A74EB0C04B2E8F6
:1008600002108D4176EB0C06B2E802108F4178EB56
:100870000C08B2E8021079EB01097AEB0C0A80E867
:10088000F80780414042BDE8F00770472DE9F007C6
:10089000524290E87800B1E880071740DB1918EA67
:1008A000020854EB080419EA020955EB09051AEA93
:1008B000020A56EB0A0678C090E87800B1E8800793
:1008C00017407B4118EA020854EB080419EA0209B0
:1008D00055EB09051AEA020A56EB0A0678C0804170
:1008E0000130BDE8F00770472DE9F007524290E86B
:1008F0007800B1E880071740DB1B18EA020874EBA8
:10090000080419EA020975EB09051AEA020A76EBEE
:100910000A0678C090E87800B1E880071740BB412C
:1009200018EA020874EB080419EA020975EB0905D4
:100930001AEA020A76EB0A0678C080414042BDE816
:10094000F00770472DE9F00152424FF0040890E89B
:10095000300091E8C000A31B1340E41AF618EB1B0B
:100960001340ED1AFF1830C0C0C1B8F10108EED134
:10097000BDE8F001704700BF00B592E8DC072DE943
:10098000DC07B1E8805702B4A7FB02510A95A8FB27
:10099000020BE7FB6310E9FB62B00B91A8FB03516C
:1009A000EAFB6201E7FB64B5E7FB6605E8FB661559
:1009B000CDF830B0A9FB03B6EAFB6316ECFB635637
:1009C000E8FB640BE9FB641BEAFB645BECFB646B18
:1009D0000D90ACFB0230059CEEFB6250E9FB6460BD
:1009E000EAFB64B0E7FB6431E8FB6451069CE8FB7A
:1009F0006461E9FB64B1EAFB64010E93A7FB043276
:100A0000079CE7FB6462E8FB64B2E9FB6402EAFB73
:100A10006412049CE9FB6453EAFB6463089CE7FBF3
:100A200064B3E8FB6403E9FB6413EAFB64230F95FA
:100A30005DF8049B99E80006DDF80080A9FB0854E6
:100A4000EAFB68B4DDF81080ECFB6804EEFB681488
:100A5000E9FB6824EAFB6834DDF80480EEFB686596
:100A6000E9FB68B5EAFB6805DDF81480ECFB681566
:100A7000EEFB6825E9FB6835EAFB68450F96DDF873
:100A80000880AEFB0876E9FB6806EAFB6816DDF82D
:100A90001880ECFB6826EEFB6836E9FB6846EAFB4B
:100AA0006856DDF80C80ECFB68B7EEFB6807E9FBE5
:100AB0006817EAFB6827DDF81C80ECFB6837EEFB63
:100AC0006847E9FB6857EAFB686708B000BD00BFEC
:100AD0002DE9F14F87B0FFF74FFFDDF81C8008F1DB
:100AE000200888E8FF00FFBC87E87F08BDE8F08F9A
:100AF00000B591E89857A3FB03520195A3FB0401AD
:100B0000E3FB6420E3FB67100292A3FB0752E3FBC5
:100B10006802E4FB6415E3FB6805E3FB69250391C8
:100B2000A4FB07B6E3FB6926E3FB6A56E4FB670B0D
:100B3000E4FB682BE3FB6A5BE3FB6C6B0490A4FBB8
:100B40000810E4FB6950E3FB6C60E3FB6EB0E7FB6D
:100B50006721E4FB6951E4FB6A61E3FB6EB1E4FBEE
:100B60006E010592A7FB0832E4FB6A62E4FB6CB2FB
:100B7000E4FB6E02E7FB6E12E7FB6853E7FB696379
:100B8000E4FB6CB3E7FB6C03E7FB6E13E8FB6E233F
:100B90000695A7FB0954E7FB6AB4E7FB6C04E8FB86
:100BA0006C14E8FB6E24E9FB6E34E8FB6865E7FB38
:100BB0006AB5E8FB6A05E8FB6C15E9FB6C25E9FB07
:100BC0006E35EAFB6E450796A8FB0976E8FB6A06D8
:100BD000E9FB6A16E9FB6C26EAFB6C36EAFB6E461B
:100BE000ECFB6E56E8FB69B7E9FB6907E9FB6A179E
:100BF000EAFB6A27EAFB6C37ECFB6C47ECFB6E57B1
:100C0000EEFB6E6700BD00BF2DE9F14F87B0FFF727
:100C10006FFFDDF81C8008F1200888E8FF00FFBCAA
:100C200087E87F08BDE8F08F30B44FF0000310F87C
:100C3000014B11F8015B013A84EA050443EA04031D
:100C4000F5D1A3F101034FEAD37030BC704700BF68
:100C50004FF0000310F8012B013943EA0203F9D1E8
:100C6000A3F101034FEAD370704700BF30B411F80D
:100C7000014B12F8015B6C4000F8014B013BF6D1CF
:100C800030BC70472DE9F00791E8F807B2E8021090
:100C90005B1854EB0C04B2E802104D4156EB0C0605
:100CA000B2E802104F4158EB0C08B2E8021059EBC1
:100CB00001095AEB0C0A8941B3F1FF3374F1FF3497
:100CC00075F1FF3576F1000677F1000778F100083D
:100CD00079F101097AF1FF3A51F100015B184C41B9
:100CE0004D4156F1000657F1000758F1000859EB45
:100CF000D1795AEB010A80E8F807BDE8F0077047A0
:100D00002DE9F00791E8F807B2E802105B1A74EBDE
:100D10000C04B2E802108D4176EB0C06B2E802102A
:100D20008F4178EB0C08B2E8021079EB01097AEBFD
:100D30000C0A89415B184C414D4156F1000657F1B0
:100D4000000758F1000859EBD1795AEB010A80E805
:100D5000F807BDE8F007704718EB040859EB0509E0
:100D60005AEB060A5BEB070B5FF0000C4CF1000C32
:100D700018EB050859EB06095AEB070A5BEB070B62
:100D800050EB0C005FF0000C51EB0C0152EB0C022D
:100D900063414CF1000CB8EB070879F100097AF1D6
:100DA000000A7BEB040BA841B141A241B3416CF1B5
:100DB000000CBBEB050BB041B941AA41BB416CF142
:100DC000000C4CF001068CF0020718EB060859EBFA
:100DD0006C095AEB6C0A7BEB6C0B70EB6C0471EBDF
:100DE0006C0572EB670653EB6C076CEB6C0C18EB45
:100DF0000C0059EB0C015AEB0C025BF1000354F1AF
:100E0000000455F1000556EBDC7657EB0C077047F4
:100E10002DE9F14F87B0FFF7AFFDDDF81080DDF869
:100E20001490DDF818A0FFF797FFBDE8000FFFF75B
:100E300093FF03B05DF8048B88E8FF00BDE8F08FF6
:100E40002DE9F14F87B0FFF753FEDDF81080DDF894
:100E50001490DDF818A0FFF77FFFBDE8000FFFF743
:100E60007BFF03B05DF8048B88E8FF00BDE8F08FDE
:100E7000064B074A5B7802604FF41A728280C37196
:100E80000822002382710372704700BF40090020CE
:100E90004BF10000064B074A5B7A02604FF49072F8
:100EA0008280C3710822FF2382710372704700BFE2
:100EB0004009002063EC0000F8B5C41D002824F0B0
:100EC0000704054614BF2046002000F0E7FA071E7D
:100ED00002DA6FF00B00F8BD254EB1887088F37907
:100EE000B2790331033089B280B20BF048FD00289B
:100EF000EFDB737831783C4403341944002D24F03F
:100F0000030400FB01F114BF2046002000F04AFC5E
:100F100023180DB9002BDCDB717A184679B1033345
:100F2000002D23F0030414BF20460020728900F036
:100F3000ABFC0028CDDB20440DB90028C9DB317A99
:100F400091B1737A83B1C41D002D24F0070414BF3E
:100F50002046002003F03EFC0028BADB0DB1002043
:100F6000B9E72018B7D5B4E7002DF8D1B3E700BF33
:100F7000400900201FB572B6194BDD68EDB9BFF30B
:100F80004F8F1849184BCA6802F4E0621343CB60D4
:100F9000BFF34F8F00BFFDE72346B2FBF6F25C1CA8
:100FA000002AF9D104AEDCB256FA83F303F80C2C14
:100FB0000A2234B901A8A847E1E7024600230A261D
:100FC000EDE7631E04AEDCB256FA83F3B0FBF2F633
:100FD00002FB1600303003F80C0C3046E9E700BF86
:100FE0004009002000ED00E00400FA0507B50A4BB7
:100FF000DA88ADF8002068469A885B88ADF804204E
:10100000ADF8023001F074FE18B1FC219C20FFF70E
:10101000B1FF03B05DF804FB4009002038B5054678
:1010200040B30AF0C3FC10B94FF0FF3038BD0AF0EE
:1010300025F8B0F5FA7FF7D8104C1148E56000F0BC
:10104000A7F9002323744FF4807323801B2363804C
:10105000A38040F20323E3804FF4847323811F2392
:101060006381EFF3108472B600F0E4FC04B962B659
:101070000020DBE76FF01500D8E700BF4009002033
:10108000ED0F000010B5002840D1234C237C032B2A
:1010900039D059B1002A3CD00239052936D8DFE8C9
:1010A00001F0031227352A2D137863700020FFF713
:1010B00003FF0028B7BF0123022323746FF00B0046
:1010C000A8BF237410BD13791BB353790BB31188D8
:1010D000FB291ED853881B3B9BB2E02B19D81A2939
:1010E00017D91368C4F802300C4B92889A80DDE758
:1010F00013786372DAE713886381D7E71388FF2BCD
:1011000007D82372D2E74FF0FF30DBE76FF02C00F7
:10111000D8E76FF01500D5E740090020420900200C
:10112000F8B50D46064620B319B311F0070420D1D7
:10113000114F3B7C012B02D16FF00B00F8BD032B4C
:1011400002D14FF0FF30F9E700F060F80028F8D046
:101150002846FFF7B1FE0028EEDB0EF05BF83046C4
:10116000214601F059FEFFF741FF03233B7420465F
:10117000E4E76FF01500E1E74009002010B5064CE8
:10118000237C032B03D101F05FFE02F02BFE0BF05A
:10119000F7FC0020207410BD4009002050B1074B1F
:1011A00003F1140253F8041B40F8041B9342F9D1D5
:1011B000002070476FF01500704700BFB3AD02000C
:1011C00008B501F0F3FDBDE808400249012000F038
:1011D0005DB900BF950E000008B501F0FBFDBDE84C
:1011E00008400249002000F051B900BF710E000014
:1011F000024B02681A600020704700BF54090020AB
:10120000014B1B68184700BF54090020024B1868A7
:10121000003818BF01207047540900202DE9F7431A
:10122000264E0446071D2548376002F0F3FD0228CC
:10123000054607D1214920460AF052FF284603B04F
:10124000BDE8F0830428F9D13378072B18D13E206C
:1012500000F04AF878B9F378327901A943EA022319
:101260006846ADF800300BF060F90028DBD0532160
:101270000820FFF77FFE052000F076F80028EAD06E
:10128000314620460AF05BFFB0F5817F01D3722121
:10129000EEE70028C7D094F8008094F8029040460A
:1012A00000F022F80028BED0B8F13E0FC6D1484663
:1012B00000F05AF80028C1D1B5E700BF5809002056
:1012C000074B4FF0FF3141F6FF72C3E900120549A9
:1012D0000022C1E900221F21C3E90212704700BFAA
:1012E000000000209C0900203F280CD801380B4B3F
:1012F000C0F3421200F01F0053F8223023FA00F02E
:1013000000F001007047FF2806D04038C0F34212B9
:10131000034B00F01F00EFE70120704700000020A2
:101320009C0900200146074B006849681A4603C221
:1013300040F48C221A6041F0107242F4FF625A604D
:10134000704700BF000000200246024B0068516851
:1013500003C370479C0900200246024B0068516895
:1013600003C3704708000020382800F1FF33DBB2C8
:101370001FBF064A590902EB810203F01F031DBF7C
:101380009068D84000F00100002070470000002065
:10139000014B1860704700BFA409002010B5FFF78B
:1013A0008FFF0BF0AEFD034B1B68044603B198475B
:1013B000204610BDA4090020F0B50C88C37C02882B
:1013C000A5B2C4F30E0404F118060233865B1A4476
:1013D000334497B213FA82F3013B4288B3FBF7F32D
:1013E00013FB07439BB29A42044A93BF22EA0503C8
:1013F0002A4013439BB20B80F0BD00BF0080FFFF6B
:101400004A1E062A08B50346084604D84FF4D1718F
:101410001520FFF7AFFD094A914202D940F2A3110E
:10142000F6E711B903B1196008BD2BB11B680022A2
:10143000C3E901211A1D1A600430F5E7FAFFFF7FA6
:1014400010B5114B00EB41041A786389B3FBF2F33A
:1014500003FB0223013A1A44B2F5706F02798078D7
:1014600028BF00231A440B18B2FBF0F100FB112136
:101470005B1AB3FBF0F100FB113313446FEA4343F3
:101480006FEA5343638110BDA8090020024B03EBB0
:1014900080035960704700BFA80900202DE9F04F74
:1014A00010F0070A85B0054604D040F261111720FC
:1014B000FFF760FD524F07F10C06B1460446B046F7
:1014C00057F8043B8DF80BA03BB101A898479DF855
:1014D0000A30082B01D9E821E9E79DF80B1041BB40
:1014E00005B131604F4506F10406E9D1002D6FD0FA
:1014F000DFF81091002289F800209646022758F85C
:1015000027A0013FBAF1000F55D09AF804609AF86D
:1015100002C0FF2E60D039460023481C38D19C44BD
:10152000BCF1FF0F3FD90AB189F800E040F2271162
:10153000BDE79DF80AC06046022838BF02204B1D57
:101540005A0004EB4303441E2344BDF8084064449E
:10155000013CCCF1000C04EA0C044042B4F5803F9D
:1015600003EA000301D3F821A1E775B19A1A01201B
:10157000326091701480D0709DF80C001071019849
:1015800010814FEA104CA2F806C004FB0134A9E711
:1015900058F8210028B190F804B0B34504BF807812
:1015A0001B180139B9E7DBB2E6458AF804303CBFC5
:1015B0005FFA8CFE01227B1CA1D10AB189F800E000
:1015C000022640F6FF6A58F82670B7B9013EFAD2F3
:1015D000601B05B0BDE8F08F0023E5E707EB410392
:1015E0003846A3F80AA0FFF72BFF09F10109BB78E1
:1015F0005FFA89F18B42F1D8E8E74FF00009F6E78E
:10160000AC090020A809002038B54FF6FF7303800D
:10161000184B03EB810302461869A8B1847803795B
:10162000B3FBF4F104FB1133DBB2194600EB4105C7
:10163000B5F90A50002D0EDB0131B1FBF4F504FBC6
:101640001511C9B28B42F1D1002038BD6381BDE8CC
:1016500038400BF070B900EB41046389C3F30E030B
:101660001380C278002AF1D14FF4D5711720FFF70B
:1016700081FC00BFA80900201C4B03EB810370B55F
:101680001C69054644B3030404D54FF4DC711720EC
:10169000FFF770FC014620460BF02FF9FF280146AA
:1016A00004D02046BDE870400BF045B9A078B5FBEA
:1016B000F0F300FB1353DBB219460A1D04EB42069C
:1016C000B6F90260002E09DB0131B1FBF0F200FB3C
:1016D0001211C9B28B42F0D1002070BD8B4201D0F3
:1016E0000023E37004EB42025580DAE7A8090020EA
:1016F000094B03EB810310B51C69014620460BF032
:10170000FCF8FF28014604D02046BDE810400BF04D
:1017100012B9002010BD00BFA8090020F8B5104B79
:1017200003EB810307461C69014620460BF0E5F8F0
:10173000FF28054611D0E288238953EA024606D0E5
:10174000014620460BF0F7F801463846B0472046E0
:101750002946FFF775FE0020F8BD0520FCE700BF15
:10176000A809002038B50E4B827903EB82030446AA
:10177000186908B9052038BD8278E1799142F9D21B
:101780004B1CE37100EB41035D89B3F90A30002B78
:10179000F3DBA5800BF0CFF820600020EBE700BF63
:1017A000A809002070B5044610F003000E4603D0CF
:1017B0004E211820FFF7DEFBFFF722FE054624B17D
:1017C000034831460460FFF71BFE284670BD00BF8A
:1017D000C40900202DE9F14FDFF870B09DF828A072
:1017E0009DF82C901E46DBF8003007460D469046CB
:1017F0001BB960211820FFF7BDFB52460921404666
:101800000AF0F8FE4A4684B2092130460AF0F2FE98
:1018100014FA80F1DBF800000BF043F8386018B9D7
:10182000286001B0BDE8F08F04442C60386853464E
:10183000414609220AF0A1FE28684B46092231469A
:1018400001B0BDE8F04F0AF098BE00BFC409002007
:1018500070B50E4604460AF0E0FE054630460AF032
:10186000DCFE044B2A1821461868BDE870400BF0D6
:101870003DB800BFC4090020024B186808B10BF046
:1018800004B87047C40900201F2AF8B5044613465F
:101890000ED89200033222F00303B3F5803F2DD21D
:1018A000184DACB1A00710D05F210920FFF762FBF3
:1018B000FF2B4FEA420204D9FF339A42A8BF1A46CF
:1018C000E8E77C2AB8BF7C22E4E729706C602B81B2
:1018D00022F003022823120403FB01F001276B68A6
:1018E000120C0025EEB2B14200D8F8BD14B1261892
:1018F0001F705E60104401352833F3E74FF0FF306E
:10190000F3E700BFC809002070B5154A1578536881
:101910000021C8B2854203D8AB210920FFF72AFB7A
:101920001C46184614F8286B01310EB92346F0E71F
:1019300000219970128999610124D96159685C70FC
:10194000920803F11E0403F1260524F8022FA54294
:1019500043F8041F1144F8D100234361037070BDA4
:10196000C80900204B782DE9F04106460C4602F0EC
:10197000040702F0FB05E3B1A5BBFF23A3707B08BE
:1019800004EB57073A7D032A02D1022D18BF013319
:10199000E2180121117503F10C0104EB830300220D
:1019A00024F811205B68A2703360B2803046BDE835
:1019B000F081002DE1D101234B701D4B8D611B89FE
:1019C000CD6101F11E0249689B08204604F1260CF6
:1019D00022F8023F944540F8041F1944F8D100232F
:1019E0006361CAE7D1F80480142200216170A01855
:1019F0000AF048FA0E4B1B89B3F5FF7F0FD25A0845
:101A00009B1A9BB208EB0301C4F804802384A160F5
:101A10006284C4F80C80A3842161E284ADE7B3F54D
:101A2000EE6F4FF0FF02EBD940F27263EAE700BFBE
:101A3000C8090020134B012200214FF0FF309A60AB
:101A4000C3F80012C3F80803C3F80015C3F804254F
:101A50009A60C3F80803C3F80015C3F804250A49BF
:101A60000A4A03F580334FF40040C3F80825C1F853
:101A70008000BFF34F8FBFF36F8FC1F88001C3F8B1
:101A80000825704700F0004000E100E00000F63F4C
:101A90000A46192302F8033B0448C368C1F803301F
:101AA0000369536043699360704700BFD409002005
:101AB000024B5A8C02435A845B6A1847D4090020AF
:101AC000014B00215B6A1847D409002010B5154C62
:101AD00005F0B0FF05F0F4FA208DFFF7F1FF237E4B
:101AE00063B12246104952F80C3BE36063685360CF
:101AF00004F11900A36893600CF022FA0B4B228DBD
:101B000093E8030002F096FE236B188802F018FE9B
:101B1000A36B94F8341094F835009847002384F8A8
:101B20003C3010BDD4090020911A0000000A0020AA
:101B3000034B93F83C300BB1FFF7C8BF704700BFB1
:101B4000D409002070B51E4C256B636C95F88C2071
:101B5000236494F8483095F86910064603EB820038
:101B60002EB9FF2803D195F868308B4201D005F0DB
:101B7000E9FD95F88C30E3B1E06C05F0FBFF012343
:101B800084F86830D5F8E8302366E16CD5F8EC309D
:101B9000206C636605F070FA16B9304606F03AF824
:101BA00095F86810002006F089F8022384F83C308C
:101BB00070BD206C05F0DEFF05F082FAECE700BF97
:101BC000D409002008B5094B93F83C20022A04D020
:101BD00040F24F212720FFF7CDF9DA7A42F00102D7
:101BE000DA72BDE80840FFF771BF00BFD4090020DA
:101BF000032810B50A4B044605D15A6FD278022A41
:101C000001D1002010BD986F0AF089FD0028F9D19C
:101C1000032CF6D001F0DCFA80F00100C0B2F1E74D
:101C2000D40900202DE9F043484C94F83C30012BB6
:101C300085B005468846DFB204D040F20451272023
:101C4000FFF798F9266B616F02A80AF09BFF96F8E0
:101C50007C309DF808903BB1002186F87C10042070
:101C6000FFF726FF86F87E70B9F1030F27D0BDF885
:101C70000C30002B18BF022796F88C3086F8827043
:101C8000BBB1236BD6F8E82093F8690022660127E0
:101C9000D6F8EC20626684F868700AF090FF94F839
:101CA00048902B4900220346009238464A4605F0E8
:101CB0005FF96DB105B0BDE8F043FFF707BF96F8D7
:101CC00082301BB9616F0220FFF7F2FE0327D3E7D2
:101CD000B8F1000FEED0E36F284698470028E9D00E
:101CE00094F83430002BE5D194F8803023B194F887
:101CF0008100FFF77DFF0546606C0CF096F8D4F884
:101D00008430B3B9B4F88830B3FA83F35B09628CDA
:101D1000910710D5626F137803F00303032BC9D129
:101D2000D378022BC6D1002005B0BDE8F043FFF701
:101D300009BF0123EBE7002ABCD1012814BF00230F
:101D400003F001032B43EED1B4E700BFD409002018
:101D5000240A002010B5094CD4F8843023B940F28D
:101D6000F6412720FFF706F9B4F88820216C0332EA
:101D700018460AF0C7F8206410BD00BFD40900203F
:101D800010B5064B93F83C2002F0FF0422B91C76F4
:101D900002F048FD204610BD0C24FBE7D4090020CA
:101DA0000A4B0B4A70B506460D461A60FFF7E8FF6E
:101DB00018B1F4212720FFF7DDF8064C012104F1CA
:101DC0008A000CF022F86664E56470BD48000020CB
:101DD000DC250000D4090020024B012283F88D206D
:101DE000704700BFD4090020F0B5794C85B002AE31
:101DF00086E8030094F83C100A9F01F0FF0511B932
:101E00000AB103B127B940F283112720FFF7B2F8D6
:101E100096E8030004F12C0C8CE8030084F88D5044
:101E200084F8345084F88E5084F8355084F88F50FC
:101E300084F8905065842585256BE3676262A7630B
:101E400005F0C4FC05F03CF995F9700005F048FD7B
:101E50006E6AE86905F04AFD304605F07DFE95F8AA
:101E60009C0005F04DFD236B93F89F310BB105F0FD
:101E70009BFC0CF019FC95F8692000F17901012018
:101E800005F0C4FD534B186805F06CFE2B69A36781
:101E9000514A6B69C4F8943005F5807105F1F0037F
:101EA00053F8040B42F8040B8B42F9D1D5F800210A
:101EB000C4F869205A68494B5A60236B93F886200E
:101EC00093F86860A2F12501012903D993F88710DE
:101ED00025295FD193F83E322BB1012E03D0012B7F
:101EE0000CBF0126022605F13007314638460CF0BA
:101EF000B7F831460BF0DDFDAB8F95F869108342E2
:101F000028BF0346384684F898300CF092F895F8CC
:101F1000691095F88C70B5F84460042908BF032156
:101F20000BF0C7FD0FB9043080B2864228BF0646C9
:101F300095F88C30F6B284F8996084F84860A3B1C3
:101F4000D5F8E83095F8690023660127D5F8EC301C
:101F5000636684F868700AF032FE0022034600923D
:101F60001D493246384605F003F80120FFF7EAFD27
:101F7000002323606360A360B5F8803063802B8802
:101F8000238095F89C302371EB6E0BB101221A600F
:101F900005B0F0BD203A012A0DD823290DD093F8C1
:101FA000263113F0010202D19B079CD50222012E9B
:101FB00018BF164697E7232905D193F8262193F8F1
:101FC00061301340EDE7032E08BF04268BE700BF06
:101FD000D409002048000020240A00203D0A0020E7
:101FE00008B50C4B93F83C201AB9BDE80840FFF740
:101FF0006DBD93F83C20022A04D040F23121272005
:10200000FEF7B8FF1B6BD3F8B001BDE8084005F040
:10201000CDBD00BFD4090020014B1876704700BF2A
:10202000D4090020014B93F88F007047D409002099
:10203000024B93F82900C0F3C0007047D409002078
:10204000014B93F88E007047D40900202DE9F0432E
:10205000314D85B004460F4602A8296C2E6B0AF05C
:1020600091FD14F00109BDF80C8004F0020428D0A1
:10207000002385F89A3094B1FFF76CFE0DF102024F
:1020800001A9D5F894000AF0F6FB01980AF0D9FBF3
:10209000012238604146D5F894000AF081FBB9F17D
:1020A000000F0BD0D6E93A32013342F10002C6E903
:1020B0003A3296F88430013386F8843005B0BDE8B2
:1020C000F08395F89A30032B20D801A252F823F020
:1020D00077200000E1200000FB200000FB20000032
:1020E000002CEBD0FFF736FED5F8940000224146D5
:1020F00005B0BDE8F0430AF053BB002CDED0D5F8A4
:10210000940005B0BDE8F0430AF0B1BB40F2A24133
:102110002720FEF72FFF00BFD40900202DE9F04F44
:10212000A94C002389B0CDE9043394F83C30266BE8
:10213000022B8046894604D040F28B512720FEF7BF
:1021400019FF216C06A80AF01DFD96F88C30B8F135
:10215000000F00F028819DF819B0BDF81C70002B0D
:1021600039D004F0C5FFB0BB6FB196F8843003F0EE
:1021700001035B450BD1012384F83530FFF7A6FC42
:1021800009B0BDE8F08FA4F88870002006E0A4F83C
:102190008870D4F8940039460AF0E2FA238D9DF84D
:1021A0001A20C4F8840043F40073238596F8833022
:1021B00003F001039A4263D0256B95F88230002B1F
:1021C0003DD0022B13D1A06F04A90AF072FA38B9DE
:1021D00040F23B41B2E7A4F88870002FD5D0D8E791
:1021E000D5E93832013342F10002C5E9383295F8B9
:1021F0007E30002185F8821023B185F87E101020F2
:10220000FFF756FC95F87D30A3B14FF0000A85F832
:102210007DA000F0C7FF10B940F252418EE7514651
:102220000820FFF745FCD5E93832013342F10002BE
:10223000C5E9383295F88330013385F88330238D32
:1022400043F4006323854FF0000A96F8843003F0CE
:1022500001035B4544D19DF81830256B022B11D842
:10226000EBB995F88430013385F88430002F37D0EE
:10227000D5E93A32013342F10002C5E93A322FE0A2
:10228000C246E2E7032BECD1238D216C012043F4FD
:10229000805385F87C002385FFF70AFCE1E7002FD7
:1022A000DFD0238D95F88C5043F48053238505F0BF
:1022B000FBF9042894F8993006D1002D0CBF1F2299
:1022C0001B22934228BF1346BB4262D3D4F884300A
:1022D00033B194F88D30002B74D02020FFF7F0FB41
:1022E000002796F88B309BB1D6F8E03096F868005E
:1022F00023660025D6F8E430636684F868500AF057
:102300005EFC324900950346FB22284604F030FE6D
:10231000B9F1000F5CD1638C94F88E10180708D5C2
:10232000626F137803F00303032B02D1D378022BDF
:102330004ED001294CD8E36F01209847002847D0A0
:1023400094F83430002B43D11FB105A90120FFF7C9
:102350007DFE256B002395F88C208DF80D3094F8C8
:10236000483095F8681003EB8203FF2B03D195F8F2
:1023700069308B4202D0FF2005F0E4F995F88230F5
:10238000032B00F21781DFE813F07A00A500FC00B0
:102390000D0194F83430012043F0100384F83430F8
:1023A00007F00CFD9CE70BB104F0DEFE94F88E30D4
:1023B000013384F88E30238D002743F48063238516
:1023C000BA468EE747468CE7D4090020240A00204D
:1023D00005F080FC002F4DD14FF00109238D5A06E6
:1023E00006D44020FFF76CFB238D43F04003238588
:1023F000BAF1000F0DD0B4F80720B4F8053013433C
:10240000B6F8802013431EBFB4F809300133A4F896
:102410000930B8F1000F00F0D580B4F80530013371
:10242000A4F80530002384F88E30694802F076F96C
:10243000049830B10AF005FA216B0022027201F013
:102440002DFD059B33B1216B00221A720C220598D9
:1024500001F0F2FCB9F1000F7FF490AE238D1B0662
:102460003FF58EAE8020FFF72BFB238D43F08003DA
:10247000238585E605A90320FFF7E8FDACE794F87E
:102480009830ADF80E305348A5F8583000F07AFE79
:1024900028B1012385F87D3084F890301CE0A06FCE
:1024A0000DF10D020DF10E010AF0DEF8606788B142
:1024B00095F8C73073B99DF80D302BB90380837040
:1024C000606F01210BF0A1FC636FBDF80E205A7004
:1024D0000123E1E7404B6367D4F874B095F883209B
:1024E0009BF80000D20002F0080200F0F30313434F
:1024F00095F88420920002F0040213438BF8003018
:1025000000F00300FFF774FB9BF8003023F010038A
:1025100043EA00138BF8003095F88B30606F002B86
:102520004BD04378002B48D0E06C05F023FB002310
:1025300084F86830D5F8E0302366616FD5F8E43070
:10254000E06C636604F05EFD95F86910012005F00B
:10255000B5FB0125606F84F88F500BF066FC636F4C
:1025600084F880001B7884F83C5003F0030384F85F
:102570008130002F3FF432AF05A90220FFF766FD3E
:102580002CE7B5F85830A06FADF80E300DF10D0204
:102590000DF10E010AF068F86067002898D140F24A
:1025A000F121CBE50B4800F0EDFD002890D140F281
:1025B000FB21C3E540F20931C0E505F0DBFA04F088
:1025C0007FFDC1E7B4F807300133A4F807302CE7EA
:1025D000000A0020480A00205E0A0020C51B0000F7
:1025E0001D210000251C0000311B0000F0B5070C68
:1025F000A7F5AA42144B543A012A03EA90231FD9A3
:1026000027F4004042F6AA22801A18BF01200022B7
:10261000162116461F2487EA060562EA05050135DC
:1026200010D0DD03ADB245EA5606E503ADB201397F
:1026300045EA52024FEA53034FEA5404EBD1F0BD8E
:102640000020E4E70020FAE7E0FF3F00304BF0B560
:102650005A88B0F85C70B0F85A609D88974228BFDD
:102660001746964228BF16461B2E85B00C462ED024
:10267000B5F5A47F2DD040F648039D4201A928BF9F
:102680001D460AF001FBBDF80A30BB4228BF3B469D
:10269000E380BDF80C30AB4228BF2B462381BDF848
:1026A0000630B34228BF33466380BDF80830AB42E2
:1026B00028BF2B46A380FF232370E3881B3B9BB2DC
:1026C000E02B08D940F2EE613920FEF753FC1B2FB6
:1026D000CED105B0F0BD63881B3B9BB2E02B02D985
:1026E0004FF4DE61F0E72389A3F5A4739BB2B3F541
:1026F000E06F02D940F2F261E6E7A388A3F5A47384
:102700009BB2B3F5E06FE4D940F2F461DCE700BFBF
:10271000700A002010B501210020FEF7E9FF0446F1
:1027200070B90121FEF7A8FF044620B940F29131AB
:102730003920FEF71FFC034B93F906100CF063FAE7
:10274000204610BD700A002008B50BF01AF900F001
:10275000E5FE00F0A7FB0BF0CBFB02F04DF801F01B
:1027600049F9094B00221A60084B1B214FF4A47051
:1027700098801A805980064B064818605A829A75CC
:1027800099805A749A8208BD4C000020700A00207B
:102790009C0E002003021B00044B41F64C52C3E97F
:1027A00002221B221A74FFF7CFBF00BF9C0E00202D
:1027B00073B5244DAB680363234B836104460CF06F
:1027C000DDF8064600F05EFB830654BF1B236B88D2
:1027D000A4F85A3058BF1A461C4B297C1B6848BFC6
:1027E000AA88A4F85C2084F8381066871BB194F995
:1027F000701020889847164E204631460BF07BF922
:1028000001236A886978E385AB88019116F8121C68
:102810000091033303329BB292B204F1140104F12C
:102820001000FEF7D7FF236923B940F2C5613920B4
:10283000FEF7A0FB636913B940F2C661F7E7002019
:1028400002B070BD9C0E002000093D005000002029
:10285000AE0E0020F7B504460D460CF007FA00282E
:102860006DD020460CF0DEFA38B1B5F80130013BEE
:102870007F2B02D9122003B0F0BD20460CF0D6FA0F
:1028800008B90C20F7E720460CF06EF90028F8D1C3
:1028900020460CF0A9F906460028F2D1204603F0A4
:1028A000A3F90028E6D0B5F80170E97842F2107378
:1028B00020465F430CF0A2FA20460CF0ABFA01462A
:1028C00048B93A46204602F03FFBB0B341F69D417D
:1028D0003920FEF74FFB31460DF10600FEF794FE5E
:1028E000054608B90D20C6E7314600F0D1FFBDF816
:1028F00006302B80204629460CF0A2FA20460CF028
:102900009BFA88B9216A20460CF098FA01462846BD
:10291000FFF74EFF3A462946204602F015FB0246D5
:1029200020B14FF4E651D3E70121F0E7054B9B6856
:102930001BB105F58D712846984700209BE7422082
:1029400099E700BF700A0020024B1B6803B11847CB
:102950000C2070474C000020034B5A8802801B78E3
:1029600083700020704700BF9C0E002037B583782D
:102970001A2B054608D8042B04D9144A22FA03F36B
:10298000DB0705D412241AE0292B01D03B2BF9D107
:102990002888B0F5706FF5D269460BF041F888B918
:1029A000019B93F8182102F0FF046AB9AA7883F812
:1029B0001921FF2283F8182168460BF074FA20468B
:1029C00003B030BD0224FAE70C24F8E720003804F5
:1029D0000188A1F11B039BB2E02B0CD84288A2F521
:1029E000A4739BB244F24810834204D8034B0020E6
:1029F00059809A8070471220704700BF700A0020EB
:102A0000034B5A889B88028043800020704700BF98
:102A1000700A002038B50278447802F0010354EAC5
:102A2000030102F0020201D1112038BDBAB9857844
:102A3000002DF9D0002B18BF002400E01D462046D1
:102A40000AF0CDF80028EFD028460AF0C8F8002890
:102A5000EAD0054B00209C74DD749882E5E7002BDA
:102A6000ECD000242546EAE79C0E002013B5008830
:102A700069460AF0D5FF18B10224204602B010BD05
:102A8000019A92F8DC31DBB292F8A820002AF3D147
:102A900013F0FB0FF0D0019890F82A310BB13A24D3
:102AA000EBE790F8D23003F0FF04002BF7D190F859
:102AB000C9309B0706D1FF2380F82A3168460BF006
:102AC000F2F9DAE70249CA300BF03AFAD5E700BF6B
:102AD0001BE60000F7B50778EF2F05460C460FD828
:102AE00090F901204378002A0ADB8278900707D109
:102AF00013F010001DD1990603F0030202D51AB19C
:102B0000122442E0032AFBD01E07F9D42979EA787F
:102B1000EE7942EA0122697942EA0142A97941EA61
:102B200006212E7A41EA06418A42E9D81F2A0FD8A7
:102B3000E6E713F0600FE3D103F00702052A05D0A2
:102B400003F00F010D22CA40D107D9D51A07DDD5F0
:102B50006A7A013A062AD3D8AA7A032AD0D813F07F
:102B6000040102D1023A012A03D8EA7A012AC7D81D
:102B700011B9AA7C032AC3D82A7D48B1012ABFD142
:102B80002A7E012ABCD830B91124204603B0F0BDFA
:102B9000022AF5D1B4E7DB0712D46B782A7D03F063
:102BA0001803082B11D1022AEED101213846FEF775
:102BB0009FFD064678B10BF0D7FFB8B10C24E4E7CF
:102BC00000F024F90028E8D1DEE7022AEDD02B7FBF
:102BD000002BEAD0D8E701213846FEF74DFD064626
:102BE00040B3154B93F906100CF00DF830460CF07D
:102BF0000EF929462070E87430460CF053F8EB7E4D
:102C00000446002BC1D00028BFD1316B0246684674
:102C1000FEF7A8FE306B2246012109F0F8FE316B69
:102C200068460422FEF79EFE306B2246214609F0DC
:102C3000EEFEAAE70724A8E7700A002030B5027963
:102C4000042A8BB003464FD84088B0F5804F4BD84C
:102C500026498D5C114400244A79ADF8004042F0C9
:102C6000100242EA45028D7AC97B8DF8084042EA9B
:102C7000850242EAC10202F01F028DF80020BDF871
:102C80000020ADF809201A888DF80B208DF80E0071
:102C9000120A000A8DF80C208DF80D408DF80F00F7
:102CA0008DF810405A7B8DF811205A798DF812203A
:102CB0009A79D3F807008DF81320B3F80B209B7B8B
:102CC0008DF81A307F2305908DF81B3069464FF040
:102CD000011302A8CDE90734ADF818208DF824407F
:102CE000FFF7F8FE0BB030BD1220FBE7289802007A
:102CF0000278034672B1427862B142881A2A09D931
:102D000082881A2A06D9044A006810609B8893803A
:102D100000207047122070479C0E0020024B026872
:102D20009A600020704700BF9C0E00200378A3F13A
:102D30000A02112A9DBF024A002013741220704714
:102D40009C0E002008B5052000F090F804F060F813
:102D5000014B024A9A6008BD700A00204D2600000F
:102D600008B502F029FF02F0DBF9BDE80840014890
:102D700002F00CBF7C0A002010B50B4A0123144658
:102D800082F8023102F020FF0CF002FA0AF0F7FD9F
:102D900004F203112046FFF703F8002009F0D3FDE9
:102DA000BDE8104001F02EB87C0A002010B5064C9A
:102DB000064904F502700AF0A2FC04F50370044908
:102DC000BDE810400AF09BBC7C0A002054000020A3
:102DD0005C00002010B5094C094904F502700AF0A6
:102DE0008EFC04F5037007490AF089FC04F50470B1
:102DF0000549BDE810400AF082BC00BF7C0A0020F3
:102E0000640000206C00002074000020014B93F847
:102E1000020170477C0A002010B5074C00F0CEFF7D
:102E2000D4F808020AF063FCFFF7B6FC01F0FCF8E6
:102E3000012384F8143210BD7C0A0020014B93F862
:102E4000140270477C0A002010B5074CD4F80C021D
:102E50000AF04DFCD4F810020AF049FCFFF774FCAC
:102E6000002384F8143210BD7C0A0020C2080449F3
:102E700000F0070001238340885C03438B547047B4
:102E800010000020014BD3E9000170471000002022
:102E9000034B1868C0F30020400040F00100704769
:102EA0001000002008B508F0E9F8084A002332F8BD
:102EB0002310814205D302EB83029378044A1370F6
:102EC00008BD01330C2BF2D10023F7E73C98020038
:102ED000910C002010B544682388A4F8683194F858
:102EE000683084F86711012B06D0022B04D04FF410
:102EF00061710620FEF73EF884F86A3194F8693073
:102F0000012B01D0022BF2D184F86B31044904F576
:102F1000AF700BF015F8002384F8243110BD00BF0A
:102F200079D70000406808490388A0F85A3190F822
:102F3000603080F85C3190F8613080F85D3100F2EB
:102F400051100AF0F7BF00BF8FD700002DE9F04302
:102F50008946097999F80580456801F0070108F06C
:102F600007084B1E08F1FF3202EA08020B40134328
:102F700095F8872095F88660232A85B004463BD1D2
:102F800005F18707FBB940460AF042FC00283DD016
:102F900095F86830984239D095F8262118EA020F42
:102FA00011D0212E32D095F8612018EA020F2DD1D0
:102FB0000138013B4D4AC0B2DBB2032B105C20D874
:102FC000D35C834222D995F82431012B53D11E21A1
:102FD0002046FFF77FFF212E51D16368182283F826
:102FE0000921092283F8862093F8C230002B3ED1B4
:102FF0004FF43171AE2007E0212E75D105F186071F
:10300000C0E74FF40F710620FDF7B4FF08460AF041
:10301000FFFB38B195F86930834203D095F827312A
:103020001942D0D0B9F8066003AB00932846334666
:1030300042460AF0FAFB6368054678BB93F8242100
:10304000012A28D101462046FFF744FF3D706368FE
:1030500003F18702974202D1002283F88720636838
:1030600003F1870297423BD120460BF085F8002000
:1030700005B0BDE8F083002385F82431ABE70023D9
:1030800020463B700BF078F81821204605B0BDE8CB
:10309000F0430BF099B883F82401D8E7B3F8802007
:1030A000A3F83C62013EB61AB6B247F6FD729642EC
:1030B00006D9282283F8A920204601F02DF9CEE771
:1030C00093F887200D2A02D00A3A012A01D82A2231
:1030D000F0E7BDF80C20A3F83E2225233B70BEE7A5
:1030E000002283F8C220C2E70220C1E76C980200E8
:1030F000044B002283F822204FF6FF729A84DA8470
:103100001A857047920C0020054B9A8C824201BFB1
:10311000002283F822204FF6FF729A84704700BF86
:10312000920C0020014BD884704700BF920C002005
:10313000084B998C4FF6FF72914206D193F82220EA
:10314000012A04D00360012070470023036000209F
:10315000704700BF920C0020064B93F82220012AF2
:103160001FBF0120DA8C83F822009A8408BF002058
:10317000704700BF920C0020014B1885704700BFBC
:10318000920C0020064B0246198D988C884205D17E
:1031900093F8220018B11360012070470020704797
:1031A000920C0020094B998C1A8D914201D000207D
:1031B00070474FF6FF729A8493F82220002AF6D0C7
:1031C000002283F822200120704700BF920C0020CB
:1031D000054B998C1A8D914203BF93F82200B0FAE7
:1031E00080F0400901207047920C002050B90A4A33
:1031F0001346012003F8010B0868C2F801008A8811
:103200009A807047012805D1034B0A689A608A8822
:10321000D8719A81704700BFBC0C002050B90B4B8D
:10322000187888B1D3F80120B3F805300A608B8094
:1032300001207047012806D1044BD87920B19A6843
:103240000A609B89F3E70020704700BFBC0C002098
:1032500010B9044B18787047012806BF014BD87984
:1032600000207047BC0C0020F7B500238A888DF839
:103270000600ADF8042008680B4A8DF80730019D60
:103280001478014602F5A872D8B2844201D8082009
:1032900008E052F8087F5668AE4208BF8F4203F13B
:1032A0000103F1D103B0F0BDD00C002030B5094BC3
:1032B00001465C78002203F20113D0B2844201D8A7
:1032C000082005E013F8015F8D4202F10102F4D1FC
:1032D00030BD00BFD00C0020F8B52D4C6378013B09
:1032E000DBB22218834292F80251637030D01A0187
:1032F0000101961C8F1C2644274406F1100C56F839
:1033000004EB47F804EB6645F9D18232823122445E
:10331000214402F1100652F8047B41F8047BB242CA
:10332000F9D1E118221891F8026182F802610626AB
:103330007343704303F5857300F58570E618E35811
:1033400023502718B388BB8091F83A3182F83A317C
:103350002846FFF7ABFF082818D12378013BDBB2E2
:103360009D42237012D02B3304EBC30393E8030078
:1033700005F12B0204EBC20282E803002078FFF77C
:1033800095FF08281CBF241884F80251F8BD00BF1F
:10339000D00C0020F0B5254D95F8984189B0224613
:1033A00005F29911684608F0ADFD214668460AF01D
:1033B00007FB0446B8B300EB4001C9B202A8FDF711
:1033C0001FFF631E95F8A161DBB2012495F89811E7
:1033D00005E0721CB2FBF1F001FB1022D6B206F13F
:1033E00020020DEB020010F8202C002AF1D103EB93
:1033F00043012031694406EB46022A4411F8187C47
:1034000082F8A27111F8177C11F8161C82F8A371CA
:1034100082F8A41100F8204C013BAA19DBB2FF2B63
:1034200082F89941D2D109B0F0BD00BFD00C002084
:1034300070B5064688B00C46002A4ED0294A92F84C
:10344000A131D01890F8991119B9FF212820FDF762
:1034500091FD03EB43011144013391F8A251E57052
:1034600091F8A35191F8A41161710021257180F8A0
:10347000991192F89811B3FBF1F001FB103382F827
:10348000A13192F8C23123B9174902F5DD700AF073
:1034900054FD657905F03F0545F0400565710D2245
:1034A0000021684608F0EEFCE3788DF80F302379B0
:1034B0008DF80E3004AA0423694630468DF80D506D
:1034C00008F03EFB9DF81F3023709DF81E3063709E
:1034D0009DF81D30A37008B070BD03216018FDF782
:1034E0008FFED6E7D00C002095330000044B5A78AD
:1034F000824286BF1B1893F84A010020704700BF24
:10350000D00C0020044B5A78824286BF1B1893F8D7
:1035100042010020704700BFD00C0020064B002263
:103520004FF461711A8083F8C32183F8C421A3F892
:10353000C61183F8C2217047D00C00202DE9F04756
:103540008246894617469846FFF78EFE08280546AC
:10355000064603D0FFF7AAFE082860D1324C6378F4
:10356000072B5ED8082D15D12678731C072E2370E3
:1035700003D96C212820FDF7FDFC06F12B02D9F8B8
:10358000000044F8320004EBC203B9F804209A802A
:1035900083F806A065786B1C290163704B1C07F14A
:1035A0001002234412F8010D03F8010FBA42F9D1B9
:1035B000813108F11003214413F8012D01F8012F86
:1035C0009845F9D1102140460AF037FA25441021D8
:1035D00085F8420138460AF030FA85F802616678CB
:1035E00085F84A010023114885F83A3131460AF03E
:1035F000E7F90128054607D80D4831460AF0E0F9F9
:10360000002818BF0135EDB284F8985100252846EE
:1036100084F8A151FFF7BEFE2846BDE8F0871220CE
:10362000FBE70720F9E700BFD00C0020120E0020B6
:103630001A0E002010B5064B5878013840B2002809
:1036400000DA10BDC4B22046FFF746FE601EF5E763
:10365000D00C0020014B83F8C3017047D00C002030
:10366000014B93F8C3017047D00C0020431E9BB25E
:103670004AF2B71293429DBF024BA3F8C601012044
:1036800000207047D00C0020014BB3F8C6017047F2
:10369000D00C002030B50A4B5C7884420ED9184417
:1036A00090F802012B3003EBC004A5790D7053F89C
:1036B00030001060A3889380012030BD0020FCE71B
:1036C000D00C00200246074810B590F8C34124B141
:1036D000417821B1023003F0C1FB204610BD0C46F9
:1036E000FBE700BFD00C00202DE9F74F2F4C9A4686
:1036F000637883428046894656D9231893F842510D
:1037000085F00105F9B193F84A31E3B945F00207B4
:103710000135BAF1000F18D1FA070AD5062101FBCD
:10372000084104EB0810524601F585718230FFF71D
:103730007FFEBB0734D504EB0810524649460230E1
:10374000FFF776FE2CE02F46E3E794F8A1614FF0F7
:10375000010B002DE0D0A319019393F8991199B9A9
:103760000092DAB100F030FC06EB46012144019BE7
:1037700081F8A2014FEA102C009A81F8A3C1000C35
:1037800081F8A40183F899B194F898310136B6FB19
:10379000F3F103FB1166F6B2013DDAE747F00407E7
:1037A000384603B0BDE8F08F0027F9E7D00C0020C1
:1037B000074B5A78824209D91A1892F842212AB93D
:1037C000062202FB003000F585707047002070472C
:1037D000D00C0020064B5A78824281BF1B1893F808
:1037E0003A01B0FA80F0400998BF0020704700BF4E
:1037F000D00C0020F8B50E46074606213046154687
:103800000AF01BF9044670B10C4B0022587803F201
:103810003913D1B2884202D801242046F8BD03F8FA
:10382000015F0132F5E7314638460AF0E5F808282D
:10383000F3D0024B034483F83A51EDE7D00C00205B
:1038400030B50024A0F84040B0F8444042F2107572
:103850004C43B4FBF2F4A0F84440541E05FB034370
:10386000B3FBF2F3A0F84230084BB3FBF2F30133A1
:10387000A0F84830838F05FB0344436BB4FBF2F49C
:1038800059438463B1FBF2F1416330BD005A6202D7
:1038900070B504460D4659BB4FF41A7208F0F2FA9F
:1038A000012384F88E306FF0360384F8D930042376
:1038B00084F8DA306FF03B0384F8DB306F2384F850
:1038C000DC306FF03C0384F8DD306FF07F0384F868
:1038D000DF302B2384F8D830FE2384F80E317F2389
:1038E00084F88530202384F8DE5084F8F73170BDE9
:1038F000012923D10023A0F8B43180F8AB318269CB
:1039000040F6B833A0F8B4301146438C7830FFF756
:1039100097FF104B1B68062B01D001330CD10E4BC7
:103920001B68063B083307D9E069FEF75FFE18B94C
:10393000012384F89F31DAE70023FAE70229D6D180
:10394000B0F84A32D0F844228169BDE8704078303E
:10395000FFF776BFF8110020FC110020034B80F820
:1039600070101B680BB10088184770477C0000205E
:103970000B2808B504D940F2C7112920FDF7FAFA3F
:10398000014B33F8100008BD70980200074B93F903
:1039900000301844142804DC10F17F0F03DB40B220
:1039A0007047142070476FF07E007047980E00201B
:1039B00007B57F230DF107008DF8073004F066F995
:1039C00003469DF9070053B1094B5B785B4240FA0F
:1039D00083F0142806DC10F17F0F05DB40B203B042
:1039E0005DF804FB1420FAE76FF07E00F7E700BFF4
:1039F000980E0020024B00221A705A70704700BFC8
:103A0000980E002003464078B0B1DB783F2B0BD8EE
:103A10000A4AD35C03F07F0290420CD08CBF012095
:103A2000002000EAD310704703F10A02D2B2022A42
:103A300001D8B63BECE70120704700BF8898020030
:103A40003F2908B5C17005D80C4B5B5C03F07F03C0
:103A5000437008BD01F10A03DBB2022B04D8074B07
:103A60000B4413F8B63CF1E7FF2904D040F2434180
:103A70002A20FDF77FFA0123EAE700BF88980200B9
:103A80002DE9F347894669461546984609F0C8FF6F
:103A9000044620B9019E35B9012386F88D300120F6
:103AA00002B0BDE8F08737692946384608F086FD40
:103AB00001460028F4D0164B5B88AB4225D338462C
:103AC00008F0BBFE96F88D300480002B0CBF4946F1
:103AD0000221824684700AF098F941462A460AF18A
:103AE000030008F00FFA2946384608F0A2FD18B97D
:103AF0007E212B20FDF73EFA68460AF0D4F9019B9F
:103B0000A3F8A24186F88D40C9E72046C8E700BF68
:103B10009C0E0020024B987DC04300F001007047CE
:103B20009C0E0020044B987DC0F3400080F0010003
:103B300000F00100704700BF9C0E002083230B7033
:103B4000014B1B78CB707047B40E00202DE9F84F65
:103B5000D0F80480D8F8146030460D4608F05FFEB7
:103B6000044618B9FF211020FDF704FA014630463B
:103B700008F063FEB4F800B01FFA8BF98246B9F181
:103B8000000F02D140F20311EDE71E4B1B68C71C6A
:103B90008BB9B8F80030AB8000236B72A5F806B083
:103BA0009AF8003003F00303012B0FD0022B0DD045
:103BB00040F21D11D7E7B8F800004A463946984749
:103BC00004460028E5D12046BDE8F88F2B72304628
:103BD00008F039FE044610B94FF49371C3E7B9F108
:103BE000FB0F02D940F23511BDE7286810B94FF438
:103BF0009B71B8E74A46394608F084F9304608F028
:103C00007DFDE0E7800000202DE9F347DFF85081DB
:103C10008246894605270026D9F8103053B11B7A11
:103C20001BB980211020FDF7A5F9D9F81040B4B9CF
:103C3000002071E0D9F80440237A012BF8D0EFF38B
:103C4000108372B6D9F804201268C9F8042003B9A9
:103C500062B6C9F81040237A0BB9A621E2E7257AAB
:103C6000EDB227726B1E0B2B6AD8DFE803F06606F5
:103C70001C3463693D6969696958636813B94FF415
:103C8000D771CFE72046514698470420EFF31082C2
:103C900072B6237A052BD9B25CD12672C9F81060AE
:103CA000B2B962B614E0636813B940F2B711B9E76C
:103CB0005146204698470346C3F30723012BADF82E
:103CC0000400C0B23FD0022BE0D10023C9F810306D
:103CD0000028A1D020E0636813B940F2BF11A1E72A
:103CE000204698470020D1E763680BB9B52199E7D2
:103CF0000B228AF8002019881869AAF803100122FB
:103D000000248AF802208AF805208AF8064008F084
:103D1000F5FCC9F81040042002B0BDE8F087D8F8DF
:103D20000030514620469847034660B1C9F81060FC
:103D30000220F1E74FF4FB7174E740F2F91171E7EB
:103D40004FF4FE716EE725720028E5D1002B7FF459
:103D500063AF6DE711B940F21D2163E700209FE7D3
:103D60008400002038B5134C14220021201D08F0D7
:103D700089F801252574142204F10803002104F1B7
:103D80001800C4E9013308F07DF884F8245004F1E8
:103D90001C03C4E90633084A0023E362236384F862
:103DA0003430C4F83530C4F8393084F83D3013600D
:103DB00038BD00BFB40E00208000002010B5084CB4
:103DC0002378FF2B04D04FF4A0711020FDF7D2F818
:103DD00007F0FCFE2070BDE81040FFF7C3BF00BF36
:103DE0001D00002010B5034C207807F009FFFF23C9
:103DF000237010BD1D000020014B187807F010BF84
:103E00001D000020014B024A1A6070478400002008
:103E10004D3B000010B506490446FFF7F5FE28B9F2
:103E200020460449BDE81040FFF7EEBE10BD00BFBC
:103E3000CC0E0020B80E002010B51346027A22B135
:103E400040F299211020FDF795F80A46BDE8104090
:103E5000014601480AF04EB8B80E0020044890F818
:103E600034301BB903492C300AF061B8704700BFE9
:103E7000B40E0020E7DE00000346064890F83E201E
:103E80003AB190F83D2022B900F8353B02490AF0DA
:103E90004EB87047B40E00203D3B000010B50A46F6
:103EA000037A23B140F2A1211020FDF763F8014607
:103EB000BDE81040014807230AF01CB8CC0E0020D2
:103EC0001346027A0AB1037270470A460146014856
:103ED0000AF010B8B80E00201B234FF01B12838489
:103EE000038482618382C260038539B94FF4A4736D
:103EF000034AC3844384C261C3820261704700BF26
:103F0000480148010346F0B4B3F85420B3F84840E0
:103F1000B3F84460DF8FB3F84250944228BF144690
:103F20000846B3F84C20B3F85610DC878A4228BF05
:103F30000A46B3F84610A3F84220914238BF114612
:103F4000A64238BF2646A742A3F84460A3F846100D
:103F50001FD1AA1A18BF0122B3F84A50B3F8504033
:103F6000B3F852709E8FB3F84010A54228BF254683
:103F7000B3F84E409D87BC4228BF3C46AE42A3F8F2
:103F8000404002D1A14200D12AB1F0BC034909F05E
:103F9000D7BF0122E0E7F0BC704700BF47DF000059
:103FA0000B8BA2F80B304B8BA2F80D308B8BA2F849
:103FB0000F30CB8BA2F809000249A2F8113010464D
:103FC00009F0B8BF97DF0000094AD2E90003434077
:103FD00083EAB01181EA43214FEAF3435360054B72
:103FE000116058434FEAF06000EB8000704700BF5B
:103FF000F40E0020BB79379E094AD2E90003434002
:1040000083EAB01181EA43214FEAF3435360054B41
:10401000116058434FEAF06000EB8000704700BF2A
:1040200020000020BB79379E10B50A4C09480821B2
:10403000FDF7E6F8D4E900321343F7D0064CFFF75A
:10404000DBFF2060FFF7D8FF236860601843F6D0DD
:1040500010BD00BF20000020F40E0020174B184AAE
:104060009A60184A5A60184A1A60184A9A62184A9E
:10407000DA62184ADA60184A9A61184A1A63184ACA
:104080001A62184ADA64184A9A64184A5A62184B33
:10409000184A9A60184A5A62184ADA62184A1A612B
:1040A000184A5A61184A9A61184A1A63184A9A6457
:1040B000184ADA64184A9A63704700BF88000020E3
:1040C0005DE200008DE20000F9E200005FE4000024
:1040D000B3E4000041440000C9E40000854600004C
:1040E0002545000097E50000B3E500006D450000A0
:1040F0009401002079E2000069E50000EBE4000093
:104100008FE400000FE50000C544000039E6000020
:10411000E1E50000D3E500004FE50000044B054A4F
:104120005A65054B054A1A65054A5A65704700BF2E
:1041300088000020ADE300009401002093E300001C
:104140000BE40000054B064A9A65064A1A66064BC0
:10415000064A9A65064ADA65704700BF8800002063
:10416000ADD800004D2F000094010020F7D70000CB
:104170005FD90000252A034610B5084618D8012A41
:1041800019D9023A232A16D8DFE802F01A15252495
:1041900024311533152439434715154B24245E5E0D
:1041A000747415151515151515151515157B868EB1
:1041B000FF2A00F0818040F2DD415120FCF7DAFE59
:1041C0001A785B68012A02D193F8103101E093F864
:1041D0001931037110BD5968D1F8BE214260D1F880
:1041E000C22182605B68D3F80431C360F2E75B6888
:1041F000EAE70146BDE81040184600F00DBA592222
:1042000042710022102382715E220371C271037217
:10421000E0E75B6893F80A31DBE7BDE8104000F0A7
:10422000EBB95A681B784BB992F8103133B192F858
:104230000D31037192F80C314371CBE792F80B31D9
:10424000037192F80A31F7E75B68B3F85420027102
:10425000120A4271B3F812218271120AC271B3F8C4
:1042600050200272120A4272B3F8103183721B0A94
:10427000C372AFE75B6893F82621027193F8273188
:10428000DAE7124A1468002CA4D001461A4623200B
:104290002346BDE8104018470C4A1468002C99D0FA
:1042A00001461A462420F3E7084A1468002C91D0EE
:1042B00001461A462520EBE75B68BDE8104093F8FD
:1042C0003722D3F8381209F0B4BD00BFA002002095
:1042D0003F2803D8064B53F82000704700F10A032B
:1042E000DBB2022B01D8B638F4E70020704700BFDC
:1042F000880000203F2803D8064B53F82000704761
:1043000000F10A03DBB2022B01D8B638F4E7002033
:10431000704700BF94010020F7B545682E69044638
:104320004FF6FF770DF102010DF101023046ADF8B5
:10433000027008F099F901A9304608F0BAF940B1C5
:10434000019808F07EFA616800220272FFF7A6FD6C
:10435000E8E7044905F1A00003B0BDE8F04009F02A
:10436000E9BD00BFEBE10000F0B5044685B00D46A5
:10437000FF2600F8856C10F8863CF3B1184F3B78A7
:104380001BB148211F20FCF7F5FD0C21381DFCF75F
:1043900037FF3E70002304F8853C2A46072302F8C5
:1043A000033BD4F80930C5F80330D4F80D3053601E
:1043B000D4F81130936005B0F0BD01A80C21FCF7D2
:1043C0001FFFA4F51373039AC3F8042101AB03CBB9
:1043D00044F88E0C44F88A1C04F8866CDAE700BFB7
:1043E000FC0E002010B5054C23782BB90C21201DA4
:1043F000FCF706FFFF23237010BD00BFFC0E00205A
:10440000024690F8C631BBB990F8C73103F0FF01FE
:104410000BB100207047094B18780028F9D01970AB
:10442000D968C2F80411043303CBC2F8BE01C2F844
:10443000C211FF2382F8C63101207047FC0E002014
:1044400038B5426892F8873004460D463BB1132BCD
:1044500005D0113B0B2B8CBF0120082038BD92F8F2
:10446000C83013B9204609F07DFE6268D5F80E30D9
:10447000C2F8B631D5F81230C2F8BA316368D5F84F
:104480001620C3F800211A88A3F855226A68C3F8D9
:104490005722AA68C3F85B226368AA89A3F85F223F
:1044A0006368002583F8C6516068054900F51370FC
:1044B00009F03DFD6368152283F887202846CDE783
:1044C0006943000038B5436893F887201C2A0446E6
:1044D00004D04FF4DE711F20FCF74CFD93F8C81098
:1044E0001D88002283F8C72003F5C97069B10B4904
:1044F00083F8C820A3F89C5183F89B2109F017FD8D
:104500006368002283F8872038BD012283F89B115D
:10451000A3F89C51024983F89E21EFE74BE4000089
:104520003DE4000038B54568AB6F13F0010417D1C6
:104530004A680C4B896813400B4AC5F8D830C3F35E
:10454000076343F008030A4085F8DB30C5F8DC2038
:1045500009F008FEAB6F43F00103AB67204638BD9E
:104560000120FCE72FC904F76FDB008008B5406825
:1045700090F88630042B28D14B688A68C0F8D83070
:10458000C3F3076343F0080380F8DB300023C0F86F
:10459000DC2080F8C23080F8863090F8743103F067
:1045A000FF020BB1002008BD0388A0F8763180F827
:1045B00075214B68C0F878318B68C0F87C310449AC
:1045C00000F5B67009F0B3FCECE70120EBE700BFA3
:1045D0002DE50000406890F8743153B90388A0F8C5
:1045E00076311A2380F87531024900F5B67009F06A
:1045F0009EBC70472DE5000010B50446FEF742FC56
:10460000034A044B02400B406260A36010BD00BF30
:104610002FC904F76FDB008037B50C464568FEF7FD
:1046200031FC084A084B0A4095F8D8100192034023
:1046300000930B408DF800306B4603CB6060A160A7
:1046400003B030BD6FDB00802FC904F738B5DB0441
:10465000154604D5037D13B10023436338BD446B75
:104660000134446309F0C9FF836B9C42F6D30023F5
:10467000436303492846BDE8384009F061BC00BFE8
:1046800089E5000038B5446894F88630012B05466A
:1046900002D0A36F98073CD494F8C9309A0715D478
:1046A0000A7984F8D320B1F80520A4F8D420B1F811
:1046B0000720A4F8D620D80743F0020284F8C920C6
:1046C0000FD5154904F1CA0009F03AFC94F8C93035
:1046D000D90711D4A36F9A0708D555214020FCF7BC
:1046E00049FC94F82A31002BEBD1EFE743F00203A9
:1046F000A367284609F036FD94F88630012B4FF069
:10470000000301D0002038BD84F8863084F8C23020
:10471000F8E70120F7E700BF1BE6000070B5456829
:104720000446FFF745F9054B85F885001B680146EF
:104730001BB12046BDE87040184770BDA80200209C
:10474000024B1B6803B11847704700BFA40200204A
:10475000F0B51F4D2B78002414709BB1013B6D68A0
:10476000DBB21E1B012E0FDC05EBC40655F83470BE
:1047700076688E4208BF874227D0B84271EB0606A2
:1047800012D214700020F0BD1E19771005EBC70E71
:1047900055F837C0DEF804708445C6F347068F41EC
:1047A0002CBF33463446DCE705EBC30455F83350E1
:1047B00064688C4208BF854206D0A84271EB0404AD
:1047C00028BF01331370DDE71C4614700120DAE7BF
:1047D0001C0F002010F0070208B503D06321482009
:1047E000FCF7C8FB18B1034B197258601A70C80067
:1047F00008BD00BF1C0F0020014B00221A7070473B
:104800001C0F00200A46822302F8033B0448036879
:10481000C1F803304368536083689360704700BFFA
:10482000250F002002481622002107F02BBB00BFF5
:10483000250F002082B002AB03E903000B48437D43
:1048400093B1530610D50A880280D1F81822B1F826
:1048500080304260D1F81C220549826043800222E8
:104860000C3002B0FFF72CBB02B07047250F0020C0
:1048700005480000094B53F8203070B503F5234379
:104880000C461646A1334FF47A72B3FBF2F503F0EF
:1048900075FB34442C44204470BD00BF989902003D
:1048A0002DE9F04F8DB09A4690F869300293044696
:1048B0008946069208F05EFF834694F87300FFF77E
:1048C00057F8834409F0F0FE94F887300393069B71
:1048D0001FFA8BFB00F1500783BB94F8DC31032BEC
:1048E0002CD1039B0D2B29D1B4F83C324B4525D15B
:1048F000D4F8E431C4F8D031A369B4F8B421C4F8D1
:10490000D431B4F82A321344C4F8D831204602F026
:104910004FFAD4E99023A262B4F83E22A285D4F8DB
:104920004822226241F64B529342A3618CBF00237E
:10493000012384F87230022384F8DC31B4F8285261
:10494000B4F88080A9EB05052DB204F5FC73A9EB42
:104950000808002D04930FFA88F818DAD4E98423A4
:10496000C4E98823012345460493CA4B1B7813B13D
:1049700006F078FB70B9002694F8DC31032B00F2C6
:10498000DE81DFE813F06C006601BD008B01CDF81D
:1049900010A0EAE7B4F8C831012BECD994F8DC3167
:1049A000022BE8D094F8F661002EE4D194F873005D
:1049B000FEF7DEFF94F8DC3100F5C86B012B1FFA1F
:1049C0008BFBD9B23ED194F88A20A36A032A32D154
:1049D000D4F8D42113445946D4F8D401079306F0EF
:1049E00005FBD4F8D061079BD4F8D821C4F8D001D6
:1049F000861B59461846564306F0F8FAD4F8E031BB
:104A0000C4F8E001C31A5946A0691E4406F0EEFA44
:104A1000B4F8B431D4F8D82143445B1B9B1AD4F8C2
:104A2000E421013B821A02FB03660123C4F8E4017E
:104A300084F8F631A0E73046079309F071F8079B38
:104A40000344C8E7A069594606F0D0FAB4F8B46147
:104A5000D4F8E4314644761BC31A5E43E5E70121EE
:104A6000002009F05DF88046A06A5946404406F0EF
:104A7000BDFA5946C4F8E001A06906F0B7FA09A9E1
:104A8000C4F8E4010AA803F035F9099B0093D4E9BE
:104A90008801DDE90A2305F093F90290204609F028
:104AA0001BFEA16AD4F82C2294F869008D1803F03B
:104AB0006DFAD4F8E011029B203D6D1AED1B4544C0
:104AC00000F52340ED1AA1304FF47A73B0FBF3F0F8
:104AD000A38D30312D1A03EB410194F869003A4659
:104AE000FFF7C8FED4F82C32EB1A2230B3F5917FD1
:104AF000C4F8E80159D240F2FC413020FCF73AFA00
:104B0000A36AD4F8D4015946184406F06FFA5946FE
:104B1000C4F8E001A06906F069FAC4F8E40120468F
:104B200009F0DAFDA36AD4F8D4511D44B4F8B431C5
:104B3000002B40F08A80BAF1000F00F0868094F8D4
:104B4000690003F023FAD4F8E011D4F8183294F88D
:104B500069206D1A203D1D44D4E984BC4E4B53F8A6
:104B60002220A5EB0B054FF47A7302F2E732B2FB79
:104B7000F3F21544ED1B00F52340A130B0FBF3F038
:104B80002D1AD4F8D821D4F8D03194F8690002FB5A
:104B90000313A18D303301EB43013A46FFF76AFE60
:104BA0000123C4F8E80184F8DC31A369D4F8E421D6
:104BB000E73B9B1ADF1B002384F8F831D4E98832E5
:104BC0008742A5EB060528BF07465B1942F10002A4
:104BD000C4E98232C4F8B07104F1300009F027FA58
:104BE000D4E98223C4E98823B4F8A031A4F8289238
:104BF000A3EB09031BB2002BD4BF002201225200F9
:104C000084F80022039A38440D2AC4F8FC0100F00D
:104C10009980BAF1000F40F0988094F8DC31002BB5
:104C200000F0B080A169D4F8E43104F5FC70C91A31
:104C300008F00FFF80B2002800F0A480169B03B19B
:104C4000188001200DB0BDE8F08FD4F8E0116D1A86
:104C500097E7D4F8E411A369B4F8B421D4F8D801E3
:104C6000D4F8D0C15B1A5D43D4F8E0314244121A43
:104C70003033013A0CFB003301FB0233A18D94F871
:104C800069003A4601EB4301FFF7F4FDC4F8E8017F
:104C90008BE700BF480F002098990200D4F8E4E1A8
:104CA000A369A3EB0E035D4394F88630252B03D054
:104CB00094F88730252B0CD1B4F83C32A9EB0303D0
:104CC0001B0406D4029A94F83F32002B18BF1A46F0
:104CD0000292049BB4F8B4C143B3BCF1000F25D1D8
:104CE000D4E98623D4E98401904271EB030302D313
:104CF0004FF4AA6101E794F869102C4B53F8213066
:104D0000D4E98401CDE904010498203A121A03F28F
:104D1000E7314FF47A7B03F52343B1FBFBF10A44FF
:104D2000A133B3FBFBF3D21AD21B15440CEB0801E1
:104D30000EFB01F1303102983A464900A4E74FF4E6
:104D4000AD61DAE6BAF1000F1CD0B4F8C80118B3AF
:104D5000B4F8CA1194F8CC21A4F8CA1101FB0222BC
:104D6000904201F101050DDD002B0BDD002384F8DD
:104D70000032A4F8CA51FFF727F900F0070001300C
:104D800084F8CC0194F8F70104F5FC7104F010FEEE
:104D900020B940F2B151B0E60146DBE7069B83F053
:104DA000010384F8F43100204CE700BF9899020019
:104DB000F7B5044618B9E2213020FCF7DBF80729E3
:104DC00000F2BC80DFE801F00484464641BA33B704
:104DD00004F0DAFFC4E94001204601F02DF8D4F8D0
:104DE000F400CB3804F0CCFE10B940F27B21E3E7AD
:104DF00020460AF017F80546F8B90146204609F0A2
:104E00003AFF00F1E506D4F8F400B04209D2301AB6
:104E1000322838BF3220032104F0D4FE051E18BF0B
:104E20000125C4F8F46020460AF016F83DB120468A
:104E300003B0BDE8F0400AF010B80025F3E7D4E96C
:104E40004023C4E93A2303B0F0BD03B0BDE8F0400D
:104E500002F05CBF09F01AFF002384F8F93007461E
:104E60000E4604F0DFFC0722A7FB023502FB0655C5
:104E7000D4F8EC200192D4F8E8209B18019A45EB75
:104E80000205D4F8CC2032B157EA060203D098428A
:104E900071EB050216D2022284F8F820D4F808211A
:104EA000D4F80CC1121A6CEB010C94F818E1BEF1A5
:104EB000000F09D1012A7CF1000E11DA204600F022
:104EC000C3FF05E00122E7E7012A7CF1000CF5DBD6
:104ED00094F8C80004F0C0FC002384F81031B2E755
:104EE000984271EB050E0ED23E430CD01B1A65EBB7
:104EF00001019A427CEB010005DB012B71F10000FE
:104F0000A4BF1A468C460F4994F8C8000123914269
:104F100084F811314FF0000384F8F03073EB0C0388
:104F2000B8BF0A4604F1F00104F058FF00288AD106
:104F300040F2EF6140E74FF480713DE74FF482713A
:104F40003AE700BF0040420F2DE9F04104460E460B
:104F5000154690F8103103F0FF071BB10C273846B7
:104F6000BDE8F0810146474804F088FC20288046CF
:104F7000F4D05722394604F1C90006F083FF84F8C3
:104F8000C880C4F8CC60FF2384F8103136B1FFF735
:104F900033F800F00700013086F8CC0102234FF00F
:104FA0000008A4F8F83084F8F08006F071F800F1F9
:104FB0009E06204609F036FFB6B20146002839D0D9
:104FC00008F0D8FB00F5CD6189B2284606F00EF84E
:104FD0002844C4F8F40004F025FC301841F1000125
:104FE000C4E94001012084F8D000A4F8268009F02B
:104FF000D8FFE53D2D1AC4F8D4504FF0FF356FF0BF
:105000000041D4E94023C4E942510025C4E93823D2
:10501000C4E93A2394F8C80084F8115142F210729E
:1050200004F1F00104F0DAFE38BB40F2EB1130205D
:10503000FBF7A0FF204609F01EFEDFF84C80E530AC
:10504000C4F8F400B8F8020048B1E08C38B1FEF7BB
:10505000D3FFB8F80230B0FBF3F202FB13000644B2
:1050600004F0E0FB361841F10001C4E94061002D75
:10507000C3D0AD1941F10001C3E72946204609F02C
:10508000EEFE6CE7B14D0000480F0020F0B50023A4
:1050900085B0CDE9003301238DF806306846FCF772
:1050A00061FB70B11D4E012333710027CDE90277FA
:1050B00002A8FCF757FB0546C8B10023337105B0C1
:1050C000F0BD009809F023FCE8E790F8F70104F040
:1050D00003FD94F8F70104F039FE94F8F70184F821
:1050E000DC5104F0B9FB202384F8F731DEE7029BA2
:1050F000002BDDD093F8F721202AD9D018884FF65D
:10510000FF739842D9D02946FCF7F2FA04460028EA
:10511000DBD140F237113020FBF72CFF480F002085
:10512000054B002201215A7119701A7142F2107256
:105130005A80FFF7ABBF00BF480F0020014B5871EA
:10514000704700BF480F002008B502F0B3FA044BC7
:105150009A6882422ABF1879002080F0010008BDB9
:10516000480F00202DE9F3470446062900F2DA80B3
:10517000DFE801F0048673838A8FD300D0E98401CD
:10518000D4E98623904271EB030354D294F8F631AC
:10519000002B50D094F8DC31032B4CD109F084FA69
:1051A00094F869A0814608F0E5FA064694F8730081
:1051B000FEF7DEFB064494F87300FEF7D9FBD4E952
:1051C0008423D4F81872D4F8B05180465046BF1AE0
:1051D00002F0D4FE554A52F82A20A5F1500302F5F8
:1051E0002342A1324FF47A71B2FBF1F29B1AA3EB86
:1051F00009031B1A09F1790909EB5309B6B2603B9F
:1052000008F5C86873431FFA88F8B3FBF8F36033F6
:105210005A08A9EB53039F4202D391444F4501D949
:1052200005F026FFA069314605F0E0FE0023C4F832
:10523000E40184F8F6313E4B1B7903F0FF0263B9B9
:105240000092B4F8A41101232046FFF729FB38B1DE
:1052500040F21E713020FBF78DFE042384F8DC3110
:1052600002F03AFC04F0E2FAB4F88020A4F8F2214B
:105270000023A4F82A3284F8F53102B0BDE8F087A3
:10528000032380F8DC31F8E70AF02DF8C4E9860141
:10529000F3E790F86900264F09F00EFAB530D4F81C
:1052A000E431A56995288CBF0020C0F19600C21892
:1052B000954288BFED1A7B798CBF2D1A00251BB94A
:1052C000236B9D4228BF1D4604F13000D4F8B06125
:1052D00008F0ADFE0644022004F02EFDAD1B25EAC9
:1052E000E575854228BF05460221284604F06AFC80
:1052F00000B92E44012340F245123146204608F001
:10530000F3FED4F8B031B860A069184404F038FC5A
:105310000028B2D140F2A3319CE702B0BDE8F047CB
:1053200009F0DAB940F2ED7194E700BF98990200F4
:10533000480F00202DE970430C4615466ABB024613
:10534000174994F8C80004F0C3FA20B940F2FD717F
:105350003020FBF70FFE02F0ADF9D4E94089064694
:1053600084F8D05084F810510121D4F8CC00FEF715
:105370008FFAD4F8CC00C0E9848994F8C83080F85A
:10538000F731C0E98889C0F82C6209F095FA02F07B
:10539000A3FBBDE8704304F049BA40F61801D7E713
:1053A000F3E60000014B5880704700BF480F002013
:1053B000074A03461068D3F85120C0F80320B3F819
:1053C0005520A0F8072093F8501008F0A3BC00BFA8
:1053D000540F002070B504460E466588407F15F0D6
:1053E0000401134618BF04F15F013246FEF77CF951
:1053F0004107054621D4C2070BD5012384F850305C
:10540000607FFEF7D5F90368C4F851308388A4F8AB
:105410005530AB0701D4012070BD094B1868D4F892
:105420005F30012184F85E10C0F80930B4F86330B1
:10543000A0F80D3008F077FCEDE70020ECE700BFA6
:10544000540F002038B5C38D0F4D0133C3F30E0345
:10545000C385AB7C04462BB102F00AFC01F030FDA1
:105460000023AB7400232B7194F871302BB1012110
:105470002046BDE8384009F0F6BA637C13B1E28DEE
:105480009A42F4D20021F3E7540F002010B5094CE2
:105490002379012B02D02379022B05D1A37C1BB1E8
:1054A00002F0E6FB01F00CFDE069BDE81040FFF7FB
:1054B000C9BF00BF540F002070B5294C2379012BC0
:1054C00007D02379022B04D040F65C412D20FBF756
:1054D00051FDA0B90125A37C1BB102F0C9FB01F06D
:1054E000EFFC002D3AD0E06909F036FA002830D000
:1054F00002F0A0FA236ABDE870409B681847216853
:10550000E26911F8095B02F15103E80992F85020B1
:1055100008F038FA0028DDD02068002108F028FCC7
:105520000028D7D02379E069012B05D02379022BFD
:1055300002D040F63541C9E72379226A03F180435E
:105540005269013B05F00F0152F823309847054698
:10555000C1E7E069BDE87040FFF774BF70BD00BFF0
:10556000540F0020074A0346D06903B909B9FFF771
:1055700069BF1379126A03F180431269033B52F841
:1055800023301847540F00202DE9F043032985B03C
:105590000546174607D14388980723D400242046A0
:1055A00005B0BDE8F083428890F87030D107DBB2D7
:1055B000F4D5002BF2D14FF00108DFF8D49099F820
:1055C0001260C6B108F022FA0828387016D002AA74
:1055D0000DF10701FEF75EF838B940F6D4612D20D1
:1055E000FBF7C8FC4FF00208E7E79DF8070002A9A7
:1055F00009F050F806463B78082B08D1D9F800107E
:1056000011F8030BC0F3801009F044F80646D9F8EE
:10561000001095F8572011F8030B05F15803C0F35B
:10562000801008F0AFF9D9F80010044611F8030B08
:10563000C0F3801008F0E0F98146FEF7CBF840B1E6
:10564000B9F1080F1BD04846FDF750FF80F0010369
:10565000D8B23A78082A14D01CB96C7FA21A5442E6
:1056600054416A8853079AD4002897D176B9EC7CC4
:10567000444518BF002C0CBF012400248FE70020F4
:10568000E7E780F001022240D4B2EAE7344686E739
:10569000540F00202DE9F04F85B008230DF10702CB
:1056A000052104468DF80730FFF76EFF064620B946
:1056B0000026304605B0BDE8F08F744F3968FA7C9B
:1056C00011F8030B07F11403C0F3801008F05AF926
:1056D00080460028ECD13B68216A184691F88E205C
:1056E00010F8035B02EA551202F0010281F88E20E5
:1056F000D3F80320C1F803208288A1F807201D46B3
:10570000226A15F81F1BC1F380119170D3F81F0096
:10571000029002A928790871D3F80F00D061587D52
:105720001D7D000440EA0520DD7C28435062B3F86B
:10573000190082F8728040F2E24909FB00F09061A2
:105740009D7DC5EB451005EB800505EB85056D00DE
:105750009585B3F8170009FB00F09062B3F81B00C1
:105760001084B3F81D00508493F8243003F01F0018
:105770005B0982F89A0082F87330256A94F912A0C6
:1057800005F18E0008F022FA40F20113A5F8683006
:105790004FF0FF0B85F86AB0414605F13000FEF787
:1057A0009BFB51462846FEF7D9F8236A84F87B8094
:1057B0001A88A4F87C2084F899B04FF6FF72A4F8F8
:1057C0009A209A69B2FBF9F2A4F892201A8CA4F8F4
:1057D00094205A8CA4F8962093F8732084F898208B
:1057E000227F9DF8070004F186015AB394F85020F7
:1057F000012A27D194F8562002F0C002402A21D174
:10580000D4F85120C4F88620B4F855208A809A78BC
:1058100084F87F20082803F1030504F18C01D3F8F4
:10582000033004F1800227D0C4F88C30AB888B8021
:1058300004F17F01FDF72EFF40B940F6BB312D206A
:10584000FBF798FB0022C4F88620DFE794F87F304E
:1058500043F0020384F87F3004F172000C4908F031
:1058600066FB0C4B206A1B6800223A71002B3FF448
:1058700020AF214698471CE7C4F88030AB8893805E
:105880000023C4F88C308B80E6E700BF540F002063
:105890008DEB0000B0020020032973B5044604D04C
:1058A000052952D0012002B070BD08230DF1070276
:1058B0008DF80730FFF768FE0028F3D0237C274DD2
:1058C00003B39DF8070094F8BE30DBB9237884F861
:1058D000BF30082804F1C10228D004F1C001FDF74F
:1058E000D9FE20B940F64A712D20FBF743FB94F80E
:1058F000C03043F0020384F8C030194904F1B60007
:1059000008F015FB2B68062204265A701E702046EC
:10591000FFF74EFD286894F84020E16B08F019FA73
:1059200028682E7102F026F90020BCE7286803469B
:1059300013F8031BC1F3801184F8C010D0F80310D2
:10594000C4F8C1109B889380D7E7064B1B68002BD7
:10595000EAD0984780F00100C0B2A4E7540F0020BD
:1059600075EB0000AC020020F8B504460F4619B3F1
:1059700000F12805284609F0EDFAA0B963881A0756
:105980002ED5284609F0FDFA0646284609F0E2FA27
:10599000301AC0B209F005FB474A93680344284611
:1059A000936009F0B3FA284609F0B5FA01F0A8FFB0
:1059B0002179252001F0C6FE3F4E94F85E20306824
:1059C0000023037043706388103B0D2B64D8DFE81D
:1059D00003F05F635B0C6340636363636363634013
:1059E0002046BDE8F840FFF72DBD06234370202375
:1059F00003702046FFF7DCFC638823F008039BB2AA
:105A0000152B05D094F83820616B306808F092F9B6
:105A1000306802F0AFF8032321793371002001F0E0
:105A200099FF054607B9F06063881B0704D509F0A4
:105A3000B5FA0544C4F8D8506388103B0D2B36D80E
:105A4000DFE803F038352F2F352F3535353535352F
:105A5000352F0C2343700346212103F8091B52B153
:105A6000D4F85F20C0F80920B4F863209A8001219F
:105A700008F059F9BDE7A26DC0F80920B4F85C2020
:105A80009A8094F85710F3E7062303704370B0E749
:105A9000022303700623F9E740F236612D20FBF75D
:105AA00069FA21790120BDE8F84002F007B940F613
:105AB000CF41F3E7F8BD00BF540F002038B543884D
:105AC000102B044604D1BDE838400121FFF74CBF3C
:105AD0000B4DAB7C23B101F0D9F9402002F0BCF8AA
:105AE000286802F047F8608810F0040002D121799C
:105AF00002F0E4F8002002F08DF801232B7138BD8C
:105B0000540F0020024B0121D869FFF72DBF00BFC1
:105B1000540F002010B5134CA37C1BB102F0A8F861
:105B200001F0CEF9E06908F017FF70B12379012B7D
:105B300010D12379226AE069D26803F18043013BE6
:105B4000BDE8104052F823301847E069BDE8104026
:105B5000FFF778BC2379022BEBD040F65E312D2085
:105B6000FBF708FA540F002010B50748037903F03B
:105B7000FF0433B918222146043006F083F9204689
:105B800010BD0C24FBE700BF540F002010B5094CDA
:105B9000002323712060FFF7E7FF20B140F2EF21DF
:105BA0002D20FBF7E7F9236A13B940F2F221F7E75A
:105BB00010BD00BF540F0020014B024A1A6270470B
:105BC000540F0020945E0000034B044A1A60044BFB
:105BD000044A1A60704700BFAC02002095560000CE
:105BE000B002002035530000F8B5057DAF1E044615
:105BF000FFB2002D3AD0012F2DD800F1580190F8B6
:105C0000570007F0F9FE0828064624D0FDF77AFC75
:105C100010BB023D18BF0125012F8CBF00270127B3
:105C200084F8505027776677FDF72EFD054603F080
:105C3000F9FD174B0022E5FB0301C4E9120184F8CA
:105C40005E2011462046FFF7C5FB70B940F27A414D
:105C50002D20FBF78FF90826022D09D104F15101FF
:105C60000020FDF7DBFA80B90020F8BD0826F5E733
:105C7000E37E002BF8D0D4F81530C4F85130B4F8D6
:105C80001930A4F855300125C6E70025C4E700BF48
:105C900040420F00F0B5464E327985B0044602F01E
:105CA000FF0312B90278FF2A04D140F6B9112D2062
:105CB000FBF760F93382B3607371B37180F87130B0
:105CC0003C4B00933C4B01933C4B0293336A684638
:105CD0005B68039301F046FF01F078FD01F0C8FF17
:105CE00001F0EEF8364801F001FE04F128053548D0
:105CF00001F032FF284609F009F9284609F00BF9AE
:105D000001F0FEFD2179252001F01CFD94F912001F
:105D100001F0E6FD04F13401206B06F09DFE04F174
:105D20003C010746206B06F0BEFE0546E7B194F83D
:105D30002430CBB1B4F92E50ED43ED0F237F13B9CE
:105D400063885B0709D5D4E912126FF000439A42C9
:105D500008BFB1F1FF3F0ED1A5B930680330FDF7A0
:105D6000B1FCB07405B0F0BD002DE7D094F825501B
:105D7000002DDFD1E2E703F055FDD4E91223904274
:105D80009941E9D3012229462046FFF723FB50B170
:105D9000FDF77AFC054603F045FD0B4BE5FB0301DF
:105DA000C4E91201D9E7002DD7D040F6F6117EE7FD
:105DB000540F0020155B0000B95400006555000029
:105DC000D6BE898E5555550040420F0073B5044626
:105DD000FFF760FF00212046FFF7C6FDA36E0BB161
:105DE00001221A606388DB0720D50023104E256A44
:105DF000CDE90033FF23F3746846FBF7B3FCA8B981
:105E0000009CA542F8D06A7A607A05F10A0304F191
:105E10000A0107F0B7FD0028EED0A378F374D4F898
:105E200003007061034BB4F807209A8002B070BD84
:105E3000540F0020680F0020024BD8611B6A1B68BA
:105E4000184700BF540F002043881B0710B50446B5
:105E500011D5036A0A493C2280F87B201B88A0F8F0
:105E60007C30FF2380F899304FF6FF73A0F89A300A
:105E7000723008F05CF8FF2384F8713010BD00BF69
:105E80008DEB0000DFEB0000BD5A0000E5EB0000E9
:105E900099580000CD5D00008D540000055B0000A6
:105EA000845E0000885E0000905E000001380228D9
:105EB00008B503D9C3212F20FBF75CF813290A4B3F
:105EC00005D811290CD8102907D0D121F3E71529BD
:105ED000FBD103EB4003D88801E033F8100008BD84
:105EE00003EB40039889FAE70C9902000C4A1178F9
:105EF000034689B9906833B9B0F85810828F91423F
:105F00000AD8FFF721B993891B0707D590F88800B5
:105F1000073818BF012070470020704701207047E4
:105F2000780F00202D4AF8B5948903461C43402B76
:105F30009068948104D10421BDE8F840FFF712B9BC
:105F4000802B01D10521F7E703F00304032C04D1D2
:105F500040F6C3213120FBF70DF813F0020418BFFF
:105F60001161DD0705D55161C97806290DD00B29CE
:105F700017D02CB11169C97805291DD00B2927D05C
:105F80009B0644BF08231370F8BD90F887101829AA
:105F9000EFD1002600270121C0E9386780F88B1077
:105FA000E7E790F88710122901BF002180F88B10D5
:105FB000012180F8C810DCE790F887101629DFD19E
:105FC00000240025C0E93A45012180F88C10D7E76C
:105FD00090F887101129D3D10021F6E7780F00201F
:105FE00073B504464068836F13F0300F0D4646D1F9
:105FF00009891A2903D96B89B3F5A47F06D2E978F8
:10600000204602B0BDE8704008F0DEB8AA881A2A1F
:10601000F5D9EE88B6F5A47FF1D30096303008F0BC
:1060200018F8184B9A8992070ED51B69DB78142B48
:106030000AD16268936F43F010039367204608F01B
:1060400091F8002002B070BD636893F886201D2A85
:10605000EFD093F81B31002BEBD1636893F81A3122
:10606000002BE6D16268936F114643F020039367DB
:1060700031F8300B02F59F72FDF792FFDEE7012049
:10608000E0E700BF780F002037B5044601A8FDF710
:106090004FF820B940F6A3013120FAF76BFF222216
:1060A0000021019805F0EEFE019D0321284607F02E
:1060B000ACFE2B7823F010032B7001982146FDF7DE
:1060C000BFFC019905482246FEF754F8FDF744F855
:1060D00010B940F6AD01DFE703B030BD7C0F002002
:1060E000264B70B59C6894F83E5294F83F62002DA0
:1060F0003DD194F86810002E3BD194F8693084F8B3
:10610000681084F86930FF2384F86A301C4B1B68E0
:106110000BB12046984794F82431012B01D0354328
:1061200003D018480021FCF7D5FE04F130063046B4
:1061300007F07DFF04F2351105462046FDF7E2FE2B
:1061400020460621FFF70EF8304607F070FF854223
:10615000044610D203F0E4FD0146601B322838BF2C
:10616000322003F02FFDB0FA80F0400970BD2946BF
:10617000C1E73346C3E70120F8E700BF780F0020EE
:10618000C00200207C0F002010B5154B1B69197947
:10619000436893F88620092A09D193F809218A4295
:1061A00005D1002283F8862083F8C22010BD9A6FA3
:1061B00012F0080406D022F00802BDE810409A67E9
:1061C00007F0DABFFF2905D1332283F8862083F850
:1061D0003442EBE740F24C513120FAF7CBFE00BFDE
:1061E000780F0020F8B50D79A5F10E03DBB2152B61
:1061F00004460DD8012606FA03F740F25122174251
:1062000008D14268152B92F8862028D0082B08D098
:106210000020F8BD024631462846BDE8F84008F0A7
:10622000C4BE212A01D02E2AF2D1204607F091FFC8
:10623000636893F88720222AEAD093F8D92022F0C5
:10624000010283F8D920626892F8D93023F008035C
:1062500082F8D9301A212046FCF73CFED8E7282ADC
:10626000D6D1034B1B68002BD2D09847D0E700BF94
:10627000BC0200202DE9F041A0F10E040029E4B297
:1062800008BF1F21172C13460AD80126A64040F24A
:1062900051273E4207D116F4600F23D1082C07D0B6
:1062A0000020BDE8F081BDE8F041002108F07DBE8E
:1062B000546894F88620212A08D11846FCF70AFE73
:1062C000002384F8863084F8C230E9E72E2AE7D12B
:1062D00094F88720A2F120010629F1D92E2AEFD0C7
:1062E0002A21EAE7054A1468002CD9D00A4601465B
:1062F00018462346BDE8F041184700BFB802002009
:106300002DE9F7437F4D0646AC68002840F0A48095
:10631000AB891A0724D594F80E31FE2B04D140F234
:10632000CF513120FAF726FEFE2384F80E3194F87F
:1063300087301A2B06D184F8C700281D07F01CFFF0
:1063400084F8876094F88630202B33D0332B3FD0ED
:1063500094F88830072B02BF02232B7684F80E3185
:10636000AB89DB073DD4AB895F0700F1AB809907B0
:1063700040F1B280AB68012283F80F212B69DF78EE
:106380000D2F00F0A680112F00F0B180072F00F034
:10639000B0803846FDF7AEFF0346002840F09A80F3
:1063A000FF2F40F0A880AA68332182F8861082F877
:1063B000340291E094F88730A3F12002062A05D92F
:1063C0002E2B03D0212384F88630C1E72E23FAE751
:1063D000012384F83532002384F8863084F8C230F3
:1063E000B6E7D5F80890D5F8148099F88730113BB6
:1063F0000B2B0BD898F80330023BDBB2092B7DD86E
:1064000040F2333222FA03F3D80777D54046FDF73E
:10641000F9FA98F8037020B939463B4807F0D4FEE2
:1064200049E0012F01D9162F30D199F8860007F0E5
:10643000B8FE40B199F88630202B04D0212B07D12B
:106440002E2389F886303846FDF742FF03462AE0BE
:10645000162F14BF022620262B781B0712D594F87E
:106460008730113B0B2B4BD9002501A90320019547
:10647000FBF7ECFD019B2BB11D720C22019821460C
:10648000FDF7DAFC304603B0BDE8F083112F0ED0E3
:1064900005D8072F14D00D2FD5D11C4B08E0142F91
:1064A000D1D11B4B1B681BB998F80310B5E7194BEA
:1064B00069691548984700283FF455AF0646CBE771
:1064C000154BF5E794F88820062A04BF01222A76A6
:1064D0004DE7124B0C489847AB89DA06BCD594F8C7
:1064E00087300A2BB8D10B2384F88730B4E70C4BE4
:1064F000F0E70C4BEEE740F2C25112E70826ABE79B
:106500000820C0E7780F00207C0F0020E9F0000091
:10651000B402002031F10000E561000079F00000D4
:1065200097F00000896100002DE9F74FB64F0E4645
:10653000B989BC688D0556BFB4F8B8200023013274
:1065400004F1780A804646BFA4F8B83084F8AF3129
:10655000A4F8B820504608F0B6FD30B10B4604F55B
:10656000967221465046FEF771F8BB8903F4C0636A
:106570002BB194F88A30002B47D0032B4CD094F8E1
:106580008A20BB89012A04D1180544BF022284F85D
:106590008A20B8F1000F40F0958059065DBFB4F82D
:1065A000C821013292B24246A4F8C82103F00A027F
:1065B0000A2A0DD13A69D278022A09D123F00803B8
:1065C0003046BB81FFF79CFE08233043C6B2BB8137
:1065D0003046FFF795FEBD6895F80E313043FE2B2F
:1065E000C6B23CD1DEBB95F88830063B012B36D9CC
:1065F00095F81831ABB195F81931A5F8BC6085F85C
:1066000010310122022128462BE1012184F88A1051
:106610002046FEF7A7FDB2E7022384F88A30012165
:10662000F6E795F88790A9F110095FFA89F9B9F1B1
:106630000C0F40F2ED80AB6FDA0702D5324609212C
:10664000E1E7980740F1938032460C21284608F094
:10665000FAFC95F8C93043F0010385F8C930B4F865
:10666000A83194F8AC510133A4F8A831002D00F002
:10667000FD81FBF7DDFC10B10023A4F8A83194F8EC
:106680008A10012940F2278294F88830072B40F0C5
:106690000582B4F8B830022B40F21D82B4F8BA502B
:1066A0000135ADB2B4F880302B44A4F8A03194F891
:1066B000AD31002B00F013820123B4F88020134485
:1066C000A4F8A431BB89BD685B065FBFB5F8B431DF
:1066D000B5F8A6219B189BB248BF0023A5F8B4319A
:1066E00095F8183123B995F88830063B012B06D868
:1066F000B5F8BC30B5F8A6211344A5F8BC3095F820
:10670000C21031B1B5F8BE30B5F8A6211344A5F8D2
:10671000BE3095F9C620002AC1BFB5F8C430B5F81F
:10672000A6011B18A5F8C43095F8A93063B9B8F1D3
:10673000000F40F065823B7E022B40F0178295F8F7
:106740001031062B18BF162395F8A82022B92F4820
:1067500085F8A930FDF7E0FD284608F022FD00236A
:1067600084F8AB3103B0BDE8F04FFCF71BBD59070F
:1067700002D53246132146E71A0706D595F80831A7
:1067800085F81031324607213DE713F0300F35D040
:1067900095F81B31002B4AD195F81A31CBB195F8F9
:1067A0008730252B05F58D7105F23E2224D095F812
:1067B0008630A3F1250043424341284607F03BFCC5
:1067C000AB6F23F0200343F01003AB67002385F881
:1067D0001A31AB6FDA062AD505F235112846FDF7D6
:1067E00091FBB5F85230A5F81031B5F85630A5F840
:1067F00012310022152106E70123DEE75B0616D5DC
:1068000000222421FFE600BF780F00207C0F00202B
:10681000D7F808B09BF88730113B0B2B0ED8DFE878
:1068200003F01D0D0D0D232C0D0D0D0D0D55B8682C
:1068300090F88730222B4FD0312B4AD095F88630F4
:10684000002B59D195F88730103B0C2B5CD995F86B
:10685000B630002B58D001221221D4E600220B21A1
:10686000584608F0F0FBFAE65846FDF7C9FD002847
:106870003FF4F5AE00220421F2E79BF83032012B01
:1068800008D100220521584608F0DDFB00238BF8D3
:106890003032E4E69BF83032022BD9B27FF4DFAE1F
:1068A0009BF8C85025B106238BF810310022EAE787
:1068B00003210622B34807F06EFC9BF8D83013F092
:1068C000040F2A460CBF0D211121DCE7002206210E
:1068D000C6E700221121C4E790F82431022B02D12F
:1068E00000221721BDE790F82431012BA6D190F8A2
:1068F0002531002BF4D0A1E7092B05D195F80931FA
:1069000085F8103101223EE7B9F10C0F7FF6A7AEF2
:10691000D7F8089099F886B0BBF1000F40F08C8052
:1069200099F82B313BB101220E21484608F08BFB30
:1069300089F82BB1ADE799F82A3193B199F8C9B02C
:106940001BF003030DD101220C2148464BF0010B33
:10695000019308F078FB89F8C9B0019B89F82A31C6
:1069600097E799F81A3133B399F81B311BBB99F8A3
:106970008730252B09F58D7109F23E2219D099F83F
:106980008630A3F1250043424341484607F053FBBC
:10699000002389F81A3101221421484608F053FBDC
:1069A000B9F85230A9F81031B9F85630A9F81231B7
:1069B00055E60123E9E799F82431012B4BD199F8E9
:1069C0002531002B47D199F88730A3F12002062A00
:1069D00041D92E2B3FD099F86800012806D0022813
:1069E00004D04FF461710620FAF7C4FA99F86910DF
:1069F000012901D00229F4D1022899F826210BD0CF
:106A0000012A14BF0022012242B90A3B042B13D9E8
:106A100001221621484624E7022AF2E7022999F8C2
:106A2000272116D0012A14BF00220122002AECD00F
:106A300054480021FCF74EFA95F88630002B7FF47D
:106A40000EAE95F83432002B3FF409AE0122FF213F
:106A5000D9E5022AE7E74C4B1B68002BECD04948EC
:106A60009847FE280146E7D00122D3E7FBF7DAFA80
:106A700008B1A4F8A851FBF7E3FA00283FF4FFADF2
:106A800094F8AF310133DBB2022B84F8AF3182BF0F
:106A90000023A4F8A83184F8AF31F0E594F8B630BB
:106AA0001BB194F886300F2B15D1B4F8BA50B4F856
:106AB000B8305046ED1A033D08F005FB68B1D4F834
:106AC000B030D4F8AC20033B9B1A9D42A8BF1D46B2
:106AD000012D3FF7E6AD0125E4E52B46F5E7012D55
:106AE0007FF6EAAD94F8873013B10B2B7FF4E4AD59
:106AF00094F88630002B7FF4DFAD94F88830002BBB
:106B00007FF4DAAD02297FF4D7AD94F8AF31002BD2
:106B10007FF4D2AD2069B4F82E9005F0F9FD00287D
:106B20003FF4CAAD94F80E31FE2B7FF4C5ADB4F836
:106B3000A231012B7FF6C0ADB4F8A821238C9A4274
:106B4000BFF4BAAD9B1A9BB2013DADB2B5FBF9F5EE
:106B50009D4228BF1D4619FB05F3003D03F10103CB
:106B600018BF01259BB284F8AA51A6E5012B0DD1CF
:106B700095F88930002B7FF4E7AD00212846FEF719
:106B8000F1FAECE57C0F0020C40200205EB1F006B3
:106B900034D4310734D4B20634D4B30734D140F6F8
:106BA0004421312020E739B1B5F8BE10B5F8C03026
:106BB000994201D32223C7E5002A05DDB5F8C42098
:106BC000B5F8C0309A42F5D2B5F8BC20B5F8BA3065
:106BD0009A420AD295F88A20B5F8B83052B1B5F881
:106BE000BA209A42C9D80823AEE595F81831002B8F
:106BF000E0D1EFE7052BC0D93E23A5E51E23A3E591
:106C00003D23A1E523239FE52A239DE5634B73B52F
:106C10000025012604461E7198609D811D701D7619
:106C2000FF2380F8AB310088FCF77CFA2088FCF762
:106C3000A3FAB4F8A231E3B194F80E31FE2B18D1C7
:106C400094F81831ABB194F88830063BB34210D9B0
:106C500094F81931A4F8BC50204684F8103132461B
:106C6000022108F0F0F984F8AA510220FFF70CFA8B
:106C700003E094F80E01FE28F8D1B4F8A611B4F898
:106C8000A821E38D013989B2B1FBF3F31344A4F8D1
:106C9000A831B4F8B83004F178060B44A4F8B83041
:106CA000304608F010FA20B1D4F8AC300B44C4F8E8
:106CB000AC30B4F8A231012B9CBF0133A4F8A2314F
:106CC000002509B184F8AF5194F8873084F8AA51AF
:106CD000A3F10A02012A1DD8B4F88030B4F83C228E
:106CE0009B1A19042FD404F23E2104F18E0006F001
:106CF0006DFF84F88750FF2384F8C330B4F8A621D1
:106D00002146304606F0A8FF98B340F6C81131205E
:106D1000FAF730F9252B16D1B4F83C22B4F88030BC
:106D20009B1A1A040FD484F88750FFF7D9F901464B
:106D300030B984F8240102B0BDE87040FFF7F4BB1D
:106D400084F82451DAE794F8863003F0FD03252B0C
:106D5000D4D1B4F88030B4F83C229B1A1B04CDD4B3
:106D6000002384F88630FFF7BBF901460028C5D11F
:106D7000E1E70B4B0B49009303C90B4B0B4AFBF7A5
:106D800033F894F88730113B0B2B04D802B0BDE8E0
:106D90007040FBF721B802B070BD00BF780F002033
:106DA000296500007C0F0020ED5E0000255F0000DB
:106DB000D0F844328269934210B5044604D1D0F829
:106DC0004812026A914215D02288A4F88A2140F222
:106DD000E242B3FBF2F3A4F88C31B4F84832A4F8E1
:106DE0008E31B4F84A320949A4F8903104F5C070E4
:106DF00007F0A6F802212046FCF74AFD002384F89C
:106E00008730032384F88A3010BD00BFD9E2000028
:106E100008B5FDF783F9024B024A1A6008BD00BFAE
:106E2000B4020020E15F0000064BD3F8000138B146
:106E3000D3F8040120B1D3F80801B0FA80F040097A
:106E4000704700BF00F00040034B00221A705A70D8
:106E500010229A70704700BF930F002070B506464D
:106E6000022014460D4600F0ADF9064B01221A70BF
:106E7000054B033CC3F81045C3F80865C3F8045537
:106E800070BD00BF930F002000F0004008B5022045
:106E900000F098F9084B01221A70084B0022C3F841
:106EA0000021C3F80421C3F8082103F580334FF40F
:106EB0000002C3F8042508BD930F002000F0004035
:106EC0000E4A08B5137883B10D4B4FF40001C3F897
:106ED0000815FFF7A9FF68B101235370094BD3F8D8
:106EE0000034DBB2937000231370BDE8084000202B
:106EF00000F068B950701023F4E700BF930F002032
:106F000000F0014000F00040094B1A7862B1094BD3
:106F1000D3F8002152B1D3F8040140B1D3F80801ED
:106F2000B0FA80F0400970475878704702207047E7
:106F3000930F002000F0004008B5074B1A783AB1D3
:106F4000FFF772FF30B1054BD3F80004C0B208BDA3
:106F50009878FCE71020FAE7930F002000F000403B
:106F6000024B00221A705A709A707047960F0020D8
:106F70002DE9F041044601201E460F46904600F0E0
:106F800021F904F0030040EA0643184D18482E7119
:106F900043F08073C0F80435164BC0F808751B68C1
:106FA000062B07D001331EBFD0F8183568F307034E
:106FB000C0F81835104B114AC3F8082514F0FB0F20
:106FC00001BF0F4AC3F89825FC3AC3F89C2501225B
:106FD000022C6A70EC7007D8054B2A700021C3F8A8
:106FE0000011C3F800121A60BDE8F081960F00206E
:106FF00000F00040F811002000F001400000020203
:1070000000F1004070B5194C637823B94FF4077153
:107010003C20F9F7AFFF164BC3F80C15C3F8100569
:10702000E5780122A270C5B924780CB9E321EFE715
:10703000104CC3F804514FF40035C4F80455D3F88C
:10704000006116B15A60C4F808550B7803704B788C
:10705000043343708B78837070BD00212270C3F8B5
:107060000411C3F800221A60F6E700BF960F002053
:1070700000F0004000F001400E4A08B5537823B9F3
:107080004FF412713C20F9F775FF0B4BC3F80C1548
:107090000121C3F810059170127812B940F20F1156
:1070A000F0E70022C3F80421044B4FF00072C3F84C
:1070B000042508BD960F002000F0004000F00140BC
:1070C000084B1A784AB10849084AC1F80825002235
:1070D000C1F89825C1F89C251A7000225A709A7040
:1070E000704700BF960F002000F001400000020230
:1070F000194B1B7870B523B940F28A213C20F9F76F
:1071000039FF164CD4F80431BBB90223C4F8043358
:10711000134B144E1D691A6942F0100205F0100558
:107120001A61D4F804317BB125B90D4A136923F0F3
:10713000100313610223C4F80833084BD3F800048A
:10714000003818BF012070BD4FF40043C6F88031ED
:1071500008F09FFAE5E700BF960F002000F000401E
:1071600000ED00E000E100E0014B01229A60704771
:1071700000F0004008B50A4BD3F80025032A04BFED
:1071800001229A600022C3F80025C3F80025FFF70A
:1071900097FF044B4FF40002C3F8082508BD00BF59
:1071A00000F0004000F00140054B4FF40042C3F8EE
:1071B0008020BFF34F8FBFF36F8FFFF7DBBF00BFA0
:1071C00000E100E010B50446FFF7D4FF012C06D023
:1071D000022C0CD054B18C213D20F9F7CBFE0B4B87
:1071E0000222C3F800250A4AC3F8142510BD074B34
:1071F0000322C3F80025064AC3F8142503F580339B
:107200004FF40002C3F80425F0E700BF00F000408F
:107210009B0F0020044B1868062818BFB0F1FF3FF1
:107220000CBF012000207047F811002008B5FFF7BF
:10723000F1FF38B1044B1868063810F1080F94BFFD
:107240000020012008BD00BFFC11002008B5FFF799
:10725000E1FF38B1044B1868063810F1080F8CBFF5
:107260000020012008BD00BFFC110020064B0022B9
:10727000C3F80021C3F80C21C3F81021C3F804217E
:10728000C3F80821704700BF00100040024B0022E5
:107290001A809A701A717047A810002038B5144DE2
:1072A00095F83D200346084622B940F6B2113E202B
:1072B000F9F760FE6BB9012AAC6B95F83C1005D16B
:1072C00000F082FE20442B6BC01A38BD08F015F880
:1072D000F8E7012B0AD1012AAC6B95F83C1002D1DA
:1072E00000F064FEEEE708F013F8EBE70020EAE7B1
:1072F000A810002008B5094B012883F82400084B8A
:1073000006D0022808D040F6E2613E20F9F732FEAE
:107310000322C3F8102508BD0422FAE7A8100020B4
:107320000010004008B5144B93F84A30D90720D517
:107330009A070ED5114BD3F8002242F00102C3F890
:107340000022D3F8500500F0F600023818BF0120E3
:1073500008BD5B070DD50A4B0A4AC3F8AC25A3F557
:10736000B833D3F8403123B140F28A713E20F9F7A7
:1073700001FE0120ECE700BFA81000200010004033
:1073800000F001400810004008B570B9104B2831DA
:10739000D96018460F4900F0BFFE0130012816D908
:1073A00040F66D013E20F9F7E5FD01280CD1084BB0
:1073B0002931D9601846074900F0B4FE0130012890
:1073C00005D940F67701EDE740F67B01EAE708BD15
:1073D000280000202C99020008B50C4B9B78012B4B
:1073E00009D100F0A5FE013001280ED940F6042194
:1073F0003E20F9F7BFFD022B07D100F09FFE0130C0
:10740000012802D940F60A21F2E708BDA8100020A1
:10741000094B0A4A1B8DB3F5166F3ABFA3F6381312
:1074200043F48073A3F5166300F07F00C2F80835BB
:10743000C2F85405704700BFA8100020001000409B
:1074400037B50D460446FFF755FF2846FFF7E0FF26
:107450001B4A01AB92F925202946204600F0F6FD93
:107460009DF8050000F070FE20B140F255713E20FD
:10747000F9F780FD9DF9040000F090FD114A40F2FB
:107480000313C2F8343540F25B63C2F83835FFF7B6
:10749000CDFE90B14FF08053D2F88825D3F8203339
:1074A000022C22F4FE420CBFC3F30663C3F306238F
:1074B00042EA0323034AC2F8883503B030BD00BF57
:1074C000A81000200010004010B50C46FFF712FF76
:1074D0002046FFF79DFF0F4A0023C2F81C31D2F867
:1074E000003243F48873C2F8003240F20313C2F84A
:1074F000343540F25B63C2F83835FFF797FE40B988
:10750000FFF7A4FE28B9D2F8683543F4C023C2F8C7
:10751000683510BD00100040F8B5414C0D461646C8
:107520000746002847D10123A3702378012B2BD1D4
:107530003C4B33F812304FF47A7203F5FA73B3FB15
:10754000F2F3CD1A236B384A384E1D44384BC6F837
:107550004055C2F8A835236C43F4002323644FF44C
:107560000023C2F804352378002B47D194F84A3021
:1075700043F0020384F84A30FFF7D4FE04460028A3
:1075800043D100242046F8BD104694F82610FFF79A
:1075900057FF284B33F816304FF47A7203F5FA731D
:1075A000B3FBF2F3ED1A2378002BCBD11E4B224A0A
:1075B000C3F8AC25C6E701281BD10223A3702378AA
:1075C000012B0AD11C4B0022C3F81C21D3F8002246
:1075D00042F48872C3F80022B4E794F826101046EB
:1075E000FFF772FF2378293D002BABD10E4B134AD6
:1075F000DEE74FF413613E20F9F7BCFC012BBBD151
:1076000094F84A3043F00403B4E70123F364D6F856
:107610004C35AB42B5DA29463846FFF7B5FEB1E73F
:10762000A8100020AA99020000F00140008000404C
:1076300040810040A4990200001000400410004066
:1076400008B560221148002104F01CFCFFF71EFE63
:107650000F4B1B6823F004020A2A05D0102B03D01D
:10766000082B0ED1402200E024220A48FF2104F01A
:1076700009FC4FF080430022C3F8082EC3F8102EF7
:1076800008BD0D2BEED03822EFE700BFA810002078
:10769000F8110020000E0040024B0344187E00F554
:1076A000166070472C990200014B93F83C0070471C
:1076B000A8100020024B986B1B6BC01A704700BFCC
:1076C000A81000200A4B93F83C20D3E90C30C01AD4
:1076D000084B03EB82031B6CC01A074B53F8223094
:1076E0004FF47A7203F2F313B3FBF2F3C01A70474C
:1076F000A81000202C9902009899020008B50F4AA2
:1077000092F83C10012906D0022914D040F2C6217B
:107710003E20F9F72FFC40F6B830D2E90C239B1A33
:10772000074A02EB8102126C9B1A4FF47A72B0FB8B
:10773000F2F0184408BD4FF4FA60EEE7A8100020FC
:107740002C990200FF2808B504D940F2E5213E201B
:10775000F9F710FC124B0129A3F8480004D00229C4
:1077600019D040F24131F2E700230E4A43F480136E
:1077700040F0007043F4847340F44030C2F8143594
:10778000C2F81805D2F8503503F0F703032B05D1E2
:107790004FF45671DBE74FF08073E6E708BD00BF9A
:1077A000A81000200010004008B5FFF73FFD50B1C1
:1077B000054AD2F8743723F0807323F0010343F0B5
:1077C0008073C2F8743708BD001000403D4B0222A0
:1077D00070B5C3F88020BFF34F8FBFF36F8F3A4A65
:1077E0000023C2F8FC3F0123C2F8FC3FFFF72EFD47
:1077F00028B1D2F83C3743F48063C2F83C37FFF736
:1078000009FD58B1D2F83C3723F0004323F0FF03C1
:1078100043F0004343F09603C2F83C37FFF706FD00
:10782000294C38B1D4F8403723F47F4343F4B053A4
:10783000C4F84037254BC4F8783700F097FC38B1CE
:107840004FF08053D3F830335A1C18BFC4F84C376C
:107850004FF010231C4C1A6E1D4D531C1EBFD4F844
:107860008C3562F31743C4F88C350123C4F83035E6
:1078700085F824300323C4F8103540F20123C4F8FE
:1078800050360226134BC4F80062187C00F074FCDA
:10789000114B124AC3F804250023AB87AB6385F86C
:1078A0004A3002F083FA074B28631022C3F8806144
:1078B000C4F804231E602B6E03B19847BDE87040E6
:1078C00000F01EBC00E100E0001000402C00008928
:1078D000A81000202800002000F001400000020C49
:1078E000014B83F825007047A8100020034B020EBF
:1078F0000002C3F82425C3F81C057047001000409F
:10790000044B054A034482F826001B7E03F51663E8
:10791000138570472C990200A810002010B504466A
:107920000068FFF7E3FF094B6268C3F83C25207A43
:10793000FFF7E6FF617A6089FFF704FF607AFFF7DF
:10794000D9FC034B227B83F8252010BD001000409A
:10795000A8100020F8B5294C94F84A30DA070646FA
:107960000F4604D440F6BE013E20F9F703FB244D38
:10797000D5F8002243F0020342F00102C5F80022CC
:1079800084F84A3020BB012394F82610A3703846AF
:10799000FFF756FDA378012B02D040F6CA01E3E7BA
:1079A000184AD3642B60174BD3F84C553046294600
:1079B000FFF7EAFC236BED1AEEB9134B33F81730DF
:1079C0004FF47A7203F5FA73B3FBF2F35819F8BD6A
:1079D0000128E8D1022394F82610A3703846FFF757
:1079E00073FDA378022B02D040F6D201BCE7054B11
:1079F000DE646E60D7E705F12900E8E7A8100020F3
:107A00000010004000800040A499020008B5FFF774
:107A100083FD58B9064BC3F84005A3F5E0430122A6
:107A20001A610220BDE80840FCF726BA08BD00BF75
:107A30000080004037B5244B2449D3F80443022288
:107A40004FF0FF30C3F80803C1F880212049C3F884
:107A50000022002281F84A201E49C1F8402501F584
:107A6000B8314FF46025C1F80855D3F85015C9B2A4
:107A700004F01004D1B18DF80700C3F810210122E1
:107A80001A619DF8072012B1D3F810213AB19DF880
:107A900007305BB940F6F2113E20F9F76BFA9DF81A
:107AA0000720013AD2B28DF80720EAE7FFF794FCED
:107AB00005490023C1F81031FFF7E8FB14B110238A
:107AC000C1F8043303B030BD0010004000E100E015
:107AD000A81000200080004038B51B4D0024C5F8D8
:107AE0004845C5F84445C5F84045C5F84C45FFF73D
:107AF000A1FF00F00BFB154B15491A6C1C6442F0FA
:107B0000446242F40032C1F80825C3E90D441C77F1
:107B1000104BC5F848450222C5F84445C5F8404514
:107B2000C5F84C45C5F84841C5F84441C5F8404141
:107B3000C5F84C41C3F88020BFF34F8FBFF36F8F60
:107B4000C3F8802138BD00BF00800040A81000208D
:107B500000F0014000E100E0014BC3F83C05704734
:107B60000010004010B50FC8014C84E80F0010BD94
:107B70000C11002008B50B4BC3F804050A4B93F811
:107B80004A20586442F0010283F84A20FFF7CAFBFA
:107B900030B9FFF74FFFBDE808400320FCF76CB990
:107BA00008BD00BF00100040A8100020154B1A6B44
:107BB00010449A6B824210B504D340F6A8213E20AF
:107BC000F9F7D8F9104A1862012119775164D2F8EF
:107BD00044450534844205D30C4BD3F8042102B943
:107BE000196110BD0021C2F84411C2F844051A6C95
:107BF00042F480021A64064B4FF48002C3F8042555
:107C0000EFE700BFA81000200080004000100040F7
:107C100000F0014010B50E4C034694F83D0094F876
:107C20003C100222012822774FF0960094F824207D
:107C30000BD100F0D5F9074A20620023C2F8443185
:107C4000A36B0344C2F8443510BD00F0E3F9F2E73A
:107C5000A810002000800040044BC3F86005D3F852
:107C6000002242F04002C3F800227047001000409A
:107C7000054BD3F8002222F04002C3F80022002274
:107C8000C3F86025704700BF001000400A4A014653
:107C9000D2F81C0182B068B1D2F8483503F07F03F6
:107CA0005B420B700023C2F81C31D2F81C310193E7
:107CB000019B012002B07047001000400022044BDD
:107CC00090421A7014BF02220122D9705A70704774
:107CD000A8100020054B0022C3F84025044AD2F822
:107CE0005035DBB20BB101231361704700800040B7
:107CF0000010004030B5044BD3E914459B6DC0E93A
:107D000000450B6030BD00BFA81000202DE9F047F2
:107D1000954D964C0123EB64D5F84C25236BB4F8B4
:107D20004870A2EB030802F047F8C4F85880C4E991
:107D30001401FFF751FB8E4B226CC3F8082500217C
:107D40008C4A2164D2F8003223F48E7323F00103AD
:107D5000C2F80032237F84F84A1023B1D5F84431A9
:107D60005B1A18BF0123A17801290AD1D2F80C515E
:107D7000002D43D17F4BD3F81031A3B145F010054E
:107D800011E0022938D17B4AD2F80C51D2F80024F4
:107D9000003D18BF01256D00D10758BF45F004050F
:107DA00033B345F00105FFF761FAEA06A37803D57E
:107DB000012B08BF45F020056B4A94F80190D2F8DA
:107DC0004815A163D2F8442584F83D3094F8243056
:107DD000626384F83C30B9F1000F11D1FFF756FA15
:107DE00084F81C90EE0740F1A280636E984763E030
:107DF00015F00B0FD7D1BDE70025BBE70825D2E76B
:107E000015F0110F0ED123792678B9F1010A18BFA8
:107E10004FF0010A012B67D0022B7AD02BB140F62C
:107E2000464169E0FFF706FEDCE796215046FFF782
:107E300035FA0146FFF72AFA012E74D1B9F1010F84
:107E400014BF252337239844884567D90220FCF7BF
:107E500013F8484B1E61A8076BD5FFF7E7F9E0B9A7
:107E6000FFF7F4F9C8B9434BD3F85034D90114D50E
:107E70001A0705D013F0F00F02D013F4706F0CD175
:107E80003C4AC3F304410129D2F8542405D1012A04
:107E900003D0C3F34253022BA7D9636C5B78BB4278
:107EA00088BF45F00405C5F3800080F00100A36E93
:107EB000314600F001009847A378022B12D1237FAE
:107EC00083B1022B284A43D1A36B216A0B44C2F829
:107ED0004435236C43F480032364254B4FF4800224
:107EE000C3F80425BDE8F0872348FFF717FD94F891
:107EF0003D3023B940F6B5013E20F9F73BF8012BA0
:107F000004D1FFF7FBFBA369C11893E7FFF7DAFB86
:107F1000F9E71948FFF702FDA1698BE7124B2670BC
:107F20000022C3F84021E2785046FFF76FFD00269B
:107F300091E715F0280F05F0200105D0B1FA81F185
:107F4000E36E49093046B6E7EB06B5D5236F4DE73A
:107F5000012B02D040F6A551CEE7236AA16B8B42DC
:107F6000B5D840F6A651C7E700800040A810002011
:107F700000F0014000100040B0100020024B03EB65
:107F80008003186C704700BF2C990200024B03EB72
:107F90008003D86C704700BF2C990200024BC0B21E
:107FA000C3F80C05704700BF00100040054B33F8C4
:107FB000113002384FF47A7203F2E733B3FBF2F375
:107FC0001844704790990200044B4FF47A7233F8CA
:107FD0001130B3FBF2F3013318447047909902005B
:107FE00038B51D460A4B33F8114003EB82030535C3
:107FF0009B681C4404F6B7344FF47A7303FB0044C7
:108000001046B4FBF3F4FFF7B9FF2544284438BD0C
:108010009099020070B5064608461546FFF7B6FF70
:10802000094B03EB85039C684FF47A7304F6B7346D
:1080300003FB0644241A2846B4FBF3F4FFF79EFF23
:108040000530204470BD00BF909902002DE9F04F2B
:10805000264C87B0074698460D46164602F0F2FBBE
:108060002378BB42814611D16378AB420ED194F99B
:108070000230B3420AD1E378834207D1A388A8F83B
:10808000003094F9060007B0BDE8F08F7B1EDBB22C
:10809000032B0DD8164A12F803A029460DF1170339
:1080A0003246504602F0D4FB38B14121A92002E00B
:1080B00040F2FE410620F8F75DFF039028469DF947
:1080C00017B0FFF7E9FA039A009203465246414679
:1080D000584600F03FF8B8F80030A071A380277030
:1080E0006570A67084F80390CBE700BF40000020C5
:1080F000B0990200014B1B681B681847C80200209A
:10810000014B1B685B681847C8020020014B1B68C5
:108110009B681847C8020020014B1B681B69184761
:10812000C8020020014B1B685B691847C802002089
:10813000014B1B689B691847C8020020014B1B6854
:10814000DB691847C8020020014B1B689B6A18476F
:10815000C802002030B4044C9DF8085024680295F1
:10816000E468A44630BC6047C8020020014B187880
:10817000704700BF3418002010B500220C49134688
:1081800040FA02F4E40744BFCA545C1C02F1010245
:1081900048BFE3B2042AF3D1054AFF24D118032BC8
:1081A00001D9107110BD013301F8014BDBB2F6E7C4
:1081B0004018002008B5074801F0F6F9054800F01E
:1081C00039F801F099FE01F07BFE00F0A1FC0120DE
:1081D00008BD00BF4412002008B501F0C1F901F04C
:1081E0002FFF01F00BFFBDE8084000F0ADBC00BF61
:1081F00002F01EB801F00ABA10B5EFF3108472B69F
:1082000001F004FA04B962B610BD00BF01F010BA63
:1082100002F0ECB802F082B902F094B902F0E2B9CF
:1082200002F0E6B902F0A6B808B52721032003F052
:1082300039FB00BF024B186000221A719A60704728
:108240004C12002070B582B01E4C2379012B11D046
:10825000DAB2022A0BD1A0680DF1070100F08CFC04
:108260000023A36023719DF8070002B070BD0120B8
:1082700002B070BDA0680DF1070100F073FCA568A5
:108280006B7DDB07ECD5AB7F042BE9D001F014FA52
:1082900006460028E4D001F015FA2A69B3682E6872
:1082A0006D68961945F1000500220A3342F100027B
:1082B0001B1842EB0102B342AA41D1D3A06800F0DF
:1082C0003FFDCDE74C120020837F0BB100207047AB
:1082D00010B50A684B688C68D1F80CC0C0F80CC0A7
:1082E0008460026043600A694B6943610124026152
:1082F0008477054B1A792AB998601C7101F078F9D6
:10830000204610BDFFF790FF4C12002070B50446C8
:1083100082B00D4601F0D0F9A37F012B17D02B6856
:108320006A68A9680646E868E060A1602360626048
:108330006A692B69626101222361A2770DF107014D
:10834000204600F00FFC2EB1012002B070BD0020CD
:1083500002B070BD024B0421186807F041F9F3E741
:108360004C12002070B5044682B00D4601F0A4F90D
:10837000A37F012B1CD02B686A68A9680646E868B1
:10838000E060A160236062606A692B69626101221A
:108390002361A27720460DF1070100F0E3FB084CB2
:1083A0004EB12068062107F01BF9012002B070BD14
:1083B000002002B070BD2068042107F011F9F0E739
:1083C0004C120020024B0621186807F009B900BFC3
:1083D0004C12002010B5EFF3108472B601F06CF966
:1083E00038B1064B0621186807F0FAF804B962B6EE
:1083F00010BDC921032003F055FA00BF4C12002024
:1084000010B5084B1A7952B90446986002221A71C5
:1084100001F0EEF8A07FB0FA80F0400910BDFFF740
:1084200003FF00BF4C12002038B5837FC3B1044660
:1084300009E0A37F042B09D0A37F012B11D007F003
:1084400028F9A37F63B1A37F032BF2D1EFF310854B
:1084500072B6204600F0AEFB05B962B6A37F2BB919
:1084600038BD4FF48971032003F01CFA40F20D115E
:10847000032003F017FA00BF38B5194B1A7962BB15
:108480000446986002221A7101F0B2F8A37F5BB92A
:1084900038BDA37F032B0BD0A37F042B08D0A37F71
:1084A000012B15D007F0F5F8A37F002BF1D1EFE7F2
:1084B000EFF3108572B6204600F07CFB05B962B67A
:1084C000A37F002BE4D040F20D11032003F0EAF962
:1084D0004FF48971032003F0E5F9FFF7A5FE00BF13
:1084E0004C12002010B582B00DF1070100F044FBE2
:1084F000044601F0E1F810B1204602B010BD40F290
:108500002F11032003F0CEF970B50D46044601F09B
:10851000D9F8A4680346E41841F10006284633461A
:10852000224600F09FFBA04271EB06034FF00005CE
:108530000CD3001B6FF0010361EB0601834275EB66
:10854000010100D370BD4FF0FF3070BD284670BDF3
:10855000F8B504460E46EFF3108572B601F0B2F896
:10856000A468241841F1000730463B46224600F03B
:1085700079FBA04271EB07034FF000060ED3001BFE
:108580006FF0010361EB0701834276EB010102D337
:1085900005B962B6F8BD4FF0FF30F9E73046F7E7AE
:1085A0002DE9F04185680C46002349195B4113B160
:1085B0000020BDE8F0811746064601F083F82A182E
:1085C00041F100033846A51843F1000800F04AFBCA
:1085D000A84271EB0801EBD301F02AFE00F0E8FAA3
:1085E000B368377523440120B360BDE8F08100BF54
:1085F0002DE9F843EFF3108872B6846863184FF0E2
:1086000000035B4133B10020B8F1000F00D162B626
:10861000BDE8F88317460D46064601F053F82218C8
:1086200041F100033846AC1843F1000900F01AFB91
:10863000A04271EB0901E6D301F0FAFD00F0B8FAAF
:10864000B36837752B440120B360DDE7837F012BCE
:1086500001D00020704700F019BC00BFD0E9000134
:10866000704700BF0069704701F02CB810B5EFF3F8
:10867000108472B601F026F804B962B610BD00BFCE
:1086800080687047007D7047F8B50369002B4ED1B4
:10869000044601F0CDFD05460E4602F0DDFC78B340
:1086A000D4E90003643546F10006A84273EB0602E4
:1086B00023D3C4E90003EFF3108672B600F0FCFF89
:1086C000054698B100F0FEFFAB6800220B3342F183
:1086D00000021B1842EB0101D4E90002834271EB56
:1086E00002053CBF03461146C4E9003106B962B633
:1086F0002046BDE8F84000F04BBB28463346D8E79B
:1087000002F0C6FC074600F0F3FFB8422168626839
:1087100038BF3846963546F10006401946F1000349
:10872000884273EB02053CBF08461346C1E740F29E
:10873000D511032003F0B6F8F8B5254C00222260CD
:10874000EFF3108172B6636823606260A26009B9BA
:1087500062B623686BB300259A79032AA3F1180047
:1087600028D01F6877B3BA79042AA7F11803844682
:108770004FF000060FD1818B9A8B521A12049A691E
:1087800044BF0CF11806184642B19C46A2F11803EA
:108790009A7F042AEFD09B7F032B15D196B13368C3
:1087A0001B683360C3688577022198472368002BD4
:1087B000D2D1F8BD196853F80C2C9D7121600121AC
:1087C0009047F3E72760EDE763219F2003F06AF805
:1087D000581200202DE9F84F3A4B4FF00008C2F82C
:1087E0000080D3F80CE0BEF1000F5ED0AEF1180CA3
:1087F000E1469246D9F81850002D45D0DCF80040EB
:1088000055F8186CDCF8042055F8147CA64277EB78
:108810000203A5F1180E50D3844272EB01030BD270
:10882000DCF810301B1942F1000298421C4671EB33
:1088300002033CBF04460A46864277EB01030BD293
:1088400055F8083C9B1947F1000798421E4671EB0A
:1088500007033CBF06460F46DCF808300A3348F1F0
:10886000000B1B1942EB0B029E4277EB02020BD26C
:108870009CF8143015F8042C9A4209D00ED3F14616
:10888000D9F81850002DB9D1E6467046BDE8F88FEA
:10889000AB88BCF81C209B1A1B04F0D509F1180307
:1088A000CAF80030D9F8183013B97046BDE8F88F0F
:1088B000F446A3F1180EF146E2E7BF219F2002F033
:1088C000F1FF00BF581200202DE9F043224EF4685A
:1088D0006CB30025A8460427AE46234653E906C2DA
:1088E000844572EB0109246823D253F8089C19EBE4
:1088F0000C0C42F1000284458A411AD2FDB12A686B
:1089000012682A609F71726883F800E083F801E0C2
:1089100083F802E083F803E07AB1B2681360B360D1
:108920004FF00108002CD8D1B8F1000F0DD1BDE8EF
:10893000F0831D46002CD0D1F6E77360EFE7F268B4
:10894000002ADFD01268F260DCE7044BBDE8F04398
:10895000187803F065B900BF5812002011030020F9
:108960002DE9F04F684B0468D3F80C8085B00546BC
:1089700082838A464068B8F1000F00F0BA80002672
:10898000A8F11802B446D2E900366F7D9C4270EB24
:10899000060107F00107C1462AD3F7B192F814C0C7
:1089A000297D8C4519D89168C91846F1000311F149
:1089B0000A0843F1000E444570EB0E0657D22E69AB
:1089C000361940F1000CB0457EEB0C0B01D2464647
:1089D000F4468E427CEB030C4FD39369944673B1FB
:1089E000A3F11802D2E900369C4270EB0601D4D202
:1089F000C846002F00F085801346624602E0C84654
:108A0000002F57D0AE68361940F10009002B65D011
:108A1000CDE90082D3E9007116F10A0C49F1000298
:108A2000BC458A4158D31A7D95F814C0944519D392
:108A30009A68D21941F1000112F10A0841F1000EC1
:108A4000444570EB0E0751D22F693F1940F1000CDD
:108A5000B8457EEB0C0B01D24746F44697427CEBBF
:108A6000010C0AD39B69002B36D0183BD2E726466F
:108A700084468E427CEB030CAFD2234A0423AB77AF
:108A8000516800232B766B76AB76EB7605F11802F6
:108A90001D4B002933D09B681A601C4B1A4918786B
:108AA0008A6003F0BDF800258AF8005005B0BDE8E3
:108AB000F08F9369294641F8183F916103AA00217C
:108AC0000020FFF787FE2D1AB5FA85F56D098AF8A3
:108AD000005005B0BDE8F08FDDE90082002AE8D142
:108AE0002B46094A43F8188FD360E7E727468446A8
:108AF000B4E76B7DDB07F3D54246434682E75A6015
:108B0000CBE76246EAE700BF5812002011030020BD
:108B100010B50A4C2378FF2B0AD1094803F056F808
:108B2000084B20700022DA605A609A601A8210BDE9
:108B30004FF484719F2002F0B5FE00BF11030020A6
:108B4000398700005812002010B5054C2078FF2806
:108B500000D110BD03F054F8FF23237010BD00BFF7
:108B600011030020034B1A8A02F1010CA3F810C074
:108B7000F6E600BF5812002030B583B004460D461B
:108B800001AA00210020FFF725FE0346E31AB3FAED
:108B900083F35B0905482B7004F1180106F046FDCC
:108BA00010B10023A377012003B030BD6412002070
:108BB0008AE600BF70B5154E7368054600F11801CE
:108BC000BBB17368002423B913E01A681C4682B154
:108BD00013469942F9D10CB1AA6922607268914298
:108BE00004BF1B687360B36899420AD00023AB7757
:108BF00070BD064806F01AFD0028F9D00023AB77B7
:108C0000F6E70023B460AB77F2E700BF581200200C
:108C100030B5054683B00C46FFF756FE01AA28463C
:108C20002146FFF7D7FD28B1054B00F118025A6124
:108C300003B030BD024B02465A6103B030BD00BFE5
:108C40005812002010B5064C616904F10C0006F0C2
:108C5000EDFC18B1606900231838636110BD00BFD6
:108C6000581200201C49C96839B3A1F1180C9CF8AE
:108C7000141081421DD870B5DCE9004112F10A05DB
:108C800043F1000EAC4271EB0E0620D2DCF810600E
:108C9000341941F10001AC4271EB0E0115D2DCF840
:108CA000181071B1A1F1180C9CF814108142F6D87B
:108CB000E2E7DCF818100029D7D14FF0FF30014669
:108CC00070474FF0FF30014670BD2C467146B4F13D
:108CD0000A0041F1FF3170BD5812002010B5837FAA
:108CE000022B06D0837F012B02D0837F042B1DD162
:108CF00010BD437D13F0020313D103210E4A817787
:108D00005468037600F1180143768376C3765CB12C
:108D100093681960094B9160BDE81040187802F023
:108D20007FBF0023837710BD5160F3E74FF4FB71E1
:108D30009F2002F0B7FD00BF581200201103002051
:108D400070B5114D00F118060446314605F10C00CE
:108D500006F06CFC98B10423A3776A68002323769D
:108D60006376A376E37642B1AB681E60074BAE60D4
:108D70001878BDE8704002F053BF6E60F6E74FF41C
:108D800000719F2002F08EFD581200201103002078
:108D90002DE9F04F066983B0002E70D1D0E900159F
:108DA0008368077DEFF3108472B6DFF8DCC0DCF86F
:108DB0000C20002A5CD013F10A0EBCF81080CDF80C
:108DC000048046F10006183AB046D2E9003611EBAD
:108DD0000E0A45EB08099A4579EB060C48D38B42FD
:108DE00076EB050C28D3D2F810C01CEB030C46F12F
:108DF000000BD4457BEB090B34BF4FF0010C4FF057
:108E0000000CBCF1000F13D092F814C0BC4526D062
:108E100034BF4FF0010C4FF0000CBCF1000F07D035
:108E200013F10A01936846F10005591845F1000550
:108E30009269EAB1183AC8E7D2F808A013F10A0C0F
:108E400046F100091AEB0C0C49F10009614575EB7C
:108E5000090934BF4FF0010C4FF0000CD1E7B2F814
:108E60001CC0DDF80490ACEB090CCCF3C03CD4E79B
:108E700004B962B6C0E9001503B0BDE8F08F40F256
:108E80001F219F2002F00EFD5812002070B50546EC
:108E900082B00C4601AA00210020AE8BFFF79AFC9D
:108EA0000346EB1AB3FA83F35B0910488DF80330DD
:108EB00005F1180106F0BAFB98B10023AB77A44680
:108EC000BCE80F002C460FC49CE80300324684E83F
:108ED000030028460DF10301FFF742FD012002B017
:108EE00070BD40F24A219F2002F0DCFC6412002099
:108EF000024B0521186806F073BB00BF70120020FA
:108F0000042970B512D00CD905292ED1194E7579C6
:108F100005F0FD05012D11D040F2BF11B02002F087
:108F2000C1FC0239012920D8002070BDFFF78AF961
:108F30000028F9D00F4B01221A71F5E70446B079E9
:108F40000028E9D1B3689847D6E90401B3690A4A11
:108F5000B571323841F1FF31C01841F1000101F023
:108F6000F1F8064B2360022070BD40F2C911B02019
:108F700002F098FC70120020F18E0000E1920000D7
:108F8000054BD86910B1C3680621184710B540F2E7
:108F90008D21B02002F086FC701200202DE9F843EC
:108FA0001646002B6AD0D3E90089804579EB01038E
:108FB0003CBF89468046474F04460D4640464946D9
:108FC000C7E9088901F08AFB3B8DB8EB040403F183
:108FD000640369EB05050022A342AA410FDBBB69CC
:108FE00003F5E1739C4275F1000519DA3A4A4046EF
:108FF000494601F0A7F8394B3360BDE8F883BA79E8
:109000007B791AB39A1E012A1AD9B9690022012B59
:1090100001F5E171BA7144D08C4275F10005E5DBD0
:1090200001F068FB02F012F8BB692B4AB8EB0300B1
:1090300069F1000101F086F8294B3360BDE8F8833F
:10904000BB68012098470023BB717B79BA69012B6B
:1090500002F5E172114624D0032BDDD1944275F163
:10906000000522DA388D1C4AB8EB000069F10001D6
:1090700001F068F81B4B3360BDE8F883154FBB79EE
:109080001BB17B79023B012B20D90023BB7101F07E
:1090900031FB01F0DBFF01F023FB134B3360BDE834
:1090A000F8838C4275F10005DCDB01F023FB01F055
:1090B000CDFF388DBB698342B7D2B8EB0000064ABA
:1090C00069F1000101F03EF8084B95E7BB6801200B
:1090D0009847DAE770120020F18E0000E19400005A
:1090E00091930000F1900000319400006194000021
:1090F000042970B5044612D00CD9052931D11B4E74
:10910000757905F0FD05012D1DD04FF40D71B020CE
:1091100002F0C8FB0239012923D8002070BDFFF7F7
:1091200091F80028F9D001F071F801F081F80646B5
:109130000D46FFF76DFD2246034629463046FFF7F0
:109140002DFF022070BDB0790028DED1B3689847AA
:10915000D6E90801064AB57100F0F4FF054B23601B
:10916000EFE74FF40F71B02002F09CFB701200206B
:10917000F18E0000E194000002392DE9F04104294C
:109180002DD8DFE801F00309292C0C00164A537989
:10919000003B18BF012393710020BDE8F081044615
:1091A00000F09CFF01F044F80E460746FFF730FD43
:1091B0000D4D8046E869FFF791FD2246384631465D
:1091C0004346002400260027C5E90867EC61FFF745
:1091D000E5FE0220BDE8F081FFF734F8DCE740F25D
:1091E000EF11B02002F05EFB701200202DE9F04F6D
:1091F000364E96F80690B56983B08046B9F1000FF7
:1092000032D1737903F0FD03012B3ED001F010F849
:10921000431941F1000204460F46184611460193D6
:109220000092FFF7F5FC00283BD0D0E900ABAA453F
:109230007BF10001DDE9002319D200200146C6E9D7
:109240000832234A00F07EFF5046594601F046FAA4
:10925000B9F1000F02D0338D9D421CD01D4BC8F8D0
:10926000003003B0BDE8F08F4FF00009CEE7BAEB55
:1092700005006BF10001844277EB01033CBF04461B
:109280000F46631947F10002D9E7328D954299469E
:1092900038BF1546BAE7104BC8F8003003B0BDE838
:1092A000F08FB3791BB17379023B012B09D90023ED
:1092B000B37101F015FA094BC8F8003003B0BDE8EE
:1092C000F08FB36801209847F1E700BF70120020CB
:1092D000F18E000091930000619400003194000031
:1092E000023970B503294AD8DFE801F005022407E6
:1092F000254B00221A71002070BD044601F002FACD
:1093000008B3214D2E796EBBFFF79CFC50B3E8618A
:10931000C5E90B6600F0D6FEE86902238377314683
:10932000C3689847D5E90801FFF742FC174B236053
:10933000022070BDFEF786FF0028DCD0124B012210
:109340001A710020D8E700200021FFF761FC08B166
:10935000FFF7F6FC01F0CEF901F078FE2046FFF7AA
:1093600045FFE5E700F064FF06460D46FFF750FCB9
:109370002246034629463046FFF710FED8E740F262
:10938000A511B02002F08EFA701200207991000031
:10939000042938B5044621D01BD905293BD1204DDD
:1093A00001F0A0F901F04CFE6B7903F0FD03012BF5
:1093B0001ED000F03DFFAB691A4A323B65EB050554
:1093C000181845EB010100F0BDFE174B2360022089
:1093D00038BD023901291ED8002038BDFEF732FF02
:1093E0000028F9D000F012FF2046FFF7FFFEEEE75D
:1093F000AB79002BDDD100F01BFF2A8DAB699B1AE6
:10940000C5E904011818074A41F1000100F09AFE6D
:10941000064B2360DBE740F26B11B02002F042FA0A
:1094200070120020F18E0000E1920000018F000018
:10943000032910B506D801290AD840F21711B02027
:1094400002F030FA0429F8D10446FEF7FBFE08B911
:10945000002010BD2046FFF7C9FE022010BD00BF4E
:10946000042970B5044612D00CD905292CD1194E07
:10947000757905F0FD05012D14D040F23311B020AF
:1094800002F010FA023901291ED8002070BDFEF743
:10949000D9FE0028F9D000F0B9FE2046FFF7A6FE5D
:1094A000022070BDB0790028E7D1B3689847B3694E
:1094B000306A716A084AB571C01A61F1000100F0A2
:1094C00041FE064B2360EBE740F23B11B02002F077
:1094D000E9F900BF70120020F18E000091930000A6
:1094E000042970B504461FD019D905292FD1FFF7DB
:1094F000A9FBF8B1184D0026E861C5E90B6600F03C
:10950000E1FDE869022383773146C3689847D5E9CE
:109510000801FFF74DFB114B2360022070BD02399B
:10952000012914D8002070BDFEF78CFE0028F9D068
:1095300000F06CFE00F07CFE06460D46FFF768FB6F
:109540002246034629463046FFF728FDE5E740F26C
:109550001721B02002F0A6F97012002079910000C6
:1095600010B5EFF3108472B60B4B0C4A1B681B68E6
:1095700093420DD00A4A93420AD00A4A934207D036
:1095800001F0B8F801F062FD01F0AAF800F03EFE2B
:1095900004B962B610BD00BF701200203194000003
:1095A000619400009193000010B5054A054C0260DB
:1095B00000232060637101F06BFD3230A06110BDAB
:1095C000319400007012002008B5074B074A196853
:1095D0000968914202D13230986108BD40F272218F
:1095E000B02002F05FF900BF70120020319400003B
:1095F00010B5EFF3108472B6034B0421186805F020
:10960000EFFF04B962B610BD7012002008B5064B1A
:10961000DB6923B1BDE80840044A00F093BD40F285
:109620009321B02002F03EF970120020818F0000DB
:1096300008B5064BDB691BB1BDE8084000F0E6BD8C
:1096400040F29921B02002F02DF900BF70120020E5
:1096500008B5054BDA690AB1D86208BD40F29F210E
:10966000B02002F01FF900BF7012002008B5054BB2
:10967000DA690AB1186308BD40F2A521B02002F0F2
:1096800011F900BF70120020044B1B6B03B1184787
:1096900010B540F2AB21B02002F004F970120020A6
:1096A000044BDB6A03B1184710B540F2B121B0207A
:1096B00002F0F8F870120020014BD869704700BF23
:1096C0007012002008B5054BDA6912B1D3E9080120
:1096D00008BD4FF42F71B02002F0E4F870120020A2
:1096E000024B323158719A60198570477012002010
:1096F000044A537903F0FD03012B0CBF108D0020A9
:10970000704700BF70120020054B1B681BB1D3E9E6
:1097100008200521104710B57621452002F0C2F837
:10972000A8120020054B1B681BB1D3E908200421B7
:10973000104710B57021452002F0B4F8A81200209F
:109740002DE9F0412A4E2B4A06F10803C31ADB101B
:1097500002FB03F305460F46DBB206EB43045A0057
:1097600094F80835C9B93368ABBBD6F84835B3BBF4
:1097700006F5A163134430601F48C6F84835FFF76B
:1097800067FF1E48FFF772FFD6F848355BB3FEF758
:109790006BFF94F8093580462BB9D5E90830394676
:1097A000BDE8F0411847FEF733FD18F12008A8EB9B
:1097B0000000C6F84C0500F08BFD0028FBD0104BD4
:1097C0000022C3F8A8253946C3F8AC25D5E90830EE
:1097D000BDE8F04118478E21452002F063F88F2143
:1097E000452002F05FF84FF4F671452002F05AF878
:1097F000A8120020CDCCCCCC259700000997000002
:1098000000F00140FFF724BFFFF730BF044B0021F9
:10981000402203F5A1601960C3F8481502F032BB7D
:10982000A8120020FEF7E4BC704700BF08B5084B43
:109830001A684AB1002107481960C3F84815D0607A
:10984000BDE80840FEF7BEBDC121452002F02AF860
:10985000A8120020419700001F280AD8064B03EBEE
:10986000400393F8082522B1002283F8082501203F
:1098700070470020704700BFA812002070B5002379
:10988000114C0D4602E00133202B19D004EB430CA0
:109890009CF8082502F0FF01002AF4D1DEB2FF2275
:1098A0008CF8082503EB830304EBC304C4E90A0521
:1098B0000648202200EBC30002F0E4FA304670BDF7
:1098C0001E46304670BD00BFA8120020B012002016
:1098D0001F2812D810B40A4B03EB400494F8084533
:1098E00044B100EB800003EBC003C3E90A1201207E
:1098F00010BC7047002010BC70470020704700BFAC
:10990000A812002030B50A7887B00023CDE90033D3
:10991000CDE90233CDE904330D460446002A3ED199
:10992000D1E90401203841F1FF316B7A9DF815200F
:109930000191C3F340035B0022F0030243F00103F3
:1099400013438DF815306B68174A297A8DF8141077
:1099500020330293154B039353680090C3F308031D
:109960008BB1103B5BB2002B13DB03F1604303F5BB
:10997000614393F800335B092BB969462046FEF733
:10998000C5FC07B030BD69462046FEF79DFC07B018
:1099900030BD03F00F031A44137D5B09ECE7FEF7BB
:1099A00027FC2B690493C0E700ED00E0419700001D
:1099B0001F285CD830B5044687B0344A02EB400219
:1099C00092F8083513B9002007B030BD4B7A0D4628
:1099D000C3F3800181F0010182F809150022CDE96D
:1099E0000022CDE90222CDE904222A78002A46D1BC
:1099F00028696969203841F1FF319DF815200191EE
:109A0000C3F340035B0022F0030243F0010313435E
:109A10008DF815306B681E4A297A8DF814102033A2
:109A200002931C4B039353680090C3F30803A3B144
:109A3000103B5BB2002B1CDB03F1604303F5614379
:109A400093F800335B0943B9134804EB8404694677
:109A500000EBC400FEF75AFCB6E70F4804EB8404A1
:109A6000694600EBC400FEF72FFC07B030BD0020B4
:109A7000704703F00F031A44137D5B09E3E7FEF719
:109A8000B7FB2B6904936B7AB7E700BFA8120020DD
:109A900000ED00E041970000B01200200D4A53682D
:109AA000C3F308036BB1103B5BB2002B0BDB03F17C
:109AB000604303F5614393F800335B090BB9FEF78C
:109AC00011BDFEF79DBC03F00F031A44137D5B0923
:109AD000F4E700BF00ED00E0124A5368C3F3080347
:109AE00093B1103B5BB2002B15DB03F1604303F530
:109AF000614393F800335B0933B90B4B00EB8000F3
:109B000003EBC000FEF7EEBC074B00EB800003EB5D
:109B1000C000FEF775BC03F00F031A44137D5B0908
:109B2000EAE700BF00ED00E0B012002010B50278B7
:109B300086B0FAB9D0E90431044640680592203B6A
:109B400000F1200041F1FF3100930290237A8DF85B
:109B500014306846CDE903220191FEF795FDDDE959
:109B6000003220334FF0010042F10002C4E9043218
:109B700006B010BD4FF4AA71452001F093FE00BF5E
:109B80000C4BD3F8483510B573B10446FEF76CFDA5
:109B900020344FF0000343F10003201843EB010190
:109BA000FEF728FB012010BD4FF4F671452001F0AF
:109BB00079FE00BFA812002008B54FF4BA71452005
:109BC00001F070FE10B50B4C0A46D4F8481559B197
:109BD000034619462068FEF7E3FC08B9022010BDD1
:109BE000FEF714FB002010BD40F27911452001F072
:109BF00059FE00BFA812002010B51D4C6368C3F3C6
:109C0000080386B053B3103B5BB2002B0A4628DB37
:109C100003F1604303F5614393F800335B09EBB94B
:109C20001169547A203900915169CDE90433C4F3A4
:109C300040045368127A8DF8142041F1FF310D4A27
:109C400001916400203344F001046946CDE90232F9
:109C50008DF81540FEF7FAFC06B010BD002006B0E6
:109C600010BD03F00F031C44237D5B09D7E700BF41
:109C700000ED00E0419700001F2805D8244B03EBBE
:109C8000400393F808350BB9002070470A46214974
:109C90004B68C3F30803002BF6D0103B5BB2002BDC
:109CA0002FDB03F1604303F5614393F800335B0955
:109CB000002BE9D110B5D2E9044186B0CDE90433D7
:109CC00092F809C0144B00EB8000203C03EBC0006D
:109CD000CCF3400C5368127A8DF8142041F1FF3117
:109CE0000E4A01914FEA4C0C4CF0010C20336946AE
:109CF000CDE9023200948DF815C0FEF7A7FC06B03E
:109D000010BD03F00F0319440B7D5B09D0E700BFC2
:109D1000A812002000ED00E0B012002041970000E2
:109D2000044BD3F8482512B11868FEF7ABBC0220EB
:109D3000704700BFA8120020024B01461868FEF7CA
:109D4000E3BB00BFA8120020FEF76EBB1F2808B5BA
:109D50000ED80C4B03EB400292F808256AB1083389
:109D600000EB800003EBC000BDE80840FEF75CBBE1
:109D700040F2E511452001F095FD4FF4F3714520C7
:109D800001F090FDA812002008B5074BD3F8483524
:109D90002BB1FEF769FC203041F1000108BD4FF402
:109DA000F671452001F07EFDA8120020014BD3F88A
:109DB0004C057047A8120020FEF72EBA704700BF6E
:109DC000FEF728BAFEF72ABAFEF72ABA08B5FFF757
:109DD00087FC002008BD00BF00F0AABC10B50C78BD
:109DE00086B064BB0492D1E904320594203B164C42
:109DF000009342F1FF324B7A019200EB800E04EBAC
:109E000040020834C3F3400C04EBCE00C3F38003DC
:109E10004C68097A8DF8141083F001030B4982F81D
:109E2000093520344FF00002CDE902416CF34102C4
:109E300069468DF81520FEF747FA06B010BD40F2CE
:109E40003121452001F02EFDA8120020419700008D
:109E500070B4EFF3108672B617490D78ADB1174B99
:109E6000D3F80445D3F848314FF6FF7294421FD01F
:109E7000E3B147F6FE739C4218D84B68013306B92C
:109E800062B6C0E9004370BC70470C4AD2F8044582
:109E9000D2F8043153B14B6801334B60C2F804511E
:109EA000D2F80445D2F80431002BF4D14B68E6E730
:109EB000002BFBD11C46F9E7F817002000B000404A
:109EC00010B50A4C002222742277094B094801215F
:109ED0005960C3F84025C3F840214FF400221961AE
:109EE000C0F8082501F0EAFE206210BDF817002036
:109EF0000080004000F001403749384BF0B44D6A13
:109F0000374C002201204A6058609860C3F808432B
:109F1000C3F84843C3F80421C3F84021C3F84421DF
:109F2000C3F84821002D55D02E4C2F4EC4F8A865FB
:109F30002E4AC4F8AC55C4F85C394FF40023C4F879
:109F400004350523C2F840351060D2F84031002BAB
:109F5000FBD02448002301244FF40025C0F8085505
:109F60005460D460C2F84031C2F84035C0F8A8351A
:109F7000C0F8AC35C0F8AC350B7833B391F8284055
:109F8000184816491A4E1B4DE30003F1804303F5B0
:109F9000F8330122A2404FF6FF774FF48024C0F837
:109FA0000825C1F84443C1F84875C1F80443C3F813
:109FB0001065C3F81455C0F804250F4B4FF4006228
:109FC000C3F88021F0BC1A607047044B0222C3F82A
:109FD0000423F2E71860CFE7F817002000B0004034
:109FE0000200070000F00140408100400080004076
:109FF00048B1004008B0004000E100E00D4B0E4ABF
:10A0000030B4012000210D4C58604FF40025C3F8F6
:10A010004015C3F840114FF480711861C4F8085519
:10A02000C2F88011C2F88010BFF34F8FBFF36F8F5B
:10A0300030BC70470080004000E100E000F00140CB
:10A0400030B41B4A1B4C1C4D1C480023012163608B
:10A0500051609160C2F80853C2F84853C2F8043105
:10A06000C2F84031C2F84431C2F848312278C0F811
:10A07000A835C0F8AC3572B194F828209140D200D0
:10A0800002F1804202F5F832C2F81035C2F81435F8
:10A09000C0F8081523700A4B4FF40062C3F8802102
:10A0A000C3F88020BFF34F8FBFF36F8F30BC704772
:10A0B00000B00040F81700200200070000F0014047
:10A0C00000E100E0044B4FF080411A6A0123C1F81F
:10A0D00008351360704700BFF817002010B4144C07
:10A0E0001449154A0023C4F8A8350120C4F8AC353A
:10A0F0004FF0FF3448600861C1F808430F48916889
:10A100004FF48074C0F8804141B10D494FF4803064
:10A11000C1F808031374C1F840319360126A10BC8F
:10A120004FF080410023C1F808351360704700BF2D
:10A1300000F0014000800040F817002000E100E03E
:10A1400000B0004070B52E4CA36888B0002B51D1F0
:10A150000DF10B03009304ABA26003AA01F040F8D9
:10A160009DF80B300F2B06D9DDE90432013342F1A3
:10A170000002CDE9043206A8FFF76AFE069B2678A6
:10A18000079800220533DDE9041542F10002B6B953
:10A190004FF08076E0FB0632994275EB020220D345
:10A1A0000B0E43EA052321F07F41164A4FF480301D
:10A1B000C2F84015E360C2F8040308B070BD4FF464
:10A1C0008036E0FB0632994275EB020209D30B0C94
:10A1D0004FF6FF7289B243EA0543002908BF1146D2
:10A1E000E3E7FF232374084B4FF40062C3F8002118
:10A1F00008B070BD40F26121052001F053FB00BFA3
:10A20000F817002000B0004000E100E0064B9A681B
:10A210004AB106494FF48032C1F8082300221A746B
:10A22000C1F840219A607047F817002000B0004044
:10A2300038B5EFF3108572B621490C78BCB1214BCB
:10A24000D3F80405D3F848314FF6FF7290422ED070
:10A250005BB347F6FE73984227D84C680134CDB102
:10A2600000F07AFF184D0021E4FB050138BD154AC6
:10A27000D2F80405D2F8043153B14B6801334B6076
:10A28000C2F80441D2F80405D2F80431002BF4D10D
:10A290004C681DB962B60B78002BE1D10B4D00F074
:10A2A0005BFF0021E4FB050138BD4C68D7E7002BBC
:10A2B000FBD14C680DB92846ECE7034D1846EEE794
:10A2C000F817002000B0004080841E000080841E2B
:10A2D00070B5EFF3108672B6224C217891B1224B03
:10A2E000D3F80405D3F848314FF6FF72904230D0CE
:10A2F0006BB347F6FE73984229D865680135A6B15D
:10A300001A4E17E0184AD2F80405D2F8043153B1B6
:10A31000636801336360C2F80411D2F80405D2F80F
:10A320000431002BF4D165681EB962B62378002B86
:10A33000E6D10F4E00F010FFD4E90C120023E5FB2C
:10A340000603884293412CBF0120002070BD656840
:10A35000D5E7002BFBD165680EB93046E5E7034E23
:10A360001846E7E7F817002000B0004080841E0080
:10A370000080841E194B1A4810B5012200214FF4A9
:10A3800000245A60C3F84015C3F840111A61C0F8A0
:10A390000845D3F8040520F00300C3F80405D3F8FA
:10A3A000080540F003001021C3F8080591FAA1F157
:10A3B000B1FA81F109290CDC0A48C3F810154FF4F1
:10A3C0008074DA60C0F8804104605A60DA601A6014
:10A3D00010BD05484FF4737101F05AFA0080004037
:10A3E00000F0014000E100E08CAD02002DE9F047F3
:10A3F000444D454E012100234FF4002284B0696092
:10A40000C5F84035C5F840312961C6F80825D5F8AA
:10A41000042522F00302C5F80425D5F8082542F0EA
:10A420000302C5F80825102292FAA2F2B2FA82F2CB
:10A43000092A62DCC5F81025344ADFF8D480E960C7
:10A440004FF48070C2F880011060324A6960E960A0
:10A45000C6F8A82598F80020C6F8AC5502A85AB34B
:10A46000019304E00123C6F808A56B60EB60FFF7D9
:10A47000EFFCDDE90243DDF804904FF4002A4FF4CD
:10A480008037C6F804A5E3FB0749FFF7E1FCDDE9E7
:10A4900002320199E2FB0731494508BFA342E1D1ED
:10A4A000601C49F1000100F065FE02460B46C8E958
:10A4B0000C2304B0BDE8F087019204E00123C6F844
:10A4C00008A56B60EB60FFF7C3FCDDE90243DDF834
:10A4D00004904FF4002A4FF08077C6F804A5E3FB00
:10A4E0000749FFF7B5FCDDE902320199E2FB0731CC
:10A4F000894508BF9C42E1D1D2E707484FF4737108
:10A5000001F0C6F90080004000F0014000E100E0E9
:10A51000F817002000B100408CAD020010B5029C7D
:10A52000201841F10001801A61EB0301B0F1004FE6
:10A5300071F1000100DA10BD40F23131052001F067
:10A54000B1F900BF38B5EFF3108572B621490C7828
:10A55000BCB1214BD3F80405D3F848314FF6FF7254
:10A5600090422ED05BB347F6FE73984227D84C68D2
:10A570000134CDB100F0F0FD184D0021E4FB0501E0
:10A5800038BD154AD2F80405D2F8043153B14B68EE
:10A5900001334B60C2F80441D2F80405D2F804310B
:10A5A000002BF4D14C681DB962B60B78002BE1D1B9
:10A5B0000B4D00F0D1FD0021E4FB050138BD4C68D6
:10A5C000D7E7002BFBD14C680DB92846ECE7034DCB
:10A5D0001846EEE7F817002000B0004080841E0007
:10A5E0000080841E014B5861704700BFF81700209F
:10A5F000F0B5304C636989B0002B55D0EFF310856E
:10A6000072B60DF10B03009303AA04AB00F0E8FD52
:10A610009DF80B300F2B06D9DDE90432013342F1EE
:10A620000002CDE9043206A8FFF712FC069B27784A
:10A63000079E05334FF00002DDE9041042F10002ED
:10A64000C7B94FF08077E6FB0732994270EB020200
:10A6500022D30B0E43EA002321F07F41164AA36167
:10A660004FF40033C2F84415C2F8043305B962B69A
:10A6700009B0F0BD4FF48037E6FB0732994270EB2A
:10A68000020209D30B0C4FF6FF7289B243EA004372
:10A69000002908BF1146E1E7FF232377074B4FF45A
:10A6A0000062C3F80021E1E740F24131052001F0EA
:10A6B000F9F800BFF817002000B0004000E100E00A
:10A6C000014B1878704700BFF8170020024B012299
:10A6D0001A7083F828007047F8170020704700BFF1
:10A6E000704700BF024B0122C3F84423704700BFEC
:10A6F00000B00040024B0122C3F84823704700BF5E
:10A7000000B0004008B500F0A7FC30B9074A936BD1
:10A710000133312B936304D808BD044B00229A63A4
:10A7200008BD4FF46271052001F0BCF8F817002055
:10A73000014B5862704700BFF817002010B53F4C1E
:10A74000237882B0002B55D03D4BD3F8042352031D
:10A750005BD43B4BE168D3F80423D00334D5D3F862
:10A760004031002B30D0636899425DD800232374B8
:10A77000334AA168C2F840314FF48030C2F8080370
:10A78000002955D0A36088472D4BA169D3F8042335
:10A79000920324D5D3F844310BB363688B423FD383
:10A7A00000222277264B6169C3F844214FF4003020
:10A7B000C3F8080300293BD08847214BD3F8403128
:10A7C0000193019B02B010BD6268237C002BCDD1A8
:10A7D0009142D9D91A4B0022C3F84021D4E76268CC
:10A7E000237F002BDCD18A42E7D2154B0022C3F82D
:10A7F0004421E2E7124AD2F804110029A9D0C2F894
:10A800000431636801336360A3E7D3F84821002A69
:10A810009FD00022C3F8482163680133636098E742
:10A82000237F002BE1D0BBE7237C002BD2D09DE718
:10A8300040F2CA31052001F035F800BFF8170020BA
:10A8400000B00040014B187D704700BF2011002070
:10A85000042810B511D883B104280CBF1024282473
:10A86000A1420AD2064C54F8200018B141568A423F
:10A87000A8BF0A461A70002010BD6FF01500FBE754
:10A880002011002030B50346114890F91C209A424F
:10A8900019DD90F924209A4217DA9A1A846AA05C8A
:10A8A0000C4A15569D420DD00E32002918BF0130BA
:10A8B0009442C0B206D129B1013BDBB2012B01D8D1
:10A8C0000130C0B230BD0D20FCE70020FAE700BF28
:10A8D00020110020B499020008B5054B93F91C30F3
:10A8E000984203DAFFF7CEFF024B1B56184608BD0D
:10A8F00020110020B499020008B5184B93F82C20C1
:10A90000FAB9012283F82C20154A1268A2F1080036
:10A91000082803D813490141C90709D5911F0929FE
:10A9200010D9013212D04FF4DF71742000F0BAFF59
:10A930000D4A9A62D8221A6283F8242008229A616A
:10A940001A7708BD094A0A41D207ECD4084A9A622C
:10A95000D8221A6283F824200422F0E72011002074
:10A96000F8110020DEFEFFFFEF990200EEFCFFFF72
:10A97000C299020010F0FF0008B508D14FF08043E3
:10A9800001225A60C3F80001034B187008BD8421EE
:10A99000B52000F087FF00BF4D110020014B0122C0
:10A9A0001A7070474D11002008B548B94FF0804328
:10A9B000D3F8003113B9044B187808BD0120FCE727
:10A9C000D021B52000F06EFF4D110020044B186817
:10A9D000062818BFB0F1FF3F0CBF012000207047D0
:10A9E000F811002008B5094B1A680A2A02D1084B51
:10A9F0001B6823B1FFF7EAFF08B9082A04D14FF01A
:10AA000080430222C3F8342C08BD00BFF811002097
:10AA1000FC110020F8B50F4E0127375404460D46AF
:10AA200004F0CFFC60B934B94FF08043B770756063
:10AA3000C3F80473F8BD4FF494716D2000F032FF39
:10AA4000002DF7D01CB92046A8477460F2E740F209
:10AA50004311F2E750110020044B191800228A70AC
:10AA600003EB80011A544A60704700BF5011002068
:10AA700010B5034CA08100F045FCE08110BD00BF83
:10AA800050110020014B188A704700BF5011002060
:10AA9000014B9889704700BF5011002010B5EFF3AB
:10AAA000108472B6064B03449A7C0132D2B29A7477
:10AAB0009B7C012B01D104F078FC04B962B610BD77
:10AAC0005011002010B504F0A4FC04F07AFC4FF003
:10AAD0008044084940B1FFF785FF01232361042327
:10AAE0000B7500234B7510BD03230B750123C4F8B0
:10AAF0000433F6E75011002010B5EFF3108472B65E
:10AB0000094B03449A7C22B940F267216D2000F082
:10AB1000C9FE9A7C013AD2B29A749B7C0BB9FFF7BA
:10AB200029FF04B962B610BD50110020024B187DF8
:10AB3000003818BF012070475011002073B51B4D1D
:10AB4000EB7D63B9686A00F0030004F052FC30B199
:10AB5000EFF3108372B62A7D1AB103B962B602B060
:10AB600070BD01222A7503B962B64FF080430822F6
:10AB7000C3F808234FF42073ADF80630BDF8064043
:10AB8000A4B2631E9BB2ADF80630002CF6D14FF094
:10AB900080460748C6F80C4104F05DFD85F8294061
:10ABA000FFF790FF0823C6F80433D8E750110020C0
:10ABB000781100202DE9F347484CA37D002B00F0CD
:10ABC0008A800323ADF804304FF08043D3F800515E
:10ABD000F5B9D3F80481B8F1000F09D04FF08043E4
:10ABE0000022C3F804210222C3F80823FFF7A6FFBE
:10ABF00094F829603A484FF08047F6B2D7F80C81B4
:10AC000004F02DFD48B340F253316D2000F04AFEB0
:10AC100000258DF804500122D3F80481C3F80823DD
:10AC20000DF10409271DA61C19F8010B03280AD0F1
:10AC3000337843B13B684FF0000A86F800A013B1A7
:10AC40009847C7F800A06B1C022B07F1040706F118
:10AC500001064FF00105E7D1BDE745B1237D032B88
:10AC600005D104232375FFF7BDFE01233B61B8F135
:10AC7000000F1FD04FF080430022C3F80C21237D2A
:10AC8000042B02D040F27931BFE7164B1A680A2A2A
:10AC900002D1154B1B6823B1FFF798FE08B9082AAB
:10ACA00004D14FF080430022C3F8342C02232375D3
:10ACB00004F0B2FB4EB1002384F82930237D022B2F
:10ACC00001D1FFF7FFFE04F0A7FB054802B0BDE885
:10ACD000F04704F0D3BC02B0BDE8F087501100206B
:10ACE00078110020F8110020FC11002010B5054C4F
:10ACF000606A00F0030004F07CFB0028F8D000201C
:10AD000010BD00BF50110020F8B5054650B10278C3
:10AD1000042A07D8437842B9013B1F2B02D8837815
:10AD2000212B07D96FF0150076E0002BFAD183783C
:10AD3000002BF7D17B4B0127C3F88070BFF34F8FF7
:10AD4000BFF36F8F4FF08046C3F88071764C0B23B2
:10AD5000C6F808330023C6F80031C6F80431C6F837
:10AD60000C31A374E374AB88238204F02DFB08B18B
:10AD70002770A774D6F80C24D6F80C34D20303D568
:10AD8000DF0701D5FFF70AFE4FF4AF60FFF770FE53
:10AD90002B78A978E3750022626221766275042B14
:10ADA0004DD8DFE803F005033A484A000123636207
:10ADB00004F011FB00284DD004F014FB636A03F08B
:10ADC0000303984246D1AB79002B3DD1FFF78EFFAC
:10ADD000237E6BB12B785BB904F0F3FA054600F0E3
:10ADE000B9FE6FF00043002D00F09980C4E907031D
:10ADF0004FF08043D3F80C24D3F80C34D20303D59E
:10AE0000DB0701D5FFF7CAFD464A01230020207564
:10AE1000A375C2F880311360F8BD04F0FAFA4FF060
:10AE20008043D3F80C14D3F80C24CE03F9D5D00703
:10AE3000F7D50223BBE73D4BB9E73D4BB7E740F2FF
:10AE40002E516D2000F02EFD4FF080430222C3F8FA
:10AE50000423BDE74FF080430122DA600022C3F8EB
:10AE60000421626AC3F81825324A1368A3F10E015F
:10AE7000012904D90A2B02D0FFF7A8FD48B14FF0F1
:10AE800080534FF08041D3F84432C3F34233C1F8CA
:10AE90003C351368A3F10E02012A04D90A2B02D013
:10AEA000FFF794FD20B14FF080430122C3F84C25F9
:10AEB0004FF0804301229A600222C3F80423AA794A
:10AEC000002A85D1D3F80423910702D440F2E1414E
:10AED000B7E7194A1669116941F010011161D3F8F9
:10AEE000043106F010060BB904F0D5FB4FF0804793
:10AEF000D7F8043183B1FFF7F9FE26B90E4A13697A
:10AF000023F0100313614FF080430222C3F808239B
:10AF10000022C3F804215BE704F0BBFBE8E7C4E9C7
:10AF2000073065E700E100E0501100200100020059
:10AF300001000300F811002000ED00E010B50D4CF9
:10AF400004F1280004F08BFB48B9237D022B01D1CA
:10AF5000FFF7B8FDBDE81040074804F08FBB074A73
:10AF6000012384F82930BDE81040C2F8003104F014
:10AF700050BA00BF501100207811002000E100E01D
:10AF800038B50C4B0C46197919B18D216F2000F0A2
:10AF900089FC60B95D790DB1002038BD01225A717C
:10AFA000FFF77CFD21462846FFF734FDF4E76FF0FC
:10AFB0001500F2E77C11002038B50B4D2B790446C3
:10AFC0001BB1A4216F2000F06DFC50B96B790BB957
:10AFD000002038BDFFF740FD20466C71FFF78CFD67
:10AFE000F6E76FF01500F4E77C11002010B501B30F
:10AFF000F0B14FF0FF33104A1C46E0FB013494429D
:10B0000003D9E5216F2000F04DFC1A0D42EA04320D
:10B01000C3F30F10094B00EB02404FF22444B2FB84
:10B02000F4F103FB1100B0FBF4F040EA0140013001
:10B0300010BD0846FCE700BF3F420F00000024F4AB
:10B04000014B9B68184700BF7C110020014BDB6857
:10B05000184700BF7C110020014B1B69184700BF37
:10B060007C110020014B1B6A184700BF7C11002097
:10B07000014BDB69184700BF7C110020034B1A7994
:10B080000AB9FFF7FFBC988D704700BF7C11002004
:10B09000034B1A790AB9FFF7FBBC988A704700BFC7
:10B0A0007C110020024B1B790BB9FFF747BD70479D
:10B0B0007C110020014B9B69184700BF7C110020C8
:10B0C00010B5144C2379A3B1636A9847002806DBB6
:10B0D00094F82E3023B1012384F83230002010BDC3
:10B0E000FFF7E8FF0028F6DA40F2A5116F2000F024
:10B0F000D9FB094BA361094BE361094B2362094B5F
:10B10000A360094BE360094B2361FFF7FDFD0028B5
:10B11000E1D0E4E77C110020EDAC00003DAF000081
:10B120002DAB000013F4000019F400001FF4000020
:10B1300038B5084B1D79044625B140F2F9116F204E
:10B1400000F0B0FBFEF740FA2046FFF791FC2846DE
:10B1500038BD00BF7C11002043F60952C0F308033C
:10B1600002FB03F3400A03F5807302FB00F000EBDF
:10B170005320704710B5C0F34E22C0F30804000EF0
:10B1800040EA012043F60953090E03FB04F403FBD4
:10B1900002F24FEA401E4B01BEEB000E43EAD063C1
:10B1A00004F5807402EB542263EB01044FEA841C23
:10B1B0004FEA8E13B3EB0E034CEA9E6C6CEB040C5F
:10B1C0004FEACC0C4CEA537CDB001B1841EB0C0122
:10B1D000D803C903101841EA534141F1000110BDE1
:10B1E0002DE9F04180460C4617461E46FFF768FAE7
:10B1F000D0B13D4B9C426FD83C493D484FEA585234
:10B2000042EAC422A1FB0243C8F34F149B0B04EB98
:10B21000024400FB1344A1FB0414A40B44EA0344BE
:10B22000344B03FB148819E0334B9C4258D82F4908
:10B230002F484FEA587242EAC402A1FB0243C8F306
:10B240004F349B0B04EB024400FB1344A1FB04149A
:10B25000A40B44EA0344294B03FB148848F23762E9
:10B260004FEA583302FB03F31B0C43F60952244DFB
:10B2700002FB138101FB05F56D0D05FB02F205EBE9
:10B28000432502F574530833B1EB532F21D802F54F
:10B290008072A1EB5221C9B2069B1970FFF710FA18
:10B2A00058B123045D194FEA144444F10004C6E97F
:10B2B0000054C7F80080BDE8F08123065D194FEA0D
:10B2C000142444F10004C6E90054C7F80080BDE826
:10B2D000F08101350021DFE79D219B2000F0E2FA9B
:10B2E000A6219B2000F0DEFA7F841E0083DE1B4334
:10B2F000000024F480841E00FF7F841E0080841ED2
:10B300006F0C0100420B48F2376303FB02F2120C90
:10B3100043F6095C084B0CFB120101FB03F303F538
:10B3200086336E335B0D0CFB03FC5002B1EB5C2FDC
:10B3300088BF0130184470476F0C0100034610B3FA
:10B34000007888B91A79012A1ED85A79012A1BD89F
:10B350009A680E49643A8A4216D8D8680C4B9842CB
:10B360002CBF00200120704701280CD11A79012A36
:10B3700009D85A79012A06D8DA680449643A8A4217
:10B3800001D89868EAE70020704700BF3C860100BA
:10B390000040420FF8B5044620B94FF4DC716A2032
:10B3A00000F080FA90F82C50072900F2FF80DFE8C7
:10B3B00001F004B65D5D8D97A1A890F82A30033B9B
:10B3C000012B02D940F2C311E9E7052380F82A30A6
:10B3D000002380F82D3003789BB32378012B3DD1D7
:10B3E000FEF7D2FC94F8286063686362C4E9060142
:10B3F000BEBB734B0122DA60C3F84065C3F84061FD
:10B40000C3F84465C3F84461C3F84865C3F84861AC
:10B41000C3F84C65C3F84C616A4B4FF48072C3F8B3
:10B4200080213146204604F017F8236A3146284629
:10B4300098470146204600F0F1F8022840F0B98014
:10B44000F8BDFEF7EFF906460F46FEF79DFC1F36E6
:10B4500047F1000786428F41F3D3BEE7D4E90401E8
:10B46000C0E72046BDE8F84000F0AEB890F82A30BA
:10B47000DA1E012A02D940F2FB1190E790F8282049
:10B480002AB121462846BDE8F84003F0CBBF042B83
:10B4900014BF01230223022980F82A30036A0AD14B
:10B4A0000521284698470028CAD00378002BC7D02A
:10B4B0004FF4047173E70621284698470028BFD04F
:10B4C0000378002BBCD040F2152168E790F82A30B1
:10B4D000052B02D04FF4077161E7036A0221A6E74A
:10B4E00090F82A30052B02D040F2222157E7036A58
:10B4F00001219CE790F82A30052BB2D04FF40A7155
:10B500004DE790F82A30052B02D040F22D2146E776
:10B51000036A0A21284698474FF40C713FE790F8D8
:10B520002A30052B07D090F829200AB1032B02D02E
:10B530004FF40D7133E794F82820002AA1D194F834
:10B540002D3093B1022384F82A3084F82D20236A09
:10B5500008212846984700283FF472AF0378002B53
:10B560003FF46EAF4FF4107119E794F8292062B1DF
:10B5700094F82B0084F829302146FEF719FA0028A8
:10B580007FF45EAF40F2452109E7022384F82A30B8
:10B590000721236A2846984700283FF451AF0378D3
:10B5A000002B3FF44DAF4FF41371F8E640F25121F8
:10B5B000F5E60128236A0CBF0421032137E700BF09
:10B5C0000080004000E100E070B50446FEF72AF973
:10B5D000D4E90632656A503342F100025B1942F148
:10B5E000000205F5DF6540F2F966B5FBF6F55B197B
:10B5F00042F1000283428A4103D207212046FFF72D
:10B60000C9FE054C236813B1984700232360BDE8A9
:10B610007040FEF70BB900BFB011002070B50446B2
:10B620000D4639B9012380F82D30FFF7CDFF0226F2
:10B63000304670BD0E78032E6AD801A353F826F069
:10B640002FB6000051B60000B3B600006FB6000080
:10B650004868C72801D80026EAE70421FEF7B2FAB5
:10B660000028F8D16968204603F0F6FEE0E790F87C
:10B670002860F6B94D682846FFF760FE002847D0DD
:10B680002B78C3B9012222702B79003B18BF01230C
:10B6900063726B79002B14BF042302232372AB68FF
:10B6A0006F336360EB682361032384F82A3084F8E6
:10B6B00029202046B9E794F82A30052B04D04FF40E
:10B6C000CF716A2000F0EEF826702B7994F82B00E9
:10B6D000003B18BF012363726B79002B14BF042356
:10B6E00002232372EB68A9686F336360D4E90632E2
:10B6F0005B1842EBE172C4E90432042384F82A3077
:10B700002146FEF755F90028D3D14FF4D071D8E780
:10B71000012384F82D30CCE72DE9F843884607460D
:10B7200088B300F035F84FF0000905465FFA89F656
:10B73000B54203D86FF00B00BDE8F883304600F047
:10B740002DF890F82A4009F10109002CEED130467D
:10B7500000F024F80546048580F82A4080F82C6023
:10B7600001460A48FEF78AF8202885F82B0002D106
:10B770006FF02200E0E701232F6285F82A3020468F
:10B7800088F80060D8E76FF01500D5E795B30000A2
:10B79000014B1879704700BFB4110020044B1A798F
:10B7A000824283BF1B68302202FB003000207047BA
:10B7B000B41100200A4610F0030110B50AD1074C5D
:10B7C0002271206008B9002010BD30235A4300F0D8
:10B7D00059FBF8E76FF00D00F6E700BFB411002049
:10B7E000BFF34F8F0549064BCA6802F4E06213436A
:10B7F000CB60BFF34F8F00BFFDE700BF00ED00E05F
:10B800000400FA05094B01225A604FF0FF32C3F8D9
:10B810000823074B4FF48042C3F88020BFF34F8FBB
:10B82000BFF36F8FC3F88021704700BF00E0004076
:10B8300000E100E0094B01225A604FF0FF32C3F8EB
:10B840000823074B4FF48052C3F88020BFF34F8F7B
:10B85000BFF36F8FC3F88021704700BF00C0004066
:10B8600000E100E0084B0022C3F8FC2F0122C3F8DE
:10B87000FC2F064B0222C3F88020BFF34F8FBFF38B
:10B880006F8FC3F8802170470010004000E100E096
:10B8900008B572B6024B5B6803B19847FFF7A0FF8B
:10B8A000BC1100201FB572B6134B5D6895B9FFF748
:10B8B00097FF2346B2FBF6F25C1C002AF9D104AED6
:10B8C000DCB256FA83F303F80C2C0A2234B901A82F
:10B8D000A847ECE7024600230A26EDE7631E04AE04
:10B8E000DCB256FA83F3B0FBF2F602FB16003030FE
:10B8F00003F80C0C3046E9E7BC110020F8B51F4EE8
:10B90000337805460C461746A3BB00F0CBF9FEF78B
:10B91000F3FF77603472FFF7A5FFFFF78BFFFFF7A8
:10B9200071FF174B002D14BF28461846FFF7C8FBC0
:10B930000546E8B9FDF76AFFFFF7B4FB03F0A3FD86
:10B94000FCF738FC18B9BE211120FFF7ABFF002C23
:10B950000CDB04F01F026409A40004F1604404F548
:10B96000614401239340C4F8803123600123337084
:10B970002846F8BD4FF0FF35FAE700BFBC110020A4
:10B98000209A0200074B93F90830002B09DB5A0973
:10B99000012103F01F03994002F14003024A42F8DB
:10B9A00023107047BC11002000E100E0014B187823
:10B9B000704700BFBC1100202DE9F047DFF8CC90A4
:10B9C000334C344D344F82B00246012699F8008042
:10B9D0005FFA88F8FF2389F80030B8F1000F01D032
:10B9E00089F80130EFF3108172B600236660C4F865
:10B9F0000031C4F80431C4F80425266039B962B6B0
:10BA000005E0D4F8043133B92B69DB0621D4D4F82E
:10BA10000031002BF5D0D4F80431002BE2D1B8F17D
:10BA2000000F13D199F80130DBB289F801800320AF
:10BA30004FF48041C4F80803C4F80481C4F80081BD
:10BA4000C7F8801189F80080002BBFD102B0BDE893
:10BA5000F0874FF48043C7F88031EFF3108A72B655
:10BA60000323C4F80433D4F8003113B9D4F80431F3
:10BA70001BB1BAF1000FCAD1C1E7019203F009FE70
:10BA8000019ABAF1000FC2D1B9E700BFC811002076
:10BA900000E0004000ED00E000E100E070B5144679
:10BAA000DA078CB01D4686468C4633D5C36842689B
:10BAB0001BBA0093CB681BBA049383681BBA01932B
:10BAC00003681BBA03938B6812BA1BBA02920593E0
:10BAD0004A680B6812BA1BBA6E4606920793304644
:10BAE000FFF76AFFAB070DD5DDE90A10DDE9083283
:10BAF00000BA09BA12BA1BBA20606160A260E360A2
:10BB00000CB070BD08AD0FCD20606160A260E36035
:10BB10000CB070BDDEF80410DEF80820DEF80C3042
:10BB20000068EE46AEE80F00DCF80000DCF8041018
:10BB3000DCF80820DCF80C306E46AEE80F00CEE7EB
:10BB400010B5002482B0CDE90044FFF7A7FF02B092
:10BB500010BD00BF1A4B4FF4805270B5C3F880205F
:10BB6000BFF34F8FBFF36F8F164C174D0021C4F8F2
:10BB70000011C3F880212E692B6943F010032B615B
:10BB80000123C4F8043306F010062360D4F8003112
:10BB90009BB11EB92B6923F010032B610123D4F84C
:10BBA00008056360C4F808330023C4F80031044B6F
:10BBB0004FF48052C3F8802170BD03F06AFDE5E7C1
:10BBC00000E100E000C0004000ED00E00B4938B5A6
:10BBD000042301EBC302157905F0FF042DB1013BED
:10BBE000F7D240216920FFF75DFE41F833000121C3
:10BBF000547194711171D8B238BD00BFCC110020BE
:10BC0000042808B503D947216920FFF74BFE034BF1
:10BC100003EBC00300221A7108BD00BFCC11002045
:10BC2000042808B503D950216920FFF73BFE094BD2
:10BC300003EBC0000379012B01D05121F4E74379D4
:10BC400082790133DBB29A4218BF4371BDE80840E4
:10BC5000FFF798BECC11002038B5114D052495F89A
:10BC6000281005EBC1031A79012A09D158799A796C
:10BC7000904205D05A79D2B29A7155F8313098472E
:10BC800095F828300133DBB2052B04F1FF3428BFCF
:10BC9000002314F0FF0485F82830E0D138BD00BF40
:10BCA000CC1100204FF08052034BD2F830111960B4
:10BCB000D2F834215A607047F8110020084B1B68F5
:10BCC000083B082B0AD840F2211222FA03F313F0A2
:10BCD000010F044B044818BF1846704702487047CC
:10BCE000F811002000E701400C050040144B1B68D0
:10BCF000062B03D0013301D020BF7047EFF3108033
:10BD000072B6104A1369116941F0100111610E49B0
:10BD1000D1F80021D1F804110A4303F0100300D038
:10BD200040BF20BF00BF00BF00BF00BF23B9054A0E
:10BD3000136923F01003136100B962B6704700BFA6
:10BD4000F811002000ED00E000E100E0914270B544
:10BD50003FD2B2FA82F33BB1C3F1200420FA04F4DB
:10BD60009940214398409A40150CB1FBF5FC05FB26
:10BD70001C1E4FEA0E4E030C84B20EEB10401FFA4D
:10BD800082FE0CFB0EF6864206D9361A964294BF06
:10BD900001260226ACEB060C03EB01430CFB12332D
:10BDA000B3FBF5F005FB103304EB034400FB0EFE80
:10BDB000A6454FEA0C4C09D9AEEB040E964594BF4C
:10BDC0004FF0010E4FF0020EA0EB0E0040EA0C0007
:10BDD00070BD73219620FFF765FD00BF2DE9F84384
:10BDE0001C4652EA040349D0074615460E4684B95C
:10BDF000914204D2FFF7AAFF2146BDE8F88321460D
:10BE00003046FFF7A3FF04462A46384604FB156177
:10BE1000F0E74FF00108B4FA84F908FA09F3A3FB3C
:10BE2000021220FA08F003FB042240EAC67026FA48
:10BE300008F1FFF78BFFC9F11F0230FA02F34FF050
:10BE4000000C08D140461946AF42A6413CBF1846F7
:10BE50006146BDE8F8835A1E61466CEB0C0C05FB8D
:10BE60000CFE02FB04EE18461346A5FB0228BA1A84
:10BE70000EEB080766EB07061746E5E7A6219620B6
:10BE8000FFF710FD10F0030FC9B2034607D0BAB395
:10BE900003F8011B13F0030F02F1FF32F7D170B565
:10BEA000032A01EB012404EB04441ED9161FB50834
:10BEB000032E05F1010521D94FEA550E03EBCE0EF5
:10BEC0009C46CCE900440CF1080CF445F9D115F07E
:10BED000010F04D025F0010503EB85052C6026F049
:10BEE00003060433334402F0030232B1012A19700D
:10BEF00003D0022A597018BF997070BD1D46EDE736
:10BF0000704700BF844641EA000313F003037DD16C
:10BF1000403A51D3F0B4F0C9F0C0F0C9F0C0F0C954
:10BF2000F0C0F0C9F0C0403AF5D2F0BC44E0403A6D
:10BF300042D300BF51F8043B40F8043B51F8043BA6
:10BF400040F8043B51F8043B40F8043B51F8043BF3
:10BF500040F8043B51F8043B40F8043B51F8043BE3
:10BF600040F8043B51F8043B40F8043B51F8043BD3
:10BF700040F8043B51F8043B40F8043B51F8043BC3
:10BF800040F8043B51F8043B40F8043B51F8043BB3
:10BF900040F8043B51F8043B40F8043B51F8043BA3
:10BFA00040F8043B51F8043B40F8043B51F8043B93
:10BFB00040F8043B403ABDD2303211D351F8043B33
:10BFC00040F8043B51F8043B40F8043B51F8043B73
:10BFD00040F8043B51F8043B40F8043B103AEDD2E2
:10BFE0000C3205D351F8043B40F8043B043AF9D233
:10BFF000043208D0D2071CBF11F8013B00F8013B06
:10C0000001D30B8803806046704700BF082A14D311
:10C010008B078CD010F0030389D0C3F10403D21A2C
:10C02000DB071CBF11F8013B00F8013BFFF47FAFB9
:10C0300031F8023B20F8023B79E7043AD8D3013AC1
:10C0400011F8013B00F8013BF9D20B7803704B78F3
:10C0500043708B7883706046704700BF53B94AB90C
:10C06000002908BF00281CBF4FF0FF314FF0FF3000
:10C0700000F00CB8ADF1080C6DE904CE03F02FFB15
:10C08000DDF804E0DDE9022304B07047704700BF2B
:10C09000F6F758BE01F024BB01F025BB01F01DBB33
:10C0A0001FB5014601A800F006F801A801F005FF40
:10C0B00005B05DF804FB0B88C3F30B0383804B884A
:10C0C000C380002343724B78C3F30113012B03D0C9
:10C0D0009A1E534253415B00043103720160704762
:10C0E00010B58B880370437803F0F00343708A889F
:10C0F000C2F3032213434370CA888270CA8803F0D4
:10C10000CF03120A4370C2700A7A120102F03002A1
:10C11000134303F03F0343704A7A43EA82134370A8
:10C120000C4609680430814205D0E288FB2A28BF0A
:10C13000FB22FFF7E7FEE0880430C0B210BD70B507
:10C140000B78192B05460C4612D8CBB1013B182BA6
:10C1500016D8DFE803F01A2615999FA5ABB1B5B73D
:10C16000C7CD1515152ABBC1D1D7DDE3E9EFF50021
:10C17000822B4FF0FF0200F0E980832B00F0EA8071
:10C1800040F26721C720F4F7F5FE0C230B7008235B
:10C19000637066780236324621462846FFF7B2FEC3
:10C1A00049E01A230B700123F2E72920F5F7DCF8A8
:10C1B00030B13E232370222363702923A370E8E764
:10C1C0000A20F5F7D1F83E2305F1080204F1080131
:10C1D0002B7090B30A23AB70E378EB70A3882B71BC
:10C1E000A3881B0A6B71A379AB71E379EB71A36828
:10C1F000AB608B889380D4F80E30C5F80E30638A1C
:10C200006B8263696B61238B2B83638BAB76638B50
:10C210001B0AEB76A38B2B77A38B1B0A6B77E38B25
:10C22000AB77E38B1B0AEB7794F8203085F820304E
:10C230001F266E700236304670BD0123AB70E37866
:10C24000EB70A3882B71A3881B0A6B71A379AB7168
:10C25000E37903F00103EB71A368AB608B889380F3
:10C26000638BAB73638B1B0AEB73A38B2B74A38B56
:10C270001B0A6B74E38BAB74E38B1B0AEB7494F8AF
:10C2800020302B751326D4E73E230B7004234B700C
:10C29000142393E73E230B700C234B7004238DE78C
:10C2A0003E230B700A234B70032387E73E230B705A
:10C2B0000D234B70052381E705232370042367E7D3
:10C2C0000823FAE730230B70032361E73E230B704A
:10C2D0000B234B70072371E73E230B7006234B7033
:10C2E0000C236BE713230B708B789B0001334FE714
:10C2F00057230B7002234BE73E230B7006234B7032
:10C3000012235BE73E230B7009234B70132355E781
:10C310003E230B7005234B7020234FE73E230B7009
:10C3200009234B70212349E7FF230B700B234B702C
:10C33000A22343E7FF230B7005234B70A3233DE7A4
:10C34000FF230B700D234B70802337E70A700D22FB
:10C35000627033E70A700222FAE708B510B96FF08D
:10C36000150008BDFFF79CFE0028F8D00020F8E774
:10C3700010B50C4648B141B1F4F750FF00282070C9
:10C380000CBF6FF02200002010BD6FF01500FBE71E
:10C3900008B5F4F7C7FF002008BD00F034BE08B5AB
:10C3A000F4F7D2FF002008BD01F010B901F01EB96A
:10C3B000034602221A709A7090225A713D229A7195
:10C3C0006A22DA716FF00E021A726FF05A025A7214
:10C3D0006FF0520200209A7264225870D87018715F
:10C3E000DA72704700F05CBE70B5044602F02FFFB1
:10C3F000012805461AD1601C02F030FFB0B1A379C4
:10C4000063F03F03A3710020F6F722FFE61D38B169
:10C41000102200213046FFF735FD2570002070BD49
:10C42000304602F02EFF0028F2D0F6E70025F4E7B0
:10C4300010B5102204460021FFF724FD04F110037B
:10C44000102200211846FFF71DFD02F033FF0020E7
:10C45000F6F7FEFE20B1204602F013FF002010BDCB
:10C4600002F0F5FE0028F6D0F8E710B50446FFF715
:10C4700071FBB0F5007F09DA10F5007F08DD031EBF
:10C48000B8BF03339B102370002010BD7F23FAE751
:10C490006FF07E03F7E70120704701F008B90078DC
:10C4A000003818BF012000F002BFF6F737BC8178D2
:10C4B000008801F0C8B801F0E3B837B505460C466E
:10C4C00000880DF1060100F0F7FE2B882380BDF8EF
:10C4D0000630638003B030BDF6F728BC01F005B923
:10C4E00000F07FBD00F0D1BD08B5F4F735FF0020A6
:10C4F00008BDF6F731BA00F00CBF00F0E2BDF6F768
:10C500009DBB00F0AEBD01F000B800F0CABF01F065
:10C5100011B800F0E3BD00F0DCBE00F0ADBD00F0EE
:10C520006CBD03880B8001F036B803880B8001F0E6
:10C5300040B800F0FABDF6F763BAF6F749BA00F072
:10C54000E5BC00F006BD00F03ABD00F046BD00F0CD
:10C5500026BD00F01BBD00F016BE00F03FBEF6F792
:10C5600059BA00F079BE00F06BBD00F01CBE01F0BE
:10C57000A7B8F6F7FBB9F6F779BAF8B5941C0C44EE
:10C580006343B3F5004FA8BF4FF0FF330E4610F0E2
:10C590000301054617469CB203D0B0211420F4F7DE
:10C5A000E9FCB4F5004F01D9B121F7E714220430BA
:10C5B000FFF768FCEF746C802E80F8BD38B50388F7
:10C5C000C48805898B42C4F30E0203D2D121142002
:10C5D000F4F7D0FC84EA0503C3F30E030BB9AC42B5
:10C5E00006D102F118030122C1528274184438BDE9
:10C5F0001846FCE7023101444A43B2F5004FA8BF98
:10C600004FF0FF3290B21B3020F00300B0F5004F26
:10C6100034BF00B24FF0FF30704740881B3020F02D
:10C620000300B0F5004F34BF00B24FF0FF3080B2CE
:10C63000704738B503888B4203D2F7211420F4F7F2
:10C6400099FC857C65B1C388C3F30E031833C25AC5
:10C650008A4207D3C152811DF4F7AEFE00238374D2
:10C66000284638BD0025FBE70346F0B59E88DD88E7
:10C67000B4B2A54200F11800C6F30E0616D05F89C9
:10C68000DD7C845B3D4402353544E41B28440D8841
:10C69000A4B2A54288BF0C805989B1FA81F14FEA52
:10C6A000511188BF25461170DD81F0BD0025284657
:10C6B000FAE7F8B58288C389002604460D4692B28F
:10C6C0000E60CBB1C2F30E024189183287180B44B9
:10C6D000825A9BB29342438104D94FF4A271142031
:10C6E000F4F748FC04D1011DF4F766FE46812F6083
:10C6F0000023E3810120F8BD1846FCE78388028906
:10C700009BB29A42014602D00831F4F755BE7047F9
:10C710008388C0889BB2C31A5842584170478288A8
:10C7200073B5C48895B2AC42C2F30E0202F118028E
:10C7300012D04189C689835A314499420EDB0DF1EA
:10C740000601ADF80650F4F737FEBDF80600001BF1
:10C7500018BF012002B070BD0020FBE70120F9E7FF
:10C7600070B5C488068984EA0602C2F30E02034645
:10C77000C4F30E0518300AB9B4420FD19C891A8847
:10C780000CB1465B921B914207DCDA7C2C440232EE
:10C79000224410440A461A8270BD00221046FAE76D
:10C7A000F8B5038A002B38D08B4236D3C4888589EC
:10C7B00000F11803C4F30E041E1995B91D557570C8
:10C7C00085891E5B0D44ADB2314485811953D2B1C8
:10C7D000811DF4F7F1FD00238381002303820120F2
:10C7E000F8BD1E5BAE4204D04FF4F6711420F4F78E
:10C7F000C1FBC57C878A2644023535445E195F53E8
:10C80000857DB570DCE7C27C254402322A44991844
:10C810009B5A83828B788375DFE70020E0E783886B
:10C82000C2889BB29A4206D0428922B9C3F30E0352
:10C8300018331844704700207047C37C0233C8186F
:10C8400070470230704738B58388C2889BB29A42DD
:10C8500009D043893BB9C5893DB9011DF4F7ACFD49
:10C86000C581012038BD0020FCE71846FAE7002307
:10C8700083810382704703881380C388C3F30E0348
:10C88000183303440B60808970470368002223B982
:10C89000C0E90132031D0360704759681B680A44F0
:10C8A000F5E7072970B5034604D84FF4EC7115205D
:10C8B000F4F760FB0068C0B144681A688C42064611
:10C8C00010D0106860B901F10805AC420DD354686E
:10C8D00050501868651A541800686560505002E09E
:10C8E0001346E9E714681C60304670BD0023C1E9B7
:10C8F000003203680B600160704730B590B18478F6
:10C90000B1FBF4F304FB131300EB430252898A4298
:10C9100001D1D8B230BDC27822B900F10803D0B23B
:10C92000844201D8FF20F5E733F8025F8D4202F11F
:10C930000102F4D1EEE78278038805324B4303EB22
:10C9400042031844704737B50024CDE9004405463A
:10C950008DF806006846ADF80440F4F703FFBDF813
:10C96000044008B103B030BD29462046F4F7D6FE96
:10C970000028EFD040F215211720F4F7FBFA70B52C
:10C980000D4609211E46FFF735FE324604460921B1
:10C990002846FFF72FFE40EA04031B0454BF00198A
:10C9A0004FF0FF3070BD012303707047F8B50C469F
:10C9B00084F001046400054611461E46E4B2FF23DC
:10C9C000837003191B7D012B06D0631CDCB250FA67
:10C9D00083F31B7D012B0AD105EB44073B8B3A8C7B
:10C9E0009819904205DD2C4400233B8323750020D9
:10C9F000F8BD05EB8404324660681844FFF782FAFC
:10CA00003B8B1E443E830023AB700120F0E781F096
:10CA10000101490010B5C9B2FF23837043181C7D82
:10CA2000012C07D10C3120F8112002221A750023A5
:10CA3000837010BD0131CBB250FA81F10C7D012C15
:10CA400005D10C3320F8132002230B75EFE74FF4C8
:10CA50008C710920F4F78EFA30B50246837803F022
:10CA6000FF00F3B9137D022B19D0537D022B15D192
:10CA70000346012089B1D5180C3300242C7522F807
:10CA80001340131803241C7502EB80035B680B60D2
:10CA900000F10C0332F813308B80012030BD0123EC
:10CAA000E8E70020FAE730B50346827802F0FF009D
:10CAB000E2B99A7D022A17D0DC7D022C13D1032221
:10CAC00081B11D190C340020287523F81400981822
:10CAD0000324047503EB82000C32406833F81230F3
:10CAE00008608B80012030BD0324E9E70020FAE7CD
:10CAF000037D012B01D1008B7047437D012B0CBFBF
:10CB0000408B00207047837D012B01D1808B7047C3
:10CB1000C37D012B0CBFC08B00207047038B23B952
:10CB2000408B003818BF0120704701207047838B6D
:10CB300023B9C08B003818BF01207047012070470F
:10CB4000027D022A01D1008B7047437D022B01D167
:10CB5000408B7047032AF6D0032BF9D00020704792
:10CB6000827D022A01D1808B7047C37D022B01D1C7
:10CB7000C08B7047032AF6D0032BF9D000207047F2
:10CB8000F4F758BF2DE9F041044608460D4691F8E8
:10CB9000008001F046F90746284601F03EF90646B6
:10CBA000284601F042F908F003086B78E07084F839
:10CBB00000806770A670A3802046BDE8F081012840
:10CBC00008B506D0022806D040F29D410620F4F7B1
:10CBD000D1F9002008BD0120FCE7F4F777BF10B5BC
:10CBE000044638B1F6F754F924EA0000B0FA80F0B0
:10CBF000400910BD0120FCE707B50023CDE9003353
:10CC000001238DF806306846F4F7ACFD08B100202A
:10CC100004E0009801F0A8FF0028F4D003B05DF80C
:10CC200004FB1FB50022009240F6881303A9FBF70E
:10CC300091FA05B05DF804FB38B5054602F016F828
:10CC4000F0B1284601F090FF08B9002038BD284611
:10CC500001F05AFE0446284601F059FE054688B9FF
:10CC6000002CF2D02088F6F74FFA20882946F4F7F6
:10CC700055FD0028E9D041F6E3413920F4F77AF96F
:10CC80004220E3E70C20E1E72DE9F8430F46B0F836
:10CC90005A60B0F85C50804601F070FE02210446F4
:10CCA00000F007FF02218146204600F002FF4E45BA
:10CCB00028BF4E46B6B21B2E38BF1B26FB2E28BF00
:10CCC000FB26854228BF0546ADB21B2D38BF1B256C
:10CCD000FB2DB8F800303B8028BFFB25B4F5A47FBE
:10CCE00038BF4FF4A47440F648039C4228BF1C464A
:10CCF0007E80FD80BC803C81BDE8F8832DE9F04159
:10CD000086B0054601A9008800F08AFE0446002886
:10CD10006FD1029A92F84631D91E4B424B418DF8A1
:10CD20000230936F98064ABF9DF80230234683F085
:10CD300001038DF8033092F8D8309B0603D49DF898
:10CD40000330002B5BD0EB881B3B9BB2E02B58D809
:10CD50002989A1F5A4739BB244F24810834250D8AC
:10CD60006B881B3B9BB2E02B4BD8AA88A2F5A4731F
:10CD70009BB2834245D840F64807B94243D8BA42ED
:10CD800041D8029E4FF0FF0886F81B819DF80230C3
:10CD90009BBB03A93046FFF777FF6A88BDF81230C6
:10CDA000BDF81410E888934228BF1346A6F8203136
:10CDB000BDF80E30AA88B94228BF3946834228BF41
:10CDC0000346A6F81C31BDF810302889BB4228BFA5
:10CDD0003B46834228BF03468A42A6F81E311346CB
:10CDE00028BF0B46A6F8223186F81A81002386F860
:10CDF0001B31204606B0BDE8F0813A24F6E71A243C
:10CE0000F7E71224F5E71124F3E710B5FFF7F4FE76
:10CE100060B1F5F77FFC044602F000F840B9204607
:10CE200001F0F8FF80F00100C0B210BD0120FCE766
:10CE30000020FAE72DE9F04385B0064688460088D1
:10CE400002A900F0EDFD054640BB039C94F8593162
:10CE500003F0FF051BB1B8F1020518BF012594F8D6
:10CE60008730222B94F8D93043EAD3030CBF85F0E6
:10CE700001094FF00009DB0702D4B9F1000F3BD0E4
:10CE8000B77817B9F6F704F80746F078B0BBF5F7AE
:10CE9000FFFF3FB9B9F1000F29D10925284605B098
:10CEA000BDE8F0830028F5D0FF2384F825310DBBC1
:10CEB00094F8243103F0FF05E3B984F8270184F8DE
:10CEC000248184F82671B3788DF80430F3788DF8D6
:10CED00005303379727901A943EA02232046ADF87F
:10CEE000063000F008FE002384F82531D6E7002044
:10CEF0000746D9E73A25F6E71A25CFE7002FD3D121
:10CF0000C8E708B5F5F7A0FF002008BD10B5037805
:10CF1000012B044601D9122010BDFFF76DFE58B950
:10CF2000207810F0FD000DD104F11703E21D611C03
:10CF3000BDE81040F6F702BBF6F792FB0028EFD0F1
:10CF40000C20E9E7A37903F0C003C02BE3D1012053
:10CF5000EAE710B50378012B04460DD8FFF74CFE25
:10CF600060B9214611F8010B00F0FD00003818BF30
:10CF7000012000F032FD38B9122010BDF6F770FB29
:10CF80000028EED00C20F8E70020F6E708B500886E
:10CF9000F6F76CFB00280CBF3020002008BD38B528
:10CFA0000546FFF729FE044638B92878003818BF2F
:10CFB0000120F6F74FFB204638BD0C20FCE708B5F2
:10CFC000FFF71AFE18B9F6F735FB002008BDF6F793
:10CFD00047FB0028F7D00C20F8E708230370002057
:10CFE00070471022027041F25E03C2705922A0F80D
:10CFF00001308280C3800020704708B50821F4F713
:10D00000FFF8002008BD73B506460D460088694646
:10D0100000F006FD044688B9B3785BB9019B93F92B
:10D020007000A87033882B80F6F7B0FCA8702046FB
:10D0300002B070BD7F20FFF7F4FDF2E70224F6E7AF
:10D0400010B504466FF07F00FFF7EBFDF6F79EFC8E
:10D0500020707F20FFF7E5FDF6F798FC6070002058
:10D0600010BD10B50446F5F755FB01F0D0FEF6F7FC
:10D070008DFC2070002010BD08B50A46072300F182
:10D080001001FEF75DFD002008BD10B50146044605
:10D090000020F6F7C3F808B92060A080002010BD7A
:10D0A00010B50446F5F7CAFE28B900202146F6F768
:10D0B0009DF8002010BDFFF7A8FE0028F5D10C2038
:10D0C000F8E710B50446FFF7A0FE28B1012021467D
:10D0D000F6F78CF8002010BD0C20FCE7F7B50C46E5
:10D0E00005466946008800F09BFCA21C034690B9E7
:10D0F000019901F18F0781F8C330386810603879E1
:10D1000010712888208091F8C36006F0FF00002E7F
:10D11000F1D103B0F0BD0023C4F802300220137136
:10D1200023706370F5E7FFF7E9BD1FB5838844F20C
:10D130009022934217D840F64802934228BF1346E4
:10D140000288ADF804204088ADF80600ADF80A006A
:10D150000A8001A8ADF80830ADF80C30FFF7CEFD1D
:10D1600005B05DF804FB1220FAE737B50D466946B5
:10D1700000F056FC044618B901982946FFF784FDD3
:10D18000204603B030BD10B503466FF00404002004
:10D19000482108221C7058709970DA701C715871FF
:10D1A0009971DA7110BD10B50446FFF725FD78B905
:10D1B0002146E27911F8010B00F0FD00003818BF9C
:10D1C0000120F6F717FB80F001004000C0B210BD4F
:10D1D000F6F746FA0028EBD00C20F8E737B50546FD
:10D1E0000C460088694600F01BFCD8B9019B83F807
:10D1F0006A0093F86820012A06D0022A04D04FF46E
:10D2000061710620F3F7B6FEA27093F86920012A37
:10D2100001D0022AF3D1E27093F86A20002AE6D105
:10D220002B88238003B030BD10B58388022B0446C1
:10D2300010D8C078FFF7D3FC08B9112010BDA07832
:10D24000FFF7CDFC0028F8D020460121BDE81040B2
:10D25000FFF7F0BD1220F1E737B58378C178027986
:10D2600003F0010451EA040503F002031DD052EA61
:10D2700003051AD0002C18BF0021002B18BF002274
:10D280008DF80320037842788DF8021043EA0223D8
:10D29000ADF8003043798279684643EA0223ADF85D
:10D2A0000430FFF7C1FF03B030BD1120FBE708B524
:10D2B000F4F7B2FE002008BD13B50C46694600F035
:10D2C000AFFB20B9019BB3F880300133238002B05B
:10D2D00010BD07B50088694600F0A2FB38B99DF87B
:10D2E0000020019B012A05D093F82B216AB103B0DD
:10D2F0005DF804FB93F8DC21D2B293F8A81011B9C1
:10D3000012F0FB0FF0D10220F1E7FF2283F82B216E
:10D31000EDE710B50446F5F7B5FD2060616000202B
:10D3200010BD2DE9F3410546477800780121F4F757
:10D33000DFF9044600285ED001F059FDEE78864200
:10D3400028BF0646042FB6B22FD1002E39D1204671
:10D3500001F072FD6B78032B37D107F0FD08B8F1AF
:10D36000010F44D1204601F067FD00283CD1012F78
:10D3700008BF4FF00208216B42466846F4F7F2FA04
:10D380006A68206B33460121FFF710FB002834D078
:10D390006B78023B012B2CD8206BFFF7A9FB0121F6
:10D3A0000246206BFFF733FB23E0206BFFF7A0FB67
:10D3B000304480B21F2804D8FB1E012BC7D9002E91
:10D3C000C5D1122002B0BDE8F0810028F9D1042BAC
:10D3D000C3D1204601F0C8FB0028F2D0206BFFF734
:10D3E0009DFB0028B9D1ECE74FF00008C3E7042FFC
:10D3F000C6D10020E6E74220E4E70720E2E72DE976
:10D40000F3410746457890F8038000780121F4F74E
:10D410006FF9044600283CD001F000FD0028206B85
:10D4200008BF4FF00008FFF76EFB00EB0806B6B22E
:10D430001F2E30D8042D2ED0032D0CD1204601F004
:10D44000FBFC20BB012D14BF05220622216B684680
:10D45000F4F788FA08E0B8F1000F1CD0204601F07C
:10D4600083FBD0B9012DE9D07A68206B43460021B7
:10D47000FFF79CFA98B1023D012D04D8206B32468B
:10D480000021FFF7C4FA002002B0BDE8F0810422B9
:10D49000DCE74220F8E71220F6E70C20F4E707204B
:10D4A000F2E713B50446F5F735F94FF44073ADF8DC
:10D4B000003000238DF80230684614F8013B8DF8E7
:10D4C00003300194FFF79BFF02B010BD38B5012176
:10D4D00005460078F4F70CF90446A0B101F044FBCE
:10D4E00028B92046691C01F0D4FB002038BD204635
:10D4F00001F094FC08B10C20F8E7204601F08AFC0A
:10D500000028EED0F7E74220F0E713B50446F5F720
:10D5100001F914F8013B8DF803304FF44073ADF876
:10D520000030684600238DF802300194FFF7F9FEC1
:10D5300002B010BD73B50546F5F7ECF82B7804463C
:10D5400063B100230DF1010101208DF80030F5F7E2
:10D5500065FE18B16846FFF7B9FF88B90026204676
:10D560008DF8006001F05EFC2B788DF80360C0013F
:10D57000012BADF8010005D169462046F5F76AF99F
:10D5800002B070BD2BB9204602B0BDE87040FFF775
:10D5900053BB1220F4E710B5002104460088F4F7CD
:10D5A000A7F820B1A11CBDE8104001F007BE022081
:10D5B00010BD08B500880021F4F79AF820B1BDE845
:10D5C0000840002101F0FABD022008BD37B505462C
:10D5D0000C460088694600F023FA28B92B8823807E
:10D5E000019BB3F8B430638003B030BD37B5038816
:10D5F0000B80044698B2638813B9122003B030BD83
:10D60000694600F00DFA0028F8D16588019B42F2C6
:10D610001072A9B29C695143DA8D62431C8C04FBE1
:10D6200002229142E9D39A699C699442FBD100227B
:10D63000C3F8AC20621E0A44A3F8B450B2FBF4F263
:10D64000C3F8B020DAE710B50C460021F4F750F823
:10D6500090B1022C12D804F00102C4F3400480F807
:10D66000AD2180F8AC4112B190F8AA310BB900207D
:10D6700010BD01F093F9FAE70220F9E71220F7E76D
:10D6800010B504460078FF280AD00121F4F730F8DD
:10D6900058B16378A27843EA0223C384002010BD06
:10D6A000B4F80100F7F77EFEF8E74220F7E708B587
:10D6B0000078003818BF0120F7F740FD002008BDB2
:10D6C00010B50446F5F726F86178C1F3400201F081
:10D6D000010101F0C7FB002010BD0620F5F7C6BB15
:10D6E0000820F5F7C3BB01F093BD1220704710B5B9
:10D6F000044604B910BD236898476468F9E70368D5
:10D700000BB9016070471A465B6813B18A42FAD1BF
:10D7100070478A4218BF5160704708B50020FFF774
:10D7200012F9F4F7A9F8F5F7E3FCF4F729FB20B1B7
:10D7300040F221119320F3F71DFC08BD08B5F7F75F
:10D74000A5FCF8F711FA20B140F241119320F3F74C
:10D7500011FCBDE808400120FFF7F5B808B5FFF758
:10D76000EDFF01F013FD20B14FF4AB719320F3F7FF
:10D7700001FC08BDFDF782BC0B46122203F8032B07
:10D78000D0F80920C1F80320427B1A71704737B5E1
:10D7900004460D46F6F7BEF918B36FF4A873E01807
:10D7A00002210388ADF8003034F8ED3CADF80230CA
:10D7B000684634F8EB3CADF80430FFF73BFB18B19A
:10D7C0004221AE20F3F7D6FBADF800009DF8003003
:10D7D000002063F307009DF8013063F30F2003B0CE
:10D7E00030BD18232B70D4F80930C5F8033004235A
:10D7F000ADF80030EAE708B5436893F886201AB11F
:10D800008521AE20F3F7B6FB202283F8862008BDE1
:10D81000034610F0010007D19A0704D4C3F3800334
:10D820009B00D8B27047022070472DE9F84F074699
:10D83000104692461D46FFF7EBFF83460846FFF76A
:10D84000E7FF4BEA0006F6B2003E0A9C8846814696
:10D8500018BF0126F5F71CFB10EA0A0A18BFDA46C2
:10D86000F5F716FB97F8683010EA080118BF49462B
:10D87000534508BF4FF0000A84F800A097F86930BC
:10D880008B4208BF002161705AEA01010BD1B7F841
:10D890008030013DED1AADB247F6FD739D428CBF5D
:10D8A000002606F001063046BDE8F88F70B54468E2
:10D8B00094F88750A5F12003062B06464DD92E2D4E
:10D8C0004BD0002D47D194F88630252B45D00B79CD
:10D8D00013F0070335D04A7912F0070231D084F8EB
:10D8E000612084F8603094F8253113BB94F824311A
:10D8F000012B1ED094F8693094F86020D91E0129BC
:10D9000098BF04239A4222D194F86830DA1E012A83
:10D9100094F8612098BF04239A4218D10223B4F8E6
:10D92000642084F82431B4F86630A4F82621A4F8E1
:10D930002831222384F88730304600F013FC284633
:10D9400070BD3046C978BDE8704000F03DBC30463F
:10D95000F5F7E8FAEDE70125F1E72025EFE708B54F
:10D96000436893F88720222A05D022B140F2EA3199
:10D97000AE20F3F7FFFA232283F8872008BDF5F7DE
:10D98000B7BB704730B542401C7808785D7860407E
:10D990004C786C4020449D788C786C402044DD7835
:10D9A000CC786C4020441D790C795B7949796C40C6
:10D9B00020444B4018441044B0FA80F0400930BD78
:10D9C000024600200139C9B2FF2900D17047535CDB
:10D9D00083F001030344D8B2F4E708B5F5F744FC3B
:10D9E000082807D0F5F762FC082803D0F5F774FC87
:10D9F000012008BD0020FCE708B5F5F735FC082834
:10DA000003D0BDE80840F5F751BC08BD08B501F0EA
:10DA10000CFC18B1BDE80840F9F78EBA082008BD23
:10DA200010B50C460021F3F763FE606018B10123C6
:10DA30002370002010BD0220FCE70144002388422F
:10DA400003D1B3FA83F04009704710F8012B134358
:10DA5000F5E7F8B5D0E9047605460C46FCF766F81C
:10DA600020B940F207112920F3F784FAECB1D5E987
:10DA70000423D21B63EB0603012A73F100014FF06C
:10DA8000000114DB6FF001009042994102DA40F28C
:10DA90001111E8E7631E1344B3FBF4F35C43E4198C
:10DAA00046F10006C5E904461C462046F8BD0C4672
:10DAB000FBE7CB1E012B10D803290CBF96234FF494
:10DAC000167303F5BC730CBF10224022984210D984
:10DAD000C01A90FBF2F080B27047022904D13C28B2
:10DAE00007D980100F38F6E7702802D9C0100E3819
:10DAF000F1E70020704738B50D460446F5F7C8F940
:10DB00002B78002B08BF034684F864306B78002B19
:10DB100008BF034684F865306B88A4F8663038BDCA
:10DB2000012908B5034606D002290CD040F289111C
:10DB30002920F3F71FFA40F6C41040F2E242002B0E
:10DB400008BF104608BD40F6C410FBE707B5002328
:10DB500001A80193FAF7CEFA019810F0030018BF5C
:10DB6000012003B05DF804FBC2B292FAA2F2030AEC
:10DB700093FAA3F31B0E100E40EA0320704770B512
:10DB80000131C9B20530002210F8013F8B4216D393
:10DB900010F8054C0023012505FA03F626421CBFA8
:10DBA00001F1FF31C9B269B10133082BF4D101325F
:10DBB000D2B2052AE8D199214620F3F7DBF9C91A38
:10DBC000C9B2F4E703EBC200C0B270BD0B6870B518
:10DBD000C0F801300B7903F01F03437100230446A2
:10DBE000C3720546461D15F8010F00F0A1FA6871D1
:10DBF000E37AB5421844E072F5D170BD70B581EAA0
:10DC000011418CB20546C17A032682EA0400FFF76F
:10DC1000ABFF013E00EB0010221816F0FF0690B299
:10DC2000F5D144402522B4FBF2F302FB1343C3F3C6
:10DC3000C4022A44D8B2567803F00703012202FA3C
:10DC400003F31E4207D161432846C1F30741BDE8F3
:10DC50007040FFF794BF70BDF8B590F821506B1E6F
:10DC6000242B044654D80AB90020F8BD807D18B191
:10DC7000012844D01F20F8E794F8233094F82210AC
:10DC800002FB01322523B2FBF3F103FB1123DBB2CC
:10DC900004EBD30284F82330D17D03F00706012280
:10DCA000B240114202D084F82430DDE7B3FBF5F234
:10DCB00005FB1233013303F0FF0304F11B0111F8DC
:10DCC000012F934218D811F8055C0022012606FAAC
:10DCD00002F72F4208D0013B13F0FF0304D102EBFF
:10DCE000C00284F82420BFE70132082AEFD10130B6
:10DCF000C0B20528E3D1BDE79B1ADBB2F7E7228962
:10DD0000C96904F11600FFF779FF84F82400ABE736
:10DD10001220AAE70378890123F0400301F04001B3
:10DD20000B4303707047037803F07F0343EAC1138A
:10DD3000037070471F2A38B50546144603D9B7212A
:10DD40002A20F3F717F909300634FEF7DBF86C7078
:10DD500038BD1F2A38B50546144603D9D9212A20D3
:10DD6000F3F708F909300634FEF7CCF86C7038BDCB
:10DD7000037803F00F03032B02463ED0052B42D15C
:10DD8000C37F90F82000034392F82100034392F8E8
:10DD90002200034392F8230000F01F00184333D001
:10DDA0005378222B2FD1B2F81930B1B1B3F5506F9F
:10DDB00013D940F607518B4225D8B2F81B30B3F582
:10DDC000FA7F20D2B2F81D000A3880B240F67643BE
:10DDD00098428CBF002001207047991F89B240F6FD
:10DDE0007A4081420FD8917D481E07280BD899426E
:10DDF00009D2B2F817109942DEE74078A0F10C037F
:10DE000058425841704700207047037801F00301E1
:10DE100023F003030B43037070470078C0F38000C6
:10DE200070470078C0F3C00070470078C0F300105E
:10DE300070471B2A08B504D940F24D412A20F3F758
:10DE400099F84270BDE808400330FEF75BB8B0F8BF
:10DE50000730B1B1B3F5506F13D940F60752934272
:10DE60001FD8B0F80930B3F5FA7F1AD2B0F80B001A
:10DE70000A3880B240F6764398428CBF00200120D9
:10DE800070479A1F92B240F67A418A4209D80279C5
:10DE9000511E072905D89A4203D2B0F805209A42AC
:10DEA000DEE700207047406890F8AA3123B10023D4
:10DEB00080F8AA3100F072BD704708B5017A19B137
:10DEC00001290AD0002008BD0368C2880221808889
:10DED000F5F7D6FD20B10120F5E70368C288F6E723
:10DEE000F5F7BCFFF7E702230B7001238B70704737
:10DEF000F5F738BF10B521B94FF410711020F3F7C2
:10DF000039F84A600B72EFF3108472B6031D0B6090
:10DF100042681AB1127A012A08BF036003681960C7
:10DF2000016004B962B6BDE81040F5F765BF022292
:10DF3000F5F782BF0322F5F77FBF0422F5F77CBF18
:10DF40000222F5F7BDBF11230B706FF49A731844CA
:10DF50000388A1F80330838FA1F80530B0F8403072
:10DF6000A1F80730C38FA1F80930B0F84230A1F80A
:10DF70000B307047012908B503D10E30C00080B2C4
:10DF800008BD022902D10F308000F8E74FF42E714E
:10DF90000620F2F7EFFF30B587B004460D46F5F7DF
:10DFA000C1FD90B3A4F59F74694624882046FFF70D
:10DFB000DCF820B14FF484712C20F2F7DBFFBDF8C0
:10DFC0000630ADF80E30BDF80830ADF81030BDF8B1
:10DFD0000230ADF8123003A8BDF80430ADF80C40A3
:10DFE000ADF81430FFF79FF810B140F21111E3E7DC
:10DFF000ADF80C009DF80C30002063F307009DF88D
:10E000000D3063F30F2007B030BD2B46172203F805
:10E01000032BD4F80920C5F80320D4F80D205A604A
:10E02000B4F811201A810423ADF80C30E2E74068FF
:10E030007047C08A704710B58A880B89CC88498898
:10E04000A0F85010A0F85440A0F85220A0F8563084
:10E0500010BD8383BDF8003001834283C3837047C2
:10E0600038B5C58B438C04469D42007A28BF1D46B7
:10E07000FFF780FF6389AB4228BF2B46984238BF29
:10E08000184680B238BD2DE9F04106460F4680891A
:10E09000194698461446FFF76DFF4146054630463F
:10E0A000FFF7DEFF854228BF05469DF81810B08AAD
:10E0B000FFF760FFF38A834228BF0346ADB2A01D7D
:10E0C00015FA83F338441844BDE8F08107B590F899
:10E0D0006930009390F86830002296213030FFF7C5
:10E0E000D2FF03B05DF804FB38B50D46194614465F
:10E0F000FFF7ECFF96342044A84294BF281A002072
:10E1000038BD38B50D4611460446FFF7DFFF2844F9
:10E11000606338BD8369006B984228BF184601F1DF
:10E120009C0383423DBF401A9C3840080020704742
:10E1300000F05503400800F05500034403F033009D
:10E140009B0803F03303034403F00F0000EB1310AC
:10E1500070474368002283F8862083F8C220A3F822
:10E16000BE20704743680022A3F8C42093F8C6205D
:10E17000013283F8C620704708B5426892F8C6306D
:10E18000013B5BB2002B82F8C63003DA52214A20F1
:10E19000F2F7F0FE08BD436883F80B1183F80A21FB
:10E1A0007047A0F10A03042B0CD9A0F14303012B03
:10E1B00008D9A0F120032E2818BF062B94BF0120F8
:10E1C00000207047012070474268936F10B513F02C
:10E1D000080408D143F00803936782F80811FFF799
:10E1E000C1FF204610BD0120FCE730F8023CF7B526
:10E1F00030F8A07C05460E4673B1012268468DF8C2
:10E200000020ADF80170ADF80330F4F79DFB18B1B4
:10E2100095216320F2F7AEFE082300243370B4701A
:10E22000A6F803706B7A55F88C0C7371FEF770FAD0
:10E2300008B9BA21EDE73846F4F766FF21463846BB
:10E24000F3F76CFA4FF4017303F00402204662F313
:10E2500007001B0A63F30F2003B0F0BD436893F877
:10E260008820063A012A81BF0A7983F8892006228C
:10E2700083F8882000207047426892F88830063B77
:10E28000012B84BF072382F88830704770B542683D
:10E2900092F88750F5B9B1F80930B2F88060A2F869
:10E2A0003C32013B9B1B9BB247F6FD76B34206D93D
:10E2B000282382F8A930F6F72FF8284670BD4B685E
:10E2C000C2F83E320B7A82F8423243680A2283F85F
:10E2D0008720F2E70125F0E70B46062203F8032B1F
:10E2E000D0F80920C1F80320D0F80D205A60427CF4
:10E2F0001A720023CB70704770B5436893F887504B
:10E3000006460C46002D42D129462046FFF79FFDC8
:10E3100028B9E1783046BDE87040FFF755BF726814
:10E32000B4F80D30B2F88010A2F83C32013B5B1A11
:10E330009BB247F6FD718B4207D9282382F8A9309A
:10E340003046F5F7E9FF284670BDB4F8073040F2D3
:10E35000E2414B43C2F844322379C3EB431003EB51
:10E36000800303EB83035B00A2F83E32B4F8053070
:10E370004B43C2F84032B4F80930A2F84832B4F83E
:10E380000B30A2F84A320D2382F88730DBE70125F3
:10E39000D9E708B5436893F886201AB12621A3204F
:10E3A000F2F7E8FD1D2283F8862008BD73B54568A5
:10E3B00095F886301D3B022B06460C4623D809896A
:10E3C0001A2919D96389B3F5A47F15D3A2881A2A0B
:10E3D00012D9E088B0F5A47F0ED3009005F130008B
:10E3E000FFF737FE7168284601F23511F5F78AFD0F
:10E3F00070680621F6F7B6FE002085F8C20085F8A1
:10E40000860002B070BD0120FBE74268936FD90619
:10E4100010B5044603D4B021A320F2F7ABFD990652
:10E4200001D5B121F8E723F010039367FFF7A4FEAD
:10E4300060680621BDE81040F6F794BE09230B7012
:10E44000D0F80930C1F8023070470B460A2203F8B1
:10E45000022BB0F809204A80C27A9A70704738B50A
:10E46000436893F88740054634B1113C0B2C8CBFB0
:10E4700001240824204638BD93F88C30002BF9D0B5
:10E48000FFF770FE6B68112283F88720F2E708B56A
:10E49000436893F88720152A04D04FF4BD711F20DC
:10E4A000F2F768FD012283F8C720162283F887203F
:10E4B00008BD436893F88720122A03BF1322002067
:10E4C00083F887200220704710B5436893F887309F
:10E4D000182B044607D1FFF74FFE63681C2283F810
:10E4E0008720002010BD0220FCE708B5436893F8A0
:10E4F0008720112A04D040F2A3111F20F2F73AFD21
:10E50000012283F8C720122283F8872008BD08B5AE
:10E51000436893F88720162A04D040F2AB111F20DD
:10E52000F2F728FD182283F8872008BD0B46052244
:10E5300003F8032BD0F80920C1F80320D0F80D20F0
:10E540005A60B0F811201A81C27C9A72704708B5DF
:10E55000436893F886201AB1DD211C20F2F70AFDEA
:10E56000042283F8862008BD426808B5936FD90756
:10E5700003D4EB211C20F2F7FDFC23F00103936789
:10E58000BDE80840FFF7F8BD0C23A0F596700B70AE
:10E5900003884B807047436893F886200F2A01BF99
:10E5A000002283F8B62083F8C22083F8862000205A
:10E5B000704738B54568AB6F13F0040407D1FFF717
:10E5C000D1FDAB6F43F00403AB67204638BD01209B
:10E5D000FCE74268936F23F004039367FFF7CCBD19
:10E5E00008B5436893F886201AB170214B20F2F7E2
:10E5F000C1FC0F2283F8862008BD10B5D0E90D427A
:10E60000A24206D30B8CC98D05334B43121B934298
:10E6100002D3012380F83E3010BD01230B7000238C
:10E620008B7030F8CA3CA1F80330437A4B714389B0
:10E63000CB8083890B81704710B5446894F8C9304A
:10E640009A070ED494F886301BB174214020F2F75B
:10E6500091FC012284F8862084F8C220A4F8BE3000
:10E6600010BDA36F9B0705D5FFF786FDA36F23F0B1
:10E670000203A367002384F82A31F1E710B50B7970
:10E680004C790A68012843EA042108BF41F480312B
:10E69000104610BD07B5FFF7F1FF0DF10702F6F7C1
:10E6A00057F803B05DF804FB08B5FFF74FFA0028F0
:10E6B00014BF1420002008BD10B5F9F767FC04460C
:10E6C000FFF7F2FF04F55F43D0304FF47A72413325
:10E6D000B3FBF2F3184410BD10B5044690F869007E
:10E6E000FFF7EAFF012201462046BDE81040FFF790
:10E6F00008BD7FB5044618B9AA213020F2F73AFCCC
:10E70000072900F2D780DFE801F004C933332ED5A2
:10E71000C1D390F8F431B0F88020DBB1B0F8F23119
:10E72000934208BFB0F8A4319A1AA0F8A621A4F821
:10E730008030D4E982232046C4E98423F8F766FABE
:10E7400094F8AB31002B00F09F8004B0BDE870401E
:10E7500000F025BDB0F8F0319B1AA0F8A631B0F852
:10E76000F0319BB2E3E704B0BDE87040F9F7CEBAF0
:10E77000FBF758F8D4E98423801A61EB03010128E0
:10E7800071F1000302DA40F23C61B6E76FF0010379
:10E7900083424FF000038B4102DA40F23D61ACE767
:10E7A000A3690BB1B0FBF3F394F88710B4F8F2212E
:10E7B0000D2932D10132A4F8F221B4F82A32B4F88A
:10E7C00080500133A4F82A32B4F8BA301D44B4F8AA
:10E7D000B830013DED1AADB202AEB4F8F2116B1AC9
:10E7E000180435D4002300961A462046F6F758F848
:10E7F000012849D1B4F8F221B4F8A011BDF80830CD
:10E800001344521A12049BB204D5EA1A12F4004FB0
:10E8100018BF0B46A4F8F231DFE7B4F880100B44C0
:10E820009BB2D11A0D044DBF0133013293B29BB29A
:10E83000A4F8F23194F8F531002BBED1B4F8A4312C
:10E84000B4F8F221934204BF0133A4F8F231B4E7E3
:10E8500094F88A300394002B14BF08233E2384F8D5
:10E86000A930304601238DF80830F5F755FD2046D4
:10E8700000F097FC002384F8DC3194F8F701FAF7F4
:10E88000EBFF202384F8F73104B070BD0120FBF7C3
:10E8900095FA04B0BDE87040FEF79FB990F8DC31FE
:10E8A000042B01D0D02128E7002380F8DC31EBE7EE
:10E8B000D62122E7DA2120E713B5002380F8DC31E6
:10E8C000A0F828321A46009319460446F5F7E8FFE7
:10E8D00020B140F21D213020F2F74CFB012384F8D7
:10E8E000DC31C4F8D801C4F8D001A4F8F201A4F8CE
:10E8F000F00184F8F501B4F88030A4F82A02013B55
:10E90000A4F8803002B010BDD0F8CC00704710B52C
:10E91000044690F81031EBB1FF2380F81831012143
:10E9200000F09DFA94F81031A3B194F8C800FBF7F9
:10E93000D3F894F8C800FBF709FA94F8C800FAF77E
:10E940008BFF20B940F209213020F2F713FB00239E
:10E9500084F81031002010BD08B590F8182142B994
:10E9600090F8D02042B1D0E93531994202D9F7F779
:10E970006BFA0022104608BD0122FBE710B50446E1
:10E98000FFF792FE00F2DB112046FFF7C3FB40F6D3
:10E990004803984228BF184680B210BD7FB5044690
:10E9A00090F8AB3103F0FF05002B5AD190F8DC3121
:10E9B000032B56D1FAF736FFD4E98423801A61EB92
:10E9C0000301012871F100034BDB6FF00103834267
:10E9D00075EB010104DA40F2E5513020F2F7CAFA92
:10E9E000A269B4F880300AB1B0FBF2F201331344EB
:10E9F0009BB2A4F8F031B4F8F021B4F8A4319B1A1A
:10EA00001BB2002B2DDD94F8F701FBF765F840B33E
:10EA1000FF2384F8F531B4F8BA30B4F880501D44BF
:10EA2000B4F8B830013DED1AADB20DF10E06B4F8F0
:10EA3000F031EB1A1B0414D4B4F8F0110096002343
:10EA4000012289B22046F5F72BFF012809D1B4F83D
:10EA5000F031BDF80E2012FA83F39BB2A4F8F03126
:10EA6000E5E704B070BD70B5044621B1012977D047
:10EA700040F6280171E000F009F994F811310546DB
:10EA80000E46DBB150EA010318D0D4E93832D4E99C
:10EA90004001C01A61EB020133462A46FDF79EF998
:10EAA00005FB01F300FB0633A5FB00021344D4E988
:10EAB0003821121843EB0103C4E93823E08C30B14C
:10EAC000F5F782FAE38CB0FBF3F202FB1300D4E912
:10EAD0003832ED1846EB02062D184FF0000346F1D0
:10EAE00000060222C4E93856C4E9405684F8F030E2
:10EAF000A4F8F82084F8113194F8183103F0FF01DC
:10EB0000DBB9D4E942026FF000439A4208BFB0F18A
:10EB1000FF3F18D02046D4E9405600F0ACF8D4E9C5
:10EB20004232E5305B1B62EB06021B1A62F1000207
:10EB3000002A08DA2046F7F787F9F8F7CDFFBDE895
:10EB40007040FAF773BE94F8C80004F1F001FAF7C8
:10EB50002FFF0028F1D14FF4EA613020F2F70AFAD2
:10EB6000002380F8D030E8E790F81001003818BF93
:10EB7000012070470B46142203F8032BD0F809201C
:10EB8000C1F80320D0F80D205A60704738B50B4605
:10EB9000102203F8032B0C4600F10902293052F829
:10EBA000041B43F8041B8242F9D112781A70A5881D
:10EBB0000123A37100212846F2F79AFD70B1E37892
:10EBC00063B10088F4F7A0FA00212846F2F7A6FD09
:10EBD00020B140F22B212D20F2F7CCF938BD0121D4
:10EBE000F6F7C2BEFFF7FBBF90F87A300BB10120F9
:10EBF000704790F8B22002F0FF03002AF7D190F896
:10EC0000A4201846704737B504460D464FF490725D
:10EC10000021FDF737F9FF2323701323638042F2AD
:10EC20001073E384F2F770FE002201462063684609
:10EC3000F2F798FE206B00220121FDF7E8FE216B20
:10EC400068460422F2F78EFE0022206B1146FDF783
:10EC5000DEFE04F12800A57403B0BDE8304000F0EA
:10EC60003AB9FF23086B0B70FDF79DBE0078FF38A3
:10EC700018BF0120704710B50446283000F081F914
:10EC800061882822F7F712F96D3010BDD0E9020132
:10EC900070470B68C0F815308B88A0F81930012335
:10ECA000C37670472DE9F04F06460C4607460FCE57
:10ECB00091B006AD0FC50FCE0FC596E803000DF15C
:10ECC000100885E80300404600F005F9667894F8DE
:10ECD000149094F80AA094F800B006F07F05B9F1FA
:10ECE000010F2E4607D0B9F1020F04D040F29A313D
:10ECF0000620F2F73FF9617A404600F0F3F8237DF1
:10ED0000227F022B08BF617D02F1010206BF0131A3
:10ED1000C9B20121D2B2404600F0E6F815F008036E
:10ED200062D14046019300F02CF928223146F7F7D2
:10ED3000BDF8E578019B00F2D722207945EA00254D
:10ED4000607940F2712145EA00454D43B2FBF1F292
:10ED50004A43AA420AD9E079A57945EA0025207AF2
:10ED600045EA00454D43954228BF1546227E039350
:10ED7000531E5A425A41A17C386B02910192FDF711
:10ED8000DFFE386BFDF7ECFE039B019A0299ADF8AC
:10ED90001A6008958DF828208DF82B108DF82CA07E
:10EDA0008DF818B08DF81C90099306AE0FCE3D4635
:10EDB0000FC50FCE0FC596E8030085E8030098E85D
:10EDC0000300B862B985E37A03F0FD03003B18BF86
:10EDD000012387F85730E368BB65238AA7F85C30C6
:10EDE000002011B0BDE8F08F00252B46BEE7438818
:10EDF00013F0040F0CBF1F20002070474FF4004396
:10EE0000C38543881D2B08BF00214174704790F9CA
:10EE100012007047408800F0010070478078C0F30E
:10EE2000400070478078C0F3C000704708B5006BA1
:10EE3000FDF77DFE012008BD0120704701207047CD
:10EE400090F8503001624B72D0F85130C1F80A305E
:10EE5000B0F85530CB8170477047F6F7F3BA80F8B9
:10EE60007010704780F8241080F825207047827851
:10EE7000034612F0010002D0D978C90710D59007D7
:10EE800002D5D97889070AD512F0040008D0D878BD
:10EE9000C0F3800080F001008000C0B27047022003
:10EEA0007047C0F34002C0F38003134400F0010038
:10EEB00018447047022808B507D0042807D0012855
:10EEC00007D039212E20F2F755F8262008BD27203B
:10EED000FCE72520FAE70023C0F802300123437045
:10EEE000037070478170704710B542700170807870
:10EEF0001446FFF7D6FF10FB01F010FB04F2FE2AC8
:10EF000003DD5C212E20F2F735F810BD0023C3701D
:10EF100043710371704710B50446FFF7A8FF63798A
:10EF200062780133DBB29A4263710FD1E378A17842
:10EF30000343DBB29942E37008BF23794FF000022C
:10EF400008BF0133627104BFE2702371BDE8104055
:10EF5000FFF7B0BF38B501468078FFF7A2FF04463F
:10EF6000C8784D78FFF79DFF0A790B789B1A13FB41
:10EF700005F34A7913FB04F39B1A00FB1530C0B26A
:10EF800038BD08B501468078FFF78BFF4B780A78CB
:10EF900013FB02F313FB00F0C0B208BD40F2EF20F8
:10EFA000704740F25A335843704738B553680E38AB
:10EFB00014460D4693F8862009283FD8DFE800F074
:10EFC000053E3E3E0F3E173E3E26042A05D1204612
:10EFD000FFF7BFF82046F5F7FDFA002038BD0F2AED
:10EFE000FBD120460021BDE83840FFF7D4BA1D2AE6
:10EFF000F3D12046FFF7ADF8002DEED0626892F80D
:10F00000D83023F0200382F8D830E6E793F8872041
:10F01000232AE2D1002583F887502046FFF7ACF879
:10F02000636893F82431012B03D129462046F3F776
:10F0300051FF6368002283F82421CEE740F2562175
:10F040003120F1F797FF08B590F80E31FE2B04D070
:10F0500040F6B3013120F1F78DFF002380F80E1147
:10F0600080F80F3112B9A0F8C42008BDA0F8BE3056
:10F07000012380F8C230F8E708B5436893F8872089
:10F08000162A04D040F252513120F1F773FF1A22B0
:10F0900083F8872008BD08B5436893F88720312A94
:10F0A00006D1002283F88720BDE80840FFF764B846
:10F0B000162A03D11A2283F8872008BD40F267512F
:10F0C0003120F1F757FF037D63B9C37BA3F1100231
:10F0D000032A07D990F8500028B11C2B8CBF0020C0
:10F0E000012070470120704702464068097990F876
:10F0F00086301D2B14D00BD8042B13D00F2B13D01C
:10F1000090F88730232B0CBF1720FE20F7F7B2B8FA
:10F11000282B0BD02E2B01D0212BF1D11620F5E777
:10F120001420F3E70E20F1E71220EFE72320EDE7AC
:10F13000024640680B4690F8D81041F0040180F870
:10F14000D81059791879F7F795B838B50C460546AF
:10F15000D1E90401F2F77CFB94F8F70120280FD0E5
:10F16000FAF7BAFC94F8F701FAF7F0FD94F8F70112
:10F17000FAF772FB20B940F61D113120F1F7FAFEC3
:10F1800028460221BDE83840F2F7C8BA002070478F
:10F1900008B5F4F763FFBDE80840F5F723B9F2F7C7
:10F1A0001FBF0022A0F8862080F88A2090F8AB319B
:10F1B00013B10221F5F7D6BF0321FBE738B50446AA
:10F1C000084694F8303213B10C25284638BD94F81F
:10F1D0008730153B012BF7D894F8543203F0FF0524
:10F1E000002BF1D191B194F8C63123B940F69921A1
:10F1F0003120F1F7BFFE052304F1F00204F5DB71C5
:10F20000FCF79EFC012384F83032DEE70223FAE7A4
:10F21000F4F798BF08B5F8F713FAF7F7C5FFF7F753
:10F2200013FEBDE80840F7F79BBE08B5C821F7F705
:10F230006BFE022807D1013911F0FF01F7D1EB2154
:10F240003B20F1F797FE431E5842584108BD4FF04E
:10F250008053D3F8A00000F0010070474FF08053B6
:10F26000D3F8A420D3F8A830511C9BB203D14FF699
:10F27000FF718B4203D00260838001207047002021
:10F2800070474FF0805330B5D3F89050D3F8944086
:10F29000D3F89810D3F89C2005EA04030B401340E0
:10F2A00001331FBF056044608160C2600CBF002055
:10F2B000012030BD4FF0805330B5D3F88050D3F8E3
:10F2C0008440D3F88810D3F88C2005EA04030B405F
:10F2D000134001331FBF056044608160C2600CBFF2
:10F2E0000020012030BD10B5F8F7ECF90446FAF71C
:10F2F0004BFD201841F1000110BD10B50446084631
:10F30000F8F744FE4FF47A73B0FBF3F0201A10BD07
:10F3100010B504460846F8F739FE023C00F2E73320
:10F320004FF47A72B3FBF2F3E01A10BD08B5FCF7A4
:10F33000B9FCBDE80840FBF7DFBA801A00F307000C
:10F3400038B540B20D4659B21446FBF7C5FA002352
:10F3500028706B70204440B238BD002303607047B2
:10F360007047002070474FF0FF3070474FF0FF307C
:10F37000704770474FF0FF30704700207047002003
:10F3800070470023037070479DF800300022FFF79C
:10F39000D4BF4FF0FF307047002070474FF0FF3070
:10F3A00070474FF0FF3070477047C0B208B520B9C2
:10F3B0004FF0804301221A6008BD5121B520FCF7AF
:10F3C00071FA0020FBF7F0BA4FF08043D3F808043D
:10F3D00000F0010070474FF08043D3F8140400F0B0
:10F3E000010070474FF08043D3F81C0400F0030085
:10F3F00070474FF08042D2F81834D2F81824C3F383
:10F40000004302F00302824214BF002003F0010017
:10F4100070470020FBF742BB0020FBF76DBB0020CC
:10F42000FBF7C2BA38B5054691F82B000C46FAF73F
:10F4300013FA18B9F6216A20FCF734FA0023238561
:10F4400084F82A300921236A2846984718B103789E
:10F450000BB1FA21EFE738BD08B5426A0346114403
:10F460001A785962012AA1F1500006D1FAF788FBF7
:10F4700040B9DA216A20FCF715FAFAF781FB08B9DE
:10F48000DF21F7E708BD70B5FCF782F900240546D7
:10F490002646E0B2854200D870BDFCF77FF9013402
:10F4A000068580F82A60F4E7F8B504460D46FCF7B7
:10F4B0006FF900270646F8B2864204D8082D0CD909
:10F4C0006FF0150008E0FCF769F990F82A30013771
:10F4D000002BF0D04FF0FF30F8BD2CB1294620466C
:10F4E000BDE8F840FCF766B921462046F8E710B5BC
:10F4F0000446FCF753F9014688B190F828308BB9DF
:10F5000090F82A3073B1013B012B04D82046FFF755
:10F5100089FF002010BD012380F82830F9E76FF043
:10F520000100F7E76FF02200F4E770B50D46FCF735
:10F5300035F90446002848D090F82A60731E012B44
:10F5400049D8002D44D02846FBF7F8FE00283FD0CC
:10F550002B78FBB9012323702B79003B18BF0123C3
:10F5600063726B79002B14BF042302232372AB68F0
:10F570006F336360EB682361032394F82B0084F8F6
:10F580002A302146FAF714FA40BB40F2E2216A2001
:10F59000FCF788F9022E1ED1002323702B79003B43
:10F5A00018BF012363726B79002B18BF04262672E3
:10F5B000EB68A9686F336360D4E906325B1842EBED
:10F5C000E172C4E904320423D7E76FF0010070BD93
:10F5D0006FF01500FBE76FF02200F8E70020F6E778
:10F5E000F8B5037904461BB11B219D20FCF75AF99D
:10F5F0004679017126B901234371217909B96171F5
:10F60000F8BD276826712046B84702280546F4D180
:10F6100003212046B84708B12F21E6E72368294691
:10F62000204698470028E8D03021DEE703460068EE
:10F63000884204D109B10A681A600846704728B99F
:10F640007047884202D10A681A60F6E703460068EC
:10F650000028F6D170470346002018707047EFF37A
:10F66000108272B603780121DBB2017002B962B672
:10F67000012B0CBF6FF0220000207047EFF31083C6
:10F6800072B60022027003B962B600207047FCF720
:10F69000E3BAFCF72BBBFCF729BB00280CBF6FF0CB
:10F6A00015000020704700207047072303700020DA
:10F6B0007047002070470020704710F8012B11F8A8
:10F6C000013B012A28BF9A42F7D0D01A704703465F
:10F6D00013F8012B002AFBD1181A013870472DE9C5
:10F6E000F04786468C460846089E154674461946DD
:10F6F000002B40F0C2808542B2FA82F245D94AB16D
:10F70000C2F1200300FA02FC2EFA03F3954043EA0B
:10F710000C0C94404FEA154EA8B2BCFBFEF8230C2B
:10F720000EFB18CC08FB00F943EA0C43994528D995
:10F73000EB1808F1FF3704D2994502D9A8F1020766
:10F740002B44A3EB0903A4B2B3FBFEFC0EFB1C335A
:10F750000CFB00F044EA0344A04214D92C190CF12C
:10F76000FF3304D2A04202D9ACF102032C44241A84
:10F7700043EA07401EB1D440002334607360BDE803
:10F78000F0874746DDE76346F1E792BB431B012163
:10F790004FEA154EAFB2B3FBFEFC200C0EFB1C3340
:10F7A0000CFB07F840EA0343984562D9EB180CF1CB
:10F7B000FF3004D2984502D9ACF102002B44A3EBF0
:10F7C0000803A4B2B3FBFEFC0EFB1C330CFB07F7D3
:10F7D00044EA0344A7424ED92C190CF1FF3304D25A
:10F7E000A74202D9ACF102032C44E41B43EA0040D7
:10F7F000C0E7C2F1200320FA03F1954090402EFAB1
:10F8000003F303434FEA154EAFB2B1FBFEFC0EFB10
:10F810001C10190C0CFB07F841EA0041884504FA5A
:10F8200002F422D969180CF1FF3004D2884502D9BC
:10F83000ACF102002944A1EB08019BB2B1FBFEFC34
:10F840000EFB1C110CFB07F743EA01439F420ED944
:10F85000EB180CF1FF3104D29F4202D9ACF1020146
:10F860002B44DB1B41EA004192E76046E3E7614637
:10F87000F7E76046A3E76346B7E7834206D916B9C0
:10F88000002108467BE7C6E900E0F9E7B3FA83F711
:10F890008FB9834201D3724508D8BEEB020460EBF6
:10F8A000030301209C461EB9002168E73846FAE7A9
:10F8B000C6E9004CF8E7C7F1200CBB4022FA0CF473
:10F8C0001C432EFA0CF120FA0CF3B84001434FEA26
:10F8D00014490EFA07F5B3FBF9F81FFA84FE09FB89
:10F8E00018300B0C08FB0EFA43EA00439A4502FA63
:10F8F00007F240D9E31808F1FF3004D29A4502D943
:10F90000A8F102002344A3EB0A0389B2B3FBF9F880
:10F9100009FB183308FB0EFE41EA03418E452CD942
:10F92000611808F1FF3304D28E4502D9A8F1020311
:10F93000214443EA0040A0FB0298A1EB0E0141459F
:10F94000CE46434602D306D14D4504D2B9EB020E52
:10F9500068EB04030138002EA6D0B5EB0E0261EB74
:10F96000030101FA0CFC22FA07F34CEA0303F94005
:10F97000C6E9003198E74046C5E74346D9E70000AD
:10F9800010B54FF0FF304FF0FF3102F015F9D8B14C
:10F99000044608210C300FF0F4FD02460E4B93F89C
:10F9A000D83013F0010F0BD10C484FF000510FF07D
:10F9B000ADFF0022214640F6014002F003FA10BDDF
:10F9C00003A1D1E90001F2E76FF06800F7E700BF9B
:10F9D0009088000200800020280300201088000288
:10F9E000014B1878704700BFAE370020F0B58BB0E0
:10F9F00004460D4616460378032B38D8DFE803F09B
:10FA000002212B311D4B93E803000790ADF8201025
:10FA1000090C8DF8221063792279E178A078677853
:10FA20000DF11C0CCDF814C00497039002910192C3
:10FA30000093A379124A314628460DF0DFFA0BB045
:10FA4000F0BD104B93E803000790ADF82010090CAF
:10FA50008DF82210DFE70C4A07AB07CA03C31A80F0
:10FA6000D9E70A4A07AB07CA03C31A80D3E7084A93
:10FA70000A2107A80DF0C2FACDE700BF389A0200AC
:10FA8000509A0200409A0200749A0200809A020082
:10FA9000489A020030B58BB00D46144611F0F4FAC6
:10FAA0001E2202A9FFF7A2FF34B92A4602A907487D
:10FAB0000EF0B4F80BB030BD054B009323462A4638
:10FAC00002A904480EF0AAF8F4E700BF8C9A0200DD
:10FAD000A0A30200AC9A020010B588B00C4611F049
:10FAE000D3FA1E226946FFF781FF044B224669467E
:10FAF00003480EF093F808B010BD00BFA0A30200A9
:10FB0000D49A020010B588B00C4611F0BDFA1E223E
:10FB10006946FFF76BFF2246694602480EF07EF801
:10FB200008B010BDFC9A020000B589B011F0ACFA23
:10FB30001E226946FFF75AFF694603480EF06EF829
:10FB400009B05DF804FB00BF209B020010B588B02F
:10FB50000C4611F099FA1E226946FFF747FF22462C
:10FB6000694602480EF05AF808B010BD389B0200F2
:10FB700008B502480AF03EFA08BD00BFE0280020A0
:10FB800008B503480EF04AF8FFF7F2FF08BD00BFC2
:10FB9000509B020008B5044A04480EF03FF80120CB
:10FBA00015F068FD08BD00BFA0A302009C9B0200E9
:10FBB00008B531B905480EF031F8012015F055FDB2
:10FBC00008BD034A03480EF029F8F9E7E09B02005C
:10FBD000A0A30200BC9B020010B588B00DF10C0C74
:10FBE0000C4C0FCCACE80F002368CCF8003001239C
:10FBF0000093094B0222094903A803F0E3F920B955
:10FC000007480EF00BF808B010BD014605480EF08D
:10FC100005F8F8E7D0970200A49D0200B89D020005
:10FC2000149C0200EC9B020010B5064808F0A6FEEA
:10FC3000044608B9204610BD014603480DF0EEFF0A
:10FC4000F8E700BF4DFC0000389C020011F0010FE6
:10FC500000D1704710B500F00104204600F08EFC82
:10FC6000014B1C7010BD00BFAE37002010B52C48F2
:10FC70000DF0D4FF08F02EFF98BBFFF7D5FF01462B
:10FC8000A8BB284804F076FAA8BB274804F09AFAE3
:10FC9000A8BB002002F0F6FA0146A0BB234807F0FB
:10FCA00041F9014698BB22480DF0B8FF0EF0E6FF7F
:10FCB000204800F059FC044668BB1F491F4817F054
:10FCC000FAFBFFF755FF013404F0010148BF494238
:10FCD000002008F017FF4FF40040002117F03DFE10
:10FCE000F1E7014616480DF099FF002010BD1548B8
:10FCF0000DF094FFF9E714480DF090FFF5E7134875
:10FD00000DF08CFFF1E712480DF088FFEDE7114888
:10FD10000DF084FFC7E701460F480DF07FFFE4E7D1
:10FD2000589C0200B0040020A004002040E2010022
:10FD30006C9D020098040020D9FB0000E028002000
:10FD4000849C0200A09C0200C09C0200F09C020067
:10FD5000249D0200449D0200849D020008B5024BD0
:10FD60001B68984708BD00BFDC040020014B1860E9
:10FD7000704700BFDC04002000B585B00A460023B0
:10FD8000009301930293039302238DF80230044BF6
:10FD90000193014668460DF0C3F905B05DF804FB18
:10FDA0005DFD000080B505460E46174698460AF0F0
:10FDB00003FE034619F0D8FA0446DFF8189049F814
:10FDC0000030424639463046A84754F8090000F052
:10FDD00069FF00BF0800000010B5864600206423BC
:10FDE00010E00CF1300C0EF801CB0139C9B2013032
:10FDF000C0B2B2FBF3F403FB1422D2B2094CA4FB51
:10FE00000343DB0849B143B1B2FBF3FC9A42E8D2A9
:10FE1000012BE6D00028ECD0E3E711B100238EF8E7
:10FE2000003010BDCDCCCCCC2DE9F04383B00446DE
:10FE300008461546238B13F0080F05D103F007067B
:10FE400000230093019354E0012909D043F02003DB
:10FE5000238385F31188BFF36F8F03B0BDE8F08370
:10FE600043F010032383F4E720460DF083FF42E0C4
:10FE7000D4F814904A46694620460DF094FF4FF09E
:10FE80000008238B03F00707B74269D0A268002A55
:10FE900066D0012243F00803238385F31188BFF362
:10FEA0006F8F002A64D1009B2BB14B463A466946BE
:10FEB00020460DF0F1FFB8F1000F02D03449204682
:10FEC000C047EFF31185402383F31288BFF36F8F90
:10FED000238B23F008032383238B13F0100F4DD0C3
:10FEE00023F0100323830120268B06F00706002849
:10FEF000AFD00228B8D00028ABD0013804282BD8C6
:10FF000001A353F820F000BF71FE000059FF00006C
:10FF10001DFF000031FF000045FF00002369D3F8FA
:10FF20000080062120460DF0FBFE4FF00009A8E7F7
:10FF30002369D3F80480042120460DF0F1FE4FF030
:10FF400000099EE72369D3F80880052120460DF0BB
:10FF5000E7FE4FF0000994E74FF00008C14690E734
:10FF6000009A0AB1002295E7B8F1000F92D1B3E7E9
:10FF70004A46394620460DF0DBFE94E713F0200F89
:10FF800004D023F0200323830220ADE70020ABE759
:10FF9000C7DE0100014B036000207047C89D0200CE
:10FFA0008446002300E00133074A12689A4208DDC4
:10FFB0001A010649096801EB03108A5C6245F2D117
:10FFC00000E00020704700BF4C9F02002405002085
:10FFD00038B50C4B1B685BB10C46FFF7E1FF0546DB
:10FFE00048B1C06816F09DFF40B12560002038BDC3
:10FFF0006FF00C00FBE76FF00100F8E76FF0120004
:020000040001F9
:10000000F5E700BF2405002010B588B00C46436812
:100010000293836803930492002305930A6806926F
:10002000079301AA0549C06814F0EFFC079B0BB9C0
:10003000059B2360079808B010BD00BF07EC0100C6
:100040002DE9F0410C4B1E6896B107460C4615464B
:1000500000F03AF97368D3F810802B4622463946EF
:100060003046C047044600F03BF92046BDE8F08129
:100070006FF00104F9E700BFF028002000230360BF
:10008000054B5B681BB11860034B58607047024B0F
:1000900058601860704700BFF4280020014B1860BA
:1000A000704700BFF028002030B585B0054600231A
:1000B000019302930393019000F006F90C4B1C6826
:1000C00064B163681B6801A92046984723462468E9
:1000D000002CF5D0002BF3D11C46F1E7284600F0A8
:1000E00095F8044600F0FCF8204605B030BD00BF8E
:1000F000F428002010B584B001900291039200F022
:10010000E3F80A4B1C6864B163681B6801A92046C8
:10011000984723462468002CF5D0002BF3D11C46C9
:10012000F1E700F0DDF8002004B010BDF428002055
:10013000024B00221A605A60704700BFF42800206A
:1001400008B5034B00221A605A60FFF7F1FF08BDA3
:10015000FC280020F0B583B006460F4609B1002305
:100160000B60274C002504E00FB1019B3B60254646
:100170001834244B9C4216D201AA216830460EF056
:1001800092FD0028F4D0002DEED0002229682068CE
:100190000EF089FD0028EBD01FB1019B3B60254686
:1001A000E6E72546E4E7184B1C683CB1183C05E03F
:1001B00014F1180317D0A46904B1183CE4B101AAE2
:1001C000216830460EF06FFD0028F1D06DB100229D
:1001D000296820680EF067FD0028ECD057B1019B1C
:1001E0003B602546E7E71C46E8E70FB1019B3B6013
:1001F0002546E0E72546DEE7284603B0F0BD00BF10
:1002000034970200C4970200FC2800202DE9F04733
:1002100006464FF000474FF0000949E01834274BDD
:100220009C421CD236B10022314620680EF03BFDC4
:100230000028F3D0D4F81080B8F1000FEED0D4F835
:1002400004A02A46394650460EF023FD0546BA451D
:10025000E4D1C047B9F1000FE0D18146DEE7184B89
:100260001C6824B1183C02E0A46904B1183CE4B154
:1002700036B10022314620680EF015FD0028F3D07B
:10028000D4F81080B8F1000FEED0D4F804A02A46BC
:10029000394650460EF0FDFC0546BA45E4D1C0474C
:1002A000B9F1000FE0D18146DEE7AF4203D02F461F
:1002B0003D46044CB3E74846BDE8F087C4970200CA
:1002C000FC2800203497020008B54FF0FF324FF0B1
:1002D000FF33024809F07AFB08BD00BFC4070020C5
:1002E00008B5024809F0F2FB08BD00BFC4070020B2
:1002F00010B5FFF7E9FF094B1B7823B10024FFF786
:10030000EFFF204610BDFFF71BFF00F089F8044601
:100310000028F4D1014B01221A70F0E7AF3700201A
:100320002DE9F04798B080468946048F0134A4B285
:100330004FF0000A0EE0002842DD294638460EF054
:10034000CDFB214638460EF0C9FBB8F83830AB4239
:1003500045D02C46651EADB2B5F5004F2CD008F146
:1003600008074A2303AA294638460EF026FC06460B
:1003700004F57F543F34A4B201230DF10B02214652
:1003800038460EF01AFC002ED5DD0028D5DD06F12A
:1003900060030DEB0306002306F8543C1697ADF8F6
:1003A0005C40CDF8009016AB124A014603A80EF04F
:1003B000C0FC82460028CCD0504618B0BDE8F0877B
:1003C000B8F83830AB42C4D1013B424622F8383F3E
:1003D00002234FF4004138460EF0CEFAB9E7013B54
:1003E000424622F8383F02234FF4004138460EF0CF
:1003F000C3FAAEE797ED010008B5034B4360FFF782
:100400003DFE002008BD00BFE004002008B5034BFE
:100410004360FFF743FE002008BD00BFE00400205A
:1004200010B584B00120009003A9FFF7D1FD034669
:1004300010B1184604B010BD01AA694601200EF0A3
:1004400000FC034610B110F10C0FF2D1029CB4F580
:10045000803F23D200221346072B07D8224403995A
:100460008968914202D301339BB2F5E70D4844619C
:100470000383039B5A688260DB68C3630EF037FD19
:1004800003460028D5D10748FFF7B6FF03460028EA
:10049000CFD10448FFF7BAFF0346CAE76FF0200345
:1004A000C7E700BF0429002008B505480DF0B6FBDA
:1004B00004480DF0B3FB04480DF0B0FB08BD00BFCD
:1004C000C89D0200FC9D0200309E0200012914BF5D
:1004D00000210121014B1970704700BFB137002086
:1004E00010B51C46BDF80830012C0CD173B90A4B6D
:1004F0001B6833B1107801280BD8003818BF0120D1
:100500009847204610BD6FF00C00FBE76FF0060027
:10051000F8E76FF01200F5E7442900202DE9F041DB
:1005200084B00C46D1F80C800D494968A9B1054644
:1005300017461E4688470B4B187001230293CDF8CF
:100540000480BDF82830009333463A4621462846B9
:1005500012F0D2FC04B0BDE8F0810020FAE700BF41
:1005600044290020B037002020B10168024A116000
:1005700043685360002070474429002000B583B0D1
:100580008DF80700074B1B784BB101230DF10702D3
:10059000054900200EF0E1FC03B05DF804FB6FF0AC
:1005A0000C00F9E7B1370020889E020008B5034827
:1005B000034A121A00210EF0E2FC08BD4009002097
:1005C000C037002008B50648064A121A06490EF040
:1005D000DAFC0648064A121A06490EF0D4FC08BD99
:1005E000000000203C090020E0AD020000000020D7
:1005F00000000020E0AD020010B5044683684268A8
:10060000016809480DF00AFB63692269E16807483F
:100610000DF004FBE16906480DF000FBA1690548F7
:100620000DF0FCFA10BD00BF709F0200A09F0200F9
:10063000D09F0200E09F020038B504460D4611B17C
:100640000846FFF7D9FF012C04D02946204609F0BF
:100650000DF838BDEFF30581103902480DF0DEFAD0
:10066000F3E700BF10A0020030BFFFF7FDBF00BFDF
:1006700038B50446054D2A46054918F0C2FD054A1D
:100680000021601918F0CBFD38BD00BF000000004C
:10069000C49702000800000070B50646064D074BDF
:1006A0001D444C1B2046FFF7E3FF083CC6F8A8405A
:1006B00005F1080070BD00BF000000000800000048
:1006C000054B5A699B689A4204D0044A536843F028
:1006D00080535360704700BF7030002000ED00E091
:1006E00081690D4B5A6942F480725A61BFF34F8F92
:1006F000BFF36F8F31F8021C5A6922F480725A617D
:10070000BFF34F8FBFF36F8F4DF60273994201D045
:10071000002070470120704700ED00E04FF0000C12
:1007200083F800C002F07F4CBCF17F4F12D102F081
:100730000C0CBCF1080F04D012F0080F07D00846CB
:10074000704708B504480DF069FA002008BD012281
:100750001A7070470020704724A00200F8B50546C3
:100760000F4614462F480DF059FA2F4B9B6A13F48D
:10077000805F25D116262C4B9B6A13F4006F24D181
:10078000294B9B6A13F4007F24D1274B9B6A13F4F7
:10079000806F37D1244B9B6A13F4807F37D1224B73
:1007A0009B6A13F4005F37D11F4A936A43F47F4377
:1007B0009362012128460EF0F6FB20703046F8BD0A
:1007C0001A480DF02BFA1726D5E719480DF026FA2E
:1007D0001826D5E717480DF021FA134B996B9B6A41
:1007E00013F4004F01D11926CFE713480DF016FA84
:1007F00037B10D4A936A23F4004393621926C4E784
:100800001926C2E70D480DF009FA1A26C2E70C486E
:100810000DF004FA1B26C7E70A480DF0FFF91C2665
:10082000C2E700BF50A0020000ED00E068A0020097
:100830007CA0020090A00200ACA00200C4A00200B4
:10084000E0A00200FCA0020008B524480DF0E6F983
:10085000234B9B6A13F0007F21D11D20204B9B6A04
:1008600013F0807F20D11E4B9B6A13F4002F20D100
:100870001B4B9B6A13F4802F20D1194B9B6A13F4F6
:10088000003F20D1164B9B6A13F4803F20D1144ABD
:10089000936A6FEA03436FEA1343936208BD1148FA
:1008A0000DF0BCF91E20D9E70F480DF0B7F91F2055
:1008B000D9E70E480DF0B2F92120D9E70C480DF028
:1008C000ADF92220D9E70B480DF0A8F92320D9E78C
:1008D00009480DF0A3F92420D9E700BF2CA102009C
:1008E00000ED00E048A102005CA1020078A1020036
:1008F00098A10200C0A10200DCA1020008B50023FB
:100900000B7002480DF08AF908BD00BF08A2020072
:1009100008B50A460F2905DC0349103A03480DF0D3
:100920007DF908BD0249F8E730A2020064A2020086
:1009300048A202002DE9F04104460F4615463F4803
:100940000DF06CF93E4B9B6A13F0100F3CD1102652
:100950003B4B9B6A13F0080F3BD1394B9B6A13F05A
:10096000020F3BD16FF01508354B9B6A13F0010F56
:1009700050D1334B9B6A13F0200F50D1304B9B6A00
:1009800013F0100F04D12E4B9B6A13F0020F04D00A
:100990002B4B5B6813F4006F46D1294B9B6A13F015
:1009A000200F04D0264A536A23F400535362244A8A
:1009B000936A43F0FF039362012120460EF0F3FA9D
:1009C00028703046BDE8F0811E480DF027F9112649
:1009D000BEE71D480DF022F91226BEE71B480DF0B8
:1009E0001DF9174BD3F834809B6A13F0800F03D1A5
:1009F0006FF015081326B7E7414615480DF00EF9BC
:100A000037B10F4A936A23F0800393621326ABE752
:100A10001326A9E70F480DF001F91426A9E70E489F
:100A20000DF0FCF81526A9E72146404600F01EFA15
:100A30000028B2D080F309880226AEE778A202002F
:100A400000ED00E090A202007CA00200C4A202001F
:100A5000E0A20200F8A20200FCA0020070B5064667
:100A60000D4626480DF0DAF800232B70244BDC6A83
:100A700014F002040AD1224BDB6A002B0BDB204B63
:100A8000DC6A14F080440AD1204670BD1D480DF088
:100A9000C5F80024F8E71C480DF0C0F8F4E71B483F
:100AA0000DF0BCF83046FFF71BFE98B9144B9B6A5B
:100AB00013F0FF0F14D1124B9C6A14F47F4416D12B
:100AC0000F4B9B6AB3F5803FDED33046FFF7BCFE89
:100AD0000446D9E731680E480DF0A0F83468D3E732
:100AE0002A4601213046FFF725FF0446CCE72A4677
:100AF00001213046FFF732FE0446C5E718A3020085
:100B000000ED00E030A3020054A3020064A3020041
:100B100084A3020030B58BB01F4B5D68C5F3080598
:100B2000002383F31188BFF36F8F0DF12603FFF7C6
:100B3000F5FD04460DF1270229460EF036FA9DF820
:100B400027300BB10BB030BD05460DF1040C206809
:100B50006168A268E368ACE80F0020696169A26976
:100B6000E369ACE80F009DF826304BB1089BC3F356
:100B700008025AB96FEA53236FEA4323089305E04A
:100B8000089B23F4FF7323F00103089301A928466F
:100B9000FFF752FDD6E700BF00ED00E0044B5A69B5
:100BA00042F010025A615A6922F008025A617047F5
:100BB00000ED00E0EFF30880EFF3098101B5724624
:100BC000FFF7A8FF01BD00BF002080F31488BFF32A
:100BD0006F8F114880F3088800201049087008F0D2
:100BE000C7FB00200E490860BFF34F8F00F030F8BC
:100BF000402080F311880B484FF40461401880F3C3
:100C00000988EFF314800221084380F31488BFF3AE
:100C10006F8F00F0F5F80000405E0020BD37002027
:100C200094ED00E0804C0020084BD3F89000C0F316
:100C30000720002306E0054AC2F898300021C2F8D8
:100C4000A01001338342F6DB704700BF00ED00E0E7
:100C500010B572B6002484F31388FFF7E5FF23462E
:100C600008E003F120010E4A4FF0FF3042F8210066
:100C70000133DBB2072BF4D9002308E003F1600154
:100C8000074A4FF0FF3042F821000133DBB2072B57
:100C9000F4D962B6BFF34F8FBFF36F8F10BD00BFA3
:100CA00000E100E008B50A4B9B68834202D009F0DE
:100CB00089FE08BDEFF30583002BF8D0054B5A6879
:100CC00042F080525A605A6A22F400425A62EEE7B9
:100CD0007030002000ED00E015498A684FF03000C8
:100CE0001044EFF3098C80E8F01F402080F3128855
:100CF000BFF36F8F0F4F4FF000664A698A603E6006
:100D0000D2F8A8000C4C2060D2F8AC000023C2F846
:100D1000AC3080F3118804B5104600F029F9BDE825
:100D2000044002F1300090E8F01F8CF3098870470E
:100D30007030002004ED00E04C2900201EF0040F6C
:100D40000CBFEFF30880EFF30980816911F8021CF2
:100D50000229FFD001B572460EF019F901BD00BF9E
:100D6000002807DB00F01F02400901239340024ADC
:100D700042F82030704700BF00E100E000280CDBA3
:100D800000F01F024009012393402030034A42F83B
:100D90002030BFF34F8FBFF36F8F704700E100E04B
:100DA000002808DB4901C9B200F1604000F561404C
:100DB00080F80013704700F00F004901C9B2014BE1
:100DC0001954704714ED00E04209054B53F82220F6
:100DD00000F01F00012303FA00F01040704700BF2D
:100DE00000E100E0044B23F07F03044A9360BFF36B
:100DF0004F8FBFF36F8F70470000000000ED00E0E1
:100E000008B5FFF7EFFF074AD2F8883023F47003E4
:100E1000C2F88830FFF7CAFBFFF7D4FB00F070F888
:100E200008F042FD00ED00E010B4A2F120040E49EC
:100E300042F8081C21F0010142F8081C42F8203C4D
:100E4000019B42F81C3C029B42F8183C039B42F871
:100E5000143C4FF0807342F8043C04650023C0F852
:100E6000AC3010BC704700BFA5FD0000104B9B6864
:100E7000BBB110F1160F0BD0D3F89820A2F1400CA3
:100E8000844510D8824210D98A4207D80020704782
:100E9000D3F898208A4201D800207047D3F89800F0
:100EA000704700207047002070470020704700BF47
:100EB0007030002008B50E4615460C4A9060D0F8F8
:100EC000A8200B4B1A6000F053F82C4686F30988D3
:100ED0000020044B98472046002100220023024CAA
:100EE0002047000031F00100A5FD00007030002017
:100EF0004C290020014B10221A61704700ED00E0E0
:100F0000002206E003F00F030949194440230B7641
:100F10000132262A0ADC53B2002BF3DB03F16043D3
:100F200003F56143402183F80013F1E7704700BFE8
:100F3000FCEC00E008B5EFF30583103B044A02EB3C
:100F4000C301496852F833008847FFF7B9FB08BD71
:100F5000DC94020008B5034B034A012103480EF05C
:100F6000BAF908BD0000012000000020A4A302007F
:100F700008B5D0F89830403B0448036040234360F4
:100F8000034B836001210EF0AAF908BD502900200F
:100F900000000B15084AC2F898000B6823F01F03E5
:100FA000034343F01003C2F89C308B6843F0010305
:100FB000C2F8A030704700BF00ED00E0084BD3F846
:100FC0009030C3F30723013B984205D810B504467F
:100FD000FFF7E0FF204610BD6FF01500704700BF1F
:100FE00000ED00E010B5034C012322780EF073F8F9
:100FF000207010BDB237002008B500230B4A1278CC
:101000000EF069F810F1160F0FD0024606E0084BFB
:10101000C3F898200021C3F8A0100132044BD3F884
:101020009030C3F307239342F1DC08BDB2370020B0
:1010300000ED00E0044B0522C3F89420BFF34F8F6E
:10104000BFF36F8F704700BF00ED00E0BFF35F8F0D
:10105000024B0022C3F89420704700BF00ED00E06F
:1010600038B51C4B1D681C4BD3F89030C3F30723D5
:101070009D422BD8FFF7EAFF002409E0154B5B687F
:1010800004EB440103EB81012046FFF783FF0134A9
:10109000A542F3D8114805700EF045F810F1160F6F
:1010A00013D00E4B1A780C4BD3F89030C3F30723B0
:1010B0009A4207DA084BC3F898200021C3F8A01021
:1010C0000132F0E7FFF7B6FF002038BD4FF0FF30E8
:1010D000FBE700BFB0A3020000ED00E0B237002044
:1010E00008B502480BF06AFFFEE700BFE0A302006C
:1010F00008B5024B1B689847002008BD5C290020FA
:10110000034B1860034A937843F0020393707047CF
:101110005C2900202805002008B5064921F00701B8
:10112000C1F1005202F5803203480CF0F7FC0020B8
:1011300008BD00BFAB72002060290020034BC01A1D
:101140008010034B03FB00F0704700BF080800202D
:10115000A38B2EBA2C22024B02FB0030704700BF3B
:101160000808002068B108B5064A074B1B68074904
:10117000A1FB03139B0C00FB03F042F00103984713
:1011800008BD7047309A0200E006002083DE1B4352
:101190000123044AC2F840354FF08042C2F8783546
:1011A0000020704700E0014008B50448044B03608C
:1011B0003F23436008F0CCF9002008BD6C290020D3
:1011C000FFFF0100BFF35B8F24490968BFF35B8F0A
:1011D00011F0010F39D070B582B0044616461D4695
:1011E000002834D001A90DF088FD02461C49204694
:1011F00018F02DF870BBBFF35B8F184B1B68BFF363
:101200005B8FC3F3C00413F0080F1CD107221549EC
:101210002846B04706280AD91349A1FB0031401AD5
:1012200001EB500189080F4BD971234607E00D4BA4
:1012300000221A60C3F80320DA7103E00133CAB256
:101240009342FBDB204602B070BD002070476FF078
:101250000100F8E76FF00100F5E700BFFC03002094
:1012600018A4020028030020254992242DE9F0410A
:1012700088B00E9CDCB19D795E791F7993F803C02C
:1012800093F802E093F801801B7807940693CDF859
:101290001480CDF810E0CDF80CC0029701960095AF
:1012A00013460E4A0BF0AAFE08B0BDE8F0819C7907
:1012B0005D791E79DF7893F802C093F801E01B781E
:1012C0000693CDF814E0CDF810C00397029601956F
:1012D00000941346024A0BF091FEE5E71CA40200BD
:1012E00040A4020070B58CB004461D46BAB1164643
:1012F00071B90023009333462246242102A8FFF748
:10130000B5FF109A294602A8FEF79AFE0CB070BDF0
:101310000A4604210BA8FEF75FFD0BABEAE7034684
:10132000044A242102A80BF069FE0028E9DA6FF0D4
:101330001500EBE764A4020000B583B0064BDA7930
:10134000C2EBC2020092002211460448FFF7CAFF16
:1013500003B05DF804FB00BF2803002018A40200BE
:1013600030B58DB00446AAB1154661B9002300938B
:101370002B462246242102A8FFF778FF02A80DF091
:1013800082FC0DB030BD0A4604210BA8FEF724FDF7
:101390000BABECE70346054A242102A80BF02EFE16
:1013A0000028EBDA6FF01500EBE700BF64A4020041
:1013B00000B583B0009313460A4601460248FFF782
:1013C00091FF03B05DF804FB6CA4020008B50A4667
:1013D00001460248FFF7C4FF08BD00BF6CA402002D
:1013E00000B583B0009313460A4601460248FFF752
:1013F00079FF03B05DF804FB70A4020000B583B070
:10140000009313460A4601460248FFF76BFF03B0FC
:101410005DF804FB74A4020000B583B0034600919C
:10142000002211460248FFF75DFF03B05DF804FBA0
:1014300078A4020008B5024808F0DCFD002008BDD1
:10144000A805002008B5BFF35B8F1C4B1B68BFF3DA
:101450005B8F13F0010F2FD0194BDB7903B3184BBF
:10146000DB7913B901F02AFB38BBBFF35B8F134B59
:101470001B68BFF35B8F13F0040F16D00F4BBFF345
:101480005B8F53E8002F22F4006143E8001000282E
:10149000F7D1BFF35B8F12F4006F09D100200CE08D
:1014A00001F0F8FA0028DAD007E000F0BDFBE5E72C
:1014B000FFF7C0FF002000E0002008BDFC03002073
:1014C0002803002000B583B0009313460A46014666
:1014D0000248FFF707FF03B05DF804FB80A4020099
:1014E00008B50A4601460248FFF73AFF08BD00BFAB
:1014F00080A4020070B586B003AD00240394049468
:101500000594084B0393084E304616F048F80095B2
:101510000A234FF4E8620549304608F073FD20467F
:1015200006B070BD8CA4020048180020C03700200F
:1015300008B50146014816F044F808BD48180020D7
:1015400008B50146014816F004F808BD4818002007
:1015500010B586468C460378012B18D0022B32D06A
:1015600003B110BD224C0FCCCCF80000CCF8041015
:10157000CCF80820CCF80C3023788CF81030BEF86A
:1015800002308CF80D301B0A8CF80E30E9E7184C4D
:101590000FCCCCF80000CCF80410CCF80820CCF824
:1015A0000C3023788CF81030DEF804308CF80D30D5
:1015B000C3F307228CF80E201A0C8CF80F201B0E98
:1015C0008CF81030CDE70068DEF80410DEF8082053
:1015D000DEF80C30CCF80000CCF80410CCF8082071
:1015E000CCF80C309EF810308CF81030B9E700BF02
:1015F00098A4020038B5044616F077F8054650B1B5
:10160000BFF35B8F074B1B68BFF35B8F0BB12046AB
:1016100098471DB138BD09F0C5F8F1E709F0DAF8CF
:10162000F8E700BF7429002038B5044607480DF0DC
:101630002AFF054638B120460EF0E8F8014605F1CC
:101640000C000DF0AFFF284638BD00BFE4080020B5
:10165000054BBFF35B8F53E8002F43E800010029DF
:10166000F9D1BFF35B8F70477429002010B50F28A4
:101670000ED80E280ED291B10B480DF004FF04468F
:1016800024B1042104F10C000DF08CFF204610BDA4
:101690001328F0D105480DF0F6FE0446F0E70220CD
:1016A000FFF7C2FF0446F1E76008002010090020A0
:1016B000002303B17047074A32F813200AB10133FF
:1016C000F7E740F47040034A22F81300024AD1546D
:1016D000704700BF7C2900207829002040F470402A
:1016E00000230BB100207047064A32F813208242D3
:1016F00001D00133F5E7034A002122F81310024A12
:10170000D05C70477C29002078290020C26851787D
:10171000084B83F870105188A3F87210117983F880
:101720007110B2F80710A3F87410B2F80520A3F8EE
:101730007620704728030020C268034BD2F80100CE
:10174000D2F8051003C370470004002030B5C46808
:1017500004F1010C094D4134AE46DCF80000DCF820
:101760000410DCF80820DCF80C30AEE80F000CF1B7
:10177000100C7546A445EFD130BD00BFA803002072
:10178000C268034BD2F80100D2F8051003C37047BA
:10179000A003002008B5C06801300EF0C8F8024B65
:1017A000C3E9380108BD00BF28030020C3685A7888
:1017B000014B83F82221704728030020094BBFF317
:1017C0005B8F1A68BFF35B8F02F00B02BFF35B8F76
:1017D00053E8001F43E800200028F9D1BFF35B8FD6
:1017E000704700BFFC03002008B5C368B3F80120B0
:1017F00091B209B1D97801B908BD0548A0F8042112
:10180000D9780A4600F5847015F04BFDF4E700BF67
:101810002803002008B5C268084BB3F8043103B1AF
:1018200008BDB2F801300548A0F8043191880A4695
:1018300000F5847015F035FDF2E700BF28030020A5
:1018400000B970472DE9F0410E4615468046374BEA
:101850000022BFF35B8F53E8004F43E800210029CB
:10186000F9D1BFF35B8F27462CB917B138460DF07D
:101870003CFEBDE8F08120460DF079FD00EB400014
:101880002B4B03EB80035B88434533D1AC4208D03C
:1018900020460DF08BFD2A8AE96804F10C000DF05A
:1018A00076FE20460DF063FD00EB4000204B03EB7D
:1018B00080035B6803B14EB320460DF058FD00EB8A
:1018C00040001B4B03EB80039B68002BCDD02046D0
:1018D0000DF04DFD164D00EB400005F82060204650
:1018E0000DF045FD00EB400005EB8005A86808F011
:1018F0007DF9BAE70D4BBFF35B8F53E8007F43E8F8
:101900000042002AF9D1BFF35B8FAEE720460DF00D
:101910002EFD00EB4000064B03EB80035B681A7A58
:10192000596818680EF09DF8C6E700BF70040020E3
:1019300080290020012801D00020704708B5062228
:10194000074B93F86F0002F045FB00B108BD05227C
:101950000449034B93F86F0002F03CFBF6E700BF2D
:1019600028030020F8A3020070B582B0044600F1FD
:101970000C0528460DF04CFEADF80400238AADF8A6
:101980000630012128460DF023FE022128460DF0E5
:1019900027FE054600783E2818D00EF026F80646A9
:1019A00016F0010F1ED00623184A214628780DF0A4
:1019B000F7FF16F0020F25D06369BDF80420134429
:1019C000E360BDF80630238202B070BDE3681B7887
:1019D000012B05D00A2B01D00226E1E70326DFE721
:1019E0000326DDE741F24513094A0A490A480CF08B
:1019F00023F9002383F31188BFF36F8F0323184665
:101A000002DFD0E720460DF070FDDDE754A60200AE
:101A1000E8A402001CA5020038A5020010B5044687
:101A200001210C300DF0DCFD0223034A2146007831
:101A30000DF0B6FF10BD00BF84A6020038B5044605
:101A400002210C300DF0CCFD054600783E280ED06A
:101A50000DF0CBFF10F0020F27D006231B4A2146C2
:101A600028780DF09DFF20460DF03FFD38BDE3685E
:101A70001B78012B17D00A2B13D0022313F0020F6F
:101A8000EBD140F6A643124A124913480CF0D4F8A1
:101A9000002383F31188BFF36F8F0323184602DFFF
:101AA000DBE70323EAE70323E8E740F6A843084A15
:101AB0000A4909480CF0C0F8002383F31188BFF3EA
:101AC0006F8F0323184602DFC7E700BF94A602000A
:101AD000E8A4020058A5020038A5020098A502005B
:101AE00010B5044601210C300DF07AFD0823034A9D
:101AF000214600780DF054FF10BD00BFC4A60200BF
:101B000010B5044601210C300DF06AFD0023034A94
:101B1000214600780DF048FF10BD00BF04A7020069
:101B200008B5014603480DF0B4FC0349034815F01D
:101B300010FD08BD74040020C805002020190020F5
:101B400010B510480DF0BAFCB0B104460C300DF0E1
:101B50004FFD022805D004280FD020460DF0C5FC0B
:101B600002E020460EF04CF9074BD3F84C311BB184
:101B70000649074815F0EDFC10BD2046FFF75EFF53
:101B8000F2E700BF7404002028030020C8050020ED
:101B90002019002010B50C460A604B609DF80830F3
:101BA0000B720DF0E4FB00EB4000024B03EB8003F3
:101BB0005C6010BD8029002070B502460B461248BB
:101BC0000DF061FC0446E8B104210C300DF0CCFCB2
:101BD00020460DF0CCFB0D4D00EB400005EB8000E6
:101BE0000026468020460DF0C2FB00EB400005EBCE
:101BF0008000866020460DF0BAFB00EB400005EB4C
:101C000080056E60204670BDB80800208029002045
:101C100008B50146034BD3F86C018268926890477F
:101C200008BD00BF28030020064BBFF35B8F53E8BD
:101C3000001F41F0040143E80012002AF7D1BFF36E
:101C40005B8F7047FC03002000487047AC9D02008A
:101C500008B5024808F0CEF908BD00BFB80500205D
:101C600070B504460E46E1B130460DF080FB00EB46
:101C700040001D4B03EB80035C8006F10C052846F9
:101C80000DF0C6FC032818D840F635439C4221D0FD
:101C90003146164815F0E8FAFFF7DAFF002420462F
:101CA00070BD4FF0FF304FF0FF31FFF785FF064664
:101CB0000028D9D16FF06804F1E7032128460DF020
:101CC00078FC0480338A033B8370012128460DF0A1
:101CD00078FCD9E73046FFF79BFF04460028DED0AA
:101CE00030460DF002FCDAE7802900207C04002059
:101CF00010B500220023204807F03EFF0446A0B1A3
:101D00001E4BD3F8480128B10DF0EFFB1B4B00220E
:101D1000C3F8482120460DF003FC184BC3F84801D6
:101D20002046FFF775FF80B910BD40F6B843144A4E
:101D3000144915480BF080FF002383F31188BFF38B
:101D40006F8F0323184602DFDAE7104807F04EFFD3
:101D500020460DF00CFB00EB40000D4B03EB800325
:101D600022461F215888FFF76BFD20460DF0BDFB72
:101D7000FFF76EFFD8E700BF7C0400202803002097
:101D8000E8A40200C8A5020038A5020058040020FB
:101D90008029002008B50B460849D1F8541151B1EB
:101DA0000246074807F06AFF08B1002004E0FFF789
:101DB0009FFF012000E0002008BD00BF2803002095
:101DC000580400202DE9F04186B006461746002948
:101DD00040D00D46887AFFF7BDF9534B834240F05F
:101DE0009C8001220021684615F05BFA28460DF020
:101DF000BEFA00EB40004D4B03EB8003C3F808D064
:101E000028460DF08DFB01463046FFF729FF80463E
:101E100060BB17F0A9FA464B1A58464B9A422BD092
:101E20004FF4A0220023684607F028FF044600284C
:101E300041D128460DF09BFA00EB40003B4B13F8D4
:101E40002040002C4CD1002F63D03D60404606B0AE
:101E5000BDE8F0814FF0FF304FF0FF31FFF7ACFEEF
:101E600005460028BDD16FF06808EFE728460DF061
:101E70003CFBEBE7A542D3D02F4815F00CFA044603
:101E80004FF4A0200021FFF785FF0028F2D14FF486
:101E9000F9732A4A2A492B480BF0CEFE31462A48CC
:101EA0000BF0CAFE002383F31188BFF36F8F032367
:101EB000184602DFDEE74FF4FC73204A234921482D
:101EC0000BF0BAFE2246314621480BF0B5FE002346
:101ED00083F31188BFF36F8F0323184602DFA8E74F
:101EE00028460DF002FB093C092C0FD8DFE804F06E
:101EF000050E0E0B180E0E0E0E086FF06E08A5E7FD
:101F00006FF01508A2E76FF00C089FE76FF0040868
:101F10009CE728460DF0E9FA98E76FF0150895E779
:101F20006FF00B0892E700BFB8080020802900205E
:101F300008000000302700207C040020E8A40200F4
:101F4000CCA5020038A50200D4A50200F4A5020029
:101F500000A6020038B54FF0FF304FF0FF31FFF719
:101F60002BFEB8B3044608210C300DF00AFB0246E4
:101F70001A4B93F8D83013F0400F26D040F2022EBF
:101F80004FF0000C4EF00C00614613F0020F01D030
:101F90004EF02C0013F0200F01D040F040000F4D08
:101FA00095F8D9C01CF0090F01D040F4006013F07F
:101FB000010F01D040F010000DF0A8FC00222146D6
:101FC00042F20100FFF7FEFE38BD4FF0030E4FF066
:101FD000000CD7E76FF06800F6E700BF2803002089
:101FE00010B582B00B4BB3F804311BB1002420466E
:101FF00002B010BD01AA002141F20500FFF7E2FE88
:1020000004460028F3D10198FFF704FC01980DF075
:102010006CFAECE72803002010B582B001AA002179
:102020004FF60140FFF7CEFE08B102B010BD019897
:102030000DF05BFA01AA00214FF60240FFF7C2FE45
:102040000028F2D10198C368B3F801300C4CA4F811
:10205000C1300DF04AFA94F8C13013F0040FE4D007
:1020600001AA00214FF60340FFF7ACFE0028DCD1A7
:102070000198C3685A7884F8C0200DF036FAD4E786
:1020800028030020514B93F87C3013F0400F00F0F0
:10209000998010B582B00EF02EF9034610B11846A3
:1020A00002B010BD01AA002142F20200FFF78AFE31
:1020B00003460028F3D10198FFF796FB01980DF035
:1020C00014FA424B1F22A3F8202193F87C3013F01E
:1020D000200F24D03D4B93F89C3013F0080F3AD1D9
:1020E0003A4B93F8D83013F0200F44D1374B93F884
:1020F000D83013F0400F0ED001AA002142F22A007E
:10210000FFF760FE03460028C9D10198FFF74EFB98
:1021100001980DF0EAF9FFF71DFF0346BFE74FF006
:10212000FF304FF0FF31FFF747FD044680B1022139
:102130000C300DF026FA0123037000224270214674
:1021400040F66D40FFF73EFE03460028C2D0A6E7EA
:102150006FF06803A3E701AA002142F21C00FFF719
:1021600031FE034600289AD10198FFF713FB01982E
:102170000DF0BBF9B4E70DF1020168460EF0CFF89F
:10218000034600288BD14FF0FF304FF0FF31FFF7AF
:1021900013FD044698B104210C300DF0F2F9BDF89E
:1021A00000300380BDF8023043800022214642F215
:1021B0002400FFF707FE0346002897D06FE76FF073
:1021C00068036CE76FF0120318467047280300207D
:1021D00008B50EF051F8034608B1184608BDFFF7E0
:1021E00051FF03460028F8D10E4B93F87C3013F0D2
:1021F000200F0ED00B4BB3F8043183B1FDF7C0FBB9
:1022000003460028E9D1FFF707FF0EF094FA0346D2
:10221000E3E7FFF7E5FE03460028EFD0DDE76FF0C8
:102220000403DAE72803002010B5FFF7D1FF0446C6
:1022300008B1204610BD01F0E9FF04460028F8D19E
:10224000094BDB79002BF4D0084BBFF35B8F53E8CD
:10225000001F41F0080143E80012002AF7D1BFF344
:102260005B8FFFF7E1FCE4E728030020FC0300207C
:1022700008B5FFF7D9FF024B1B6803B1984708BDAB
:10228000A429002070B582B005462F4BD3F86C010D
:1022900014F047FE002851D02C4BBFF35B8F53E85E
:1022A000002F22F0020243E800210029F7D1BFF3FA
:1022B0005B8FBFF35B8F53E8002F42F0010143E8CF
:1022C00000100028F7D1BFF35B8F12F0010F38D157
:1022D0000DF012FA044610B1204602B070BD1C4B3E
:1022E0001D601C4C01221146204614F0DAFF04F157
:1022F000240014F0ADFF184E304615F050F90023BD
:1023000000936FF0070340F698021449304607F037
:1023100079FE1349304607F02BFFE06B83681B689A
:102320001049984704460028D6D11DB10E4807F041
:1023300061FED1E7FFF778FF0446CDE76FF01204A6
:10234000CAE76FF07704C7E728030020FC030020EA
:10235000A42900205804002020190020403F00201C
:1023600048A60200E9FD0100EC030020F0B585B0AD
:102370000446B0F801703846FFF7B0F9064600F0A1
:10238000E3F9E378012B1FD000232246694602A817
:102390000DF0B0FB6946E078FFF7CCFA0546B8B11E
:1023A000224669460DF082FBEB78012B15D0072100
:1023B000284601F08FFB66BB28460EF0C0FD28467C
:1023C00001F0E2FA05B0F0BD154B93F86F30DCE791
:1023D000132138460DF0BDFFF4E70298C5F87700E9
:1023E000BDF80C209DF80E30A5F87B2085F87D30D7
:1023F00000F0CEFC2B7AC3EBC30309495A18CB5823
:10240000C5F87E3091889379A5F8821085F88430DC
:10241000CDE72E730121284601F05CFBCCE700BF1D
:102420002803002000B589B0C368187880BB8DF8F8
:102430000000B3F80120ADF80120DA788DF8032010
:10244000B3F80B20ADF81720B3F80D20ADF8192024
:10245000B3F80F20ADF81B205A7C8DF81D2058686A
:1024600001901A899B7AADF808208DF80A300A4B42
:102470001A68CDF80B209B88ADF80F30CDF81120ED
:10248000ADF8153068460DF07FFF09B05DF804FB2C
:102490000DF07BFBF9E700BF10A4020038B504463D
:1024A00004210C300DF09CF84578224601784088D4
:1024B000FFF7C6F905B938BD024807F097FBFFF7EB
:1024C000C7FBF8E75804002038B5044603210C3058
:1024D0000DF086F80578B0F80100E368197840F649
:1024E0003543984203D02246FFF7AAF905B938BD13
:1024F000024807F07BFBFFF7ABFBF8E7580400202E
:1025000070B50546002401E00134E4B2094BDB79E3
:10251000A3420BD92646C4EBC4010722054B19443C
:10252000284616F084FE0028EED101E06FF0010687
:10253000304670BD2803002038B5044606221449F1
:1025400016F075FE00B938BD4FF0FF304FF0FF3187
:10255000FFF732FB0546B8B1062221460C300DF0DC
:1025600016F80022294642F20500FFF72BFC00284E
:10257000E9D1084B2268C3F86920A288A3F86D202E
:10258000012283F86820DEE76FF06800DBE700BF18
:102590009103002028030020164A92F8A72012F089
:1025A000040F01D10020704710B582B003460068C7
:1025B00000909A889B79ADF804208DF806308DF84C
:1025C00007104FF0FF304FF0FF31FFF7F5FA0446E8
:1025D00060B1082269460C300CF0D9FF0022214678
:1025E00042F24E00FFF7EEFB02B010BD6FF0680044
:1025F000FAE700BF2803002030B583B004460D463B
:1026000029B107222049284616F011FEE8B968468C
:102610000DF0DFF8034668BB6846FFF771FF00283E
:10262000F5DAC4EBC404194AA31800981051BDF898
:1026300004009DF806109880997185B112592A609E
:102640009A889B79AA80AB7109E0C4EBC4040F4A55
:10265000A31829681151A988AA7999809A71BFF3A2
:102660005B8F0B4B1A68BFF35B8FC2F3800312F0D2
:10267000040F02D1184603B030BDFEF7DBFE0DF0AB
:102680003FF80023F6E700BF00A402002803002063
:10269000FC0300202DE9F04383B0204B93F8C240A7
:1026A00014F0010403D1204603B0BDE8F0830546D1
:1026B0000E4601AA00214FF60940FFF783FB84462E
:1026C00048BB0198D0F80C9099F80140B44228BF5B
:1026D00034461BE0162101FB0CF16A1809EB0103DB
:1026E000D3F802E0D3F80680D3F80A70D3F80E606E
:1026F00045F801E0C2F804809760D660D3F812E094
:10270000C2F810E0DB8A93820CF1010C6445E1DC35
:102710000CF0EBFEC7E70024C5E700BF280300204C
:10272000084BBFF35B8F53E800CF4CF4806C43E859
:1027300000C2002AF7D1BFF35B8F037A19430172FD
:10274000704700BFFC03002008B50B4BBFF35B8F45
:1027500053E8002F22F4806143E800100028F7D1ED
:10276000BFF35B8F12F4806F00D108BD00220349D4
:10277000022004F0E9FDF8E7FC0300200D07020049
:1027800000B585B0002301930293039301908DF867
:102790000C1001AA0349022004F0D6FD029805B0EE
:1027A0005DF804FBD704020000286BD038B504465E
:1027B000354B93F8223123B1334A92F823219342C7
:1027C0000AD2314A92F82331013382F82331237A35
:1027D00043F00403237238BD02220021084601F0B1
:1027E000F9FB054638B101212046FFF799FF28463D
:1027F00001F0CAF8EFE70021244800F0C1FA224BAB
:1028000093F82331B3B9204B93F8232193F8223165
:102810009A4215D0651C224612F82A0B29460DF063
:10282000C2FE00B301200DF021FF0021184800F086
:10283000A7FAD0E700200DF019FF0028E3D0F4E755
:102840000022114642F22900FFF7BCFA0028ECD121
:102850000D4A92F82331013382F82331237A43F071
:1028600004032372E1E7084A92F82331013382F826
:102870002331237A43F00403237201212846FFF712
:102880008BFECFE7704700BF2803002073050200CE
:102890005905020000285FD038B504462F4B93F845
:1028A00022312BB12D4A92F8232101339A420CDDBB
:1028B0002A4B93F823311BB1013B284A82F823317C
:1028C000237A23F00403237238BD02220021084634
:1028D00001F080FB054638B102212046FFF720FFBA
:1028E000284601F051F8EFE700211D4800F048FAB2
:1028F00000200DF0BBFEA0B9184B93F8232193F8EC
:1029000022319A4216D8601C0DF092FE48B9134A43
:1029100092F82331013B82F82331237A23F0040318
:1029200023720E4B93F8233193B900210D4800F028
:1029300027FAC9E7013A094B83F82321237A23F0C8
:102940000403237200220849022004F0FDFCE8E79A
:1029500001200DF08BFEE8E7704700BF2803002040
:1029600073050200590502001506020070B584B017
:10297000002946D104460E4620B10722274916F009
:1029800056FC28BB264BDB79012B43D0BFF35B8F72
:10299000244B1B68BFF35B8F13F0010F0BD1002397
:1029A000009301930293039314B307221B4920461B
:1029B00016F03DFCE0B11A4BD879421CDA7105469D
:1029C00032462146FFF718FEA8B9284604B070BD6C
:1029D0002046FFF795FD002816DA2378012B16D143
:1029E000A37903F0C003C02BCCD06FF01505ECE742
:1029F0006FF01505E9E70A49CB79013BCB71054634
:102A0000E3E76FF01505E0E76FF07705DDE76FF0BE
:102A10001505DAE76FF00B05D7E700BF00A4020049
:102A200028030020FC03002060B3F0B583B0044607
:102A300001AA002141F20900FFF7C4F920BB019E61
:102A4000F7687D1C06221149284616F0F0FB28B1D4
:102A500006220F49284616F0EAFB28B930460CF04A
:102A600044FD002003B0F0BDD7F80130C4F80130B8
:102A7000AB88A4F805300023237001980CF035FDD5
:102A80000120EFE7002070470020EBE710A40200D0
:102A900008A4020000B583B06846FFF7C5FF064BE7
:102AA000D87118B9002003B05DF804FB0022694614
:102AB0001046FFF7A1FDF6E72803002010B588B007
:102AC000184BDC7924BB012102A8FFF7E3FD154B6D
:102AD000D87101E00134E4B2124BDB799C4216D28A
:102AE00002AA162304FB03F3D118D358CDF8013002
:102AF0008B88ADF8053001238DF80030002269463F
:102B00002046FFF779FD03460028E3D005E03BB9F6
:102B100000210846FFF72AFF0346184608B010BDFB
:102B20000023FAE728030020002867D070B50C4680
:102B300016461D460346002D63D0017814F4002F7D
:102B400008D014F0040F5FD10DF0C4FD08B90123C3
:102B50002B7070BD14F0030F29D042B114F0200F78
:102B600005D02E4A92F8D82012F0400F4FD0C1EB7A
:102B7000C1022A48825C012A0DD00AB900232B70B9
:102B8000002E47D014F0200F46D02B7843F00203DC
:102B90002B700020DDE7C1EBC10101440131184673
:102BA0000DF08BFD0028D4D101232B70E8E714F041
:102BB000040F1ED0C1EBC1021848825C012A0AD062
:102BC000AAB90020287014F0200FC2D02B7843F04F
:102BD00002032B70BDE7C1EBC1010144013118466E
:102BE0000DF06BFD0028B4D101232B70EBE7002022
:102BF000E9E70DF06FFD01232B70AAE76FF01500D8
:102C000070476FF01500A4E76FF01500A1E76FF0B3
:102C100085009EE700209CE700209AE7280300201B
:102C200010B504460078214BDB79984230D2C0EBD6
:102C3000C00007221E491D4B184416F0F8FA48B38D
:102C4000636813F0030F07D1184A92F87020082A1E
:102C500002D8A2689F2A1FD913F0300F01D0226931
:102C6000E2B113F0100F08D1226932B103F46033DE
:102C7000B3F5603F18D001200BE0A268E1688A42FA
:102C80000ED81F2A0ED9B1F5804FEFD9002000E0F1
:102C9000002010BD0020FCE70020FAE70020F8E744
:102CA0000020F6E70020F4E70020F2E728030020E8
:102CB00000A402002DE9F04105468846044614F8B8
:102CC000096B194B83F86F6007221849204616F0EC
:102CD000AEFA70B907461649304601F02BF90446A2
:102CE000C8B1052100F0F6FEC8F800403846BDE83E
:102CF000F081214630460EF0BDF978B9214628789A
:102D000001F018F9044660B1062100F0E3FEC8F8AE
:102D100000400027EAE76FF00B07E7E76FF01507C1
:102D2000E4E76FF00B07E1E72803002000A40200AE
:102D3000F8A3020070B504460D4600F1090607220B
:102D40000D49304616F073FA78B905220B49207800
:102D500001F040F904463CB125730021204600F003
:102D6000B9FE204600F010FE70BD062231462078E4
:102D700001F030F90446EEE700A40200F8A30200D7
:102D800008B503460148984708BD00BF400300202E
:102D900000487047400300202DE9F04F8FB00692A5
:102DA0000793002309930E69B6EB030A18BF4FF08F
:102DB000010ABFF35B8F814B1B68BFF35B8F13F07E
:102DC000040F00F0EC8005460C4608460DF0B6FDF9
:102DD000002800F0E78020460DF095FC834600288F
:102DE00000F0E38005F11009082148460DF0DAFCF7
:102DF0000590002840F0DC8000230A930B930C938D
:102E0000CDF83330A368ADF82830E368ADF82A3048
:102E1000676838460DF0B4FC8DF8350038460DF083
:102E2000ADFC8DF83600654BBFF35B8F53E8002F88
:102E300022F4807243E800210029F7D1BFF35B8FB1
:102E400022782A7003F8652C0DF12D035246616833
:102E50002846FFF769FE804600287CD106B3236927
:102E60001A68C5F809209A889B79A5F80D20EB739C
:102E7000636813F0030F25D006B313F0100F19D0B9
:102E800004238DF82C3023691A68CDF82E209A88F7
:102E90009B79ADF832208DF83430DDF814B01AE0AB
:102EA000474B1A68C5F809209A889B79A5F80D2028
:102EB000EB73DDE701238DF82C30E4E700238DF878
:102EC0002C3008E013F4007F02D1189B002B46D071
:102ED00002238DF82C304FF0FF304FF0FF31FEF71A
:102EE0006BFE8046002866D00F220AA90C300CF039
:102EF0004EFB0022414642F20600FEF763FF804689
:102F000048BB96B3636813F0030F05D009A92846A0
:102F1000FFF7D0FE8046F0B9012128460DF06DFD87
:102F2000804690BB099808B100F02EFD626812F04F
:102F3000030218BF0122092148460DF010FD5A4630
:102F40000A2148460DF00BFD6268C2F380020C2195
:102F500048460DF004FD40460FB0BDE8F08F032356
:102F60008DF82C30DDF814B0B5E7CDF808B00023AB
:102F70000193199B0093189B079A069928460DF018
:102F8000AEFC80460028BDD0E5E709980028E2D0D5
:102F9000002100F09FFD099800F0F6FCDBE76FF0E0
:102FA0000A08D8E76FF01508D5E76FF01508D2E7E3
:102FB0006FF07708CFE76FF06808CCE7FC030020DC
:102FC00000A402002DE9F04383B080460C4617466A
:102FD0001D460DF0B2FB814618B1484603B0BDE86E
:102FE000F083FFF7D5FE06460A9B019300953B460A
:102FF00022464146FFF7D0FE8146394620460DF075
:103000009EFB0028E9D018360549304614F0CDFA69
:103010004FF470220023304607F042F8DDE700BF8E
:103020004F0A020010B582B0044647F21213038023
:103030004FF48073438044F20103019301A80DF023
:103040000AFD019BA360024BE36002B010BD00BF0C
:103050000000020970B59AB00023139314931593DE
:10306000169317931893199313A8FFF7DBFF12A970
:1030700013A815F00DFBA8B11F253D4BBFF35B8FC7
:1030800053E8001F21F0010143E80012002AF7D1A4
:10309000BFF35B8F07F086FB364B1C68002C56D0C5
:1030A000043C54E06B46412201A9129815F032F914
:1030B00008B11F25E1E70DF105042F4E0DF1450C78
:1030C000354620686168A268E3680FC510342E4653
:1030D0006445F5D16B4620222849129815F0CAF8AC
:1030E00008B11F25C9E7129808F082FD054618BBF4
:1030F000234A244B202104E012F8010903F8010BB4
:1031000001390029F8D1204A204B202104E012F88F
:10311000010903F8010B01390029F8D11C4BBFF359
:103120005B8F53E8001F41F0100143E80012002AB2
:10313000F7D1BFF35B8FA0E71F259EE7231D03D1C7
:103140001C4604E000209847646804B1043C34B194
:103150002368002BF2D0002DF4D10A48F3E7054B89
:1031600000221A605A6007F035FB1AB070BD00BF2C
:10317000082A0020102A0020C8290020A8290020A1
:10318000E7290020182A0020072A0020382A0020DA
:10319000FC03002030B5A7B000211F9120912191A0
:1031A000229123912491259104230D933D220EA871
:1031B00016F035F81FA8FFF735FF1EAB2022304967
:1031C0001FA815F0D0F8E8B16FF0040507F0EAFA8F
:1031D0002C4B1C6894B100221A602B4BBFF35B8F01
:1031E00053E8001F21F0020143E80012002AF7D142
:1031F000BFF35B8F002D3ED00020A04707F0EAFA16
:1032000027B030BD1E4D05F120040DF1350E60359F
:10321000A446BCE80F00CEF80000CEF80410CEF8AB
:103220000820CEF80C3064460EF1100EAC45EFD1FC
:103230000CAB029320230193144B009341230DAA5E
:103240001E99134815F0D8F910B16FF00405BDE7C9
:103250001E9808F0CDFC05460028B7D06FF0040595
:10326000B4E712F8010903F8010B01390029F8D17C
:1032700004A8A047C2E7074A04AB2021F6E700BF35
:10328000A82900200C2A0020082A0020C829002094
:1032900000000209E729002008B54022034915F083
:1032A000C6FFB0FA80F0400908BD00BF18A70200B1
:1032B00010B59AB004460023029303930493059338
:1032C00006930793089344F21213ADF808304FF4B5
:1032D0008073ADF80A304FF48043009368460DF0D8
:1032E000BAFB009B0493194B059304238DF82430FB
:1032F00004F11F020DF12503202104E012F8010959
:1033000003F8010B01390029F8D104F13F000DF158
:103310004503202204E010F8011903F8011B013ACB
:10332000002AF8D101AB412209A902A815F01BF827
:10333000044602A815F0FCFA14B100201AB010BD22
:10334000019808F055FC0120F8E700BF00000209D1
:1033500010B5002844D00246264B1B6803B1043B3D
:1033600033B193423FD05B68002BF9D0043BF7E7C1
:10337000BFF35B8F204B1B68BFF35B8FC3F340042D
:1033800013F0020F32D1111D1A4B186850601960EA
:103390005B688BB1184BBFF35B8F53E8002F42F093
:1033A000010143E800100028F7D1BFF35B8F12F052
:1033B000010F04D0204610BD0E4B5960EAE70F4BB9
:1033C000BFF35B8F53E8001F21F0100143E80012A8
:1033D000002AF7D1BFF35B8F0948FEF7B1F8E9E7A0
:1033E0006FF01504E6E76FF07704E3E76FF00F0482
:1033F000E0E700BF102A0020082A0020FC0300207C
:10340000E8050020BFF35B8F054B1B68BFF35B8FA4
:1034100013F0100F01D0034870470020704700BF21
:10342000FC030020182A002008B5284B1B688B429B
:1034300046D0BFF35B8F264B1B68BFF35B8F13F047
:10344000100F40D0214B1B6803BBBFF35B8F214B98
:103450001B68BFF35B8F13F0010F17D11D4BBFF338
:103460005B8F53E8002F42F0020C43E800CEBEF120
:10347000000FF6D1BFF35B8F12F0020F06D1134B92
:10348000196000F11F02144B202107E06FF00F00BC
:1034900015E012F801C903F801CB01390029F8D170
:1034A0003F300E4B202204E010F8011903F8011BF5
:1034B000013A002AF8D10A48FEF742F8002008BD78
:1034C0006FF07700FBE76FF07C00F8E70C2A002034
:1034D000FC030020082A0020C8290020E829002039
:1034E000D80500200048704730270020024B18689C
:1034F000B0FA80F040097047F0070020054B5B8B65
:103500002BB9044B1868B0FA80F0400970470020CE
:10351000704700BF8C08002010B50F4B1C6804B129
:103520001C3C64B1A3682BB19847E469002CF8D027
:103530001C3CF6E714F11C03F7D11C46F1E7074CDD
:1035400000E02034064B9C4204D2A368002BF8D044
:103550009847F6E710BD00BF8C2A0020989602001D
:10356000D8960200024B93F8D800C0F3C000704711
:103570002803002038B50546104B1C6804B11C3CDC
:1035800074B123683BB1297B28469847E469002C35
:10359000F6D01C3CF4E714F11C03F7D11C46EFE70E
:1035A000074C00E02034074B9C4206D22368002BD6
:1035B000F8D0297B28469847F4E738BD8C2A0020AC
:1035C00098960200D896020038B50546104B1C6844
:1035D00004B11C3C74B163683BB1297B2846984711
:1035E000E469002CF6D01C3CF4E714F11C03F7D17D
:1035F0001C46EFE7074C00E02034074B9C4206D204
:103600006368002BF8D0297B28469847F4E738BD3B
:103610008C2A002098960200D896020008B50BF07C
:10362000A6FE024B03EB001008BD00BF582A002085
:1036300008B50146002343608360024813F014FE7E
:1036400008BD00BFF007002008B500220023024893
:1036500006F092FA08BD00BFF007002070B50546DD
:103660000E4600220023002107480BF0A4FE04466A
:1036700040B1FFF7D3FF03463246294620460CF0FF
:1036800001F90446204670BD8C08002010B50446A0
:1036900000220023054806F0F1FA00B110BDFFF743
:1036A0003BFF204606F0A6FCF8E700BFD807002045
:1036B00008B5024806F09EFC08BD00BFF8050020D2
:1036C000437B072B00D0704730B585B00446051DFD
:1036D0000A2128460DF0A4FA08B105B030BD10212A
:1036E00028460DF079FA18B92046FFF73BFF10BBCA
:1036F0001A4B93F8D93013F0010F03D020460DF088
:10370000FBF9F8B1154B93F8D83013F0200FE4D043
:103710000CF01EFC0028E0D00DF10E0103A80CF007
:10372000FEFD0028D9D1BDF80E20BDF80C102046B2
:103730000CF053FED1E720460CF035FE637B072BDF
:10374000CBD1D5E70021009102231A4620460CF088
:1037500062FE637B072BC0D1D4E700BF28030020A3
:10376000034BB3F804310BB1024870470020704797
:1037700028030020300400202DE9F84305460C46BC
:103780001E460B8A63B96FF0790720460BF0ADFE39
:103790001EB13A4608992846B0473846BDE8F88336
:1037A000174608460CF0A8F810B16FF00407ECE7D4
:1037B0002846FFF7D5FF0022002306F05FFA10B17C
:1037C0006FF00B07E1E7FFF73FFF804600285ED070
:1037D0004660089B83603D4BB3F804118F4200D8CC
:1037E000B9B22046FFF73AFF0446384BB3F804312C
:1037F0009F4254D995F8C470012385F8C43005F16F
:10380000C006BFF35B8F56E8003F013346E8003245
:10381000002AF8D1BFF35B8F05F114090023C8F823
:103820000030AB69002B44D0C3F80080C5F8188085
:1038300028460DF042F9002840D128460DF03FF906
:1038400038B13A46214628460DF064FA0746002F63
:10385000A3D0BFF35B8F56E8003F013B46E8003240
:10386000002AF8D1BFF35B8F414648460DF015F9A9
:1038700020460BF03AFE414628460DF077F92846DF
:10388000FFF76EFF06F0B2F96FF0040785E72846F0
:10389000FFF766FF06F0AAF96FF00B0775E795F8DA
:1038A000C43023B10327002385F8C430A7E70227DB
:1038B000F9E7C5F81880C5F81480B9E73A462146FB
:1038C00028460DF0F5F90746C1E700BF28030020A0
:1038D00070B58AB004460D4615F046FD0B4B1E58D8
:1038E000FFF700FED0F8B8309E4206D024342146BF
:1038F00013F02FFE2DB90AB070BD20460DF00CF963
:10390000F9E76946204613F02EFEF4E708000000B0
:1039100038B500238B4228D2D02404FB030404F1E1
:10392000C8024FF0010CBFF35B8F52E800EFBEF10D
:10393000000F03D142E800C5002DF6D1BFF35B8F25
:1039400011D174B1C8220021204615F068FC084945
:1039500004F1400013F029FE064904F1240013F09D
:10396000AAFD204638BD6344D4E70024E9E700BF40
:10397000A5400100630B020008B501210148FFF7D3
:10398000C7FF08BDF819002008B5C830BFF35B8F2A
:1039900050E8003F013B40E80032002AF8D1BFF375
:1039A0005B8F03B108BD034806F020F9024806F01A
:1039B00021FBF7E7D80700200806002038B50446A9
:1039C0000DF05AFA06F0EEFE04F1BC02134BD3F8E8
:1039D000243100E01B6813B19A42FBD1012393B953
:1039E000C4F8BC300D4BD3F828312BB11A600B4B07
:1039F000C3F82821012507E0084BC3F82821C3F8A4
:103A00002421012500E0002506F0E4FE15B1FEF7B3
:103A10001FF938BD2046FFF7B7FFF8E7280300205D
:103A200070B5FFF76BFD00284ED1284BD3F8244129
:103A3000A4B3BC3C14F1BC0503D0D4F8BC5005B110
:103A4000BC3D00262FE02046FFF750FD30B9204650
:103A50000DF041F828B104F1BC062DE004F1BC06DC
:103A60002AE020460DF0C5F828B920460DF004FAEA
:103A70000446204670BD04F1BC02314614480CF0E7
:103A8000F9FFD4F8B030204698470028F1D0637B86
:103A9000072BEED12046FFF791FFEAE72546D0E756
:103AA0002B462C461D46002CE3D020460DF05AF93B
:103AB0000028C8D004F1BC06002DF1D0D5F8BC30E8
:103AC000002BEED0BC3BECE70024D2E7280300201B
:103AD0004C04002038B5457B8D4208D00446417324
:103AE00035B1637B012B69D0072B04D0E3B138BD1E
:103AF0000DF0C2F9F5E70021324807F01FFA002364
:103B00006363A363E378012BF1D1A378012B07D082
:103B10004FF42032002304F1400006F0B9FAE6E742
:103B2000032384F89830F3E7082DE0D801A353F875
:103B300025F000BFEF3A0100593B01007D3B010039
:103B4000913B0100AD3B0100B53B0100993B0100F9
:103B5000EF3A0100EF3A010004F14005284613F066
:103B600065FD01212046FFF7B3FE20460DF01AF94E
:103B700000220023284606F093FAB8E7237B1BB9FE
:103B80002046FFF701FFB2E72046FFF7F3FCF7E717
:103B90002046FFF7F9FEAAE7237B1BB92046FFF773
:103BA000F3FEA4E72046FFF7E5FCF7E72046FFF722
:103BB000EBFE9CE72046FFF7E7FE98E720460DF076
:103BC000D9F894E71806002010B502460C460121EA
:103BD00005480DF089F910B18378234200D010BD5B
:103BE000FFF7D2FE0020FAE7F81900202DE9F04196
:103BF00080460F46164600240CB1BDE8F081D02067
:103C00000A4B00FB04300DF037F9054640B18378CC
:103C100013EA080F06D03146B8472846FFF7B4FE2E
:103C20000134E9E7FFF7B0FEFAE700BFF81900201A
:103C300008B5002202490120FFF7D8FF08BD00BFE8
:103C4000C1360100034BC01A0011034B03FB00F007
:103C5000C0B27047F8190020C54EECC438B5044610
:103C60000D4653EA020108D015F07EFB0B490858B7
:103C70000B49D1F8B81088420BD06CB120460BF03C
:103C800002FC044618B1691D0C300BF06DFC204697
:103C900038BD00221346F0E7024CEFE708000000B1
:103CA000302700200808002030B587B00023059396
:103CB0000393FFF7B5FE38B30446437B072B1ED1B1
:103CC000D0F8A83004AA1449B1F804119847054661
:103CD000B8B1114BB3F80421049B9A4206D303AB4D
:103CE00005AA01462046D4F8ACC0E047039B0093E8
:103CF000059B049A29462046FFF73EFD30B9FDF7A3
:103D0000A7FF2046FFF740FE07B030BD1321204635
:103D10000DF020F9F5E700BF28030020F8B50546AF
:103D2000D0F88870274BA3FB0737C7F38F27041DF4
:103D30000D2120460CF050FF68B1B5F88C30BB4225
:103D400009D8B5F88E30BB4205D3D5F89020D5F808
:103D500094309A4212D01C4B1C6804B11C3CFCB13C
:103D60002669C6B1B5F89230B5F890203946284694
:103D7000B047E469002CF2D01C3CF0E7BFF35B8F46
:103D800054E8003F23F4005344E80032002AF7D1FE
:103D9000BFF35B8FDFE714F11C03EAD11C46DEE7BB
:103DA0000A4C00E020340A4B9C420AD22669002EBD
:103DB000F8D0B5F89230B5F8902039462846B0478B
:103DC000F0E7F8BD5917B7D18C2A00209896020069
:103DD000D8960200F8B506460D4608460CF0BAF82B
:103DE000074600282FD01B4B1C683CB11C3C05E04B
:103DF00014F11C030ED11C4600E01C3C74B1E368B6
:103E0000002BF5D0294630469847D8B128460CF00B
:103E1000A1F8D0B1E469002CEFD1EFE70E4C00E03F
:103E200020340E4B9C420ED2E368002BF8D029467A
:103E30003046984758B128460CF08CF80028EFD14E
:103E4000074600E007463846F8BD0746FBE7074649
:103E5000F9E700BF8C2A002098960200D89602004D
:103E600070B50546C37893B900F17E06144B1C6803
:103E700004B11C3C9CB1636963B105F17002314629
:103E800028469847E469002CF4D01C3CF2E700F186
:103E90007706EBE714F11C03F4D11C46EAE7094C62
:103EA00000E02034084B9C4208D26369002BF8D014
:103EB00005F17002314628469847F2E770BD00BF11
:103EC0008C2A002098960200D896020070B505460C
:103ED0000C4616460CF012FE214628460DF00FFA4D
:103EE000114B1C6804B11C3C7CB1A36943B1324640
:103EF000697A28469847E469002CF5D01C3CF3E722
:103F000014F11C03F7D11C46EEE7084C00E0203406
:103F1000074B9C4207D2A369002BF8D03246697A3E
:103F200028469847F3E770BD8C2A00209896020037
:103F3000D896020038B505460C46FFF71DFD03462E
:103F4000D8B1057222680267A188A279A0F874101E
:103F500080F876200122427282728270084AC0F88C
:103F6000A820084AC0F8AC20074AC0F8B0201822A0
:103F7000A0F88C202822A0F88E20184638BD00BF5B
:103F8000D1420100890B0200CB0A0200F8B50746B6
:103F90000E46002414B100252846F8BDD0200C4B55
:103FA00000FB04300CF068FF054670B18378012BEC
:103FB00009D1324639460DF036F80028ECD12846B2
:103FC000FFF7E2FC01E0FFF7DFFC0134E2E700BFAE
:103FD000F81900202DE9F04180460F4616460025CD
:103FE0001DB100242046BDE8F081D020104B00FB1D
:103FF00005300CF041FF044688B18378012B10D1C5
:1040000027B13A4641460DF00EF868B1637BB342E2
:1040100002D1237A4345E5D02046FFF7B5FC0135B0
:10402000DEE7FFF7B1FCFAE72046FFF7ADFCF6E765
:10403000F819002038B504460D4608460BF08AFFF3
:1040400050B3174B93F8D83013F0020F04D094F804
:10405000993013F0020F13D1E378C3B929462046F3
:104060000DF019F8B8B92B88A4F88C306B88A4F837
:104070008E30AB88A4F89430EB88A4F896300AE030
:104080000E21201D0CF0A8FD0028E5D1E6E7294609
:1040900020460DF036FA38BD6FF01500FBE700BF83
:1040A0002803002070B584B0A0F1400510F8333C1F
:1040B000D3B3044610F83E3C012B33D1A0F13C06AB
:1040C0000D2130460CF06CFDC0B3B4F84C30ADF8A7
:1040D0000030B4F84E30ADF80230B4F85430ADF8DA
:1040E0000430B4F85630ADF8063069462846FFF77C
:1040F000A1FF58B9BFF35B8F56E8003F23F480530C
:1041000046E80032002AF7D1BFF35B8FBFF35B8F25
:1041100056E8003F43F4006346E80032002AF7D136
:10412000BFF35B8F04B070BD28460DF0CDF8284674
:10413000FFF74AFA2846FFF727FCF3E70C4A02ABE1
:1041400092E8030083E8030019462846FFF772FF50
:104150000028DBD1BFF35B8F56E8003F43F4805368
:1041600046E80032002AF7D1BFF35B8FCEE700BFED
:10417000E4970200034640B1114A1268A2B90269ED
:1041800032B10F4A1360002070470D4B1860704722
:10419000026862B942686AB9826872B94269002AE3
:1041A000EFD06FF0150070476FF0770070476FF039
:1041B000150070476FF0150070476FF015007047DD
:1041C0009C2A00200146C0B100F10C020E4B1B6876
:1041D00023B19A4201D01B68FAE7012383B9CB606F
:1041E000094B5B6823B11A60074B5A600020704787
:1041F000054B5A601A60002070476FF01500704739
:104200006FF07700704700BF942A002010B50D486A
:1042100013F01EF8002408E004EB44010A4B03EB02
:104220008101084813F020F80134022CF4D90EF073
:104230000FF903F023F8044608B1204610BD0DF035
:1042400080F9FAE7F0070020682A002005490A787B
:10425000531CDBB20B700BB902320A70014B187899
:10426000704700BFB3370020002010B16FF00B0083
:10427000704700EB80031B01064AD3580BB1013095
:10428000F3E700EB8002034B03EB0213024A5A6090
:104290000B607047A02A002080A7020038B50446B2
:1042A00053EA020008D015F05FF8074D2858074D73
:1042B000D5F8B850854204D004312046FFF7CEFC33
:1042C00038BD00221346F7E7080000003027002021
:1042D0002DE9F0470E4690460CF03BFF04460028BF
:1042E00037D000F13009484612F0D5FF0546A0B39B
:1042F0000BF002FB002861D1E36C1BB920460CF0E7
:1043000049FF68B328460BF00BF90546E36C63B32D
:10431000E76CB5F810A0BE4201D3574535D0BE4278
:104320000BD3A28CA2F140039BB23F2B05D857457B
:1043300033D000231A46AB61EA61BE422FD2E36C50
:10434000C8F800309E4236D29B1BE3642846BDE885
:10435000F087FDF77DFC2546F8E7FDF779FCF5E7EA
:1043600020460CF0E2FE0025F0E7014620460CF066
:1043700004FF0746042105F10C000BF01AF9078031
:10438000A38C43800437E764C2E700220023484639
:1043900005F0F2FB0BF0A9F8C1E7094BCBE720468B
:1043A0000CF0C3FE20460CF0CFFE0028C7D02046FC
:1043B0000CF03AFFC3E70023E364C7E70025C5E735
:1043C000E113020070B582B006461E4C00E00834CE
:1043D0001D4B9C4234D2218830460CF0EFFF0190F7
:1043E000636801A9304698470028F0DB019D2388C7
:1043F000AB82AB840022294630460CF047FFF8B16F
:1044000005F1300012F024FF019843681B6803B1E6
:104410009847019B1033BFF35B8F53E8001F41F0B7
:10442000010143E80012002AF7D1BFF35B8F019826
:104430004368DB69002BCAD000F110019847C6E73A
:1044400002B070BD8096020098960200522833D8C0
:104450001B2821D3A0F11B03372B2FD8DFE803F053
:10446000372E393B2E2A352E372E2E2E2E2E2E2E3F
:104470002E2E2E2E2E2E2E2E2E2E2E2E2E2E2E2E5C
:104480002E2E2E2E2E2E2E2E2E2E2E2E2E2E2E2E4C
:104490002E2E2E2E2E2E2E3319280FD843B26BB16E
:1044A00001238340104A1A40BAB9104A1A402AB16F
:1044B0000120704701207047D22810D010F0400F23
:1044C0000FD106207047002070470220704703205C
:1044D0007047052070470420704702207047002075
:1044E00070470020704700BFAAAA8A0254554501B0
:1044F00008B50AF03CFF00EB4000024B03EBC000A4
:1045000008BD00BFF02A002070B506460C46551CB9
:104510000DF03DF8854232D82046FFF797FF02287C
:1045200013D0042811D014F01FFF164B1B58164A45
:10453000D2F8B8209A421CD0144A126893421BD079
:104540004FF0FF324FF0FF3302E04FF470220023B0
:1045500000210F48FFF7A2FE054640B1FFF7C8FF54
:104560008660012105F10C000BF00BF80470284661
:1045700070BD00220023EBE700220023E8E70025BE
:10458000F5E700BF0800000030270020382B00208E
:104590003408002070B582B005460E46436A03B168
:1045A000A83B0193002202E0013205E00193019C47
:1045B0006CB12368AB42F7D0012A39D014F1A803BB
:1045C000F4D0D4F8A830002BF0D0A83BEEE70022BE
:1045D000002301A9184805F0C7F950BB019CB0227F
:1045E0000021204614F01BFE144BA36004F15C0074
:1045F00012F02EFE019B5433BFF35B8F53E8002F64
:1046000043E800610029F9D1BFF35B8F019B1D6076
:10461000019928460DF064FA019C20460CF0B5FF84
:1046200010B13F23638304E017236385638300E0B5
:104630000024204602B070BD3C0700202806002060
:10464000F0B583B007460C460022002301A91348A9
:1046500005F08AF9E0B9054614F086FE104B1A58A9
:10466000104B1A60019E2C220021304614F0D7FD19
:104670003760019800214160816041628162FFF7EB
:1046800089FF034638B104332360284603B0F0BDE8
:104690006FF00B05F9E76FF00B05F6E72007002038
:1046A00008000000382B002008B5011F014812F057
:1046B00094FC08BD3C0700202DE9F0418AB0044677
:1046C00016461D4603688846003918BF0121186840
:1046D0000EF0ADFE28B175B9012738460AB0BDE825
:1046E000F081032104F154000DF046FA08B10027CF
:1046F000F3E71227F1E7002304930593069307934A
:10470000089309933EB11A4631462046FFF7FCFE56
:10471000059000283AD023681B6804938DF8188010
:10472000BDF84030ADF82230119B0793BDF84830FA
:10473000ADF8203001238DF8243004AB0293144BE4
:1047400001930022009213462946284601F096F86C
:104750009DF8247037B905990029BED020460DF088
:1047600024FABAE726B9B8F1180F0CD00027B4E73D
:1047700005980AF0BAFE9DF824302A4641462046A4
:104780000DF020FAEFE79DF82470A6E71127A4E7C3
:10479000091B0200F0B58BB004460D46164603789F
:1047A000032B38D8DFE803F002212B311D4B93E8AF
:1047B00003000790ADF82010090C8DF822106379E2
:1047C0002279E178A07867780DF11C0CCDF814C03F
:1047D00004970390029101920093A379124A314603
:1047E000284608F00BFC0BB0F0BD104B93E803001B
:1047F0000790ADF82010090C8DF82210DFE70C4A65
:1048000007AB07CA03C31A80D9E70A4A07AB07CA2E
:1048100003C31A80D3E7084A0A2107A808F0EEFB71
:10482000CDE700BF389A0200509A0200409A020079
:10483000749A0200809A0200489A02002DE9F04121
:1048400084B005460E461446176800238DF80830DC
:104850004FF42053ADF80A3002A900680AF065FF52
:1048600058B100238DF80C3042F60103ADF80E303C
:1048700003A928680AF059FF50BB616828680AF04C
:1048800054FF68BBE36893F80080B8F1000F07D0CD
:1048900038460CF07CFEA3681B8AC01A404525DB15
:1048A000A06804210C300AF06CFE206106802369A8
:1048B0005E800194104B00930023A268294638467D
:1048C0000DF0C7F9002813DB23699BB101200AE032
:1048D00023691BB15A88B24200D25E80012002E0F7
:1048E00000232361012004B0BDE8F0810020FAE735
:1048F0000020F8E70020F6E709160200F8B50446A4
:104900000F464FF4702200230D480AF0BCFD064606
:1049100090B120460CF039FE80B9092106F10C0552
:1049200028460AF021FE3046FFF7E2FD84600121AF
:1049300028460AF026FE07703046F8BD0B21EDE749
:10494000340800202DE9F0418AB005468846164615
:104950001F46002405940694079408940994112195
:10496000FFF7CCFF079050B30595CDF818800121D3
:104970000C300AF006FE089022460470099405AB3C
:104980000293104B0193009423463946304600F0C1
:1049900075FF089B1C7844B1079928460DF005F96E
:1049A000002420460AB0BDE8F08107980AF09DFD7A
:1049B0000A233246102128460DF004F9F1E71124AC
:1049C000EFE700BF3D48010070B588B006460D46D0
:1049D0000368012118680EF02AFD50B9032106F181
:1049E00054000DF0C9F810B1002008B070BD1220BD
:1049F000FBE7002304930593069307932121304698
:104A0000FFF77CFF069058B304962B8A012B21D91F
:104A100005F10C000AF0F4FD044601238DF81C306A
:104A200004AB02930F4B0193002200921346014600
:104A300000F024FF9DF81C30002BE6D006980AF009
:104A400054FD9DF81C302246202130460DF0BAF866
:104A50000020CAE7069930460DF0A7F80020C4E709
:104A60001120C2E7231E020070B588B006460D462D
:104A70000368012118680EF0DAFC50B9032106F131
:104A800054000DF079F810B1002008B070BD12206C
:104A9000FBE7002304930593069307930F21304609
:104AA000FFF72CFF069058B304962B8A012B21D9CF
:104AB00005F10C000AF0A4FD044601238DF81C301A
:104AC00004AB02930F4B0193002200921346014660
:104AD00000F0D4FE9DF81C30002BE6D006980AF0BA
:104AE00004FD9DF81C3022460E2130460DF06AF878
:104AF0000020CAE7069930460DF057F80020C4E7B9
:104B00001120C2E7A31E0200F0B589B004460F468B
:104B100016461D460368012118680EF088FC20B176
:104B20006DB90126304609B0F0BD032104F15400EF
:104B30000DF022F808B10026F4E71226F2E7002370
:104B4000049305930693079331462046FFF7D6FE5C
:104B5000069030B30494BDF83830ADF8143001231A
:104B60008DF81C3004AB02930F4B0193002200928E
:104B700013462946284600F081FE9DF81C6026B9A0
:104B8000069920460DF011F8CCE706980AF0ADFC26
:104B90009DF81C302A46394620460DF013F80026B1
:104BA000C0E71126BEE700BFA31E02002DE9F041B9
:104BB0008AB00546884616461F460024049405948C
:104BC00006940794089409940921FFF797FE06902C
:104BD00068B30495CDF8148001210C300AF0D1FCA3
:104BE0000790224604700A238DF8243004AB029308
:104BF000104B0193009423463946304600F03EFEA8
:104C00009DF824403CB9069928460CF0CEFF20467A
:104C10000AB0BDE8F08106980AF067FC9DF82430E0
:104C20003246082128460CF0CDFF0024EFE711247E
:104C3000EDE700BF294D01002DE9F0418AB005469E
:104C40000E46174698460024059406940794089447
:104C500009940721FFF752FE069060B3059522469E
:104C60000794CDF820809DF840308DF824300A2339
:104C70008DF8253005AB0293104B01930094234629
:104C80003946304600F0FAFD9DF825403CB90699BA
:104C900028460CF08AFF20460AB0BDE8F08106984D
:104CA0000AF023FC9DF825303246062128460CF0F8
:104CB00089FF0024EFE71124EDE700BF051F020084
:104CC00070B588B004460E4615460023049305933C
:104CD000069307930521FFF711FE0590F8B10494A0
:104CE00004AB02930F4B0193002200921346294616
:104CF000304600F0C3FD069B33B1059920460CF009
:104D000054FF002008B070BD05980AF0EEFB0A239E
:104D10003246042120460CF055FF0020F2E7112016
:104D2000F0E700BF692002002DE9F04383B005469B
:104D300088461446D2F80090D9F80470516800688B
:104D40000AF0F3FC20B10126304603B0BDE8F08341
:104D50009522294638460EF045FA0646207530B1B0
:104D6000E3681B780BB1002323750026ECE7294686
:104D700038460EF0AAFB10B908232375E4E7002794
:104D80002775A0680AF0D0FB02210C300AF0F9FB6D
:104D90002061A0F800800194114B00933B46A2686B
:104DA000294648460CF055FF002808DB2369002BF4
:104DB000CAD048460CF0EBFBA368002206E00CF0DA
:104DC00007FC2075C0E7198A0A445B68002BFAD1FA
:104DD000861AE3681B789E4294BF00260126B3E73B
:104DE000E11502002DE9F04105460C46A0F104084A
:104DF00040460CF01CFC238A13B90020BDE8F0816A
:104E00000646012104F10C000AF0EAFB0746737B19
:104E1000072BF2D155F8043C002BEED000230B2BCE
:104E20001ED83978174A12F83320914201D0013345
:104E3000F5E7144D05EBC305228A6B789A421ED321
:104E40006B68214640469847AB78012BD5D10028A6
:104E5000D3D003460022397840460CF0B3FECCE7AD
:104E60003C782046FFF7F2FA0028C6D00528C4D0C7
:104E700006230022214640460CF0A4FEBDE7042094
:104E8000E2E700BFA8A7020010B50446043804F109
:104E90005003BFF35B8F53E8001F41F0010143E86B
:104EA0000012002AF7D1BFF35B8F0DF046F90449D9
:104EB00004F1740012F079FB206801F0D5F910BDFF
:104EC0007325020000B583B002460B460021019114
:104ED00014F04AFA0F4909580F480068884204D074
:104EE0000E48D0F8B800884201D10022134601A92B
:104EF0000B4804F039FD58B9019800230360436062
:104F00008360C36003614361836103B05DF804FBA8
:104F10000020FAE708000000382B0020302700208E
:104F20005807002010B50446806818B10AF0DDFA71
:104F30000023A3602146024812F04FF810BD00BFC5
:104F40005807002070B582B0054602E018460AF006
:104F5000CCFA05F10C000022002304F00DFE0346FC
:104F60000028F3D10CE0AB6011E0A36900930023AB
:104F70001A466FF067012868B0472046FFF7D2FF56
:104F80006C6844B123686B60AA68A242EBD0666883
:104F9000002EEAD1F1E700232B602946024812F0E7
:104FA0001CF802B070BD00BF200700202DE9F047BB
:104FB00082B004460F4691461E46783012F036FB0A
:104FC000A06DF0B1124B98421FD045684FF0000A17
:104FD000C0F804A0A06DD0F81880FFF7A3FFC4F8B4
:104FE00058A020680CF009FC3DB123681868CDF882
:104FF00000804B463A463146A847002002B0BDE843
:10500000F08720460DF09FFAF7E70025A565E8E751
:105010003C2B00208068034B984214BF00200120E5
:10502000704700BF272D0200064B1A68C0F8012008
:105030009A889B79A0F80520C3710023037003812F
:10504000704700BF00A4020010B5144610220349A7
:105050001846A047002800DB002010BD201B0020C0
:1050600030B589B004460D460023019302930393A3
:1050700004930593069307934FF41053ADF804304F
:105080008023ADF806304FF48063009368460DF03E
:1050900003FB009B03930F4B049304F5AC731022A6
:1050A000294601A813F05FF970B94FF4AC720021E2
:1050B000204614F0B4F8074AD4F85811204613F0EB
:1050C0003FFA20B909B030BD6FF00400FAE76FF085
:1050D0000400F7E70002C00330B583B0054601AB1A
:1050E0001022074913F045FA0446D5F8580106F096
:1050F0007FFD14B9204603B030BD6FF00404F9E71A
:10510000101B002070B505460E46002400E0013457
:10511000012C11D82301094AD35CAB42F7D102EB31
:10512000041107220131304614F081F80028EED135
:10513000024800EB041000E0002070BD742B00203A
:10514000F8B505460F46002400E00134012C11D8C3
:1051500004EB4403094A02EB830612F82330AB4206
:10516000F3D1314607220131384614F060F80028A7
:10517000EBD100E000263046F8BD00BFC81A002081
:1051800070B505460E46002400E00134012C17D806
:1051900004EB44030B4A12F823309D42F5D104EB93
:1051A000440302EB830007223146013014F03FF83C
:1051B0000028EAD104EB4404024800EB840000E03C
:1051C000002070BD942B00200D4BBFF35B8F53E884
:1051D000002F42F0020143E800100028F7D1BFF38E
:1051E0005B8F12F0020F0AD1064B05E05A680649A0
:1051F000088802440A800833044A9342F6D3704771
:10520000AC2B0020D8960200AC370020F0960200AC
:1052100070B505460E461446FFF7FCFE00283AD04E
:10522000ED68A36843B1E268002A36D01B88B34218
:1052300009D013D301202FE02279216828460DF0F0
:105240008FFB012028E026682279314628460DF0A0
:1052500032FB034660B1A26852881A81A368043306
:10526000A360E0680138E060003818BF012013E057
:1052700000220B4928460DF01EFB03460028EDD006
:105280003268C0F80120B188B279A0F80510C27167
:1052900022790270DFE7012070BD0020FCE700BF2B
:1052A00000A4020008B510210148FCF7B5F808BDBC
:1052B000101B002070B50646002407E02846072290
:1052C0000D49013013F0B3FFA0B10134012C10D807
:1052D0000A4D05EB0415002EF0D02301074901EB20
:1052E00004120132C95C30460BF09DFE0028ECD060
:1052F00000E00025284670BD00A40200742B0020A9
:10530000F8B507460D46002414B100263046F8BD16
:1053100004EB840605EB460667B104EB84033246D2
:10532000013215F8131038460BF07DFE0028EDD140
:105330000134E9E704EB840005EB40000722034950
:10534000013013F074FF0028F2D1DFE700A402005F
:1053500070B5002400E00134012C15D80B4D05EB8D
:1053600004156E1C07220A49304613F060FF00281E
:10537000F1D0002128460DF042FB23013146034ABB
:10538000D05C0DF07EFBE6E770BD00BF742B002003
:1053900000A4020084460023012B23D810B503EBA0
:1053A0004300114C04EB800003EB430292000832EF
:1053B000BFF35B8FA258BFF35B8F22B10133012B88
:1053C000EDD9002010BDD1F800E0C0F801E0B1F83F
:1053D00004E08979A0F805E0C17103EB430304F808
:1053E00023C0EFE700207047C81A0020F8B5044634
:1053F0000D4617460AF071FE064629462046FFF77D
:105400009FFE56B150B1394608300DF0C9FA4FF43D
:1054100000420023044804F043FEF8BD294620461C
:10542000FFF7B8FFEFE700BFE01A002010B5024613
:105430000B46164CBFF35B8F54E8001F41F0010090
:1054400044E8000CBCF1000FF6D1BFF35B8F11F004
:10545000010F0DD1A4F150010A834B83BFF35B8F81
:105460000A4B1B68BFF35B8F13F0020F07D010BD10
:105470000749881E0DF01FF90028EFD1F7E74FF418
:10548000A4720023034804F00BFEF0E7D81B0020B1
:10549000A21B0020A81B002008B5154BBFF35B8F93
:1054A00053E8002F42F0040243E800210029F7D11D
:1054B000BFF35B8FBFF35B8F53E8002F22F0020234
:1054C00043E800210029F7D1BFF35B8FBFF35B8F67
:1054D0001B68BFF35B8F13F0010F01D1002008BDE3
:1054E0004FF4A4720023034804F0DAFDF6E700BF8E
:1054F000D81B0020A81B00202DE9F0410746884654
:1055000016461D46FFF73CFE0446A0B123890BB9A1
:10551000638923B32B46324604F10A0104F10800E3
:105520000DF0C9F828B1214611F8010B0AF0D5FD9C
:10553000C0B9BDE8F0810D49FFF722FE04460028FE
:10554000F7D0034603F8017BD8F80020C0F801200B
:10555000B8F8041098F8062099809A71D6E7268149
:105560006581E0E720460DF0F6FAE2E700A40200CC
:105570000B4B1A68C0F801209A889B79A0F8052087
:10558000C371002303720C30BFF35B8F50E8002F10
:1055900040E800310029F9D1BFF35B8F704700BFAD
:1055A00000A4020010B50446164BBFF35B8F53E80E
:1055B000002F22F0020243E800210029F7D1BFF3B7
:1055C0005B8FBFF35B8F1B68BFF35B8F13F0010F23
:1055D00004D120460DF013F830B910BD002200238D
:1055E000094804F05DFDF4E72046FFF763FE00285C
:1055F000F3D0027A12F0010FEFD001210DF063FA1F
:10560000EBE700BFD81B0020A81B00202DE9F04FBE
:1056100083B005461646FFF7FDFC009078B1EF68B1
:105620007B8963B10024A1466CB1B9F1000F06D1AA
:1056300000237B81FB6813B1002128469847012095
:1056400003B0BDE8F08F04EB840807EB4808B8F816
:105650000830CBB104EB840308F1010A524617F875
:10566000131030460BF0DFFC98B904EB840351466D
:1056700017F81300FEF78AFC034628B1427B072A7D
:1056800004D01846FEF780F90134CDE7DDF800902C
:10569000F7E706F1700301931946307A0AF01DFD11
:1056A00050B90B4B9F4203D04046FFF7BDFCEBE7E0
:1056B00030460DF06FFAF7E7336FC8F80130019B01
:1056C0009A889B79AAF804208AF80630DCE700BFA4
:1056D000780600202DE9F04184B0002842D00C4625
:1056E00015461E46074602A909F0DCFF8046002841
:1056F0003BD101A9384609F000FB0198B0B10A225C
:10570000002107F0A7FC98BBC7B202A93846FFF7F3
:1057100037FD014660B1F4B1042208313046A84794
:1057200000282BDB404604B0BDE8F0810027ECE701
:105730008CB11349FFF724FD0146E0B1034603F89D
:10574000017B0298C1F80100BDF80C009DF80E2005
:1057500098809A71DFE70029E4D000230B604B604A
:105760008B60DFE76FF01508DCE76FF01508D9E70D
:105770006FF01508D6E76FF00B08D3E78046D1E746
:1057800000A402001C4BBFF35B8F53E8002F42F0D4
:10579000010143E800100028F7D1BFF35B8F12F03E
:1057A000010F00D0704710B5FFF70EFD134C1449E0
:1057B000204611F0FAFE4FF4A47200232046FBF7B6
:1057C000B7FE104C1049204611F0EFFE3034BFF305
:1057D0005B8F54E8003F43F0020344E80032002AA4
:1057E000F7D1BFF35B8F0949094811F0DEFE094884
:1057F000FEF7E8FC10BD00BFAC2B0020301B0020E2
:1058000039310200A81B0020A15E01009D31020079
:10581000E01A00205006002028B38446008A38BBD6
:1058200070B4144D012203E06B6813449AB208353A
:10583000114B9D421AD22C686445F5D86E6806EB70
:1058400086039B00143B23446345EDD300239E4213
:10585000EDD903EB830104EB8101614505D00133F0
:10586000013292B2F3E700207047104670BC7047D7
:10587000704700BFD8960200F09602002DE9F04F65
:1058800089B08246079190469946139FDDF850B043
:10589000BDF848301BB94FF6FF73ADF848301B4BCD
:1058A0001B8853452AD209B0BDE8F08F8CB2083668
:1058B000174B9E42F7D27368E118B942F6D3002520
:1058C0007368AB42F3D905EB8500CDF810B0CDF885
:1058D0000CA012AB0293CDF80490CDF80080079B8A
:1058E0003A462146D6F800C00CEB80000DF0C4F912
:1058F0000028D8D001350134A4B2E1E7054E0124D7
:1059000013975746DDF84CA0D2E700BFAC37002014
:10591000F0960200D896020010B5E0B000235C9328
:105920005D935E935F935CA904A8FFF799FB00BBAE
:1059300004AC0294104B01930022009213464FF6E0
:10594000FF710120FFF79AFF2046FFF7C5FB80B9E2
:1059500010210A480CF08AFE094BBFF35B8F53E815
:10596000001F41F0080143E80012002AF7D1BFF3FD
:105970005B8F60B010BD00BFC3270200101B00206A
:10598000D81B00202DE9F04184B004460D46164690
:105990001F462149A1F1300011F057FEBFF35B8F84
:1059A0001E4B1B68BFF35B8F13F0080F17D0204608
:1059B000FFF780FC18B1027A12F0010F16D1102304
:1059C0000293174B0193BDF8283000933B463246B3
:1059D000294620460DF090FA04B0BDE8F081FFF7AB
:1059E0009BFFFFF7B5FCFFF75DFCE0E700F10C085B
:1059F000002140460DF038F80028E0D1BFF35B8F5E
:105A000058E8003F43F0020348E80032002AF7D18B
:105A1000BFF35B8FD3E700BF601B0020D81B0020C3
:105A2000101B002010B5BFF35B8F294B1B68BFF321
:105A30005B8FC3F3C00413F0080F12D0244BBFF3E5
:105A40005B8F1A68BFF35B8FBFF35B8F1B68BFF37D
:105A50005B8FC3F3401312F0100F01D04BB11CB198
:105A600010BDFFF759FFE9E7FFF772FCFFF71AFCDB
:105A7000F6E7174BBFF35B8F53E8001F41F020019F
:105A800043E80012002AF7D1BFF35B8F11491022BF
:105A9000881813F0CCFB48B14FF6FF710120FFF7D7
:105AA000C5FCFFF755FCFFF7FDFBD9E70A4C204684
:105AB00011F0BCFD3034BFF35B8F54E8003F23F09E
:105AC000010344E80032002AF7D1BFF35B8FC7E738
:105AD000D81B0020101B0020A81B002008B5084B75
:105AE000BFF35B8F53E8001F41F0100143E8001241
:105AF000002AF7D1BFF35B8FFFF794FF002008BDAA
:105B0000D81B002070B5B8B004460D4605918DF83D
:105B100018000022379205AB02930F4B01930092BD
:105B200013464FF6FF710120FFF7A8FE379E56B1CE
:105B3000B60007AA334629462046FBF75FFC00B9AA
:105B400046B938B070BD0022F4E70133379A9A4263
:105B5000FBD8F6E70023F9E7F72802002DE9F0412A
:105B600086B004460E4615460491059200F1700871
:105B70004146007A0AF0B1FA074604AB0293134B90
:105B800001930022009213464FF6FF710120FFF7A8
:105B900075FE87B93146207AFFF7B4FA40B12A681A
:105BA000C0F80120A988AA79A0F80510C2713FB9F0
:105BB00006B0BDE8F0814146207AFFF7A3FFE9E790
:105BC0004146207A0CF05DFFF2E700BF1D2A02007B
:105BD000F0B5BDB004460D4617461E4605A909F0AE
:105BE0008CF8002C38D0059840B10A22002107F02B
:105BF00031FA002833D18DF8240002E000238DF81B
:105C0000243006A9204609F04DFD044650BB06ABE2
:105C100008937DB1C0220CA93046B847002824DB88
:105C20000CAB0A9380080B90002300E001339842EC
:105C3000FCD802E000230A930B9308AB02930C4BB1
:105C400001930022009213464FF6FF710120FFF7E7
:105C500015FE20463DB0F0BD6FF01504F9E76FF07A
:105C60001504F6E76FF01504F3E70446F1E700BF0B
:105C70001152010070B582B00C4615461E4601AAAD
:105C80000749069809F00FF838B133462A462146ED
:105C90000198FFF79DFF02B070BD6FF01500FAE7A5
:105CA0001CA8020010B584B004460A460023036015
:105CB000029007490191012100914FF6FF71808800
:105CC000FFF7DCFD2068003818BF012004B010BDCC
:105CD000A727020010B586B000240594FFF79CFDAD
:105CE000013080B205AB0293054B0193009423462B
:105CF00022460146FFF7C2FD059806B010BD00BF61
:105D0000692702002DE9F04182B005460F4614468E
:105D1000942261680DF066FA00283FD10222616882
:105D200028460DF0AAFA00283BD0A68A0236009633
:105D30001D23002221461E480DF05EF8804698B3D0
:105D400032461D2128460CF053FB0646E0B10123E4
:105D5000002211460CF07EFCA18A023106F10C00F3
:105D600009F00FFC20F8027BA28A216913F049FA9E
:105D7000C8F80860414628460CF022FC044648B9A1
:105D8000204602B0BDE8F0814046FFF7CBF86FF047
:105D90000B04F5E74046FFF7C5F8F1E74FF0FF3495
:105DA000EEE76FF01504EBE76FF00B04E8E700BFD8
:105DB0007B270200BFF35B8F374B1B68BFF35B8F02
:105DC00013F0040F5ED030B58DB005460C4610B10F
:105DD000437B072B59D160680590FFF71DFDADF897
:105DE0001800216841B305A8FFF75CFF00284FD0D9
:105DF000059B6360059B186800238DF82C3042F6E4
:105E00000303ADF82E300BA909F08FFC48B90598B3
:105E1000C3689B7913F0200F13D00DF034F9ADF85F
:105E200018008DB10123A3752246BDF8181028462D
:105E3000FFF768FF0DB030BD0028DBD16FF0010027
:105E4000F8E76FF01500F5E76FF07F030793022383
:105E5000ADF8203009940023A3758DF8283042F660
:105E60000212ADF82A2005AA02920C4A01920122E0
:105E700000920AAA4FF6FF71BDF81800FFF7FEFC6A
:105E80000798D7E76FF00A0070476FF07F00D1E7FF
:105E90006FF00100CEE700BFFC03002001610100AC
:105EA00010B582B0034630F8082CADF8042030F865
:105EB000062CADF80620A0F1200100F13004BFF35C
:105EC0005B8F54E8002F22F0010244E800200028F4
:105ED000F7D1BFF35B8F002023F8080C23F8060CE2
:105EE0000E4A43F81C2C0E4A43F8182C01AA43F81A
:105EF000102C042223F80C2CFFF75CFF08B102B031
:105F000010BDBFF35B8F54E8003F43F0020344E849
:105F10000032002AF7D1BFF35B8FF0E764A80200DC
:105F2000A555010038B5044600F17001007AFFF76D
:105F300027F9F8B1054603890BB94389D3B1204647
:105F4000FDF780FE2B890C4A22F820306B8902EB8A
:105F500080025380094D00EB400305EBC303084961
:105F60005960084999601A6104229A8219462046AC
:105F7000FFF720FF38BD00BF582B00205C2B00200E
:105F800064A802003F2C02002DE9F843064615469E
:105F9000D2F80080FFF73EF810B1F768002414B182
:105FA0000120BDE8F88304EB840307EB43031B895E
:105FB0007BB304EB840307EB4302013217F81310A1
:105FC00040460BF030F820B34FF49572314640460E
:105FD0000DF008F950B103281BD0052811D04FF05F
:105FE000020940460BF018F881450DD83946304675
:105FF0000CF06DFE084B9F42D2D14046FFF792FF56
:10600000CEE74FF00309ECE72B79994501D985F8E4
:1060100004900134C3E700BF78060020BFF35B8F14
:10602000354B1B68BFF35B8F13F0040F5AD030B5AC
:106030008DB005460C4610B1437B072B55D16068E7
:106040000590FFF7E9FBADF81800216831B305A80A
:10605000FFF728FE00284BD0059B6360059B18685E
:1060600000238DF82C3042F60303ADF82E300BA937
:1060700009F05BFB48B90598C3689B7913F0100FD2
:1060800011D00DF000F8ADF818007DB12246BDF832
:10609000181028460DF095F90DB030BD0028DDD15F
:1060A0006FF00100F8E76FF01500F5E76FF07F0380
:1060B00007930122ADF82020099400238DF82830A1
:1060C00042F60211ADF82A1005A902910B4901917F
:1060D00000920AAA4FF6FF71BDF81800FFF7CEFB39
:1060E0000798D9E76FF00A0070476FF07F00D3E799
:1060F0006FF00100D0E700BFFC0300200161010048
:106100002DE9F04707461646FEF784FF002800F009
:10611000A280FD68514B9D422DD000245FE0336981
:106120001A6904EB4400538812884146DFF830C1F5
:106130001CF82000FFF7E0F90134012CEDD804EB46
:106140004402474B03EB820808F101080722454946
:10615000404613F06CF80028EED004EB440307220D
:1061600041463F4810F82300FDF734FF0028D6D001
:10617000FDF70AFCE0E70024DFE7FDF705FC2DE072
:106180004046FDF701FC29E04046FDF7FDFB25E018
:1061900004EB840205EB4202128912F0020F49D08F
:1061A0003269B1884046FFF7ADFD814670B932696A
:1061B000937D0133937509E004EB840305EB4303FE
:1061C0001B8913F0010F3AD14FF000094046FDF74B
:1061D000DBFBC6F80890B9F1000F39DB0134002C65
:1061E00034D104EB840305EB4303B3F808C0B3894F
:1061F0009C45F3D104EB840305EB4301013115F811
:106200001300FDF7C3FE80460028E7D0437B072B31
:10621000B3D16B691BB1394698470028B0D094229E
:10622000394640460CF0DEFF82460028ACD1B389E7
:10623000022BADD0012BBFD04FF00009C6E7326969
:10624000B18840460DF0BDF88146BFE74FF0010A26
:106250005046BDE8F0874FF0010AF9E778060020C4
:10626000942B002000A4020070B590B004460E905C
:1062700001238DF83C3000F170052946007A09F0C1
:106280002CFF90B1227A2AB304AE04213046F9F7EC
:10629000A3FD00962B46164A242105A8FAF7E6FF2F
:1062A00005AA14491046F9F725FF0EAB0293124BCD
:1062B00001930022009213464FF6FF710120FFF771
:1062C000DDFA20460AF0A8FE9DF83C1088420AD369
:1062D00010B070BD002300932B46054A242105A869
:1062E000FAF7C4FFDCE720460AF06CFEF0E700BFD7
:1062F00074A40200755C0100895F01002DE9F04182
:1063000006460F4690460F4B1B6833B1043B1C1DDD
:1063100008D05C6834B1043C04E01C4602E0254629
:1063200023462C4663B11B681BB1424639463046B2
:106330009847002CF3D06568002DF1D0043DEFE7BD
:10634000BDE8F081B02B002030B587B00446049042
:1063500001208DF8140004AB02930B4B0193002530
:1063600000952B462A464FF6FF71FFF787FA29461C
:1063700020460DF05CF808B107B030BD4FF6FF7154
:106380000120FFF753F8F7E7895F010030B587B0C8
:1063900004460290154B01930022009213464FF6DB
:1063A000FF710120FFF76AFA04F170052946207A8F
:1063B0000CF0C6FE2946207A09F08FFE20B920464F
:1063C0000CF023FC07B030BD0495237A8DF814300F
:1063D00004AB0293064B01930022009213464FF642
:1063E000FF710120FFF74AFAE9E700BF0D560100EF
:1063F0003D290200002010B16FF00B0070470D4BDB
:106400004FF4BC7202FB0033D3F8EC300BB1013017
:10641000F1E710B4074A4FF4BC7300FB03F302EB3F
:10642000030C054CCCF8F040E833134404330B6004
:1064300010BC7047E01B0020C4A9020038B5054617
:1064400000240CB1002038BD4FF4BC73074803FB97
:106450000400294604300DF0D1F808B90134F0E702
:106460004FF4BC73014803FB0400ECE7E01B002081
:1064700000B500F5B8730C4A11680C4ABFF35B8F86
:1064800053E800CF944504D143E8001EBEF1000F4D
:10649000F6D1BFF35B8FBFF35B8FD0F87001BFF312
:1064A0005B8F5DF804FB00BF9C2A0020E01B0020EE
:1064B00008B5FFF7DDFFE8B10346026832B1416875
:1064C00021B18168E9B913490978E1B11149097825
:1064D00021B11AB1996809B1012007E05B6833B1B5
:1064E0000D4B1B68B3F1FF3F0FD0042008BD0AB16C
:1064F0000020FBE7084B1B68B3F1FF3F07D00020EB
:10650000F4E70420F2E70420F0E70220EEE703209E
:10651000ECE700BFB4370020CC06002010B50246DF
:106520000C46037BC17C03EA010010F0080F07D082
:10653000D07A92F812C040EA0C0010F0010F0ED190
:10654000042C0ED80B4313F004000BD01046FFF7B9
:10655000AFFF04EB8404044B2344185C02E00520E5
:1065600000E0002010BD00BF64AA020038B5044658
:10657000FFF77EFF0546D4F8EC309B7A032B16D04C
:1065800007D8013BDBB2012B01D8012038BD002028
:10659000FCE7042B09D12046FFF78AFF032816D019
:1065A000104B1B78DBB90020F0E70020EEE7204617
:1065B000FFF77EFF032801D00120E7E72DB1EB684C
:1065C0000BB10120E2E70020E0E70020DEE725B183
:1065D000EB68002BE4D10020D8E70020D6E70120AB
:1065E000D4E700BFB437002000F5BA730C4A127824
:1065F000BFF35B8F53E8001FB1F1FF3F04D143E8C5
:10660000002CBCF1000FF5D1BFF35B8FBFF35B8FA4
:10661000D0F87401BFF35B8F003818BF01207047BA
:106620001007002038B505460E4B1B788BB101F0E2
:106630000F042846FFF73CFF03280DD044F0040464
:106640002846FFF7D1FF50B144F0010000F0EF0001
:1066500038BD01F00704ECE704F00B04F0E704F0A8
:10666000FE00F3E7B437002010B586B00446037A85
:10667000052B25D8DFE803F00F05050F24030020C4
:106680001CE0D0F8D83090F8DC20D34003F00103B0
:1066900043F0800300E0002302AA009204F13702D5
:1066A0000A49096804F157000DF08FFF50B9102214
:1066B00002A904F1170012F0BAFD28B906B010BD06
:1066C0000820FBE70820F9E70420F7E7B82B0020B3
:1066D00070B582B00446057A022D04D86BB233B986
:1066E00085B1082038E0032D0BD0082034E0D0F825
:1066F000D85090F8DC30DD4005F0010545F080050C
:1067000000E000251022032120460DF0A3F80646E4
:1067100048B310210C3008F034FF00902B4604F1F0
:10672000270204F15701114800680DF04EFFA8B987
:1067300000231A46314620460DF0B4F80434BFF366
:106740005B8F54E8003F23F0010344E80032002A45
:10675000F7D1BFF35B8F002002B070BD304608F068
:10676000C4FE0820F8E70820F6E700BFB82B002099
:1067700038B5044640220C210DF06CF800283ED0BC
:10678000054640210C3008F0FCFE1E4B1B68D3F878
:1067900000E0D3F804C09968DA68C0F800E0C0F8F7
:1067A00004C08160C260D3F810E0D3F814C09969C6
:1067B000DA69C0F810E0C0F814C08161C261D3F892
:1067C00020E0D3F824C0996ADA6AC0F820E0C0F863
:1067D00024C08162C262D3F830E0D3F834C0996B30
:1067E000DA6BC0F830E0C0F834C08163C2630023C4
:1067F0001A46294620460DF055F8002038BD0820DD
:10680000FCE700BFB82B002070B582B00446D0F87A
:10681000EC60FFF72DFE05464FF0FF3301931D4B53
:106820001B68B3F1FF3F00D00193019BB3F1FF3F21
:106830001DD0019BC4F8D830002384F8DC309DB112
:106840002B688BB1231DBFF35B8F53E8001F41F40E
:10685000006143E80012002AF7D1BFF35B8F2B6879
:10686000D4F8D81030469847002002B070BD0421FB
:106870000DEB010002F0A0FB48B9019A064BA3FB07
:1068800002139B0C054901FB13220192D1E708205A
:10689000EBE700BFCC06002083DE1B4340420F0025
:1068A00010B5041DBFF35B8F54E8003F43F48073C1
:1068B00044E80032002AF7D1BFF35B8F0A49573012
:1068C000FCF7B2FD08B9002010BDBFF35B8F54E8A0
:1068D000003F23F4807344E80032002AF7D1BFF36D
:1068E0005B8F0820F0E700BFAB40020070B50446A4
:1068F000FFF7BEFD0546261D0E2130460CF07EFE3C
:1069000040B92022434B196804F1570012F08FFC64
:1069100000287AD02046FFF72BFF0346002865D1D8
:10692000237A052B73D8DFE803F00335160372636F
:10693000BFF35B8F54E8003F43F0100344E800329C
:10694000002AF7D1BFF35B8F2046FFF7C1FE034655
:10695000002847D04AE02046FFF756FF03460028AC
:1069600044D1BFF35B8F54E8003F43F0080344E891
:106970000032002AF7D1BFF35B8FBFF35B8F54E87F
:10698000003F43F4804344E80032002AF7D1BFF3CC
:106990005B8F27E0BFF35B8F54E8003F43F00803B1
:1069A00044E80032002AF7D1BFF35B8FBFF35B8F5F
:1069B00054E8003F43F4804344E80032002AF7D112
:1069C000BFF35B8FBFF35B8F56E8003F43F48063F8
:1069D00046E80032002AF7D1BFF35B8F6B68D4F82A
:1069E000EC00984720460DF06EF90346184670BD3E
:1069F000BFF35B8F54E8003F43F0100344E80032DC
:106A0000002AF7D1BFF35B8FECE70823EEE70823FA
:106A1000ECE700BFB82B002010B5084C4FF0FF3258
:106A20004FF0FF33204602F0D1FF04F1140003F0D1
:106A30003FFB204603F04AF810BD00BFA806002027
:106A400038B50446EC22002112F0E9FB102104F1D4
:106A5000270002F0B1FA90B90546BFF35B8F54E806
:106A6000003F43F0200344E80032002AF7D1BFF38F
:106A70005B8FFCF7C7FC034B1860284638BD082520
:106A8000FBE700BFB82B0020F8B504460D46D0F850
:106A9000EC70FFF7EDFCED68EB78102B40F0C48054
:106AA000D7F8A430002B00F0A080261D0F2130461F
:106AB0000CF0A4FD28B92046FFF7C2FF002840F0E3
:106AC000A080012363722B68C4F80A30AB88E3818D
:106AD00002232374A9782046FFF7A4FDE074204622
:106AE000FFF7E6FC6074102323752B7903F0030392
:106AF00063756B7903F00103A375E37C13F0080F52
:106B000015D0AB7813F0080F11D0BFF35B8F56E8A8
:106B1000003F43F0200346E80032002AF7D1BFF3DC
:106B20005B8F637D03F0020363750023A37505216A
:106B300030460CF063FD002865D03E4B1B78A374F3
:106B4000E37C13F0200F0FD0AB7813F0200F0BD0A5
:106B5000BFF35B8F56E8003F43F4801346E80032F2
:106B6000002AF7D1BFF35B8FE37C13F0010F03D052
:106B7000AB7813F0010F4AD100236375A375A37D91
:106B800084F8E830637D84F8E930BFF35B8F56E822
:106B9000003F43F0080346E80032002AF7D1BFF374
:106BA0005B8F29782046FFF7B9FC2072D7F8A41034
:106BB00020460CF06FFDC8B320460CF0A6FDA0BB2C
:106BC000052130460CF01AFD90B3BFF35B8F54E8FB
:106BD000003F43F4805344E80032002AF7D1BFF36A
:106BE0005B8F20460CF00CFF1FE007F17001387A34
:106BF00000F066FBC7F8A40000287FF456AF082019
:106C000013E0C0B211E00C4B1B78A37498E7BFF3FC
:106C10005B8F56E8003F43F4005346E80032002AF9
:106C2000F7D1BFF35B8FAAE70620F8BD0320FCE78E
:106C30000320FAE7B6370020B537002038B5044600
:106C40000D46FFF715FCEB6804F15705D3F800C0BB
:106C500058689968DA68C4F857C0C4F85B00C4F88B
:106C60005F10C4F86320D3F810C058699969DA69D5
:106C7000C4F867C0C4F86B00C4F86F10C4F8732080
:106C8000D3F820C0586A996ADA6AC4F877C0C4F8A1
:106C90007B00C4F87F10C4F88320D3F830C0586B51
:106CA000996BDA6BC4F887C0C4F88B00C4F88F10F6
:106CB000C4F893202846FCF7EFFAC8B1231DBFF3B0
:106CC0005B8F53E8001F41F4804143E80012002A23
:106CD000F7D1BFF35B8F20460DF00EF830B10F4BAC
:106CE0001B6863B12046FFF701FE38BD0320FCE7B7
:106CF0002846FCF7DDFA0028F1D10B20F5E7043433
:106D0000BFF35B8F54E8003F43F0400344E8003298
:106D1000002AF7D1BFF35B8F0020E6E7B82B0020F5
:106D200070B584B004460D46FFF7A2FB0646EB683B
:106D30001D6858689968DB68C4F83750C4F83B0090
:106D4000C4F83F10C4F84330237A052B00F2B28018
:106D5000DFE803F024444403B08704F1370203ABB7
:106D6000009304F127035849096804F1570000F023
:106D700033FC002840F0A080231DBFF35B8F53E855
:106D8000001F41F4806143E80012002AF7D1BFF3ED
:106D90005B8FB3680399D4F8EC009847BFF35B8F1F
:106DA00054E8003F43F4005344E80032002AF7D18E
:106DB000BFF35B8F231DBFF35B8F53E8001F41F4CC
:106DC000803143E80012002AF7D1BFF35B8F2046E1
:106DD0000CF0F3FD0546284604B070BD2046FFF7D1
:106DE00043FC05460028F6D1BFF35B8F54E8003F13
:106DF00043F0080344E80032002AF7D1BFF35B8F69
:106E000020460CF0DAFD05460028E4D194F8DC3089
:106E10000133DBB284F8DC30142B08D0102104F1EC
:106E2000270002F0C9F80028D5D00825D3E7BFF322
:106E30005B8F54E8003F43F4005344E80032002ADB
:106E4000F7D1BFF35B8F0434BFF35B8F54E8003F8F
:106E500043F4803344E80032002AF7D1BFF35B8F5C
:106E6000B9E7102104F1270002F0A6F830BB3EB3C9
:106E7000F3683BB3154B1B88ADF8083002A92046D8
:106E80000CF08CFB0025C4F8E050C4F8E450231D3E
:106E9000BFF35B8F53E8001F41F4805143E80012B9
:106EA000002AF7D1BFF35B8FF36802A9D4F8EC0096
:106EB000984790E708258EE708258CE708258AE79C
:106EC000022588E7022586E7B82B0020EC97020010
:106ED00038B50446A0F1EC051049543010F065FBBC
:106EE00028460CF04BFC04F184030D4ABFF35B8F82
:106EF00053E8001F43E800200028F9D1BFF35B8F5F
:106F000088344FF0FF33BFF35B8F54E8002F44E821
:106F100000310029F9D1BFF35B8F38BD1743020060
:106F2000E01B0020B0F1FF3F06D0084B984209D883
:106F3000074B186000207047054B4FF0FF321A6076
:106F4000002070476FF01500704700BF3F420F00F0
:106F5000CC060020F8B50646D0F8EC50D5F8A44091
:106F6000002C4DD0084631B30CF0B5FA07466CB191
:106F7000237B23B10221301D0CF040FB30B1D5F84A
:106F8000A4000DF093FA0023C5F8A430341D0221AB
:106F900020460CF033FB002834D0032120460CF0AF
:106FA0002DFB002849D02C4B1A68A2B352F80C498B
:106FB000B4B30C3C34E00D21301D0CF01FFB074630
:106FC00020B1D5F8A40008B10DF0DFFA224B1A6801
:106FD00022B152F80C4934B10C3C04E0144602E0F2
:106FE000234622461C4642B3136813B1394628464D
:106FF0009847002CF4D0E368002BF2D00C3BF0E76C
:107000000820B1E738460CF09EFA01463A46284679
:10701000FCF75CFFC1E7144602E0234622461C460B
:107020005AB1536813B1394628469847002CF4D01A
:10703000E368002BF2D00C3BF0E730460CF09EFBEF
:107040006B7B072B00D0F8BD6A7AAB7A9A42FAD0F4
:1070500028460CF0D5FFF6E7942A002038B5044600
:107060000E4B1860FFF7D8FC9CB100240FE04FF4E2
:10707000BC730B4D03FB04550621281D0CF0BEFA12
:1070800020B12846FFF732FC014618B90134002C24
:10709000EDD038BD28460CF0BDFFF7E7B82B002037
:1070A000E01B0020F8B50B8A0BB90020F8BD05469F
:1070B0000C46A0F1EC07012104F10C0008F090FA55
:1070C00006460421A5F1E8000CF098FA0028ECD15E
:1070D00031780E29E9D8194B53F83130CBB1A5F1ED
:1070E000EC000CF09BFBC8B1218A3278134B03EB08
:1070F000C2031B7999421BD1104B53F83230214601
:107100003846984701460028CFD038460CF082FF19
:10711000CBE7072138460CF07DFFC6E738460CF078
:1071200027FB0028C1D0082138460CF073FFBCE7CC
:107130000A2138460CF06EFFB7E700BFECA9020049
:107140002DE9F04184B00446D0F8EC60CD6890F8A9
:10715000E93023F0020380F8E9302B782BB1AB79CA
:1071600003F0C003C02B40F0818006F170070722B6
:107170002946384612F05BF870B12946307A00F0A3
:1071800081F9804640B1014620460CF083FA002880
:107190006ED040460DF08AF90D21201D0CF02EFA1C
:1071A000C0B994F8E93013F0040F0BD0BFF35B8F34
:1071B00054E8003F43F4806344E80032002AF7D1EA
:1071C000BFF35B8FB4F8E830002B49D0002004B047
:1071D000BDE8F0813A46317A02200DF052F980463E
:1071E000002847D0F37883B906F17E031A78012A84
:1071F00004D19A7902F0C002402A09D041462046C3
:107200000CF052FE0028CCD0E1E706F17703EDE761
:10721000D3F80120C8F83A20B3F80530A8F83E307A
:1072200096F87030002BE9D096F8763003F0C00362
:10723000C02BE3D001970295CDF80C8001AA0E492E
:107240000120FCF7D3FC2B68C8F80130AA88AB7981
:10725000A8F8052088F807303046FCF701FECDE796
:1072600000212046FFF776FE0020B0E70A20AEE7B7
:107270000820ACE70820AAE7D137020008B50CF0D7
:1072800028F9054B187020B10448FCF761F800207C
:1072900008BD6FF00100FBE7B4370020C4060020F2
:1072A00008B5437B13F0400F00D008BD0121FBF768
:1072B00037FA024802F09EFEF7E700BFD006002032
:1072C0002DE9F04107460D464FF00108002434B186
:1072D000B8F1000F24D000263046BDE8F081A301AC
:1072E000174A02EB8416D35CBB4204D0B8F1010FFD
:1072F0000AD00134EBE7304607222946013011F06D
:1073000096FF0028F2D1E7E70D4800EB8410072232
:107310000C49013011F08BFF0028EAD1A046E8E7C4
:107320004FEA8812064B03EB88169F542B68C6F869
:107330000130AA88AB79A6F80520F371CCE700BF2D
:10734000BC2B002000A40200F8B505460F461646E7
:10735000002404B1F8BD064B03EB8413DB891D4206
:1073600004D03146024800EB8410B8470134F0E7FE
:10737000BC2B002008B5002202490220FFF7E4FFE1
:10738000002008BDA1720100F8B507460E4615465B
:1073900000240CB10020F8BD0C4B03EB8413DB89F7
:1073A0001F4204D0A301094AD35C9E4201D001349C
:1073B000EFE702EB841007222946013011F037FF76
:1073C0000028F4D1014800EB8410E4E7BC2B002036
:1073D000F8B50B78012B50D106460D468B7903F09A
:1073E000C003402B05D100242CB10024FCB10020A7
:1073F00044E0002042E0224B03EB8413DB8913F0CE
:10740000020F04D0A3011E4AD35CB34201D0013461
:10741000EAE7A1013831114406220231681C11F05B
:1074200006FF0028F3D1164800EB841026E0144B29
:1074300003EB8413DB8913F0020F04D0A301104A7D
:10744000D35CB34201D00134D0E7A001283010440E
:107450006F1C3946023008F011F90028F3D0A00162
:1074600000F13803064A1344D5F80110C3F802109E
:10747000B5F80510D980104400E00020F8BD00BF29
:10748000BC2B002070B506460D4600240CB1002030
:1074900070BDA301094AD35CB34201D00134F5E7C2
:1074A00002EB841007222946013011F0C0FE0028AB
:1074B000F4D1024800EB8410EAE700BFBC2B0020A7
:1074C000F0B59BB084460E4615461C460DF1300EB5
:1074D0003F4F0FCFAEE80F000FCFAEE80F000FCF3A
:1074E000AEE80F0097E803004EF8040B8EF800108A
:1074F0000CF11F00EC46202304E010F801290CF8E1
:10750000012B013B002BF8D108AB20226946314802
:1075100000F0B4F80746002841D106F10F010DF143
:107520003503102204E011F8010903F8010B013AB8
:10753000002AF8D105F10F020DF14503102104E0F6
:1075400012F8010903F8010B01390029F8D123468B
:1075500013F8062B8DF855200DF15602062104E094
:1075600013F8010902F8010B01390029F8D1209B19
:1075700013F8062B8DF85C200DF15D02062104E066
:1075800013F8010902F8010B01390029F8D1219BF8
:1075900035220CA908A800F071F8074610B138464A
:1075A0001BB0F0BD102121980CF0F9FF01238DF8DC
:1075B0003030229B35220CA908A800F05FF807465E
:1075C0000028ECD1102122980CF0E9FFE7E700BF7A
:1075D000F097020088AA020030B599B01C9C1F30B9
:1075E0000DF1100C202504E010F801E90CF801EB76
:1075F000013D002DF8D11F310CA8202504E011F821
:1076000001C900F801CB013D002DF8D10F3314A9B9
:10761000102004E013F8015901F8015B013800283B
:10762000F8D10F326B46102104E012F8010903F87B
:10763000010B01390029F8D16B46502204A9684694
:1076400000F01CF8A0B9039A2260130A03F47F43E8
:1076500043EA1263110201F47F010B4343EA026320
:10766000044AA2FB0312920C034901FB123222606E
:1076700019B030BD83DE1B4340420F002DE9F041BD
:107680008EB005460E461746984600240694079489
:10769000089409940A940B940C944FF41053ADF889
:1076A00018308023ADF81A304FF44063049304A8D7
:1076B0000DF043F8049B0893134B09930DAB102274
:1076C000294606A810F04FFEA0B905AB029310237F
:1076D0000193CDF800803B4632460B490D9810F0DF
:1076E0007DFF04460D9804F083FA34B940B90EB01A
:1076F000BDE8F0816FF00400F9E76FF00400F6E7F1
:107700006FF00400F3E700BF0002C0034FF0000C6D
:10771000944515D210B511F80C3058400309094CA6
:10772000E35C83EA00135FFA83FEC3F30313E05CB8
:1077300080EA0E10C0B20CF1010C9445EBD310BDE1
:10774000704700BF98AA020000487047502C0020E4
:10775000034BC01A8010034B03FB00F0704700BFBF
:10776000102C0020B76DDBB638B505460C46FFF788
:10777000EFFF0146402203480DF079F80146284604
:10778000A04738BD1C94020030B583B005460C46B6
:10779000FFF7DEFF0146402300932346054A0648D3
:1077A0000DF07FF8011E01DB03B030BD2846A04775
:1077B000FAE700BFEB4802001C94020008B510B1C4
:1077C00001280DD008BD002108480CF0DEFF8368B9
:1077D00013F0070FF6D1002104480DF036F8F1E759
:1077E000012102480DF031F8ECE700BF1C940200C3
:1077F00010B582B0EFF31184402383F31288BFF3F6
:107800006F8F134A136843F00201116013F0010FE8
:1078100009D1002384F31188BFF36F8F9BB90DF05A
:107820006CF802B010BD0DF107000CF095FF9DF84B
:107830000730012B01D00023ECE7FFF785FF0CF0A8
:10784000F2FF0123E6E7002102480CF0FEFFE8E723
:10785000602C00201C94020010B5EFF3118440232B
:1078600083F31288BFF36F8F074A136823F0020176
:10787000116013F0010F04D084F31188BFF36F8FF0
:1078800010BD0DF03FF8F7E7602C002070B50546FD
:10789000012807D14FF08043D3F81C3403F00303D1
:1078A000012B4ED00FF021FF044618B9284B1B784E
:1078B000002B3BD1EFF31186402383F31288BFF3F3
:1078C0006F8F012424B94FF080430222C3F80823AC
:1078D0004FF08043D3F81824D3F8183403F003038F
:1078E00012F4803F03D0012B26D0012D24D0FCB10F
:1078F000304607F0B1FB4FF08043D3F81835002B2A
:10790000E6D14FF08043D3F80431002BE0D04FF0A4
:1079100080430022C3F80421D3F804210122C3F8D4
:1079200018250C49C1F880219A60D1E70026C9E7E3
:1079300001200CF0ECFFDEE724B186F31188BFF3E1
:107940006F8F70BD4FF080430222C3F80423F8E725
:10795000BD37002000E100E000B587B0CDF800D0D1
:10796000CDF804D0002302930123039304AB0493C6
:1079700005936B46064A0CF0B0FF002805DB4FF478
:1079800080420023684602F079F907B05DF804FBF5
:107990003B490200F8B5064600220121104607F0D7
:1079A00033FB114801F0C2FBD8B907460EF042FB89
:1079B000002403E00123AB601C44E4B2012C0ED888
:1079C000214630460CF0E1FE0546214630460CF0DB
:1079D000E7FE064906F085FA031EEBDA1F46384635
:1079E000F8BD6FF00407FAE7BD770100A8AA02000E
:1079F00008B5064B1B7803B108BD4FF4A5700FF016
:107A000071FA024B01221A70F6E700BFB737002067
:107A100010B50446104B0121BFF35B8F53E8002FD4
:107A200043E800100028F9D1BFF35B8F1AB1631E41
:107A3000012B0DD910BD09480CF0B2FE08490023F6
:107A40004B608B60CB6001238B6006F067FAEEE73A
:107A50002046FFF71BFFEDE70C2C00201C940200D2
:107A6000FC2B002010B504460A2806D0E1B20648D7
:107A700083685B689847204610BD034883685B684D
:107A80000D219847F2E700BF7C94020010B5044C2A
:107A90002046F9F735FB2046F8F768F910BD00BF1E
:107AA000657A010008B505480FF03BFA18B1FFF7F9
:107AB000EDFF002008BD6FF01200FBE77C94020090
:107AC000EFF31182402383F31288BFF36F8F0A4BC9
:107AD000D3F800316BB1084BD3F80805C0B20021D0
:107AE000C3F80011D3F8003182F31188BFF36F8F10
:107AF00070476FF00A00F7E700D00040F0B5864607
:107B00008578C478EFF3118C402383F31288BFF398
:107B10006F8F067833464778AD1B2540AA4200D9BF
:107B2000AAB2B01820408EF800008CF31188BFF381
:107B30006F8F084607E00EEB0302527900F8012B25
:107B400001332340624602F1FF3C1FFA8CFC002AFD
:107B5000F1D1BE420ED1EFF31183402282F312889D
:107B6000BFF36F8F9EF800208EF8012083F31188F9
:107B7000BFF36F8F401A80B22D1A9EF80430AB42CB
:107B800002D3024B01221A60F0BD00BF00D00040BA
:107B9000F8B50D46144613F0010F03D12548FFF741
:107BA000ADFFF8BD0AB92046FBE7EFF3118640238D
:107BB00083F31288BFF36F8F0D20F9F705F907469D
:107BC0000D2007F01CFA86F31188BFF36F8F1A4B54
:107BD0000022C3F80021D3F8002101221A60174BBC
:107BE0004FF40052C3F8802126460AE0EFF31180DB
:107BF000402383F31288BFF36F8F07F02DFA00E064
:107C00008EB10D4BD3F80031002BEFD0FFF758FFAA
:107C10000A4B4FF40052C3F880210028F0DB013EEC
:107C2000B6B2A855ECE7002FBDD00D2007F0E2F961
:107C3000B9E700BF942C002000D0004000E100E034
:107C400010B5FFF73DFF002806DBC4B221460A4805
:107C50000CF085FE002800DB10BD214607480CF023
:107C60007EFE002803DB064801F0C0FFF4E7054B69
:107C700001225A60F7E700BF942C0020A92C0020B5
:107C80007C2C002000D00040F8B50F46144607E0D9
:107C90004FF0FF324FF0FF3306F1180001F0EEFF16
:107CA000BCB10D4E4FF0FF324FF0FF33304601F0C4
:107CB000E5FF2246394606F14500FFF71FFF05465E
:107CC000304601F093FF002DE2D0641BA4B22F4494
:107CD000E6E70020F8BD00BF642C002010B5184C6A
:107CE0000122114620460FF0DCFA0122002104F1A6
:107CF00018000FF0D6FA0422082104F145000CF018
:107D000041FE0C22102104F130000CF03BFE0D4B23
:107D1000D3F8042522F00102C3F804250024C3F897
:107D20000041D3F800210121C3F804131960224651
:107D30000D2007F069F90D2007F05CF9204610BD11
:107D4000642C002000D00040034BD3F8003413F023
:107D5000010FF9D0704700BF00E00140024B0B60FB
:107D600001231360704700BFB82C00200048704703
:107D700000AB020000B587B002AB00220292039272
:107D8000049205920390049101228DF81420064A72
:107D900000920193054801F03BFA684601F03EFA73
:107DA00007B05DF804FB00BFAF4A0200645E01004B
:107DB00000B587B002910390049201238DF814302E
:107DC000064B009302AB019341F64C5001F020FAB0
:107DD000684601F023FA07B05DF804FB174B020078
:107DE00070B50E4615460FF075F804462946304624
:107DF0000CF049FE38B3B6FBF4F304FB13632BBB62
:107E0000B5FBF4F304FB13531BBBA54202D20024C1
:107E1000204670BD4FF0FF324FF0FF330E4801F0A7
:107E20002DFF0EF014F940B129463046FFF7A2FFAE
:107E30000446094801F0DAFEEAE7294630460CF02C
:107E40005BFE0446F5E76FF01504E1E76FF01504FB
:107E5000DEE76FF01504DBE7C02C0020F8B50C4618
:107E600016461D46194620460CF00DFE18B314F0B8
:107E7000030723D115F0030F23D10DB93846F8BD00
:107E80004FF0FF324FF0FF330F4801F0F7FE0EF0D6
:107E9000DEF848B12A4631462046FFF789FF0746FB
:107EA000094801F0A3FEE9E72A46314620460CF0D6
:107EB00057FE0746F4E76FF01507DFE76FF0150789
:107EC000DCE76FF01507D9E7C02C002010B50122C0
:107ED000114607480FF0E5F901F090F90EF0FEFFAA
:107EE000044C20600EF0F6FF6060002010BD00BF63
:107EF000C02C0020B82C002008B902487047002090
:107F0000704700BF3C94020038B5044645682846D7
:107F10000CF00DFF20B90E4920460CF0B7FE38BD1D
:107F2000A8680EF086FF0028F5D10021A8680EF0A1
:107F30007CFF50B900220749A8680EF06EFF0022AE
:107F40000521062007F060F8E5E76FF00400E6E79A
:107F5000FF4D0200E14D020030B500F01F0C40095A
:107F600017D14FF0A04E0CF5E0705EF820500A4C8F
:107F70002C4041EA420141EA83039DF80C2043EA88
:107F800002239DF8102043EA024323434EF8203099
:107F900030BD4FF0000EE6E7F0F8FCFF2DE9F04FA2
:107FA00085B080468B460392002423E04FF0FF36D5
:107FB00038E0039BC3F80C65012702973946B6F1F8
:107FC000FF3F15D0B1F1FF3F40F0E48058F80A3090
:107FD00013F4004F40F0E280029D00220192CDF8A0
:107FE0000090C3F341233A4629463046FFF7B4FFD9
:107FF0000134E4B25C4580F0D3804FEA840A58F83B
:108000002430C3F3C725C3F3C322C3F3080615F016
:10801000080540F0C780674911F8029040F2FF124E
:108020009642C3D01B0E192B00F2BF8001A252F85A
:1080300023F000BFB37F01009D800100AD800100EF
:10804000BB800100CB800100DB800100E9800100E2
:10805000AB810100AB810100AB810100AB8101006C
:10806000F98001000F810100AB810100AB810100AB
:10807000AB810100AB810100AB810100AB8101004C
:10808000AB810100AB810100AB81010025810100C2
:10809000398101004D81010061810100039BC3F81A
:1080A00014652F4602954FF0FF3188E7039BC3F814
:1080B000086501270297394681E7039BC3F81065DD
:1080C0002F4602954FF0FF3179E7039BC3F808650F
:1080D0002F4601230293002171E7039BC3F80C652F
:1080E0000127029700216AE7039BC3F810652F461A
:1080F00002954FF0FF3162E7039BC3F80865B9F1C1
:10810000000F37D02F4602954FF0FF3157E7039B02
:10811000C3F80C65B9F1000F34D02F4602954FF02B
:10812000FF314CE7039BC3F8606558F80A10C1F3B0
:1081300000410127029742E7039BC3F8646558F8A2
:108140000A10C1F300410127029738E7039BC3F8E7
:10815000686558F80A10C1F30041012702972EE71D
:10816000039BC3F86C6558F80A10C1F3004101275E
:10817000029724E74F46CDF808904FF0FF314FF0BB
:1081800006091CE74F46CDF808904FF0FF314FF03D
:10819000060914E730460CF0A0FF17E701271CE79B
:1081A000002004E06FF0150001E06FF0850005B0DD
:1081B000BDE8F08F2CAB0200F8B505460E464768C7
:1081C0000FF093FA20B9154B1B7843B1002300E060
:1081D000012353B928460DF02CF8044611E0012381
:1081E000F7E784F31188BFF36F8FEFF31184402317
:1081F00083F31288BFF36F8F28460CF0CBFF002863
:10820000EFD0BB691E700122B96928460CF0D6FF79
:1082100084F31188BFF36F8FF8BD00BFBD37002016
:1082200038B5044645680121E8680DF027F8636811
:108230001A682B69C2F824356B7D297D0B43C2F87F
:108240006C3520460DF06EF800B138BD024920466D
:108250000CF05EFFF9E700BFE5520200C1F30E012A
:1082600000F5A870014B43F8201070470010014042
:108270004FF480338340024AC2F84433704700BF52
:10828000001001404FF480338340024AC2F8483363
:10829000704700BF00100140014BD3F80405704740
:1082A00000100140034B044AC3F80823C3F84823D5
:1082B000704700BF0010014001000F0010B50123FE
:1082C00083406FEA030C0E4ABFF35B8F52E8001F36
:1082D00001EA0C0E42E800E4002CF7D1BFF35B8FFB
:1082E0004FF4803282400748C0F80823BFF35F8F05
:1082F000BFF36F8F0B4214BF0120002010BD00BFE1
:10830000F82C0020001001404FF480338340144AC1
:10831000D2F80423134201D10020704710B504465F
:1083200001238340DB430F49BFF35B8F51E8002FEC
:1083300002EA030041E8000CBCF1000FF6D1BFF3E4
:108340005B8F22FA04F313F0010F03D120460DF0E6
:1083500082F818B120460DF08BF8012010BD00BF47
:1083600000100140F02C002001B970470123834028
:10837000114ABFF35B8F52E800CF4CEA030C42E88E
:1083800000C10029F7D1BFF35B8F4FF480338340E6
:108390000A4AC2F80433BFF35B8F094B1B68BFF373
:1083A0005B8FC34013F0010FDFD0064B4FF4003258
:1083B000C3F80021D9E700BFF82C002000100140CD
:1083C000F02C002000E100E038B5144610461946B4
:1083D0000DF05AF802460D490B68E01A1B184C685C
:1083E00044F100040B604C60A2F58053B3F5C04F1C
:1083F00009D2074B1B68590CDB03D41841F1000567
:10840000044BC3E9004502F017FD38BD781D00207C
:10841000FC2C0020801D002038B5134B1C68650C17
:10842000E403BFF35F8FFFF737FF47F6FF73984210
:1084300013D0041945F10005B0F5006F0AD20B4BBB
:10844000D3E90023944275EB030303D214F50044EF
:1084500045F100052046294638BD044BD3E90023E9
:10846000A242AB41EBD3E4E7FC2C0020801D0020AE
:108470002DE9F041064614461D469DF82080104621
:1084800019460DF001F80746FFF7C6FFA04271EB51
:1084900005031AD2201A65EB010144F20103984248
:1084A00071F100012FD21B4B03EB0613D3E902231A
:1084B000AB4208BFA24201D1002018E04246394633
:1084C00030460CF0EBFF90B11BE0B8F1000F1DD16E
:1084D0000123B340104ABFF35B8F52E8000F1843EB
:1084E00042E800010029F8D1BFF35B8F0020094B5F
:1084F000320103EB0616C6E9024506999950079B1F
:108500007360BDE8F0816FF01500FAE76FF01500B9
:10851000F7E700BF581D0020F02C002010B586B0F2
:10852000FFF7C0FE0023294AC2F808350FE0284AA9
:1085300002EB03124FF0FF304FF0FF31C2E90201AE
:108540004FF480329A402149C1F804230133012BB2
:10855000EDDD204B4FF40032C3F8802100220121D1
:10856000112006F051FD112006F044FD174C0120AA
:10857000A0602060184B03221A600023029301932D
:10858000164B009343F6FF7200230CF0CFFF02203E
:10859000FFF73EFA124A136823F0010313604FF409
:1085A0008033C4F8443347F6FF73C4F840350DF107
:1085B00017020C490C4800F0DFFF002804DB9DF88F
:1085C000170000F0EFFF002006B010BD00100140C2
:1085D000581D002000E100E0F82C0020C9830100B4
:1085E000F42C002008100140401101402DE9F04713
:1085F00082B00446FFF788FE10B902B0BDE8F087EC
:10860000FFF70AFF82460D460CF041FF0646154B68
:1086100003EB0413D3E90289C24575EB09050BD2BC
:10862000002530460CF037FF002DE6D0009742467B
:108630004B462046A847E0E70A4A230102EB041113
:10864000D5584F680020D0504FF0FF324FF0FF3325
:10865000C1E902232046FFF715FE20460CF008FF73
:10866000DFE700BF581D002010B50D4BD3F80433D1
:1086700013F4803F03D10124012C0CDD10BD4FF415
:10868000803107480CF0ADFE0028F4D0054A13688D
:1086900001331360EFE72046FFF7A8FF0134EBE753
:1086A00000100140FC2C002010B584B0B0F1FF3F59
:1086B0001AD001281EDD43F6FF739842A8BF184662
:1086C0000446154B01221A70FFF7A6FE134B1A68D9
:1086D0005B68801AB0F5804F0ED22044B0F5804F11
:1086E0000CD343F6FF7009E00B4B00221A7043F6DF
:1086F000FF74E9E70124E4E743F6FF700021121854
:10870000029101910649009143F1000301200CF010
:108710000DFF04B010BD00BFBA370020781D002047
:10872000C983010008B5FFF777FE024B1B68C01A2A
:1087300008BD00BF781D002038B5836805699C69B5
:108740007CB112F4000F06D02D6801238B401D422E
:1087500001D082F0C062044B134002F0B072A04717
:1087600038BD6FF05700FBE74000000638B50546FE
:10877000002423460CE04FF0986101E04FF4001113
:108780000E4800EBC4000CF0EDFE034698B901342E
:10879000032C10D87BB9002DF0D0084B53F834309F
:1087A000074A934204D0002BE5D04FF0E861E7E799
:1087B0004FF09861E4E7184638BD00BFC0AB020037
:1087C0003C94020038B50024254600E00134032C17
:1087D00010D8094B03EBC402117953F834000CF0A4
:1087E0000DFF002805DB0028F0D00123A3401D4326
:1087F000ECE70025284638BDC0AB020010B5EFF30A
:108800001184402383F31288BFF36F8F0D4B1B78C5
:108810005BB90D4B98420DD060B10A4B01221A7022
:1088200021220023094801F03BFC84F31188BFF3A7
:108830006F8F10BD0020FFF799FF054B00221A70C3
:10884000EBE700BFBC3700203C940200881D0020ED
:10885000BB37002070B505460E460F4B1B6803B1B1
:1088600098474FF0FF324FF0FF330C4801F0AEF85D
:108870000B4B1C6814B1043C00E0043C3CB1236881
:108880003146284698476468002CF6D1F6E703483D
:1088900001F01CF970BD00BF342D0020082D002010
:1088A0001C2D002010B5254B1B7833B10020FFF79D
:1088B0005DFF88BB214B00221A70FFF783FF04463F
:1088C0001F4BBFF35B8F53E8002F43E800410029A3
:1088D000F9D1BFF35B8F1B4B1B7843B91A4B196857
:1088E000A14207D061402046FFF7B4FF02E0154BDC
:1088F00000221A70144B1C607CB9EFF311844023E2
:1089000083F31288BFF36F8F104B1B78012B0BD0B2
:1089100084F31188BFF36F8F10BD4FF4A47200234E
:108920000B4801F0BDFBF7E7084B00221A7001204D
:10893000FFF71CFF014B01221A70E9E7BB3700204B
:10894000302D002011070020042D0020BC3700200E
:10895000881D0020BFF35B8F064B1B68BFF35B8F46
:1089600000B1036019B1044A12685A400A60024A11
:1089700013607047302D0020002D002038B5344B97
:10898000186034480EF0AAFB00240BE0202141F4CB
:108990008031314800EBC4000CF019FE034600287A
:1089A00053D10134032C08D82B4B03EBC403DB88D1
:1089B00013F0010FEAD01021E9E70024254607E073
:1089C000254B03EBC4031A79012393401D43013463
:1089D000032C0AD84FF400111F4800EBC4000CF020
:1089E000C1FD03460028EBD02FE01C4B1C4A5A6007
:1089F0009D600024032C09D81849174B53F8340004
:108A00000CF029FE034600BB0134F3E7154C164970
:108A100020460EF0CAFD154B01221A7000220023D9
:108A2000204601F035FB00210846FFF793FFFFF7D2
:108A3000C9FE0F4BBFF35B8F53E8002F43E80001E3
:108A40000029F9D1BFF35B8F0023184638BD00BF62
:108A5000342D0020082D0020C0AB0200242D002062
:108A6000FD870100881D0020A5880100BC3700207B
:108A7000302D00200F2823D870B505460E460F294B
:108A800022D800240BE00122114B03EBC401097929
:108A900053F834000CF0D2FD034678B90134032CAE
:108AA0000BD825FA04F313F0010FECD126FA04F3E6
:108AB00013F0010FF2D00022E6E70023184670BD44
:108AC0006FF01503184670476FF01503F6E700BF07
:108AD000A0AB020010B50024032C0AD84FF40031DB
:108AE000074800EBC4000CF072FD034630B90134B6
:108AF000F2E70F210020FFF7BDFF0346184610BD27
:108B0000A0AB020003280AD808B50A46054B03EBC0
:108B1000C001097953F830000CF090FD08BD6FF0EA
:108B200015007047A0AB020008B502460B4602488C
:108B300000F04CFF08BD00BFB007002008B5024898
:108B400000F0C4FF08BD00BFB007002010B5034609
:108B50000A46034881680C681946A04710BD00BF4B
:108B60005C94020010B584B0002401940294CDF806
:108B70000B4000910A22014601A810F07AFB009AEE
:108B800001A9074805F04AF8064805F047F884F3BC
:108B90001188BFF36F8F0323184602DF04B010BDA6
:108BA000E0AB0200109C020008B5124B93F84A306B
:108BB0002BB91149A1F14A000CF07AFDC8B90D4951
:108BC00091F84A200D480CF0EEFD10F1690F10D01D
:108BD00038B1002383F31188BFF36F8F0423184645
:108BE00002DF044B002283F84A20054905480EF0B5
:108BF000B0FC08BD3C2D0020862D00209C94020076
:108C0000882D0020E824002008B50D4B93F84A3049
:108C1000042B04D0022B0AD0082B0CD008BD10F076
:108C2000020FF7D0074908480EF093FCF6E710F062
:108C3000080FF7D1F0E710F0200FEFD0F2E700BFF8
:108C40003C2D0020882D0020E824002008B5054890
:108C5000E8F7E4F900B108BD0CF0BBFD0CF0C7FD6E
:108C6000F9E700BF658B010038B504464FF0FF30CF
:108C70004FF0FF31FFF758FF054608B1284638BDD1
:108C8000E068F3F76AFB0546FFF758FF002DF5D0C3
:108C9000024903480EF05DFCF0E700BF882D00207C
:108CA000E824002038B505464FF0FF304FF0FF3183
:108CB000FFF73AFF044608B1204638BDE86800F0E7
:108CC00051F90446FFF73AFF002CF5D10249034859
:108CD0000EF03FFCF0E700BF882D0020E8240020C4
:108CE00070B588B006460D46254926480EF0E3FBD0
:108CF00003A8E8F753FA24480EF013F9002839D0F6
:108D0000224B029302A8E8F773FAB0BB4FF0FF3092
:108D10004FF0FF31FFF708FF044610B1204608B0BE
:108D200070BD1B491B48E8F7FBF90446A8B941F69A
:108D30004C53019301A8F3F7B8FB88B901238DF8D0
:108D400000306846F3F7A9FB78B9FFF7F7FE3369FF
:108D50001D601148F8F77CFCE0E7FFF7EFFEDDE768
:108D6000FFF7ECFE6FF08504D8E7FFF7E7FE6FF042
:108D70008504D3E76FF01204D0E76FF01504CDE758
:108D8000CB570200882D00205C9402004D8B01001F
:108D9000B81D0020A98B0100098C010042F2640378
:108DA000984258D03BD842F2190398422AD842F24E
:108DB0000D03984218D240F2064398424DD040F23B
:108DC0001D43984201D00120704700207047A0F554
:108DD0000150283880B2264BC34013F0010F01D157
:108DE0000120704700207047A0F500500D3880B278
:108DF00041F24123C34013F0010F01D1012070471C
:108E00000020704742F23203984228D029D3A0F5BF
:108E10000150033880B2012825D90120704742F261
:108E2000850398420BD842F268039842CFD242F2AF
:108E30006603984201D001207047002070474FF62A
:108E40000253984211D04FF60A53984201D00120A4
:108E500070470020704700207047002070470020B6
:108E6000704701207047002070470020704700BF06
:108E70002F804020F0B583B007460E464378057832
:108E800045EA032504238DF80630354B1C683CB1B8
:108E90000DF107030DF10602A0470446012821D178
:108EA000AB0AB5F5105F0BD21AB2002A4BD0013BCA
:108EB000072B4AD8DFE803F02249272F3749493FDB
:108EC0003F2B07D10DF10602314638460CF09BFED0
:108ED000044600E001242846FFF760FF80F001000F
:108EE0008DF807009DF807300BB9012C2FD12246D1
:108EF000294630460CF002FD03B0F0BD38460CF0B8
:108F00003FFD0446E7E70DF10602314638460CF016
:108F10004EFD0446DFE70DF10602314638460CF0FF
:108F2000E0FF0446D7E70DF10602314638460CF063
:108F3000FEFC0446CFE70DF10602314638460CF040
:108F400079FD0446C7E70124C5E70124C3E72346AA
:108F50009DF80620294630460CF0D9FCCCE700BF2E
:108F6000982D0020074B1B784BB910B5064C2146B5
:108F7000FFF780FF012304F8013C002010BD4FF0F3
:108F8000FF3070479C2D00209D2D002038B50C46E9
:108F9000084B1B7813B9F3F7EBF938BD054DAA78E8
:108FA0000232691C10F02DF9002028700423237070
:108FB000F3E700BF9C2D002038B505460C46094854
:108FC0000DF0AFFF80F0010313F0FF0F06D1A2B246
:108FD000044883681B682946984738BD6FF0120023
:108FE000FBE700BF5C94020008B54FF40071024833
:108FF00002F0A0F908BD00BFE42D002000B583B049
:109000000CF0BBFF8DF800003223ADF804300023D4
:109010008DF806308DF801308DF80230094A19219B
:109020006846F2F76BFC10B103B05DF804FB0BF07F
:1090300093FC80B2F2F77CF801210348F6F734FA8A
:10904000F2E700BF4D900100E42F002010B584B07E
:10905000002401940294CDF80B4000910A220146AD
:1090600001A810F006F9009A01A9074804F0D6FDFE
:10907000064804F0D3FD84F31188BFF36F8F0323F8
:10908000184602DF04B010BD20AC0200109C0200A4
:1090900030B583B00D4D002400946FF009034FF4F8
:1090A00080620B49284600F0ADFF0A49284601F0CE
:1090B0005FF8094909480EF0FEF9224604211920FB
:1090C00005F0A2FF204603B030BD00BFE824002019
:1090D0004048002038AC0200EF5F0200143000204E
:1090E00008B5024902480EF034FA08BD14300020D9
:1090F000E824002020B908B5024B1B68984708BD3A
:10910000704700BF2430002008B530B1012803D1DA
:1091100004490020F1F734FF08BD034B1B68012010
:109120009847F9E7F590010024300020014B1860C2
:109130000020704724300020024B01221A64D3F82B
:10914000400570470080004008B5064B002283F8B8
:109150002920054A1A6303F12401187EF6F7E5F980
:1091600008BD00BF28300020FF3F420F08B5BFF305
:109170005B8F1E4B1B68BFF35B8F9BBB062915D80B
:1091800005292BD281B91A4B1B6A1A685868904777
:109190000346012813D0174A904225D01448C363D0
:1091A000022300F8343F00E0002008BD072904D165
:1091B0000F4800F01BFD0020F7E70020F5E70C4802
:1091C000012380F8293042F210730363032380F8EF
:1091D000343000F1240383633430E6E7FFF7B4FF53
:1091E0000020E2E70020E0E70348DEE768300020E7
:1091F000283000201F6466025C30002008B5012280
:10920000002102480EF04DF808BD00BF28300020B4
:10921000014BD861704700BF2830002038B50546A3
:109220004FF0FF304FF0FF31FFF77EFC32493348FB
:10923000F2F772FA0446FFF781FC002C59DB304C40
:10924000002284F82420012384F8283084F829306F
:10925000E3696433E36242F21073236325626FF0C3
:109260007303E36304F14003BFF35B8F53E8001F14
:1092700043E800200028F9D1BFF35B8F4FF0FF30A7
:109280004FF0FF31FFF750FC04F12401207EF6F788
:109290004CF9FFF753FC1B4A0023204600F0EEFC7C
:1092A000002814DB4FF0FF304FF0FF31FFF73CFC9C
:1092B000134C207EF6F71BF9FFF740FCBFF35B8FE2
:1092C000236CBFF35B8F83B90D4BD86B38BD04F1B2
:1092D00040030122BFF35B8F53E8001F43E80020E7
:1092E0000028F9D1BFF35B8FDCE7204600F0EEFCED
:1092F000EAE76FF00B00E9E7403000206D910100D4
:1093000028300020447B0B0010B50446FFF714FF03
:10931000B0FBF4F42044034BDB69984234BF0020D7
:10932000012010BD28300020BFF34F8F0549CA68C7
:1093300002F4E062044B1343CB60BFF34F8F00BFD6
:10934000FDE700BF00ED00E00400FA05024BD3F892
:109350000034002BFAD0704700E0014008B5034B01
:10936000C3F80405FFF7F2FF08BD00BF00E00140AD
:1093700038B50CF07AFE40B14FF08053D3F8243367
:10938000C3F304236B4AC2F840350CF080FE10B1E1
:10939000694B6A4A5A670CF090FE48B14FF080530F
:1093A000D3F84432C3F342334FF08042C2F83C3525
:1093B0000CF095FE30B1624AD2F8FC3023F0807395
:1093C000C2F8FC300CF0A1FE40B14FF08043002207
:1093D000C3F80C21C3F81021C3F838250CF0A7FE00
:1093E00020B14FF080430322C3F8A0250CF0B5FE56
:1093F00060B1544B0522C3F810260122C3F8882619
:109400000022C3F818263F22C3F814260CF0BBFE36
:10941000002846D04FF08052D2F804144A4BC3F8CB
:109420002015D2F80814C3F82415D2F80C14C3F888
:109430002815D2F81014C3F82C15D2F81414C3F858
:109440003015D2F81814C3F83415D2F81C14C3F828
:109450004015D2F82014C3F84415D2F82414C3F8E8
:109460004815D2F82814C3F84C15D2F82C14C3F8B8
:109470005015D2F83014C3F85415D2F83414C3F888
:109480006015D2F83814C3F86415D2F83C14C3F848
:109490006815D2F84014C3F86C15D2F84424C3F808
:1094A00070250CF092FE48B14FF08053D3F858323B
:1094B00003F04F034FF08042C2F8E43E0CF097FEF9
:1094C00060B14FF08043D3F8003413F0010F05D0A2
:1094D0004FF080436FF00102C3F800240CF099FEB6
:1094E00030B11A4AD2F83C3743F48063C2F83C37B3
:1094F0000CF0B7FE4FF01023D3F80032002B06DB40
:109500004FF01023D3F80432002B00DB38BD0120CC
:10951000FFF724FF4FF010241525C4F80052FFF781
:1095200015FFC4F80452FFF711FF0020FFF716FFE4
:10953000FFF7FAFE0030014000C007400DF0ADBA61
:1095400000ED00E00050004000C00040001000406E
:10955000014B1860704700BF6C30002010B51446F6
:10956000044B18680CF093FE002801DB20700020EB
:1095700010BD00BF6C30002070B505460C46164685
:1095800000210846FFF7EAFF002808DB3278044B89
:10959000A23243F8325003EBC2035C60002070BD7E
:1095A00000F0014001238340014AC2F804357047AE
:1095B00000F0014000F01F0240090CD14FF0A04123
:1095C00002F5E07251F82200044B034043F002031D
:1095D00041F8223070470021F2E700BFF0F8FCFFAD
:1095E00000487047E40600200048704744AC020081
:1095F000024B0022C3F80425704700BF00E0014081
:10960000024B0122C3F80425704700BF00E001406F
:10961000024B0222C3F80425704700BF00E001405E
:10962000044BD3F8003413F0010FF9D00160BFF3FD
:109630005F8F704700E0014010B504460DF02EFC2E
:1096400070B1FFF7E5FF084BC3F80845064BD3F8A8
:10965000003413F0010FF9D0FFF7CAFF002010BD4E
:109660006FF00C00FBE700BF00E0014038B5EFF3FE
:109670001185402383F31288BFF36F8F054B9C68DD
:109680000DF067FC85F31188BFF36F8F2046F7F765
:1096900009FB38BD7030002010B586B0B823114CDE
:1096A00003FB004400EB400C00EB80000E4B03EB8F
:1096B00080030E4A0592012204920F220392002297
:1096C0000292019200930A4B4FF4A072094901EBF8
:1096D000CC11204600F05EFD637B23F0040363732E
:1096E00006B010BDC0250020703000204CAC020038
:1096F00097700200C054002038B505460B4B53F854
:10970000204002E02368984708346B1C074A52F84F
:109710002330A34209D960680028F3D0037F13F0F7
:10972000010FF1D10DF0E4FBEEE738BD5CAC0200B7
:1097300008B553EA020102D101F01AF908BD024945
:10974000183001F0DFFAF9E7F178020010B586B0C1
:10975000184C14E0636A0593236A0493E369039346
:10976000A36902936369019323690093E368A26884
:109770006168206800F00EFD23685C6530340E4B94
:109780009C42E7D301F00EF80A4C00E030340A4B5B
:109790009C420BD2A26AE36AB3F1FF3F08BFB2F169
:1097A000FF3FF3D02068FFF7C3FFEFE701F012F8A7
:1097B00006B010BD149602001496020008B50A4BBC
:1097C00001221A700320FFF797FFF6F76DFE0420C1
:1097D000FFF792FFFFF7BAFFF6F748FA034A137B49
:1097E00023F00103137308BDBD3700207826002045
:1097F00008B50146014A0248F7F75CFBBD97010036
:109800007826002010B50446FFF746FFB8230B4921
:1098100003FB04110A4A04EB840302EB8303D960BF
:109820001C7404EB4411074B03EB811303F5046331
:1098300004EB840402EB8402536010BDC0250020B9
:1098400070300020804C002070B586B000F0FAFF28
:10985000104D114B5D61114B0593012304930024BE
:1098600003940294019400940D4B4FF400620D494F
:10987000284600F08FFC06466B7B23F004036B73D5
:1098800028460DF0CDFF2046FFF7BCFF304606B05E
:1098900070BD00BF782600207030002054AC02005C
:1098A000BD9701004056002008B50020FFF724FFB7
:1098B000184B83F30888184C636943F400736361A1
:1098C000E02384F822302023E37700232376637695
:1098D000A37684F82030626A42F4E022626284F85F
:1098E0002330F7F75BF9F7F705FB4FF0FF33A3627F
:1098F000E362F7F7B5FBF7F72DFB084800F0ACFC87
:109900000120FFF7F9FE0220FFF7F6FEFFF79CFFAC
:10991000FFF76EFFC054002000ED00E00828002093
:1099200010B5064C05E0A268616820460DF014FBF6
:109930001434034B9C42F6D3002010BD7407002062
:109940007407002010B5064C002000E01C34054BC5
:109950009C4204D220460DF023FB0028F6DA10BD0D
:10996000200700207407002030B583B00D46EFF3C8
:109970001181402484F31288BFF36F8FC46864B1EF
:109980002C602368C360836901338361002081F305
:109990001188BFF36F8F03B030BD00F1080C53EA9C
:1099A000020404D100232B606FF00B00EFE700925C
:1099B00001930246604600F007FE0028EBD1024BFF
:1099C0009B681B692B60E6E7703000202DE9F041B1
:1099D00082B00446EFF31187402181F31288BFF370
:1099E0006F8FC16899B9002950D1364B9B6893F9A4
:1099F0000E3023610131E160324B9B68A36087F335
:109A00001188BFF36F8F002002B0BDE8F0811646C9
:109A10001D4682682B4B9B689A42E4D055EA0601AA
:109A200036D092F90E80414693F90E000DF040FBBE
:109A3000804534DC4FF000080096019522463946F7
:109A4000214800F0C1FD0028DED0EFF3118540234E
:109A500083F31288BFF36F8FA36843B323689C42DC
:109A600023D013B3216993F90E000DF021FB0146B9
:109A700020460DF028FBE8B9B8F1000F1AD185F3A4
:109A80001188BFF36F8F6FF00A00BDE72369B0E75D
:109A900087F31188BFF36F8F6FF00F00B4E70146B3
:109AA00020460DF010FB8046C6E72169E0E7B8F1DB
:109AB000000FE4D02946044800F048FE6FF00A0089
:109AC000A2E700BF7030002094300020F8B5836812
:109AD000002B47D00446264A9268934245D1C3687A
:109AE000012B04D9013BC36000252846F8BDEFF3E4
:109AF0001186402383F31288BFF36F8F01690DF045
:109B0000E2FA2768BC420CD03D1E18BF012557B9A8
:109B1000A760CDB90023E36086F31188BFF36F8F90
:109B2000E3E70027F0E77A683B6813605A60002398
:109B30003B607B607A7B22F002027A73BB6007F1A4
:109B400018000DF0B0FFE3E797F90E302361002510
:109B5000C7F8B05038460DF063FE3146054800F0B6
:109B6000F5FDC2E76FF01505BFE74FF0FF35BCE725
:109B7000703000209430002010B582B00146844639
:109B8000EFF31184402080F31288BFF36F8F5CF8ED
:109B9000080B88B1036823F003030B604A68904206
:109BA00008D001210DF045FB84F31188BFF36F8FBE
:109BB00002B010BD4B60F4E753EA02010BD00092F3
:109BC000019362462146604600F0FEFC48B9064B10
:109BD0009B681869ECE784F31188BFF36F8F00204E
:109BE000E6E70020E4E700BF70300020F8B5044647
:109BF000EFF31186402383F31288BFF36F8F05685C
:109C0000A84216D02F1E18BF0127A5B927BBA368ED
:109C1000E268934228D001221344A360022104F198
:109C200010000EF02CF808BB86F31188BFF36F8F7D
:109C3000F8BD0025E6E76A682B6813605A600023C8
:109C40002B606B606A7B22F002026A73AB6005F1E5
:109C500018000DF028FFD9E70023C5F8B0302846DA
:109C60000DF0DEFD0120DEE70022D5E73146024897
:109C700000F06CFDDCE700BF9430002010B582B02E
:109C8000EFF31181402484F31288BFF36F8F84684F
:109C900044B1013C846081F31188BFF36F8F0020D1
:109CA00002B010BD53EA020406D0009201930246AE
:109CB000054800F089FCF3E781F31188BFF36F8F4B
:109CC0006FF00F00ECE700BF943000202DE9F04169
:109CD0000546EFF31187402383F31288BFF36F8F9C
:109CE000B846002619E000241AE062682368136071
:109CF0005A60002323606360627B22F00202627379
:109D0000A36004F118000DF0CEFE6FF00A03C4F852
:109D1000B03020460DF084FD01262C68A542E2D02B
:109D2000002CE2D1002CF0D10023AB60022105F120
:109D300010000DF0A4FF28B926B988F31188BFF3ED
:109D40006F8F03E03946024800F000FDBDE8F08166
:109D50009430002000B583B0064B00934FF0FF33E2
:109D60004FF400620449054800F04CF9002003B0AC
:109D70005DF804FB80AC0200805E002030270020EC
:109D800080B338B50D4604461C4B9A68D0F8B830FD
:109D90009A421BD000231A46D4F8D430C3F3800172
:109DA000C3F3C00013F0010F1FD001B102B300B123
:109DB00009B300232B60D4F8C03073B11D60C4F820
:109DC000C05020460DF0DFFA012038BD0DF08DFCAB
:109DD00008B90123DFE70023DDE7C4F8C050C4F869
:109DE000BC50EEE76FF0150070476FF01200ECE723
:109DF0006FF00F00E9E76FF00F00E6E7703000202A
:109E000038B504460D460830012200210DF049FA0C
:109E1000656000232360054B5B681BB11C60034B2E
:109E20005C6038BD014B5C601C60FAE79430002038
:109E300010B5C36823F00203C360134B1C687CB1E8
:109E4000236803B10CB100210FE02346FBE7224653
:109E50000D480DF052FA04F10800FFF7C7FE10BDDF
:109E60002346F0E71A461C461346002CF7D06268DA
:109E70008242ECD02146002BF4D01A68002AF2D09E
:109E8000002BF0D11A46EEE79430002070B584B074
:109E90000546EFF31186402383F31288BFF36F8FDB
:109EA000D5F8BC40002C3FD02368C5F8BC30D5F8AD
:109EB000C02094424DD0D5F8D43043F00203C5F809
:109EC000D430E36843F00102E26023F0040343F07E
:109ED0000103E360636886F31188BFF36F8F204648
:109EE0009847EFF31186402383F31288BFF36F8FF7
:109EF000E36823F00103E36013F0100F44D1E3683B
:109F000013F0020F44D1D5F8D43023F00203C5F882
:109F1000D430C3F3002386F31188BFF36F8F002B77
:109F2000B7D100F097FCB4E7D5F8D43023F00402A1
:109F3000C5F8D42013F0040F0ED112F0100F14D076
:109F40000023C5F8D43086F31188BFF36F8F04B0B7
:109F500070BDC5F8C030AEE705F1CC040022012188
:109F600020460DF038FD0028F8D1002302934FF071
:109F7000FF324FF0FF33CDE9002305F1C402314633
:109F8000054800F0D5FD84E720460DF072FAB6E7EB
:109F90002046FFF74DFFB6E79C30002008B5844609
:109FA000084653EA02010CD0C16841F00801C160C3
:109FB000DCF8001081620549103000F0A3FE01209A
:109FC00008BD61460DF0E9F9FAE700BFFB73020036
:109FD00010B504461030012200210DF062F9044949
:109FE00020460DF068FAE36843F01003E36010BD0B
:109FF0004173020008B5014601480DF0AAFA08BDF8
:10A0000030270020F0B589B004460E9D0020C4F82A
:10A01000BC00C4F8C00004F1C400C4F8C400C4F813
:10A02000C80004F1CC00C4F8CC00C4F8D0003DB3A3
:10A03000287938BB0120C4F8D4004FF0FF364FF028
:10A04000FF37CDE90667002004900393029001904A
:10A0500000940E4B20460DF059FB55B1296811B103
:10A06000204600F085F86B791BB1237B43F0010398
:10A070002373204600F07CFCC4F8B84009B0F0BD62
:10A080000120D8E740F20110D5E700BF8D9E010006
:10A0900008B5014601480DF094FA08BD30270020AC
:10A0A00008B5014601480DF0A5FA08BD302700208B
:10A0B0002DE9F0410546EFF31187402383F3128821
:10A0C000BFF36F8FB8460468A04202D01CB90026C7
:10A0D00013E00024FAE76268236813605A600023E3
:10A0E00023606360627B22F002026273A36004F16A
:10A0F00018000DF0D8FCEAE764B9E4B1013600239A
:10A10000C4F8B03020460DF08BFB2C68A542F3D18B
:10A110000024F1E76268236813605A60002323601B
:10A120006360627B22F002026273A36004F1180094
:10A130000DF0B9FCE1E736B988F31188BFF36F8FF2
:10A140003046BDE8F0813946014800F0FFFAF7E7F4
:10A150009C30002008B553EA020102D100F008FC4F
:10A1600008BD0249183000F0CDFDF9E7F178020092
:10A1700010B5044640B11F2204F178000FF079F8C1
:10A18000002084F8970010BD014B9C68F3E700BFE6
:10A19000703000202DE9F04F85B004460F4615467B
:10A1A0001E46DDF838A0DDF83C90DDF84080DDF893
:10A1B0004CB000F158038365C365129B04221199CA
:10A1C0000DF099FA2A46394620460DF068FA054600
:10A1D000CDF80880CDF80490CDF800A033460246B3
:10A1E00039462046F6F720FE002363656666C4F80C
:10A1F00068A0C4F86C90C4F87080EFF3118240231B
:10A2000083F31288BFF36F8F124B196A61671C6268
:10A2100082F31188BFF36F8FBBF1000F13D01F22A1
:10A22000594604F178000FF024F8002384F89730A1
:10A23000084B9B685BB1D3F8A430C4F8A43028461F
:10A2400005B0BDE8F08F002384F87830F0E7C4F85B
:10A25000A430F4E77030002001234373037300231C
:10A26000C0F89830C0F89C30C0F8A430014B98601A
:10A27000704700BF703000200A4A9368C3F8AC00F2
:10A280006FF00A01C3F8B01007494B6843F08053E0
:10A290004B60002383F31188BFF36F8F9368D3F86B
:10A2A000B00070477030002000ED00E0437B90F973
:10A2B0000D20002A51DB13F01F0F4ED110B563F0B3
:10A2C0007F034373254A52F8183F93420ED100236F
:10A2D0000CE05A6842600360106058601EE01A4645
:10A2E0001E49C9698A420FD01B687BB173B190F9CE
:10A2F0000E1093F90E209142F1D0521A002AE8DC98
:10A300001A46002BECD1F0E70023EEE7134BDA6995
:10A3100003F11801016042601060D8610F4B53F8DF
:10A32000184F9C420ED06CB10C4B9B685A7B12F0BC
:10A330001F0F0AD1DA897F2A07D9A2692AB9074AE9
:10A34000536109E0054BDC68EEE7A34202D02046EA
:10A3500000F038FC014B5C6110BD7047703000208C
:10A3600010B5437B90F90D20002A14DB154B9A6839
:10A3700053F8184F9C4219D0C4B1824219D0537B74
:10A3800013F01F0F15D1D3897F2B12D9A36983B97D
:10A390000C4B5A6114E003F07F0343734268036877
:10A3A00013605A60002303604360DFE7054BDC68FD
:10A3B000E3E7A24202D0204600F004FC014B5C61BE
:10A3C00010BD00BF703000202DE9F84305460C4653
:10A3D000414B9E68737B13F0600F2BD013F0200F5E
:10A3E0002DD008271F4225D13B43737313F0800FF4
:10A3F00027D1082F30D04FF00009374B53F8188F72
:10A4000098454ED0B8F1000F4BD0334B9B68434575
:10A4100002D0404600F0D6FB2F4BC3F81480102F1B
:10A4200008D0304604F001FE304600F02BFCB9F1B4
:10A43000000F3AD184F31188BFF36F8F46E01027E5
:10A44000D0E703F07F0373737268336813605A6058
:10A45000002333607360CCE7B3685BB17268336824
:10A4600013605A60002333607360727B22F0020233
:10A470007273B36030460DF09FF906F158000DF08D
:10A48000A0F9154B9B689E4202D04FF00009B4E73B
:10A49000EFF3058313B94FF00009AEE74FF0010960
:10A4A000ABE70D4BD3F80C80AFE70C48FFF7D4FEB9
:10A4B000C0E7EFF31184402383F31288BFF36F8F5B
:10A4C0000CF0F4FD84F31188BFF36F8F6B7B13F0F6
:10A4D000600FEED1BDE8F88370300020082800201E
:10A4E000B3F1FF3F08BFB2F1FF3F00D1704708B59D
:10A4F0000249183000F006FC08BD00BFF1780200E8
:10A5000010B5437B90F90D20002A0ADB437B63F0F2
:10A510007F0343732B4A52F8183F934219D100230B
:10A5200017E003F07F0343734268036813605A60C7
:10A53000002303604360E9E75A68426003601060EB
:10A5400058601EE01A461F49C9698A420FD01B682D
:10A550007BB173B190F90E1093F90E209142F1D0B6
:10A56000521A002AE8DC1A46002BECD1F0E700234F
:10A57000EEE7144BDA6903F11801016042601060E4
:10A58000D861104B9A6853F8184F9C420ED06CB1AA
:10A5900082420ED0537B13F01F0F0AD1D3897F2B39
:10A5A00007D9A3692BB9074B5A6109E0054BDC6851
:10A5B000EEE7A24202D0204600F004FB014B5C61B2
:10A5C00010BD00BF7030002010B50C4611460A487F
:10A5D00082680A4B1A60EFF31183402383F31288D9
:10A5E000BFF36F8FDDE9022380680DF00DF920467F
:10A5F000FFF742FE10BD00BF703000209C300020ED
:10A600002DE9F04104460E460023EFF31185402268
:10A6100082F31288BFF36F8F1F4650E003F07F0371
:10A6200063736268236813605A6000232360636069
:10A6300071B2A173637B63F07F036373424A52F884
:10A64000183F93420ED100230CE05A6862602360E9
:10A6500014605C601CE01A463B48C06982420DD021
:10A660001B686BB163B193F90E209142F3D0521A7B
:10A67000002AEADC1A46002BEED1F2E70023F0E7CD
:10A68000314BDA6903F11801216062601460DC610A
:10A690002D4B53F8188F984520D0B8F1000F1DD0DE
:10A6A000294B9B68984502D0404600F08BFA264B18
:10A6B000C3F8148085F31188BFF36F8F0123002B3B
:10A6C0003FD1637B03F01F02002A0CBF0127002744
:10A6D000A4D013F0020F05D1A673EBE71A4BD3F801
:10A6E0000C80DDE7A1686268236813605A6000236C
:10A6F0002360636070B2A0730B6899420DD1002390
:10A700000BE05A686260236014605C60D2E79C468C
:10A710004A6894450DD01B686BB163B193F90E2064
:10A720009042F4D0121A002AEBDC9C46002BEFD1A9
:10A73000F2E70023F0E74B68216063601C604C6027
:10A74000B8E73846BDE8F0817030002008B50B4608
:10A7500059B9EFF3058242B9064A506992689042AE
:10A7600003D00846FFF788FD03E083F31188BFF3A9
:10A770006F8F08BD7030002008B5034650B9EFF365
:10A7800005823AB9064A51699268914202D0FFF7B0
:10A7900073FD03E083F31188BFF36F8F08BD00BF23
:10A7A000703000200023EFF31181402282F31288E1
:10A7B000BFF36F8F09E0064B9A68D37B013BD373DD
:10A7C00081F31188BFF36F8F0123002BF3D0704703
:10A7D0007030002038B50023EFF31185402282F35A
:10A7E0001288BFF36F8F0EE0154BDC6817E0A242B2
:10A7F00002D0204600F0E6F9114B5C6185F3118828
:10A80000BFF36F8F0123BBB90D4B9A68D17B013128
:10A81000D17353F8184F9C42E6D0002CE4D0537B00
:10A8200013F01F0FE3D1D3897F2BE0D9A369002B4D
:10A83000DDD1034B5A61E1E70DF069F838BD00BF87
:10A840007030002008B502480DF083F808BD00BF45
:10A850008430002038B5EFF31184402383F312884D
:10A86000BFF36F8F224B9A68DB699A4205D0136859
:10A87000516812680A60516006E00023F8E71C4A3C
:10A88000D269934212D01B6893B1194A906890F92B
:10A890000E1093F90E209142F1D0521A002AEEDDEB
:10A8A0005A6842600360106058600AE00023EBE7DA
:10A8B0000F4B9A68D96903F11800106051600A6063
:10A8C000DA610B4B53F8185F9D420DD065B1084B10
:10A8D0009B689D4202D0284600F074F9044B5D61EC
:10A8E0002046FFF7C9FC38BD014BDD68EFE700BF2C
:10A8F00070300020F8B551EA000328D005460C4618
:10A90000EFF31187402383F31288BFF36F8F154E47
:10A91000B068154B1860FFF723FDB0682A46234640
:10A920001249183000F0EEF90446B268537B43F048
:10A93000040353733846FFF79FFCB3689A6ADB6AD7
:10A94000B3F1004F08BF002A05D00020F8BDFFF783
:10A9500081FF0020FAE70DF0D5F8201A0028F5DC79
:10A960000020F3E7703000209C300020F1780200D6
:10A9700038B5EFF31185402383F31288BFF36F8F4F
:10A98000437B13F0040F04D185F31188BFF36F8F5D
:10A9900038BD044618300DF086F8637B23F00403BD
:10A9A00063732046FFF782FC29460248FFF7CEFE7C
:10A9B000EEE700BF9C300020014B9868704700BF55
:10A9C000703000202DE9F843037B03F00107EFF31B
:10A9D0001186402383F31288BFF36F8F457B15F0F8
:10A9E000080F1AD10446B14600F158080CF0B0FE29
:10A9F00010B345F020056573EFF305839BB1314635
:10AA00002046FFF7E1FC67B1002383F31188BFF311
:10AA10006F8F0423184602DF03E086F31188BFF32B
:10AA20006F8FBDE8F88341463F4B98680CF092FE6B
:10AA30003046FFF721FCE6E745F00803637313F0A7
:10AA4000800F36D1A3685BB16268236813605A60D7
:10AA5000002323606360627B22F002026273A360C2
:10AA600004F118000DF01FF840460CF0AAFE2E4B22
:10AA70009A6894422AD000262B4B53F8185F9D42C7
:10AA80002BD055B3AA4202D0284600F09BF8264BA3
:10AA90005D61204604F0C9FA204600F0F3F8FEB9E3
:10AAA000214B9B689C421FD089F31188BFF36F8FA5
:10AAB000A9E705F07F0545F008056573626823681E
:10AAC00013605A60002323606360BBE7EFF30583E4
:10AAD0000BB90026D0E70126CEE7134BDD68D1E79E
:10AAE0001248FFF7B9FBDBE7EFF30583002BDBD15F
:10AAF000237B13F0010F12D089F31188BFF36F8FFE
:10AB0000002383F31188BFF36F8F0423184602DFFD
:10AB1000EFF31189402383F31288BFF36F8F484608
:10AB2000FFF7AAFB6FE700BF703000200828002065
:10AB30002DE9104883B0089CDDE906BCCDE900BCD6
:10AB4000FFF742FD1CB1034B9B681B69236003B0F8
:10AB5000BDE8108870300020044BC01AC010044BB0
:10AB600003FB00F0034B01221A547047C028002059
:10AB7000ABAAAAAAA0300020C3897F2B11D80E4B04
:10AB80001B687BB190F90E200C4B1B689A420CDBC2
:10AB9000437B13F01F0F0AD1094B984209D00123C0
:10ABA00000E0002303F0010070470023FAE70023D0
:10ABB000F8E70023F6E700BFE8060020A4300020F5
:10ABC000C025002070B505460D4B1E7C06EB4603E4
:10ABD0000C4C04EBC30420460CF065FF0A4B00222A
:10ABE0009A552846FFF7C8FF00B970BD074B1A6891
:10ABF000013AD3170649204600F084F8F5E700BF74
:10AC000070300020C0280020A0300020E80600207E
:10AC100059AB010038B5EFF31185402383F3128857
:10AC2000BFF36F8F144B9C68144B1B68A34217D063
:10AC3000124B00221A60104B1B7C114AD35C53B19B
:10AC40002046FFF799FF30B1637B13F01F0F0FD041
:10AC50002046FFF7B7FF85F31188BFF36F8F38BD2C
:10AC60002046FFF7AFFF85F31188BFF36F8FF6E73C
:10AC70002046FFF745FCEBE7703000209C300020B9
:10AC8000A0300020EFF31181402383F31288BFF33B
:10AC90006F8F0A4B1B6A834204D15A6F074B1A62AB
:10ACA00007E0134613B15A6F8242FAD10BB1426FDB
:10ACB0005A6781F31188BFF36F8F7047703000209F
:10ACC000034B1868984200D070470020FCE700BF93
:10ACD000EC06002030B1044A5268904201D000686E
:10ACE00070470020704700BFEC06002008B5044BF9
:10ACF0001B680BB1002008BDFDF714FDFBE700BF8A
:10AD0000A83000202DE9F04F83B0B3F1FF3F08BF1A
:10AD1000B2F1FF3F0ED0044691461F4681600023EA
:10AD2000EFF3118A402282F31288BFF36F8F1D4622
:10AD3000019335E0002501952846019903B0BDE84F
:10AD4000F08FFFF7D3FF8046013547F10006451924
:10AD500046EBE07625616661344A13685268ED1867
:10AD600046EB020301934FF0010B38E0C91A66EB82
:10AD70000202016142614368636020601C604460BC
:10AD800005E02B4B5A682360626014605C60FFF73B
:10AD900097FF844237D08AF31188BFF36F8F012366
:10ADA000002BC9D14D460197002FCADA1F4B1968F5
:10ADB0005B68691843EB07036FF00102521A4FF00A
:10ADC000FF3161EB030310461946012A73F10003BA
:10ADD00001DA01200021206161614FF0000BFFF7D3
:10ADE0006FFF0028CDD001694669236962698B42F3
:10ADF00072EB060EBADB5B1A62EB0602236162613C
:10AE0000FFF768FFEDE70B4B1B68002BC3D1BBF1CD
:10AE1000000F06D040460CF02BFE0021FDF744FC4D
:10AE2000B9E7FFF763FF8046F4E700BFD8280020AA
:10AE3000EC060020A830002070B5EFF31186402307
:10AE400083F31288BFF36F8F2A4B1860FFF738FF28
:10AE5000044623E0284A136851685B1941EBE57109
:10AE60001360516000220023C4E9042320460CF043
:10AE7000E8FD86F31188BFF36F8FA36820469847DB
:10AE8000EFF31186402383F31288BFF36F8F194AC3
:10AE900013685B1B1360FFF713FF04463CB1256981
:10AEA0006169144B1A68D317AA428B41D2DA44B1B4
:10AEB000236962690F4909685B1A62EBE1722361D9
:10AEC00062610D4A0B4D2868136851681B1841EBED
:10AED000E0711360516000242C6020460CF0C8FD26
:10AEE0002146FDF7E1FB86F31188BFF36F8FFFF773
:10AEF00091FE70BDA8300020D828002010B5002297
:10AF0000EFF31184402383F31288BFF36F8F13464E
:10AF100011460CE0FFF7EAFE074A13685168C318B0
:10AF200041EBE07184F31188BFF36F8F0122002A97
:10AF3000F0D0184610BD00BFD828002038B5034611
:10AF4000EFF31185402282F31288BFF36F8FC16047
:10AF5000012282600068834210D042680368136057
:10AF60005A6000230360436001210CF066FE044632
:10AF700029460548FFF7EAFB204638BD85F31188CE
:10AF8000BFF36F8F0024F7E7AC30002070B50646A2
:10AF90000C4615460CF0A9FB50B9064B9B68D3F83C
:10AFA000A40020B12B46224631460CF087FE70BD2E
:10AFB0000020FCE77030002008B50146024A00205E
:10AFC000FFF7E4FF08BD00BF13DB01000268124B6E
:10AFD0009A4215D1C269A3F11023A3F1EF139A424B
:10AFE00010D18368012B0FD8C36813B10269934253
:10AFF0000CD0436963B1826993420BD00020704743
:10B0000001207047012070470120704701207047E0
:10B01000002070470120704755AA00FF70B5114B02
:10B020009D68B5B12846FFF7D1FF064698B9EB6891
:10B0300013B10126304670BD2C69002CFAD0204691
:10B04000FFF7C4FF48B9E368AB4208D1254624693D
:10B05000F3E70126EEE70126ECE70126EAE7012601
:10B06000E8E700BFAC300020002800F08F8038B542
:10B070000446474B1B68002B78D0454A9268002A4B
:10B0800074D0834256D8424A52681344834251D9FD
:10B09000A0F120052846FFF799FF00284DD154F86C
:10B0A000183C012B4CD1002344F8183C54F8143CB4
:10B0B000CBB19A68002A46D15A6854F81C1C0A443D
:10B0C00020325A6054F8143C54F8102C1A6154F889
:10B0D000144C236903B1DC602022002128460EF0C5
:10B0E0009EF82B4625462869002839D08268002A18
:10B0F00036D16B684268134420336B6003692B615F
:10B100006B6913B32BB3AA699A61AB690BB16A6916
:10B110005A6143696B618269AA61F3B19D61AB6950
:10B1200003B15D612B6903B1DD60202200210EF0C7
:10B1300076F816E0012001F033FF012001F030FF26
:10B14000012001F02DFF0023CDE7AA69002AD9D103
:10B15000DFE7AA690E4BDA60D7E70D4BDD60DEE76B
:10B160002BB10B4B1B6913F0020F08D138BD084BF4
:10B17000DB68AB6103B15D61054BDD60F1E7FFF7B3
:10B180004DFF0028F2D0012001F00AFF704700BFF8
:10B19000AC30002010B50446064B1B6806489847A3
:10B1A00000B110BD2046FFF75FFF044B1B6802484B
:10B1B0009847F6E704070020C03000200007002071
:10B1C00070B54A4BDC681D68002D00F089809D68D1
:10B1D000002D00F0858001FB00F600287BD00029BF
:10B1E0007BD0B6FBF0F0884279D116F1040F79D804
:10B1F00016F0030F2DD026F00302043200E0A469FC
:10B2000014B163689342FAD3002C6DD0A36813BBCA
:10B210006168891A232928D80123A3606369EBB1E7
:10B22000A2699A61A3690BB162695A6100236361E3
:10B23000A3612E4B1B6913F0010F02D0FFF7EEFE46
:10B2400080B904F120053246002128460DF0E7FFC1
:10B2500046E03246D4E7012001F0A2FEA269234B6A
:10B26000DA60DFE7012001F09BFE02F120002318E5
:10B270002039596000219960DC60216919611C4DF9
:10B2800025501C48D86101B1CB6061695961A06942
:10B290009861D1B18B61996901B14B610121A160C4
:10B2A0006260236100236361A361104B1B6913F08B
:10B2B000010F02D0FFF7B2FE50B904F1200532466B
:10B2C000002128460DF0ABFF0AE00849CB60E2E719
:10B2D000012001F065FE002502E0002500E00025C8
:10B2E000284670BD0025FBE72546F9E7AC30002075
:10B2F00055AA00FF669911EE38B504460D460A4B73
:10B300001B680A48984758B929462046FFF758FF56
:10B310000446074B1B680548984718B9204638BDB6
:10B320000024FBE70024F9E704070020C0300020D8
:10B330000007002070B505460C46174E2822002154
:10B3400030460DF06CFF154B1B6806F11400984752
:10B350001349144800F03AF8232C1CD915F00303C4
:10B3600004D01C44043CC3F104031D4422460021C4
:10B3700028460DF054FF084B1D605C609D60203C2A
:10B380006C609A68084911609A68A1F11021A1F1D6
:10B39000EF11D161DA6070BDAC3000200C070020E5
:10B3A00095B10100F9B2010055AA00FF08B5024BA2
:10B3B0001B68984708BD00BFF806002008B5024B7F
:10B3C0001B68984708BD00BFF4060020024B1860B8
:10B3D000024B196000207047F8060020F406002098
:10B3E00039B110B504460A46024B1B680021984744
:10B3F00010BD7047FC06002070B5104D104C23683E
:10B40000284698470F4B5E780F4B1B682846984795
:10B4100023680E489847022E07D00024E4B20A4B56
:10B420001B680A489847204670BD064B1B78072BBF
:10B4300001D00024F2E70124F0E700BF9C070020C0
:10B4400004070020D43000200007002088070020D7
:10B45000114B0340B3F1607F0FD0B3F1707F14D173
:10B4600001F4E043B3F5005F12D1C1F302210123DF
:10B470008B40012B06D900207047B1F5885FECD1D5
:10B48000002070476FF0860070476FF086007047AD
:10B490006FF08600704700BF0000C07F8A4200F056
:10B4A0009881F8B506460C46154622F0FF03B54ACA
:10B4B000934218D002F58052934214D0A2F58852DC
:10B4C000934210D025F4FF7222F00102B2F1062F50
:10B4D00009D0AD498B4206D0AC4B9A4203D0A3F5BC
:10B4E00084439A4225D124F0FF03A64A934218D000
:10B4F00002F58052934214D0A2F58852934210D0A4
:10B5000024F4FF7222F00102B2F1062F09D09E4905
:10B510008B4206D09D4B9A4203D0A3F584439A42B6
:10B5200007D114F0FF0304D043F00073984A93420C
:10B5300014D004F0FE43B3F1A06F16D0954A9442A4
:10B5400029D0B3F1407F34D024F0004323F47F03AB
:10B55000B3F1106F00F02D810020F8BD85EA0400E2
:10B56000FF288CBF00200120F7E705F0FE42B2F172
:10B57000A06FE3D185EA040232F47E12DED114F426
:10B58000004FDBD0C4F30540C5F30545A8428CBF8E
:10B5900000200120E1E7804B9D4208D025F47E1574
:10B5A0007E4B9D4201D00020D7E70120D5E7012046
:10B5B000D3E705F0FE43B3F1407FC5D185EA04032C
:10B5C00033F47E17C0D131462046FFF741FF0028F3
:10B5D00040F0018115F47C131ED0C5F30543704A79
:10B5E0002A40B2F1607F75D0B2F1707F00F0BA806E
:10B5F000C4F3054214F47C1F00F0D68015F47C1FC0
:10B6000002D1BA4200F0E98014F4004F9CD09A4273
:10B610008CBF00200120A0E7614A2A40B2F1607F80
:10B620000CD0B2F1707FDAD106F4E042B2F5005FDF
:10B63000D5D1C6F3022201239340D0E7EAB242F00B
:10B64000007258498A4241D002F17E42043A112ADE
:10B65000C5D801A151F822F0D1B60100D1B6010040
:10B66000DFB50100DFB50100A1B60100A5B60100FC
:10B67000A9B60100ADB60100B1B60100B5B6010032
:10B68000DFB50100DFB50100B9B60100BDB60100AC
:10B69000C1B60100C5B60100DFB50100C9B60100A1
:10B6A0001C239CE720239AE7302398E7402396E762
:10B6B0001C2394E7202392E71C2390E720238EE7A6
:10B6C00030238CE740238AE7402388E7102386E76E
:10B6D000142384E7EAB242F0007232498A424CD025
:10B6E00002F17E42043A112A82D801A151F822F0D7
:10B6F0007FB701007FB70100F1B50100F1B501008E
:10B7000039B701003DB7010041B7010045B701005D
:10B7100049B701004DB70100F1B50100F1B50100D5
:10B7200051B7010055B7010059B701005DB70100DD
:10B73000F1B5010061B701001C2759E7202757E741
:10B74000302755E7402753E71C2751E720274FE7CD
:10B750001C274DE720274BE7302749E7402747E7DD
:10B76000402745E706F4E042B2F5005F7FF440AFC2
:10B77000C6F30220012787403AE7102738E714274D
:10B7800036E700BF00030006000900060046000679
:10B79000FF0000020093C0040013C0040001400534
:10B7A0000000C07F03000002BB4214BF0020012044
:10B7B000D3E605F0FE43B3F1106F01D00020CCE6D4
:10B7C0000748284040F01060A04214BF002001202C
:10B7D000C3E6012070470020BFE60120BDE600BFA0
:10B7E0000000FFF6F8B5002A6CD006460D46144658
:10B7F00022F0FF03394A934237D002F58052934238
:10B8000033D0A2F5885293422FD024F4FF7222F055
:10B810000102B2F1062F28D031498B4225D001F523
:10B8200074518A4221D0A1F584418A421DD004F08E
:10B83000FE43B3F1407F3FD0B3F1A06F3FD0294B1F
:10B840009C4214BF00230123002B3ED12246716885
:10B850002846FFF723FE0746D0BB2246B16828469C
:10B86000FFF71CFEB0B33846F8BD14F0FF02DED07F
:10B870001A498B4218D001F580518B4214D0A1F5A2
:10B8800088518B4210D024F4FF7121F00101B1F1F5
:10B89000062F09D01248834206D0134B994203D099
:10B8A000A3F584439942D1D142F000720D4B9A42E4
:10B8B000CCD16FF08607D6E7C4F3C033C4E7C4F336
:10B8C000C033C1E76FF08607CDE76FF08607CAE7A0
:10B8D0000027C8E76FF08407C5E700BF0003000634
:10B8E00000090006FF0000020046000670B504468D
:10B8F0001546104B1B6810489847B8B9064663694F
:10B900002B60237F012B09D1022323770B4B1B686C
:10B910000948984700B136B1304670BD00232B600E
:10B920006FF09606F2E76FF08F06F5E76FF08F067F
:10B93000F2E700BF04070020740700200007002082
:10B94000C268038840887AB380B303F44F42B2F5EB
:10B95000824F01D000207047DBB2222B06D00DDCD5
:10B96000122B09D140F20923984216D00730B1EBCF
:10B97000D00F1FD30020704700207047422B17DCE8
:10B98000272B08DB273B0D4A22FA03F313F0010FA4
:10B99000ECD10020704700207047402901D90020D9
:10B9A00070476FF086007047002070470020704796
:10B9B000002070476FF08600704700BF0102000C46
:10B9C00070B50D8800F0FE43B3F1407F40F0A780D2
:10B9D000044616462946FFF73BFDC0B914F47C1F08
:10B9E00016D0C4F305433370032B40F29B801946F5
:10B9F000514A2240B2F1607F53D0B2F1707F7ED0C5
:10BA00000022914200F29180142B00F2918070BDCF
:10BA1000494B2340B3F1607F04D0B3F1707F2FD046
:10BA20000023E0E7E3B243F00073444A934234D08A
:10BA300003F17E43043B112B0AD8DFE803F03030DA
:10BA400009090B0D0F111315090917191B1D091FE2
:10BA50000023C8E71C23C6E72023C4E73023C2E73E
:10BA60004023C0E71C23BEE72023BCE71C23BAE722
:10BA70002023B8E73023B6E74023B4E74023B2E7FA
:10BA800005F4E043B3F5005F01D00023ABE7C5F355
:10BA9000022201239340DBB2A5E71023A3E714237E
:10BAA000A1E7E4B244F00074244A944233D004F194
:10BAB0007E44043C112C0AD8DFE804F02F2F09093A
:10BAC0000B0D0F111315090917191B1D091F002252
:10BAD00097E71C2295E7202293E7302291E7402246
:10BAE0008FE71C228DE720228BE71C2289E720228A
:10BAF00087E7302285E7402283E7402281E705F48B
:10BB0000E042B2F5005F01D000227AE7C5F30225DA
:10BB10000122AA4075E7102273E7142271E76FF043
:10BB2000860074E76FF0850071E76FF086006EE7BE
:10BB30006FF085006BE700BF0000C07F03000002CC
:10BB4000F0B583B00C461646194600230B6020461C
:10BB50000CF034FA054688B92779164B1B6816484D
:10BB6000984718BB6FB901A8314600F031FA054675
:10BB7000124B1B681048984740B125B1284603B0C6
:10BB8000F0BD0020F0E76FF08F05F7E7002DF5D14D
:10BB90003668B4460FCCACE80F0094E807008CE898
:10BBA0000700002FEAD1019B7361E7E76FF08F0573
:10BBB000E4E700BF0407002074070020000700200E
:10BBC00070B138B50546074C074B1B6820469847AF
:10BBD00028460CF0FCFA054B1B682046984738BDF8
:10BBE000704700BF740700200407002000070020F2
:10BBF00030B583B018B90024204603B030BD01A988
:10BC000000F038FA04460028F6D11E4B1B681E4887
:10BC10009847054600282DD10198037F032B17D0A4
:10BC2000022B29D1032303770379FF2B27D0019817
:10BC30000CF09CFE044600B92C46144B1B681248BD
:10BC400098470028D8D0002CD6D16FF08F04D3E7C6
:10BC50000CF08CFE04460D4B1B680B48984720B136
:10BC6000002CC9D16FF08F04C6E7002CC4D16FF04F
:10BC70008704C1E72546DAE76FF09605D7E76FF04E
:10BC80008405D4E704070020740700200007002083
:10BC900038B504460D46FFF7AFFB28B12A462146CA
:10BCA00003480CF094FF38BD6FF08800FBE700BF3D
:10BCB000D830002010B5244B1B6824489847244BEB
:10BCC0001B7813F0040F03D023F00403204A1370F1
:10BCD0001F4B1B7813F0020F23D11E4B1B681B4810
:10BCE0009847194B1B681C489847194B5B7803BB56
:10BCF000174C002363704FF4A871201DFFF770FBF1
:10BD0000144B1B68144898470F4B1B680F48984703
:10BD1000237813F0010F10D10E4B1B680B48984786
:10BD200010BD00F039F90A4A137823F002031370AA
:10BD3000D3E70A480CF04FFFDAE70CF041FE237816
:10BD400023F001032370E7E70407002088070020A1
:10BD5000D4300020000700209C070020D8300020AD
:10BD600038B5FFF749FB002840F09E804F4B1B6819
:10BD70004F4898470446002840F081804D4B1B787F
:10BD800013F0010F09D04C4B1B684948984768B124
:10BD9000002C76D16FF08F0473E00CF00FFE044698
:10BDA000444A137843F001031370ECE7002C68D188
:10BDB0003E4B1B683E489847002866D13D4B1B7898
:10BDC00013F0020F09D03C4B1B683948984768B103
:10BDD000002C56D16FF08F0453E000F0D5F80446E4
:10BDE000344A137843F002031370ECE7002C48D177
:10BDF0002E4B1B682E489847002849D12D4B1B78A5
:10BE000003F001052C4B1B6829489847002842D1B4
:10BE1000264B1B682948984700283FD1254B5B7863
:10BE200003B945B9244B1B682448984760B144BB0B
:10BE30006FF08F0425E0224D28460CF0C4FE044626
:10BE4000022305F8033CEDE7DCB9184B1B681848E2
:10BE5000984730BB174B1B7813F0040F04D143F005
:10BE6000040314490B700446134B1B681048984791
:10BE700018B134B96FF08F0403E024B101E06FF022
:10BE80008F04FFF717FF204638BD6FF08F04F8E7E7
:10BE90006FF08F04F5E76FF08F04F2E76FF08F0417
:10BEA000EFE76FF08F04ECE70024ECE704070020D5
:10BEB00088070020D4300020000700209C070020C5
:10BEC000D830002038B5074C074B1B6820469847F0
:10BED000064B93F88055064B1B682046984728462A
:10BEE00038BD00BF8807002004070020283200204A
:10BEF0000007002038B504460D4600F140421F2AD5
:10BF00000CD82C211F4B01FB0233197F02292AD1A7
:10BF10005A6982421BD06FF08B0023E001210CF0A4
:10BF200010FD18B300231A4600E001321F2A0CD876
:10BF30004FF02C0C134B0CFB023393F81CC0BCF1DC
:10BF4000020FF2D15969A142EFD11F2A11D81A7FED
:10BF5000022A11D11A6AB2F1FF3F10D001321A62DF
:10BF60002B60002038BD6FF08B00FBE76FF087007F
:10BF7000F8E76FF08B00F5E76FF09600F2E76FF0EF
:10BF80009600EFE728320020024B012283F880253B
:10BF9000002070472832002038B500259DB10B4B9A
:10BFA000002283F8802538BD2C23084803FB0400B9
:10BFB00001230362032303770CF009F901341F2CDA
:10BFC000F2D90135EAE72C46F9E700BF2832002014
:10BFD000F8B507460E46FFF775FF00283ED000254E
:10BFE0002A4600E001321F2A11D82C241F4B04FBE3
:10BFF00002331C7F64B1002DF4D1022CF2D1196AF6
:10C000000029EFD119790029ECD01D46EAE7002379
:10C0100083B11A7F3ABB01221A7747B1134A9A1AA1
:10C020009210134901FB02F202F180423A60336040
:10C030000020F8BD6DB12B7F022B05D12B6AB3F127
:10C04000FF3F01D001332B6228460CF0C0F838B90D
:10C050002B46002BDDD16FF08C0001E06FF08800E3
:10C0600000233360E5E76FF09600F9E728320020FF
:10C07000A38B2EBA38B504460D4600230B60FFF79C
:10C0800021FF00B3134B1B6813489847F0B92946AA
:10C090002046FFF72FFF044610F18C0F0AD00F4BFC
:10C0A0001B680D48984700B10CB1204638BD6FF0B1
:10C0B0008F04FAE700232B60084B1B68064898475B
:10C0C0006FF08704F1E76FF08804EEE76FF08F04FC
:10C0D000EBE700BF040700207407002000070020E2
:10C0E00010B504460B4B1B680B48984770B92046A7
:10C0F0000CF03CFC0446094B1B680748984700B10C
:10C100000CB1204610BD6FF08F04FAE76FF08F047A
:10C11000F7E700BF04070020740700200007002095
:10C1200030B587B044685FFA83FC4CF0007C0C4D5E
:10C13000AC450FD0240A84B90E9C04940D9C039442
:10C140000C9C02940B9C01940A9C009400F0D6F87D
:10C1500007B030BD6FF08500FAE76FF08600F7E7B3
:10C1600005000002F0B583B00446089E4868050A41
:10C17000F0B240F000700A4FB8420BD06DB9009693
:10C1800004F1080000F082F808B103B0F0BD1C23F0
:10C190002360FAE76FF08500F7E76FF08600F4E7B9
:10C1A00005000002F0B583B00446089E4868050A01
:10C1B000F0B240F000700A4FB8420BD06DB9009653
:10C1C00004F108000CF036FE08B103B0F0BD1C23EA
:10C1D0002360FAE76FF08500F7E76FF08600F4E779
:10C1E00005000002F8B54FF6FF749C4228BF1C46BC
:10C1F00092B10D46A7B2164689B19BB10E480AF01E
:10C2000090FE90B10C4883681B683A4631469847C7
:10C2100070B9FC002C60F8BD6FF08600FBE76FF092
:10C220008600F8E76FF08600F5E76FF09200F2E71E
:10C230006FF09200EFE700BF5C94020070B584B02D
:10C2400004460025C0F848510F4D00950CF03FFC06
:10C25000054628B120460CF060FC284604B070BDAD
:10C2600004F59C7603AB019310220092334604F54B
:10C27000947120460CF040FC05460028EAD1304677
:10C280000CF0F5FCE9E700BF00444004F8B51746A0
:10C290001E46069B23F47E13164A934220D1044681
:10C2A0000D460B88B3F5105F1DD1A6F11002102AC0
:10C2B0001CD8114BD34013F0010F02D16FF0860050
:10C2C0000DE04FF4A67200210CF0A9FF022384F8C0
:10C2D0004C3133463A4629462046FFF7AFFFF8BDBA
:10C2E0006FF08500FBE76FF08500F8E76FF08600E0
:10C2F000F5E700BF0002C0030101010010B584B0E2
:10C3000023F47E13154CA3421ED10388B3F5105FAE
:10C310001DD1A2F1100CBCF1100F1BD8104B23FA49
:10C320000CF313F0010F02D16FF086000AE00A9BB4
:10C330000393099B0293089B0193079B0093069B21
:10C340000CF04EFD04B010BD6FF08500FAE76FF001
:10C350008500F7E76FF08600F4E700BF0002C00336
:10C360000101010070B582B00446084611461A4624
:10C37000069D9DF81C600388B3F5105F1BD1A2F1E8
:10C38000100010281AD8104BC34013F0010F02D12F
:10C390006FF086000DE00D4B9D4212D173000093AB
:10C3A0000023204600F04CF984F81C61C4F81851B1
:10C3B000002002B070BD6FF08500FAE76FF08600D4
:10C3C000F7E76FF08500F4E7010101000044400445
:10C3D0002DE9F0410446D0F818610F48864215D186
:10C3E0000F46154698461146204600F049F9064684
:10C3F000069B98420DD82B463A464146204600F00F
:10C400004DF9079B1E600020BDE8F0816FF08500AC
:10C41000FAE76FF08900F7E70044400470B58AB08E
:10C4200005460E460024039404940594069407944C
:10C43000089409944FF41053ADF80C304FF4807306
:10C44000ADF80E30029302A80CF05FFD029B05933D
:10C4500028460CF062FB4FF49472214628460CF0FB
:10C46000DEFE0C4B00932023324603A928460CF035
:10C470002EFB08B10AB070BD346A716AB26AF36A01
:10C48000C5F82841C5F82C11C5F83021C5F834315C
:10C49000F0E700BF0044400410B58CB00446114BD7
:10C4A0001B6800F59E7098473022002168460CF00A
:10C4B000B6FE69462046FFF7B1FF08B10CB010BDCB
:10C4C0004FF4C07168460CF02FFD0028F6D1694684
:10C4D00020460CF08EFD0028F0D10123C4F838313D
:10C4E000ECE700BF0C070020F0B58DB004460E4607
:10C4F000154600F59E77254B1B683846984700285F
:10C500003BD1D4F83831002B3AD0B5F5803F3AD83A
:10C5100042F2107293420FD94FF4807168460CF0CA
:10C5200003FD034680B9694620460CF062FD0346D0
:10C5300050B90123C4F838312B4632460021204639
:10C540000CF004FD034610B118460DB0F0BD0021FB
:10C5500020460CF04EFD03460028F5D1D4F83831C2
:10C560000133C4F838310A4B1B68384698470346F4
:10C570000028E9D06FF08303E6E76FF08303E3E779
:10C580006FF08803E0E76FF08603DDE70407002023
:10C590000007002010B504460CF0BFFA064B1B68DC
:10C5A00004F59E7098474FF4A872002120460CF0C5
:10C5B00036FE002010BD00BF0807002038B5049CDF
:10C5C000B0F802C01D4DAB421FD10CF10703B2EB16
:10C5D000D30F1DD1079B9A421DD8089B1A60008873
:10C5E00047F21213984219D153000133059A93422E
:10C5F00017D12378042B17D1BCF5807F17D1621C8B
:10C60000069800F07BF9A8B938BD6FF08500FBE70C
:10C610006FF08600F8E76FF08900F5E76FF08500AE
:10C62000F2E76FF08600EFE76FF08600ECE76FF05F
:10C630008500E9E76FF08600E6E700BF0000020929
:10C64000F8B5069F04461D4661B11646AFB9E3F73B
:10C6500047FF002384F8116184F8103184F81271C7
:10C6600084F8133145B11022294604F1F0000CF092
:10C67000C8FD012384F81331F8BDE4F7C5F8E8E7F5
:10C6800051B190F8103190F812210B4402F00102E0
:10C690009B1A23F00F007047084670472DE9F04FB2
:10C6A000044687B090F8120194F810910090002B86
:10C6B00055D0924600F00108C9F110021E4608EB61
:10C6C0000203B34204F5807700F2C4800D46002ACD
:10C6D00040F0B380009B002B6AD194F8133104F131
:10C6E000F009C846002B40F0C18094F81131224671
:10C6F00039464846E3F7A0FD0F2E40F2CE80A6F162
:10C70000100323F00F031033019305EB030BD04606
:10C7100094F813C1102341464A463846BCF1000F35
:10C7200020D0E4F7A3FA1022494628460CF069FD10
:10C73000103594F81131224639464846E3F77CFD1E
:10C740005D4508F11008E3D116F00F0621D184F8F9
:10C750001061C8461022414658460CF052FD07B001
:10C76000BDE8F08F10220CF04CFD102249462846FF
:10C770000CF047FD103594F81131224639464846F1
:10C78000E3F75AFDAB4508F11008C1D116F00F06CA
:10C79000DDD0019B9A445146384632460CF031FDBB
:10C7A000009B84F81061002B7DD00DF10808D1E7C3
:10C7B00094F811312246394602A8E3F7D3FE94F8E3
:10C7C0001331002B5BD1B8F1000F0CBF4FF01009F3
:10C7D0004FF011094E4529D304F1F00801E04E4510
:10C7E00024D351461022384692440CF00AFD102200
:10C7F00002A928460CF005FD94F81131224639466D
:10C8000002A8E3F7AFFE94F81331103E1035002B69
:10C81000E5D002A9084642461023E4F727FA102281
:10C82000394640460CF0EDFC4E45DAD22EBB84F87A
:10C830001061AB460DF108088CE7514607EB090083
:10C8400092440CF0DEFC009B103E4E44002B3FF463
:10C8500044AFADE707EB0900514632460CF0D1FC7E
:10C86000B14484F8109107B0BDE8F08F10234A4618
:10C8700039463846E4F7FAF937E7AB468BE702A9C1
:10C8800004F1F0094A4608461023E4F7EFF9484658
:10C89000102239460CF0B5FC95E7002EEDD184F856
:10C8A0001061AB4656E704F1F00952E700B589B0D4
:10C8B0000146684600F03CF809B05DF804FB00BF93
:10C8C00000B591B00146684600F06AF911B05DF814
:10C8D00004FB00BF30B599B00546684600F028F863
:10C8E0006946044608A800F053FA08A904432846FC
:10C8F00000F08AF9204619B030BD00BF70B598B07D
:10C9000005466846164600F013F83146044608A866
:10C9100000F046F908A96A460443084600F082F987
:10C9200008A90443284600F06DF9204618B070BDF0
:10C9300070B50B68124E1BBAC3614B681BBA83619A
:10C940008B681BBA4361CB681BBA03610B691BBAC6
:10C95000C3604B691BBA83608B691BBA4360CB69A8
:10C960001BBA3246036001460446E3F76FFF3146C7
:10C97000054602462046E3F789FF681E70BD00BFEA
:10C980008CAC02002DE9F04188B00C46064602F15D
:10C990002001684606F120079046E4F751FA6A46FE
:10C9A00069466846E4F76EF969463846E4F748FA9E
:10C9B0003A463946384604F12005E4F763F96A46F9
:10C9C00069466846E4F75EF941462846E4F738FAD6
:10C9D0006A4641463046E4F71BFA2A46294668462D
:10C9E000E4F750F92A4669466846E4F74BF9124ADB
:10C9F00069466846E4F746F969462046E4F720FAB6
:10CA0000324621462046E4F77BF93246214620464D
:10CA1000E4F776F9224631462846E4F771F96A468A
:10CA200029462846E4F7F4F93A4629462846E4F729
:10CA300067F908B0BDE8F0816CAD0200F0B599B0BF
:10CA400004460D460A4601466846E4F759F9694628
:10CA50006846E4F7F5F96A46214608A805F120067C
:10CA600004F12007E4F7D4F96A4629466846E4F75A
:10CA7000CFF93246394610A8E4F704F93246394670
:10CA80003046E4F73DF931462846E4F7D9F96A46DD
:10CA900008A92046E4F7F6F8224629462846E4F796
:10CAA0002FF96A4608A96846E4F72AF96A46394622
:10CAB0003846E4F7ADF92A4608A96846E4F720F9B4
:10CAC0006A4631463046E4F7A3F93A4631463046E5
:10CAD000E4F716F910A96846E4F7B2F92246694668
:10CAE0002046E4F70DF908A922460846E4F708F9BC
:10CAF00010A908AA0846E4F78BF93A4610A9384667
:10CB0000E4F7FEF819B0F0BD2DE9F04188B00C460D
:10CB1000054690460A4601466846E4F7F1F869463C
:10CB20006846E4F78DF96A462946284604F120064E
:10CB3000E4F76EF905F120076A4621466846E4F7F6
:10CB400067F9324639463046E4F7DAF8314620468E
:10CB5000E4F776F92A4621462046E4F7D1F86A46FA
:10CB600021462046E4F7CCF86A4629464046E4F7D9
:10CB7000C7F8424639463846E4F74AF9224629467C
:10CB80006846E4F7BDF86A4631463046E4F740F9B6
:10CB90003A4631463046E4F7B3F808B0BDE8F081D4
:10CBA00070B500F1200690B00D46044600F014F96F
:10CBB00005F12001304600F00FF9214608A8E4F7FE
:10CBC0003FF908A908460D4AE4F75CF808A922468F
:10CBD0000846E4F71DF908A9094A0846E4F752F89F
:10CBE00031466846E4F72CF9202269460DEB020035
:10CBF000E4F71AF8013810B070BD00BF6CAD020048
:10CC00004CAD020000F002B938B504460D4600F004
:10CC1000FDF805F1200104F12000BDE8384000F0E6
:10CC2000F5B800BF2DE9F0471346B8B0544A89461D
:10CC30008046194610A8E3F709FE5249024610A89B
:10CC4000E3F724FE179E4E4900EAD6760746C6F162
:10CC5000010210A8E3F71AFE179B4A466FEA030A7F
:10CC600028A918A8FFF78EFE4FEADA7A20A9CAF1A0
:10CC70000102084600F092F8C7F10107FE246A4657
:10CC800018A928A8FFF740FF631138AA02EB830315
:10CC900004F01F0253F8A03CD340554603F0010AAC
:10CCA0008AEA05052A4628A918A8E3F74BFE2A4672
:10CCB00030A920A8E3F746FE013C28A918A8FFF7F1
:10CCC000BDFE631CDBD1CAF1010220A908A800F057
:10CCD00065F886EA0A066A4618A928A8FFF714FF2D
:10CCE00028A9324618A8E3F72DFE324630A920A81D
:10CCF000E3F728FE08A96A460846E4F789F808A978
:10CD0000084600F09DF808A908F1200409F1200266
:10CD10000846E4F77DF820A908AA2046E4F778F849
:10CD200008AA18A96846E4F773F869466846E4F764
:10CD300087F818AA694608A8E4F76AF82146684601
:10CD4000E4F77EF808AA69461046E3F7D9FF0E4AD1
:10CD500008A96846E3F7D4FF20462021E3F778FFCF
:10CD600008A9024644426846E3F7ECFD4046074AFC
:10CD70006946E4F74DF83C43204638B0BDE8F087FB
:10CD8000CCAC0200ECAC02004CAD0200ACAC02003A
:10CD90000A460149FFF746BF0CAD020070B588B0E6
:10CDA00004460D4616460021202268460CF037FA4C
:10CDB000002329462022204600930CF022FA2A461E
:10CDC00069466846E3F79CFF324669462046E3F72A
:10CDD000B9FD08B070BD00BF0B681BBAC3614B68DA
:10CDE0001BBA83618B681BBA4361CB681BBA0361B2
:10CDF0000B691BBAC3604B691BBA83608B691BBA92
:10CE00004360CB691BBA0360704700BFCB691BBA94
:10CE100003608B691BBA43604B691BBA83600B6963
:10CE20001BBAC360CB681BBA03618B681BBA436132
:10CE30004B681BBA83610B681BBAC361704700BFA4
:10CE400070B598B00D46064610A8E3F7F9FF2A46DC
:10CE500010A96846E3F7DCFF694610A8E3F7F0FF86
:10CE600010A90846E3F7ECFF6A4610A908A8E3F703
:10CE7000CFFF08A910A8E3F7E3FF10A90846E3F7DE
:10CE8000DFFF10A90846E3F7DBFF10A90846E3F728
:10CE9000D7FF10A908AA0846E3F7BAFF10A9084669
:10CEA000E3F7CEFF10A90846E3F7CAFF10A96A46C8
:10CEB00008A8E3F7ADFF052408A910A8E3F7C0FF11
:10CEC00010A90846E3F7BCFF013C10A9F5D108AA58
:10CED0000846E3F79DFF052410A90846E3F7B0FFD5
:10CEE00010A90846E3F7ACFF013CF5D110A908AA48
:10CEF0000846E3F78DFF10A908A8E3F7A1FF08A9EA
:10CF00000846E3F79DFF08A96A466846E3F780FFF5
:10CF10001024694610A8E3F793FF10A90846E3F729
:10CF20008FFF013C10A9F5D12A460846E3F770FFB0
:10CF3000402410A90846E3F783FF10A90846E3F749
:10CF40007FFF013CF5D110A96A460846E3F760FF70
:10CF5000102410A90846E3F773FF10A90846E3F769
:10CF60006FFF013CF5D110A96A460846E3F750FF70
:10CF7000102410A90846E3F763FF10A90846E3F759
:10CF80005FFF013CF5D110A908AA0846E3F740FF6E
:10CF90002A4610A93046E3F73BFF18B070BD00BF2A
:10CFA00008B5054B044613B10021AFF3008000F033
:10CFB00013FB2046F4F794F800000000F8B50E4B80
:10CFC0001D68AB789B07064612D56F6816F8014BB3
:10CFD00029462CB90A20B847002805DB204609E07D
:10CFE0002046B8470028F1DAAB7843F00403AB7071
:10CFF0004FF0FF30F8BD00BFE8A302000CB430B51D
:10D0000089B005460C461C22002101A80CF007F946
:10D0100002238DF806300E4B0293059523462CB162
:10D02000B4F1004F28BF4FF00043013B1D440DAA4F
:10D030000C99069501A8009200F072F814B1059BB6
:10D0400000221A7009B0BDE8304002B0704700BF3E
:10D0500059930200242AF0B5044601D8012A40D190
:10D060000CF082F92D4B16221A5001B10C600020F1
:10D07000F0BD2F463D4615F8010B2028F9D0A0F150
:10D080000906042E0346F4D92B282CD02D282CD1A8
:10D0900001267B78BD1C302B2DD1287840F0200054
:10D0A000782824D132F0100021D16B782C46102240
:10D0B00002350020392B82BF03F1FF3343F02003F8
:10D0C000263B303B9A421AD9A0FB02040CB9C01887
:10D0D00001D346F002062F462C4617F8013B3D4689
:10D0E000E8E70746C6E70026D3E70026D3E7002A8D
:10D0F00008BF0822DDE7002A08BF0A22D9E701B1EC
:10D100000C60F20748BF4042B307B1D50CF02CF9D0
:10D11000024B22221A504FF0FF30A9E70C0000000A
:10D120002DE9F04F8DB043680293837815469A0736
:10D13000804640F10D8100240E78002E00F00A8117
:10D14000252E0BD04B1C03930134029B41463046E5
:10D1500098470028C0F2F6800399EDE74E788B1CC3
:10D16000252E0393F0D00027B946BB46BBF11F0F15
:10D1700038D8A6F12003102B0AD8DFE803F02A09DB
:10D1800009300909092109090928092D09091F0080
:10D19000A6F13003092B33D92A2E37D11BF0400FCB
:10D1A00055F8043B40F08280002BA7BF4BF0200BCA
:10D1B0009946C3F100094BF0280B01E04BF0010B3D
:10D1C000039B13F8016B0393002ECFD130E04BF09B
:10D1D000020B4BF0040BF3E74BF0080BF0E74BF0BE
:10D1E000100BEDE7BBF17F0F19D8A6F13003092B27
:10D1F000D2D81BF0400F03D00A2101FB0737DFE72D
:10D200000A2101FB09394BF0200BD9E72E2E06D15C
:10D210001BF0400F40F09E804BF0400BD0E76C2E8F
:10D2200031D02BD8682E36D06A2E3CD04C2E3AD036
:10D23000002F46F02003B8BF2BF04002A3F1650198
:10D24000BCBF1FFA82FB0027022901D9612B2FD115
:10D25000073525F00705DFF8ACA2083507271BF0D6
:10D26000080F66D00AEB070B56465E4563D1A4EB68
:10D270000A0A06EB0A02A9EB07096FE1742E9FD098
:10D280007A2E9DD0D4E71BF0800F18BF4BF4007BA3
:10D290004BF0800B94E71BF4807F18BF4BF4007BAE
:10D2A0004BF4807B8CE74BF4207B89E71F4687E7B4
:10D2B000A6F16301122900F2F080DFE811F01300FB
:10D2C0004F00EE00EE00EE00EE004F00EE00EE002C
:10D2D000EE00EE00EE00FE00E900EE00EE001B00A6
:10D2E000EE00AF0055F8043B8DF8183001270DF122
:10D2F000180AB4E755F804AB834BBAF1000F08BF26
:10D300009A461BF0400F14BF39464FF0FF3150468C
:10D310000BF0BFFF0746A2E7029B4146202098473B
:10D3200000280FDB013EB742F6D34C44A41BB146A4
:10D3300098E74E46F7E716F8010B029B41469847DF
:10D34000002892DA98F8023043F0040388F802309B
:10D350004FF0FF3420460DB0BDE8F08F1BF0800F7A
:10D3600034D01BF4007F2CD0073525F00705AA46E2
:10D3700069685AF8080B2BF010050029ADB237DAAE
:10D38000404261EB410145F480650DF1180B0A2321
:10D390005A460BF08AFFA0EB0B0301936B0662D594
:10D3A000019B25F001019F4289B240F3A180002E2C
:10D3B00000F0998015F0100240F09C80BB460D46AD
:10D3C00023E0AA465AF8040BC117D4E7AA461BF477
:10D3D000807F5AF8041B01D10846F5E71BF4007F53
:10D3E00015BF48B208B241F3C01141F3C031C2E7E2
:10D3F00050EA0103C9D11BF0400FC6D0002FC4D1A1
:10D400002BF0110295B2BB46019740F2064115EA96
:10D4100001021CBF0BF1010B00222CE02BF01002CB
:10D420001FFA82FB0A231BF0800C49D01BF4007109
:10D430001DBF073525F00705AA46AA461ABF5AF8A8
:10D44000080B69685AF8040B50EA010545D12BF026
:10D4500016051BF0400FADB242D0002F40D12BF08B
:10D46000170295B2019715F0100248D0019B002ECB
:10D4700042D103F1010B29075AD4EB0706D5D94550
:10D480006FDD0199A9EB0B035F18CB465B4649E0C2
:10D490004BF0100B10237826C5E7782B04D1C6F18A
:10D4A000780343F01003BEE7029B414625209847CE
:10D4B0000028FFF647AF023447E608230026B2E70C
:10D4C000AA461BF480715AF8040BBDD01BF40071FE
:10D4D0001ABFC0B2614680B2B6E72BF0060295B221
:10D4E0000DF1180B54E725F01105ADB2BB468CE7E2
:10D4F0000D46B8E73B460D4603F1020BBBE7DDF8EE
:10D5000004B082E7D5AD0200CEAD0200CDE9043211
:10D510004146029B202098470028FFF613AF049B4A
:10D52000059A01339945F1DCA4EB0B01CC189B461D
:10D530000AB3029B4146302098470028FFF602AF0D
:10D540008EB901342744019B391B994224DC1D46C6
:10D550005DBB019AA9EB0B09224455461446914440
:10D5600035E0019F92E7023441463046029B9847DE
:10D570000028E7DAE6E640F206410D42E2D015F077
:10D58000020F14BF2B20202015F4806F04F101043A
:10D59000414618BF2D20E9E7029B414630209847BD
:10D5A000002804F10104CEDACCE606AB013D414689
:10D5B000585D029B98470028CADAC3E6029B4146A1
:10D5C00020209847002804F10104FFF6BBAEA9EB28
:10D5D0000403002BF2DCBFE538B5074D074C641B94
:10D5E000A41024B9064B0BB1AFF3008038BD013C49
:10D5F00055F824309847F4E70000000000000000D0
:10D6000000000000704708B501460220FBF77AFAD7
:10D6100008BD00EBC1018368B3F5004F0AD322B106
:10D620004B6843F001034B6070474B6823F00103E4
:10D630004B60704722B14B8843F001034B80704729
:10D640004B8823F001034B807047C9008368B3F512
:10D65000004F03D308231944084470470423FAE712
:10D6600010B400EBC10C8468B4F5004F19D3DCF89A
:10D670000C30994218D0B4F5004F21D3DCF80810D3
:10D68000043240F8223000EBC102B4F5004F1AD347
:10D69000D36000EBC3038268B2F5004F15D39960E5
:10D6A0000CE0BCF80630E4E7C3680121914023EAAE
:10D6B0000103C3600432002340F8223010BC7047DD
:10D6C000BCF80410DCE7D380E3E79980F6E7131D8C
:10D6D00050F82330DBB9C3684FF0010C0CFA02FCA0
:10D6E00043EA0C03C360043240F8221000EBC1038C
:10D6F0008268B2F5004F06D399608268B2F5004F98
:10D7000003D3D96070479980F7E7D980704710B587
:10D7100000EBC30C8468B4F5004F1CD3DCF8082080
:10D7200000EBC10EB4F5004F18D3CEF80820846882
:10D73000B4F5004F15D3CEF80C3000EBC20283686D
:10D74000B3F5004F10D3D1608368B3F5004F0DD30C
:10D75000CCF8081010BDBCF80420E1E7AEF80420B6
:10D76000E5E7AEF80630E8E7D180EDE7ACF8041065
:10D77000F0E730B400EBC10C8468B4F5004F29D356
:10D78000DCF80450531A891A01EB55015D00B4F519
:10D79000004F22D3CCF804504C0000EBC20C85683B
:10D7A000B5F5004F1CD3CCF804408468B4F5004FA5
:10D7B00019D340F832308368B3F5004F16D3DCF844
:10D7C000044002EB5402B3F5004F12D340F832107C
:10D7D00030BC7047BCF80250D4E7ACF80250DBE72D
:10D7E000ACF80240E1E720F83230E4E7BCF8024050
:10D7F000E7E720F83210EBE730B400EBC1018468B2
:10D80000B4F5004F1ED34B685B0800EBC20CB4F5B7
:10D81000004F19D3DCF8045003EB55035D00B4F559
:10D82000004F14D34D608168B1F5004F11D3DCF87F
:10D83000044002EB5402B1F5004F0DD340F83230F2
:10D8400030BC70474B88DFE7BCF80250E4E74D80FE
:10D85000E9E7BCF80240ECE720F83230F0E78368F3
:10D86000B3F5004F04D30823C91A081AC00870473B
:10D870000423F9E708B58368B3F5004F07D300EB3D
:10D88000C10252685208012A02D0002200E00022A0
:10D89000A2B900EBC102B3F5004F10D35268520891
:10D8A000B3F5004F0DD308230833A2EBD3020132A6
:10D8B000B2FA82F2C2F11F02FFF7D2FE08BD52880F
:10D8C000EDE70423F0E708B58368B3F5004F07D30D
:10D8D00000EBC10252685208012A02D0002200E087
:10D8E0000022A2B900EBC102B3F5004F10D3526879
:10D8F0005208B3F5004F0DD308230833A2EBD3022F
:10D900000132B2FA82F2C2F11F02FFF7E0FE08BD57
:10D910005288EDE70423F0E7F8B504460D46CE0043
:10D9200000EBC1078368B3F5004F1FD3796805EB9F
:10D93000510104EBC102B3F5004F19D3536813F042
:10D94000010F17D0A368B3F5004F24D3A159691A6A
:10D9500004EBC102B3F5004F1FD3536813F0010F5E
:10D960001DD029462046FFF7AEFFF8BD7988DEE7D7
:10D970005388E4E72046FFF77DFFA368B3F5004F27
:10D9800007D37A6805EB520229462046FFF734FF99
:10D99000D8E77A88F6E7A15BD9E75388DEE7204627
:10D9A000FFF768FFA368B3F5004F0CD3A1592A46CF
:10D9B000691A2046FFF720FFA368B3F5004F04D390
:10D9C000A359ED1ACDE7A15BF1E7A35BF9E7F8B541
:10D9D0008568B5F5004F10D308230833A1EBD303B6
:10D9E0000133B3FA83F3C3F11F02C3F1230450F8E8
:10D9F000246046B34FF0030C12E00423EDE7BEF8B9
:10DA0000027017E02146FFF72BFE24E0BEF8064027
:10DA1000171D40F82740BCF1010C14D0A64212D0CB
:10DA2000141D50F8244000EBC40EB5F5004FE6D3AA
:10DA3000DEF80470B1EB570FE4D9B5F5004FE5D32C
:10DA4000DEF80C40E4E7C468C3F1200201239340F0
:10DA50005B421C4001D12046F8BD94FAA4F2B2FA10
:10DA600082F2131D50F823402146FFF7F9FDF2E73B
:10DA700079B138B505682846FFF7F1FE0446002263
:10DA800001462846FFF7C5FD21462846FFF744FF1B
:10DA900038BD704770B50568B9B3CC0801F007030D
:10DAA000AA68B2F5004F21D308210B44073304EBD9
:10DAB000D304944228BF144621462846FFF787FF27
:10DAC000064620B305EBC003AA68B2F5004F0FD39A
:10DAD0005B68B4EB530F0DD3012231462846FFF7A4
:10DAE00098FD31462846FFF7B0FD70BD0421DCE704
:10DAF0005B88EEE73444224631462846FFF739FE7C
:10DB000021462846FFF7DFFEE6E70020EDE700208C
:10DB1000EBE708B51146FFF7BDFF08BDF8B5B2F554
:10DB2000802F23D30823D21ACC1D24F0070401EB45
:10DB3000020C2CF0070CACEB040C4FEADC01046087
:10DB4000A1600023E360BCF5802F11D308230833C4
:10DB5000A1EBD3030133B3FA83F3C3F1200EC3F176
:10DB600024039B00DE1DF508002308E00423DAE708
:10DB70000423ECE71A1D002044F82200013373450A
:10DB8000F8DB6B00BCF5802F32D36360BCF5802FCF
:10DB900030D300232360BCF5802F2ED3636843F07D
:10DBA000010363604A1B570026F00703E018BCF529
:10DBB000802F27D34760A068B0F5004F24D3E550ED
:10DBC0002CF00703A444A068B0F5004F1ED300203A
:10DBD000CCF80400A068B0F5004F1BD3E25001223E
:10DBE0002046FFF716FD29462046FFF76CFEF8BDDC
:10DBF0006380CBE700232380CDE7638843F00103F4
:10DC00006380CFE74780D6E7E552D9E70020ACF83C
:10DC10000200DFE7E252E2E7002070470FB400B5F0
:10DC200083B004A951F8040B0191F2F7A5F803B0F1
:10DC30005DF804EB04B070470FB400B583B004A9DD
:10DC400051F8040B0191F2F797F803B05DF804EB7B
:10DC500004B07047A0F13003DBB2092B02D80B707F
:10DC600000207047A0F16103DBB2052B03D85738C1
:10DC7000087000207047A0F14103DBB2052B03D8E8
:10DC800037380870002070476FF0150070472DE995
:10DC9000F04383B0164601F0010202EB51089845AB
:10DCA0002FD807464FEA5109F2B90024A1452AD9D5
:10DCB00065000DF1070117F81400FFF7CBFF0028EE
:10DCC00028DB9DF807301B01335501350DF10701A5
:10DCD000785DFFF7BFFF00281FDB335D9DF807204D
:10DCE000134433550134E1E70DF107010078FFF7E4
:10DCF000B1FF00280BDB9DF8073006F8013B013728
:10DD0000D3E74FF00008404603B0BDE8F0834FF082
:10DD10000008F8E74FF00008F5E74FF00008F2E7D9
:10DD200001F00701038B23F007030B4303837047C4
:10DD30002DE9F04106460F469046816821B10C68F6
:10DD40003CB131B90C4604E00C4602E023462146C2
:10DD50001C4669B14D6843463A463046A847002CF8
:10DD6000F4D02368002BF2D0002CF0D12346EEE74C
:10DD7000BDE8F081038B13F0070303D102680AB1F9
:10DD800003207047022B03D0012B06D000207047E0
:10DD9000428B002AF8D10420704703680BB105209C
:10DDA00070470020704710B504468C46038B002A4C
:10DDB00007DB03F007035A1F012A0ED9042B36D0C4
:10DDC00010BDD0E900018CE80300002323606360EC
:10DDD00001212046FFF7A4FFF2E7D0E900018CE81B
:10DDE0000300002222606260062B1BD1DCF80030A9
:10DDF00053B1628B013262831A461B68002BF7D045
:10DE0000002AF5D11346F3E702212046FFF788FFE9
:10DE10002046FFF7AFFF0028D2D0238B43F020032A
:10DE20002383CDE700212046FFF77AFFF0E70021AA
:10DE3000FFF776FF2046FFF79DFF0028C0D0238B19
:10DE400043F020032383BBE750B110B50C4651B11A
:10DE5000081D00F0C2F810B9A368032B06D810BD46
:10DE60006FF0150070476FF01500F8E76FF01500C0
:10DE7000F5E72DE9F04107460C4616461D461946C2
:10DE8000201D00F0C9F828B180462B4632462146B5
:10DE90003846C047BDE8F0812DE9F04180460C4688
:10DEA00017461E4604E033463A464046FFF7E1FF78
:10DEB000216831B10D68256063688B42F3D16560DC
:10DEC000F1E7BDE8F08108B5EFF311824FF0400CA7
:10DED0008CF31288BFF36F8F41610121F1F7A4FF2A
:10DEE00008BD034670B181B10A688AB14A6892B12F
:10DEF0000020186058609860D86018615861986177
:10DF0000196170476FF0150070476FF0150070478A
:10DF10006FF0150070476FF01500704770B505463B
:10DF20000E46FFF791FF041E2EDBEFF31182402314
:10DF300083F31288BFF36F8FB5F818C00CF0070C8D
:10DF40006B8B4FF6FF718B422CD06446BCF1020FF5
:10DF500008D0BCF1060F19D8DFE80CF01E1818180D
:10DF60001E2A1E0001336B8301230021084628B1BD
:10DF700000203060686808B306606E6009BB82F3F9
:10DF80001188BFF36F8F0BBB204670BD6FF0040488
:10DF9000002319461846EAE7BCFA8CF14909002328
:10DFA0000120E4E76FF00A04002319461846DEE773
:10DFB0006FF08504002319461846D8E76E602E607E
:10DFC000DCE702212846F1F72FFFDDE70023624658
:10DFD00031462846FFF74DFFD6E70246B0B1436809
:10DFE00003F00303022B0BD0032B04D0012B04D02E
:10DFF0006FF01500704703685BB1002090607047B8
:10E000000368002BF9D16FF0150070476FF0150011
:10E0100070476FF01500704710B50346426802F074
:10E0200003028160022A04D0032A05D1046800207B
:10E0300004E00068002401E00024204600225A6029
:10E0400008B1FCF77BFF204610BD704710B5C468CF
:10E050004FEA114CD0F800E00CFB04EC1CFA81F103
:10E06000806A84682468A04710BD08B50823FFF7BC
:10E07000EDFF08BD2DE9F04389B08146884615467D
:10E080001E46C36A1F687F4207F02007E6B1344688
:10E09000BE4228BF3C4623466A4641464846FFF7F3
:10E0A000D5FF034698B94FF0000CA44509D20CF1F6
:10E0B00020036B4413F820ECAE4507D10CF1010CA2
:10E0C000F3E7361BA044E1E7002300E001231846F4
:10E0D00009B0BDE8F0830023072B04D8C25C8A4254
:10E0E00003D10133F8E700207047012070470B6827
:10E0F00003F580330B60028AB2EB134F00D07047F8
:10E10000A3EB02430B60FAE770B504460D0C0368FD
:10E11000C268090C01FB0231806A00F00DFF06465F
:10E1200008B1304670BD2D04E26AE3685279294691
:10E130002046FFF79FFF0028F3D06FF00506F0E7B9
:10E1400010B5044607220146FF20F9F7DFFAE3790C
:10E15000834201D0012010BD0020FCE770B50446C9
:10E160000846E36A1B68012B0ED9DE1D5B421E4088
:10E17000438882889D18FFF7E3FF38B9E3689B1B4B
:10E18000AB4205D9012070BD0826F1E70020FAE76F
:10E190000020F8E72DE9F04182B006468846C36AC0
:10E1A0001B68012B0AD9DF1D5B421F40D8F80040D5
:10E1B000E41BC8F80040250C2D0402E00827F5E711
:10E1C000E41BAC4217D96A4621463046FFF74DFFA3
:10E1D000034688B969463046FFF7C0FF0028EFD0F4
:10E1E0002D0C2D04BDF80230BDF8042013441D444D
:10E1F000C8F80040E4E70023184602B0BDE8F0810B
:10E2000038B505460C46FFF7A9FFD0B1A388BBB9C6
:10E2100022884FF6FF739A4214D1EB6A1B68012BD8
:10E220000CD9DA1D5B421A40EB6861885B1AB3FBBC
:10E23000F2F102FB11333BB9012002E00822F3E7BF
:10E24000002038BD0020FCE70020FAE7F0B583B0DD
:10E2500004460D46C36A1B68012B2AD9DE1D5B42AA
:10E260001E4029682046FFF700FF0746F0B92B68DB
:10E2700033442B6099B2E268921B914216D11A0C7A
:10E2800019D1228A013A03EB02432B606A462968BE
:10E290002046FFF7EAFE074640B9E36A5979684627
:10E2A000FFF719FF58B962682A600746384603B07D
:10E2B000F0BD0826D5E7A3F580332B60E6E7694675
:10E2C0002046FFF79DFF38B16B881B042B60BDF81B
:10E2D000022013442B60E9E729462046FFF75AFF46
:10E2E0000746E3E710B5044607220146FF20F9F789
:10E2F0000DFAE07110BD002B40D02DE9F04389B03C
:10E300000546174698460368C268080C00FB0233AE
:10E3100013FA81F4A146EB6A1B685B4213EA080614
:10E320000ED0A86A8368D3F8049033463A46214653
:10E33000C84748B9A8EB060804EB0609374400E0D3
:10E340000020B8F1000F02D109B0BDE8F0834246C9
:10E35000394668460AF055FFEB6A1A68A2EB0802D4
:10E3600059790DEB08000AF05AFFA86AEB6A1B689E
:10E37000826854686A464946A047E5E7002070472E
:10E3800038B50546144613460A468168FFF7B3FFC1
:10E39000EB6A1B68012B03D91C44013C5B421C4007
:10E3A000AB682344AB6038BD2DE9F04188B0074627
:10E3B0000E461546C36A1B68C3F1000808F0200822
:10E3C00001E02D1B2644ADB12C46454528BF4446EF
:10E3D00023466A4631463846FFF738FE034650B9B1
:10E3E0000023224669463846FFF7CAFF0346002845
:10E3F000E7D000E00023184608B0BDE8F08110B572
:10E4000004460A4608234168FFF775FFE36A1B6864
:10E41000012B06D9DA1D5B421A4063689B1A6360C0
:10E4200010BD0822F9E710B582B004464FF6FF731D
:10E43000ADF800300022ADF804208DF806300389D5
:10E44000ADF802306846FFF74DFF69462046FFF7FA
:10E45000D6FF02B010BD2DE9F0418AB00446C36A70
:10E460001B68012B2DD9DE1D5B421E40E3881B0477
:10E47000039303A92046FFF73AFEE168039B194482
:10E48000891B029108AA2046FFF7EFFD031E14DB4B
:10E49000E36A597908A8FFF71EFEA0B96268A3686D
:10E4A00033449A4204D32046FFF7BDFF034620B908
:10E4B00003992046FFF728FE034618460AB0BDE838
:10E4C000F0810826D2E7029BA3EB060808A92046A4
:10E4D000FFF796FE40B1BDF80A301B040293BDF869
:10E4E00022201344029323E002A92046FFF752FEA4
:10E4F0000346E8B1E1E76268019B9A4214D0019DAE
:10E5000004AA01A92046FFF7A1FE03460028D4D1A2
:10E51000BDF81020BDF818309A42ECD104A920466D
:10E52000FFF71CFE0028E6D0AF4213D0B845B5D0A7
:10E53000029F06AA02A92046FFF788FE034600288C
:10E54000BBD106A92046FFF709FE0028EED063687C
:10E550000193D4E7BDF81C30002BE7D03B0C1B0423
:10E56000BDF81A501D442389ADF81A3006A8FFF7EC
:10E57000B9FEBDF81C2029462046FFF715FF0346CB
:10E5800000289AD106A92046FFF739FF0346002844
:10E59000CCD092E710B582B004468C4611461A469C
:10E5A000ADF800C00389ADF80230ADF80420FF23B8
:10E5B0008DF806300123FFF7E3FE08B102B010BD6D
:10E5C0006846FFF78FFE69462046FFF718FFF5E71C
:10E5D00030B583B00446C36A1B68012B27D9DA1D06
:10E5E0005B421A404FF6FF71ADF800100025ADF800
:10E5F000045063689818ADF802008DF806101B0CE3
:10E600001B046360E168891A0B4463606846FFF786
:10E6100069FE69462046FFF7F2FE211D2046FFF7FE
:10E6200066FDE3881B04A360284603B030BD0822C2
:10E63000D8E72DE9F04387B0044600230393C36A6B
:10E640005E7900F114094FF0FF324FF0FF33484676
:10E65000FBF7BCF9E36A1B68012B06D9DF1D5B429F
:10E660001F404FF00008454603E00827F9E7013551
:10E67000ADB2238AAB421CD9E168C91B89B201EB58
:10E6800005410391082332462046FFF7F3FC00289A
:10E69000EDD008F101081FFA88F803A92046FFF71A
:10E6A00026FD0823324603992046FFF7E3FC0028A5
:10E6B000DDD1238A434500F0EA80AB420DD003A9A7
:10E6C0002046FFF767FD0546002840F0C580039B04
:10E6D00063601B0C1B04A36010E0082332460399FF
:10E6E000C91B2046FFF7C6FC0028E8D103A9204635
:10E6F000FFF7FDFCE3E76368DB1B63606168A36809
:10E7000099422DD304AA2046FFF7AFFC0546002806
:10E7100040F09B80314604A8FFF7DDFC00B304A95C
:10E720002046FFF71BFD0028E5D0BDF80E301A0487
:10E73000A260BDF81230BDF814000344E16A096814
:10E74000012903D90B44013B49420B401344A36008
:10E7500062689342CFD10028CDD06FF01C057BE0DA
:10E76000E3881B04039303A92046FFF7C0FCE3687A
:10E77000324603992046FFF77DFC051E6CDB002D19
:10E7800050D063683B44039302E0039B3B440393F4
:10E7900003998AB2E368DB1B9A4218D201AA204689
:10E7A000FFF763FC054600284FD101A92046FFF77B
:10E7B000D5FC0028E9D0BDF804204FF6FF739A423B
:10E7C000E3D1BDF80830002BDFD1012300E00023A6
:10E7D000B3B961682046FFF797FC054600283BD196
:10E7E000E3881B046360E268A2EB470213446360A2
:10E7F0001B0C1B04A3602046FFF72DFE054624E0FA
:10E80000E3881B04039303A92046FFF770FC0399D8
:10E810002046FFF779FC054617E0A368E26A126814
:10E820001344A3606368A1688B4208D95B1A32461F
:10E830002046FFF71FFC051E07DB002DEDD16168A8
:10E8400001EB4702E3689A420DD02DB9A288E36834
:10E85000A3EB47039A4215D04846FBF737F9284601
:10E8600007B0BDE8F083A2680B0C1B049A42ECD001
:10E870002046FFF749FC05460028EDD1E3881B043C
:10E88000A360E2E72046FFF7CEFD0546E4E76FF020
:10E890002C05E1E72DE9F04389B081460E46174685
:10E8A0001D46C36A1B68C3F1000808F0200802E097
:10E8B0002D1B26442744A5B12C46454528BF444678
:10E8C00023466A4631464846FFF7C0FB034648B92F
:10E8D0002246694638460AF0AAFC0028E8D00123FF
:10E8E00000E00023184609B0BDE8F08310B584B0FD
:10E8F0000446143008F0F2FBA06A8368DB6898478E
:10E90000E06220B3A06A8368DB6898470368013B34
:10E910001F2B1FD8E368B3F5803F1ED8A06A21687B
:10E9200001AA06F06CF8D8B9E368E3B1029AB3FB28
:10E93000F2F102FB1133CBB9238A012B19D92046FE
:10E94000FFF777FE08B90123A37404B010BD6FF080
:10E950001500FAE76FF01500F7E76FF01500F4E720
:10E960006FF01500F1E76FF01500EEE76FF015009E
:10E97000EBE76FF01500E8E72DE9F04F87B0019263
:10E9800090F812B0BBF1000F00F09F8004460E46D5
:10E990009946C36A1B68012B1DD903F1070A5A4225
:10E9A0000AEA020A012B19D909EB030808F1FF381A
:10E9B0005B4208EA0308E368A3EB8A034B45C0F017
:10E9C0008780B9F1000F03D0019B002B00F08380FA
:10E9D0006368039308E04FF0080AE3E7C846EAE7F4
:10E9E0006268039B9A4213D0039F04AA03A920469E
:10E9F000FFF72CFC054600285FD1BDF81030B3426C
:10EA0000EED104A92046FFF7A9FB0028E8D001E0D9
:10EA10004FF0000BBBF1000F18D03F0C3F04BDF8C6
:10EA200012103944B9F1000F03D1BDF8143083B985
:10EA300043E0BDF814304B450BD14B46019A2046BC
:10EA4000FFF728FF002804DC054636E0B9F1000F87
:10EA500033D0B8F1000F1FD01FFA8AFA1AFA88F7DC
:10EA6000BFB204F114084FF0FF324FF0FF334046BD
:10EA7000FAF7ACFF238A9D421AD06268A3683B4430
:10EA80009A420BD22046FFF7A3FDD0B92046FFF7EC
:10EA9000E2FCC0B90135EDE70027E2E74B46019AF9
:10EAA00031462046FFF776FD054618B94D4601E090
:10EAB0006FF01B054046FBF709F8284607B0BDE894
:10EAC000F08F0546F6E70546F4E76FF00C05F4E72E
:10EAD0006FF01505F1E76FF01505EEE708B50023B7
:10EAE0001A46FFF749FF08BD2DE9F04784B0994663
:10EAF000BDF83080837C002B53D004460F469246ED
:10EB0000C36A1B68012B0BD9DA1D5B421A40E3680C
:10EB1000A3EB42034B4547D366680396002505E007
:10EB20000822F4E76268039B9A4216D0454514D840
:10EB3000039E01AA03A92046FFF788FB034628BBD2
:10EB4000BDF80430BB42EDD101A92046FFF706FB1A
:10EB50000028E7D00135ADB2E4E76268039B9A4232
:10EB600018D0BDF8083013B3454523D3360C36040E
:10EB7000BDF806104B4528BF4B465246314420464F
:10EB8000FFF764FA034608B9BDF80830184604B028
:10EB9000BDE8F087BDF80430BB42E2D06FF001035E
:10EBA000F4E76FF00C03F1E76FF01503EEE76FF099
:10EBB0000103EBE76FF00103E8E710B582B0002432
:10EBC0000094FFF791FF02B010BD704700684B68DA
:10EBD00098420AD3D1F808C06344984208D2086921
:10EBE0004B69984208D2002070470120107070478E
:10EBF00000231370012070476FF00B038B6100231B
:10EC000013700120704770B582B005460C46CE687F
:10EC10000DF10702FFF7DAFF80B92B6861682269FE
:10EC20005B1A46F83230236906EBC3066B687360E3
:10EC3000236901332361012002B070BD9DF80700F4
:10EC4000FAE730B583B00C46154601A9C0B2F1F71A
:10EC5000BFF900280CDB019868B12A462146F1F77C
:10EC6000D3F904460198FFF7B0FF204603B030BD4A
:10EC70006FF01504F9E76FF01504F6E708B500200A
:10EC8000F1F712FA08BD08B500221146F1F7D8F9DC
:10EC900008BD884205DD914204D09042A8BF1046CD
:10ECA00070471046704710B414460AB10023136031
:10ECB000D0B119B900201AE0013101300A782AB127
:10ECC00003789A4202D10BB13D2BF5D172B903788A
:10ECD0002F2B04D03D2B0CD06BB1002007E00CB1E2
:10ECE00001302060012002E0002000E0002010BC84
:10ECF00070470120FBE70120F9E710B402460C46FB
:10ED000009B100230B6092B10020137833B13D2B81
:10ED100004D02F2B02D001300132F6E72F2B01D087
:10ED200010BC7047002CFBD001322260F8E70020B5
:10ED3000F6E72DE9F04385B004460E4690461F469F
:10ED40000C9D0390A5B1296819B103AAFFF7ABFF89
:10ED500058B1D5F80490B9F1000F09D0AB68009311
:10ED60003B46424631460398C84705B0BDE8F083AC
:10ED700003A92046F1F7EEF948B1C4683B46424684
:10ED800031460398A0470028EFD00020EDE700208F
:10ED9000EBE70830704710B5144613460A468188E1
:10EDA0000068FFF70AFF034620469C4200DB184636
:10EDB00010BD002900F093802DE9F04F97B0064672
:10EDC000904699468B4632B13BB90127358F0135C4
:10EDD000ADB2AA4607E00127F8E70027F6E710F1F1
:10EDE000020F37D025466C1EA4B2B4F5004F36D0C2
:10EDF0004A2303AA214606F10800FFF7DEFE002899
:10EE0000EDDB00F158030DEB0300002300F84C3C50
:10EE100003A95846F0F751FC0028E3D1E7B1019768
:10EE20006FB3B4F5004F5DD006F1080721463846B0
:10EE3000FFF754FE002842DB05F57F513F3189B2D0
:10EE40003846FFF74BFE002839DB338FA34209D049
:10EE5000002034E0A246C5E70197A246E0E701237F
:10EE60000193DDE7013B324622F8383F02234FF49D
:10EE700000413846FFF780FD0028E9DA1FE0BAF5C7
:10EE8000404F31D0338F53450BD2324622F838AF42
:10EE900002234FF4004106F10800FFF76DFD002842
:10EEA0000DDB08360AF580414B46424689B23046B2
:10EEB000FFF762FD002802DB019B1BB9002017B0A1
:10EEC000BDE8F08F5846F0F702FC03465A4651461B
:10EED0003046FFF751FD0028F1DB0020EFE76FF02F
:10EEE000150070470020EAE76FF00B00E7E770B508
:10EEF00082B0C36B0363E3B1044600F10805284602
:10EF0000FFF7F4FC064610B1304602B070BD022394
:10EF10000DF106024FF400412846FFF74EFE00288F
:10EF200003DBBDF806302387EEE74FF40043238769
:10EF3000EAE76FF01206E7E7F8B504460D46164615
:10EF40008768FB689847BB6823B13246294620464C
:10EF50009847F8BD6FF05700FBE710B586B0002466
:10EF600000940194029403940494059401910292F4
:10EF7000ADF80C306946F7F751F806B010BD08B58A
:10EF80000AF04DF908BD08B50AF03BF908BD08B50F
:10EF900001460068F1F750FB08BD08B5F1F764FBC6
:10EFA000F1F78EFB08BD0020704708B500231370F1
:10EFB000CB1E092B1AD8DFE803F005090D1119192A
:10EFC000191919141146F1F749FD08BD0021F1F78F
:10EFD000B1FCFAE70021F1F7C1FBF6E7F1F734FCE9
:10EFE000F3E71146F1F78AFC0020EEE7F1F790FC19
:10EFF0000020EAE708B540B2F1F7B2FE08BD08B557
:10F0000040B2F1F7BBFE08BD08B512F0010F04D104
:10F01000023140B2F1F7C4FE08BD0021F9E708B59E
:10F0200000210120F1F708FB08BD6FF08500704753
:10F0300061B662B680F31188BFF36F8F704772B606
:10F04000002383F31188BFF36F8FBFF34F8F30BF5F
:10F0500062B6BFF36F8F704772B6002383F31188D7
:10F06000BFF36F8FBFF34F8F20BF80F31188BFF3C3
:10F070006F8F62B6704743685A1E134206D11F2B2A
:10F0800006D903681A4205D0002070470020704757
:10F09000002070470120704700B585B00B680193D0
:10F0A0004B688A68202B12D9B3F1004F11D8013B6D
:10F0B000B3FA83F3C3F11F035B0003F03E03134372
:10F0C000039301A9F1F77AFF05B05DF804FB08236B
:10F0D000F5E73E23F3E72DE9F84380460F469946CE
:10F0E0001646002509E02146F0B2FFF7D5FF064697
:10F0F00010F1160F14D001360135BD4210DA05EBC0
:10F10000450408EB84046268002AF5D0B9F1000FC9
:10F11000E9D02046FFF7AFFF0028E4D16FF01506D5
:10F120003046BDE8F883F0B585B0054603A8F0F792
:10F1300031FF0646002424E0B3F5801F20D1576834
:10F1400009589368202B64D9B3F1004F63D8013B71
:10F15000B3FA83F3C3F11F035B0003F03E0343F0F4
:10F16000885343F43023009701910293694628782D
:10F17000F1F724FF0028C0F2A8802B7801332B7010
:10F180000134B44280F0A4802001039901EB041201
:10F19000D3681B0D1B05B3F5000F5ED01DD8B3F56A
:10F1A000001F3AD0B3F5800FC6D15768095893684D
:10F1B000202B4ED9B3F1004F4DD8013BB3FA83F366
:10F1C000C3F11F035B0003F03E0343F0007343F4FD
:10F1D0000033009701910293C8E7B3F1807F56D0C6
:10F1E000B3F1007FCCD1576809589368202B68D9B8
:10F1F000B3F1004F67D8013BB3FA83F3C3F11F03A8
:10F200005B0003F03E0343F48023009701910293D7
:10F21000ACE70823A3E73E23A1E7576809589368A2
:10F22000202B12D9B3F1004F11D8013BB3FA83F36D
:10F23000C3F11F035B0003F03E0343F0885343F424
:10F24000002300970191029390E70823F5E73E23FE
:10F25000F3E70823B9E73E23B7E7576809589368EF
:10F26000202B10D9B3F1004F0FD8013BB3FA83F331
:10F27000C3F11F035B0003F03E0343F0827300976A
:10F280000191029372E70823F7E73E23F5E75768F9
:10F2900009589368202B10D9B3F1004F0FD8013BC8
:10F2A000B3FA83F3C3F11F035B0003F03E0343F0A3
:10F2B000887300970191029358E70823F7E73E23EC
:10F2C000F5E708239FE73E239DE76FF0150000E078
:10F2D000002005B0F0BD08B5F1F784FE08BD08B503
:10F2E000F1F78AFE08BD08B5F1F702FF002008BD5E
:10F2F00038B50446037F1B3323F00303028B521AF5
:10F30000856A03FB0255F1F719FFA872237FEB72A0
:10F31000284638BD70472DE9F04104460D46174692
:10F320001E46807AF1F716FF436A1B68D3F8008007
:10F330003A46334629462046C047BDE8F08138B5F5
:10F340000446807AF1F706FF0546616951B1637A98
:10F3500013F0010F04D1436A1B689B68204698474D
:10F36000002363612146284607F08AFF38BD10B5A7
:10F370000446807AF1F7EEFE037F1B3323F003038C
:10F38000826AA41AB4FBF3F010BD70B504460D46B2
:10F39000807AF1F7DFFE436A5A689E682E6015682E
:10F3A0002046FFF7E4FF00FB065070BD00230382F8
:10F3B0004369C36070472DE9F04385B0054603916A
:10F3C00090461C46684608F0A1FBDDE90067EFF3B4
:10F3D0001182402383F31288BFF36F8F6B8B8BB343
:10F3E00091462A8B93420BD2002200232846FAF73B
:10F3F000C3FB044620B189F31188BFF36F8F0AE085
:10F40000698B4B1E6B8389F31188BFF36F8F28467E
:10F41000FFF76EFF0446039B0BBB002363610123D0
:10F420002372002161726160039B6382E27A04F1BE
:10F43000180009F0F4FE2046FFF7B8FF204605B09B
:10F44000BDE8F08382F31188BFF36F8F42462346F5
:10F450002846FAF791FB04460028DCD1EEE7324655
:10F460003B46684608F088FBDDE9002303A92046F7
:10F47000FFF751FF054660610028D0D12046FFF715
:10F480005EFF2C46DAE708B5416A8968FFF793FF0B
:10F4900008BDEFF31182402383F31288BFF36F8F0F
:10F4A00000230B60436833B11960416082F3118817
:10F4B000BFF36F8F704741600160F7E70346EFF3DA
:10F4C0001182402181F31288BFF36F8F006828B149
:10F4D00001681960D3F804C0604504D082F3118834
:10F4E000BFF36F8F70475960F8E738B5044603E003
:10F4F0002046FFF724FF2C468CB16568237A73B150
:10F50000013BDBB2237253B9E3606360A07AF1F789
:10F5100021FE036A002BEBD020469847EBE738BD6D
:10F52000027A013202727047034618465B68002B6C
:10F53000FBD1704770B504460D4646681EB10846BB
:10F54000FFF7F2FF4660656070BD38B50D4638B113
:10F550000446FFF7E9FF2946FFF7ECFF204638BDD8
:10F560000846FFF7DDFFFAE783680B440360704746
:10F57000D0F800C042688368C1F800C04A608B6060
:10F5800070470268838819448180D018704738B565
:10F590000D4614461146FFF7F4FF2246294609F0AE
:10F5A00030FE38BD10B50C460121FFF7EAFF0470AC
:10F5B00010BD03460068401A18609A880A449A8071
:10F5C000704710B50C460121FFF7F3FF047010BD22
:10F5D00003468288521A8280006808441860704787
:10F5E000034600689A88521A9A800144196070474D
:10F5F00010B503681C780121FFF7EAFF204610BD13
:10F6000010B503681C880221FFF7E2FF204610BDF9
:10F6100002688068101A704738B50446C588FFF73D
:10F62000F7FF2D1AA088281A38BD08B5F1F79AFD02
:10F6300008BD08B506F086FC08BD10B584B01446B8
:10F64000B1F800C08B78ADF800C08DF8023000230F
:10F65000CDF80330CDF80730CDF80B308DF80F30F2
:10F660006A466946FFF7E5FF08B104B010BDBDF872
:10F6700000209DF802302280A370F6E710B582B01A
:10F680000C4601AA0331FFF7D8FF48B9032201A9AC
:10F69000204609F0CCFDB0FA80F0400902B010BD60
:10F6A0000020FBE770B505460E460021FFF725FB5D
:10F6B0000D281BD12B7B302B05D0312B19D10123E9
:10F6C000337000240EE000233370FAE7C4F1050222
:10F6D000324401231A44022105EB4400FEF7D7FA15
:10F6E0000134E4B2052CF1D9002070BD6FF0150093
:10F6F000FBE76FF01500F8E708B5F0F7F9FD08BD76
:10F700000020704710B58AB00C4605A9F1F720FF1C
:10F7100069462046F1F71CFF10220DF101010DF1A1
:10F72000150009F084FD0AB010BD08B503780A7809
:10F73000934207D1012B0CD0022B0ED02BB16FF0CE
:10F74000150008BDFFF7DEFFFBE740884B88C01AB5
:10F75000F7E740684B68C01AF3E710220131013027
:10F7600009F065FDEDE700B50346042A0FD0102A25
:10F770001DD0022A02D000205DF804FB0022027096
:10F7800048780A7842EA00225A800120F4E70120F2
:10F790001870CA7891F802C04CEA022C91F801E086
:10F7A0000A7842EA0E2242EA0C425A60E4E7024634
:10F7B000022002F8010BD1F800E0D1F804C08868FB
:10F7C000C968C3F801E0C2F804C09060D1600120AC
:10F7D000D2E710B50446012300F8013B0621F9F7F2
:10F7E000EBFB18B9A37963F03F03A37110BD0B685D
:10F7F00003608A888B7982808371037823F0020307
:10F80000037070470078C0F340007047431E1F2B01
:10F8100015D8DFE803F01712141614141416141474
:10F82000141414141410141414141414141414149C
:10F83000141414141410052070470420704700207D
:10F8400070470220704738B50446807AF1F782FC91
:10F850000546616951B1637A13F0010F04D1436A1F
:10F860001B689B6820469847002363612146284611
:10F8700007F006FD38BD08B5FFF7E5FF0A20F1F7F0
:10F88000B9FE08BD2DE9F04105460C4617461E4657
:10F8900001F10C0800F10C014046FFF769FE4046FB
:10F8A000FFF7B6FEBBB2184468822B8201236B724D
:10F8B00039464046FFF78CFEE36873600023E3603F
:10F8C000628A7281638234602846BDE8F08138B56F
:10F8D00005460C460B684A68DA600B684A895A820A
:10F8E0000868FFF702FE002323606360A360E36003
:10F8F0002846FFF7A8FF38BD438A1BB9C3681BB170
:10F900000020704700207047012070471070C0F33E
:10F9100007235370030C9370000ED0701171C1F364
:10F92000072353710B0C9371090ED171704700B509
:10F93000C379817941EA03214279037943EA0223B9
:10F94000C27890F802C04CEA022C90F801E00278EC
:10F9500042EA0E2242EA0C4043EA01415DF804FB10
:10F960000020704710B5864608464FF0000C6345EE
:10F9700010D902EBCC0112F83C40744507D1028A41
:10F980004B789A4209D34B689847002010BD0CF180
:10F99000010CECE76FF05E00F8E76FF01500F5E79B
:10F9A00008B5FFF7DFFF08BD08B5FFF7DBFF08BDAF
:10F9B0007047D0F8A4307BB15A7B12F0010F0BD006
:10F9C00012F0100F02D01B7B102B02D003234372C6
:10F9D00004E00423437201E002234372827A407AF6
:10F9E00082428CBF002001207047053815280ED8B0
:10F9F000DFE800F00B0D0D0D0D0D0D0D0D0F0F0DB2
:10FA00000D0D0F0D0D0D0D0D0D0F03207047022074
:10FA10007047012070474B09BFF35B8F50F82300FC
:10FA2000BFF35B8F01F01F01084100F00100704738
:10FA300001F01F0201239340490900EB8100BFF34D
:10FA40005B8F50E8002F42EA030140E8001CBCF144
:10FA5000000FF6D1BFF35B8F134214BF01200020CB
:10FA6000704701F01F0C012303FA0CF372B149092E
:10FA700000EB8100BFF35B8F50E8002F1A4340E892
:10FA800000210029F8D1BFF35B8F7047490900EBD3
:10FA90008100DB43BFF35B8F50E8002F1A4040E842
:10FAA00000210029F8D1BFF35B8F7047B2F801C085
:10FAB000034623F870CBD1F800C0C0F870C0B1F88D
:10FAC00004C08979A3F804C09971B2F8173040F2E4
:10FAD000E24101FB03F3C0F88830B2F81930A0F816
:10FAE0009030B2F81B30A0F89230D378C370002366
:10FAF000037370472DE9F04104460E4615469846BB
:10FB0000171D3846FFF77EFE78B139463046FFF7BD
:10FB10006EFED5F81130C4F80130B5F81530A4F8F0
:10FB2000053001232370BDE8F0813946404600F0DE
:10FB3000B5FD0368336082888379B280B3716B68E6
:10FB40002360BA88BB79A280A371ECE710B5F3F704
:10FB50001FF91030BFF35B8F50E8003F23F4807330
:10FB600040E80032002AF7D1BFF35B8F002101206B
:10FB7000F1F7E0FE044638B13C2303730021F3F7AC
:10FB8000A9FF2046F3F700FF10BD3C2800D07047C6
:10FB900008B5FFF7DBFF08BD012800D0704708B5A6
:10FBA000F3F7F6F800F11003BFF35B8F53E8001F83
:10FBB00021F4807143E80012002AF7D1BFF35B8F74
:10FBC00000F01FFF08BD08B5C368D878FFF7E4FF51
:10FBD00008BD08B5C368D878FFF7DEFF08BD70B56B
:10FBE000C468B4F80160237803B170BD0F213046BA
:10FBF000F3F7EAFF054640B1E37803730121F3F719
:10FC000069FF2846F3F7C0FEEFE7E1783046F1F7E9
:10FC10004FFDEAE7C368B3F801001B7803B17047F2
:10FC200010B50F21F3F7D0FF044640B10021F3F7E0
:10FC300051FFA378012B03D02046F3F7A5FE10BD9A
:10FC40002046F3F7A1FEFAE708B5C3680121B3F82F
:10FC50000100F3F7B9FF08B1F3F796FE08BD08B548
:10FC6000C36801211888F3F7AFFF08B1F3F78CFEE2
:10FC700008BD10B5C4680121B4F80100F3F7A4FF72
:10FC800090B10346227882B11A1DBFF35B8F52E810
:10FC9000000F40F4803042E800010029F7D1BFF3A3
:10FCA0005B8F1846F3F770FE10BDD4F80310D4F83C
:10FCB0000720C0F89910C0F89D20E5E72DE9F04134
:10FCC000C7683B789B000133028A934243D80026E1
:10FCD00031E0A3611EE02562E56104F1C003BFF3DA
:10FCE0005B8F53E8001F013943E80012002AF8D166
:10FCF000BFF35B8F00212046F3F7EAFD45466B1EFC
:10FD00001FFA83F89DB165698DB12B686361A269A3
:10FD1000AA42DED02046F3F723FDF9F767FF002360
:10FD20002B60236A002BD6D01D602562D5E72046C4
:10FD3000F3F72AFE01363B789E420CDA07EB860386
:10FD4000B3F803500F21B3F80100F3F73DFF044669
:10FD50000028D4D1EEE7BDE8F08108B501210C30D0
:10FD6000FFF73EFC08BD38B50446C2681378018A27
:10FD7000022B06D0042B08D0FFF7B7FB6FF015005D
:10FD800002E0F1F7CDFE002038BD02290DD95078F0
:10FD90003E280ED0FFF729FE054615F0010F1AD1B7
:10FDA00015F0020F1BD10020EEE7FFF79EFB0020AD
:10FDB000EAE7032906D9D378012B0AD00A2B06D00B
:10FDC0000225EAE72046FFF790FB0020DCE7032549
:10FDD000E3E70325E1E72046F1F7C6FDE0E720462B
:10FDE000F1F79EFE0020CFE710B50C46FAF7DAFCDB
:10FDF0002046FFF7B8FF0446FAF7ECFC204610BD9A
:10FE000070B50446038A032B12D904210C30FFF786
:10FE1000E7FB43880088060BC0F30B006083FF22DA
:10FE20002276228A9A4206D02046FFF75EFB01E046
:10FE3000FFF75BFB70BD0F21F3F7C6FE054658B117
:10FE4000F3F700FF207632462146284601F007F8F6
:10FE50002846F3F799FDEDE72046FFF746FBE9E773
:10FE600070B582B0C5680121B5F80100F3F7ACFEAA
:10FE700048B304462B781A2B27D02B78002B42D17D
:10FE8000B5F8033040F2E24202FB03F3C4F88830D5
:10FE9000B5F80530A4F89030B5F80730A4F89230E2
:10FEA000231DBFF35B8F53E8001F21F4805143E80B
:10FEB0000012002AF7D1BFF35B8F2046F3F72EFF25
:10FEC0002046F3F761FD02B070BDC378012BD4D199
:10FED0000E210430FFF7ACFD0028CED1B4F88C30F1
:10FEE000ADF80030B4F88E30ADF80230B4F894308C
:10FEF000ADF80430B4F89630ADF8063069462046C7
:10FF000001F0FFFADCE7261D0C213046FFF783FDE8
:10FF100010B12B78202B0CD0BFF35B8F56E8003F3D
:10FF200023F4805346E80032002AF7D1BFF35B8FF9
:10FF3000C3E794F89830002BEED0013B84F898305A
:10FF40004FF42032002304F14000FAF7A1F8B4E79F
:10FF500000207047028843889A4217D8052A17D98B
:10FF6000B3F5486F16D88188B1F5FA7F14D2C088EE
:10FF7000A0F10A0292B240F6764C62450ED801FB1F
:10FF80000333B3EB800F0BD2012070470020704782
:10FF90000020704700207047002070470020704705
:10FFA0000020704729281ED8DFE800F0201D1D1D05
:10FFB0001D1F151D1D1D1D1D1D1D1D1D1D1D1B1D79
:10FFC0001D1D1D1D191D1D1D1D1D1D1D1D1D1D1D65
:10FFD0001D1D1D1D1D17022070470520704706209E
:10FFE000704707207047092070470120704738B5D7
:10FFF000C3681C780F21B3F80100F3F7E5FD80B169
:020000040002F8
:1000000005467CB98378012B18D02046FFF7CAFF3C
:10001000024621462846F3F759FFC4B92846F3F7AC
:10002000B3FC38BD2046FFF7BDFF024621462846F7
:10003000F3F74CFF2846F3F7A7FCF2E704F081F949
:100040002846FFF7B6FC0028DFD10524DDE721466E
:10005000284600F07FFFE1E770B5C66835780F21CC
:10006000B6F80100F3F7B0FDA8B10446A5B9C27A0D
:10007000F3789A421CD0C3728278012A1BD028469A
:10008000FFF790FF024629462046F3F71FFFEDB920
:100090002046F3F779FC70BD2846FFF783FF024640
:1000A00029462046F3F712FF2046F3F76DFCF2E7EE
:1000B000F3F76AFCEFE733B92046FFF77AFC002834
:1000C000DDD10525DBE704F03CF9F5E729462046BC
:1000D00000F040FFDCE70020704708B5F7F7D2F9E1
:1000E00018B1C3891BB9002008BD0020FCE701201E
:1000F000FAE770B505460C464FF0FF304FF0FF3180
:10010000F1F75AFDB0B1064612210C30FFF739FA6B
:10011000034623F8025BD4F800C06568A168E26872
:10012000C0F802C05D609960DA60314642F21A00A0
:10013000F1F796FD70BD38B504464FF0FF304FF033
:10014000FF31F1F739FD50B1054602210C30FFF7C0
:1001500018FA0480294642F21B00F1F781FD38BDF0
:1001600070B586B0C468258801212846F3F72CFDB8
:1001700090B10646D4F80220D4F8063002A90191C5
:100180006189009103F09EFE40B102A92846FFF765
:10019000B0FF3046F3F7F8FB06B070BD2846FFF716
:1001A000CAFFF6E770B505460C464FF0FF304FF03A
:1001B000FF31F1F701FD58B1064603210C30FFF77E
:1001C000E0F905808470314642F22100F1F748FDE4
:1001D00070BD70B505460C464FF0FF304FF0FF3153
:1001E000F1F7EAFCC0B106460E210C30FFF7C9F961
:1001F00000230360436083608381058023884380FC
:1002000063888380A388C380E3880381314642F2F8
:100210002000F1F725FD70BD6FF06800FBE730B5F9
:1002200083B0C3681C885A88ADF800209A88ADF85E
:100230000220DA88ADF804201B89ADF806300121D0
:100240002046F3F7C1FC68B105466946F3F7C2FDE5
:1002500068B91E212046FFF7A5FF2846F3F794FB57
:1002600003B030BD02212046FFF79CFFF8E7694646
:100270002046FFF7AEFFF0E710B582B0FFF770FB46
:1002800048B90022114640F60340F1F79BFD0446B1
:1002900048B9F1F793FA01AA002141F20300F1F7FE
:1002A00091FD044610B1204602B010BD0198F1F74F
:1002B00067FA0198FFF719F901AA002141F201003C
:1002C000F1F780FD04460028EDD10198F1F71EFA00
:1002D0000198FFF70AF901AA002141F20200F1F7A3
:1002E00071FD04460028DED10198F1F72FFA01983C
:1002F000FFF7FBF8D7E710B582B001AA002142F260
:100300000300F1F75FFD044610B1204602B010BDB6
:100310000198F1F711FA0198FFF7E7F8F5E770B5E2
:1003200082B005460C4601AA002142F22F00F1F7E7
:1003300049FD064610B1304602B070BD0198C36851
:10034000B3F801202A80B3F803302380FFF7CDF8FB
:10035000F1E770B505460C464FF0FF304FF0FF3126
:10036000F1F72AFC68B1064603210C30FFF709F9C2
:10037000058084700022314640F20640F1F722FDEC
:1003800070BD6FF06800FBE708B5F1F7EFFF08BD3F
:1003900008B5C068037813B9FFF7F6FF08BD184623
:1003A000FFF7F3FBFAE738B504464FF0FF304FF0A4
:1003B000FF31F1F701FC68B1054602210C30FFF76F
:1003C000E0F8238803800022294642F21600F1F764
:1003D000F9FC38BD6FF06800FBE7F8B506460F463C
:1003E00014464FF0FF304FF0FF31F1F7E5FB78B1E5
:1003F000054606210C30FFF7C4F833880380478098
:1004000084800022294642F22200F1F7DBFCF8BD8D
:100410006FF06800FBE72DE9F04107460E461546F0
:100420001C464FF0FF304FF0FF31F1F7C5FBA8B18C
:10043000804607210C30FFF7A4F83B8803808670C4
:10044000C57004719DF81830A0F8053000224146AF
:1004500042F23200F1F7B6FCBDE8F0816FF06800BF
:10046000FAE708B500200021F1F794FC10B9F3F782
:100470001BFC08BDF1F7ECFBFBE770B586B004464A
:100480000D4607220131013008F0D1FE0646002357
:1004900000930193029303930493ADF814302A342C
:1004A00010226946204608F0C2FE034638B11022E9
:1004B00005F12A01204608F0BAFE30B9012303F005
:1004C000010026B128B906B070BD0023F7E701206E
:1004D000F9E70120F7E738B54B6803B138BD0546A9
:1004E0000C460B7A1BB9037A13F0040FF6D02A7866
:1004F000206803789A42F1D02946FFF7BEFF002812
:10050000ECD06560EAE74B09BFF35B8F50F823003E
:10051000BFF35B8F01F01F01084100F0010070473D
:1005200000B501F01F0201239340490900EB81004F
:10053000D943BFF35B8F50E8002F02EA010C40E87B
:1005400000CEBEF1000FF6D1BFF35B8F134214BF94
:10055000012000205DF804FB10B504460D21103089
:10056000FFF7DEFF00B910BD0121204600F045FA7B
:10057000F9E738B5044600F1100508212846FFF7D1
:10058000C2FF78B1BFF35B8F55E8003F43F40053DF
:1005900045E80032002AF7D1BFF35B8F00212046E7
:1005A00000F02BFA38BD78BB70B50D4614464FF0FD
:1005B000FF304FF0FF31F1F7FFFA064638B327213D
:1005C0000C30FEF7DEFF2B680360AA88AB798280CF
:1005D000837125686168A268E368C0F80750C0F8B5
:1005E0000B10C0F80F20C0F813300022C0F81720FD
:1005F000C0F81B20C0F81F20C0F82320314642F26B
:100600002700F1F7DFFB70BD6FF0150070476FF04A
:100610006800F8E708B5037A13F0040F00D108BDAD
:100620000146024612F82A0B0131FFF7BCFFF6E73C
:1006300038B504464FF0FF304FF0FF31F1F7BCFA08
:1006400088B1054607210C30FEF79BFF2368036045
:10065000A288A379828083710022294642F2280071
:10066000F1F7B0FB38BD6FF06800FBE738B5044622
:100670004FF0FF304FF0FF31F1F79EFA58B10546C9
:1006800021460C30FEF78EFF0022294642F22D0053
:10069000F1F798FB38BD6FF06800FBE738B910B58B
:1006A0000C4631B1F6F794FE28B1013010BD0020A0
:1006B00070470846FAE72046F8E728B139B108B58F
:1006C0000846F1F739FF08BD6FF0150070476FF06D
:1006D00015007047A0B110B582B0044606216846E7
:1006E000F8F76AFC08B102B010BD9DF8053003F0C0
:1006F0003F038DF8053069462046FFF7DEFFF2E73D
:100700006FF01500704700B10120704708B5037AFB
:1007100013F0010F03D113F0020F06D108BD23F02F
:1007200001030372F2F740F8F8E723F002030372C3
:10073000F2F7B0F8F2E7002070470020704700237E
:100740008B4219D200B502E001338B4211D200EB8B
:10075000C30E30F833C040F201129445F4D1DEF8F4
:100760000420002AF0D0127812F0010FECD0012002
:1007700000E000205DF804FB002070470020704777
:10078000034610F4004F0BD1072013F4803F01D033
:1007900000F0FD0013F4003F01D000F0FB007047B3
:1007A0000620F2E74B09BFF35B8F50F82300BFF33D
:1007B0005B8F01F01F01084100F0010070472DE937
:1007C000F04F83B00646884615469A464FF0000B18
:1007D0005B46D3453AD205EBCB0955F83B70002474
:1007E000CDF800B0019513E05FFA82FB591CC9B245
:1007F0000BF1010E06F805E09D1CEDB27054DCF81B
:100800000410701908F0FDFCAB445FFA8BF301345F
:10081000D9F80420944213D207EBC40C9CF80120B1
:1008200017F834001D46991802314145DCD99A1C4D
:10083000A8EB020209280DD1002A10DD0820D3E719
:10084000DDF800B0019D0BF1010BC2E70C9A1370AB
:10085000002001E06FF0150003B0BDE8F08F6FF0ED
:100860001500F9E72DE9F04182B007460D4616461E
:100870004FF0FF304FF0FF31F1F79EF900B38046A3
:1008800020210C30FEF77DFE04462022002108F0D6
:10089000C6FC009433462A461F21601CFFF78FFFD9
:1008A000044648B9002241463846F1F78BFA04461F
:1008B000204602B0BDE8F0814046FEF716FEF7E79D
:1008C0006FF06804F4E708B542F20800FFF7CAFFCA
:1008D00008BD08B542F20900FFF7C4FF08BD70B5B6
:1008E00082B004461D469DF81C309DF8206003B17F
:1008F0004EB900910192012269462046FFF7E3FFBD
:100900000346C0B94EB10095069B0193012269468A
:100910002046FFF7DEFF034668B91034BFF35B8F54
:1009200054E8003F43F0040344E80032002AF7D1C2
:10093000BFF35B8F0023184602B070BD08B5436853
:1009400013F4806F07D1026912B113F0030F04D0C2
:10095000F2F766F908BD0020FCE70020FAE701F095
:100960001F0C012303FA0CF372B1490900EB81005B
:10097000BFF35B8F50E8002F1A4340E800210029A5
:10098000F8D1BFF35B8F7047490900EB8100DB436F
:10099000BFF35B8F50E8002F1A4040E80021002988
:1009A000F8D1BFF35B8F704770B586B005460C4633
:1009B0004FF0FF304FF0FF31F1F7FEF8D0B10646AF
:1009C0009CB101210C30FEF7EDFD0094082305F1E8
:1009D000100203A93046F1F7DDF80022314642F259
:1009E0000A00F1F7EFF906B070BD00210C30FEF7F8
:1009F000D9FDEAE76FF06800F5E708B5FFF7D4FF27
:100A000008BD08B5183006F011FE08BD38B5F2F77C
:100A1000BFF9D0B10446FFF7F4FF04F11005082137
:100A20002846FFF7BFFE08B9002038BD0921284637
:100A3000FFF7B8FE20B900212046FFF7B5FFF4E725
:100A400000212046F2F776F9F5E70020EDE708B53A
:100A5000FFF7DCFF08BD036813F4805F02D043F4A6
:100A600080630360036813F4005F02D043F4006303
:100A7000036070470B4639B11168196041688A42BA
:100A800009D00023136070471368036041688A42ED
:100A9000F7D14360F5E74360F3E708B50A4603681A
:100AA000002101E019461B682BB19342FAD1FFF7F0
:100AB000E1FF012000E0002008BD002070478078A1
:100AC000012814BF002001207047D0F8B40000387E
:100AD00018BF01207047D0F8A8304BB1D0F8AC3027
:100AE00043B1D0F8B0300BB10020704701207047FF
:100AF000012070470120704700207047437A8372BD
:100B0000704710B50446F2F789FD01462046FEF70E
:100B1000DEFEF1F79DF810BD70B504460FE083F3DB
:100B20001188BFF36F8FD8B145688668F2F780FDF2
:100B30001DB1002231462046A847F1F789F8EFF3AE
:100B40001183402282F31288BFF36F8FE06900287F
:100B5000E5D00268E261216A8842E0D12262DEE7E4
:100B600070BD08B52438FFF7D7FF08BD70B504463F
:100B700008464D688E68F2F75BFD25B16FF06D0297
:100B800031462046A84770BD08B5084689691160FE
:100B9000C2691A60C27A0021183008F040FB08BD13
:100BA00000B501F01F0201239340490900EB8100C9
:100BB000D943BFF35B8F50E8002F02EA010C40E8F5
:100BC00000CEBEF1000FF6D1BFF35B8F134214BF0E
:100BD000012000205DF804FB4B09BFF35B8F50F848
:100BE0002300BFF35B8F01F01F01084100F00100FB
:100BF0007047437B072B11D110B50446D0F8B030B5
:100C0000984708B9012010BDBFF35B8FD4F8C030FE
:100C1000BFF35B8F022BF6DC0020F4E70120704766
:100C200001F01F0201239340490900EB8100BFF34B
:100C30005B8F50E8002F42EA030140E8001CBCF142
:100C4000000FF6D1BFF35B8F134214BF01200020C9
:100C5000704701F01F0C012303FA0CF372B149092C
:100C600000EB8100BFF35B8F50E8002F1A4340E890
:100C700000210029F8D1BFF35B8F7047490900EBD1
:100C80008100DB43BFF35B8F50E8002F1A4040E840
:100C900000210029F8D1BFF35B8F704708B50C30F5
:100CA000FEF7B6FC052801D0002008BD0120FCE7B6
:100CB0002DE9F04180460D461446032A27D8DFE887
:100CC00002F00202030202BB2846FFF7E7FF0746D5
:100CD00005F10C0604213046FEF76BFCB8F8002045
:100CE00004F00304BB0003F004031C4342EA043392
:100CF00003802B8A043B438005213046FEF761FCCC
:100D00002846F0F785FFBDE8F0810027E0E76FF0A7
:100D10001500F8E7F8B506460C46032A1BD8DFE8AD
:100D200002F002180218002704F10C0504212846DD
:100D3000FEF73FFC338843EA07330380238A043BF2
:100D4000438002212846FEF73CFC2046F0F760FF76
:100D5000F8BD0127E8E76FF01500F9E708B503F0E3
:100D60004FF908BD08B5F2F7FBFC8068B0FA80F0D7
:100D7000400908BD10B504460AE0F0F769FF10BD50
:100D80002046FFF7F3FE2046F2F7EAFCF8F72EFFC5
:100D900061690029F1D00B686361A2699142EFD1CA
:100DA000A361EDE710B50446006918B1FEF79DFB9D
:100DB0000023236110BD70B504460D46012A1BD0E7
:100DC000022A42D103690BB1FFF7ECFF25612169CB
:100DD0000A8A012A3ED9CB6858781B7843EA002357
:100DE00004339BB29A4235D335D8002323610122C4
:100DF000204600F068FB2DE0006980B10E8AAEB19C
:100E00000C30FEF709FC864214D820692A8AE9686A
:100E10000C30FEF7BCFB2846FEF767FBD7E7204601
:100E2000FFF7C0FF2846FEF760FB13E00846FEF719
:100E30005CFB0FE000222169204600F044FB002308
:100E400023612846FEF751FB04E0FFF7ABFF28467D
:100E5000FEF74BFB70BD2046FFF7A4FFFAE770B525
:100E600004460D4616460121F2F732FD3246294668
:100E70002046FFF7A0FF70BDBFF35B8FD0F8C830EE
:100E8000BFF35B8FEBB100B506E0BFF35B8FD0F82B
:100E9000C830BFF35B8F93B100F1C802591CBFF398
:100EA0005B8F52E800CF9C4504D142E8001EBEF1A2
:100EB000000FF6D1BFF35B8FE7D15DF804FB002094
:100EC000FBE70020704738B504460088FFF741FA79
:100ED000054610B9637B072B01D0284638BD082191
:100EE0002046F2F7F7FDF8E7F8B506460D46174637
:100EF000002403E06046F2F747FD0134AC421BD208
:100F0000D02000FB0460FFF7B7FF84460028F4D030
:100F1000437B012B06D05AB2002AEBD0073BDBB251
:100F2000012BE7D8BCF80030BB4201D16046F8BDC8
:100F30006046F2F729FDE0E74FF0000CF6E710B548
:100F40000446F2F7B5FB2046F3F73CFA2046F2F7E9
:100F500011FB10BD08B5437B023B062B10D8DFE820
:100F600003F004060F0F0F0C0400002008BD0173EE
:100F70000021F2F7AFFD0020F8E7FFF7A4FFF5E747
:100F80006FF07F00F2E710B50446D0F8A43043B10B
:100F9000E27882B9DB8913F0210F14BF0120002011
:100FA00010BD00F17001007AF6F76CFA03460028D4
:100FB000EED10020F4E7DB8913F0240F14BF0120E9
:100FC0000020EDE738B58378012B1BD10446437B25
:100FD000072B1AD1CA0901F07F0511F0800F05D146
:100FE000437A9D4214D9837A9D4213D90F21201D43
:100FF000FFF72FFEA5722046FFF7B0FE08B1637A17
:10100000A37238BD6FF01500FBE76FF07F00F8E7C3
:101010000020F6E70020F4E78378012B01D1407A25
:1010200070470020704738B5037A8B421ED10446C2
:101030001546072200F17001284608F0F8F8B8B10B
:10104000E3784BB1072204F17701284608F0EFF866
:10105000B0FA80F040090AE0072204F17E01284638
:1010600008F0E5F8B0FA80F0400900E0002038BD53
:101070000120FCE708B5F2F789FF08B9002008BD98
:10108000F2F782FC0120FAE78378012B01D170305E
:1010900070470020704770B505460C464FF0FF3092
:1010A0004FF0FF31F0F788FDC8B106460E210C3035
:1010B000FEF767FA002202604260826082812B881C
:1010C00003802388438063888380A388C380E38868
:1010D0000381314642F21300F0F774FE70BD6FF0E9
:1010E0006800FBE70B4639B11168196041688A4214
:1010F00009D00023136070471368036041688A4277
:10110000F7D14360F5E74360F3E708B50A460368A3
:10111000002101E019461B682BB19342FAD1FFF779
:10112000E1FF012000E0002008BD0368D3F8B420EF
:1011300032B11168C3F8B410D3F8B800824200D0BD
:101140007047C3F8B810FBE7006B003818BF0120E8
:10115000704710B5D0F8B4406CB1483C5CB1204643
:10116000FFF7F2FF38B92046FFF7DFFFA46C002C31
:10117000F4D0483CF2E7204610BD838C403B9BB244
:101180003F2B05D8008D0B8A984228BF1846704720
:10119000088A7047012070477047704700238364B6
:1011A000C364704710B50C4643685B699847204696
:1011B000FEF79BF910BD38B5044654F8485BF9F7C3
:1011C000F1FA214605F1B400FFF79FFFF9F702FBA2
:1011D00038BD70B5054646680368E3B1FFF7EBFF1D
:1011E00002E02046FEF781F905F1300000220023DD
:1011F000F8F7C2FC044640B1A369002BF1D06FF0B0
:101200006D02E16928689847EBE773680BB12846DF
:10121000984700232B60EB680BB128469847336A48
:101220000BB12846984770BD10B50446F9F7BAFAD5
:10123000224652F8481BD1F8B43000E01B6813B1C5
:101240009A42FBD1012333B9A364D1F8B83043B13A
:101250001A60C1F8B820F9F7BDFA2068F2F7AEFBC2
:1012600010BDC1F8B820C1F8B420F4E710B401F102
:10127000080300248C60846B2CB1236083630860B6
:10128000CA6010BC704783634363F8E7D1B170B59F
:10129000064614460D4601F110030022BFF35B8F92
:1012A00053E8001F43E800200028F9D1BFF35B8F0B
:1012B0002846FFF773FF224629463046FFF7D6FF40
:1012C000012070BD0020704710B5406B38B1083860
:1012D00010F1080408D0846834B1083C04E00446E6
:1012E00002E0234620461C4640B1FFF772FF002C67
:1012F000F7D0A368002BF5D0083BF3E710BD38B555
:101300000D46406B38B1083810F1080408D08468E5
:1013100034B1083C04E0044602E0234620461C4663
:1013200058B143689B680BB129469847002CF4D00C
:10133000A368002BF2D0083BF0E738BDF8B50646AD
:101340000D4614464FF48032002300210846F2F780
:10135000A5FF074630B104210C30FEF712F90670E4
:10136000457044803846F8BD10B504460068C8B1E1
:10137000407B072819D1087A8AB14FF0020C6045EA
:1013800016DCC87A072816D98A61CB6104F13000CF
:1013900005F06AFF2046FFF747FF002010BD4FF021
:1013A000010CECE76FF07F00F8E76FF07F00F5E7E6
:1013B0006FF01500F2E76FF01500EFE7406B10B12A
:1013C000083800E0184650B1838C8B4207D010F1EA
:1013D0000803F7D080680028F5D00838F3E7704795
:1013E00002B1704708B589B2FFF7E8FF18B142684B
:1013F000926902B1904708BD38B50C460521FFF748
:10140000DDFF00231A462146FFF7AEFF054608B967
:10141000284638BD2046FEF768F8F9E72DE9F8437D
:10142000804617461C469DF82060B21C0120FFF73D
:1014300085FF88B1054600F10C0902214846FEF7F8
:10144000A0F8078024B1324621464846FEF79FF8AF
:1014500029464046FFF7D0FFBDE8F8830B8A032BEF
:1014600001D80020704730B583B005460C460421F2
:1014700004F10C00FEF7B4F84288218A914206D1AB
:10148000417821B10378012B01D0132B02D1002028
:1014900003B030BD0022009213462868FFF7BEFF5C
:1014A000F5E7406B10B1083800E0184650B1838A68
:1014B0008B4207D010F10803F7D080680028F5D0E0
:1014C0000838F3E7704770B50C460B8A032B10D928
:1014D00005461646042104F10C00FEF781F8418808
:1014E0002846FFF7DEFF40B132462146FFF75AFE9D
:1014F00070BD0846FDF7F9FFFAE72046FDF7F5FF56
:10150000F6E770B506460C46F2F7A0FE0146082243
:101510001220FFF713FF88B1054608210C30FEF7B3
:1015200030F82388038063884380A3888380E3881E
:10153000C38029463046FFF75FFF70BD6FF00B0098
:10154000FBE770470B4639B11168196041688A4260
:1015500009D00023136070471368036041688A4212
:10156000F7D14360F5E74360F3E708B50A4603683F
:10157000002101E019461B682BB19342FAD1FFF715
:10158000E1FF012000E0002008BD00207047034675
:10159000408D5B8B984228BF184670470346006811
:1015A00020B102681A605968884200D070475A60BA
:1015B000FCE720B119B1884206D8012070470AB172
:1015C000002313800020704702B110800020704774
:1015D00010F1FF0F01D20E2070474042C0B2704799
:1015E00010B4D468237823B902312170012010BCD3
:1015F000704702318B4205D0038A023B03820020F0
:101600001061F4E70120F2E7D06803781BB90431D8
:1016100001700120704704318B4206D091680B8A1B
:10162000043B0B8200201061704701207047406826
:10163000704738B50446807AEFF78CFD054661693E
:1016400051B1637A13F0010F04D1436A1B689B68A0
:1016500020469847002363612146284605F010FE86
:1016600038BD4B09BFF35B8F50F82300BFF35B8F8E
:1016700001F01F01084100F0010070472DE9F04121
:101680000346806850F8542BD2F80080DD68DE886D
:101690001F690021FFF7E5FF48B145B1002404E0D0
:1016A00039464046A8470134A4B2A642F8D8BDE85E
:1016B000F0812DE9F04782B006460C460846F2F765
:1016C00017FF0546D0F808A0E768002106F154008E
:1016D000FFF7C7FF002834D0E3681B782B71002385
:1016E0002B603B78D22B20D004F10C00FDF790FF4B
:1016F0000746ADF80400B4F81090ADF80690AE605F
:1017000000231A462146301DFFF72EFE804640B1C9
:10171000636913FA87F7E760A4F81090C5F808A08A
:101720002860404602B0BDE8F0873368214618685B
:1017300002F063FC80460028D6D02046FDF7D5FE97
:10174000EFE76FF01508ECE708B5FFF7B2FF08BD4B
:10175000F8B505460C46FFF71AFFA368002203E020
:10176000B3F810C062445B68002BF9D1904219D3E2
:10177000AC65A668A360F9F715F831462846FFF76F
:10178000E3FF074630B1A6600023AB65F9F722F806
:101790003846F8BD2846FFF7FAFE0146204601F01C
:1017A00093FEF3E76FF07907F2E770B50446084659
:1017B0000021FFF756FF28B1261F54F8043C0BB157
:1017C000626D02B170BD5D68002DFBD02A685A6061
:1017D00099688D420FD029463046FFF7B9FF00289F
:1017E000F0D054F8043C5A682A605D609A68002A78
:1017F000E8D19D60E6E79A60EDE72DE9F8430746FA
:10180000446A84B3A83C14F1A80503D0D4F8A850C6
:1018100005B1A83D4FF00008464629E08EB12146AB
:10182000381DFFF7BBFE0646D8B101462046FFF73C
:101830008FFF48B37B6833607E60BB6873B1A0469E
:101840001AE0B8F1000FEAD02046FFF79EFE81466D
:101850004046FFF79AFE8145E1D10DE0BE60A0460B
:101860000AE0A04608E02546D4E72B462C461D4654
:1018700054B1A36D002BD1D0002DF6D0D5F8A830EF
:10188000002BF3D0A83BF1E7BDE8F88308B50022B0
:101890000023F8F771F908BD70B504460D460146FE
:1018A0002846FFF7F3FF68B1064601462046FFF7DA
:1018B0004BFF044608B9204670BD3146284605F066
:1018C000DFFCF8E76FF00104F5E7F8B50446061F02
:1018D00050F8045C00F15003BFF35B8F53E8001F26
:1018E00021F0040143E80012002AF7D1BFF35B8F17
:1018F0003DB1636D33B104F158013046FFF7CCFFC1
:10190000C0B9F8BD6F68002FF5D03B686B60AA685E
:1019100097420DD039463046FFF71AFF0028F0D025
:101920006B683B606F60AB68002BE4D1AF60E2E7AF
:10193000AB60EFE705F10C013046FFF7ADFFE0E7E4
:101940002DE9F8438146446A54B3A83C14F1A80534
:1019500003D0D4F8A85005B1A83D002637460EE0C4
:1019600009F10C012046FFF797FF0646E0B1CDB123
:10197000D5F8A83003B1A83B27462C461D469CB19C
:1019800016F1020FECD1002FEAD02046FFF7FDFD43
:1019900080463846FFF7F9FD8045E1D13C46E6E751
:1019A0002546DAE72B46E7E7BDE8F88310B58468FB
:1019B000002104F15400FFF754FE40B1A36D33B190
:1019C0004FF47022002304F17800F8F769FB10BD92
:1019D00070B504460079F2F739FDA668C6B1054630
:1019E0003368ABB11B689BB123688BB93046FFF7F6
:1019F000CCFD30B1052D0BD8DFE805F00B070A0B45
:101A00000A07301DFFF761FFF4E72046FFF7CEFF1E
:101A100070BD2046FFF732FEFAE730B587B00546C5
:101A2000F2F766FD8446EE4604460FCCAEE80F00A2
:101A300094E803008EE803000023CCF80030CCF8D3
:101A40000430CCF80830CCF80C30CCF81030CCF89E
:101A500014302846FFF7EDFD9DF804300BB907B0B0
:101A600030BD6846FFF7B4FFF9E710B5437B072B9D
:101A70000CD10421FFF715FD044640B10021503080
:101A8000FFF7EFFD28B154F8044C00E00024204695
:101A900010BD0024FBE770B5846DE368E3B1054633
:101AA0006269617CF2F730FD0646B8B1E368A2696D
:101AB0006169984730B931462846FFF7FAFD30B9D9
:101AC000002070BD3046FDF710FD0E20F9E73046CE
:101AD000FDF70BFD0E20F4E70520F2E70E20F0E7FE
:101AE00038B504460D46436A43B105F1A803626A5E
:101AF000C5F8A8206362A26A22B138BD0C3005F097
:101B0000A7FBF2E7A362F8E7F0B583B006461446F8
:101B10004FF495720146206801F064FB207518B1FE
:101B20000025284603B0F0BD05463146206801F087
:101B3000CEFC28B1237A33B1182B17D02B4603E003
:101B400008232375EDE70223B7680193638A0093A6
:101B5000238AE26831462068B847002802DB238ADE
:101B6000834205D0FFF734FD2075DAE70423EBE765
:101B7000002323750125D4E701F01F0201239340C0
:101B8000490900EB8100BFF35B8F50E8002F42EA68
:101B9000030140E8001CBCF1000FF6D1BFF35B8FDE
:101BA000134214BF01200020704738B504460D468B
:101BB000FFF77FFD00B938BD294604F15C0005F050
:101BC00053FBF8E701B970472DE9F0410646154689
:101BD0001C460F4604220121F2F796FC804658B1BC
:101BE00004210C30FDF7CDFC0770A0F80150C47043
:101BF00041463046FFF7D9FFBDE8F08130B585B0EA
:101C000005460C4601F10C00FDF7FAFC0346E268BC
:101C1000218A02910192002100910A462846F2F79A
:101C20004BFD05B030BD30B585B005460C4601F121
:101C30000C00FDF7E5FC0346E268218A029101925F
:101C400000220092132212212846F2F735FD05B03A
:101C500030BD2DE9F04F85B080468946144602928A
:101C60001D4643680393FFF792FC2346002202E0DF
:101C7000198A0A445B68002BFAD1904204D80024E8
:101C8000204605B0BDE8F08F0298FDF74DFC0746F1
:101C90004FF0000A86E0198A0A445B68002BFAD1EB
:101CA000841A07F10C063046FDF7B6FC844228D3AF
:101CB0003046FDF7B1FC0646002E2FD0D9F804407F
:101CC000F9683A8A0095B3B20A4449460398A04796
:101CD000041E58DB0E9B2BB10F9A214638469847BD
:101CE000002865D0A346214607F10C00FDF749FC0A
:101CF000A2442C44A5B24046FFF749FC029B0022B7
:101D00004AE04046FFF743FC029B002202E0198AAA
:101D10000A445B68002BFAD1861ACDE7029B987AB9
:101D2000EFF718FA00220023FDF7ADFB074650B18C
:101D30000146029C2046FDF708FC4046FFF727FCC1
:101D40003246234604E054469AE7198A0A445B68FF
:101D5000002BFAD1841A07F10C0B5846FDF75CFCF6
:101D6000844204D35846FDF757FC0646A6E7404692
:101D7000FFF70DFC029B02E01A8A16445B68002BF9
:101D8000FAD1861B9AE7BAF1000F3FF479AF5446B7
:101D900076E7198A0A445B68002BFAD1904207D98A
:101DA000B34505D14046FFF7F2FB029B002275E7E1
:101DB000544665E700B583B0CA681388528800921C
:101DC0000D220C21F2F7A0FE03B05DF804FB00B574
:101DD00083B0CB681B88002200920B220A21F2F705
:101DE00093FE03B05DF804FB70B582B00446CB6887
:101DF0001D885E880DF1060231462846FFF7D9FBA3
:101E000030B1324629462046F2F75AFF02B070BD83
:101E10000123BDF8062004212046FFF7D3FE002051
:101E2000F4E72DE9F04182B007461446D2F800806D
:101E3000D8F804600023137395220146304601F060
:101E4000D1F9207320B10025284602B0BDE8F08109
:101E500005463946304601F038FBD8B14046FFF719
:101E600096FBA268138AC31A012BEDDD022102F151
:101E70000C00FDF786FB0646002301930093A38820
:101E8000A26839464046FFF7E4FE002805DB3080B3
:101E90000125D9E708232373D6E7FFF799FB2073C1
:101EA000D2E72DE9F04182B007461446D2F800800F
:101EB000D8F804600023137395220146304601F0E0
:101EC00091F9207320B10025284602B0BDE8F081C9
:101ED00005463946304601F0F8FA10B90823237355
:101EE000F2E7002301930093A388A2683946404695
:101EF000FFF7AFFE002801DB0125E5E7FFF768FBF0
:101F00002073E1E72DE9F04F93B005460E461446E5
:101F10001768D7F8048000238DF8403042F601039B
:101F2000ADF8423010A90068FDF7FFFB28B9002387
:101F3000A360012013B0BDE8F08F00238DF844307A
:101F40004FF42053ADF8463011A92868FDF7EDFB9A
:101F500040B93846FFF71BFB0146606803464FF067
:101F6000000C0AE0A3681BB15A88B24200D25E801E
:101F70000120DFE71A8A94445B68002BFAD1A1EBB9
:101F80000C03032B01D80020D4E7FDF7CDFA8146DE
:101F90003846FFF7FCFA6368002202E0198A0A4417
:101FA0005B68002BFAD1A0EB020A09F10C0B584632
:101FB000FDF732FB82452DD23846FFF7E8FA636819
:101FC000002202E0198A0A445B68002BFAD1801AC9
:101FD00020B36F680023009310230CAA29464046C3
:101FE000B847051EA3DB227CAA4227D12A460CA9AA
:101FF000E06807F01CF9002899D1002363740421DC
:1020000009F10C00FDF7BDFAA0600680A3685E80B0
:1020100001208FE75846FDF7FFFAD9E76368987A01
:10202000EFF798F800220023FDF72DFA81460028EB
:1020300080D001466068FDF788FACAE7E16807A822
:10204000FDF791FB00283FF472AFEAB20CA902A899
:10205000FDF789FB00283FF46AAF02A907A8FDF746
:1020600064FB0028C9D062E72DE9F84306460F4615
:102070001446D2F8008093684BB1A3681D78012DF7
:1020800013D0022D2ED000252846BDE8F8835068D5
:1020900001210C30FDF775FAA06033681B7813B985
:1020A00001230370E9E70223FBE7336893F800900C
:1020B000B9F1000F01D00025E6E7606804210C307B
:1020C000FDF75FFAE06007803268E36852885A8063
:1020D0004046FFF75CFA63681B8AC01A0428D3D80D
:1020E0004D46D1E733681B78022B01D00025CBE7A2
:1020F000606812210C30FDF744FAE0600780E36865
:102100003268D2F80150D2F80500D2F80910D2F89E
:102110000D20C3F80250C3F80600C3F80A10C3F834
:102120000E204046FFF733FA63681B8AC01A122854
:1021300001D80025A8E70125A6E770B50668736AEF
:1021400053B1A83B13F1A80403D0D3F8A84004B1BD
:10215000A83C0022114604E01C46FAE72546234627
:102160002C468BB1834207D05D8DA94238BF2946EA
:102170005B8B9A4238BF1A46002CEFD0D4F8A85097
:10218000002DECD0A83DEAE7438D8B4202D8448B6A
:10219000944209D9408B824238BF0246994238BFE7
:1021A00019463068F4F7AAF870BDF8B504460D4634
:1021B000FFF7EBF9F0B9EB681E88B3B2162B1BD909
:1021C00003212046F2F79AFB0746B8B102210C30F2
:1021D000FDF7D7F9002541230370457039462046A5
:1021E000FFF7E3FC4123638366852046FFF7A5FFE5
:1021F0002846F8BD0620FCE70420FAE70E20F8E7A1
:10220000F0B589B0054608460C7C043CE4B2022CCB
:1022100001D0102C42D104210C30FDF7E1F90688E1
:1022200047882246011D01A8FDF79DFAC8B30DF1AC
:10223000160239463046FFF7BCF9F0B100238DF89D
:1022400018304FF42053ADF81A3006A901A8FDF755
:102250006CFA58B100238DF81C3042F60103ADF83A
:102260001E3007A901A8FDF760FA78B93B4632464F
:1022700001A92846F2F766FB11E00123BDF81620FC
:1022800010212846FFF79EFC002008E0102332466C
:1022900019462846FFF796FC002000E0042009B00C
:1022A000F0BD0E20FBE7F0B589B0054608460C7C72
:1022B000043CE4B2022C01D0102C52D104210C3089
:1022C000FDF78EF9068847882246011D01A8FDF713
:1022D0004AFA002847D00DF1160239463046FFF77A
:1022E00068F9C0B10121686801F0A1F858B900236C
:1022F0008DF8183042F60203ADF81A3006A901A88D
:10230000FDF713FA80B93B46324601A92846F2F799
:102310004DFC09B0F0BD0123BDF816200821284668
:10232000FFF750FC0020F4E700238DF81C3042F644
:102330000303ADF81E3007A901A8FDF7F6F9002840
:10234000E1D0012E03D14FF6FF739F42DBD0032172
:1023500005F15400FFF710FC08B91220D9E700205E
:10236000D7E70420D5E70E20D3E72DE9F04387B067
:1023700007460C46062104F10C00FDF731F90588EB
:102380004688B0F80480D4F80C900DF10E02314666
:102390002846FFF70EF9D0B100238DF81030ADF8C4
:1023A00012808DF814304FF42053ADF8163005A983
:1023B00004A8FDF7BAF998B9237C00934B4632463E
:1023C00029463846F2F738FC07B0BDE8F083012310
:1023D000BDF80E2006213846FFF7F4FB0020F3E796
:1023E0000A232A4606213846FFF7ECFB0020EBE7DC
:1023F0002DE9F04188461746FFF737FB044610B336
:10240000446A1CB3A83C14F1A80607D0D4F8A8600D
:1024100026B1A83E02E0334634461E469CB17D1CE0
:102420002046FFF7B4F8854207D9002EF3D0D6F83E
:10243000A830002BF0D0A83BEEE73A4641462046B4
:10244000F2F762F804462046BDE8F0812646E5E74B
:1024500008B5F3F797F908BD08B500230A8AC968DB
:10246000F2F7A4FD08BD70B5054655F8046950F8AB
:10247000043C3BB1044669B1436D1BB11B7C13F0B6
:10248000010F00D170BD0523002211462846F2F746
:102490008DFDF7E73046F3F757FF737A012BF1D044
:1024A000636D002BEED01B7C13F0010FEAD02846A1
:1024B000FFF7F1FA03460028E4D00022114628462F
:1024C000F2F774FDDEE710B50446014651F8A80B9B
:1024D0002430FFF74AF802E01846FDF706F804F149
:1024E0005C0000220023F7F747FB03460028F3D1E6
:1024F000A36D33B16FF06703002211462046F2F757
:1025000055FD002344F8543BBFF35B8F54E8003F74
:1025100023F0010344E80032002AF7D1BFF35B8FB8
:1025200010BD38B5044650F8045C25B10438FFF7F7
:10253000CAFF6B6A03B138BD2846F2F703FD206875
:10254000F3F724FFF7E730B589B00446054655F8A0
:10255000043B1868FEF798FD1E226946F2F71AF947
:102560002846FFF7DEFF13216068FEF7F3FC09B091
:1025700030BD10B588B0A0F1780450F8783C1868E8
:10258000FEF782FD1E226946F2F704F92046FFF7A6
:10259000DAFF08B010BD38B50C46FFF766FA48B14F
:1025A000054621460C3004F05FFE2846FFF7C8F9C7
:1025B000002038BD2046FCF798FF6FF07F00F8E759
:1025C00038B505460C46F8F7EDF82846FFF74DFA02
:1025D00068B103460022226082686AB11460846098
:1025E0001846FFF70AF9F8F7F5F8002038BDF8F7B4
:1025F000F1F86FF07F00F9E784604460F0E70120B4
:10260000704708B5FFF731FAB8B1436A03B1A83B88
:102610009BB103F15402BFF35B8F52E8000F20F02F
:10262000080042E800010029F7D1BFF35B8FD3F81F
:10263000A830002BECD0A83BEAE708BD08B5042180
:10264000FEF72FFF20B103215030FFF70AF808BD35
:102650000020FCE770B50E4615461C46F1F748FF12
:10266000C66005610123C380047570BD0023B3EB10
:10267000510F10D200B510F803C0CA1A013A10F871
:1026800002E000F803E000F802C00133B3EB510FA1
:10269000F1D35DF804FB7047036813F4805F02D048
:1026A00043F480630360036813F4005F02D043F4D3
:1026B000006303607047B0F800C0624512D300B5F4
:1026C000B1F800E0734508D9624500D202800A885B
:1026D000934204D90B80012002E0002000E0012099
:1026E0005DF804FB624500D202800A88934202D959
:1026F0000B80012070470120704710B5002301E0D6
:1027000001339BB2022B19D84FEAD30CB2EBD30F93
:1027100012D900EB0C04247A03F0070E24FA0EF40D
:1027200014F0010FECD011F80C4024FA0EF414F060
:10273000010FE5D1002016E0002300E000239342C2
:1027400010D26BB9C41894F808C011F803E00EF069
:10275000070E4CEA0E0C84F808C001339BB2EEE77A
:10276000012000E0012010BD106000207047FF280C
:1027700001D8C0B270470E20704770B5049CA6689F
:102780003EB105460846FFF7F2FF024621462846BD
:10279000B047A37D013BDBB2A375E26812B10BB970
:1027A0002046904770BD1060918000207047002047
:1027B000704708B505F0C9FE00B908BD6FF0040008
:1027C000FBE7F0B589B006683578002D66D107467D
:1027D00014467388B3F5245F1AD014D903F5564311
:1027E000FF339BB2042B5FD8ADF80A1002220DF123
:1027F0000A012046FFF7DDFF00283ED06FF01503E9
:10280000C4F85C314BE0A3F520539BB2032B49D8AD
:10281000ADF80A1002220DF10A012046FFF7C9FFA8
:1028200020B16FF01503C4F85C3138E07388ADF85F
:102830000A3002220DF10A012046FFF7BAFF78B9EB
:102840007E6800200090132303AA3946B047021E79
:102850000BDB03A92046FFF7ACFF48B901251EE0BA
:102860006FF01503C4F85C3119E0C4F85C2116E080
:102870006FF01503C4F85C3111E07388ADF80A30CD
:1028800002220DF10A012046FFF793FF08B9012546
:1028900005E06FF01503C4F85C3100E0012528461F
:1028A00009B0F0BD0125FAE70125F8E70023036030
:1028B000436083607047F8B505460F46164600240E
:1028C0000CB10020F8BD04EB840315F81330B342BB
:1028D00001D00134F4E704EB840005EB400007224B
:1028E0003946013006F0A3FC0028F2D104EB840441
:1028F00005EB4400E6E770B505460E461446F2F7D0
:1029000089FBA8B122792168E868FFF7D4FF88B174
:10291000D4F8C8302F2B0FD89A1C24F822600189D4
:1029200004EB820251800133C4F8C830012070BD2D
:102930000120FCE70120FAE70020F8E738B505465A
:102940001446F2F767FB48B122792168E868FFF77F
:10295000B2FF18B10022026042600281012038BD3E
:1029600008B5FFF7A8FF08B1F2F75EFB08BD01F05C
:102970001F0201239340490900EB8100BFF35B8FE5
:1029800050E8002F42EA030140E8001CBCF1000FB0
:10299000F6D1BFF35B8F134214BF012000207047B4
:1029A00001F01F0201239340490900EB8100BFF3AE
:1029B0005B8F50E8002F1A4340E800210029F8D12E
:1029C000BFF35B8F704700B501F01F0201239340F6
:1029D000490900EB8100D943BFF35B8F50E8002F1A
:1029E00002EA010C40E800CEBEF1000FF6D1BFF3C1
:1029F0005B8F134214BF012000205DF804FB08B573
:102A000039B100210C30FFF7B2FF80F00100C0B2F5
:102A100008BD00210C30FFF7D6FFF9E72DE9F041A2
:102A200004461646F2F7F6FA88B1D4F80C80002472
:102A30000BE004EB840508EB45056F1C07223168A9
:102A4000384606F0F4FB28B10134002CF1D0012007
:102A5000BDE8F08173681A68C5F801209A889B79EF
:102A6000A5F80520EB71EFE74B09BFF35B8F50F83A
:102A70002300BFF35B8F01F01F01084100F001004C
:102A8000704730B583B004460D46F2F73BFB024673
:102A9000B8B1037A8DF8043000210C30FFF7E4FF61
:102AA00000238DF8053050B101238DF80530022345
:102AB00001AA29462046EEF793FC03B030BD00235F
:102AC000F3E70023F5E710B50446FFF798FF00B9D8
:102AD00010BD214611F8010B0122F2F787FCF7E740
:102AE0002DE9F0411E46BDF81830012B2AD80446C6
:102AF0001746B0463344012B27D8F2F7DBFB0546D7
:102B0000C0B1324639462846FFF7F7FD00B3236FC0
:102B1000C5F80130B4F8742094F87630A5F8052093
:102B2000EB71237A2B7001212846FFF7CCFF40463A
:102B3000BDE8F081F2F7BEFB05460028E1D16FF059
:102B40001008F4E76FF00608F1E76FF00C08EEE705
:102B50006FF01208EBE708B50146024612F8080BC1
:102B600004230131EEF724FC08BD08B5002383607F
:102B7000FFF7F1FF08BD10B5F2F702FB40B10446C4
:102B8000014611F8010BEEF721FC2046FFF78EFEFF
:102B9000002010BD38B5044600F170052946007AC2
:102BA000FDF79BFA38B92946207AF2F7E9FA08B11D
:102BB000FFF77CFE38BD2946207AFFF7DCFFF9E7F6
:102BC00008B5022A03D0FFF7E5FF022008BD002365
:102BD0001A4600F17001007AF2F78EFCF5E7034621
:102BE00090B10022014601F8012BC0F80120C1F884
:102BF00003200833BFF35B8F53E8001F43E8002036
:102C00000028F9D1BFF35B8F704770B50446F2F727
:102C100051FB50B1054604F170063146207AFDF7AC
:102C20005CFA18B92846F2F7A3FC70BD236FC5F80B
:102C30000130B288B379A5F80520EB71F5E738B516
:102C400004461546FFF7DBFC48B93DB904F17001B5
:102C5000207AF2F795FA08B1FFF787FF38BD2046D2
:102C6000F2F728FB0028F0D0027A12F0010FECD026
:102C70000121FFF728FFE8E7994222D838B5054639
:102C80000C4691421FD3049B23B101681846FCF700
:102C90004CFDD0B9059B2BB1EB68059A934201D04E
:102CA000012011E0069B1B88013B069A1380089ABD
:102CB00021462846079B9847069B1B8823B900207E
:102CC00002E000207047012038BD0120FCE72DE91B
:102CD000F04107460D460026344654B16B899E42AA
:102CE00005D06E81EB6813B1314638469847BDE890
:102CF000F08104EB840305EB4301013115F8130067
:102D0000F1F744F9024660B104EB840305EB430399
:102D1000B3F80880B04500D8B0461046F0F734FE4E
:102D200046460134D9E72DE9F0471C46BDF820306E
:102D3000D1F80C80002B53D105460F46631E9BB281
:102D4000012B50D8012C23D95378167846EA032654
:102D500041462846F2F7D4FA8146D8B1D8F8103067
:102D600043B1324639462846984700280EDB0138E1
:102D700001283ED8B9F808A0A9F80860B8F80A30C8
:102D80009E421DD1B24520D136B32046BDE8F08722
:102D90001678DDE70EB92046F8E741460020F2F745
:102DA000AFFA814610B32B6FC0F80130B5F874202C
:102DB00095F87630A0F80520C3712B7A0370CDE723
:102DC00041463846FFF783FFDCE7002205F170013A
:102DD000287AF2F70BFBD7E74846F2F725F9D4E754
:102DE0006FF00600D2E76FF00C00CFE76FF0100035
:102DF000CCE76FF00D00C9E7F8B506460F4614465C
:102E00001D464FF470200021F2F75CF8844628B18B
:102E10004574069B4361C460466087616046F8BDA7
:102E20002DE9F04385B000285AD00C4615461E46C1
:102E3000074602A9FCF736FC8046002853D101A9B9
:102E40003846FBF75AFF019810B30A220021FAF71F
:102E500001F900284AD1C7B202A93846F2F752F95F
:102E60008146B8B1ACB3022269463046A847002873
:102E700021DB9DF8003089F8083002281DD19DF82B
:102E8000011001291ED900214846FFF71CFE23E04E
:102E90000027E1E7F2F70EFA814650B3034603F844
:102EA000017B0298C9F80100BDF80C109DF80E20B6
:102EB00099809A71D6E780460EE000214846FFF7D8
:102EC00002FE09E0003918BF01214846FFF797FDCF
:102ED00002E04846F2F74CFB404605B0BDE8F083FF
:102EE0006FF01508F8E76FF01508F5E76FF01508B3
:102EF000F2E76FF00B08EFE710B5BDF80810BDF86A
:102F00001040A1420FD810465CB1039A72B1641A06
:102F1000A342A8BF23469CB22246039B194406F055
:102F200070F9204610BD6FF00600FBE76FF00D0052
:102F3000F8E710B586B01824ADF810402824ADF895
:102F400012400024ADF814402A24ADF8164008249D
:102F5000029404AC0194BDF820400094FFF7CCFF2C
:102F600006B010BDF0B587B004460D4616461F46A4
:102F7000FDF7B1F8ADF81600022302930DF1160328
:102F80000193BDF8303000933B4632462946204637
:102F9000FFF7B2FF07B0F0BD2DE9F04184B0044661
:102FA0000D4616461F46EEF74FFE8046ECF78FFBA8
:102FB00080B20290CDF80480BDF8283000933B46E3
:102FC000324629462046FFF797FF04B0BDE8F0815E
:102FD000F0B587B004460D4616461F4600238DF80F
:102FE0001430F2F767F910B1037A8DF81430012329
:102FF000029305AB0193BDF8303000933B46324657
:1030000029462046FFF778FF07B0F0BD70B586B0BF
:10301000BDF82850CC68267846B1013410260296B7
:1030200001940095FFF768FF06B070BD6488ADF8A5
:103030001640022402940DF1160401940095FFF746
:103040005BFFF1E7F0B587B005460C4616461F4614
:10305000C968F2F755F990B10389ADF8163002232B
:1030600002930DF116030193BDF8303000933B46F7
:10307000324621462846FFF73FFF07B0F0BD002348
:10308000ADF81630EBE7B8B110B582B004460023B6
:103090008DF8043042F60303ADF8063001A900684C
:1030A000FCF743FB50B9E368988840B92046F2F733
:1030B000B3FB013080B202E000207047002002B074
:1030C00010BD2DE9F0418AB005460C4616461F4654
:1030D000D1F80C8098F806308DF814300846FFF7C8
:1030E000D2FFADF81500D8F800100B7893B94B88D3
:1030F000ADF817300523029305AB0193BDF84030BE
:1031000000933B46324621462846FFF7F5FE0AB0BB
:10311000BDE8F081D1F801C0D1F80500D1F809204F
:10312000D1F80D30CDF817C0CDF81B00CDF81F2019
:10313000CDF823301323DEE708B5F2F773FC08BDA2
:10314000F8B505460E46F1F7FBFF04463146284622
:10315000FCF7C3FF98B15CB104F1080700213846C1
:10316000FFF731FC60B901213846FFF72CFC60B94C
:103170002CB1BFF35B8FA368BFF35B8F53B1F8BD76
:1031800031462846F2F7BEFCEDE731462846FFF708
:1031900078FCEDE72046FFF722FDF0E738B505465D
:1031A00000240DE0A5F1180104EB440301EB8301B9
:1031B00005EB8303013113F8180CFFF7C1FF01344D
:1031C000012CEFD938BD01B9704738B5044600F17C
:1031D00070052946007AF2F795FC2946207AFFF718
:1031E00050FC38BD38B5054612F0010F05D04B8AAA
:1031F00003F095037BB34B687BB312F0020F05D04D
:103200004B8A03F4957353B38B6853B34C8AC4F35E
:103210000E04144014F4DE7F25D0EB7A73B114F061
:10322000300F11D114F4C07F21D0D5F8A43003B3EE
:103230005B7B13F0100F1ED0002015E02846FDF731
:10324000A2FE90B10F200FE02846FDF7E5FE022810
:10325000E8D8052008E0022006E0022004E0032070
:1032600002E0032000E0002038BD0520FCE700203C
:10327000FAE70520F8E70520F6E7437B072B01D0A6
:1032800000207047F0B58DB005460C46164608681C
:1032900000238DF8143042F60303ADF8163005A96B
:1032A000FCF743FAB8B9676877B1009001230DF1D4
:1032B0000F022146B847002806DB012804D19DF8FB
:1032C0000F3013F0300F02D100200DB0F0BD2046BA
:1032D000F2F700FD0446206800238DF8183042F60E
:1032E0000213ADF81A3006A9FCF71FFA002836D1F0
:1032F000206800238DF81C3042F60213ADF81E3012
:1033000007A9FCF712FA78B3206800238DF8203063
:1033100042F60303ADF8223008A9FCF706FA18B309
:10332000206800238DF824304FF42053ADF8263068
:1033300009A9FCF7FAF9B8B1206800238DF8283004
:1033400042F60103ADF82A300AA9FCF7EEF958B1AC
:103350002046F2F7BFFC04460028C9D1B5E7204655
:10336000F2F7B8FC0446C3E7206800238DF82C3040
:1033700042F60213ADF82E300BA9FCF7D6F9B0B91E
:103380006768B7B100230093022304AA21462846A8
:10339000B84700280FDB02280FD19DF811209DF8B7
:1033A000103043EA02231E4209D100208DE700209D
:1033B0008BE7002089E7002087E7002085E70120D0
:1033C00083E7F8B505460E46144694226168FFF778
:1033D00009FF18BB012261682846FFF74EFF00B3C2
:1033E000A28902321B212846FFF702F80746D8B10E
:1033F000A18902310C30FCF7C4F820F8026BA289D5
:10340000A16805F0FEFE0123626921693846FFF7D5
:1034100021F939462846FFF7BEF8F8BD4FF0FF30D6
:10342000FBE76FF01500F8E76FF00B00F5E72DE90B
:10343000F04107460C46F1F73DFF002842D0064612
:10344000037A13F0010F03D101252846BDE8F0816E
:1034500000F10C0800214046FFF706FB0546002856
:10346000F3D10CB92546F0E701214046FFF7ABFA4E
:103470000546F8B93846FFF7C2F805460028E4D0FB
:103480003846FFF7DBF805460028DED0BFF35B8F38
:1034900058E8003F23F0020348E80032002AF7D141
:1034A000BFF35B8F3846FFF7ACF801213046FFF7DA
:1034B0000AFBCAE73846FFF7A4F801213046FFF7B8
:1034C00002FBC2E70125C0E77047012070470120D9
:1034D00070470120704701380E2815D8DFE800F04A
:1034E00008160A080C0A0C140E1008080E0E12001A
:1034F0000120704704207047052070470620704760
:103500000720704708207047092070470320704744
:10351000431E082B0CD8DFE803F00D09050D0E093A
:10352000070B0900022070470A20704708207047E7
:1035300000207047032070470346007D5B7B984264
:1035400028BF1846704707280DD8DFE800F00F0E97
:10355000040C0C06080A0620704729207047182022
:103560007047122070471F20704705207047D0F821
:10357000EC30D3F8A4300BB100207047082070471E
:10358000072070470720704707207047C07A00F077
:1035900001007047807C00F00100704770B506465E
:1035A0000C46FFF7F3FF05463046FFF7F3FF2DB15A
:1035B000002308B123B90223637070BD0323F8E729
:1035C0000123F9E7072070470720704708B5062157
:1035D000FDF767FF034608B1A0F1EC03184608BDEC
:1035E000BFF35B8F50E8003F43F4804340E8003274
:1035F000002AF7D1BFF35B8F002070474B09BFF360
:103600005B8F50F82300BFF35B8F01F01F0108416F
:1036100000F00100704770B504460F210430FFF739
:10362000EDFF90BB0546D4F8A430DBB1D4F8A4304C
:1036300063B3DA8912F0240F28D0A17A022903D9C2
:10364000587B10F0010F21D0032921D9597B11F0AB
:10365000010F1BD012F0200F18D01B7B102B15D19F
:10366000012513E004F170063246217A2020F3F799
:103670008BFEC4F8A4000028D8D13246217A042059
:10368000F3F782FEC4F8A400D0E70025284670BDF9
:103690000125FBE779B3F8B504460D46CE8916F04F
:1036A000240F2AD00F7BFFF747FF874227D816F059
:1036B000200F07D16B7B13F0010F14D0237A43B98D
:1036C00000201BE00521201DFFF798FF0028F1D105
:1036D00014E00521201DFFF791FF20B9237A013B5B
:1036E000DBB2012BECD96B7B13F0010F09D1237AEC
:1036F0004BB1012002E0012070470120F8BD0020FD
:10370000FCE70120FAE70020F8E710B50446D0F8FE
:10371000EC309B7A032B15D007D8013BDBB2012B91
:1037200001D8002010BD0820FCE7042B1AD1FFF7B8
:1037300003FF102801D00620F4E70521201DFFF724
:103740005DFF88B1237A5BB10521201DFFF756FF8D
:1037500060B9237A013BDBB2012B01D90020E1E7FC
:103760000320DFE70820DDE70320DBE70020D9E7BF
:1037700008B503210430FFF741FF08BD38B5044602
:10378000031D0025BFF35B8F53E8002F43E8005172
:103790000029F9D1BFF35B8F04F5A07003F046FF59
:1037A0002572BFF35B8F54E8003F44E80052002AC3
:1037B000F9D1BFF35B8FBFF35B8F54E8003F43F059
:1037C000020344E80032002AF7D1BFF35B8F38BD13
:1037D00070B506460C4600F17005072209682846B8
:1037E00005F025FD00B170BD63681A6832679A88DC
:1037F0009B79A6F8742086F87630D6F8A430002B92
:10380000F1D0A2689342EED062681168C3F801104B
:1038100091889279A3F80510DA71E4E700B501F018
:103820001F0201239340490900EB8100D943BFF3F4
:103830005B8F50E8002F02EA010C40E800CEBEF199
:10384000000FF6D1BFF35B8F134214BF012000209D
:103850005DF804FB70B50E46041D04212046FFF7F9
:10386000CDFE70B10022002300210846F0F716FDBE
:10387000054650B101210C30FBF783FE0670284647
:1038800070BD4FF470220023EEE7BFF35B8F54E866
:10389000003F43F0100344E80032002AF7D1BFF3A1
:1038A0005B8FECE738B504460D460023EC30FDF79E
:1038B0005BFD38B94FF47022002304F5A070F6F7D1
:1038C000EFFB38BD2846FBF710FEFAE738B5044693
:1038D000CB68051DBFF35B8F55E8002F22F4006213
:1038E00045E800210029F7D1BFF35B8F18685968BC
:1038F0009A68DB68C4F81700C4F81B10C4F81F20CE
:10390000C4F82330237A012B11D0022B32D1BFF31C
:103910005B8F54E8003F43F0100344E80032002A74
:10392000F7D1BFF35B8F2046F2F7D2FE38BD0A21F4
:103930002846FFF763FE78B9BFF35B8F54E8003F7A
:1039400043F0100344E80032002AF7D1BFF35B8F45
:103950002046F2F7BDFEE9E7BFF35B8F55E8003F75
:1039600043F0010345E80032002AF7D1BFF35B8F33
:103970000020DBE70820D9E770B506460C46102288
:103980000D21FFF767FFB0B1054610210C30FBF7A2
:10399000F8FDD4F800C06168A268E368C0F800C010
:1039A00041608260C36000231A4629463046FFF713
:1039B00079FF002070BD0820FCE738B504461022CE
:1039C0000421FFF747FFC8B1054610210C30FBF773
:1039D000D8FDD4F827C0D4F82B10D4F82F20D4F871
:1039E0003330C0F800C041608260C36000231A46D3
:1039F00029462046FFF756FF002038BD0820FCE787
:103A000038B5044606220221FFF724FF90B105468F
:103A100006210C30FBF7B5FDD4F811300360B4F883
:103A20001530838000231A4629462046FFF73AFFC7
:103A3000002038BD0820FCE7F0B591B00446002313
:103A40000493059306930793037A052B00F2848071
:103A5000DFE803F0060303068265D0F8D83004934C
:103A600004F1370604F12707D4F8EC3003F17E02A5
:103A700004F1C70504F147010291019500927733E3
:103A80003A46314604F19700F3F71AFD002865D154
:103A900004F11102D4F8EC3003F17E01773308A869
:103AA000039002930191009204AB324639462846B6
:103AB00000F0C2FD002853D1237A052B3AD004F13F
:103AC0000A02D4F8EC3003F177017E330CA803909E
:103AD00002930191009204AB3A463146284600F029
:103AE000ABFD00283ED110220CA904F1B70005F06F
:103AF0009EFB002838D108A92046FFF73DFF60B99A
:103B00000434BFF35B8F54E8003F43F0020344E802
:103B10000032002AF7D1BFF35B8F11B0F0BDD0F8AF
:103B2000E430002B9CD004AD186859689A68DB68B3
:103B30000FC595E7D4F8E03043B10DF1100C1868CB
:103B400059689A68DB68ACE80F00B8E70023049373
:103B5000059306930793B2E70820DEE70820DCE729
:103B60000820DAE70820D8E70B20D6E700295AD04A
:103B700038B504460B46051DBFF35B8F55E8002F93
:103B800022F0800245E800210029F7D1BFF35B8FC6
:103B9000D3F800C058689968DA68C4F897C0C4F8C8
:103BA0009B00C4F89F10C4F8A320D3F810C0586934
:103BB0009969DA69C4F8A7C0C4F8AB00C4F8AF10BB
:103BC000C4F8B3200A212846FFF718FD58B9102180
:103BD0002846FFF713FDA0B909212846FFF70EFD7F
:103BE000E8B900200CE0BFF35B8F55E8003F43F4D9
:103BF000007345E80032002AF7D1BFF35B8F002045
:103C000038BDBFF35B8F55E8003F43F4007345E8D0
:103C10000032002AF7D1BFF35B8F0020F0E7204687
:103C2000FFF70AFFECE70B20704738B5CA68D0F8F9
:103C3000EC30DB78012B01D0002038BD0446051D97
:103C4000BFF35B8F55E8003F23F4803345E8003134
:103C50000029F7D1BFF35B8FD2F800C0506891689C
:103C6000D368C4F8B7C0C4F8BB00C4F8BF10C4F828
:103C7000C33007212846FFF7C1FC90B90A21284626
:103C8000FFF7BCFCD8B1BFF35B8F55E8003F43F4AE
:103C9000007345E80032002AF7D1BFF35B8F0020A4
:103CA000CBE7BFF35B8F55E8003F43F4007345E873
:103CB0000032002AF7D1BFF35B8F0020BDE720461A
:103CC000FFF7BAFEB9E710B50446031DBFF35B8FDB
:103CD00053E8001F41F0800143E80012002AF7D1A9
:103CE000BFF35B8F0820F2F7A9FB08B1002010BDDD
:103CF0002046F2F7D5FDFAE710B5D0F8EC40D4F83D
:103D0000A43063B1D4F8A4308BB1DA8912F0240F57
:103D10000FD05B7B13F0020F0DD1002010BD04F11A
:103D20007001207AF3F7CCFAC4F8A400EAE7012086
:103D3000F4E70120F2E70120F0E7F8B50646FFF7C7
:103D400045FC00286ED00446051D04212846FFF7D7
:103D500055FC002869D103212846FFF74FFC0028B5
:103D600066D101212846FFF749FC002863D120468F
:103D7000F2F7FCFB00283DD0D6F8A430002B41D050
:103D80002046F2F75DFE002858D101220B21204683
:103D9000FFF760FD0746002853D001210C30FBF7E8
:103DA000F0FB064609212046F2F73CFC3070002368
:103DB0001A46394604F1EC00FDF7D6FA064668BB10
:103DC000BFF35B8F55E8003F43F4004345E8003202
:103DD000002AF7D1BFF35B8FBFF35B8F54E8003F3E
:103DE00043F0020344E80032002AF7D1BFF35B8FAF
:103DF0003046F8BD3046FFF70EFC0028BCD16FF00E
:103E00001506F5E706F17001307AF3F759FAC6F8AE
:103E1000A4000028B4D16FF00B06E9E73846FBF7A1
:103E200064FBE5E76FF07F06E2E76FF00406DFE78B
:103E30006FF00F06DCE76FF00F06D9E76FF068064A
:103E4000D6E76FF06806D3E738B504460D460D2176
:103E50000430FFF7D3FBB8B1ED68D4F8EC3003F1D0
:103E60007002197A022000F00CFB0346D0B1D5F89D
:103E700000C06868A968EA68C3F82AC0C3F82E00C1
:103E8000C3F83210C3F83620BFF35B8F54E8003F0D
:103E900043F4007344E80032002AF7D1BFF35B8F8C
:103EA000002038BD0820FCE710B50C460021204654
:103EB000EEF766FC08B1032010BD2046EEF774FC57
:103EC0000020F9E72DE9F047044691461E46BDF86B
:103ED0002080FFF77BFB002800F08D800746B8F1BB
:103EE000000F02D159EA06031DD0D4F8A430002BEC
:103EF00049D0B8F1000F09D159EA060306D1D4F828
:103F0000A41019B1CB8913F0200F4FD10F21381D08
:103F1000FFF774FB002868D13846FFF72FFC002517
:103F20002846BDE8F08700F1040A03215046FFF758
:103F300065FB0028D9D001215046FFF75FFB0546FD
:103F40000028D2D03846FFF7F7FA0446024607F1B8
:103F50004701099805F055F90F2C0CD9BFF35B8F79
:103F60005AE8003F43F002034AE80032002AF7D142
:103F7000BFF35B8FD4E7C4F110020021099B18192D
:103F800005F04DF9EAE704F170052A46217A202070
:103F9000F3F7FAF9C4F8A4000028AAD12A46217A36
:103FA0000120F3F7F1F9C4F8A400A2E70C7B224644
:103FB0001A31099805F025F90F2C0ED90437BFF3F3
:103FC0005B8F57E8003F43F0020347E80032002AC6
:103FD000F7D1BFF35B8F0125A2E7C4F110020021E6
:103FE000099B181905F01BF9E8E702220621204673
:103FF000EFF76CFF90E7002592E76FF085007047C0
:1040000008B5C378012B02D1FFF797FE08BD6FF00A
:104010001500FBE7F8B504460D46071D022138469A
:10402000FFF7ECFA20B1B4F8E83033B3002600E033
:10403000002603213846FFF7E1FA20B9012138466E
:10404000FFF7DCFAD8B129462046F2F783FFEEB934
:10405000012205212046FFF7FDFB064610B3012192
:104060000C30FBF78EFA057000231A46314604F136
:10407000EC00FDF779F980B9F8BD0126D9E70F21E9
:104080003846FFF7BBFA0028E1D0DCE70521D4F879
:10409000EC00FCF75FFF0020EEE73046FBF725FA67
:1040A0000020E9E76FF06800E6E738B5044608202D
:1040B000F2F7C4F9C0B10546031DBFF35B8F53E8A7
:1040C000001F21F4807143E80012002AF7D1BFF3EA
:1040D0005B8F21462846FFF749FD014620B128465F
:1040E000FFF798FF00E075B10720F2F7A7F9044643
:1040F00048B1F2F7D5FB05460028F4D0014620462A
:10410000FFF788FFEFE738BD2DE9F04104460E4682
:10411000D0F8EC80F2F7ACF90546F768261D0A21C5
:104120003046FFF77BFB58B11DB12B690BB1404600
:10413000984739782046F2F70DFF0020BDE8F0815E
:104140000B213046FFF76AFB0028F2D0ECE72DE99F
:10415000F04104460E46A0F1EC08054655F8E87912
:1041600001212846FFF75AFB10B11EB9FB7AEBB9C3
:10417000BDE8F08103212846FFF740FA0028F7D078
:104180003046FBF70FFFFFF7C3F90146BFF35B8F24
:1041900055E8003F43F0040345E80032002AF7D118
:1041A000BFF35B8F4046F2F7D5FEE1E703212846D7
:1041B000FFF724FA002840D005212846FFF71EFA11
:1041C00008B314F8043C13F0080F10D014F8033CA3
:1041D00013F0080F0BD0BFF35B8F55E8003F43F49B
:1041E000003345E80032002AF7D1BFF35B8F14F8A3
:1041F000043C23F0080304F8043C14F8033C23F0C7
:10420000080304F8033C14F8033C13F0010F18D121
:1042100013F0020F3FD113F0040F20D0A4F1EC03F0
:10422000BFF35B8F53E8001F41F4806143E8001245
:10423000002AF7D1BFF35B8F11E04046FFF79EFAEB
:1042400096E7A4F1EC03BFF35B8F53E8001F41F046
:10425000400143E80012002AF7D1BFF35B8FBFF3A0
:104260005B8F55E8003F43F0040345E80032002A25
:10427000F7D1BFF35B8F4046FFF779F900287FF451
:1042800077AF34F8043C002B7FF472AF0021404636
:10429000F2F760FE6CE7A4F1EC03BFF35B8F53E829
:1042A000001F41F4807143E80012002AF7D1BFF3E8
:1042B0005B8FD4E770B50446A0F1EC0650F8543B90
:1042C000D3F8A45003F0B2F9E83C03212046FFF7ED
:1042D00095F920B901212046FFF790F9A0B10821F6
:1042E0003046F2F737FE45B1EB891BB16B7B13F01B
:1042F000020F02D0284600F0D9F84FF4BC7200211A
:10430000304604F08CFF70BD0F212046FFF776F990
:104310000028E8D0E3E710B504460821A0F5A07016
:10432000F2F718FEA4F59E74BFF35B8F54E8003FCC
:1043300043F0100344E80032002AF7D1BFF35B8F4B
:1043400010BDF8B50446FFF741F9002857D00546DF
:10435000061D03213046FFF751F900284FD0D4F84D
:10436000A40008B100F0A2F804F17001207AF2F77D
:10437000A7FFC4F8A400F0B10E213046FFF73EF9C4
:1043800028B1D4F8A420537B43F0020353732B7A53
:10439000032B15D9053BDBB2012B13D8D4F8A4208D
:1043A000537B43F020035373D4F8A420537B43F092
:1043B0000103537312E008212846FFF72BFE1EE08D
:1043C0005BB2EBB9D4F8A420537B23F020035373E2
:1043D000D4F8A420537B23F001035373D4F8A470C2
:1043E0002846FFF7A9F8387305213046FFF706F98C
:1043F00098B9D4F8A420537B23F010035373F8BD6D
:1044000005213046FFF7FAF80028DBD0D4F8A420C5
:10441000537B43F001035373E0E7D4F8A420537BAC
:1044200043F0100353730D213046FFF7E7F80028DF
:10443000E5D02021D4F8A40000F01FF8D4F8A4306F
:10444000D5F84760D5F84B00D5F84F10D5F8532074
:10445000C3F81A60C3F81E00C3F82210C3F8262060
:10446000D4F8A420002313615361D4F8A42013834B
:10447000C5E708B5EEF768F908BDC3891943C181DE
:104480007047F8B506460C461546F2F77DFF07461D
:1044900008B13846F8BD29462046F2F711FF074615
:1044A0000028F6D03146FFF7E8FFF2E710B50446E2
:1044B000037A13F0040F0AD1214611F8010BEDF72E
:1044C0000FF840220021204604F0A9FE10BDEEF7AF
:1044D000E1F9F1E770B590B0002847D014460546E1
:1044E000342201A91846A047041E42DB0EA9284623
:1044F000FBF7D8F8064600283ED169462846FAF769
:10450000FCFB009888B10A220021F8F7A3FDB0BB9C
:10451000C0B264B90EAA01463F20F2F735FFE8B1F8
:104520004022002104F07BFE18E00020F1E70EA9F4
:10453000F2F7C6FE054628B3342C12D1224601A953
:104540000C3004F05EFE6B7B13F0010F05D013F00E
:10455000300F02D123F001036B733446204610B0B4
:1045600070BDFFF7A3FF6FF01504F7E76FF01504B8
:10457000F4E76FF01504F1E76FF01504EEE76FF064
:104580001504EBE76FF00B04E8E708B501460246B7
:1045900012F80C0B34230131ECF794FF08BD002313
:1045A000B3EB510F10D200B510F803C0CA1A013A8C
:1045B00010F802E000F803E000F802C00133B3EBAA
:1045C000510FF1D35DF804FB704730B597B01A9CDA
:1045D0001F300DF1040C202504E010F801E90CF85F
:1045E00001EB013D002DF8D11F3109A8202504E081
:1045F00011F801C900F801CB013D002DF8D18DF86B
:1046000044300F3212AB102104E012F8010903F814
:10461000010B01390029F8D12346412201A912A832
:10462000F3F72CF8054610B1284617B030BD10211D
:104630002046FFF7B4FFF7E7F0B597B084469646FB
:1046400018461D9A1E9B1F9C0F3101AD102604E0D9
:1046500011F8017905F8017B013E002EF8D10EF129
:104660000F0105AD102604E011F801E905F801EB92
:10467000013E002EF8D100F10F0109A8102504E039
:1046800011F8016900F8016B013D002DF8D11C996A
:1046900002310DA8032504E011F8016900F8016B4F
:1046A000013D002DF8D1114611F8010B8DF83700AE
:1046B000D2F801000E908988ADF83C1006320EA9A0
:1046C000062004E012F8015901F8015B01380028C6
:1046D000F8D11A4612F8011B8DF83E10D3F80110DC
:1046E000CDF83F109288ADF8432006330DF13F021C
:1046F000062104E013F8010902F8010B0139002931
:10470000F8D10CF10F0012AB102204E010F80119DF
:1047100003F8011B013A002AF8D12346412201A9DE
:1047200012A8F2F7ABFF054610B1284617B0F0BD4E
:1047300010212046FFF733FFF7E7036813F4805F8B
:1047400002D043F480630360036813F4005F02D077
:1047500043F40063036070474FF08043D3F80C3498
:1047600003F48033014630B14FF08042D2F80C247C
:1047700002F00102027023B10B78012B03D000205C
:1047800070470020704701207047006901EB41012C
:104790008900383108447047406800EBC100704719
:1047A0000069C1EBC10100EB8100704708B5C9B2D7
:1047B000FFF7EBFF806800F0070008BDEFF3118200
:1047C000402383F31288BFF36F8F036813F0C00395
:1047D00001D08B4207D101230360002082F31188AE
:1047E000BFF36F8F70474FF0FF30F7E7EFF31182A1
:1047F000402383F31288BFF36F8F036803F0C00C6C
:1048000003F00703012B08D08C4509D04FF0FF308F
:1048100082F31188BFF36F8F704701600020F7E7C4
:104820006FF07700F4E7EFF31182402383F31288EF
:10483000BFF36F8F036803F0C00343F0020303600C
:1048400082F31188BFF36F8F7047F8B506460C46A8
:10485000FFF79BFF05684768002340F8083BFFF718
:10486000E2FF1DB13A4621463046A847F8BD70B573
:1048700006461546CCB22146FFF787FF2946083089
:10488000FFF79CFF002806DB21463046FFF784FF38
:1048900043689847002070BD08B58022FFF7E7FF06
:1048A00008BD2DE9F041064690461F46CDB2294687
:1048B000FFF76BFF044606990830FFF797FF0028C3
:1048C00009DBC4F80080676029463046FFF764FFC3
:1048D000036898470020BDE8F08110B582B08024BD
:1048E0000094FFF7DEFF02B010BD10B51446C9B248
:1048F000FFF756FF0021A04710BD08B50120F4F7CF
:1049000003FC08BD08B5012001F087FB08BD08B510
:1049100020EAE070C117C90341EA5041C00340F2E8
:10492000E733C0184FF47A724FF0000341F10001F1
:10493000E7F794FB03F011F808BD08B51046F5F74A
:1049400055F908BD08B501F070FB08BD08B5F3F7CF
:104950004FF801F05DFB08BD4FF4AF60704742783F
:10496000837890F803C09A1A3CEA020207D0C21872
:104970005171013303EA0C038370002070476FF01C
:104980006800704700230370437083700139C17061
:104990000271704770B582B00D4616461C4682689B
:1049A00000232360A36053696A4601A9984714E075
:1049B0002068281AB0FBF2F01B68984228BF1846FE
:1049C000236800FB02332360A3680344A360019BB8
:1049D0001A68824211D808330193009B5A1E009234
:1049E0003BB1019B5A686260002DE1D1A068301A8A
:1049F000E2E76FF0150002B070BD0020FBE708B5DC
:104A000013460022FFF7C6FF08BD2DE9F04786B028
:104A10008946904683685B6901AA05A998470024E6
:104A20002646A246019B534514D9059F07EBCA07AA
:104A30007B680393002503E0039B1C44013601358A
:104A40003B68AB4209D902940496414602A8C84784
:104A50000028F1D106B0BDE8F0870AF1010AE1E7CC
:104A60004B6803444B600B6803440B608B681B1A54
:104A70008B60704710B50C4602F028FA00232060C6
:104A80006360184610BD38B504460D4602F01EFAA4
:104A9000002C06DBA04206D9001B854205D9002068
:104AA00000E0002038BD0020FCE70120FAE770B5E7
:104AB000044602F00FFA0646237B0BB9002504E0FA
:104AC00001F0D2FAFAE7A3688BB16068F4F7B4FD9D
:104AD000A3689B1BA3606368334463600135237B39
:104AE000002BF0D02846F4F70FFC0028EBD0A0688C
:104AF000003818BF012070BD00B585B000230093B9
:104B0000019302930393019002916846FFF7CFFF50
:104B100005B05DF804FB38B50446037BCBB901252D
:104B2000A368032B18D923681968606802F0C2F9DA
:104B300021460420FFF794FF0135237B002BEFD0A3
:104B40002846F4F7E1FB0028EAD0F3F7FDF801204E
:104B500005E001F089FAE2E7F3F7F6F8002038BD46
:104B600000B585B000910190029200238DF80C30C1
:104B70006846FFF7D0FF05B05DF804FB70B50D4641
:104B800016461C4619462846FFF77DFF48B10CB96A
:104B9000002070BD22462946304604F032FB00203A
:104BA000F7E76FF01500F4E70B4639B111681960AB
:104BB00041688A4209D0002313607047136803607C
:104BC00041688A42F7D14360F5E74360F3E708B5EF
:104BD0000A460368002101E019461B682BB1934285
:104BE000FAD1FFF7E1FF012000E0002008BDF0B599
:104BF0001C46059E069D00F01F0C40092FD14FF06A
:104C0000A04E0CF5E0735EF8233059B301205AB37F
:104C10000227384354B30C2738434EB34FF4E067B0
:104C200038433DB34FF44037384323EA000019B30B
:104C30000B781AB31278520013430CB32278920007
:104C40001343FEB1327812021343EDB12A781204F5
:104C5000134303430CF5E07C4EF82C30F0BD4FF0CD
:104C6000000ECEE70020D2E70027D2E70027D3E7E7
:104C70000027D5E70027D7E70023DAE70022DBE7A4
:104C80000022DDE70022DFE70022E1E738B5054634
:104C90000C460321A047002806DB01212846A04737
:104CA000002800DB002038BD10F1860FFBD1F4E7AF
:104CB00070B504460D461646036833B1FFF787FF0B
:104CC00070B91EB96FF0150006E032B123682B6091
:104CD0002560636843B1002070BD6FF01500FBE7ED
:104CE000002EF3D10020F7E765600020F4E770B5EF
:104CF0000E461546016821B10C683CB131B90C462D
:104D000004E00C4602E0234621461C4671B18A6845
:104D10002A4002D04B6830469847002CF3D02368D5
:104D2000002BF1D0002CEFD12346EDE770BD806859
:104D3000003818BF0120704710F0100F04D110F098
:104D4000200F03D1002070470320704701207047D7
:104D500043685B68D3F810350B60002070474368E8
:104D60005B6802EA010021EA0201C3F80805C3F802
:104D70000C150020704743685B68C3F808150020D5
:104D8000704743685B68C3F80C15002070474368A0
:104D90005A68D2F8043521EA03000B40C2F808052E
:104DA000C2F80C3500207047B0F5800F07D0B1F184
:104DB000C06F0DD0B1F1007F08D001207047B1F174
:104DC000007F01D005207047042070470220704703
:104DD0000320704708B500690430FFF769FF08BD7C
:104DE00010B500F01F044009F3F786F830B1014612
:104DF00000690122A2400430FFF779FF10BD0020B6
:104E0000704708B502F032F808BD08B51146806851
:104E100002F01BF808BD2DE9F04786B0884616461B
:104E20009946446801F01F05237C45EA4315204656
:104E3000FFF77DFF002864D0B6F5001F30D00DF1DC
:104E40000C0A00270397049749463046FFF7ACFF4A
:104E50008DF80C00009701970297CDF804A0E36845
:104E600023FA08F313F0010F02D1B6F1A07F1DD091
:104E70000DF117022946A06801F0D3FF00283AD0AF
:104E80006A462946A06801F0C0FF002805DB012220
:104E90002946A06801F0E2FF002006B0BDE8F087D7
:104EA0002946A06801F0DEFF0020F6E705F01F03A9
:104EB0006A0915D14FF0A04203F5E07352F8233090
:104EC00013F0010FD4D10DF117022946A06801F0AB
:104ED000A8FF10F1160F05D00DF117030493CFE7CB
:104EE0003A46E9E70DF1170241462046FFF78DFFEC
:104EF0000028F1DAD1E79DF81710A06801F0A1FFB2
:104F0000BEE76FF08500C8E7F0B589B00E461446DD
:104F1000456801F01F072B7C47EA43171046FFF74F
:104F20000BFF8DF81E0040F206332340B3F5837F5C
:104F300053D016D8062B4CD006D9B3F5807F0DD1AF
:104F400001238DF81D3024E003B3022B03D1042389
:104F50008DF81D301DE06FF0150637E06FF0150677
:104F600034E040F2022293423BD0B3F5407F03D1BC
:104F700003238DF81D300CE0B3F5007F03D102232D
:104F80008DF81D3005E06FF015061FE000238DF849
:104F90001D300123B34014F4002F26D06A68C2F8F4
:104FA00008352846FFF7C3FE30B30DF11F0239461E
:104FB000A86801F036FF064614F4403F34D1394664
:104FC000A86801F03AFF002E68D00026304609B0EC
:104FD000F0BD06238DF81D30DBE707238DF81D306B
:104FE000D7E705238DF81D30D3E714F4802FD8D0F0
:104FF0006A68C2F80C35D4E7C4F340438DF8083032
:1050000014F4803F0CBF012300238DF810300026DC
:1050100001960DF11D0300930DF11E0304AA02A9D0
:105020003846FFF7E4FDD1E702AA00230293039379
:10503000049305930693059204AA3946A86801F0E3
:10504000E4FE00281BDB14F4003F1AD09DF81D304D
:105050008DF8103014F4803F0CBF012300238DF82D
:1050600011309DF81E308DF81230002304AA394605
:10507000A86801F0CEFE0028A5DA0026A6E70026E3
:10508000A4E700230493059306930DF11E030493F4
:1050900004AA3946A86801F0B8FEECE79DF81F1095
:1050A000A86801F0CEFE91E700B54368136001E007
:1050B00008331360136890F808C0D0F804E00EEBD2
:1050C000CC0C634505D293F805C08C45F0D1002087
:1050D00001E06FF001005DF804FB61B900F01F0111
:1050E000400906D14FF0A04201238B40C2F80C3595
:1050F00070470022F8E700F01F01400906D14FF089
:10510000A04201238B40C2F8083570470022F8E71F
:1051100038B505460C460321A047002806DB0121CF
:105120002846A047002800DB002038BD10F1860F7C
:10513000FBD1F4E743681B68EFF31182402181F350
:105140001288BFF36F8FD3F8201131B10021C3F85B
:105150002011D3F820110121D96082F31188BFF307
:105160006F8F704710B543681C68D4F8043313F48C
:10517000807F02D0D4F8203113B9D4F8583110BD53
:10518000FFF7D8FFF9E743681B68D3F88004C3F83A
:105190008004704743681A685B6803F00103D2F823
:1051A000581129B933B9D2F820312BB900207047F2
:1051B00001207047002070470120704743681B683A
:1051C000C3F84415C3F848250022C3F82021D3F8BA
:1051D0002011C3F85821D3F8582101229A60704752
:1051E00042681368D3F8100150B1D26912780A707E
:1051F0000020C3F81001D3F8102101221A60704773
:105200004FF0FF30704708B520EAE070C117C903BE
:1052100041EA5041C00340F2E733C0184FF47A72BC
:105220004FF0000341F10001E6F718FF02F095FB93
:1052300008BD70B5064612E075B1EFF31184402346
:1052400083F31288BFF36F8F3046FFF7A3FF98B93F
:1052500084F31188BFF36F8F0120FFF7D4FF64241C
:105260003046FFF797FF05460028E5D1012001F001
:105270000AF8013CF4D1DFE7204670BD10B582B0DA
:10528000044601AAFFF710FF002805DB019B2268F6
:1052900019791868F2F782FE02B010BD38B545687A
:1052A0002C680021E868FFF7E9FF0823C4F80035FF
:1052B0002B7A5BB9EB69C4F834350123C4F838356F
:1052C0000022C4F81021D4F81021236038BD10B595
:1052D000044643680021D868FFF7D0FF2046FFF757
:1052E000DDFF10BD012904D108B5FFF7F0FF002054
:1052F00008BD6FF08500704708B50021FFF7F2FF89
:1053000008BD10B50C4601F1080200F10C0100F5D2
:105310009070F4F731F9002803DB207AF4F742F9B2
:10532000002010BD38B545682C686B6813F0010F7C
:1053300023D100220823C4F80035AB69C4F84435F2
:105340000023C4F848350123A36072B9D4F8203192
:10535000002BFBD00023C4F82031D4F820310123E6
:10536000E3604FF48073C4F80433D4F85831002B51
:10537000FBD00020C4F8000538BD01692046FFF7C6
:10538000C0FF0028F8DB0122D4E710B50446002254
:1053900001210220F9F738FE0220F9F72BFE002147
:1053A0002046F2F73DFF10BD00B5A2F5807E4FEA22
:1053B0009E0E4FF0010C0CFA0EFC1CEA010F0DD0F2
:1053C000815809B900200AE00021815082581BB1A0
:1053D0001A684CEA02021A60012000E000205DF821
:1053E00004FB70B582B006460D460024019409E026
:1053F000A20001AB02F5A07229463046FFF7D4FFA8
:105400000134E4B2032CF3D915F0010F02D0D6F821
:10541000003143B915F0020F02D0D6F8043163B958
:10542000019802B070BD0023C6F80031D6F80031F3
:10543000019B43F001030193ECE70023C6F804311C
:10544000D6F80431019B43F002030193E8E7401AC8
:10545000C0F30E00704700F150039B009BB203F1B4
:10546000804303F588331868003818BF012070475F
:1054700000F150039B009BB203F1804303F5883396
:1054800000221A601B687047C0F30E007047EFF3EC
:10549000108072B6704780F3108870472DE9F8438A
:1054A000064689469046F2F7EDFE3046FFF7E0FFEC
:1054B0004D4603271AE029463046F2F7CFFE304624
:1054C000F2F7D6FEF2F7E8FE0446C11C2846FFF7C5
:1054D000BEFF43F6FD73984220D93046FFF7BBFF6D
:1054E00050B9B8F1000F1ED13D190137C5F30E03B5
:1054F000002BE0D10125DEE7F2F7CEFE0446494657
:10550000FFF7A5FFB0F5804F0BD93046FFF7B0FF8E
:10551000B8F1000FE8D06FF0150000E00020BDE802
:10552000F8830020FBE76FF01500F8E7F0B585B0D1
:10553000044617461D46F2F7C1FE06469DF8303078
:1055400002930B9B01930A9B00933A462B462046FD
:10555000F2F78EFF054631462046F2F705FF284652
:1055600005B0F0BD08B503468C4600681979DA88A5
:1055700002F0400242EA0C02F3F7DEF808BD38B54B
:1055800013468568046912F4801F07D012F4402F77
:1055900004D012F0010F01D082F4402323F48012D2
:1055A00013F0010F0AD023684FF0010C0CFA01FC34
:1055B00043EA0C0323602B68984738BD23684FF0FB
:1055C000010C0CFA01FC23EA0C032360F3E708B595
:1055D00003468C4600681979DA8842EA0C02FFF724
:1055E000CEFF08BD38B50C46056983685B689847EF
:1055F00018B923682A685340236038BD10B582B0BB
:105600000C4601A9FFF7EEFF30B90123A340019A30
:10561000134214BF0120002002B010BD08B532B102
:10562000012303FA01F18368DB68984708BD012371
:1056300003FA01F183681B699847F7E710B503691E
:105640001C6801238B401C4202D0B2FA82F252093C
:10565000FFF7E4FF10BD08B58368DB6913B10122D1
:10566000984708BD6FF05700FBE708B50121F3F735
:1056700049FA08BD08B50021F3F744FA08BD0378DC
:105680003E2B03D0FF2B08D0002070478378022BDD
:1056900001D000207047012070478378802B05D00F
:1056A000822B01D0002070470120704701207047F5
:1056B00070B504460D464FF0FF304FF0FF31F3F761
:1056C00033FA064608B1304670BD29462046F3F746
:1056D0005DFC0646F3F732FAF5E7F8B506460C46E8
:1056E0000846FFF7CCFF637802334A2B1AD80546E9
:1056F0000022002301462078EBF7B8FF074660B18F
:105700006278023221460C30F9F741FF33691B6899
:105710003946304698470020F8BD002DFCD16FF087
:105720006800F9E76FF00B00F6E770B505460C4628
:10573000002200230820EBF777FF78B10646628845
:1057400004324A2A0DD821460C30F9F720FF2B6984
:105750001B68314628469847002070BD6FF06800EE
:10576000FBE76FF00B00F8E770B505460C4600222A
:1057700000232020EBF758FF628870B10646043200
:105780004A2A0DD821460C30F9F701FF2B691B6816
:10579000314628469847002070BD6FF06800FBE74F
:1057A0006FF00B00F8E708B5042A05D0022A06D0EE
:1057B000082A07D0002008BDFFF78FFFFBE7FFF79F
:1057C000B4FFF8E7FFF7D0FFF5E708B5F3F7ECF91A
:1057D00008BD08B5DBF7F4FCDBF7FEFCE6F758FC88
:1057E000E6F758FCE6F758FCE6F758FC08BD00B5AC
:1057F00085B001238DF8043001AA02210020DBF7D7
:1058000041FC002833DB0823ADF8043001AA07214E
:105810000020DBF737FC002829DB4523ADF80630F4
:10582000ADF8043002238DF8093003218DF80810FB
:1058300001AA0020DBF726FC002818DB01238DF8E5
:10584000043001AA04210020DBF71CFC00280EDB39
:105850001F23ADF8043001AA06210020DBF712FC5B
:10586000002804DB40F22A73984203D8002005B0D8
:105870005DF804FB002383F31188BFF36F8F0423CB
:10588000184602DF6FF00B00F1E738B50B8AB3B1B1
:105890000C4601F10C00F9F7ABFE01280AD00228F2
:1058A00010D12046F3F7E0F905466DB92046F9F727
:1058B0001CFE09E02046F3F7F5F90546F5E76FF021
:1058C000150501E06FF01505284638BD10B54FF0FD
:1058D000FF304FF0FF31F3F727F9044608B12046B7
:1058E00010BDDBF74BFC044628B9F3F727F900207D
:1058F000EBF7AEFEF3E7F3F721F9F0E70F230370C0
:105900000423437082700123C370818070474FF07D
:105910000E0C80F800C0427001228270A0F80310C3
:10592000437170478F230370C023037170470120B8
:105930007047002303604360037943F02003037141
:10594000DBB243F040030371704700230380037808
:1059500043F001030370DBB243F002030370DBB2D8
:1059600043F020030370437843F001034370DBB23C
:1059700043F002034370DBB243F00403437070470B
:1059800008B5427810F8033B43EA02231BB240F209
:105990000642934205D040F21D42934204D00120BA
:1059A00008BDE6F7E6FDFBE7E6F7E5FDF8E708B535
:1059B0000346033093F801C01B7843EA0C231BB263
:1059C00040F6634C63452CD001F1060116DC40F62D
:1059D000034C634522D040F62D4C634505D1137826
:1059E00003331370E6F7D9FC07E040F60142934217
:1059F00002D1E6F7CDFC00E0012008BD40F67B4C6B
:105A0000634511D040F67C4C634505D113780233D1
:105A10001370E6F7CBFCF0E70120EEE7DBF7BEFC06
:105A2000EBE7E6F7BCFCE8E7137804331370E6F71E
:105A3000BBFCE2E708B503460330063193F801C02A
:105A40001B7843EA0C231BB2A3F50053013B7B2BCD
:105A500000F2D780DFE803F03E4148D54F52555C55
:105A60005F62D5D5D5D5D5D5D5D5D5D5686E717765
:105A7000D57E848AD5D5D5D5D592989FD5D5A2A5E2
:105A8000A8ABD5D5B2B5B8BFC5C8D5D5D5D5D5D5B0
:105A9000D5D5D5D5D5D5D5D5D5D5D5D5D5D5D5D5B6
:105AA000D5D5CBD5D5D2D5D5D5D5D5D5D5D5D5D5B3
:105AB000D5D5D5D5D5D5D5D5D5D5D5D5D5D5D5D596
:105AC000D5D5D5D5D5D5D5D5D5D5D5D5D5D5D5D586
:105AD000D5D5D565E6F708FD94E013780333137048
:105AE0000846E6F706FD8DE0137808331370084684
:105AF000E6F701FD86E0E6F700FD83E0E6F7FFFC50
:105B000080E01378013313700846E6F7FAFC79E079
:105B1000E6F7F9FC76E0E6F7F8FC73E0E6F7F7FC69
:105B200070E0E6F724FD6DE0137807331370E6F7B5
:105B3000F0FC67E0E6F7EFFC64E0137810331370D5
:105B4000E6F7EBFC5EE01378083313700846E6F7DF
:105B5000E6FC57E0137802331370E6F7E2FC51E0FD
:105B6000137802331370E6F7E0FC4BE01378083348
:105B700013700846FFF7D6FE002043E01378023387
:105B80001370E6F7D6FC3DE0137804331370084633
:105B9000E6F7D1FC36E0E6F7D0FC33E0E6F7CFFCE1
:105BA00030E0E6F7CEFC2DE0E6F7CDFC2AE01378F6
:105BB000013313700846E6F7C8FC23E0E6F7C7FC9C
:105BC00020E0E6F7C6FC1DE01378083313700846A2
:105BD000E6F7C1FC16E0137804331370E6F7BDFC5A
:105BE00010E0E6F7BCFC0DE0E6F7BBFC0AE013783A
:105BF000023313700846E6F7B6FC03E0E6F7B5FC9F
:105C000000E0012008BD08B503460330063193F8D3
:105C100001C01B7843EA0C234FF60B4C63451CD99B
:105C20004FF61D5C634577D84FF6025C634526D37B
:105C3000A3F57D43023B1B2B6AD8DFE803F04B4EF4
:105C400051546969695769695A6969696969696912
:105C50005D696369696969696966B3F57C4F01D8F3
:105C6000012008BDA3F57C43013B0A2B52D8DFE895
:105C700003F0080F51515127515117202A000120DC
:105C8000EFE713780C3313700846E6F791FBE8E76B
:105C90001378403313700846FFF757FE0020E0E703
:105CA0001378581C1070173313700846E6F79CFBE6
:105CB000D7E71378203313700846E6F7B9FBD0E72F
:105CC000E6F790FBCDE71378013313700846E6F74B
:105CD000CCFBC6E7E6F7DFFBC3E7E6F7DEFBC0E792
:105CE000E6F7DDFBBDE7E6F7E0FBBAE7E6F7DFFB4B
:105CF000B7E7E6F7E0FBB4E7137804331370E6F791
:105D0000DCFBAEE7E6F7E8FBABE7E6F7E7FBA8E787
:105D10000120A6E70120A4E70120A2E710B5044670
:105D20003122002103F07BFA237843F02003237013
:105D3000A37843F08003A370637943F04003637159
:105D4000DBB243F080036371A37A43F00403A372D0
:105D5000A37B43F00803A373DBB243F02003A373D8
:105D6000E37B43F00203E373A37D43F00403A375D5
:105D7000637E43F001036376DBB243F00203637694
:105D8000DBB243F004036376DBB243F010036376C7
:105D9000DBB243F020036376DBB243F0400363766B
:105DA000DBB243F080036376A37E43F00103A37666
:105DB000DBB243F00203A37694F82D3043F04003A6
:105DC00084F82D30E37E43F01003E376DBB243F03A
:105DD0002003E376DBB243F04003E376DBB243F02B
:105DE0008003E376237F43F002032377DBB243F0A3
:105DF00004032377DBB243F008032377DBB243F0DD
:105E000010032377DBB243F020032377DBB243F0A8
:105E10004003237794F8203043F0100384F82030B7
:105E2000DBB243F0200384F8203094F8213043F0B3
:105E3000400384F82130DBB243F0800384F8213042
:105E400094F8223043F0010384F82230DBB243F0AF
:105E5000080384F82230DBB243F0100384F82230C8
:105E6000DBB243F0200384F82230DBB243F040037E
:105E700084F8223094F8233043F0020384F823306E
:105E8000DBB243F0040384F82330DBB243F00803B1
:105E900084F82330DBB243F0100384F82330DBB204
:105EA00043F0200384F82330DBB243F0400384F84E
:105EB0002330DBB243F0800384F8233094F824309D
:105EC00043F0010384F8243094F8263043F0800333
:105ED00084F8263094F8273043F0040384F8273000
:105EE00010BD08B50346881D93F801C01B7843EA2E
:105EF0000C231BB2A3F58053013B082B20D8DFE80D
:105F000003F0050B121F1F1F1F1F19001378083302
:105F10001370E6F7E5FA14E0137840331370FFF7D7
:105F2000FDFE00200DE0137808331370FFF701FD2C
:105F3000002006E0137806331370E6F7D3FA00E08A
:105F4000012008BD08B50323E5F7FAFD002008BDD0
:105F500008B5F3F749F8002008BD08B5F5F700FFCC
:105F600000B908BD002383F31188BFF36F8F0423AA
:105F7000184602DF6FF00400F3E70120704768461F
:105F800020F007018D4601B5E3F77EFBBDE8014037
:105F900085467047684620F007018D4601B5E4F755
:105FA000CDFBBDE8014085467047684620F00701FB
:105FB0008D4601B5E3F774FBBDE8014085467047A7
:105FC00010B5F3F71BF8044608B1204610BD0122B6
:105FD00000210820F9F718F8012200210B20F9F719
:105FE00013F8012200211046F9F70EF8EDE708B585
:105FF0004FF0FF304FF0FF31F2F796FDE9F747FB26
:10600000F2F79CFD08BD08B5E9F790F9002008BD3E
:1060100008B50020F3F778F808BD012800D07047D4
:1060200008B50020E4F7C8FF08BD08B50020FFF759
:10603000F4FF08BD704708B5E4F7BCFD08BDEFF3F9
:106040000580033803288CBF00200120704708B565
:10605000E5F7ACFC08B9002008BDFFF7F0FF08B970
:106060000120F9E70020F7E770474FF08053D3F89D
:106070003031B3F1FF3F03D0062B06D0002070472C
:106080004FF0704393F8E03FF6E7012070474FF080
:10609000704393F8E02FD3F8E83FC3F30313062AC5
:1060A00001D000207047033B002B04D8DFE803F049
:1060B000010001207047002070474FF08053D3F853
:1060C0003031B3F1FF3F03D0062B06D000207047DC
:1060D0004FF0704393F8E03FF6E7012070474FF030
:1060E000704393F8E02FD3F8E83FC3F30313062A75
:1060F00001D000207047033B002B04D8DFE803F0F9
:10610000010001207047002070474FF08053D3F802
:106110003031B3F1FF3F03D0062B06D0002070478B
:106120004FF0704393F8E03FF6E7012070474FF0DF
:10613000704393F8E02FD3F8E83FC3F30313062A24
:1061400001D000207047033B002B04D8DFE803F0A8
:10615000010001207047002070474FF0704393F812
:10616000E02FD3F8E83FC3F30313062A01D0002041
:106170007047033B002B04D8DFE803F00100012047
:106180007047002070474FF08053D3F83031B3F19F
:10619000FF3F07D04FF08052D2F83421062B0AD0AF
:1061A000002070474FF0704292F8E03FD2F8E82F9D
:1061B000C2F30312F2E7033A012A04D8DFE802F03F
:1061C000010100207047012070474FF08053D3F841
:1061D0003031B3F1FF3F03D0062B06D000207047CB
:1061E0004FF0704393F8E03FF6E7012070474FF01F
:1061F0008053D3F83031B3F1FF3F03D0062B06D0E4
:10620000002070474FF0704393F8E03FF6E701201D
:1062100070474FF08053D3F83021D3F83431062A39
:1062200001D000207047052B03D8032B03D3002097
:10623000704701207047012070474FF08053D3F81A
:106240003021D3F83431062A01D000207047062BC4
:1062500003D8032B03D3002070470120704701208F
:10626000704708B5FFF7E9FF38B14FF01023D3F8B6
:1062700008224FF08043C3F8582508BD08B50346EF
:106280000020984708BD08B500F02CFE08BD034665
:106290000168F1B100B501E01968B9B1B1FA81F056
:1062A000C0F11F000122824021EA0202BFF35B8F8E
:1062B00053E800CF8C4504D143E8002EBEF1000F17
:1062C000F6D1BFF35B8FE7D15DF804FB6FF00B00F5
:1062D000FAE76FF00B0070470368CB4013F0010F33
:1062E00015D100B5026801238B401343BFF35B8FC8
:1062F00050E800CF944504D140E8003EBEF1000FC5
:10630000F6D1BFF35B8FEDD100205DF804FB6FF099
:10631000150070474FF08053D3F83031B3F1FF3F91
:1063200007D04FF08052D2F83421062B0AD000203B
:1063300070474FF0704292F8E03FD2F8E82FC2F376
:106340000312F2E7033A012A04D8DFE802F0010160
:10635000002070470120704710B401F5A27150F879
:10636000214024F4473424F4407440F8214050F88C
:106370002140120202F4F8521B0403F440331A4382
:10638000144340F8214010BC704710B401F5A271CD
:1063900050F8214024F4981424F4F85440F8214093
:1063A00050F82140120202F4F8521B0403F4403367
:1063B0001A439DF804301B0503F480131A43144359
:1063C00040F8214010BC704700B5A2F5807E4FEA2E
:1063D0009E0E4FF0010C0CFA0EFC1CEA010F0DD0C2
:1063E000815809B900200AE00021815082581BB170
:1063F0001A684CEA02021A60012000E000205DF8F1
:1064000004FBF0B583B007460D4616460024019400
:1064100009E0E2B2920001AB02F5807229463846EB
:10642000FFF7D2FF0134B442F3D3002D02DB019811
:1064300003B0F0BD01AB4FF4BE7229463846FFF7FA
:10644000C3FFF4E7F0B51C46059E069D00F01F0C47
:1064500040092FD14FF0A04E0CF5E0735EF82330C9
:1064600059B301205AB30227384354B30C27384399
:106470004EB34FF4E06738433DB34FF440373843F1
:1064800023EA000019B30B781AB3127852001343B1
:106490000CB3227892001343FEB1327812021343F8
:1064A000EDB12A781204134303430CF5E07C4EF857
:1064B0002C30F0BD4FF0000ECEE70020D2E70027D1
:1064C000D2E70027D3E70027D5E70027D7E7002347
:1064D000DAE70022DBE70022DDE70022DFE7002227
:1064E000E1E700B585B08DF80F100DF10F030193B2
:1064F000002100910B460A46FFF7A4FF05B05DF8A6
:1065000004FB38B50446034608E04FF0A040D0F83D
:10651000205542F8045BC0F82055013365189D42B0
:10652000F3D8FFF7F7FE00B938BDA542FCD94FF00C
:10653000A043D3F820350134F7E710B500F01F026F
:10654000400909D14FF0A04401239340C4F82035FD
:10655000FFF7E0FE48B910BD0024F5E7D4F8202588
:106560000133DBB2032BF9D9F5E70023FAE7C0B218
:10657000704710B504460846FFF7F9FF083004EBF2
:106580004004A08800F0010010BD10B50446084684
:10659000FFF7EDFF083004EB4004A088C0F3401083
:1065A00010BD10B504460846FFF7E1FF083004EBC4
:1065B0004004A08810F01C0018BF012010BD10B5C9
:1065C00004460846FFF7D3FF083004EB4004A088D8
:1065D000C0F3400010BD38B504460D46FFF7EFFF8D
:1065E00030B129462046FFF7D0FF18B1012000E066
:1065F000002038BD0020FCE708B5FFF7E0FF80F081
:106600000100C0B208BD7047704710B50446084687
:10661000FFF7ADFF083004EB4004A088400B10BD2D
:10662000032894BF002001207047002204E04FF0AF
:10663000FF338B420FD001321F2A0AD802F1080320
:1066400000EB43039B8813F4807FF0D0C3F3432314
:10665000EFE7002070470120704738B504460D462B
:10666000FFF793FFB8B129462046FFF7C5FF90B169
:1066700029462046FFF7C9FF226801238340C2F85C
:106680000833226800F5A27052F8203023F003038B
:1066900042F8203003E000212846FFF722FF38BDF2
:1066A00003460020002808DD4FF0FF30704703EB61
:1066B000C004A468944206D10AE010B403EBC004FD
:1066C00064688C42F3D001300028F7DD4FF0FF30D2
:1066D00010BC704738B504460D460846FFF747FF23
:1066E000083004EB4004A388C3F38203042B11D0C9
:1066F000052B11D005F01F026D0909D14FF0A04301
:10670000D3F81035D34013F0010F07D0032002E077
:106710000023F5E7032038BD0220FCE70220FAE75A
:1067200010B504460846FFF722FF083034F8103051
:1067300013F4807F04D0C3F3432304EBC30010BDE4
:106740000020FCE72DE9F04184B004460D461646D2
:106750001F460846FFF70BFF80463EB329462046FA
:10676000FFF74AFF28B129462046FFF70EFF002811
:106770003CD129462046FFF714FF10B17378012B56
:1067800034D001238DF80F30002301930096B31C01
:10679000721C0DF10F012846FFF754FE08F10803A3
:1067A00004EB43039A8842F003029A80002F34D00E
:1067B00029462046FFF720FF88BB3E78236806F570
:1067C000A272002143F8221043F8221008F10803B6
:1067D00004EB43039A8822F02002D204D20C9A8060
:1067E0007B7833B9002004B0BDE8F0816FF015006C
:1067F000F9E7BA7800922A4631462068FFF7C5FDCE
:1068000008F1080804EB4804A3887603B6B23343C2
:1068100043F02003A3800020E5E70020E3E76FF0CA
:106820001500E0E7C1600261704770B504460E468E
:106830001546FFF7AAFE50B13046FFF798FE083024
:1068400004EB400083885B0B2B70002070BD6FF061
:106850001500FBE790F86C00003818BF0120704766
:1068600070B504460D461646FFF78FFE00B3294665
:106870002046FFF7C1FED8B129462046FFF7C5FEE6
:106880002268830003F580739BB2002199509B58C6
:10689000226800F5A27152F8213043F0010342F85A
:1068A0002130B6B1226801238340C2F8043310E0DE
:1068B0002368D3F80423002A03DB4FF00042C3F817
:1068C000042329462046FFF705FF01462846FFF727
:1068D00008FE70BDF8B504460D461646FFF720FFCA
:1068E00020B10768426831462846B847A3681BB103
:1068F000E268314628469847F8BDF8B507460E4687
:1069000014461D461046FFF78BFE60B9022D28D0B5
:1069100002213046FFF7E5FD032C26D0022D22D0C0
:10692000032D28D0F8BD224631463846FFF7D2FF66
:1069300006F01F03720912D14FF0A04203F5E07375
:1069400052F82330C3F301439D42EBD1002130467E
:10695000FFF7C7FD29463046FFF7C3FDE2E70022F7
:10696000ECE70321D5E7012CDAD12246314638463F
:10697000FFF7B0FFD6E7022CD4D1F6E770B5064694
:106980000D4600240CB1002070BD15F0010F01D19F
:106990000134F7E706EB840201212046FFF7B1FD41
:1069A00056F82430002BF3D00120EDE708B590F81D
:1069B0006D00F2F715FEFFF76AFC08BD38B5044616
:1069C0000846FFF7D4FD00F1080304EB43039A885F
:1069D00012F4807F0DD0C2F3432500F1080304EBCD
:1069E000430322F4F8529A8029462046FFF71DFE01
:1069F00000B138BD04EBC50300225A60294604F1FA
:106A00005800FFF769FCF4E72DE9F0410546884698
:106A100016461F46FFF7D2FF1EB33A4631462846B8
:106A2000FFF73EFE041E15DB05EBC4035E609F60AE
:106A30004046FFF79CFD083005EB4005AB88E4B20B
:106A40006402A4B2234343F48073AB800024204645
:106A5000BDE8F08105F15800FFF719FC041EE3DAE8
:106A6000F5E70024F3E72DE9F04385B005460E462F
:106A700017460846FFF77BFD0446D7F80080B8F1BB
:106A8000000F20D031462846FFF7A5FD00283FD152
:106A900000238DF80E308DF80F300193009343469C
:106AA0000DF10F020DF10E013046FFF7CBFC04F1A2
:106AB000080205EB4202938823F002039BB2938005
:106AC00043F0010393807B68B3B193F80080D3F85F
:106AD000049031462846FFF772FDE0B1B9F1000F8E
:106AE0005FD1083405EB4404A38823F01C039BB258
:106AF000A38043EA8803A380BA68002A57D053686A
:106B0000126831462846FFF77FFF05B0BDE8F083E5
:106B10006FF01500F9E704F1080305EB43039A88C9
:106B200022F02002D204D20C9A80B9F1000FD8D002
:106B3000B8F1030F38D87B685B6893F80090B8F120
:106B4000000F08D12B6809F5A279002243F829200B
:106B500043F82920C5E74046FFF756FD034629685C
:106B600009F5A27C51F82C2022F0030241F82C20D8
:106B7000324649462868FFF7EFFB09F12C0305EB85
:106B800043039E8004F1080205EB420293884FEA1A
:106B900049391FFA89F943EA090343F02003938036
:106BA0009FE76FF01500B0E76FF01500ADE700202C
:106BB000ABE770B504460D46FFF7E7FC58B1266811
:106BC00029462046FFF721FD00F5A270002346F874
:106BD000203046F8203029462046FFF7EFFE2846B1
:106BE000FFF7C5FC083004EB40040023A38070BD10
:106BF00038B505460C46FFF7BCFC60B12146284677
:106C0000FFF72BFD21462846FFF7D3FF2046F2F77A
:106C1000D1FC002038BD6FF01500FBE710B50C4625
:106C200090F86D00F2F7DCFC2146FFF755FB10BD34
:106C300070B504460D461E4604984FF0000C01E066
:106C40000CF1010C84450ED25FFA8CF2920002F531
:106C500080719208012303FA02F21542F0D000235A
:106C600063506358ECE7002D04DA0023C4F87C314C
:106C7000D4F87C3144F30730F8F7BCF90EB1C4F80E
:106C8000045370BD70B582B004460D4690F86D0097
:106C9000F2F7AAFC94F86C30B3B906464022002102
:106CA00004F1140002F0BBFA3368009300232A4673
:106CB0004FF000412068FFF7BBFF012384F86C30E0
:106CC000A365002002B070BD6FF07700FAE72DE9F0
:106CD000F04383B081460F469046002301935168EC
:106CE00001A8FFF74BFE00267EB100224FF00041C5
:106CF0004846FFF786FBD8F8041001A8FFF73EFED0
:106D00000028F0D103B0BDE8F08398F8043013F008
:106D1000010F0FD10136E7E7002105F5E07351F8C7
:106D20002330C3F3014329463846FFF7E6FD2846E2
:106D3000FFF703FC02AB03EB860353F8044C002C73
:106D4000E8D094FAA4F4B4FA84F404F01F052846B9
:106D5000FFF70DFC083037F81020C2F3820201ABB8
:106D600003EB86034FEAD40C04F0070413F80C106D
:106D70000120A04021EA000103F80C106B09CBD1DF
:106D80004FF0A041C9E7F8B507460D46144618E094
:106D900094FAA4F3B3FA83F301229A4024EA02049A
:106DA00003F12C0235F8126003F5A27357F82300A3
:106DB000C0F30140FFF727FC024631462846FFF7A3
:106DC00089FD002CE4D1F8BDF8B504460E4691F8D3
:106DD0006900F2F709FC0746D4F80413C9B2026847
:106DE00041F000412046FFF70CFB051E05DB2A465B
:106DF00031462046FFF7C7FFF8BD3A4631462046E8
:106E0000FFF765FF25F00045F1E708B5FFF72BFE1A
:106E100008BD08B5FFF796FC08BD08B5FFF702FDF1
:106E200008BD08B5FFF701FD08BD08B5FFF72AFF4B
:106E300008BD08B5FFF70EFD08BD08B5FFF7D8FE81
:106E400008BD08B5FFF7EAFE08BD10B50C46FFF710
:106E5000ADFD002801DB2070002010BD08B5FFF754
:106E6000FFFC08BD08B5FFF7F8FB08BD08B50146F3
:106E700051F8040BFFF7A8FF08BD4FF080531869C5
:106E800070474FF080535869704710B5FFF7F5FF12
:106E90000446FFF7F6FF04FB00F010BD10B50446F2
:106EA000FFF7EBFFB4FBF0F300FB1340B0FA80F008
:106EB000400910BD38B504460D46F2F7A1FB29463E
:106EC0002046F2F7ADFBF2F793FB38BD08B5FFF7AC
:106ED000DCFF08BD08B5FFF7D0FF08BD08B5FFF718
:106EE000D0FF08BD00B9704708B5F8F79EFB08BD94
:106EF00010B50446436993B19847024630B1002863
:106F00000BDBFF2A00DDFF22E3681A70E1684B7893
:106F100043F001034B70504210BD4242F1E70022A2
:106F2000F4E760B1C3685A7812F0010F03D01B7800
:106F30001BB10020704700207047012070470020DF
:106F40007047EFF31183402383F31288BFF36F8FF1
:106F5000FEE708B5FFF7F5FF10B500F10C04C460BB
:106F60000461F6F7DBFD10BD70B5044600F11406B0
:106F7000EFF31185402383F31288BFF36F8FF6F789
:106F800077FD04F10C0000F0CDFC20B985F31188E9
:106F9000BFF36F8F70BD29463046F3F7D7FBF9E793
:106FA0004169836841EA030212F0030F10D1002205
:106FB000C2600269013A02FB013305E0C168196051
:106FC000C36041695B1A013A002AF7DA0020704772
:106FD0006FF015007047012070472DE9F843044613
:106FE0000D46FFF7F8FFB0B104F10807EFF3118683
:106FF000402383F31288BFF36F8FE368A3B1E36884
:107000002B60E560A369013BA36186F31188BFF3A0
:107010006F8FBDE8F883002383F31188BFF36F8F70
:107020000423184602DFF4E7D4F80080444517D063
:10703000B8F1000918BF4FF00109B8F1000F12D1E3
:10704000B9F1000FDBD00023C8F8B030C8F81050F9
:10705000404600F0E5FB31463846F3F777FBD8E7CA
:107060004FF00008E4E7D8F80420D8F800301360A7
:107070005A600023C8F80030C8F8043098F80D2092
:1070800022F0020288F80D20C8F8083008F1180034
:1070900000F009FDD4E708B5EFF31183402383F333
:1070A0001288BFF36F8FF7F7CAFFF5E700BF70478D
:1070B000884200DA014611F17F0F01DB0846704774
:1070C0006FF07E00704708B5806890F90E308B42F3
:1070D00001D1002008BDF3F793FAFBE70346002037
:1070E0009860D8601B605B6070470B6803F0030317
:1070F0000B60426832B1136803F003030B43136063
:107100004160704741600160704708B591B18C469D
:107110000B6823F00301032B18D9136803F0030352
:107120000B431360DCF8003003F003031343CCF887
:10713000003008BD0168136803F003030B431360BC
:1071400002604368002BF4D14260F2E71146FFF77A
:10715000CCFFEEE708B50022C0F8B020016100F0D6
:107160005FFB08BD2DE9F04F83B004460F4616467D
:1071700098469DF8303000F1080BEFF3118A402259
:1071800082F31288BFF36F8FCDF804A003B1476874
:1071900004F10803A568AB4222D0B5F1000918BF7D
:1071A0004FF00109F5B9B9F1000F2CD1B8F1000F7A
:1071B0002ED100233360324639462046FFF7A5FF23
:1071C000042104F1100000F05AFD60B35146584606
:1071D000F3F7BCFA4FF00009484603B0BDE8F08F62
:1071E0000025DAE76A682B6813605A6000232B6079
:1071F0006B606A7B22F002026A73AB6005F11800D3
:1072000000F051FCCFE731462846FFF7A3FFDDE74A
:107210000820F3F7D1FE20B1466001220260064645
:10722000C9E76FF00B09019B83F31188BFF36F8FE0
:10723000D2E760B1036813F0030F08D010B54468BB
:1072400009B9204610BD00F056FD2046FAE7704708
:1072500000230360436000F108038360C36000F112
:10726000100303614361704700B583B00A460123F0
:10727000009300231946FFF775FF03B05DF804FB88
:1072800000B583B00A46002100910B46FFF76AFF64
:1072900003B05DF804FB08B500210068FFF7C9FFE3
:1072A00008BD5AB18A420CD38160C2600060406060
:1072B00000F1100303614361002070476FF0150077
:1072C00070476FF0150070470B4621B1096851B146
:1072D00011601A6070470368136002604368002BF6
:1072E000F8D14260704700231360436813B11A60FD
:1072F000426070474260026070470B4639B11168C6
:10730000196041688A4209D00023136070471368EE
:10731000036041688A42F7D14360F5E74360F3E7D1
:1073200008B50A460368002101E019461B682BB125
:107330009342FAD1FFF7E1FF012000E0002008BDF1
:10734000704708B5CB6823F00402CA6013F0040F3D
:1073500000D108BDBC30FFF7E3FFFAE710B50446E3
:10736000C36813F0020F09D0E36813F01F0004D0C4
:1073700043F00202E26040F0020010BD0146806866
:10738000FFF7DFFFF0E730B108B500221146C43047
:1073900000F021FB08BD0020704770B50D46C368A2
:1073A00013F0020F22D1044613F0040F23D10B680F
:1073B000ABB1E36813F0010F14D0A3682B60022671
:1073C00021462868F2F7DCFC002811DBE36843F073
:1073D0000403E3602B68A36036B130460AE083689B
:1073E0000B60E6E70126EBE7304601E06FF00F00A7
:1073F00000232B6070BD0020FAE710B582B0034671
:10740000EFF31184402282F31288BFF36F8F0022C2
:10741000019250F8042C22F0080140F8041C12F0EC
:10742000080F05D184F31188BFF36F8F02B010BD30
:1074300010389B69019301A9FFF7AFFFF2E708B588
:10744000EFF31180402383F31288BFF36F8FF3F7BC
:1074500093F908BD10B50246C46814F0020FC4F3D6
:10746000400401D1204610BD08461146F2F7C8FC81
:10747000F8E708B5C36823F01003C3601030F2F7D3
:10748000B5FB08BD08B5C36823F00802C26013F05D
:10749000080F01D1002008BD103000F004FBB0FA45
:1074A00080F04009F7E710B50446FFF7EBFF2046F0
:1074B000FFF754FF10BD0023036043608360C36087
:1074C0004160704770B505460E4614461046F2F707
:1074D0007FFDF36813F0040F08D1D5F8BC302360AA
:1074E000C5F8BC40D5F8C0303BB170BD224631462E
:1074F00005F1BC00FFF7E8FEF7E7C5F8C040F4E788
:1075000038B5C36803F00503002B14BF0124002421
:1075100001D1204638BD85680A4601462846FFF756
:10752000D1FF2846FFF72FFFF3E710B582B0019097
:107530000846EFF31184402383F31288BFF36F8F63
:1075400001A9FFF72AFF84F31188BFF36F8F02B000
:1075500010BD10B5FFF7E9FF041E01DC204610BD89
:10756000FFF76DFFFAE770B50D46EFF31186402384
:1075700083F31288BFF36F8FFFF7C2FF044686F3D1
:107580001188BFF36F8F08B9204670BD05F1100058
:107590004FF0FF324FF0FF33F2F770FBF4E708B51E
:1075A000D822002101F03BFE08BD38B504460D4647
:1075B0003022002101F033FE65604FF48073E360F8
:1075C00038BD10B582B00190EFF31184402080F3F4
:1075D0001288BFF36F8FC86810F01E0F06D000200E
:1075E00084F31188BFF36F8F02B010BD01A8F2F7CA
:1075F000D5FCF5E7F0B583B001900C4616461D4664
:10760000EFF31187402383F31288BFF36F8F08468F
:10761000FFF738FF32462B46214601A8F2F7BEFCA1
:1076200087F31188BFF36F8F03B0F0BD10B5EFF390
:107630001184402383F31288BFF36F8FFFF733FF6A
:1076400084F31188BFF36F8F10BDF8B50D46EFF3CB
:107650001187402383F31288BFF36F8FC36803F051
:107660001F03002B14BF0126002607D1002087F33B
:107670001188BFF36F8F48B93046F8BD0446FFF755
:1076800012FF29462046FFF7E5FEF0E705F1080066
:107690004FF0FF324FF0FF33F2F7F0FAECE7F8B5B6
:1076A0000546D31D23F007037F3323F03F0301F189
:1076B0004007A3F140063F2B07D8002282F3118830
:1076C000BFF36F8F0422104602DFCC1821462846F4
:1076D000E8F7E2FF073020F00700C5F89870C5F81A
:1076E0009C60C5F8A000201AF8BDEFF305800038B3
:1076F00018BF0120704710B40024846003734273E4
:107700008173C4738461C46110BC7047F0B587B0E5
:107710000446129E139D00270597109F04970F9F04
:1077200003970E9F02970D9F01970C9F0097F2F70A
:1077300031FDB5F1FF3F08BFB6F1FF3F02D1204652
:1077400007B0F0BD32462B462046F2F703FDF6E7C0
:107750000020704738B504460D46F2F701FE637B02
:1077600043F00203637335B3A5602B689D420DD1CE
:1077700000230BE05A686260236014605C601AE0CA
:107780001A4669688A420FD01B687BB173B194F9BD
:107790000E1093F90E209142F2D0521A002AE9DC21
:1077A0001A46002BEDD1F0E70023EEE76B68256069
:1077B00063601C606C6038BD08B5183000F073F968
:1077C00008BD70B50646046884421AD0DCB1626810
:1077D000236813605A60002525606560637B23F091
:1077E00002036373A56004F1180000F05CF9C4F8AB
:1077F000B0502046F2F75AFD3468A642E6D12C4636
:10780000E4E70024E2E770BD70B5044616461D4665
:10781000FFF7A0FF32462B462046F2F761FE70BD0F
:1078200038B504460023EFF31185402282F3128815
:10783000BFF36F8F04E085F31188BFF36F8F0123CF
:1078400043B92046FFF784FF0028F4D12046F2F721
:107850002DFDF0E738BD0023EFF31181402282F3C4
:107860001288BFF36F8F10E04268036813605A609C
:10787000002303604360427B22F002024273836074
:1078800081F31188BFF36F8F01231BB98368002B2D
:10789000EAD1F5E7704738B504460023EFF31185C8
:1078A000402282F31288BFF36F8F0BE0637B23F0DB
:1078B000040363732046F2F7F9FC85F31188BFF3E4
:1078C0006F8F01239BB9637B13F0280FF5D1A36859
:1078D000002BEBD06268236813605A60002323609A
:1078E0006360627B22F002026273A360DEE738BD50
:1078F00008B501211838FFF7CEFF08BD10B50446C2
:10790000FFF7A9FF04F1180000F0CDF810BD08B58D
:10791000EFF31180402383F31288BFF36F8FF2F7E8
:107920002BFF08BD38B505460468844201D000200D
:1079300002E00024FBE7012054B12046FFF7DEFF00
:107940002046FFF76DFF2C68A542F4D10024F2E732
:1079500038BD031D43608360704738B504460D464B
:10796000F2F7C8FF84462046B5F1FF3F08BFB4F1E7
:10797000FF3F2CD04FEAEC72510141EADC614FEA43
:107980004C13B3EB0C0361EB0201890041EA9371E4
:107990009B0013EB0C0042EB0103DB0043EA507346
:1079A000C00047F6FF72801843F10003B0F5004FA6
:1079B00073F100020AD36FF40042824243F6FF7271
:1079C0009A4105D3C00B40EA434000E0002038BD97
:1079D0006FF00040FBE72DE9F04105468846174669
:1079E0000023EFF31186402282F31288BFF36F8FDA
:1079F000184604E086F31188BFF36F8F0123F3B9B3
:107A00002C68A542F6D0002CF4D0C4F8B0802761D1
:107A10006268236813605A6000232360636094F8EF
:107A20000DC02CF0020C84F80DC0A36004F1180006
:107A300000F039F82046F2F739FC0120DAE7BDE81A
:107A4000F08110B50446F3F745F948B102460369E1
:107A5000416920691B18606941EB000113615161A4
:107A60006268236813605A6000232360636010BD5E
:107A700010B50446F3F724F978B1036942691B1B7A
:107A800062EBE472B3F1004F72F1000108DA002AF0
:107A900001DB184610BD0023FBE76FF00040F9E75B
:107AA0006FF00040F6E7F8B504460023EFF31187C6
:107AB000402282F31288BFF36F8F6FF015000CE045
:107AC000F3F714F9FFF7D4FF0021F0F7EDFD30468E
:107AD00087F31188BFF36F8F01231E468BB923688C
:107AE000002BF5D0F3F7ECF805462046FFF7A9FF89
:107AF00000224FF00043C4E90423A542E0D0304601
:107B0000E6E7F8BD08B5F3F7F9F908BD70B5064624
:107B1000B3F1FF3F08BFB2F1FF3F09D015461C4645
:107B200053EA02010CD100220023C0E9002305E042
:107B30004FF0FF324FF0FF33C0E90023304670BDF5
:107B4000002B09DA6FF00101891A4FF0FF3262EB66
:107B5000030301604360F1E7F3F7D0F92B462246B7
:107B6000012D74F1000401DA01230022C01841EB59
:107B7000020130607160E1E7F8B50546B3F1FF3FFF
:107B800008BFB2F1FF3F0AD014461F4657EA02036E
:107B90000CD100220023C0E900232846F8BD4FF095
:107BA000FF324FF0FF33C0E90023F6E7F3F7A6F901
:107BB00003460A46A042B94105D2E61A67EB020223
:107BC0002E606A60E9E700263246F9E708B16038BE
:107BD0007047704738B50D468068FFF7F7FF437B65
:107BE00013F0020F01D1002038BD0446FFF786FED6
:107BF000082D0AD00023C4F8B030637B13F01F0FA8
:107C0000F1D12046FFF70CFEEDE76FF00303F2E73A
:107C100070B58468237873B154F8045C5DB1A4F145
:107C2000140604F11400FFF73EFF0023E36231461F
:107C30002846FFF77AFC002070BD70B504460D465B
:107C40008668D6B17378012B0DD0022B12D000209C
:107C500030700023A360E368C3F386322A4362F3E3
:107C60009433E36070BDFFF7B5FF00233370984293
:107C7000EFDAF7E7FFF7CCFFF7E70020E9E738B5E1
:107C8000EFF31185402383F31288BFF36F8F0468ED
:107C9000A04211D06268236813605A6000232360F9
:107CA00063602046FFF7C9FF85F31188BFF36F8F2C
:107CB000201E18BF012038BD0024F5E738B5044662
:107CC0000020043213D2A0B941F00401EFF3118572
:107CD000402080F31288BFF36F8F2046984785F3CA
:107CE0001188BFF36F8F08B140F8044B38BD0120F5
:107CF000E9E70020FAE730B108B5011F50F8040C9D
:107D0000FFF732F908BD704700207047704710B583
:107D1000044608B1F3F764FB2046F3F74FFB10BDB0
:107D200000F4E040B0F5805F06D0B0F5005F01D010
:107D3000002070470120704701207047036823F03E
:107D4000031323F47F430BB9002070476FF08600C4
:107D500070470B8813B10288934206D14B883BB120
:107D60004288934206D1002070476FF0860070472A
:107D7000002070476FF086007047C1684288038812
:107D8000002979D0002A79D003F44F41B1F5824F10
:107D900076D1DBB2123B302B75D8DFE803F02274CA
:107DA000747474197474747474747474747444741E
:107DB00074747432747474747474747454747474E5
:107DC0007474747474747474747474747466660003
:107DD000C02A5BD0E12A5BD0B2F5807F5AD1002067
:107DE0007047C02A59D0E02A59D0B2F5807F58D0C8
:107DF000B2F5C07F57D040F209239A4255D10020F6
:107E00007047E92A54D0EF2A54D040F21B139A420B
:107E100052D040F299139A4250D040F23B239A42FA
:107E20004ED100207047E92A4DD040F21B139A42F0
:107E30004BD040F299139A4249D040F23B239A42E8
:107E400047D100207047C02A46D0E02A46D0B2F57C
:107E5000807F45D0B2F5A07F44D0B2F5C07F43D03B
:107E6000B2F5007F42D100207047FF2A41D0B2F521
:107E7000E07F40D10020704700207047002070470D
:107E80006FF0850070476FF08500704700207047E5
:107E9000002070476FF08600704700207047002078
:107EA000704700207047002070476FF086007047D1
:107EB0000020704700207047002070470020704766
:107EC0006FF0860070470020704700207047002048
:107ED00070476FF0860070470020704700207047A1
:107EE0000020704700207047002070476FF0860028
:107EF0007047002070476FF08600704700231A46D5
:107F000004E010F803C04CEA020201338B42F8D3BC
:107F10000AB1002070476FF086007047994211D86F
:107F200070B50C4616461D460A460146304601F01D
:107F300068F92A1B0021301901F071F9049B1C60BB
:107F4000002070BD6FF08900704752B108B59446AB
:107F500001B10023ACEB03022121184401F05FF9C9
:107F600008BD70472DE9F041884614461F46F4F7D6
:107F700081F80646F8B9D8F80050298801F4E043A2
:107F8000B3F5804F0CD0AB6834EA03030BD197B143
:107F90003A4605F10800F3F725FC064658B104E01F
:107FA00024F00104EFE76FF084060023C8F80030E6
:107FB0002846F4F795F83046BDE8F08170B50446E0
:107FC00045684669284600F0EFFC00B170BD2846C0
:107FD00000F0ECFC0028F9D115F0FF0F0ED1B6B976
:107FE00004F10800FFF7AAFE0028EFD162884FF6DF
:107FF000F8739A42EAD96FF08500E7E701216069DA
:1080000000F09FFC0028EBD16FF08600DEE76FF0F8
:108010008600DBE72DE9F04389B00D461746984608
:10802000119EDDF84890139B00228DF81B20E3B1D0
:108030004FF480622B4607A9FFF794FF0446B8B1BE
:10804000C9F8006000238DF81B30D9F800303246A3
:1080500021461098FFF779FF0798F4F741F804B923
:108060000446204609B0BDE8F0834FF40062E1E722
:108070000DF11B0207992846F3F7A2FC04460028DD
:10808000DED19DF81B30B34202D96FF08904D7E7E7
:108090000798416A826ACDF810900393109B02936F
:1080A000CDF8048000972B46F4F73AF804460028F0
:1080B000CBD0C5E741F2062398420BD9B0F5105F4B
:1080C00025D1802926D0C02926D0B1F5807F25D1A1
:1080D00000207047B0F5905F09D241F20103984249
:1080E0000DD0B0F5885F0AD06FF085007047A0F51D
:1080F000905080B26923C34013F0010F04D011F0F7
:10810000070F0ED1002070476FF0850070476FF0A9
:108110008500704700207047002070476FF0860090
:1081200070476FF08600704738B504460D46FFF77C
:10813000F7FD20B129462046FFF7BCFF38BD24F0EB
:10814000FF04B4F5E24FF9D06FF08500F6E738B5DB
:10815000436A4BB904460D460120F3F727F96062E4
:1081600028B1A562002038BD6FF08A00FBE76FF0F0
:108170008C00F8E7F8B504460088BAB10E461F46F1
:108180001546FFF7CDFDA0B1E900089B19602088D6
:10819000FFF790FF044608B12046F8BD2A46314655
:1081A000384601F02EF8079B1D60F5E76FF0850457
:1081B000F2E76FF08504EFE710B50446406A10B1AE
:1081C000A16AFFF7A4FD00206062A06210BD38B56F
:1081D0000446FFF7F1FF0546237F012B0BD05AB26F
:1081E00072B1023BDBB2012B0DD8236A012B0CD0FC
:1081F0006FF0960509E0236A3BB16FF0960504E045
:108200006FF0960501E06FF096052C2200212046C4
:1082100001F005F8284638BDF0B583B00D46164686
:108220001F4604882046FFF77BFDB0B924F4405276
:1082300044F201039A4210D004F44F43B3F5824F45
:108240000BD0B3F5884F08D0B3F58E4F05D0803CE6
:1082500024F0FF04B4F5485F09D1099B0093089B03
:108260003A4631462846FFF759FE03B0F0BD6FF09D
:108270008500FAE7F0B585B0EAB10E461C46174610
:1082800000232360012203A9FFF76CFE054610B10D
:10829000284605B0F0BD0398416A826A01940097B0
:1082A000334600F0DAFB05460398F3F719FF002D7B
:1082B000EED10546ECE76FF08905E9E700B583B03C
:1082C0008E4611461A46B0F800C00CF4E043B3F5F0
:1082D000804F04D06FF0850003B05DF804FB2CF4F0
:1082E000405044F2010398420DD00CF44F4CBCF5C1
:1082F000824F08D0BCF5844F05D0BCF5884F02D022
:10830000BCF58E4FE6D1059B0093049B7046FFF7AA
:1083100005FEE1E7F0B585B012B30E461C461746E0
:1083200000221A60134603A9FFF71CFE054658B940
:108330000398038813F4804F09D16FF086050398E2
:10834000F3F7CEFE05B90546284605B0F0BD416AF3
:10835000826A01940097334600F096FB0546EEE7EB
:108360006FF08905F0E72DE9F04188B01E46002343
:10837000079306930492B0F800C03360002A7BD0C4
:1083800005460F461446B2F1005F78D22CF0FF0C80
:10839000BCF5E24F4DD0BCF5824F4AD006AB07AAE0
:1083A00029460020F3F7CCFB804600285CD1079BD0
:1083B0009B6A93B96B681B0A08D004AB2246394606
:1083C000284600F0FEFA804600284DD1049907980F
:1083D000FFF7BDFE8046002846D1079A53880593D3
:1083E000536A05A9029102F128010191926A009253
:1083F00022463946284600F00AFB8046A0BB079A71
:1084000053884BBBBDF814305380059A4FF6F87370
:108410009A4227D8079C29462046FFF79AFC8046B7
:1084200010BB324606992046F3F760FA8046F8B151
:108430001AE02846FFF7A1FC8046C8B92146284625
:10844000F3F77EFA804698B921463846FFF756FD85
:1084500080460028A2D00BE0059A9342D5D06FF059
:10846000860801E06FF0850806990798F3F7A8FBE6
:10847000404608B0BDE8F0816FF08608F8E76FF07D
:108480008508F5E703680BB90020704710B504466E
:1084900000F06CFB00232371627963F300026271C8
:1084A000236010BD2DE9F04184B0044600250395FA
:1084B00005686DB16FF088052046FFF7E3FF03986C
:1084C000F3F70EFE05B90546284604B0BDE8F08175
:1084D000884617461E464FF4A8720021083000F067
:1084E0009EFE0EB34FF480623B4603A94046FFF761
:1084F00039FD05460028DFD1221D03993846F3F7E0
:108500005FFA05460028D7D1637966F300036371EB
:108510006EB103994A6A8B6A00972046F3F722FEF0
:108520000546002DCBD0C7E74FF40062DCE7039986
:108530004A6A8B6A00972046F3F734FE0546F0E757
:1085400008B50123FFF7AEFF08BD38B503686BB16E
:10855000044612B90025284638BD00F0F1FA054658
:108560000028F8D02046FFF78DFFF4E76FF088056C
:10857000F1E72DE9F0410446884615461E4603689A
:1085800083B1437913F0010F22D002791AB3AA42C2
:1085900002D96FF0890707E0334600F0DCFA07469E
:1085A00028B101E06FF08807356000232371B8F12E
:1085B000000F05D033682A4639464046FFF7C5FC10
:1085C0002046FFF75FFF07B907463846BDE8F08150
:1085D0006FF08807E8E76FF08807E5E710B584B02B
:1085E00001240394089C0294079C0194069C009427
:1085F000FFF710FD04B010BD2DE9F04188B004462E
:1086000098460F9E0023079320F0004C2CF47F0C1B
:10861000BCF1106F10D06FF0860531460E98F3F75D
:1086200037FB109B1E600798F3F75AFD05B9054606
:10863000284608B0BDE8F0810846174623464FF4A7
:10864000804207A9FFF78EFC05460028E5D1079870
:10865000416A826A109B049303960E9B0293CDF8A5
:1086600004800097234600F08BFA05460028DAD0F4
:10867000D3E738B50C4615460088FFF751FB20B10B
:1086800029462046F3F704FB38BD6FF08500FBE771
:108690002DE9F04385B000220392029203880A601C
:1086A0004288002A00F03E8104460E46028802F409
:1086B000E042B2F5804F00F0388123F0FF03B3F5BC
:1086C000E24F72D0B3F5824F6FD002AB03AA2146BE
:1086D0000120F3F735FA0546002840F08980039B16
:1086E0009B6A002B72D163681F0A40F00E81B4F8B8
:1086F0000080B4F8029049464046FFF715FD054654
:10870000002876D108F4E043B3F5805F54D0B3F588
:10871000005F51D008F44F43B3F5844F71D047F256
:108720000102904571D044F20102904576D047F2A3
:108730000E02904577D044F20E0290457AD028F090
:10874000FF02B2F5E84F7CD0B2F5884F7ED0B2F58B
:10875000EE4F00F0D680B2F58E4F7ED0B3F5824F4B
:108760007FD0B3F5824F00F08580B2F5E24F00F084
:108770008A80B2F5824F00F08A8044F20D0398455A
:1087800000F28B8044F20203984518D3A8F5804884
:10879000A8F10208B8F10B0F11D8DFE808F0881033
:1087A0009110109AA01010A610AC2046FFF7E5FA21
:1087B0000546002889D020E009F10703DF0801976A
:1087C00001990398FFF7C3FC054690B9039901F19D
:1087D00028038A6A496A204600F0FDF80546002809
:1087E00040F09C80324602990398F3F77FF80546E3
:1087F0001DB102990398F3F7E3F9284605B0BDE8E7
:10880000F08309F10703DF08D9E74FEA5903013381
:10881000DB0803EBC30303F13B07D0E74FEAD903BF
:1088200003F11007CBE74FEAD90303EB430303F14E
:108830005A07C4E74FEAD90303EB430303F14A079E
:10884000BDE709F10703DB085F00B8E709F107039B
:10885000DB0803EB43035F1CB1E709F10703DF0803
:10886000ADE75FFA88F142297FF47BAF09F1080395
:10887000DF08A4E75FFA88F3412B7FF476AF09F1B4
:108880000703DF089BE709F10703DF0897E709F112
:108890000703DB085B005F1C91E747F20203984582
:1088A00031D047F20403984589D1402787E74FEA42
:1088B00059134FF4A07202FB03F303F120077EE784
:1088C0004FEA19234FF4C07202FB03F303F12007B0
:1088D00075E709F10703DB0803F118076FE709F1F2
:1088E0000703DB0803F11C0769E709F10703DB084D
:1088F00002335F0063E709F10703DB0802335F001F
:108900005DE714275BE7202759E701A9204600F01F
:108910005DF8054600283FF453AF6AE70398FFF778
:108920004BFC66E76FF0860567E76FF0860564E746
:108930000023036043608360C3600361436183611C
:108940007047421E6FF040439A4207D341B1B0F1E5
:10895000804F07D3002807DA0020704701207047B6
:10896000084670470020704701207047A0B108B545
:108970000246017F8B1EDBB2012B0FD8032905D0E5
:10898000136A73B1013B1362002008BD036A012B17
:10899000F6D1FFF71CFCF8E7002070476FF0960057
:1089A000F3E76FF09600F0E70020704710F0FF0F3C
:1089B00001D1002070476FF085007047002070479C
:1089C000704700221A606FF08600704700230B602A
:1089D0006FF086007047F8B51F4643681B0A13D135
:1089E00004460D461646038813F4804F05D03B46D7
:1089F00000F02FF910F1860F05D13B46324629468B
:108A00002046FFF736FEF8BD6FF08600FBE72DE944
:108A1000F04784B09A460C9C0D9D0E9E43681B0A3D
:108A200018D1074688469146029601950094534610
:108A300000F0F2F810F1860F02D004B0BDE8F08724
:108A400002960195009453464A4641463846FFF740
:108A500091FBF2E76FF08600EFE7D0F804C05FEA21
:108A60001C2C0ED100B583B0DDF814C0CDF804C0C5
:108A7000DDF810C0CDF800C0FFF7CEFB03B05DF805
:108A800004FB6FF0860070472DE9F04383B09946F0
:108A90000A9C0B9D43681B0A16D106460F4690465A
:108AA000019500944B4600F09EF810F1860F02D01D
:108AB00003B0BDE8F083019500944B464246394629
:108AC0003046FFF7FBFBF3E76FF08600F0E710B5E9
:108AD00082B004464868000A0BD10498009004F163
:108AE000080000F0DBF908B102B010BD1C232360C0
:108AF000FAE76FF08600F7E710B582B004681C2C27
:108B000008D1059C0194049C00940830F3F760FCA4
:108B100002B010BD6FF08600FAE738B503681C2B71
:108B200002D00025284638BD00F10804204600F098
:108B3000BFF905464FF490712046F2F751FCF1E77A
:108B400008B503681C2B03D1083000F07EF908BD7E
:108B50006FF08600FBE710B504681C2C03D10830C9
:108B600000F07EF910BD6FF08600FBE708B50368E2
:108B70001C2B01D0002008BD083000F07DF9FAE779
:108B8000D0F804C05FEA1C2C1AD100B587B0DDF81C
:108B900030C0CDF810C0DDF82CC0CDF80CC0DDF829
:108BA00028C0CDF808C0DDF824C0CDF804C0DDF839
:108BB00020C0CDF800C000F083F907B05DF804FBD9
:108BC0006FF08600704708B5F3F766FC08BD08B57E
:108BD000F3F78AFC08BD08B5F3F7DCFC08BD08B55F
:108BE000F3F700FB08BDB0F800C00CF44F4CBCF527
:108BF000824F0ED100B583B0DDF814C0CDF804C0AB
:108C0000DDF810C0CDF800C000F018FA03B05DF830
:108C100004FB6FF085007047B0F800C00CF44F4CB7
:108C2000BCF5824F12D100B585B0DDF820C0CDF87B
:108C300008C0DDF81CC0CDF804C0DDF818C0CDF8C0
:108C400000C000F036FA05B05DF804FB6FF0850057
:108C50007047B0F800C02CF0FF0CBCF5E24F03D118
:108C600008B500F08FFA08BD6FF0850070470378F3
:108C7000DB0903EBC303C3EB03130F2205E0815CA5
:108C800083EA410383541B0A013A002AF7DA70474A
:108C90002DE9F04184B0002A5BD007460D46164608
:108CA000D0F848419CB1C4F11008424527D9B8F129
:108CB000000F33D107F5947103AB0193102200929A
:108CC0000B463846FFF718FF044600283DD1102E0A
:108CD00030D907F5947410232A462146204600F027
:108CE0009FF903AB01931022009223462146384698
:108CF000FFF702FF044640BB1035103EE7E700F5E2
:108D00009470204413460A46014600F089F9D7F8CA
:108D100048313344C7F8483100241BE000F5947013
:108D2000204443460A46014600F07AF94544103C87
:108D30002644BFE707F5947033462A46014600F003
:108D40006FF9C7F84861002404E03846FFF7E5FEF4
:108D500000E00024204604B0BDE8F0812DE9F04396
:108D600085B00446884616461F46D0F84851102D57
:108D700026D0054495F8283183F0800385F8283102
:108D800000F59C752846FFF772FF04F594701023D8
:108D90002A46014600F044F904F5947503AB0193AB
:108DA000102200922B4629462046FFF7A5FE814659
:108DB00078B12046FFF7B1FE484605B0BDE8F08324
:108DC00000F59470102304F59C72014600F028F918
:108DD000E2E732462946404600F013FA3E60E8E7F3
:108DE000F0B5D5B004460D4616461F464FF4A672A0
:108DF000002101A800F013FA33462A46214601A8B3
:108E0000F3F71CFA044628B101A8FFF786FE2046B6
:108E100055B0F0BD5A9A394601A8FFF739FF04460C
:108E20000028F1D15D9B5C9A5B9901A8FFF796FF42
:108E30000446ECE700B583B0DDF810C0CDF800C003
:108E4000F3F724FA03B05DF804FB08B590F84C3151
:108E5000022B02D1FFF71CFF08BD6FF08800FBE773
:108E600090F84CC1BCF1020F03D108B5FFF776FFB3
:108E700008BD6FF08800704790F84C31022B01D08C
:108E80000020704710B50446FFF747FE4FF4A87264
:108E90000021204600F0C3F9002010BD10B582B0BB
:108EA00000240194049C0094F3F75CFA02B010BD16
:108EB00008B54FF49072002100F0B1F9002008BD10
:108EC000B0F800C00CF44F4CBCF5824F1AD100B57D
:108ED00087B0DDF830C0CDF810C0DDF82CC0CDF87B
:108EE0000CC0DDF828C0CDF808C0DDF824C0CDF8EE
:108EF00004C0DDF820C0CDF800C0F3F75FFB07B079
:108F00005DF804FB6FF085007047036813F4805F21
:108F100002D043F480630360036813F4005F02D05F
:108F200043F400630360704710B582B002460C46FC
:108F3000302301A90020FFF752FE10B9019BA34284
:108F400001D302B010BD6FF09300FAE72DE9F041B4
:108F500088B004460F4616461D4603E033460DE032
:108F60001036103D0F2D1CD9D4F828010130C4F85B
:108F7000280104F59471002FF0D004AB03AA0192EC
:108F8000102200922046FFF7B7FD804660B9002FFF
:108F9000E6D010233A460DEB0301304600F040F8CE
:108FA000DEE72DB94FF00008404608B0BDE8F0817B
:108FB000D4F828310133C4F8283103AB01931022CF
:108FC00000920DEB020304F594712046FFF794FD27
:108FD00080460028E8D137B12B463A4604A93046EE
:108FE00000F01EF8E0E72A4604A9304600F009F92F
:108FF000DAE710B58CB0044630236A46FFF7A6FFC7
:1090000008B10CB010BD69462046F3F707FAF8E73F
:10901000024600201378013218430139FAD1704713
:1090200010B591F800E00131147801328EEA040E97
:1090300080F800E00130013BF3D110BD10B584464B
:1090400014461846BCF802E0BCF8003003F4E042D5
:10905000B2F5804F14D047F2121293421DD1640032
:109060000134029B9C421BD8039B1C6004230370A9
:10907000BEF5807F17D10130F3F72CFCB0B910BDDD
:10908000029B9C4206D8224600F0BBF8039B1C6062
:109090000020F4E76FF08900F1E76FF08500EEE75C
:1090A0006FF08900EBE76FF08500E8E76FF086006E
:1090B000E5E72DE9F0410D4614469846089E47889D
:1090C000038844F21212934225D047F212129342BF
:1090D00037D107B9E700B7F5807F35D1202C36D1DD
:1090E00020212846FFF794FFA0B32846F3F7DEFBC4
:1090F00098BB33680BB1BB423ED1069B9C423ED825
:1091000022462946404600F07CF8079B1C603760E9
:109110000020BDE8F08127B914F0010F20D06708C6
:10912000FF00B7F5807F1ED1412C1FD12B78042B77
:109130001FD1681CF3F7C4FB0028DAD06FF086005B
:10914000E7E76FF08500E4E76FF08500E1E76FF097
:109150008600DEE76FF08600DBE76FF08600D8E779
:109160006FF08600D5E76FF08500D2E76FF08600DC
:10917000CFE76FF08600CCE76FF08600C9E76FF0AD
:109180008900C6E7F8B50D461E464788018847F2B4
:10919000121399421AD1FC1DE40894421AD82146B0
:1091A0002846F2F775FD024690B921462846FFF79A
:1091B0002FFF0028F3D0B7F5807F0ED12846F3F7B4
:1091C00075FB02460028EAD1346001E06FF08502A9
:1091D0001046F8BD6FF08902FAE76FF08502F7E7F5
:1091E000704708B5FDF77AFF08BD08B54FF0FF32AC
:1091F0004FF0FF33F0F7EAFB08BD08B5F0F766FC67
:1092000008BD0A44914200F1FF3300D1704710B508
:1092100011F8014B03F8014F9142F9D110BD0244FE
:109220000346934200D1704703F8011BF9E710B5DC
:1092300001390244904201D1002005E0037811F881
:10924000014FA34201D0181B10BD0130F2E710B549
:109250006AB10139841810F8012B11F8013F9A42C4
:1092600003D1A04201D0002AF5D1D01A10BD10467A
:10927000FCE710B50139044632B111F8013F00F89E
:10928000013B013A002BF7D10021FFF7C8FF204630
:1092900010BD10B5024601448A42134603D01C7823
:1092A0000132002CF8D1181A10BDF0B5C3F1370700
:1092B0000446FFB203F01F031046082BE6B233D07A
:1092C000102B3ED06508A40844EA817445EAC175B4
:1092D0002D194FEA910242EB5102290941EA02712C
:1092E0006D1842EB1212290A41EA02616D1842EB35
:1092F0001222290C41EA02416D1842EB1242AD18CC
:1093000042F10002EC0844EA4274D10804EB840202
:10931000A6EB4205EDB2092D0CD90134A5F10A05E1
:1093200041F10001EDB212E0E40844EA417406F0B4
:109330000705C908303554EA010200F8015BBCD1C9
:10934000F0BD240944EA017406F00F050909092D4E
:1093500084BFED19EDB2EDE7D1E9043293421EBFAF
:109360005A1C0A6118707047014800687047000075
:109370004C2900204663FE7F01000000911101008E
:1093800000000000A9110100000000000000000022
:109390001C94020021990100000000004599010081
:1093A00000000000000000003C940200C15F0200C9
:1093B0000000000007600200000000000000000044
:1093C0005C940200000000007C940200A57A010079
:1093D000000000001D8501000000000019110100BF
:1093E00000000000000000009C9402009190010029
:1093F00000000000559D010000000000000000007A
:10940000BC940200F514010000000000515F02004E
:10941000000000005B5F020000000000B4AA020030
:10942000C4AA02005896020014070020102C002045
:1094300095790100000000000000000008AB020068
:1094400018AB0200349602001A070020D82C002026
:10945000097F01000000000000000000D4AA020003
:10946000000000001496020016070020642C002063
:10947000DD7C0100000000000000000034AB0200B1
:1094800044AB0200749602001C070020E42C00206C
:109490008B530200F95202000000000008AC0200E9
:1094A0000000000014AC02001E070020382D002030
:1094B0004D8C01000000000000000000E4AA020042
:1094C000000000001C9602001807002000000000A9
:1094D000CD7E0100000000000000000037600200A7
:1094E0007D620200000000001FF001007C94020079
:1094F00065510200000000001FF0010000000000A4
:109500001FF00100000000001FF0010038050020DE
:10951000034E0200000000001FF0010000000000E8
:109520001FF00100000000001FF00100000000001B
:109530001FF00100000000001FF00100000000000B
:109540001FF00100642C0020417C0100000000009D
:109550001FF00100000000001FF0010000000000EB
:109560001FF00100000000006986010000000000FB
:109570001FF00100000000001FF0010000000000CB
:109580001FF00100000000001FF0010000000000BB
:109590001FF00100000000001FF0010000000000AB
:1095A0001FF0010000000000E19001000000000039
:1095B0001FF00100000000001FF00100000000008B
:1095C0001FF00100000000001FF00100000000007B
:1095D0001FF00100000000001FF00100000000006B
:1095E0001FF00100000000001FF00100000000005B
:1095F0001FF00100000000001FF00100000000004B
:109600001FF00100000000001FF00100000000003A
:109610001FF00100897C0100917B01007D4B02005D
:109620005D7E0100E17D01006D7D0100754A020053
:109630005D7D0100094F0200514D02005F4D0200A7
:10964000774D0200834D02008F4D0200174E02003D
:10965000D54D020000000000597901009948020030
:10966000DB48020000000000AD47020000000000DF
:1096700000000000E1510200B981010087510200A1
:10968000050000006942010006000000F5630100CA
:109690000400000041460100B1FB000095FB000002
:1096A00081FB00000000000000000000000000003E
:1096B00095FA00000000000000000000000000001B
:1096C0000000000000000000000000005D5B0100E1
:1096D00000000000000000003CA80200080000009C
:1096E0000CA9020007000000609E020006000000B6
:1096F000040000000F00000001000000080000004E
:109700002000000064000000740000000D00000054
:109710000C0000000E000000500000007800000067
:10972000AC000000FFFFFFFFFFFFFFFFFFFFFFFF99
:10973000FFFFFFFF88A402000000000000000000FF
:10974000C511010045140100000000001CA8020022
:109750000100000000000000AF2702000000000030
:10976000000000002CA80200010000000000000022
:10977000212E0200000000000000000024A80200CA
:10978000010000000000000049500100DD5A010006
:109790000000000080AA020001000000000000009C
:1097A000D5440200757301000000000034A80200D7
:1097B0000100000000000000D5560100995401008E
:0497C00000000000A5
:1097D0000000000003000000A0000000F0000000F6
:1097E000000000001800280000002A00010300000B
:1097F0000062746C650000000000000000000000C2
:109800000000000000000000000000000000000058
:109810000000000000000000000000000000000048
:109820000000000100000000010001000001010033
:1098300000010001000001000100000001000B0018
:1098400002000A00050009000A00080014000700D1
:109850001E000600320005004B00040064000300F7
:1098600096000200FA000100F4010000020301006A
:10987000F401FA00960064004B0032001E00140050
:109880000A000500020001000C0802170D01010288
:109890000909010106020918180301010909030356
:1098A00005030201230202240910040405050B0B21
:1098B000040B2B1B1B159A9A1C021D16130501493C
:1098C0000D150508061B1B0F0A060601010000FE08
:1098D000FEFEFEFEFEFEFEFEFEFEFEFEFEFEFEFEA8
:1098E00016FEFEFEFEFEFEFEFEFEFEFE1F1FFEFE3E
:1098F00026FEFEFEFEFEFEFEFEFEFEFEFEFEFEFE60
:10990000FEFEFE3E3EFEFEFEFE3B3B00A301B1031B
:10991000BF05EF024906A309C505F50B25120E0286
:109920001C045A03B4063006600C0000010000005D
:1099300010110040000000000000000000000000C6
:10994000000000000406080A0C0E10121416181C61
:109950001E20222426282A2C2E30323436383A3C37
:109960003E40424446484A4C4E021A500000000015
:10997000280000001800000000000000141E000075
:10998000301100000000000070170000A00F000060
:109990000000DC05E803000000000000141E0000C9
:1099A0003011000000002CA6E0A100003408E803FC
:1099B00000010302D8ECF0F4F8FC000203040506F1
:1099C0000708000000000000000000000000000088
:1099D0000000000000000101010102020202030375
:1099E000030304040404050505050606060809002A
:1099F0000000000000000000000000000000000067
:109A0000000000010101010202020203030303043A
:109A10000404040505050506060708090A0B0C0DD4
:109A200000100200FA00000000000000000000002A
:109A30000338FDD8704700007075626C69630000E0
:109A400072616E646F6D00003078253032780000EE
:109A5000253032583A253032583A253032583A2596
:109A60003032583A253032583A253032582028259D
:109A7000732900007075626C69632D6964000000D1
:109A800072616E646F6D2D696400000053656375CB
:109A900072697479206368616E6765643A20257322
:109AA000206C6576656C2025750A0000536563752A
:109AB00072697479206661696C65643A2025732047
:109AC0006C6576656C202575206572722025642092
:109AD00025730A0050616972696E67206661696C5E
:109AE000656420636F6E6E3A2025732C2072656169
:109AF000736F6E2025642025730A0000506169721F
:109B0000696E6720636F6D706C657465643A2025BB
:109B1000732C20626F6E6465643A2025640A00002D
:109B200050616972696E672063616E63656C6C6514
:109B3000643A2025730A0000506173736B657920C5
:109B4000666F722025733A20253036750A000000B2
:109B5000436F6E6E656374696F6E206F626A6563D2
:109B60007420617661696C61626C652066726F6DEC
:109B70002070726576696F757320636F6E6E2E202C
:109B8000446973636F6E6E65637420697320636FDD
:109B90006D706C657465210A000000004469736390
:109BA0006F6E6E65637465642C20726561736F6E91
:109BB000203078253032782025730A00436F6E6E8E
:109BC000656374696F6E206661696C65642C2065DD
:109BD0007272203078253032782025730A00000018
:109BE000436F6E6E65637465640A00004164766558
:109BF00072746973696E67206661696C656420744C
:109C00006F20737461727420286572722025642934
:109C10000A0000004164766572746973696E67209A
:109C20007375636365737366756C6C7920737461A7
:109C3000727465640A00000043616E6E6F7420697F
:109C40006E697420627574746F6E73202865727209
:109C50003A202564290A00005374617274696E67A2
:109C600020426C7565746F6F7468205065726970FE
:109C7000686572616C204C42532073616D706C6535
:109C80000A0000004C45447320696E6974206661C7
:109C9000696C65642028657272202564290A0000B9
:109CA000427574746F6E20696E6974206661696CA8
:109CB00065642028657272202564290A000000006E
:109CC0004661696C656420746F207265676973749E
:109CD000657220617574686F72697A6174696F6EFC
:109CE0002063616C6C6261636B732E0A000000007C
:109CF0004661696C656420746F207265676973746E
:109D0000657220617574686F72697A6174696F6ECB
:109D100020696E666F2063616C6C6261636B732E89
:109D20000A000000426C7565746F6F746820696E7C
:109D30006974206661696C656420286572722025EB
:109D400064290A004661696C656420746F2073653C
:109D50007420666978656420706173736B6579201F
:109D600028657272202564290A000000426C75651E
:109D7000746F6F746820696E697469616C697A6563
:109D8000640A00004661696C656420746F20696E26
:109D90006974204C425320286572723A2564290A5E
:109DA0000000000007100000C80400204E6F72641D
:109DB00069635F4C4253000001010000D804002099
:109DC000090A0000AC9D02002A2A2A20426F6F7403
:109DD000696E67204D79204170706C6963617469A8
:109DE0006F6E2076332E322E322D6538613063311E
:109DF000653537326239202A2A2A0A002A2A2A207F
:109E00005573696E67206E524620436F6E6E6563B0
:109E1000742053444B2076332E322E322D37343873
:109E2000343565313639626532202A2A2A0A000023
:109E30002A2A2A205573696E67205A6570687972DC
:109E4000204F532076342E322E39392D66653466F4
:109E50003031303638303365202A2A2A0A00000093
:109E6000489F02000D30020000000000349F0200F5
:109E700000000100309F0200C3300200000000001B
:109E80001C05002000000100089F02001D050100C4
:109E900000000000B037002000000100049F020015
:109EA00045300200272D02000405002000000300B9
:109EB000009F0200C330020000000000FC040020EC
:109EC00000000100D89E020000000000E104010033
:109ED00000000000000002000223D1BCEA5F7823EA
:109EE00015DEEF1212251500000000000223D1BC80
:109EF000EA5F782315DEEF1212251500000000003E
:109F000000000328000002290223D1BCEA5F782365
:109F100015DEEF1212241500000000000223D1BC50
:109F2000EA5F782315DEEF1212241500000000000E
:109F3000000003280223D1BCEA5F782315DEEF126C
:109F4000122315000000000000000028020000009D
:109F5000000000000000000000E00700BC940200C8
:109F60000100000000E0070000200000BC94020097
:109F700072302F61313A2020307825303878202017
:109F800072312F61323A2020307825303878202005
:109F900072322F61333A20203078253038780A0029
:109FA00072332F61343A202030782530387820728F
:109FB00031322F69703A202030782530387820727D
:109FC00031342F6C723A20203078253038780A00EE
:109FD00020787073723A20203078253038780A0063
:109FE0004661756C74696E6720696E73747275630F
:109FF00074696F6E206164647265737320287231B6
:10A00000352F7063293A203078253038780A0000DF
:10A01000556E68616E646C6564204952516E3A20D9
:10A0200025640A00535053454C20696E20746872B1
:10A03000656164206D6F646520646F6573206E6F69
:10A040007420696E646963617465205053500A001E
:10A050002A2A2A2A2A20425553204641554C542068
:10A060002A2A2A2A2A0A00002020537461636B6975
:10A070006E67206572726F720A0000002020556EB4
:10A08000737461636B696E67206572726F720A0028
:10A090002020507265636973652064617461206279
:10A0A0007573206572726F720A00000020204246AC
:10A0B000415220416464726573733A203078257888
:10A0C0000A0000002020496D707265636973652085
:10A0D0006461746120627573206572726F720A0028
:10A0E0002020496E737472756374696F6E20627597
:10A0F00073206572726F720A000000002020466CA7
:10A100006F6174696E672D706F696E74206C617A0F
:10A1100079207374617465207072657365727661FD
:10A1200074696F6E206572726F720A002A2A2A2A79
:10A130002A205553414745204641554C54202A2A50
:10A140002A2A2A0A000000002020446976697369DF
:10A150006F6E206279207A65726F0A002020556E3A
:10A16000616C69676E6564206D656D6F72792061E1
:10A1700063636573730A000020204E6F20636F7065
:10A18000726F636573736F7220696E737472756337
:10A1900074696F6E730A00002020496C6C656761FA
:10A1A0006C206C6F6164206F66204558435F524598
:10A1B0005455524E20696E746F2050430A000000BF
:10A1C0002020496C6C6567616C20757365206F6633
:10A1D0002074686520455053520A000020204174C5
:10A1E00074656D707420746F20657865637574652F
:10A1F00020756E646566696E656420696E7374723D
:10A20000756374696F6E0A002A2A2A2A2A20446517
:10A21000627567206D6F6E69746F72206578636513
:10A220007074696F6E202A2A2A2A2A0A0000000008
:10A2300052657365727665642045786365707469EC
:10A240006F6E20280000000053707572696F75737F
:10A2500020696E746572727570742028495251209D
:10A26000000000002A2A2A2A2A2025732025642992
:10A27000202A2A2A2A2A0A002A2A2A2A2A204D5053
:10A2800055204641554C54202A2A2A2A2A0A0000E1
:10A290002020537461636B696E67206572726F7200
:10A2A0002028636F6E746578742061726561206D1B
:10A2B00069676874206265206E6F742076616C69CE
:10A2C00064290A002020446174612041636365733E
:10A2D000732056696F6C6174696F6E0A000000002C
:10A2E00020204D4D46415220416464726573733A9B
:10A2F00020307825780A00002020496E737472752A
:10A300006374696F6E204163636573732056696F70
:10A310006C6174696F6E0A002A2A2A2A2A20484131
:10A320005244204641554C54202A2A2A2A2A0A00FF
:10A330002020427573206661756C74206F6E2076E4
:10A340006563746F72207461626C6520726561640C
:10A350000A00000020204465627567206576656EFE
:10A36000740A000020204661756C74206573636177
:10A370006C6174696F6E20287365652062656C6F0F
:10A3800077290A00415243485F45584345505420BD
:10A390007769746820726561736F6E2025780A0A88
:10A3A00000000000000000200000000000000B067C
:10A3B00002000000C8A30200464C4153485F300031
:10A3C0005352414D5F30000000000000B8A302006E
:10A3D0002400020200000020C0A302001E000B1196
:10A3E0006578697400000000280500208BF30100E7
:10A3F0000000000015F3010000FFFFFFFFFFFF005A
:10A400000000000000000000FFFFFFFFFFFF000052
:10A4100000000000000000006964000062742F2545
:10A42000732F253032782530327825303278253038
:10A430003278253032782530327825752F25730013
:10A4400062742F25732F25303278253032782530ED
:10A4500032782530327825303278253032782575BB
:10A460000000000062742F25730000007363000079
:10A470006366000063636300686173680000000046
:10A480006B65797300000000627400004254204C38
:10A49000572057510000000002FB349B5F800000F2
:10A4A000800010000000000000000000ECA302008B
:10A4B000BCA402004A0000000000000070670020F9
:10A4C000ECA30200D0A402002E0000000000000057
:10A4D000386C0020ECA30200E4A40200020100009A
:10A4E000000000000C6D0020574553545F544F503E
:10A4F0004449522F7A65706879722F737562737947
:10A50000732F626C7565746F6F74682F686F7374E6
:10A510002F6863695F636F72652E63006576745F91
:10A52000666C6167732026202831554C203C3C2006
:10A530002830292900000000415353455254494F07
:10A540004E204641494C205B25735D2040202573F9
:10A550003A25640A0000000062745F6863695F6CFA
:10A56000655F7375626576656E745F6765745F6657
:10A570006C616773286C655F6576742D3E737562D8
:10A580006576656E74292026202831554C203C3C88
:10A59000202831292900000062745F6863695F65C3
:10A5A00076745F6765745F666C6167732868647250
:10A5B0002D3E657674292026202831554C203C3CC0
:10A5C00020283129290000006275660073756363D5
:10A5D0006573730009636F6D6D616E64206F7063E6
:10A5E0006F6465203078253034782074696D656F2C
:10A5F00075740A00657272203D3D20300000000035
:10A6000009436F6E74726F6C6C657220756E726543
:10A6100073706F6E736976652C20636F6D6D616EFC
:10A6200064206F70636F6465203078253034782043
:10A6300074696D656F7574207769746820657272CE
:10A640002025640A0000000042542052582057512F
:10A65000000000000E030000C92401000F040000E8
:10A660009D2401001A010000B1F901000504000059
:10A67000DFFB010013010000BDFC01003E010000F2
:10A680001D1A010001120000D3FB01000A1E000088
:10A69000C7FB0100FF010000011B01003E0100009B
:10A6A000E11A01000504000015FC01000804000087
:10A6B0005900020030030000EFFF0100100100000C
:10A6C0005BFD010001120000252401000A1E0000AC
:10A6D000910302000309000061FE0100040B000069
:10A6E00073FC0100060A00001F020200070A0000B6
:10A6F0005FFC01000C05000049FC0100050C000096
:10A7000061010200ECA3020014A702004700000050
:10A7100000000000286E0020E69D350E480103CCA5
:10A72000DBFDF4AC1191F4EFB9A5F9E9A7832C5E38
:10A730002CBE97F2D203B0208BD28915D08E1C7418
:10A740002430ED8FC24563765C15525ABF9A32634E
:10A750006DEB2A65499C80DCECA3020068A702002F
:10A760000000000000000000486F0020ECA3020081
:10A770007CA702004A00000000000000706F00206B
:10A78000991102009B11020000000000000000006F
:10A79000000000005D140200000000000000000046
:10A7A000000000000000000002020100AB210200D6
:10A7B00004040100E91D0200060601006B230200EB
:10A7C00008040100A72202000A020100CF1D0200B6
:10A7D0000C040100B51D02000E040100694A0100CD
:10A7E00020040100C94901001004010001220200F7
:10A7F00012020100271C02001E000400592402005E
:10A8000052020000FD1B0200ECA3020018A8020087
:10A810004C00000000000000C870002062742F632C
:10A820006363000062742F686173680062742F6351
:10A830006600000062742F736300000008A9020024
:10A840000D3002000000000004A902000000010019
:10A8500000A90200C33002000000000070060020C2
:10A8600000000100F8A80200000000000000000045
:10A870000000000000000000F4A8020045300200C3
:10A88000272D02007806002000000300F0A8020037
:10A89000C330020000000000680600200000010034
:10A8A000E8A80200D12F0200E12A02000000000007
:10A8B00000000300E4A80200C33002000000000012
:10A8C0006006002000000100DCA80200855901009C
:10A8D00000000000000000000000010000002A2B22
:10A8E00000002A2B000003280000292B0000292B40
:10A8F00000000328000002290000052A0000052AA4
:10A90000000003280000011800000028C0A9020070
:10A910000D30020000000000BCA902000000010090
:10A92000B8A90200C330020000000000A006002009
:10A9300000000100B0A90200992F020000000000F1
:10A940000000000000000100ACA90200C3300200BA
:10A95000000000009806002000000100A4A90200E9
:10A96000652F020000000000000000000000010050
:10A97000A0A90200C33002000000000090060020E1
:10A980000000010098A90200332F0200000000001F
:10A9900000000000000001000000042A0000042A5A
:10A9A000000003280000012A0000012A00000328FB
:10A9B0000000002A0000002A000003280000001800
:10A9C00000000028D16E0100B54202004F41020094
:10A9D0000000000000000000A57001000000000061
:10A9E0000000000000000000000000000000000067
:10A9F00000000000896A010006000000893502009D
:10AA000006000000CD38020010000000216D01009A
:10AA10001000000009410200010000008135020021
:10AA200010000000853502000A000000493E0200C7
:10AA3000100000004171010007000000C535020050
:10AA400010000000C9350200010000003D6C01004B
:10AA5000400000002B3C020010000000E135020025
:10AA600001000000000001000100030100030202D8
:10AA700001000200000000000203010003000000CA
:10AA800062742F6B657973006C888391AAF5A53881
:10AA900060370BDB5A6083BE00070E091C1B1215C2
:10AAA000383F363124232A2D897701006977010048
:10AAB00000000000636C6F636B4034303030303026
:10AAC00030300000F1770100597801004D49020053
:10AAD0004549020072616E646F6D403430303064FD
:10AAE00030303000666C6173682D636F6E74726F06
:10AAF0006C6C6572403430303165303030000000AD
:10AB00000400000000FF00006770696F40353030BE
:10AB10003030303030000000FFFFFFFF00000050F9
:10AB200038050020000000000000000000010203C2
:10AB300004050607756172744034303030323030AD
:10AB40003000000000200040010000000000000074
:10AB500064AB02000000D60100000000B9370020FD
:10AB6000B83700200020004070AB02000200000057
:10AB700090AB02000400000080AB02000401000062
:10AB800006800000088000010580000207800003A5
:10AB90000600000008000001050000020700000395
:10ABA0003C940200110001003C94020012000100DC
:10ABB0003C940200130001003C94020014000100C8
:10ABC0003C9402000D0011003C9402000E001100A4
:10ABD0003C9402000F0011003C9402001000110090
:10ABE000536F667444657669636520436F6E747253
:10ABF0006F6C6C6572204153534552543A20257353
:10AC00002C2025640A00000062745F6863695F732A
:10AC100064630000E18C0100CD5802008B580200F3
:10AC20004D50534C204153534552543A2025732CD8
:10AC30002025640A000000004D50534C20576F72CD
:10AC40006B000000080000000100000069646C65F2
:10AC5000000000006D61696E000000007C9302003E
:10AC60007C930200D4930200DC9302001C94020047
:10AC70001C940200737973776F726B71000000008F
:10AC800074AC02000001000000000000512563FCCC
:10AC9000C2CAB9F3849E17A7ADFAE6BCFFFFFFFF57
:10ACA000FFFFFFFF00000000FFFFFFFFAAAAAAAA04
:10ACB000AAAAAAAAAAAAAAAA55555555555555559C
:10ACC000555555550000000055555555522563FC06
:10ACD000C2CAB9F3849E17A7ADFAE6BCFFFFFFFF17
:10ACE000FFFFFFFF00000000FFFFFFFF512563FC97
:10ACF000C2CAB9F3849E17A7ADFAE6BCFFFFFFFFF7
:10AD0000FFFFFFFF00000000FFFFFFFF96C298D883
:10AD10004539A1F4A033EB2D817D0377F240A46384
:10AD2000E5E6BCF847422CE1F2D1176BF551BF378D
:10AD30006840B6CBCE5E316B5733CE2B169E0F7C60
:10AD40004AEBE78E9B7F1AFEE242E34F4B60D2272D
:10AD50003E3CCE3BF6B053CCB0061D65BC86987623
:10AD600055BDEBB3E7933AAAD835C65AFCFFFFFFAF
:10AD7000FFFFFFFFFFFFFFFF0000000000000000DB
:10AD80000000000001000000FFFFFFFF6472616728
:10AD90006F6F6E2F6C6962732F73636865642F73B6
:10ADA00072632F73636865645F68616C5F7274635C
:10ADB0002E6300903D6AF1A5AD641DCD273EBFFC1A
:10ADC000680F404099CAAC00FFFFFFFF1F00286ECC
:10ADD000756C6C29002A666C6F61742A0000000093
:10ADE000FFFFFFFFFF1F00001F000000000000002A
:10ADF0001D40000000000000FFFFFFFF1FFF0000DC
:10AE0000BAABBABA10101010000000000080004069
:10AE100000000000000000000C0000000000000026
:10AE200000FF7F00000000000000000000000000A4
:10AE300000000000612D0000000000003DD7000070
:10AE400000000000792D0000000000005DD7000028
:10AE5000000000001BD70000000000000000000000
:10AE600000000000000000000000000000000000E2
:10AE700000000000000000000000000000000000D2
:10AE800000000000000000000000000000000000C2
:10AE900000000000000000000000000000000000B2
:10AEA00000000000000000000000000000000000A2
:10AEB0000000000000000000000000000000000092
:10AEC0000000000000000000000000000000000082
:10AED0000000000000000000000000000000000072
:10AEE0000000000000000000000000000000000062
:10AEF0000000000000000000000000000000000052
:10AF00000000000000000000000000000000000041
:10AF10000000000000000000000000000000000031
:10AF20000000000000000000000000000000000021
:10AF30000000000000000000000000000000000011
:10AF40000000000000000000000000000000000001
:10AF500000000000000000000000000000000000F1
:10AF600000000000000000000000000000000000E1
:10AF700000000000000000000000000000000000D1
:10AF800000000000000000000000000000000000C1
:10AF900000000000000000000000000000000000B1
:10AFA00000000000000000000000000000000000A1
:10AFB0000000000000000000000000000000000091
:10AFC0000000000000000000000000000000000081
:10AFD0000000000000000000000000000000000071
:10AFE0000000000000000000000000000000000061
:10AFF0000000000000000000000000000000000051
:10B000000000000000000000000000000000000040
:10B010000000000000000000000000000000000030
:10B020000000000000000000000000000000000020
:10B030000000000000000000000000000000000010
:10B040000000000000000000000000000000000000
:10B0500000000000000000000000000000000000F0
:10B0600000000000000000000000000000000000E0
:10B0700000000000000000000000000000000000D0
:10B0800000000000000000000000000000000000C0
:10B0900000000000000000000000000000000000B0
:10B0A0000000000000000000CC0200205BF3000064
:10B0B00061F3000063F3000089F3000067F3000010
:10B0C00093F300006DF300009DF3000073F30000A4
:10B0D000A9F300007FF3000083F3000075F3000084
:10B0E0007BF3000099F30000A3F300001403002099
:10B0F00001FF00009BF60000A7F60000ABF6000081
:10B10000B3F60000B7F600000000000000000000E9
:10B11000000000000000000000000000000000002F
:10B12000000000000000000000000000000000001F
:10B13000000000000000000000000000000000000F
:10B1400000000000000000000000000000000000FF
:10B1500000000000000000000000000000000000EF
:10B1600000000000000000000000000000000000DF
:10B1700000000000000000000000000000000000CF
:10B1800000000000000000000000000000000000BF
:10B1900000000000000000000000000000000000AF
:10B1A000000000000000000000000000000000009F
:10B1B000000000000000000000000000000000008F
:10B1C000000000000000000000000000000000007F
:10B1D00071220100000000000000000000000000DB
:10B1E000000000000000000000000000000000005F
:10B1F000000000000000000000000000000000004F
:10B20000000000000000000000000000000000003E
:10B21000000000000000000000000000000000002E
:10B22000000000000000000000000000000000001E
:10B23000000000000000000000000000000000000E
:10B2400000000000000000000000000000000000FE
:10B2500000000000000000000000000000000000EE
:10B2600000000000000000000000000000000000DE
:10B27000000000009C94020007D60100E1F90000E4
:10B2800005FB0000D9FA00000000000000000000EB
:10B290004DFB000000000000000000000000000066
:10B2A00029FB00000000000023D1BCEA5F782315D1
:10B2B000DEEF1212231500000600000019DC010069
:10B2C0002103010000000000000000000000000059
:10B2D000B3ED01000000000093ED0100EC9E0200C0
:10B2E0000000080000000000000000000000000056
:10B2F000CD04010000000000000000001C9F0200BF
:10B3000000001200509F020000000000E7F2010060
:10B31000000000000000000000600040000000008D
:10B32000000000000000000000000000000000001D
:10B33000000000000000000000000000000000000D
:10B3400000000000000000000000000000000000FD
:10B3500000000000000000000000000000000000ED
:10B3600000000000000000000000000000000000DD
:10B3700000000000000000000000000000000000CD
:10B380000000000000000000000000003913010070
:10B390000000000000000000000000006304020044
:10B3A000000000000000000000000000411B010040
:10B3B00000000000000000000000000095310100C6
:10B3C00000000000000000000000000055300100F7
:10B3D000000000000000000000000000313C0100FF
:10B3E0000000000000000000000000008D36010099
:10B3F00000000000000000001806002018060020D1
:10B400000000000000000000894E0100232502001A
:10B41000672402000000000000000000E54D01006C
:10B42000CB180200AB170200A94601000000000083
:10B43000C731020000000000000000000000000012
:10B44000E0A8020000000200ECA8020000000A00D0
:10B45000FCA8020000002000000000000000000026
:10B460000000000000000000C12B020000000000EE
:10B470009CA9020000000200A8A90200000002002E
:10B48000B4A9020000000200A8060020A8060020BF
:10B4900000000000000000000E000000BC060020BC
:10B4A000BC0600205D70010000000000FFFFFFFFF0
:10B4B00000000000734402000000000000000000D3
:10B4C0000090D003FF00000090020000EC06002076
:10B4D000EC0600200D7D0200097D02001F92020093
:10B4E000FB910200EB910200E1910200E391020066
:10B4F000010100000000000000000000000000004A
:10B5000020070020200700202472002000000000F7
:10B51000010000002C000000000000003C0700209B
:10B520003C070020C0660020000000000100000071
:10B53000B00000000000000058070020580700205D
:10B540005072002000000000030000001C000000FA
:10B5500000000000740700207407002000000000B5
:10B56000000000000E00000088070020880700206F
:10B5700000000000000000000E0000009C070020FA
:10B580009C07002000000000000000000E000000EA
:10B59000B0070020B00700200000000000000000FD
:10B5A0000E000000C4070020C407002000000000B7
:10B5B000000000000E000000D8070020D80700207F
:10B5C00000000000FFFFFFFFE8070020E807002061
:10B5D0000000000000000000F8070020F80700202D
:10B5E000000800200008002000000000000000000B
:10B5F000100800201008002018080020180800205B
:10B600000300030010000000000000006CA702000F
:10B610005070002000000000000000003C080020E6
:10B620003C080020440800204408002003000300D8
:10B63000100000001B1A020008A80200AC710020D4
:10B6400000000000000000006808002068080020DA
:10B6500070080020700800200300030000000000B4
:10B6600000000000C0A40200C46C00200000000024
:10B670000000000094080020940800209C0800208E
:10B680009C0800200100010010000000030B0200D4
:10B6900058A70200486F00200000000000000000D2
:10B6A000C0080020C0080020C8080020C8080020EA
:10B6B00003000300000000000000000004A70200D7
:10B6C000006F00200000000000000000EC080020D7
:10B6D000EC080020F4080020F40800200C000C0006
:10B6E0000400000077F80100ACA40200E86A002022
:10B6F00000000000000000001809002018090020C8
:10B7000020090020200900200100010000000000A5
:10B7100000000000D4A40200106E002015E015E027
:00000001FF
