:1000000040A90020F538010015650200E138010023
:10001000E1380100E1380100E13801000000000092
:100020000000000000000000000000006D3A010028
:10003000E138010000000000093A0100E138010048
:10004000353C0100A7940200353C0100353C01001D
:10005000353C0100353C0100353C0100353C0100D8
:10006000BD940200353C0100353C01009194020032
:10007000353C0100353C0100353C0100353C0100B8
:10008000353C0100353C0100353C0100353C0100A8
:10009000353C0100353C0100353C0100353C010098
:1000A000353C0100353C0100353C0100353C010088
:1000B000353C0100353C0100353C0100353C010078
:1000C000353C0100353C0100353C0100353C010068
:0C00D000353C0100353C0100353C0100CE
:1000E00080EA101404F0F01480EA0410604081EA01
:1000F000111404F0F01481EA0411614082EA121430
:1001000004F0F01482EA0412624083EA131404F04B
:10011000F01483EA0413634080EA102404F47F445B
:1001200080EA0420604081EA112404F47F4481EADB
:100130000421614082EA122404F47F4482EA04220A
:10014000624083EA132404F47F4483EA0423634077
:1001500081EA500404F0553480EA4400614083EAA7
:10016000520404F0553482EA4402634082EA900467
:1001700004F0333480EA8400624083EA910404F09E
:10018000333481EA84016340704700BF82EA9004FF
:1001900004F0333480EA8400624083EA910404F07E
:1001A000333481EA8401634081EA500404F0553419
:1001B00080EA4400614083EA520404F0553482EA44
:1001C0004402634080EA102404F47F4480EA04205F
:1001D000604081EA112404F47F4481EA04216140F3
:1001E00082EA122404F47F4482EA0422624083EA11
:1001F000132404F47F4483EA0423634080EA101448
:1002000004F0F01480EA0410604081EA111404F054
:10021000F01481EA0411614082EA121404F0F0142F
:1002200082EA0412624083EA131404F0F01483EAB1
:1002300004136340704700BF2DE9F14F94464FEA25
:10024000930B8A68CB6808684968FFF749FF0BF190
:10025000060E33E083EA134480EA134582EA13472B
:1002600046BA96EA3444604000F00F1684EA063439
:1002700020F00F1684EA161054BA94EA0106724070
:1002800002F00F1486EA043622F00F1486EA1412E4
:100290004CBA6540694001F00F1485EA043521F03D
:1002A0000F1485EA14115CBA67407B4003F00F1409
:1002B00087EA043723F00F1487EA1413BCE8F00030
:1002C0006040694072407B4000F0E03400F010353F
:1002D00000F00F3040EA540040EAC50080EA900484
:1002E00004F0332480EA8400604001F0E03401F03F
:1002F000103501F00F3141EA540141EAC50181EAAC
:10030000910404F0332481EA8401614002F0E03476
:1003100002F0103502F00F3242EA540242EAC502FE
:1003200082EA920404F0332482EA8402624003F0F9
:10033000E03403F0103503F00F3343EA540343EA8B
:10034000C50383EA930404F0332483EA84036340FF
:1003500081EA324787EA134581EA354690EA060486
:1003600084EA034B82EA1B4280EA044484EA05449F
:1003700083EA144A85EA14448BEA044B84EA37443E
:1003800081EA0B4181EA164104EA0A00454082EA0B
:1003900004082BEA080041408AEA0B0602EA06003C
:1003A00084EA34438AEA3A4603EA0607784045403D
:1003B000414088EA38478BEA3B4007EA000985EA72
:1003C000090583EA0709464006EA0906714085EAFD
:1003D000010005EA3546464006EA314181EA3041EE
:1003E00081EA364606EA304686EA3546344008EA6F
:1003F000010886EA01052A4086EA364003405A4051
:1004000081EA31431F407C4080EA030709EA07097B
:1004100088EA0908544088EA020806EA0A0601EA5E
:100420000B018AEA0B0215408AEA3A421040454025
:100430008BEA3B4003405E404240174079404D40CC
:100440004E40E443F64386EA18435D4085EA0540A2
:1004500083EA134386EA034183EA384284EA11437C
:1004600083EA04435FEA3343BEF1010E3FF6F2AE86
:100470001ED4BCE8F0006040694072407B4020BC64
:10048000FFF784FE28606960AA60EB60BDE8F08F2A
:100490002DE9E0414FF2F00280EA1031114080EA8C
:1004A0000130484041088208C3084FF0000E4FE772
:1004B00000F0113001F0113102F0113203F011336C
:1004C00040EA410040EA820040EAC3004FF2F002F5
:1004D00080EA1031114080EA01304840BDE8E081F7
:1004E0002DE9F04F02F11C050646074600EB850892
:1004F00051F8040B043A46F8040BF9D14FF0010C03
:10050000FFF7C6FF5FEA302080EA0C001ECF4140B3
:100510004A4053405C401EC62000464517D04FEA73
:100520004C0C1CF4807F18BFACF1E50C2C2DE7D0EF
:100530003C2D06D1FFF7ACFF06CF41404A4006C62E
:10054000100006CF41404A4006C61000D8E736E901
:100550000F00FFF7C5FD043D86E80F00F7D1BDE8A9
:10056000F08F00BF2DE9F14F03F11C0402EB840C66
:100570004FEA930B8A68CB6808684968FFF7B0FDBB
:100580003CE9F0006040694072407B400BF1060E90
:100590004EE083EA134480EA134582EA134746BAE1
:1005A00096EA3444604000F00F1684EA063420F0E6
:1005B0000F1684EA161054BA94EA0106724002F04B
:1005C0000F1486EA043622F00F1486EA14124CBA8D
:1005D0006540694001F00F1485EA043521F00F14DD
:1005E00085EA14115CBA67407B4003F00F1487EA78
:1005F000043723F00F1487EA141344BA44404DBA69
:100600004D4056BA56405FBA5F4087EA174886EABF
:10061000174B84EA17464FEA38488BEA1B4485EAB1
:100620001B4788EA1B4580EA3440694072407B40A2
:1006300000F0703400F0803500F00F3040EA4400E4
:1006400040EAD50080EA900404F0332480EA840074
:10065000604001F0703401F0803501F00F3141EA63
:10066000440141EAD50181EA910404F0332481EA8E
:100670008401614002F0703402F0803502F00F32E4
:1006800042EA440242EAD50282EA920404F03324A8
:1006900082EA8402624003F0703403F0803503F094
:1006A0000F3343EA440343EAD50383EA930404F097
:1006B000332483EA84036340C943DB4381EA0004B3
:1006C00083EA044686EA020183EA014382EA33456B
:1006D00083EA14435C4084EA00077FEA040A8AEA5A
:1006E000024A8AEA010B87EA11488AEA374A80EA15
:1006F000060181EA1A418AEA030A04EA0A0045402F
:1007000088EA040707EA0B0041408AEA0B0608EA78
:10071000060084EA34428AEA3A4602EA060358406E
:100720004540414087EA37438BEA3B4003EA0009F2
:1007300085EA090582EA0309464006EA090671408E
:1007400085EA010005EA3546464006EA314181EA7C
:10075000304181EA364606EA304686EA354634407C
:100760000F4086EA010508EA050886EA364002409D
:1007700088EA020881EA314213405C4080EA0203C1
:1007800009EA030987EA0907674088EA040806EAD4
:100790000A0601EA0B018AEA0B0425408AEA3A4478
:1007A000204045408BEA3B4B02EA0B02564084EA6C
:1007B0000B04234059406E40694087EA364080EA86
:1007C000384080EA060380EA104481EA134585EA4E
:1007D000344585EA17427D4082EA354180EA05408A
:1007E0003CE9F0006040694072407B40BEF1010E80
:1007F0003FF6CFAE20BCFFF7C9FC28606960AA6055
:10080000EB60BDE8F08F00BFFFF76ABE2DE9F0078F
:1008100091E8F807B2E802105B1854EB0C04B2E858
:1008200002104D4156EB0C06B2E802104F4158EB56
:100830000C08B2E8021059EB01095AEB0C0A80E8E7
:10084000F80780410130BDE8F00770472DE9F00757
:1008500091E8F807B2E802105B1A74EB0C04B2E8F6
:1008600002108D4176EB0C06B2E802108F4178EB56
:100870000C08B2E8021079EB01097AEB0C0A80E867
:10088000F80780414042BDE8F00770472DE9F007C6
:10089000524290E87800B1E880071740DB1918EA67
:1008A000020854EB080419EA020955EB09051AEA93
:1008B000020A56EB0A0678C090E87800B1E8800793
:1008C00017407B4118EA020854EB080419EA0209B0
:1008D00055EB09051AEA020A56EB0A0678C0804170
:1008E0000130BDE8F00770472DE9F007524290E86B
:1008F0007800B1E880071740DB1B18EA020874EBA8
:10090000080419EA020975EB09051AEA020A76EBEE
:100910000A0678C090E87800B1E880071740BB412C
:1009200018EA020874EB080419EA020975EB0905D4
:100930001AEA020A76EB0A0678C080414042BDE816
:10094000F00770472DE9F00152424FF0040890E89B
:10095000300091E8C000A31B1340E41AF618EB1B0B
:100960001340ED1AFF1830C0C0C1B8F10108EED134
:10097000BDE8F001704700BF00B592E8DC072DE943
:10098000DC07B1E8805702B4A7FB02510A95A8FB27
:10099000020BE7FB6310E9FB62B00B91A8FB03516C
:1009A000EAFB6201E7FB64B5E7FB6605E8FB661559
:1009B000CDF830B0A9FB03B6EAFB6316ECFB635637
:1009C000E8FB640BE9FB641BEAFB645BECFB646B18
:1009D0000D90ACFB0230059CEEFB6250E9FB6460BD
:1009E000EAFB64B0E7FB6431E8FB6451069CE8FB7A
:1009F0006461E9FB64B1EAFB64010E93A7FB043276
:100A0000079CE7FB6462E8FB64B2E9FB6402EAFB73
:100A10006412049CE9FB6453EAFB6463089CE7FBF3
:100A200064B3E8FB6403E9FB6413EAFB64230F95FA
:100A30005DF8049B99E80006DDF80080A9FB0854E6
:100A4000EAFB68B4DDF81080ECFB6804EEFB681488
:100A5000E9FB6824EAFB6834DDF80480EEFB686596
:100A6000E9FB68B5EAFB6805DDF81480ECFB681566
:100A7000EEFB6825E9FB6835EAFB68450F96DDF873
:100A80000880AEFB0876E9FB6806EAFB6816DDF82D
:100A90001880ECFB6826EEFB6836E9FB6846EAFB4B
:100AA0006856DDF80C80ECFB68B7EEFB6807E9FBE5
:100AB0006817EAFB6827DDF81C80ECFB6837EEFB63
:100AC0006847E9FB6857EAFB686708B000BD00BFEC
:100AD0002DE9F14F87B0FFF74FFFDDF81C8008F1DB
:100AE000200888E8FF00FFBC87E87F08BDE8F08F9A
:100AF00000B591E89857A3FB03520195A3FB0401AD
:100B0000E3FB6420E3FB67100292A3FB0752E3FBC5
:100B10006802E4FB6415E3FB6805E3FB69250391C8
:100B2000A4FB07B6E3FB6926E3FB6A56E4FB670B0D
:100B3000E4FB682BE3FB6A5BE3FB6C6B0490A4FBB8
:100B40000810E4FB6950E3FB6C60E3FB6EB0E7FB6D
:100B50006721E4FB6951E4FB6A61E3FB6EB1E4FBEE
:100B60006E010592A7FB0832E4FB6A62E4FB6CB2FB
:100B7000E4FB6E02E7FB6E12E7FB6853E7FB696379
:100B8000E4FB6CB3E7FB6C03E7FB6E13E8FB6E233F
:100B90000695A7FB0954E7FB6AB4E7FB6C04E8FB86
:100BA0006C14E8FB6E24E9FB6E34E8FB6865E7FB38
:100BB0006AB5E8FB6A05E8FB6C15E9FB6C25E9FB07
:100BC0006E35EAFB6E450796A8FB0976E8FB6A06D8
:100BD000E9FB6A16E9FB6C26EAFB6C36EAFB6E461B
:100BE000ECFB6E56E8FB69B7E9FB6907E9FB6A179E
:100BF000EAFB6A27EAFB6C37ECFB6C47ECFB6E57B1
:100C0000EEFB6E6700BD00BF2DE9F14F87B0FFF727
:100C10006FFFDDF81C8008F1200888E8FF00FFBCAA
:100C200087E87F08BDE8F08F30B44FF0000310F87C
:100C3000014B11F8015B013A84EA050443EA04031D
:100C4000F5D1A3F101034FEAD37030BC704700BF68
:100C50004FF0000310F8012B013943EA0203F9D1E8
:100C6000A3F101034FEAD370704700BF30B411F80D
:100C7000014B12F8015B6C4000F8014B013BF6D1CF
:100C800030BC70472DE9F00791E8F807B2E8021090
:100C90005B1854EB0C04B2E802104D4156EB0C0605
:100CA000B2E802104F4158EB0C08B2E8021059EBC1
:100CB00001095AEB0C0A8941B3F1FF3374F1FF3497
:100CC00075F1FF3576F1000677F1000778F100083D
:100CD00079F101097AF1FF3A51F100015B184C41B9
:100CE0004D4156F1000657F1000758F1000859EB45
:100CF000D1795AEB010A80E8F807BDE8F0077047A0
:100D00002DE9F00791E8F807B2E802105B1A74EBDE
:100D10000C04B2E802108D4176EB0C06B2E802102A
:100D20008F4178EB0C08B2E8021079EB01097AEBFD
:100D30000C0A89415B184C414D4156F1000657F1B0
:100D4000000758F1000859EBD1795AEB010A80E805
:100D5000F807BDE8F007704718EB040859EB0509E0
:100D60005AEB060A5BEB070B5FF0000C4CF1000C32
:100D700018EB050859EB06095AEB070A5BEB070B62
:100D800050EB0C005FF0000C51EB0C0152EB0C022D
:100D900063414CF1000CB8EB070879F100097AF1D6
:100DA000000A7BEB040BA841B141A241B3416CF1B5
:100DB000000CBBEB050BB041B941AA41BB416CF142
:100DC000000C4CF001068CF0020718EB060859EBFA
:100DD0006C095AEB6C0A7BEB6C0B70EB6C0471EBDF
:100DE0006C0572EB670653EB6C076CEB6C0C18EB45
:100DF0000C0059EB0C015AEB0C025BF1000354F1AF
:100E0000000455F1000556EBDC7657EB0C077047F4
:100E10002DE9F14F87B0FFF7AFFDDDF81080DDF869
:100E20001490DDF818A0FFF797FFBDE8000FFFF75B
:100E300093FF03B05DF8048B88E8FF00BDE8F08FF6
:100E40002DE9F14F87B0FFF753FEDDF81080DDF894
:100E50001490DDF818A0FFF77FFFBDE8000FFFF743
:100E60007BFF03B05DF8048B88E8FF00BDE8F08FDE
:100E7000064B074A5B7802604FF41A728280C37196
:100E80000822002382710372704700BFD01B00202C
:100E90004BF10000064B074A5B7A02604FF49072F8
:100EA0008280C3710822FF2382710372704700BFE2
:100EB000D01B002063EC0000F8B5C41D002824F00E
:100EC0000704054614BF2046002000F0E7FA071E7D
:100ED00002DA6FF00B00F8BD254EB1887088F37907
:100EE000B2790331033089B280B20BF048FD00289B
:100EF000EFDB737831783C4403341944002D24F03F
:100F0000030400FB01F114BF2046002000F04AFC5E
:100F100023180DB9002BDCDB717A184679B1033345
:100F2000002D23F0030414BF20460020728900F036
:100F3000ABFC0028CDDB20440DB90028C9DB317A99
:100F400091B1737A83B1C41D002D24F0070414BF3E
:100F50002046002003F03EFC0028BADB0DB1002043
:100F6000B9E72018B7D5B4E7002DF8D1B3E700BF33
:100F7000D01B00201FB572B6194BDD68EDB9BFF369
:100F80004F8F1849184BCA6802F4E0621343CB60D4
:100F9000BFF34F8F00BFFDE72346B2FBF6F25C1CA8
:100FA000002AF9D104AEDCB256FA83F303F80C2C14
:100FB0000A2234B901A8A847E1E7024600230A261D
:100FC000EDE7631E04AEDCB256FA83F3B0FBF2F633
:100FD00002FB1600303003F80C0C3046E9E700BF86
:100FE000D01B002000ED00E00400FA0507B50A4B15
:100FF000DA88ADF8002068469A885B88ADF804204E
:10100000ADF8023001F074FE18B1FC219C20FFF70E
:10101000B1FF03B05DF804FBD01B002038B50546D6
:1010200040B30AF0C3FC10B94FF0FF3038BD0AF0EE
:1010300025F8B0F5FA7FF7D8104C1148E56000F0BC
:10104000A7F9002323744FF4807323801B2363804C
:10105000A38040F20323E3804FF4847323811F2392
:101060006381EFF3108472B600F0E4FC04B962B659
:101070000020DBE76FF01500D8E700BFD01B002091
:10108000ED0F000010B5002840D1234C237C032B2A
:1010900039D059B1002A3CD00239052936D8DFE8C9
:1010A00001F0031227352A2D137863700020FFF713
:1010B00003FF0028B7BF0123022323746FF00B0046
:1010C000A8BF237410BD13791BB353790BB31188D8
:1010D000FB291ED853881B3B9BB2E02B19D81A2939
:1010E00017D91368C4F802300C4B92889A80DDE758
:1010F00013786372DAE713886381D7E71388FF2BCD
:1011000007D82372D2E74FF0FF30DBE76FF02C00F7
:10111000D8E76FF01500D5E7D01B0020D21B0020C8
:10112000F8B50D46064620B319B311F0070420D1D7
:10113000114F3B7C012B02D16FF00B00F8BD032B4C
:1011400002D14FF0FF30F9E700F060F80028F8D046
:101150002846FFF7B1FE0028EEDB0EF05BF83046C4
:10116000214601F059FEFFF741FF03233B7420465F
:10117000E4E76FF01500E1E7D01B002010B5064C46
:10118000237C032B03D101F05FFE02F02BFE0BF05A
:10119000F7FC0020207410BDD01B002050B1074B7D
:1011A00003F1140253F8041B40F8041B9342F9D1D5
:1011B000002070476FF01500704700BFF40A03006D
:1011C00008B501F0F3FDBDE808400249012000F038
:1011D0005DB900BF950E000008B501F0FBFDBDE84C
:1011E00008400249002000F051B900BF710E000014
:1011F000024B02681A600020704700BFE41B002009
:10120000014B1B68184700BFE41B0020024B186805
:10121000003818BF01207047E41B00202DE9F74378
:10122000264E0446071D2548376002F0F3FD0228CC
:10123000054607D1214920460AF052FF284603B04F
:10124000BDE8F0830428F9D13378072B18D13E206C
:1012500000F04AF878B9F378327901A943EA022319
:101260006846ADF800300BF060F90028DBD0532160
:101270000820FFF77FFE052000F076F80028EAD06E
:10128000314620460AF05BFFB0F5817F01D3722121
:10129000EEE70028C7D094F8008094F8029040460A
:1012A00000F022F80028BED0B8F13E0FC6D1484663
:1012B00000F05AF80028C1D1B5E700BFE81B0020B4
:1012C000074B4FF0FF3141F6FF72C3E900120549A9
:1012D0000022C1E900221F21C3E90212704700BFAA
:1012E000C01000202C1C00203F280CD801380B4BCC
:1012F000C0F3421200F01F0053F8223023FA00F02E
:1013000000F001007047FF2806D04038C0F34212B9
:10131000034B00F01F00EFE701207047C0100020D2
:101320002C1C00200146074B006849681A4603C27E
:1013300040F48C221A6041F0107242F4FF625A604D
:10134000704700BFC01000200246024B0068516881
:1013500003C370472C1C00200246024B00685168F2
:1013600003C37047C8100020382800F1FF33DBB2F8
:101370001FBF064A590902EB810203F01F031DBF7C
:101380009068D84000F0010000207047C010002095
:10139000014B1860704700BF341C002010B5FFF7E8
:1013A0008FFF0BF0AEFD034B1B68044603B198475B
:1013B000204610BD341C0020F0B50C88C37C028888
:1013C000A5B2C4F30E0404F118060233865B1A4476
:1013D000334497B213FA82F3013B4288B3FBF7F32D
:1013E00013FB07439BB29A42044A93BF22EA0503C8
:1013F0002A4013439BB20B80F0BD00BF0080FFFF6B
:101400004A1E062A08B50346084604D84FF4D1718F
:101410001520FFF7AFFD094A914202D940F2A3110E
:10142000F6E711B903B1196008BD2BB11B680022A2
:10143000C3E901211A1D1A600430F5E7FAFFFF7FA6
:1014400010B5114B00EB41041A786389B3FBF2F33A
:1014500003FB0223013A1A44B2F5706F02798078D7
:1014600028BF00231A440B18B2FBF0F100FB112136
:101470005B1AB3FBF0F100FB113313446FEA4343F3
:101480006FEA5343638110BD381C0020024B03EB0D
:1014900080035960704700BF381C00202DE9F04FD1
:1014A00010F0070A85B0054604D040F261111720FC
:1014B000FFF760FD524F07F10C06B1460446B046F7
:1014C00057F8043B8DF80BA03BB101A898479DF855
:1014D0000A30082B01D9E821E9E79DF80B1041BB40
:1014E00005B131604F4506F10406E9D1002D6FD0FA
:1014F000DFF81091002289F800209646022758F85C
:1015000027A0013FBAF1000F55D09AF804609AF86D
:1015100002C0FF2E60D039460023481C38D19C44BD
:10152000BCF1FF0F3FD90AB189F800E040F2271162
:10153000BDE79DF80AC06046022838BF02204B1D57
:101540005A0004EB4303441E2344BDF8084064449E
:10155000013CCCF1000C04EA0C044042B4F5803F9D
:1015600003EA000301D3F821A1E775B19A1A01201B
:10157000326091701480D0709DF80C001071019849
:1015800010814FEA104CA2F806C004FB0134A9E711
:1015900058F8210028B190F804B0B34504BF807812
:1015A0001B180139B9E7DBB2E6458AF804303CBFC5
:1015B0005FFA8CFE01227B1CA1D10AB189F800E000
:1015C000022640F6FF6A58F82670B7B9013EFAD2F3
:1015D000601B05B0BDE8F08F0023E5E707EB410392
:1015E0003846A3F80AA0FFF72BFF09F10109BB78E1
:1015F0005FFA89F18B42F1D8E8E74FF00009F6E78E
:101600003C1C0020381C002038B54FF6FF730380C7
:10161000184B03EB810302461869A8B1847803795B
:10162000B3FBF4F104FB1133DBB2194600EB4105C7
:10163000B5F90A50002D0EDB0131B1FBF4F504FBC6
:101640001511C9B28B42F1D1002038BD6381BDE8CC
:1016500038400BF070B900EB41046389C3F30E030B
:101660001380C278002AF1D14FF4D5711720FFF70B
:1016700081FC00BF381C00201C4B03EB810370B5BC
:101680001C69054644B3030404D54FF4DC711720EC
:10169000FFF770FC014620460BF02FF9FF280146AA
:1016A00004D02046BDE870400BF045B9A078B5FBEA
:1016B000F0F300FB1353DBB219460A1D04EB42069C
:1016C000B6F90260002E09DB0131B1FBF0F200FB3C
:1016D0001211C9B28B42F0D1002070BD8B4201D0F3
:1016E0000023E37004EB42025580DAE7381C002047
:1016F000094B03EB810310B51C69014620460BF032
:10170000FCF8FF28014604D02046BDE810400BF04D
:1017100012B9002010BD00BF381C0020F8B5104BD6
:1017200003EB810307461C69014620460BF0E5F8F0
:10173000FF28054611D0E288238953EA024606D0E5
:10174000014620460BF0F7F801463846B0472046E0
:101750002946FFF775FE0020F8BD0520FCE700BF15
:10176000381C002038B50E4B827903EB8203044607
:10177000186908B9052038BD8278E1799142F9D21B
:101780004B1CE37100EB41035D89B3F90A30002B78
:10179000F3DBA5800BF0CFF820600020EBE700BF63
:1017A000381C002070B5044610F003000E4603D02C
:1017B0004E211820FFF7DEFBFFF722FE054624B17D
:1017C000034831460460FFF71BFE284670BD00BF8A
:1017D000541C00202DE9F14FDFF870B09DF828A0CF
:1017E0009DF82C901E46DBF8003007460D469046CB
:1017F0001BB960211820FFF7BDFB52460921404666
:101800000AF0F8FE4A4684B2092130460AF0F2FE98
:1018100014FA80F1DBF800000BF043F8386018B9D7
:10182000286001B0BDE8F08F04442C60386853464E
:10183000414609220AF0A1FE28684B46092231469A
:1018400001B0BDE8F04F0AF098BE00BF541C002064
:1018500070B50E4604460AF0E0FE054630460AF032
:10186000DCFE044B2A1821461868BDE870400BF0D6
:101870003DB800BF541C0020024B186808B10BF0A3
:1018800004B87047541C00201F2AF8B504461346BC
:101890000ED89200033222F00303B3F5803F2DD21D
:1018A000184DACB1A00710D05F210920FFF762FBF3
:1018B000FF2B4FEA420204D9FF339A42A8BF1A46CF
:1018C000E8E77C2AB8BF7C22E4E729706C602B81B2
:1018D00022F003022823120403FB01F001276B68A6
:1018E000120C0025EEB2B14200D8F8BD14B1261892
:1018F0001F705E60104401352833F3E74FF0FF306E
:10190000F3E700BF581C002070B5154A15785368DE
:101910000021C8B2854203D8AB210920FFF72AFB7A
:101920001C46184614F8286B01310EB92346F0E71F
:1019300000219970128999610124D96159685C70FC
:10194000920803F11E0403F1260524F8022FA54294
:1019500043F8041F1144F8D100234361037070BDA4
:10196000581C00204B782DE9F04106460C4602F049
:10197000040702F0FB05E3B1A5BBFF23A3707B08BE
:1019800004EB57073A7D032A02D1022D18BF013319
:10199000E2180121117503F10C0104EB830300220D
:1019A00024F811205B68A2703360B2803046BDE835
:1019B000F081002DE1D101234B701D4B8D611B89FE
:1019C000CD6101F11E0249689B08204604F1260CF6
:1019D00022F8023F944540F8041F1944F8D100232F
:1019E0006361CAE7D1F80480142200216170A01855
:1019F0000AF048FA0E4B1B89B3F5FF7F0FD25A0845
:101A00009B1A9BB208EB0301C4F804802384A160F5
:101A10006284C4F80C80A3842161E284ADE7B3F54D
:101A2000EE6F4FF0FF02EBD940F27263EAE700BFBE
:101A3000581C0020134B012200214FF0FF309A6008
:101A4000C3F80012C3F80803C3F80015C3F804254F
:101A50009A60C3F80803C3F80015C3F804250A49BF
:101A60000A4A03F580334FF40040C3F80825C1F853
:101A70008000BFF34F8FBFF36F8FC1F88001C3F8B1
:101A80000825704700F0004000E100E00000F63F4C
:101A90000A46192302F8033B0448C368C1F803301F
:101AA0000369536043699360704700BF641C002062
:101AB000024B5A8C02435A845B6A1847641C00200C
:101AC000014B00215B6A1847641C002010B5154CBF
:101AD00005F0B0FF05F0F4FA208DFFF7F1FF237E4B
:101AE00063B12246104952F80C3BE36063685360CF
:101AF00004F11900A36893600CF022FA0B4B228DBD
:101B000093E8030002F096FE236B188802F018FE9B
:101B1000A36B94F8341094F835009847002384F8A8
:101B20003C3010BD641C0020911A0000901C002065
:101B3000034B93F83C300BB1FFF7C8BF704700BFB1
:101B4000641C002070B51E4C256B636C95F88C20CE
:101B5000236494F8483095F86910064603EB820038
:101B60002EB9FF2803D195F868308B4201D005F0DB
:101B7000E9FD95F88C30E3B1E06C05F0FBFF012343
:101B800084F86830D5F8E8302366E16CD5F8EC309D
:101B9000206C636605F070FA16B9304606F03AF824
:101BA00095F86810002006F089F8022384F83C308C
:101BB00070BD206C05F0DEFF05F082FAECE700BF97
:101BC000641C002008B5094B93F83C20022A04D07D
:101BD00040F24F212720FFF7CDF9DA7A42F00102D7
:101BE000DA72BDE80840FFF771BF00BF641C002037
:101BF000032810B50A4B044605D15A6FD278022A41
:101C000001D1002010BD986F0AF089FD0028F9D19C
:101C1000032CF6D001F0DCFA80F00100C0B2F1E74D
:101C2000641C00202DE9F043484C94F83C30012B13
:101C300085B005468846DFB204D040F20451272023
:101C4000FFF798F9266B616F02A80AF09BFF96F8E0
:101C50007C309DF808903BB1002186F87C10042070
:101C6000FFF726FF86F87E70B9F1030F27D0BDF885
:101C70000C30002B18BF022796F88C3086F8827043
:101C8000BBB1236BD6F8E82093F8690022660127E0
:101C9000D6F8EC20626684F868700AF090FF94F839
:101CA00048902B4900220346009238464A4605F0E8
:101CB0005FF96DB105B0BDE8F043FFF707BF96F8D7
:101CC00082301BB9616F0220FFF7F2FE0327D3E7D2
:101CD000B8F1000FEED0E36F284698470028E9D00E
:101CE00094F83430002BE5D194F8803023B194F887
:101CF0008100FFF77DFF0546606C0CF096F8D4F884
:101D00008430B3B9B4F88830B3FA83F35B09628CDA
:101D1000910710D5626F137803F00303032BC9D129
:101D2000D378022BC6D1002005B0BDE8F043FFF701
:101D300009BF0123EBE7002ABCD1012814BF00230F
:101D400003F001032B43EED1B4E700BF641C002075
:101D5000B41C002010B5094CD4F8843023B940F2EB
:101D6000F6412720FFF706F9B4F88820216C0332EA
:101D700018460AF0C7F8206410BD00BF641C00209C
:101D800010B5064B93F83C2002F0FF0422B91C76F4
:101D900002F048FD204610BD0C24FBE7641C002027
:101DA0000A4B0B4A70B506460D461A60FFF7E8FF6E
:101DB00018B1F4212720FFF7DDF8064C012104F1CA
:101DC0008A000CF022F86664E56470BD08110020FA
:101DD000DC250000641C0020024B012283F88D20CA
:101DE000704700BF641C0020F0B5794C85B002AE8E
:101DF00086E8030094F83C100A9F01F0FF0511B932
:101E00000AB103B127B940F283112720FFF7B2F8D6
:101E100096E8030004F12C0C8CE8030084F88D5044
:101E200084F8345084F88E5084F8355084F88F50FC
:101E300084F8905065842585256BE3676262A7630B
:101E400005F0C4FC05F03CF995F9700005F048FD7B
:101E50006E6AE86905F04AFD304605F07DFE95F8AA
:101E60009C0005F04DFD236B93F89F310BB105F0FD
:101E70009BFC0CF019FC95F8692000F17901012018
:101E800005F0C4FD534B186805F06CFE2B69A36781
:101E9000514A6B69C4F8943005F5807105F1F0037F
:101EA00053F8040B42F8040B8B42F9D1D5F800210A
:101EB000C4F869205A68494B5A60236B93F886200E
:101EC00093F86860A2F12501012903D993F88710DE
:101ED00025295FD193F83E322BB1012E03D0012B7F
:101EE0000CBF0126022605F13007314638460CF0BA
:101EF000B7F831460BF0DDFDAB8F95F869108342E2
:101F000028BF0346384684F898300CF092F895F8CC
:101F1000691095F88C70B5F84460042908BF032156
:101F20000BF0C7FD0FB9043080B2864228BF0646C9
:101F300095F88C30F6B284F8996084F84860A3B1C3
:101F4000D5F8E83095F8690023660127D5F8EC301C
:101F5000636684F868700AF032FE0022034600923D
:101F60001D493246384605F003F80120FFF7EAFD27
:101F7000002323606360A360B5F8803063802B8802
:101F8000238095F89C302371EB6E0BB101221A600F
:101F900005B0F0BD203A012A0DD823290DD093F8C1
:101FA000263113F0010202D19B079CD50222012E9B
:101FB00018BF164697E7232905D193F8262193F8F1
:101FC00061301340EDE7032E08BF04268BE700BF06
:101FD000641C002008110020B41C0020CD1C00202F
:101FE00008B50C4B93F83C201AB9BDE80840FFF740
:101FF0006DBD93F83C20022A04D040F23121272005
:10200000FEF7B8FF1B6BD3F8B001BDE8084005F040
:10201000CDBD00BF641C0020014B1876704700BF87
:10202000641C0020014B93F88F007047641C002053
:10203000024B93F82900C0F3C0007047641C0020D5
:10204000014B93F88E007047641C00202DE9F0438B
:10205000314D85B004460F4602A8296C2E6B0AF05C
:1020600091FD14F00109BDF80C8004F0020428D0A1
:10207000002385F89A3094B1FFF76CFE0DF102024F
:1020800001A9D5F894000AF0F6FB01980AF0D9FBF3
:10209000012238604146D5F894000AF081FBB9F17D
:1020A000000F0BD0D6E93A32013342F10002C6E903
:1020B0003A3296F88430013386F8843005B0BDE8B2
:1020C000F08395F89A30032B20D801A252F823F020
:1020D00077200000E1200000FB200000FB20000032
:1020E000002CEBD0FFF736FED5F8940000224146D5
:1020F00005B0BDE8F0430AF053BB002CDED0D5F8A4
:10210000940005B0BDE8F0430AF0B1BB40F2A24133
:102110002720FEF72FFF00BF641C00202DE9F04FA1
:10212000A94C002389B0CDE9043394F83C30266BE8
:10213000022B8046894604D040F28B512720FEF7BF
:1021400019FF216C06A80AF01DFD96F88C30B8F135
:10215000000F00F028819DF819B0BDF81C70002B0D
:1021600039D004F0C5FFB0BB6FB196F8843003F0EE
:1021700001035B450BD1012384F83530FFF7A6FC42
:1021800009B0BDE8F08FA4F88870002006E0A4F83C
:102190008870D4F8940039460AF0E2FA238D9DF84D
:1021A0001A20C4F8840043F40073238596F8833022
:1021B00003F001039A4263D0256B95F88230002B1F
:1021C0003DD0022B13D1A06F04A90AF072FA38B9DE
:1021D00040F23B41B2E7A4F88870002FD5D0D8E791
:1021E000D5E93832013342F10002C5E9383295F8B9
:1021F0007E30002185F8821023B185F87E101020F2
:10220000FFF756FC95F87D30A3B14FF0000A85F832
:102210007DA000F0C7FF10B940F252418EE7514651
:102220000820FFF745FCD5E93832013342F10002BE
:10223000C5E9383295F88330013385F88330238D32
:1022400043F4006323854FF0000A96F8843003F0CE
:1022500001035B4544D19DF81830256B022B11D842
:10226000EBB995F88430013385F88430002F37D0EE
:10227000D5E93A32013342F10002C5E93A322FE0A2
:10228000C246E2E7032BECD1238D216C012043F4FD
:10229000805385F87C002385FFF70AFCE1E7002FD7
:1022A000DFD0238D95F88C5043F48053238505F0BF
:1022B000FBF9042894F8993006D1002D0CBF1F2299
:1022C0001B22934228BF1346BB4262D3D4F884300A
:1022D00033B194F88D30002B74D02020FFF7F0FB41
:1022E000002796F88B309BB1D6F8E03096F868005E
:1022F00023660025D6F8E430636684F868500AF057
:102300005EFC324900950346FB22284604F030FE6D
:10231000B9F1000F5CD1638C94F88E10180708D5C2
:10232000626F137803F00303032B02D1D378022BDF
:102330004ED001294CD8E36F01209847002847D0A0
:1023400094F83430002B43D11FB105A90120FFF7C9
:102350007DFE256B002395F88C208DF80D3094F8C8
:10236000483095F8681003EB8203FF2B03D195F8F2
:1023700069308B4202D0FF2005F0E4F995F88230F5
:10238000032B00F21781DFE813F07A00A500FC00B0
:102390000D0194F83430012043F0100384F83430F8
:1023A00007F00CFD9CE70BB104F0DEFE94F88E30D4
:1023B000013384F88E30238D002743F48063238516
:1023C000BA468EE747468CE7641C0020B41C002008
:1023D00005F080FC002F4DD14FF00109238D5A06E6
:1023E00006D44020FFF76CFB238D43F04003238588
:1023F000BAF1000F0DD0B4F80720B4F8053013433C
:10240000B6F8802013431EBFB4F809300133A4F896
:102410000930B8F1000F00F0D580B4F80530013371
:10242000A4F80530002384F88E30694802F076F96C
:10243000049830B10AF005FA216B0022027201F013
:102440002DFD059B33B1216B00221A720C220598D9
:1024500001F0F2FCB9F1000F7FF490AE238D1B0662
:102460003FF58EAE8020FFF72BFB238D43F08003DA
:10247000238585E605A90320FFF7E8FDACE794F87E
:102480009830ADF80E305348A5F8583000F07AFE79
:1024900028B1012385F87D3084F890301CE0A06FCE
:1024A0000DF10D020DF10E010AF0DEF8606788B142
:1024B00095F8C73073B99DF80D302BB90380837040
:1024C000606F01210BF0A1FC636FBDF80E205A7004
:1024D0000123E1E7404B6367D4F874B095F883209B
:1024E0009BF80000D20002F0080200F0F30313434F
:1024F00095F88420920002F0040213438BF8003018
:1025000000F00300FFF774FB9BF8003023F010038A
:1025100043EA00138BF8003095F88B30606F002B86
:102520004BD04378002B48D0E06C05F023FB002310
:1025300084F86830D5F8E0302366616FD5F8E43070
:10254000E06C636604F05EFD95F86910012005F00B
:10255000B5FB0125606F84F88F500BF066FC636F4C
:1025600084F880001B7884F83C5003F0030384F85F
:102570008130002F3FF432AF05A90220FFF766FD3E
:102580002CE7B5F85830A06FADF80E300DF10D0204
:102590000DF10E010AF068F86067002898D140F24A
:1025A000F121CBE50B4800F0EDFD002890D140F281
:1025B000FB21C3E540F20931C0E505F0DBFA04F088
:1025C0007FFDC1E7B4F807300133A4F807302CE7EA
:1025D000901C0020D81C0020EE1C0020C51B000011
:1025E0001D210000251C0000311B0000F0B5070C68
:1025F000A7F5AA42144B543A012A03EA90231FD9A3
:1026000027F4004042F6AA22801A18BF01200022B7
:10261000162116461F2487EA060562EA05050135DC
:1026200010D0DD03ADB245EA5606E503ADB201397F
:1026300045EA52024FEA53034FEA5404EBD1F0BD8E
:102640000020E4E70020FAE7E0FF3F00304BF0B560
:102650005A88B0F85C70B0F85A609D88974228BFDD
:102660001746964228BF16461B2E85B00C462ED024
:10267000B5F5A47F2DD040F648039D4201A928BF9F
:102680001D460AF001FBBDF80A30BB4228BF3B469D
:10269000E380BDF80C30AB4228BF2B462381BDF848
:1026A0000630B34228BF33466380BDF80830AB42E2
:1026B00028BF2B46A380FF232370E3881B3B9BB2DC
:1026C000E02B08D940F2EE613920FEF753FC1B2FB6
:1026D000CED105B0F0BD63881B3B9BB2E02B02D985
:1026E0004FF4DE61F0E72389A3F5A4739BB2B3F541
:1026F000E06F02D940F2F261E6E7A388A3F5A47384
:102700009BB2B3F5E06FE4D940F2F461DCE700BFBF
:10271000001D002010B501210020FEF7E9FF04464E
:1027200070B90121FEF7A8FF044620B940F29131AB
:102730003920FEF71FFC034B93F906100CF063FAE7
:10274000204610BD001D002008B50BF01AF900F05E
:10275000E5FE00F0A7FB0BF0CBFB02F04DF801F01B
:1027600049F9094B00221A60084B1B214FF4A47051
:1027700098801A805980064B064818605A829A75CC
:1027800099805A749A8208BD0C110020001D002007
:102790002C21002003021B00044B41F64C52C3E9DC
:1027A00002221B221A74FFF7CFBF00BF2C2100208A
:1027B00073B5244DAB680363234B836104460CF06F
:1027C000DDF8064600F05EFB830654BF1B236B88D2
:1027D000A4F85A3058BF1A461C4B297C1B6848BFC6
:1027E000AA88A4F85C2084F8381066871BB194F995
:1027F000701020889847164E204631460BF07BF922
:1028000001236A886978E385AB88019116F8121C68
:102810000091033303329BB292B204F1140104F12C
:102820001000FEF7D7FF236923B940F2C5613920B4
:10283000FEF7A0FB636913B940F2C661F7E7002019
:1028400002B070BD2C21002000093D0010110020B5
:102850003E210020F7B504460D460CF007FA00288B
:102860006DD020460CF0DEFA38B1B5F80130013BEE
:102870007F2B02D9122003B0F0BD20460CF0D6FA0F
:1028800008B90C20F7E720460CF06EF90028F8D1C3
:1028900020460CF0A9F906460028F2D1204603F0A4
:1028A000A3F90028E6D0B5F80170E97842F2107378
:1028B00020465F430CF0A2FA20460CF0ABFA01462A
:1028C00048B93A46204602F03FFBB0B341F69D417D
:1028D0003920FEF74FFB31460DF10600FEF794FE5E
:1028E000054608B90D20C6E7314600F0D1FFBDF816
:1028F00006302B80204629460CF0A2FA20460CF028
:102900009BFA88B9216A20460CF098FA01462846BD
:10291000FFF74EFF3A462946204602F015FB0246D5
:1029200020B14FF4E651D3E70121F0E7054B9B6856
:102930001BB105F58D712846984700209BE7422082
:1029400099E700BF001D0020024B1B6803B1184728
:102950000C2070470C110020034B5A8802801B7812
:1029600083700020704700BF2C21002037B583788A
:102970001A2B054608D8042B04D9144A22FA03F36B
:10298000DB0705D412241AE0292B01D03B2BF9D107
:102990002888B0F5706FF5D269460BF041F888B918
:1029A000019B93F8182102F0FF046AB9AA7883F812
:1029B0001921FF2283F8182168460BF074FA20468B
:1029C00003B030BD0224FAE70C24F8E720003804F5
:1029D0000188A1F11B039BB2E02B0CD84288A2F521
:1029E000A4739BB244F24810834204D8034B0020E6
:1029F00059809A8070471220704700BF001D002048
:102A0000034B5A889B88028043800020704700BF98
:102A1000001D002038B50278447802F0010354EA22
:102A2000030102F0020201D1112038BDBAB9857844
:102A3000002DF9D0002B18BF002400E01D462046D1
:102A40000AF0CDF80028EFD028460AF0C8F8002890
:102A5000EAD0054B00209C74DD749882E5E7002BDA
:102A6000ECD000242546EAE72C21002013B500888D
:102A700069460AF0D5FF18B10224204602B010BD05
:102A8000019A92F8DC31DBB292F8A820002AF3D147
:102A900013F0FB0FF0D0019890F82A310BB13A24D3
:102AA000EBE790F8D23003F0FF04002BF7D190F859
:102AB000C9309B0706D1FF2380F82A3168460BF006
:102AC000F2F9DAE70249CA300BF03AFAD5E700BF6B
:102AD0001BE60000F7B50778EF2F05460C460FD828
:102AE00090F901204378002A0ADB8278900707D109
:102AF00013F010001DD1990603F0030202D51AB19C
:102B0000122442E0032AFBD01E07F9D42979EA787F
:102B1000EE7942EA0122697942EA0142A97941EA61
:102B200006212E7A41EA06418A42E9D81F2A0FD8A7
:102B3000E6E713F0600FE3D103F00702052A05D0A2
:102B400003F00F010D22CA40D107D9D51A07DDD5F0
:102B50006A7A013A062AD3D8AA7A032AD0D813F07F
:102B6000040102D1023A012A03D8EA7A012AC7D81D
:102B700011B9AA7C032AC3D82A7D48B1012ABFD142
:102B80002A7E012ABCD830B91124204603B0F0BDFA
:102B9000022AF5D1B4E7DB0712D46B782A7D03F063
:102BA0001803082B11D1022AEED101213846FEF775
:102BB0009FFD064678B10BF0D7FFB8B10C24E4E7CF
:102BC00000F024F90028E8D1DEE7022AEDD02B7FBF
:102BD000002BEAD0D8E701213846FEF74DFD064626
:102BE00040B3154B93F906100CF00DF830460CF07D
:102BF0000EF929462070E87430460CF053F8EB7E4D
:102C00000446002BC1D00028BFD1316B0246684674
:102C1000FEF7A8FE306B2246012109F0F8FE316B69
:102C200068460422FEF79EFE306B2246214609F0DC
:102C3000EEFEAAE70724A8E7001D002030B50279C0
:102C4000042A8BB003464FD84088B0F5804F4BD84C
:102C500026498D5C114400244A79ADF8004042F0C9
:102C6000100242EA45028D7AC97B8DF8084042EA9B
:102C7000850242EAC10202F01F028DF80020BDF871
:102C80000020ADF809201A888DF80B208DF80E0071
:102C9000120A000A8DF80C208DF80D408DF80F00F7
:102CA0008DF810405A7B8DF811205A798DF812203A
:102CB0009A79D3F807008DF81320B3F80B209B7B8B
:102CC0008DF81A307F2305908DF81B3069464FF040
:102CD000011302A8CDE90734ADF818208DF824407F
:102CE000FFF7F8FE0BB030BD1220FBE704C3020073
:102CF0000278034672B1427862B142881A2A09D931
:102D000082881A2A06D9044A006810609B8893803A
:102D100000207047122070472C210020024B0268CF
:102D20009A600020704700BF2C2100200378A3F197
:102D30000A02112A9DBF024A002013741220704714
:102D40002C21002008B5052000F090F804F060F870
:102D5000014B024A9A6008BD001D00204D2600006C
:102D600008B502F029FF02F0DBF9BDE80840014890
:102D700002F00CBF0C1D002010B50B4A01231446B5
:102D800082F8023102F020FF0CF002FA0AF0F7FD9F
:102D900004F203112046FFF703F8002009F0D3FDE9
:102DA000BDE8104001F02EB80C1D002010B5064CF7
:102DB000064904F502700AF0A2FC04F50370044908
:102DC000BDE810400AF09BBC0C1D0020141100202F
:102DD0001C11002010B5094C094904F502700AF0D5
:102DE0008EFC04F5037007490AF089FC04F50470B1
:102DF0000549BDE810400AF082BC00BF0C1D002050
:102E0000241100202C11002034110020014B93F8D4
:102E1000020170470C1D002010B5074C00F0CEFFDA
:102E2000D4F808020AF063FCFFF7B6FC01F0FCF8E6
:102E3000012384F8143210BD0C1D0020014B93F8BF
:102E4000140270470C1D002010B5074CD4F80C027A
:102E50000AF04DFCD4F810020AF049FCFFF774FCAC
:102E6000002384F8143210BD0C1D0020C208044950
:102E700000F0070001238340885C03438B547047B4
:102E8000D0100020014BD3E900017047D010002082
:102E9000034B1868C0F30020400040F00100704769
:102EA000D010002008B508F0E9F8084A002332F8ED
:102EB0002310814205D302EB83029378044A1370F6
:102EC00008BD01330C2BF2D10023F7E718C3020031
:102ED000211F002010B544682388A4F8683194F8B5
:102EE000683084F86711012B06D0022B04D04FF410
:102EF00061710620FEF73EF884F86A3194F8693073
:102F0000012B01D0022BF2D184F86B31044904F576
:102F1000AF700BF015F8002384F8243110BD00BF0A
:102F200079D70000406808490388A0F85A3190F822
:102F3000603080F85C3190F8613080F85D3100F2EB
:102F400051100AF0F7BF00BF8FD700002DE9F04302
:102F50008946097999F80580456801F0070108F06C
:102F600007084B1E08F1FF3202EA08020B40134328
:102F700095F8872095F88660232A85B004463BD1D2
:102F800005F18707FBB940460AF042FC00283DD016
:102F900095F86830984239D095F8262118EA020F42
:102FA00011D0212E32D095F8612018EA020F2DD1D0
:102FB0000138013B4D4AC0B2DBB2032B105C20D874
:102FC000D35C834222D995F82431012B53D11E21A1
:102FD0002046FFF77FFF212E51D16368182283F826
:102FE0000921092283F8862093F8C230002B3ED1B4
:102FF0004FF43171AE2007E0212E75D105F186071F
:10300000C0E74FF40F710620FDF7B4FF08460AF041
:10301000FFFB38B195F86930834203D095F827312A
:103020001942D0D0B9F8066003AB00932846334666
:1030300042460AF0FAFB6368054678BB93F8242100
:10304000012A28D101462046FFF744FF3D706368FE
:1030500003F18702974202D1002283F88720636838
:1030600003F1870297423BD120460BF085F8002000
:1030700005B0BDE8F083002385F82431ABE70023D9
:1030800020463B700BF078F81821204605B0BDE8CB
:10309000F0430BF099B883F82401D8E7B3F8802007
:1030A000A3F83C62013EB61AB6B247F6FD729642EC
:1030B00006D9282283F8A920204601F02DF9CEE771
:1030C00093F887200D2A02D00A3A012A01D82A2231
:1030D000F0E7BDF80C20A3F83E2225233B70BEE7A5
:1030E000002283F8C220C2E70220C1E748C30200E1
:1030F000044B002283F822204FF6FF729A84DA8470
:103100001A857047221F0020054B9A8C824201BF0E
:10311000002283F822204FF6FF729A84704700BF86
:10312000221F0020014BD884704700BF221F0020BF
:10313000084B998C4FF6FF72914206D193F82220EA
:10314000012A04D00360012070470023036000209F
:10315000704700BF221F0020064B93F82220012A4F
:103160001FBF0120DA8C83F822009A8408BF002058
:10317000704700BF221F0020014B1885704700BF19
:10318000221F0020064B0246198D988C884205D1DB
:1031900093F8220018B11360012070470020704797
:1031A000221F0020094B998C1A8D914201D00020DA
:1031B00070474FF6FF729A8493F82220002AF6D0C7
:1031C000002283F822200120704700BF221F002028
:1031D000054B998C1A8D914203BF93F82200B0FAE7
:1031E00080F0400901207047221F002050B90A4A90
:1031F0001346012003F8010B0868C2F801008A8811
:103200009A807047012805D1034B0A689A608A8822
:10321000D8719A81704700BF4C1F002050B90B4BEA
:10322000187888B1D3F80120B3F805300A608B8094
:1032300001207047012806D1044BD87920B19A6843
:103240000A609B89F3E70020704700BF4C1F0020F5
:1032500010B9044B18787047012806BF014BD87984
:10326000002070474C1F0020F7B500238A888DF896
:103270000600ADF8042008680B4A8DF80730019D60
:103280001478014602F5A872D8B2844201D8082009
:1032900008E052F8087F5668AE4208BF8F4203F13B
:1032A0000103F1D103B0F0BD601F002030B5094B20
:1032B00001465C78002203F20113D0B2844201D8A7
:1032C000082005E013F8015F8D4202F10102F4D1FC
:1032D00030BD00BF601F0020F8B52D4C6378013B66
:1032E000DBB22218834292F80251637030D01A0187
:1032F0000101961C8F1C2644274406F1100C56F839
:1033000004EB47F804EB6645F9D18232823122445E
:10331000214402F1100652F8047B41F8047BB242CA
:10332000F9D1E118221891F8026182F802610626AB
:103330007343704303F5857300F58570E618E35811
:1033400023502718B388BB8091F83A3182F83A317C
:103350002846FFF7ABFF082818D12378013BDBB2E2
:103360009D42237012D02B3304EBC30393E8030078
:1033700005F12B0204EBC20282E803002078FFF77C
:1033800095FF08281CBF241884F80251F8BD00BF1F
:10339000601F0020F0B5254D95F8984189B0224670
:1033A00005F29911684608F0ADFD214668460AF01D
:1033B00007FB0446B8B300EB4001C9B202A8FDF711
:1033C0001FFF631E95F8A161DBB2012495F89811E7
:1033D00005E0721CB2FBF1F001FB1022D6B206F13F
:1033E00020020DEB020010F8202C002AF1D103EB93
:1033F00043012031694406EB46022A4411F8187C47
:1034000082F8A27111F8177C11F8161C82F8A371CA
:1034100082F8A41100F8204C013BAA19DBB2FF2B63
:1034200082F89941D2D109B0F0BD00BF601F0020E1
:1034300070B5064688B00C46002A4ED0294A92F84C
:10344000A131D01890F8991119B9FF212820FDF762
:1034500091FD03EB43011144013391F8A251E57052
:1034600091F8A35191F8A41161710021257180F8A0
:10347000991192F89811B3FBF1F001FB103382F827
:10348000A13192F8C23123B9174902F5DD700AF073
:1034900054FD657905F03F0545F0400565710D2245
:1034A0000021684608F0EEFCE3788DF80F302379B0
:1034B0008DF80E3004AA0423694630468DF80D506D
:1034C00008F03EFB9DF81F3023709DF81E3063709E
:1034D0009DF81D30A37008B070BD03216018FDF782
:1034E0008FFED6E7601F002095330000044B5A780A
:1034F000824286BF1B1893F84A010020704700BF24
:10350000601F0020044B5A78824286BF1B1893F834
:1035100042010020704700BF601F0020064B0022C0
:103520004FF461711A8083F8C32183F8C421A3F892
:10353000C61183F8C2217047601F00202DE9F047B3
:103540008246894617469846FFF78EFE08280546AC
:10355000064603D0FFF7AAFE082860D1324C6378F4
:10356000072B5ED8082D15D12678731C072E2370E3
:1035700003D96C212820FDF7FDFC06F12B02D9F8B8
:10358000000044F8320004EBC203B9F804209A802A
:1035900083F806A065786B1C290163704B1C07F14A
:1035A0001002234412F8010D03F8010FBA42F9D1B9
:1035B000813108F11003214413F8012D01F8012F86
:1035C0009845F9D1102140460AF037FA25441021D8
:1035D00085F8420138460AF030FA85F802616678CB
:1035E00085F84A010023114885F83A3131460AF03E
:1035F000E7F90128054607D80D4831460AF0E0F9F9
:10360000002818BF0135EDB284F8985100252846EE
:1036100084F8A151FFF7BEFE2846BDE8F0871220CE
:10362000FBE70720F9E700BF601F0020A220002071
:10363000AA20002010B5064B5878013840B2002867
:1036400000DA10BDC4B22046FFF746FE601EF5E763
:10365000601F0020014B83F8C3017047601F0020EA
:10366000014B93F8C3017047601F0020431E9BB2BB
:103670004AF2B71293429DBF024BA3F8C601012044
:1036800000207047601F0020014BB3F8C60170474F
:10369000601F002030B50A4B5C7884420ED9184474
:1036A00090F802012B3003EBC004A5790D7053F89C
:1036B00030001060A3889380012030BD0020FCE71B
:1036C000601F00200246074810B590F8C34124B19E
:1036D000417821B1023003F0C1FB204610BD0C46F9
:1036E000FBE700BF601F00202DE9F74F2F4C9A46E3
:1036F000637883428046894656D9231893F842510D
:1037000085F00105F9B193F84A31E3B945F00207B4
:103710000135BAF1000F18D1FA070AD5062101FBCD
:10372000084104EB0810524601F585718230FFF71D
:103730007FFEBB0734D504EB0810524649460230E1
:10374000FFF776FE2CE02F46E3E794F8A1614FF0F7
:10375000010B002DE0D0A319019393F8991199B9A9
:103760000092DAB100F030FC06EB46012144019BE7
:1037700081F8A2014FEA102C009A81F8A3C1000C35
:1037800081F8A40183F899B194F898310136B6FB19
:10379000F3F103FB1166F6B2013DDAE747F00407E7
:1037A000384603B0BDE8F08F0027F9E7601F00201E
:1037B000074B5A78824209D91A1892F842212AB93D
:1037C000062202FB003000F585707047002070472C
:1037D000601F0020064B5A78824281BF1B1893F865
:1037E0003A01B0FA80F0400998BF0020704700BF4E
:1037F000601F0020F8B50E460746062130461546E4
:103800000AF01BF9044670B10C4B0022587803F201
:103810003913D1B2884202D801242046F8BD03F8FA
:10382000015F0132F5E7314638460AF0E5F808282D
:10383000F3D0024B034483F83A51EDE7601F0020B8
:1038400030B50024A0F84040B0F8444042F2107572
:103850004C43B4FBF2F4A0F84440541E05FB034370
:10386000B3FBF2F3A0F84230084BB3FBF2F30133A1
:10387000A0F84830838F05FB0344436BB4FBF2F49C
:1038800059438463B1FBF2F1416330BD005A6202D7
:1038900070B504460D4659BB4FF41A7208F0F2FA9F
:1038A000012384F88E306FF0360384F8D930042376
:1038B00084F8DA306FF03B0384F8DB306F2384F850
:1038C000DC306FF03C0384F8DD306FF07F0384F868
:1038D000DF302B2384F8D830FE2384F80E317F2389
:1038E00084F88530202384F8DE5084F8F73170BDE9
:1038F000012923D10023A0F8B43180F8AB318269CB
:1039000040F6B833A0F8B4301146438C7830FFF756
:1039100097FF104B1B68062B01D001330CD10E4BC7
:103920001B68063B083307D9E069FEF75FFE18B94C
:10393000012384F89F31DAE70023FAE70229D6D180
:10394000B0F84A32D0F844228169BDE8704078303E
:10395000FFF776BF882400208C240020034B80F8DA
:1039600070101B680BB10088184770473C1100208D
:103970000B2808B504D940F2C7112920FDF7FAFA3F
:10398000014B33F8100008BD4CC30200074B93F9FC
:1039900000301844142804DC10F17F0F03DB40B220
:1039A0007047142070476FF07E0070472821002078
:1039B00007B57F230DF107008DF8073004F066F995
:1039C00003469DF9070053B1094B5B785B4240FA0F
:1039D00083F0142806DC10F17F0F05DB40B203B042
:1039E0005DF804FB1420FAE76FF07E00F7E700BFF4
:1039F00028210020024B00221A705A70704700BF25
:103A00002821002003464078B0B1DB783F2B0BD84B
:103A10000A4AD35C03F07F0290420CD08CBF012095
:103A2000002000EAD310704703F10A02D2B2022A42
:103A300001D8B63BECE70120704700BF64C3020029
:103A40003F2908B5C17005D80C4B5B5C03F07F03C0
:103A5000437008BD01F10A03DBB2022B04D8074B07
:103A60000B4413F8B63CF1E7FF2904D040F2434180
:103A70002A20FDF77FFA0123EAE700BF64C30200B2
:103A80002DE9F347894669461546984609F0C8FF6F
:103A9000044620B9019E35B9012386F88D300120F6
:103AA00002B0BDE8F08737692946384608F086FD40
:103AB00001460028F4D0164B5B88AB4225D338462C
:103AC00008F0BBFE96F88D300480002B0CBF4946F1
:103AD0000221824684700AF098F941462A460AF18A
:103AE000030008F00FFA2946384608F0A2FD18B97D
:103AF0007E212B20FDF73EFA68460AF0D4F9019B9F
:103B0000A3F8A24186F88D40C9E72046C8E700BF68
:103B10002C210020024B987DC04300F0010070472B
:103B20002C210020044B987DC0F3400080F0010060
:103B300000F00100704700BF2C21002083230B7090
:103B4000014B1B78CB707047442100202DE9F84FC2
:103B5000D0F80480D8F8146030460D4608F05FFEB7
:103B6000044618B9FF211020FDF704FA014630463B
:103B700008F063FEB4F800B01FFA8BF98246B9F181
:103B8000000F02D140F20311EDE71E4B1B68C71C6A
:103B90008BB9B8F80030AB8000236B72A5F806B083
:103BA0009AF8003003F00303012B0FD0022B0DD045
:103BB00040F21D11D7E7B8F800004A463946984749
:103BC00004460028E5D12046BDE8F88F2B72304628
:103BD00008F039FE044610B94FF49371C3E7B9F108
:103BE000FB0F02D940F23511BDE7286810B94FF438
:103BF0009B71B8E74A46394608F084F9304608F028
:103C00007DFDE0E7401100202DE9F347DFF850810A
:103C10008246894605270026D9F8103053B11B7A11
:103C20001BB980211020FDF7A5F9D9F81040B4B9CF
:103C3000002071E0D9F80440237A012BF8D0EFF38B
:103C4000108372B6D9F804201268C9F8042003B9A9
:103C500062B6C9F81040237A0BB9A621E2E7257AAB
:103C6000EDB227726B1E0B2B6AD8DFE803F06606F5
:103C70001C3463693D6969696958636813B94FF415
:103C8000D771CFE72046514698470420EFF31082C2
:103C900072B6237A052BD9B25CD12672C9F81060AE
:103CA000B2B962B614E0636813B940F2B711B9E76C
:103CB0005146204698470346C3F30723012BADF82E
:103CC0000400C0B23FD0022BE0D10023C9F810306D
:103CD0000028A1D020E0636813B940F2BF11A1E72A
:103CE000204698470020D1E763680BB9B52199E7D2
:103CF0000B228AF8002019881869AAF803100122FB
:103D000000248AF802208AF805208AF8064008F084
:103D1000F5FCC9F81040042002B0BDE8F087D8F8DF
:103D20000030514620469847034660B1C9F81060FC
:103D30000220F1E74FF4FB7174E740F2F91171E7EB
:103D40004FF4FE716EE725720028E5D1002B7FF459
:103D500063AF6DE711B940F21D2163E700209FE7D3
:103D60004411002038B5134C14220021201D08F006
:103D700089F801252574142204F10803002104F1B7
:103D80001800C4E9013308F07DF884F8245004F1E8
:103D90001C03C4E90633084A0023E362236384F862
:103DA0003430C4F83530C4F8393084F83D3013600D
:103DB00038BD00BF442100204011002010B5084C40
:103DC0002378FF2B04D04FF4A0711020FDF7D2F818
:103DD00007F0FCFE2070BDE81040FFF7C3BF00BF36
:103DE000DD10002010B5034C207807F009FFFF23F9
:103DF000237010BDDD100020014B187807F010BFB4
:103E0000DD100020014B024A1A6070474411002067
:103E10004D3B000010B506490446FFF7F5FE28B9F2
:103E200020460449BDE81040FFF7EEBE10BD00BFBC
:103E30005C2100204821002010B51346027A22B1EF
:103E400040F299211020FDF795F80A46BDE8104090
:103E5000014601480AF04EB848210020044890F875
:103E600034301BB903492C300AF061B8704700BFE9
:103E700044210020E7DE00000346064890F83E207B
:103E80003AB190F83D2022B900F8353B02490AF0DA
:103E90004EB87047442100203D3B000010B50A4653
:103EA000037A23B140F2A1211020FDF763F8014607
:103EB000BDE81040014807230AF01CB85C2100202F
:103EC0001346027A0AB1037270470A460146014856
:103ED0000AF010B8482100201B234FF01B128384E6
:103EE000038482618382C260038539B94FF4A4736D
:103EF000034AC3844384C261C3820261704700BF26
:103F0000480148010346F0B4B3F85420B3F84840E0
:103F1000B3F84460DF8FB3F84250944228BF144690
:103F20000846B3F84C20B3F85610DC878A4228BF05
:103F30000A46B3F84610A3F84220914238BF114612
:103F4000A64238BF2646A742A3F84460A3F846100D
:103F50001FD1AA1A18BF0122B3F84A50B3F8504033
:103F6000B3F852709E8FB3F84010A54228BF254683
:103F7000B3F84E409D87BC4228BF3C46AE42A3F8F2
:103F8000404002D1A14200D12AB1F0BC034909F05E
:103F9000D7BF0122E0E7F0BC704700BF47DF000059
:103FA0000B8BA2F80B304B8BA2F80D308B8BA2F849
:103FB0000F30CB8BA2F809000249A2F8113010464D
:103FC00009F0B8BF97DF0000094AD2E90003434077
:103FD00083EAB01181EA43214FEAF3435360054B72
:103FE000116058434FEAF06000EB8000704700BF5B
:103FF00084210020BB79379E094AD2E9000343405F
:1040000083EAB01181EA43214FEAF3435360054B41
:10401000116058434FEAF06000EB8000704700BF2A
:10402000E0100020BB79379E10B50A4C09480821E2
:10403000FDF7E6F8D4E900321343F7D0064CFFF75A
:10404000DBFF2060FFF7D8FF236860601843F6D0DD
:1040500010BD00BFE010002084210020174B184A3B
:104060009A60184A5A60184A1A60184A9A62184A9E
:10407000DA62184ADA60184A9A61184A1A63184ACA
:104080001A62184ADA64184A9A64184A5A62184B33
:10409000184A9A60184A5A62184ADA62184A1A612B
:1040A000184A5A61184A9A61184A1A63184A9A6457
:1040B000184ADA64184A9A63704700BF4811002012
:1040C0005DE200008DE20000F9E200005FE4000024
:1040D000B3E4000041440000C9E40000854600004C
:1040E0002545000097E50000B3E500006D450000A0
:1040F0005412002079E2000069E50000EBE40000C2
:104100008FE400000FE50000C544000039E6000020
:10411000E1E50000D3E500004FE50000044B054A4F
:104120005A65054B054A1A65054A5A65704700BF2E
:1041300048110020ADE300005412002093E300007A
:104140000BE40000054B064A9A65064A1A66064BC0
:10415000064A9A65064ADA65704700BF4811002092
:10416000ADD800004D2F000054120020F7D70000FA
:104170005FD90000252A034610B5084618D8012A41
:1041800019D9023A232A16D8DFE802F01A15252495
:1041900024311533152439434715154B24245E5E0D
:1041A000747415151515151515151515157B868EB1
:1041B000FF2A00F0818040F2DD415120FCF7DAFE59
:1041C0001A785B68012A02D193F8103101E093F864
:1041D0001931037110BD5968D1F8BE214260D1F880
:1041E000C22182605B68D3F80431C360F2E75B6888
:1041F000EAE70146BDE81040184600F00DBA592222
:1042000042710022102382715E220371C271037217
:10421000E0E75B6893F80A31DBE7BDE8104000F0A7
:10422000EBB95A681B784BB992F8103133B192F858
:104230000D31037192F80C314371CBE792F80B31D9
:10424000037192F80A31F7E75B68B3F85420027102
:10425000120A4271B3F812218271120AC271B3F8C4
:1042600050200272120A4272B3F8103183721B0A94
:10427000C372AFE75B6893F82621027193F8273188
:10428000DAE7124A1468002CA4D001461A4623200B
:104290002346BDE8104018470C4A1468002C99D0FA
:1042A00001461A462420F3E7084A1468002C91D0EE
:1042B00001461A462520EBE75B68BDE8104093F8FD
:1042C0003722D3F8381209F0B4BD00BF60130020C4
:1042D0003F2803D8064B53F82000704700F10A032B
:1042E000DBB2022B01D8B638F4E70020704700BFDC
:1042F000481100203F2803D8064B53F82000704790
:1043000000F10A03DBB2022B01D8B638F4E7002033
:10431000704700BF54120020F7B545682E69044667
:104320004FF6FF770DF102010DF101023046ADF8B5
:10433000027008F099F901A9304608F0BAF940B1C5
:10434000019808F07EFA616800220272FFF7A6FD6C
:10435000E8E7044905F1A00003B0BDE8F04009F02A
:10436000E9BD00BFEBE10000F0B5044685B00D46A5
:10437000FF2600F8856C10F8863CF3B1184F3B78A7
:104380001BB148211F20FCF7F5FD0C21381DFCF75F
:1043900037FF3E70002304F8853C2A46072302F8C5
:1043A000033BD4F80930C5F80330D4F80D3053601E
:1043B000D4F81130936005B0F0BD01A80C21FCF7D2
:1043C0001FFFA4F51373039AC3F8042101AB03CBB9
:1043D00044F88E0C44F88A1C04F8866CDAE700BFB7
:1043E0008C21002010B5054C23782BB90C21201D01
:1043F000FCF706FFFF23237010BD00BF8C210020B7
:10440000024690F8C631BBB990F8C73103F0FF01FE
:104410000BB100207047094B18780028F9D01970AB
:10442000D968C2F80411043303CBC2F8BE01C2F844
:10443000C211FF2382F8C631012070478C21002071
:1044400038B5426892F8873004460D463BB1132BCD
:1044500005D0113B0B2B8CBF0120082038BD92F8F2
:10446000C83013B9204609F07DFE6268D5F80E30D9
:10447000C2F8B631D5F81230C2F8BA316368D5F84F
:104480001620C3F800211A88A3F855226A68C3F8D9
:104490005722AA68C3F85B226368AA89A3F85F223F
:1044A0006368002583F8C6516068054900F51370FC
:1044B00009F03DFD6368152283F887202846CDE783
:1044C0006943000038B5436893F887201C2A0446E6
:1044D00004D04FF4DE711F20FCF74CFD93F8C81098
:1044E0001D88002283F8C72003F5C97069B10B4904
:1044F00083F8C820A3F89C5183F89B2109F017FD8D
:104500006368002283F8872038BD012283F89B115D
:10451000A3F89C51024983F89E21EFE74BE4000089
:104520003DE4000038B54568AB6F13F0010417D1C6
:104530004A680C4B896813400B4AC5F8D830C3F35E
:10454000076343F008030A4085F8DB30C5F8DC2038
:1045500009F008FEAB6F43F00103AB67204638BD9E
:104560000120FCE72FC904F76FDB008008B5406825
:1045700090F88630042B28D14B688A68C0F8D83070
:10458000C3F3076343F0080380F8DB300023C0F86F
:10459000DC2080F8C23080F8863090F8743103F067
:1045A000FF020BB1002008BD0388A0F8763180F827
:1045B00075214B68C0F878318B68C0F87C310449AC
:1045C00000F5B67009F0B3FCECE70120EBE700BFA3
:1045D0002DE50000406890F8743153B90388A0F8C5
:1045E00076311A2380F87531024900F5B67009F06A
:1045F0009EBC70472DE5000010B50446FEF742FC56
:10460000034A044B02400B406260A36010BD00BF30
:104610002FC904F76FDB008037B50C464568FEF7FD
:1046200031FC084A084B0A4095F8D8100192034023
:1046300000930B408DF800306B4603CB6060A160A7
:1046400003B030BD6FDB00802FC904F738B5DB0441
:10465000154604D5037D13B10023436338BD446B75
:104660000134446309F0C9FF836B9C42F6D30023F5
:10467000436303492846BDE8384009F061BC00BFE8
:1046800089E5000038B5446894F88630012B05466A
:1046900002D0A36F98073CD494F8C9309A0715D478
:1046A0000A7984F8D320B1F80520A4F8D420B1F811
:1046B0000720A4F8D620D80743F0020284F8C920C6
:1046C0000FD5154904F1CA0009F03AFC94F8C93035
:1046D000D90711D4A36F9A0708D555214020FCF7BC
:1046E00049FC94F82A31002BEBD1EFE743F00203A9
:1046F000A367284609F036FD94F88630012B4FF069
:10470000000301D0002038BD84F8863084F8C23020
:10471000F8E70120F7E700BF1BE6000070B5456829
:104720000446FFF745F9054B85F885001B680146EF
:104730001BB12046BDE87040184770BD68130020CB
:10474000024B1B6803B11847704700BF6413002079
:10475000F0B51F4D2B78002414709BB1013B6D68A0
:10476000DBB21E1B012E0FDC05EBC40655F83470BE
:1047700076688E4208BF874227D0B84271EB0606A2
:1047800012D214700020F0BD1E19771005EBC70E71
:1047900055F837C0DEF804708445C6F347068F41EC
:1047A0002CBF33463446DCE705EBC30455F83350E1
:1047B00064688C4208BF854206D0A84271EB0404AD
:1047C00028BF01331370DDE71C4614700120DAE7BF
:1047D000AC21002010F0070208B503D06321482067
:1047E000FCF7C8FB18B1034B197258601A70C80067
:1047F00008BD00BFAC210020014B00221A70704799
:10480000AC2100200A46822302F8033B04480368D7
:10481000C1F803304368536083689360704700BFFA
:10482000B521002002481622002107F02BBB00BF53
:10483000B521002082B002AB03E903000B48437DA1
:1048400093B1530610D50A880280D1F81822B1F826
:1048500080304260D1F81C220549826043800222E8
:104860000C3002B0FFF72CBB02B07047B52100201E
:1048700005480000094B53F8203070B503F5234379
:104880000C461646A1334FF47A72B3FBF2F503F0EF
:1048900075FB34442C44204470BD00BF74C4020036
:1048A0002DE9F04F8DB09A4690F869300293044696
:1048B0008946069208F05EFF834694F87300FFF77E
:1048C00057F8834409F0F0FE94F887300393069B71
:1048D0001FFA8BFB00F1500783BB94F8DC31032BEC
:1048E0002CD1039B0D2B29D1B4F83C324B4525D15B
:1048F000D4F8E431C4F8D031A369B4F8B421C4F8D1
:10490000D431B4F82A321344C4F8D831204602F026
:104910004FFAD4E99023A262B4F83E22A285D4F8DB
:104920004822226241F64B529342A3618CBF00237E
:10493000012384F87230022384F8DC31B4F8285261
:10494000B4F88080A9EB05052DB204F5FC73A9EB42
:104950000808002D04930FFA88F818DAD4E98423A4
:10496000C4E98823012345460493CA4B1B7813B13D
:1049700006F078FB70B9002694F8DC31032B00F2C6
:10498000DE81DFE813F06C006601BD008B01CDF81D
:1049900010A0EAE7B4F8C831012BECD994F8DC3167
:1049A000022BE8D094F8F661002EE4D194F873005D
:1049B000FEF7DEFF94F8DC3100F5C86B012B1FFA1F
:1049C0008BFBD9B23ED194F88A20A36A032A32D154
:1049D000D4F8D42113445946D4F8D401079306F0EF
:1049E00005FBD4F8D061079BD4F8D821C4F8D001D6
:1049F000861B59461846564306F0F8FAD4F8E031BB
:104A0000C4F8E001C31A5946A0691E4406F0EEFA44
:104A1000B4F8B431D4F8D82143445B1B9B1AD4F8C2
:104A2000E421013B821A02FB03660123C4F8E4017E
:104A300084F8F631A0E73046079309F071F8079B38
:104A40000344C8E7A069594606F0D0FAB4F8B46147
:104A5000D4F8E4314644761BC31A5E43E5E70121EE
:104A6000002009F05DF88046A06A5946404406F0EF
:104A7000BDFA5946C4F8E001A06906F0B7FA09A9E1
:104A8000C4F8E4010AA803F035F9099B0093D4E9BE
:104A90008801DDE90A2305F093F90290204609F028
:104AA0001BFEA16AD4F82C2294F869008D1803F03B
:104AB0006DFAD4F8E011029B203D6D1AED1B4544C0
:104AC00000F52340ED1AA1304FF47A73B0FBF3F0F8
:104AD000A38D30312D1A03EB410194F869003A4659
:104AE000FFF7C8FED4F82C32EB1A2230B3F5917FD1
:104AF000C4F8E80159D240F2FC413020FCF73AFA00
:104B0000A36AD4F8D4015946184406F06FFA5946FE
:104B1000C4F8E001A06906F069FAC4F8E40120468F
:104B200009F0DAFDA36AD4F8D4511D44B4F8B431C5
:104B3000002B40F08A80BAF1000F00F0868094F8D4
:104B4000690003F023FAD4F8E011D4F8183294F88D
:104B500069206D1A203D1D44D4E984BC4E4B53F8A6
:104B60002220A5EB0B054FF47A7302F2E732B2FB79
:104B7000F3F21544ED1B00F52340A130B0FBF3F038
:104B80002D1AD4F8D821D4F8D03194F8690002FB5A
:104B90000313A18D303301EB43013A46FFF76AFE60
:104BA0000123C4F8E80184F8DC31A369D4F8E421D6
:104BB000E73B9B1ADF1B002384F8F831D4E98832E5
:104BC0008742A5EB060528BF07465B1942F10002A4
:104BD000C4E98232C4F8B07104F1300009F027FA58
:104BE000D4E98223C4E98823B4F8A031A4F8289238
:104BF000A3EB09031BB2002BD4BF002201225200F9
:104C000084F80022039A38440D2AC4F8FC0100F00D
:104C10009980BAF1000F40F0988094F8DC31002BB5
:104C200000F0B080A169D4F8E43104F5FC70C91A31
:104C300008F00FFF80B2002800F0A480169B03B19B
:104C4000188001200DB0BDE8F08FD4F8E0116D1A86
:104C500097E7D4F8E411A369B4F8B421D4F8D801E3
:104C6000D4F8D0C15B1A5D43D4F8E0314244121A43
:104C70003033013A0CFB003301FB0233A18D94F871
:104C800069003A4601EB4301FFF7F4FDC4F8E8017F
:104C90008BE700BFD821002074C40200D4F8E4E1FF
:104CA000A369A3EB0E035D4394F88630252B03D054
:104CB00094F88730252B0CD1B4F83C32A9EB0303D0
:104CC0001B0406D4029A94F83F32002B18BF1A46F0
:104CD0000292049BB4F8B4C143B3BCF1000F25D1D8
:104CE000D4E98623D4E98401904271EB030302D313
:104CF0004FF4AA6101E794F869102C4B53F8213066
:104D0000D4E98401CDE904010498203A121A03F28F
:104D1000E7314FF47A7B03F52343B1FBFBF10A44FF
:104D2000A133B3FBFBF3D21AD21B15440CEB0801E1
:104D30000EFB01F1303102983A464900A4E74FF4E6
:104D4000AD61DAE6BAF1000F1CD0B4F8C80118B3AF
:104D5000B4F8CA1194F8CC21A4F8CA1101FB0222BC
:104D6000904201F101050DDD002B0BDD002384F8DD
:104D70000032A4F8CA51FFF727F900F0070001300C
:104D800084F8CC0194F8F70104F5FC7104F010FEEE
:104D900020B940F2B151B0E60146DBE7069B83F053
:104DA000010384F8F43100204CE700BF74C4020012
:104DB000F7B5044618B9E2213020FCF7DBF80729E3
:104DC00000F2BC80DFE801F00484464641BA33B704
:104DD00004F0DAFFC4E94001204601F02DF8D4F8D0
:104DE000F400CB3804F0CCFE10B940F27B21E3E7AD
:104DF00020460AF017F80546F8B90146204609F0A2
:104E00003AFF00F1E506D4F8F400B04209D2301AB6
:104E1000322838BF3220032104F0D4FE051E18BF0B
:104E20000125C4F8F46020460AF016F83DB120468A
:104E300003B0BDE8F0400AF010B80025F3E7D4E96C
:104E40004023C4E93A2303B0F0BD03B0BDE8F0400D
:104E500002F05CBF09F01AFF002384F8F93007461E
:104E60000E4604F0DFFC0722A7FB023502FB0655C5
:104E7000D4F8EC200192D4F8E8209B18019A45EB75
:104E80000205D4F8CC2032B157EA060203D098428A
:104E900071EB050216D2022284F8F820D4F808211A
:104EA000D4F80CC1121A6CEB010C94F818E1BEF1A5
:104EB000000F09D1012A7CF1000E11DA204600F022
:104EC000C3FF05E00122E7E7012A7CF1000CF5DBD6
:104ED00094F8C80004F0C0FC002384F81031B2E755
:104EE000984271EB050E0ED23E430CD01B1A65EBB7
:104EF00001019A427CEB010005DB012B71F10000FE
:104F0000A4BF1A468C460F4994F8C8000123914269
:104F100084F811314FF0000384F8F03073EB0C0388
:104F2000B8BF0A4604F1F00104F058FF00288AD106
:104F300040F2EF6140E74FF480713DE74FF482713A
:104F40003AE700BF0040420F2DE9F04104460E460B
:104F5000154690F8103103F0FF071BB10C273846B7
:104F6000BDE8F0810146474804F088FC20288046CF
:104F7000F4D05722394604F1C90006F083FF84F8C3
:104F8000C880C4F8CC60FF2384F8103136B1FFF735
:104F900033F800F00700013086F8CC0102234FF00F
:104FA0000008A4F8F83084F8F08006F071F800F1F9
:104FB0009E06204609F036FFB6B20146002839D0D9
:104FC00008F0D8FB00F5CD6189B2284606F00EF84E
:104FD0002844C4F8F40004F025FC301841F1000125
:104FE000C4E94001012084F8D000A4F8268009F02B
:104FF000D8FFE53D2D1AC4F8D4504FF0FF356FF0BF
:105000000041D4E94023C4E942510025C4E93823D2
:10501000C4E93A2394F8C80084F8115142F210729E
:1050200004F1F00104F0DAFE38BB40F2EB1130205D
:10503000FBF7A0FF204609F01EFEDFF84C80E530AC
:10504000C4F8F400B8F8020048B1E08C38B1FEF7BB
:10505000D3FFB8F80230B0FBF3F202FB13000644B2
:1050600004F0E0FB361841F10001C4E94061002D75
:10507000C3D0AD1941F10001C3E72946204609F02C
:10508000EEFE6CE7B14D0000D8210020F0B5002302
:1050900085B0CDE9003301238DF806306846FCF772
:1050A00061FB70B11D4E012333710027CDE90277FA
:1050B00002A8FCF757FB0546C8B10023337105B0C1
:1050C000F0BD009809F023FCE8E790F8F70104F040
:1050D00003FD94F8F70104F039FE94F8F70184F821
:1050E000DC5104F0B9FB202384F8F731DEE7029BA2
:1050F000002BDDD093F8F721202AD9D018884FF65D
:10510000FF739842D9D02946FCF7F2FA04460028EA
:10511000DBD140F237113020FBF72CFFD8210020E3
:10512000054B002201215A7119701A7142F2107256
:105130005A80FFF7ABBF00BFD8210020014B587148
:10514000704700BFD821002008B502F0B3FA044B25
:105150009A6882422ABF1879002080F0010008BDB9
:10516000D82100202DE9F3470446062900F2DA8011
:10517000DFE801F0048673838A8FD300D0E98401CD
:10518000D4E98623904271EB030354D294F8F631AC
:10519000002B50D094F8DC31032B4CD109F084FA69
:1051A00094F869A0814608F0E5FA064694F8730081
:1051B000FEF7DEFB064494F87300FEF7D9FBD4E952
:1051C0008423D4F81872D4F8B05180465046BF1AE0
:1051D00002F0D4FE554A52F82A20A5F1500302F5F8
:1051E0002342A1324FF47A71B2FBF1F29B1AA3EB86
:1051F00009031B1A09F1790909EB5309B6B2603B9F
:1052000008F5C86873431FFA88F8B3FBF8F36033F6
:105210005A08A9EB53039F4202D391444F4501D949
:1052200005F026FFA069314605F0E0FE0023C4F832
:10523000E40184F8F6313E4B1B7903F0FF0263B9B9
:105240000092B4F8A41101232046FFF729FB38B1DE
:1052500040F21E713020FBF78DFE042384F8DC3110
:1052600002F03AFC04F0E2FAB4F88020A4F8F2214B
:105270000023A4F82A3284F8F53102B0BDE8F087A3
:10528000032380F8DC31F8E70AF02DF8C4E9860141
:10529000F3E790F86900264F09F00EFAB530D4F81C
:1052A000E431A56995288CBF0020C0F19600C21892
:1052B000954288BFED1A7B798CBF2D1A00251BB94A
:1052C000236B9D4228BF1D4604F13000D4F8B06125
:1052D00008F0ADFE0644022004F02EFDAD1B25EAC9
:1052E000E575854228BF05460221284604F06AFC80
:1052F00000B92E44012340F245123146204608F001
:10530000F3FED4F8B031B860A069184404F038FC5A
:105310000028B2D140F2A3319CE702B0BDE8F047CB
:1053200009F0DAB940F2ED7194E700BF74C40200ED
:10533000D82100202DE970430C4615466ABB024671
:10534000174994F8C80004F0C3FA20B940F2FD717F
:105350003020FBF70FFE02F0ADF9D4E94089064694
:1053600084F8D05084F810510121D4F8CC00FEF715
:105370008FFAD4F8CC00C0E9848994F8C83080F85A
:10538000F731C0E98889C0F82C6209F095FA02F07B
:10539000A3FBBDE8704304F049BA40F61801D7E713
:1053A000F3E60000014B5880704700BFD821002071
:1053B000074A03461068D3F85120C0F80320B3F819
:1053C0005520A0F8072093F8501008F0A3BC00BFA8
:1053D000E421002070B504460E466588407F15F034
:1053E0000401134618BF04F15F013246FEF77CF951
:1053F0004107054621D4C2070BD5012384F850305C
:10540000607FFEF7D5F90368C4F851308388A4F8AB
:105410005530AB0701D4012070BD094B1868D4F892
:105420005F30012184F85E10C0F80930B4F86330B1
:10543000A0F80D3008F077FCEDE70020ECE700BFA6
:10544000E421002038B5C38D0F4D0133C3F30E03A3
:10545000C385AB7C04462BB102F00AFC01F030FDA1
:105460000023AB7400232B7194F871302BB1012110
:105470002046BDE8384009F0F6BA637C13B1E28DEE
:105480009A42F4D20021F3E7E421002010B5094C40
:105490002379012B02D02379022B05D1A37C1BB1E8
:1054A00002F0E6FB01F00CFDE069BDE81040FFF7FB
:1054B000C9BF00BFE421002070B5294C2379012B1E
:1054C00007D02379022B04D040F65C412D20FBF756
:1054D00051FDA0B90125A37C1BB102F0C9FB01F06D
:1054E000EFFC002D3AD0E06909F036FA002830D000
:1054F00002F0A0FA236ABDE870409B681847216853
:10550000E26911F8095B02F15103E80992F85020B1
:1055100008F038FA0028DDD02068002108F028FCC7
:105520000028D7D02379E069012B05D02379022BFD
:1055300002D040F63541C9E72379226A03F180435E
:105540005269013B05F00F0152F823309847054698
:10555000C1E7E069BDE87040FFF774BF70BD00BFF0
:10556000E4210020074A0346D06903B909B9FFF7CF
:1055700069BF1379126A03F180431269033B52F841
:1055800023301847E42100202DE9F043032985B09A
:105590000546174607D14388980723D400242046A0
:1055A00005B0BDE8F083428890F87030D107DBB2D7
:1055B000F4D5002BF2D14FF00108DFF8D49099F820
:1055C0001260C6B108F022FA0828387016D002AA74
:1055D0000DF10701FEF75EF838B940F6D4612D20D1
:1055E000FBF7C8FC4FF00208E7E79DF8070002A9A7
:1055F00009F050F806463B78082B08D1D9F800107E
:1056000011F8030BC0F3801009F044F80646D9F8EE
:10561000001095F8572011F8030B05F15803C0F35B
:10562000801008F0AFF9D9F80010044611F8030B08
:10563000C0F3801008F0E0F98146FEF7CBF840B1E6
:10564000B9F1080F1BD04846FDF750FF80F0010369
:10565000D8B23A78082A14D01CB96C7FA21A5442E6
:1056600054416A8853079AD4002897D176B9EC7CC4
:10567000444518BF002C0CBF012400248FE70020F4
:10568000E7E780F001022240D4B2EAE7344686E739
:10569000E42100202DE9F04F85B008230DF1070229
:1056A000052104468DF80730FFF76EFF064620B946
:1056B0000026304605B0BDE8F08F744F3968FA7C9B
:1056C00011F8030B07F11403C0F3801008F05AF926
:1056D00080460028ECD13B68216A184691F88E205C
:1056E00010F8035B02EA551202F0010281F88E20E5
:1056F000D3F80320C1F803208288A1F807201D46B3
:10570000226A15F81F1BC1F380119170D3F81F0096
:10571000029002A928790871D3F80F00D061587D52
:105720001D7D000440EA0520DD7C28435062B3F86B
:10573000190082F8728040F2E24909FB00F09061A2
:105740009D7DC5EB451005EB800505EB85056D00DE
:105750009585B3F8170009FB00F09062B3F81B00C1
:105760001084B3F81D00508493F8243003F01F0018
:105770005B0982F89A0082F87330256A94F912A0C6
:1057800005F18E0008F022FA40F20113A5F8683006
:105790004FF0FF0B85F86AB0414605F13000FEF787
:1057A0009BFB51462846FEF7D9F8236A84F87B8094
:1057B0001A88A4F87C2084F899B04FF6FF72A4F8F8
:1057C0009A209A69B2FBF9F2A4F892201A8CA4F8F4
:1057D00094205A8CA4F8962093F8732084F898208B
:1057E000227F9DF8070004F186015AB394F85020F7
:1057F000012A27D194F8562002F0C002402A21D174
:10580000D4F85120C4F88620B4F855208A809A78BC
:1058100084F87F20082803F1030504F18C01D3F8F4
:10582000033004F1800227D0C4F88C30AB888B8021
:1058300004F17F01FDF72EFF40B940F6BB312D206A
:10584000FBF798FB0022C4F88620DFE794F87F304E
:1058500043F0020384F87F3004F172000C4908F031
:1058600066FB0C4B206A1B6800223A71002B3FF448
:1058700020AF214698471CE7C4F88030AB8893805E
:105880000023C4F88C308B80E6E700BFE4210020C1
:105890008DEB000070130020032973B5044604D07B
:1058A000052952D0012002B070BD08230DF1070276
:1058B0008DF80730FFF768FE0028F3D0237C274DD2
:1058C00003B39DF8070094F8BE30DBB9237884F861
:1058D000BF30082804F1C10228D004F1C001FDF74F
:1058E000D9FE20B940F64A712D20FBF743FB94F80E
:1058F000C03043F0020384F8C030194904F1B60007
:1059000008F015FB2B68062204265A701E702046EC
:10591000FFF74EFD286894F84020E16B08F019FA73
:1059200028682E7102F026F90020BCE7286803469B
:1059300013F8031BC1F3801184F8C010D0F80310D2
:10594000C4F8C1109B889380D7E7064B1B68002BD7
:10595000EAD0984780F00100C0B2A4E7E42100201B
:1059600075EB00006C130020F8B504460F4619B320
:1059700000F12805284609F0EDFAA0B963881A0756
:105980002ED5284609F0FDFA0646284609F0E2FA27
:10599000301AC0B209F005FB474A93680344284611
:1059A000936009F0B3FA284609F0B5FA01F0A8FFB0
:1059B0002179252001F0C6FE3F4E94F85E20306824
:1059C0000023037043706388103B0D2B64D8DFE81D
:1059D00003F05F635B0C6340636363636363634013
:1059E0002046BDE8F840FFF72DBD06234370202375
:1059F00003702046FFF7DCFC638823F008039BB2AA
:105A0000152B05D094F83820616B306808F092F9B6
:105A1000306802F0AFF8032321793371002001F0E0
:105A200099FF054607B9F06063881B0704D509F0A4
:105A3000B5FA0544C4F8D8506388103B0D2B36D80E
:105A4000DFE803F038352F2F352F3535353535352F
:105A5000352F0C2343700346212103F8091B52B153
:105A6000D4F85F20C0F80920B4F863209A8001219F
:105A700008F059F9BDE7A26DC0F80920B4F85C2020
:105A80009A8094F85710F3E7062303704370B0E749
:105A9000022303700623F9E740F236612D20FBF75D
:105AA00069FA21790120BDE8F84002F007B940F613
:105AB000CF41F3E7F8BD00BFE421002038B54388AB
:105AC000102B044604D1BDE838400121FFF74CBF3C
:105AD0000B4DAB7C23B101F0D9F9402002F0BCF8AA
:105AE000286802F047F8608810F0040002D121799C
:105AF00002F0E4F8002002F08DF801232B7138BD8C
:105B0000E4210020024B0121D869FFF72DBF00BF1F
:105B1000E421002010B5134CA37C1BB102F0A8F8BF
:105B200001F0CEF9E06908F017FF70B12379012B7D
:105B300010D12379226AE069D26803F18043013BE6
:105B4000BDE8104052F823301847E069BDE8104026
:105B5000FFF778BC2379022BEBD040F65E312D2085
:105B6000FBF708FAE421002010B50748037903F099
:105B7000FF0433B918222146043006F083F9204689
:105B800010BD0C24FBE700BFE421002010B5094C38
:105B9000002323712060FFF7E7FF20B140F2EF21DF
:105BA0002D20FBF7E7F9236A13B940F2F221F7E75A
:105BB00010BD00BFE4210020014B024A1A62704769
:105BC000E4210020945E0000034B044A1A60044B59
:105BD000044A1A60704700BF6C13002095560000FD
:105BE0007013002035530000F8B5057DAF1E044644
:105BF000FFB2002D3AD0012F2DD800F1580190F8B6
:105C0000570007F0F9FE0828064624D0FDF77AFC75
:105C100010BB023D18BF0125012F8CBF00270127B3
:105C200084F8505027776677FDF72EFD054603F080
:105C3000F9FD174B0022E5FB0301C4E9120184F8CA
:105C40005E2011462046FFF7C5FB70B940F27A414D
:105C50002D20FBF78FF90826022D09D104F15101FF
:105C60000020FDF7DBFA80B90020F8BD0826F5E733
:105C7000E37E002BF8D0D4F81530C4F85130B4F8D6
:105C80001930A4F855300125C6E70025C4E700BF48
:105C900040420F00F0B5464E327985B0044602F01E
:105CA000FF0312B90278FF2A04D140F6B9112D2062
:105CB000FBF760F93382B3607371B37180F87130B0
:105CC0003C4B00933C4B01933C4B0293336A684638
:105CD0005B68039301F046FF01F078FD01F0C8FF17
:105CE00001F0EEF8364801F001FE04F128053548D0
:105CF00001F032FF284609F009F9284609F00BF9AE
:105D000001F0FEFD2179252001F01CFD94F912001F
:105D100001F0E6FD04F13401206B06F09DFE04F174
:105D20003C010746206B06F0BEFE0546E7B194F83D
:105D30002430CBB1B4F92E50ED43ED0F237F13B9CE
:105D400063885B0709D5D4E912126FF000439A42C9
:105D500008BFB1F1FF3F0ED1A5B930680330FDF7A0
:105D6000B1FCB07405B0F0BD002DE7D094F825501B
:105D7000002DDFD1E2E703F055FDD4E91223904274
:105D80009941E9D3012229462046FFF723FB50B170
:105D9000FDF77AFC054603F045FD0B4BE5FB0301DF
:105DA000C4E91201D9E7002DD7D040F6F6117EE7FD
:105DB000E4210020155B0000B95400006555000087
:105DC000D6BE898E5555550040420F0073B5044626
:105DD000FFF760FF00212046FFF7C6FDA36E0BB161
:105DE00001221A606388DB0720D50023104E256A44
:105DF000CDE90033FF23F3746846FBF7B3FCA8B981
:105E0000009CA542F8D06A7A607A05F10A0304F191
:105E10000A0107F0B7FD0028EED0A378F374D4F898
:105E200003007061034BB4F807209A8002B070BD84
:105E3000E4210020F8210020024BD8611B6A1B6876
:105E4000184700BFE421002043881B0710B5044613
:105E500011D5036A0A493C2280F87B201B88A0F8F0
:105E60007C30FF2380F899304FF6FF73A0F89A300A
:105E7000723008F05CF8FF2384F8713010BD00BF69
:105E80008DEB0000DFEB0000BD5A0000E5EB0000E9
:105E900099580000CD5D00008D540000055B0000A6
:105EA000845E0000885E0000905E000001380228D9
:105EB00008B503D9C3212F20FBF75CF813290A4B3F
:105EC00005D811290CD8102907D0D121F3E71529BD
:105ED000FBD103EB4003D88801E033F8100008BD84
:105EE00003EB40039889FAE7E8C302000C4A1178F3
:105EF000034689B9906833B9B0F85810828F91423F
:105F00000AD8FFF721B993891B0707D590F88800B5
:105F1000073818BF012070470020704701207047E4
:105F2000082200202D4AF8B5948903461C43402BD3
:105F30009068948104D10421BDE8F840FFF712B9BC
:105F4000802B01D10521F7E703F00304032C04D1D2
:105F500040F6C3213120FBF70DF813F0020418BFFF
:105F60001161DD0705D55161C97806290DD00B29CE
:105F700017D02CB11169C97805291DD00B2927D05C
:105F80009B0644BF08231370F8BD90F887101829AA
:105F9000EFD1002600270121C0E9386780F88B1077
:105FA000E7E790F88710122901BF002180F88B10D5
:105FB000012180F8C810DCE790F887101629DFD19E
:105FC00000240025C0E93A45012180F88C10D7E76C
:105FD00090F887101129D3D10021F6E7082200207C
:105FE00073B504464068836F13F0300F0D4646D1F9
:105FF00009891A2903D96B89B3F5A47F06D2E978F8
:10600000204602B0BDE8704008F0DEB8AA881A2A1F
:10601000F5D9EE88B6F5A47FF1D30096303008F0BC
:1060200018F8184B9A8992070ED51B69DB78142B48
:106030000AD16268936F43F010039367204608F01B
:1060400091F8002002B070BD636893F886201D2A85
:10605000EFD093F81B31002BEBD1636893F81A3122
:10606000002BE6D16268936F114643F020039367DB
:1060700031F8300B02F59F72FDF792FFDEE7012049
:10608000E0E700BF0822002037B5044601A8FDF76D
:106090004FF820B940F6A3013120FAF76BFF222216
:1060A0000021019805F0EEFE019D0321284607F02E
:1060B000ACFE2B7823F010032B7001982146FDF7DE
:1060C000BFFC019905482246FEF754F8FDF744F855
:1060D00010B940F6AD01DFE703B030BD0C2200205F
:1060E000264B70B59C6894F83E5294F83F62002DA0
:1060F0003DD194F86810002E3BD194F8693084F8B3
:10610000681084F86930FF2384F86A301C4B1B68E0
:106110000BB12046984794F82431012B01D0354328
:1061200003D018480021FCF7D5FE04F130063046B4
:1061300007F07DFF04F2351105462046FDF7E2FE2B
:1061400020460621FFF70EF8304607F070FF854223
:10615000044610D203F0E4FD0146601B322838BF2C
:10616000322003F02FFDB0FA80F0400970BD2946BF
:10617000C1E73346C3E70120F8E700BF082200204B
:10618000801300200C22002010B5154B1B691979D3
:10619000436893F88620092A09D193F809218A4295
:1061A00005D1002283F8862083F8C22010BD9A6FA3
:1061B00012F0080406D022F00802BDE810409A67E9
:1061C00007F0DABFFF2905D1332283F8862083F850
:1061D0003442EBE740F24C513120FAF7CBFE00BFDE
:1061E00008220020F8B50D79A5F10E03DBB2152BBE
:1061F00004460DD8012606FA03F740F25122174251
:1062000008D14268152B92F8862028D0082B08D098
:106210000020F8BD024631462846BDE8F84008F0A7
:10622000C4BE212A01D02E2AF2D1204607F091FFC8
:10623000636893F88720222AEAD093F8D92022F0C5
:10624000010283F8D920626892F8D93023F008035C
:1062500082F8D9301A212046FCF73CFED8E7282ADC
:10626000D6D1034B1B68002BD2D09847D0E700BF94
:106270007C1300202DE9F041A0F10E040029E4B2C6
:1062800008BF1F21172C13460AD80126A64040F24A
:1062900051273E4207D116F4600F23D1082C07D0B6
:1062A0000020BDE8F081BDE8F041002108F07DBE8E
:1062B000546894F88620212A08D11846FCF70AFE73
:1062C000002384F8863084F8C230E9E72E2AE7D12B
:1062D00094F88720A2F120010629F1D92E2AEFD0C7
:1062E0002A21EAE7054A1468002CD9D00A4601465B
:1062F00018462346BDE8F041184700BF7813002038
:106300002DE9F7437F4D0646AC68002840F0A48095
:10631000AB891A0724D594F80E31FE2B04D140F234
:10632000CF513120FAF726FEFE2384F80E3194F87F
:1063300087301A2B06D184F8C700281D07F01CFFF0
:1063400084F8876094F88630202B33D0332B3FD0ED
:1063500094F88830072B02BF02232B7684F80E3185
:10636000AB89DB073DD4AB895F0700F1AB809907B0
:1063700040F1B280AB68012283F80F212B69DF78EE
:106380000D2F00F0A680112F00F0B180072F00F034
:10639000B0803846FDF7AEFF0346002840F09A80F3
:1063A000FF2F40F0A880AA68332182F8861082F877
:1063B000340291E094F88730A3F12002062A05D92F
:1063C0002E2B03D0212384F88630C1E72E23FAE751
:1063D000012384F83532002384F8863084F8C230F3
:1063E000B6E7D5F80890D5F8148099F88730113BB6
:1063F0000B2B0BD898F80330023BDBB2092B7DD86E
:1064000040F2333222FA03F3D80777D54046FDF73E
:10641000F9FA98F8037020B939463B4807F0D4FEE2
:1064200049E0012F01D9162F30D199F8860007F0E5
:10643000B8FE40B199F88630202B04D0212B07D12B
:106440002E2389F886303846FDF742FF03462AE0BE
:10645000162F14BF022620262B781B0712D594F87E
:106460008730113B0B2B4BD9002501A90320019547
:10647000FBF7ECFD019B2BB11D720C22019821460C
:10648000FDF7DAFC304603B0BDE8F083112F0ED0E3
:1064900005D8072F14D00D2FD5D11C4B08E0142F91
:1064A000D1D11B4B1B681BB998F80310B5E7194BEA
:1064B00069691548984700283FF455AF0646CBE771
:1064C000154BF5E794F88820062A04BF01222A76A6
:1064D0004DE7124B0C489847AB89DA06BCD594F8C7
:1064E00087300A2BB8D10B2384F88730B4E70C4BE4
:1064F000F0E70C4BEEE740F2C25112E70826ABE79B
:106500000820C0E7082200200C220020E9F000004B
:106510007413002031F10000E561000079F0000003
:1065200097F00000896100002DE9F74FB64F0E4645
:10653000B989BC688D0556BFB4F8B8200023013274
:1065400004F1780A804646BFA4F8B83084F8AF3129
:10655000A4F8B820504608F0B6FD30B10B4604F55B
:10656000967221465046FEF771F8BB8903F4C0636A
:106570002BB194F88A30002B47D0032B4CD094F8E1
:106580008A20BB89012A04D1180544BF022284F85D
:106590008A20B8F1000F40F0958059065DBFB4F82D
:1065A000C821013292B24246A4F8C82103F00A027F
:1065B0000A2A0DD13A69D278022A09D123F00803B8
:1065C0003046BB81FFF79CFE08233043C6B2BB8137
:1065D0003046FFF795FEBD6895F80E313043FE2B2F
:1065E000C6B23CD1DEBB95F88830063B012B36D9CC
:1065F00095F81831ABB195F81931A5F8BC6085F85C
:1066000010310122022128462BE1012184F88A1051
:106610002046FEF7A7FDB2E7022384F88A30012165
:10662000F6E795F88790A9F110095FFA89F9B9F1B1
:106630000C0F40F2ED80AB6FDA0702D5324609212C
:10664000E1E7980740F1938032460C21284608F094
:10665000FAFC95F8C93043F0010385F8C930B4F865
:10666000A83194F8AC510133A4F8A831002D00F002
:10667000FD81FBF7DDFC10B10023A4F8A83194F8EC
:106680008A10012940F2278294F88830072B40F0C5
:106690000582B4F8B830022B40F21D82B4F8BA502B
:1066A0000135ADB2B4F880302B44A4F8A03194F891
:1066B000AD31002B00F013820123B4F88020134485
:1066C000A4F8A431BB89BD685B065FBFB5F8B431DF
:1066D000B5F8A6219B189BB248BF0023A5F8B4319A
:1066E00095F8183123B995F88830063B012B06D868
:1066F000B5F8BC30B5F8A6211344A5F8BC3095F820
:10670000C21031B1B5F8BE30B5F8A6211344A5F8D2
:10671000BE3095F9C620002AC1BFB5F8C430B5F81F
:10672000A6011B18A5F8C43095F8A93063B9B8F1D3
:10673000000F40F065823B7E022B40F0178295F8F7
:106740001031062B18BF162395F8A82022B92F4820
:1067500085F8A930FDF7E0FD284608F022FD00236A
:1067600084F8AB3103B0BDE8F04FFCF71BBD59070F
:1067700002D53246132146E71A0706D595F80831A7
:1067800085F81031324607213DE713F0300F35D040
:1067900095F81B31002B4AD195F81A31CBB195F8F9
:1067A0008730252B05F58D7105F23E2224D095F812
:1067B0008630A3F1250043424341284607F03BFCC5
:1067C000AB6F23F0200343F01003AB67002385F881
:1067D0001A31AB6FDA062AD505F235112846FDF7D6
:1067E00091FBB5F85230A5F81031B5F85630A5F840
:1067F00012310022152106E70123DEE75B0616D5DC
:1068000000222421FFE600BF082200200C220020E5
:10681000D7F808B09BF88730113B0B2B0ED8DFE878
:1068200003F01D0D0D0D232C0D0D0D0D0D55B8682C
:1068300090F88730222B4FD0312B4AD095F88630F4
:10684000002B59D195F88730103B0C2B5CD995F86B
:10685000B630002B58D001221221D4E600220B21A1
:10686000584608F0F0FBFAE65846FDF7C9FD002847
:106870003FF4F5AE00220421F2E79BF83032012B01
:1068800008D100220521584608F0DDFB00238BF8D3
:106890003032E4E69BF83032022BD9B27FF4DFAE1F
:1068A0009BF8C85025B106238BF810310022EAE787
:1068B00003210622B34807F06EFC9BF8D83013F092
:1068C000040F2A460CBF0D211121DCE7002206210E
:1068D000C6E700221121C4E790F82431022B02D12F
:1068E00000221721BDE790F82431012BA6D190F8A2
:1068F0002531002BF4D0A1E7092B05D195F80931FA
:1069000085F8103101223EE7B9F10C0F7FF6A7AEF2
:10691000D7F8089099F886B0BBF1000F40F08C8052
:1069200099F82B313BB101220E21484608F08BFB30
:1069300089F82BB1ADE799F82A3193B199F8C9B02C
:106940001BF003030DD101220C2148464BF0010B33
:10695000019308F078FB89F8C9B0019B89F82A31C6
:1069600097E799F81A3133B399F81B311BBB99F8A3
:106970008730252B09F58D7109F23E2219D099F83F
:106980008630A3F1250043424341484607F053FBBC
:10699000002389F81A3101221421484608F053FBDC
:1069A000B9F85230A9F81031B9F85630A9F81231B7
:1069B00055E60123E9E799F82431012B4BD199F8E9
:1069C0002531002B47D199F88730A3F12002062A00
:1069D00041D92E2B3FD099F86800012806D0022813
:1069E00004D04FF461710620FAF7C4FA99F86910DF
:1069F000012901D00229F4D1022899F826210BD0CF
:106A0000012A14BF0022012242B90A3B042B13D9E8
:106A100001221621484624E7022AF2E7022999F8C2
:106A2000272116D0012A14BF00220122002AECD00F
:106A300054480021FCF74EFA95F88630002B7FF47D
:106A40000EAE95F83432002B3FF409AE0122FF213F
:106A5000D9E5022AE7E74C4B1B68002BECD04948EC
:106A60009847FE280146E7D00122D3E7FBF7DAFA80
:106A700008B1A4F8A851FBF7E3FA00283FF4FFADF2
:106A800094F8AF310133DBB2022B84F8AF3182BF0F
:106A90000023A4F8A83184F8AF31F0E594F8B630BB
:106AA0001BB194F886300F2B15D1B4F8BA50B4F856
:106AB000B8305046ED1A033D08F005FB68B1D4F834
:106AC000B030D4F8AC20033B9B1A9D42A8BF1D46B2
:106AD000012D3FF7E6AD0125E4E52B46F5E7012D55
:106AE0007FF6EAAD94F8873013B10B2B7FF4E4AD59
:106AF00094F88630002B7FF4DFAD94F88830002BBB
:106B00007FF4DAAD02297FF4D7AD94F8AF31002BD2
:106B10007FF4D2AD2069B4F82E9005F0F9FD00287D
:106B20003FF4CAAD94F80E31FE2B7FF4C5ADB4F836
:106B3000A231012B7FF6C0ADB4F8A821238C9A4274
:106B4000BFF4BAAD9B1A9BB2013DADB2B5FBF9F5EE
:106B50009D4228BF1D4619FB05F3003D03F10103CB
:106B600018BF01259BB284F8AA51A6E5012B0DD1CF
:106B700095F88930002B7FF4E7AD00212846FEF719
:106B8000F1FAECE50C220020841300205EB1F0063F
:106B900034D4310734D4B20634D4B30734D140F6F8
:106BA0004421312020E739B1B5F8BE10B5F8C03026
:106BB000994201D32223C7E5002A05DDB5F8C42098
:106BC000B5F8C0309A42F5D2B5F8BC20B5F8BA3065
:106BD0009A420AD295F88A20B5F8B83052B1B5F881
:106BE000BA209A42C9D80823AEE595F81831002B8F
:106BF000E0D1EFE7052BC0D93E23A5E51E23A3E591
:106C00003D23A1E523239FE52A239DE5634B73B52F
:106C10000025012604461E7198609D811D701D7619
:106C2000FF2380F8AB310088FCF77CFA2088FCF762
:106C3000A3FAB4F8A231E3B194F80E31FE2B18D1C7
:106C400094F81831ABB194F88830063BB34210D9B0
:106C500094F81931A4F8BC50204684F8103132461B
:106C6000022108F0F0F984F8AA510220FFF70CFA8B
:106C700003E094F80E01FE28F8D1B4F8A611B4F898
:106C8000A821E38D013989B2B1FBF3F31344A4F8D1
:106C9000A831B4F8B83004F178060B44A4F8B83041
:106CA000304608F010FA20B1D4F8AC300B44C4F8E8
:106CB000AC30B4F8A231012B9CBF0133A4F8A2314F
:106CC000002509B184F8AF5194F8873084F8AA51AF
:106CD000A3F10A02012A1DD8B4F88030B4F83C228E
:106CE0009B1A19042FD404F23E2104F18E0006F001
:106CF0006DFF84F88750FF2384F8C330B4F8A621D1
:106D00002146304606F0A8FF98B340F6C81131205E
:106D1000FAF730F9252B16D1B4F83C22B4F88030BC
:106D20009B1A1A040FD484F88750FFF7D9F901464B
:106D300030B984F8240102B0BDE87040FFF7F4BB1D
:106D400084F82451DAE794F8863003F0FD03252B0C
:106D5000D4D1B4F88030B4F83C229B1A1B04CDD4B3
:106D6000002384F88630FFF7BBF901460028C5D11F
:106D7000E1E70B4B0B49009303C90B4B0B4AFBF7A5
:106D800033F894F88730113B0B2B04D802B0BDE8E0
:106D90007040FBF721B802B070BD00BF0822002090
:106DA000296500000C220020ED5E0000255F000038
:106DB000D0F844328269934210B5044604D1D0F829
:106DC0004812026A914215D02288A4F88A2140F222
:106DD000E242B3FBF2F3A4F88C31B4F84832A4F8E1
:106DE0008E31B4F84A320949A4F8903104F5C070E4
:106DF00007F0A6F802212046FCF74AFD002384F89C
:106E00008730032384F88A3010BD00BFD9E2000028
:106E100008B5FDF783F9024B024A1A6008BD00BFAE
:106E200074130020E15F0000064BD3F8000138B175
:106E3000D3F8040120B1D3F80801B0FA80F040097A
:106E4000704700BF00F00040034B00221A705A70D8
:106E500010229A70704700BF2322002070B50646AA
:106E6000022014460D4600F0ADF9064B01221A70BF
:106E7000054B033CC3F81045C3F80865C3F8045537
:106E800070BD00BF2322002000F0004008B50220A2
:106E900000F098F9084B01221A70084B0022C3F841
:106EA0000021C3F80421C3F8082103F580334FF40F
:106EB0000002C3F8042508BD2322002000F0004092
:106EC0000E4A08B5137883B10D4B4FF40001C3F897
:106ED0000815FFF7A9FF68B101235370094BD3F8D8
:106EE0000034DBB2937000231370BDE8084000202B
:106EF00000F068B950701023F4E700BF232200208F
:106F000000F0014000F00040094B1A7862B1094BD3
:106F1000D3F8002152B1D3F8040140B1D3F80801ED
:106F2000B0FA80F0400970475878704702207047E7
:106F30002322002000F0004008B5074B1A783AB130
:106F4000FFF772FF30B1054BD3F80004C0B208BDA3
:106F50009878FCE71020FAE72322002000F0004098
:106F6000024B00221A705A709A7070472622002035
:106F70002DE9F041044601201E460F46904600F0E0
:106F800021F904F0030040EA0643184D18482E7119
:106F900043F08073C0F80435164BC0F808751B68C1
:106FA000062B07D001331EBFD0F8183568F307034E
:106FB000C0F81835104B114AC3F8082514F0FB0F20
:106FC00001BF0F4AC3F89825FC3AC3F89C2501225B
:106FD000022C6A70EC7007D8054B2A700021C3F8A8
:106FE0000011C3F800121A60BDE8F08126220020CB
:106FF00000F000408824002000F001400000020260
:1070000000F1004070B5194C637823B94FF4077153
:107010003C20F9F7AFFF164BC3F80C15C3F8100569
:10702000E5780122A270C5B924780CB9E321EFE715
:10703000104CC3F804514FF40035C4F80455D3F88C
:10704000006116B15A60C4F808550B7803704B788C
:10705000043343708B78837070BD00212270C3F8B5
:107060000411C3F800221A60F6E700BF26220020B0
:1070700000F0004000F001400E4A08B5537823B9F3
:107080004FF412713C20F9F775FF0B4BC3F80C1548
:107090000121C3F810059170127812B940F20F1156
:1070A000F0E70022C3F80421044B4FF00072C3F84C
:1070B000042508BD2622002000F0004000F0014019
:1070C000084B1A784AB10849084AC1F80825002235
:1070D000C1F89825C1F89C251A7000225A709A7040
:1070E000704700BF2622002000F00140000002028D
:1070F000194B1B7870B523B940F28A213C20F9F76F
:1071000039FF164CD4F80431BBB90223C4F8043358
:10711000134B144E1D691A6942F0100205F0100558
:107120001A61D4F804317BB125B90D4A136923F0F3
:10713000100313610223C4F80833084BD3F800048A
:10714000003818BF012070BD4FF40043C6F88031ED
:1071500008F09FFAE5E700BF2622002000F000407B
:1071600000ED00E000E100E0014B01229A60704771
:1071700000F0004008B50A4BD3F80025032A04BFED
:1071800001229A600022C3F80025C3F80025FFF70A
:1071900097FF044B4FF40002C3F8082508BD00BF59
:1071A00000F0004000F00140054B4FF40042C3F8EE
:1071B0008020BFF34F8FBFF36F8FFFF7DBBF00BFA0
:1071C00000E100E010B50446FFF7D4FF012C06D023
:1071D000022C0CD054B18C213D20F9F7CBFE0B4B87
:1071E0000222C3F800250A4AC3F8142510BD074B34
:1071F0000322C3F80025064AC3F8142503F580339B
:107200004FF40002C3F80425F0E700BF00F000408F
:107210002B220020044B1868062818BFB0F1FF3F4E
:107220000CBF0120002070478824002008B5FFF71C
:10723000F1FF38B1044B1868063810F1080F94BFFD
:107240000020012008BD00BF8C24002008B5FFF7F6
:10725000E1FF38B1044B1868063810F1080F8CBFF5
:107260000020012008BD00BF8C240020064B002216
:10727000C3F80021C3F80C21C3F81021C3F804217E
:10728000C3F80821704700BF00100040024B0022E5
:107290001A809A701A7170473823002038B5144D3F
:1072A00095F83D200346084622B940F6B2113E202B
:1072B000F9F760FE6BB9012AAC6B95F83C1005D16B
:1072C00000F082FE20442B6BC01A38BD08F015F880
:1072D000F8E7012B0AD1012AAC6B95F83C1002D1DA
:1072E00000F064FEEEE708F013F8EBE70020EAE7B1
:1072F0003823002008B5094B012883F82400084BE7
:1073000006D0022808D040F6E2613E20F9F732FEAE
:107310000322C3F8102508BD0422FAE73823002011
:107320000010004008B5144B93F84A30D90720D517
:107330009A070ED5114BD3F8002242F00102C3F890
:107340000022D3F8500500F0F600023818BF0120E3
:1073500008BD5B070DD50A4B0A4AC3F8AC25A3F557
:10736000B833D3F8403123B140F28A713E20F9F7A7
:1073700001FE0120ECE700BF382300200010004090
:1073800000F001400810004008B570B9104B2831DA
:10739000D96018460F4900F0BFFE0130012816D908
:1073A00040F66D013E20F9F7E5FD01280CD1084BB0
:1073B0002931D9601846074900F0B4FE0130012890
:1073C00005D940F67701EDE740F67B01EAE708BD15
:1073D000E810002008C4020008B50C4B9B78012B74
:1073E00009D100F0A5FE013001280ED940F6042194
:1073F0003E20F9F7BFFD022B07D100F09FFE0130C0
:10740000012802D940F60A21F2E708BD38230020FE
:10741000094B0A4A1B8DB3F5166F3ABFA3F6381312
:1074200043F48073A3F5166300F07F00C2F80835BB
:10743000C2F85405704700BF3823002000100040F8
:1074400037B50D460446FFF755FF2846FFF7E0FF26
:107450001B4A01AB92F925202946204600F0F6FD93
:107460009DF8050000F070FE20B140F255713E20FD
:10747000F9F780FD9DF9040000F090FD114A40F2FB
:107480000313C2F8343540F25B63C2F83835FFF7B6
:10749000CDFE90B14FF08053D2F88825D3F8203339
:1074A000022C22F4FE420CBFC3F30663C3F306238F
:1074B00042EA0323034AC2F8883503B030BD00BF57
:1074C000382300200010004010B50C46FFF712FFD3
:1074D0002046FFF79DFF0F4A0023C2F81C31D2F867
:1074E000003243F48873C2F8003240F20313C2F84A
:1074F000343540F25B63C2F83835FFF797FE40B988
:10750000FFF7A4FE28B9D2F8683543F4C023C2F8C7
:10751000683510BD00100040F8B5414C0D461646C8
:107520000746002847D10123A3702378012B2BD1D4
:107530003C4B33F812304FF47A7203F5FA73B3FB15
:10754000F2F3CD1A236B384A384E1D44384BC6F837
:107550004055C2F8A835236C43F4002323644FF44C
:107560000023C2F804352378002B47D194F84A3021
:1075700043F0020384F84A30FFF7D4FE04460028A3
:1075800043D100242046F8BD104694F82610FFF79A
:1075900057FF284B33F816304FF47A7203F5FA731D
:1075A000B3FBF2F3ED1A2378002BCBD11E4B224A0A
:1075B000C3F8AC25C6E701281BD10223A3702378AA
:1075C000012B0AD11C4B0022C3F81C21D3F8002246
:1075D00042F48872C3F80022B4E794F826101046EB
:1075E000FFF772FF2378293D002BABD10E4B134AD6
:1075F000DEE74FF413613E20F9F7BCFC012BBBD151
:1076000094F84A3043F00403B4E70123F364D6F856
:107610004C35AB42B5DA29463846FFF7B5FEB1E73F
:107620003823002086C4020000F0014000800040A2
:107630004081004080C4020000100040041000405F
:1076400008B560221148002104F01CFCFFF71EFE63
:107650000F4B1B6823F004020A2A05D0102B03D01D
:10766000082B0ED1402200E024220A48FF2104F01A
:1076700009FC4FF080430022C3F8082EC3F8102EF7
:1076800008BD0D2BEED03822EFE700BF38230020D5
:1076900088240020000E0040024B0344187E00F5B1
:1076A0001660704708C40200014B93F83C00704715
:1076B00038230020024B986B1B6BC01A704700BF29
:1076C000382300200A4B93F83C20D3E90C30C01A31
:1076D000084B03EB82031B6CC01A074B53F8223094
:1076E0004FF47A7203F2F313B3FBF2F3C01A70474C
:1076F0003823002008C4020074C4020008B50F4AF1
:1077000092F83C10012906D0022914D040F2C6217B
:107710003E20F9F72FFC40F6B830D2E90C239B1A33
:10772000074A02EB8102126C9B1A4FF47A72B0FB8B
:10773000F2F0184408BD4FF4FA60EEE73823002059
:1077400008C40200FF2808B504D940F2E5213E2014
:10775000F9F710FC124B0129A3F8480004D00229C4
:1077600019D040F24131F2E700230E4A43F480136E
:1077700040F0007043F4847340F44030C2F8143594
:10778000C2F81805D2F8503503F0F703032B05D1E2
:107790004FF45671DBE74FF08073E6E708BD00BF9A
:1077A000382300200010004008B5FFF73FFD50B11E
:1077B000054AD2F8743723F0807323F0010343F0B5
:1077C0008073C2F8743708BD001000403D4B0222A0
:1077D00070B5C3F88020BFF34F8FBFF36F8F3A4A65
:1077E0000023C2F8FC3F0123C2F8FC3FFFF72EFD47
:1077F00028B1D2F83C3743F48063C2F83C37FFF736
:1078000009FD58B1D2F83C3723F0004323F0FF03C1
:1078100043F0004343F09603C2F83C37FFF706FD00
:10782000294C38B1D4F8403723F47F4343F4B053A4
:10783000C4F84037254BC4F8783700F097FC38B1CE
:107840004FF08053D3F830335A1C18BFC4F84C376C
:107850004FF010231C4C1A6E1D4D531C1EBFD4F844
:107860008C3562F31743C4F88C350123C4F83035E6
:1078700085F824300323C4F8103540F20123C4F8FE
:1078800050360226134BC4F80062187C00F074FCDA
:10789000114B124AC3F804250023AB87AB6385F86C
:1078A0004A3002F083FA074B28631022C3F8806144
:1078B000C4F804231E602B6E03B19847BDE87040E6
:1078C00000F01EBC00E100E0001000402C00008928
:1078D00038230020E810002000F001400000020CD6
:1078E000014B83F82500704738230020034B020E1C
:1078F0000002C3F82425C3F81C057047001000409F
:10790000044B054A034482F826001B7E03F51663E8
:107910001385704708C402003823002010B50446C0
:107920000068FFF7E3FF094B6268C3F83C25207A43
:10793000FFF7E6FF617A6089FFF704FF607AFFF7DF
:10794000D9FC034B227B83F8252010BD001000409A
:1079500038230020F8B5294C94F84A30DA07064657
:107960000F4604D440F6BE013E20F9F703FB244D38
:10797000D5F8002243F0020342F00102C5F80022CC
:1079800084F84A3020BB012394F82610A3703846AF
:10799000FFF756FDA378012B02D040F6CA01E3E7BA
:1079A000184AD3642B60174BD3F84C553046294600
:1079B000FFF7EAFC236BED1AEEB9134B33F81730DF
:1079C0004FF47A7203F5FA73B3FBF2F35819F8BD6A
:1079D0000128E8D1022394F82610A3703846FFF757
:1079E00073FDA378022B02D040F6D201BCE7054B11
:1079F000DE646E60D7E705F12900E8E73823002050
:107A0000001000400080004080C4020008B5FFF76D
:107A100083FD58B9064BC3F84005A3F5E0430122A6
:107A20001A610220BDE80840FCF726BA08BD00BF75
:107A30000080004037B5244B2449D3F80443022288
:107A40004FF0FF30C3F80803C1F880212049C3F884
:107A50000022002281F84A201E49C1F8402501F584
:107A6000B8314FF46025C1F80855D3F85015C9B2A4
:107A700004F01004D1B18DF80700C3F810210122E1
:107A80001A619DF8072012B1D3F810213AB19DF880
:107A900007305BB940F6F2113E20F9F76BFA9DF81A
:107AA0000720013AD2B28DF80720EAE7FFF794FCED
:107AB00005490023C1F81031FFF7E8FB14B110238A
:107AC000C1F8043303B030BD0010004000E100E015
:107AD000382300200080004038B51B4D0024C5F835
:107AE0004845C5F84445C5F84045C5F84C45FFF73D
:107AF000A1FF00F00BFB154B15491A6C1C6442F0FA
:107B0000446242F40032C1F80825C3E90D441C77F1
:107B1000104BC5F848450222C5F84445C5F8404514
:107B2000C5F84C45C5F84841C5F84441C5F8404141
:107B3000C5F84C41C3F88020BFF34F8FBFF36F8F60
:107B4000C3F8802138BD00BF0080004038230020EA
:107B500000F0014000E100E0014BC3F83C05704734
:107B60000010004010B50FC8014C84E80F0010BD94
:107B70009C23002008B50B4BC3F804050A4B93F86F
:107B80004A20586442F0010283F84A20FFF7CAFBFA
:107B900030B9FFF74FFFBDE808400320FCF76CB990
:107BA00008BD00BF0010004038230020154B1A6BA1
:107BB00010449A6B824210B504D340F6A8213E20AF
:107BC000F9F7D8F9104A1862012119775164D2F8EF
:107BD00044450534844205D30C4BD3F8042102B943
:107BE000196110BD0021C2F84411C2F844051A6C95
:107BF00042F480021A64064B4FF48002C3F8042555
:107C0000EFE700BF38230020008000400010004054
:107C100000F0014010B50E4C034694F83D0094F876
:107C20003C100222012822774FF0960094F824207D
:107C30000BD100F0D5F9074A20620023C2F8443185
:107C4000A36B0344C2F8443510BD00F0E3F9F2E73A
:107C50003823002000800040044BC3F86005D3F8AF
:107C6000002242F04002C3F800227047001000409A
:107C7000054BD3F8002222F04002C3F80022002274
:107C8000C3F86025704700BF001000400A4A014653
:107C9000D2F81C0182B068B1D2F8483503F07F03F6
:107CA0005B420B700023C2F81C31D2F81C310193E7
:107CB000019B012002B07047001000400022044BDD
:107CC00090421A7014BF02220122D9705A70704774
:107CD00038230020054B0022C3F84025044AD2F87F
:107CE0005035DBB20BB101231361704700800040B7
:107CF0000010004030B5044BD3E914459B6DC0E93A
:107D000000450B6030BD00BF382300202DE9F0474F
:107D1000954D964C0123EB64D5F84C25236BB4F8B4
:107D20004870A2EB030802F047F8C4F85880C4E991
:107D30001401FFF751FB8E4B226CC3F8082500217C
:107D40008C4A2164D2F8003223F48E7323F00103AD
:107D5000C2F80032237F84F84A1023B1D5F84431A9
:107D60005B1A18BF0123A17801290AD1D2F80C515E
:107D7000002D43D17F4BD3F81031A3B145F010054E
:107D800011E0022938D17B4AD2F80C51D2F80024F4
:107D9000003D18BF01256D00D10758BF45F004050F
:107DA00033B345F00105FFF761FAEA06A37803D57E
:107DB000012B08BF45F020056B4A94F80190D2F8DA
:107DC0004815A163D2F8442584F83D3094F8243056
:107DD000626384F83C30B9F1000F11D1FFF756FA15
:107DE00084F81C90EE0740F1A280636E984763E030
:107DF00015F00B0FD7D1BDE70025BBE70825D2E76B
:107E000015F0110F0ED123792678B9F1010A18BFA8
:107E10004FF0010A012B67D0022B7AD02BB140F62C
:107E2000464169E0FFF706FEDCE796215046FFF782
:107E300035FA0146FFF72AFA012E74D1B9F1010F84
:107E400014BF252337239844884567D90220FCF7BF
:107E500013F8484B1E61A8076BD5FFF7E7F9E0B9A7
:107E6000FFF7F4F9C8B9434BD3F85034D90114D50E
:107E70001A0705D013F0F00F02D013F4706F0CD175
:107E80003C4AC3F304410129D2F8542405D1012A04
:107E900003D0C3F34253022BA7D9636C5B78BB4278
:107EA00088BF45F00405C5F3800080F00100A36E93
:107EB000314600F001009847A378022B12D1237FAE
:107EC00083B1022B284A43D1A36B216A0B44C2F829
:107ED0004435236C43F480032364254B4FF4800224
:107EE000C3F80425BDE8F0872348FFF717FD94F891
:107EF0003D3023B940F6B5013E20F9F73BF8012BA0
:107F000004D1FFF7FBFBA369C11893E7FFF7DAFB86
:107F1000F9E71948FFF702FDA1698BE7124B2670BC
:107F20000022C3F84021E2785046FFF76FFD00269B
:107F300091E715F0280F05F0200105D0B1FA81F185
:107F4000E36E49093046B6E7EB06B5D5236F4DE73A
:107F5000012B02D040F6A551CEE7236AA16B8B42DC
:107F6000B5D840F6A651C7E700800040382300206E
:107F700000F001400010004040230020024B03EBC2
:107F80008003186C704700BF08C40200024B03EB6B
:107F90008003D86C704700BF08C40200024BC0B217
:107FA000C3F80C05704700BF00100040054B33F8C4
:107FB000113002384FF47A7203F2E733B3FBF2F375
:107FC000184470476CC40200044B4FF47A7233F8C3
:107FD0001130B3FBF2F30133184470476CC4020054
:107FE00038B51D460A4B33F8114003EB82030535C3
:107FF0009B681C4404F6B7344FF47A7303FB0044C7
:108000001046B4FBF3F4FFF7B9FF2544284438BD0C
:108010006CC4020070B5064608461546FFF7B6FF69
:10802000094B03EB85039C684FF47A7304F6B7346D
:1080300003FB0644241A2846B4FBF3F4FFF79EFF23
:108040000530204470BD00BF6CC402002DE9F04F24
:10805000264C87B0074698460D46164602F0F2FBBE
:108060002378BB42814611D16378AB420ED194F99B
:108070000230B3420AD1E378834207D1A388A8F83B
:10808000003094F9060007B0BDE8F08F7B1EDBB22C
:10809000032B0DD8164A12F803A029460DF1170339
:1080A0003246504602F0D4FB38B14121A92002E00B
:1080B00040F2FE410620F8F75DFF039028469DF947
:1080C00017B0FFF7E9FA039A009203465246414679
:1080D000584600F03FF8B8F80030A071A380277030
:1080E0006570A67084F80390CBE700BF00110020F4
:1080F0008CC40200014B1B681B68184788130020C2
:10810000014B1B685B68184788130020014B1B68F4
:108110009B68184788130020014B1B681B69184790
:1081200088130020014B1B685B69184788130020E7
:10813000014B1B689B69184788130020014B1B6883
:10814000DB69184788130020014B1B689B6A18479E
:108150008813002030B4044C9DF808502468029520
:10816000E468A44630BC604788130020014B1878AF
:10817000704700BFC42A002010B500220C491346E6
:1081800040FA02F4E40744BFCA545C1C02F1010245
:1081900048BFE3B2042AF3D1054AFF24D118032BC8
:1081A00001D9107110BD013301F8014BDBB2F6E7C4
:1081B000D02A002008B5074801F0F6F9054800F07C
:1081C00039F801F099FE01F07BFE00F0A1FC0120DE
:1081D00008BD00BFD424002008B501F0C1F901F0AA
:1081E0002FFF01F00BFFBDE8084000F0ADBC00BF61
:1081F00002F01EB801F00ABA10B5EFF3108472B69F
:1082000001F004FA04B962B610BD00BF01F010BA63
:1082100002F0ECB802F082B902F094B902F0E2B9CF
:1082200002F0E6B902F0A6B808B52721032003F052
:1082300039FB00BF024B186000221A719A60704728
:10824000DC24002070B582B01E4C2379012B11D0A4
:10825000DAB2022A0BD1A0680DF1070100F08CFC04
:108260000023A36023719DF8070002B070BD0120B8
:1082700002B070BDA0680DF1070100F073FCA568A5
:108280006B7DDB07ECD5AB7F042BE9D001F014FA52
:1082900006460028E4D001F015FA2A69B3682E6872
:1082A0006D68961945F1000500220A3342F100027B
:1082B0001B1842EB0102B342AA41D1D3A06800F0DF
:1082C0003FFDCDE7DC240020837F0BB10020704709
:1082D00010B50A684B688C68D1F80CC0C0F80CC0A7
:1082E0008460026043600A694B6943610124026152
:1082F0008477054B1A792AB998601C7101F078F9D6
:10830000204610BDFFF790FFDC24002070B5044626
:1083100082B00D4601F0D0F9A37F012B17D02B6856
:108320006A68A9680646E868E060A1602360626048
:108330006A692B69626101222361A2770DF107014D
:10834000204600F00FFC2EB1012002B070BD0020CD
:1083500002B070BD024B0421186807F041F9F3E741
:10836000DC24002070B5044682B00D4601F0A4F96B
:10837000A37F012B1CD02B686A68A9680646E868B1
:10838000E060A160236062606A692B69626101221A
:108390002361A27720460DF1070100F0E3FB084CB2
:1083A0004EB12068062107F01BF9012002B070BD14
:1083B000002002B070BD2068042107F011F9F0E739
:1083C000DC240020024B0621186807F009B900BF21
:1083D000DC24002010B5EFF3108472B601F06CF9C4
:1083E00038B1064B0621186807F0FAF804B962B6EE
:1083F00010BDC921032003F055FA00BFDC24002082
:1084000010B5084B1A7952B90446986002221A71C5
:1084100001F0EEF8A07FB0FA80F0400910BDFFF740
:1084200003FF00BFDC24002038B5837FC3B10446BE
:1084300009E0A37F042B09D0A37F012B11D007F003
:1084400028F9A37F63B1A37F032BF2D1EFF310854B
:1084500072B6204600F0AEFB05B962B6A37F2BB919
:1084600038BD4FF48971032003F01CFA40F20D115E
:10847000032003F017FA00BF38B5194B1A7962BB15
:108480000446986002221A7101F0B2F8A37F5BB92A
:1084900038BDA37F032B0BD0A37F042B08D0A37F71
:1084A000012B15D007F0F5F8A37F002BF1D1EFE7F2
:1084B000EFF3108572B6204600F07CFB05B962B67A
:1084C000A37F002BE4D040F20D11032003F0EAF962
:1084D0004FF48971032003F0E5F9FFF7A5FE00BF13
:1084E000DC24002010B582B00DF1070100F044FB40
:1084F000044601F0E1F810B1204602B010BD40F290
:108500002F11032003F0CEF970B50D46044601F09B
:10851000D9F8A4680346E41841F10006284633461A
:10852000224600F09FFBA04271EB06034FF00005CE
:108530000CD3001B6FF0010361EB0601834275EB66
:10854000010100D370BD4FF0FF3070BD284670BDF3
:10855000F8B504460E46EFF3108572B601F0B2F896
:10856000A468241841F1000730463B46224600F03B
:1085700079FBA04271EB07034FF000060ED3001BFE
:108580006FF0010361EB0701834276EB010102D337
:1085900005B962B6F8BD4FF0FF30F9E73046F7E7AE
:1085A0002DE9F04185680C46002349195B4113B160
:1085B0000020BDE8F0811746064601F083F82A182E
:1085C00041F100033846A51843F1000800F04AFBCA
:1085D000A84271EB0801EBD301F02AFE00F0E8FAA3
:1085E000B368377523440120B360BDE8F08100BF54
:1085F0002DE9F843EFF3108872B6846863184FF0E2
:1086000000035B4133B10020B8F1000F00D162B626
:10861000BDE8F88317460D46064601F053F82218C8
:1086200041F100033846AC1843F1000900F01AFB91
:10863000A04271EB0901E6D301F0FAFD00F0B8FAAF
:10864000B36837752B440120B360DDE7837F012BCE
:1086500001D00020704700F019BC00BFD0E9000134
:10866000704700BF0069704701F02CB810B5EFF3F8
:10867000108472B601F026F804B962B610BD00BFCE
:1086800080687047007D7047F8B50369002B4ED1B4
:10869000044601F0CDFD05460E4602F0DDFC78B340
:1086A000D4E90003643546F10006A84273EB0602E4
:1086B00023D3C4E90003EFF3108672B600F0FCFF89
:1086C000054698B100F0FEFFAB6800220B3342F183
:1086D00000021B1842EB0101D4E90002834271EB56
:1086E00002053CBF03461146C4E9003106B962B633
:1086F0002046BDE8F84000F04BBB28463346D8E79B
:1087000002F0C6FC074600F0F3FFB8422168626839
:1087100038BF3846963546F10006401946F1000349
:10872000884273EB02053CBF08461346C1E740F29E
:10873000D511032003F0B6F8F8B5254C00222260CD
:10874000EFF3108172B6636823606260A26009B9BA
:1087500062B623686BB300259A79032AA3F1180047
:1087600028D01F6877B3BA79042AA7F11803844682
:108770004FF000060FD1818B9A8B521A12049A691E
:1087800044BF0CF11806184642B19C46A2F11803EA
:108790009A7F042AEFD09B7F032B15D196B13368C3
:1087A0001B683360C3688577022198472368002BD4
:1087B000D2D1F8BD196853F80C2C9D7121600121AC
:1087C0009047F3E72760EDE763219F2003F06AF805
:1087D000E82400202DE9F84F3A4B4FF00008C2F88A
:1087E0000080D3F80CE0BEF1000F5ED0AEF1180CA3
:1087F000E1469246D9F81850002D45D0DCF80040EB
:1088000055F8186CDCF8042055F8147CA64277EB78
:108810000203A5F1180E50D3844272EB01030BD270
:10882000DCF810301B1942F1000298421C4671EB33
:1088300002033CBF04460A46864277EB01030BD293
:1088400055F8083C9B1947F1000798421E4671EB0A
:1088500007033CBF06460F46DCF808300A3348F1F0
:10886000000B1B1942EB0B029E4277EB02020BD26C
:108870009CF8143015F8042C9A4209D00ED3F14616
:10888000D9F81850002DB9D1E6467046BDE8F88FEA
:10889000AB88BCF81C209B1A1B04F0D509F1180307
:1088A000CAF80030D9F8183013B97046BDE8F88F0F
:1088B000F446A3F1180EF146E2E7BF219F2002F033
:1088C000F1FF00BFE82400202DE9F043224EF468B8
:1088D0006CB30025A8460427AE46234653E906C2DA
:1088E000844572EB0109246823D253F8089C19EBE4
:1088F0000C0C42F1000284458A411AD2FDB12A686B
:1089000012682A609F71726883F800E083F801E0C2
:1089100083F802E083F803E07AB1B2681360B360D1
:108920004FF00108002CD8D1B8F1000F0DD1BDE8EF
:10893000F0831D46002CD0D1F6E77360EFE7F268B4
:10894000002ADFD01268F260DCE7044BBDE8F04398
:10895000187803F065B900BFE8240020D113002087
:108960002DE9F04F684B0468D3F80C8085B00546BC
:1089700082838A464068B8F1000F00F0BA80002672
:10898000A8F11802B446D2E900366F7D9C4270EB24
:10899000060107F00107C1462AD3F7B192F814C0C7
:1089A000297D8C4519D89168C91846F1000311F149
:1089B0000A0843F1000E444570EB0E0657D22E69AB
:1089C000361940F1000CB0457EEB0C0B01D2464647
:1089D000F4468E427CEB030C4FD39369944673B1FB
:1089E000A3F11802D2E900369C4270EB0601D4D202
:1089F000C846002F00F085801346624602E0C84654
:108A0000002F57D0AE68361940F10009002B65D011
:108A1000CDE90082D3E9007116F10A0C49F1000298
:108A2000BC458A4158D31A7D95F814C0944519D392
:108A30009A68D21941F1000112F10A0841F1000EC1
:108A4000444570EB0E0751D22F693F1940F1000CDD
:108A5000B8457EEB0C0B01D24746F44697427CEBBF
:108A6000010C0AD39B69002B36D0183BD2E726466F
:108A700084468E427CEB030CAFD2234A0423AB77AF
:108A8000516800232B766B76AB76EB7605F11802F6
:108A90001D4B002933D09B681A601C4B1A4918786B
:108AA0008A6003F0BDF800258AF8005005B0BDE8E3
:108AB000F08F9369294641F8183F916103AA00217C
:108AC0000020FFF787FE2D1AB5FA85F56D098AF8A3
:108AD000005005B0BDE8F08FDDE90082002AE8D142
:108AE0002B46094A43F8188FD360E7E727468446A8
:108AF000B4E76B7DDB07F3D54246434682E75A6015
:108B0000CBE76246EAE700BFE8240020D11300204B
:108B100010B50A4C2378FF2B0AD1094803F056F808
:108B2000084B20700022DA605A609A601A8210BDE9
:108B30004FF484719F2002F0B5FE00BFD1130020D6
:108B400039870000E824002010B5054C2078FF2864
:108B500000D110BD03F054F8FF23237010BD00BFF7
:108B6000D1130020034B1A8A02F1010CA3F810C0A4
:108B7000F6E600BFE824002030B583B004460D4679
:108B800001AA00210020FFF725FE0346E31AB3FAED
:108B900083F35B0905482B7004F1180106F046FDCC
:108BA00010B10023A377012003B030BDF4240020CE
:108BB0008AE600BF70B5154E7368054600F11801CE
:108BC000BBB17368002423B913E01A681C4682B154
:108BD00013469942F9D10CB1AA6922607268914298
:108BE00004BF1B687360B36899420AD00023AB7757
:108BF00070BD064806F01AFD0028F9D00023AB77B7
:108C0000F6E70023B460AB77F2E700BFE82400206A
:108C100030B5054683B00C46FFF756FE01AA28463C
:108C20002146FFF7D7FD28B1054B00F118025A6124
:108C300003B030BD024B02465A6103B030BD00BFE5
:108C4000E824002010B5064C616904F10C0006F020
:108C5000EDFC18B1606900231838636110BD00BFD6
:108C6000E82400201C49C96839B3A1F1180C9CF80C
:108C7000141081421DD870B5DCE9004112F10A05DB
:108C800043F1000EAC4271EB0E0620D2DCF810600E
:108C9000341941F10001AC4271EB0E0115D2DCF840
:108CA000181071B1A1F1180C9CF814108142F6D87B
:108CB000E2E7DCF818100029D7D14FF0FF30014669
:108CC00070474FF0FF30014670BD2C467146B4F13D
:108CD0000A0041F1FF3170BDE824002010B5837F08
:108CE000022B06D0837F012B02D0837F042B1DD162
:108CF00010BD437D13F0020313D103210E4A817787
:108D00005468037600F1180143768376C3765CB12C
:108D100093681960094B9160BDE81040187802F023
:108D20007FBF0023837710BD5160F3E74FF4FB71E1
:108D30009F2002F0B7FD00BFE8240020D1130020DF
:108D400070B5114D00F118060446314605F10C00CE
:108D500006F06CFC98B10423A3776A68002323769D
:108D60006376A376E37642B1AB681E60074BAE60D4
:108D70001878BDE8704002F053BF6E60F6E74FF41C
:108D800000719F2002F08EFDE8240020D113002006
:108D90002DE9F04F066983B0002E70D1D0E900159F
:108DA0008368077DEFF3108472B6DFF8DCC0DCF86F
:108DB0000C20002A5CD013F10A0EBCF81080CDF80C
:108DC000048046F10006183AB046D2E9003611EBAD
:108DD0000E0A45EB08099A4579EB060C48D38B42FD
:108DE00076EB050C28D3D2F810C01CEB030C46F12F
:108DF000000BD4457BEB090B34BF4FF0010C4FF057
:108E0000000CBCF1000F13D092F814C0BC4526D062
:108E100034BF4FF0010C4FF0000CBCF1000F07D035
:108E200013F10A01936846F10005591845F1000550
:108E30009269EAB1183AC8E7D2F808A013F10A0C0F
:108E400046F100091AEB0C0C49F10009614575EB7C
:108E5000090934BF4FF0010C4FF0000CD1E7B2F814
:108E60001CC0DDF80490ACEB090CCCF3C03CD4E79B
:108E700004B962B6C0E9001503B0BDE8F08F40F256
:108E80001F219F2002F00EFDE824002070B505464A
:108E900082B00C4601AA00210020AE8BFFF79AFC9D
:108EA0000346EB1AB3FA83F35B0910488DF80330DD
:108EB00005F1180106F0BAFB98B10023AB77A44680
:108EC000BCE80F002C460FC49CE80300324684E83F
:108ED000030028460DF10301FFF742FD012002B017
:108EE00070BD40F24A219F2002F0DCFCF4240020F7
:108EF000024B0521186806F073BB00BF0025002057
:108F0000042970B512D00CD905292ED1194E7579C6
:108F100005F0FD05012D11D040F2BF11B02002F087
:108F2000C1FC0239012920D8002070BDFFF78AF961
:108F30000028F9D00F4B01221A71F5E70446B079E9
:108F40000028E9D1B3689847D6E90401B3690A4A11
:108F5000B571323841F1FF31C01841F1000101F023
:108F6000F1F8064B2360022070BD40F2C911B02019
:108F700002F098FC00250020F18E0000E192000034
:108F8000054BD86910B1C3680621184710B540F2E7
:108F90008D21B02002F086FC002500202DE9F84349
:108FA0001646002B6AD0D3E90089804579EB01038E
:108FB0003CBF89468046474F04460D4640464946D9
:108FC000C7E9088901F08AFB3B8DB8EB040403F183
:108FD000640369EB05050022A342AA410FDBBB69CC
:108FE00003F5E1739C4275F1000519DA3A4A4046EF
:108FF000494601F0A7F8394B3360BDE8F883BA79E8
:109000007B791AB39A1E012A1AD9B9690022012B59
:1090100001F5E171BA7144D08C4275F10005E5DBD0
:1090200001F068FB02F012F8BB692B4AB8EB0300B1
:1090300069F1000101F086F8294B3360BDE8F8833F
:10904000BB68012098470023BB717B79BA69012B6B
:1090500002F5E172114624D0032BDDD1944275F163
:10906000000522DA388D1C4AB8EB000069F10001D6
:1090700001F068F81B4B3360BDE8F883154FBB79EE
:109080001BB17B79023B012B20D90023BB7101F07E
:1090900031FB01F0DBFF01F023FB134B3360BDE834
:1090A000F8838C4275F10005DCDB01F023FB01F055
:1090B000CDFF388DBB698342B7D2B8EB0000064ABA
:1090C00069F1000101F03EF8084B95E7BB6801200B
:1090D0009847DAE700250020F18E0000E1940000B7
:1090E00091930000F1900000319400006194000021
:1090F000042970B5044612D00CD9052931D11B4E74
:10910000757905F0FD05012D1DD04FF40D71B020CE
:1091100002F0C8FB0239012923D8002070BDFFF7F7
:1091200091F80028F9D001F071F801F081F80646B5
:109130000D46FFF76DFD2246034629463046FFF7F0
:109140002DFF022070BDB0790028DED1B3689847AA
:10915000D6E90801064AB57100F0F4FF054B23601B
:10916000EFE74FF40F71B02002F09CFB00250020C8
:10917000F18E0000E194000002392DE9F04104294C
:109180002DD8DFE801F00309292C0C00164A537989
:10919000003B18BF012393710020BDE8F081044615
:1091A00000F09CFF01F044F80E460746FFF730FD43
:1091B0000D4D8046E869FFF791FD2246384631465D
:1091C0004346002400260027C5E90867EC61FFF745
:1091D000E5FE0220BDE8F081FFF734F8DCE740F25D
:1091E000EF11B02002F05EFB002500202DE9F04FCA
:1091F000364E96F80690B56983B08046B9F1000FF7
:1092000032D1737903F0FD03012B3ED001F010F849
:10921000431941F1000204460F46184611460193D6
:109220000092FFF7F5FC00283BD0D0E900ABAA453F
:109230007BF10001DDE9002319D200200146C6E9D7
:109240000832234A00F07EFF5046594601F046FAA4
:10925000B9F1000F02D0338D9D421CD01D4BC8F8D0
:10926000003003B0BDE8F08F4FF00009CEE7BAEB55
:1092700005006BF10001844277EB01033CBF04461B
:109280000F46631947F10002D9E7328D954299469E
:1092900038BF1546BAE7104BC8F8003003B0BDE838
:1092A000F08FB3791BB17379023B012B09D90023ED
:1092B000B37101F015FA094BC8F8003003B0BDE8EE
:1092C000F08FB36801209847F1E700BF0025002028
:1092D000F18E000091930000619400003194000031
:1092E000023970B503294AD8DFE801F005022407E6
:1092F000254B00221A71002070BD044601F002FACD
:1093000008B3214D2E796EBBFFF79CFC50B3E8618A
:10931000C5E90B6600F0D6FEE86902238377314683
:10932000C3689847D5E90801FFF742FC174B236053
:10933000022070BDFEF786FF0028DCD0124B012210
:109340001A710020D8E700200021FFF761FC08B166
:10935000FFF7F6FC01F0CEF901F078FE2046FFF7AA
:1093600045FFE5E700F064FF06460D46FFF750FCB9
:109370002246034629463046FFF710FED8E740F262
:10938000A511B02002F08EFA00250020799100008E
:10939000042938B5044621D01BD905293BD1204DDD
:1093A00001F0A0F901F04CFE6B7903F0FD03012BF5
:1093B0001ED000F03DFFAB691A4A323B65EB050554
:1093C000181845EB010100F0BDFE174B2360022089
:1093D00038BD023901291ED8002038BDFEF732FF02
:1093E0000028F9D000F012FF2046FFF7FFFEEEE75D
:1093F000AB79002BDDD100F01BFF2A8DAB699B1AE6
:10940000C5E904011818074A41F1000100F09AFE6D
:10941000064B2360DBE740F26B11B02002F042FA0A
:1094200000250020F18E0000E1920000018F000075
:10943000032910B506D801290AD840F21711B02027
:1094400002F030FA0429F8D10446FEF7FBFE08B911
:10945000002010BD2046FFF7C9FE022010BD00BF4E
:10946000042970B5044612D00CD905292CD1194E07
:10947000757905F0FD05012D14D040F23311B020AF
:1094800002F010FA023901291ED8002070BDFEF743
:10949000D9FE0028F9D000F0B9FE2046FFF7A6FE5D
:1094A000022070BDB0790028E7D1B3689847B3694E
:1094B000306A716A084AB571C01A61F1000100F0A2
:1094C00041FE064B2360EBE740F23B11B02002F077
:1094D000E9F900BF00250020F18E00009193000003
:1094E000042970B504461FD019D905292FD1FFF7DB
:1094F000A9FBF8B1184D0026E861C5E90B6600F03C
:10950000E1FDE869022383773146C3689847D5E9CE
:109510000801FFF74DFB114B2360022070BD02399B
:10952000012914D8002070BDFEF78CFE0028F9D068
:1095300000F06CFE00F07CFE06460D46FFF768FB6F
:109540002246034629463046FFF728FDE5E740F26C
:109550001721B02002F0A6F9002500207991000023
:1095600010B5EFF3108472B60B4B0C4A1B681B68E6
:1095700093420DD00A4A93420AD00A4A934207D036
:1095800001F0B8F801F062FD01F0AAF800F03EFE2B
:1095900004B962B610BD00BF002500203194000060
:1095A000619400009193000010B5054A054C0260DB
:1095B00000232060637101F06BFD3230A06110BDAB
:1095C000319400000025002008B5074B074A1968B0
:1095D0000968914202D13230986108BD40F272218F
:1095E000B02002F05FF900BF002500203194000098
:1095F00010B5EFF3108472B6034B0421186805F020
:10960000EFFF04B962B610BD0025002008B5064B77
:10961000DB6923B1BDE80840044A00F093BD40F285
:109620009321B02002F03EF900250020818F000038
:1096300008B5064BDB691BB1BDE8084000F0E6BD8C
:1096400040F29921B02002F02DF900BF0025002042
:1096500008B5054BDA690AB1D86208BD40F29F210E
:10966000B02002F01FF900BF0025002008B5054B0F
:10967000DA690AB1186308BD40F2A521B02002F0F2
:1096800011F900BF00250020044B1B6B03B11847E4
:1096900010B540F2AB21B02002F004F90025002003
:1096A000044BDB6A03B1184710B540F2B121B0207A
:1096B00002F0F8F800250020014BD869704700BF80
:1096C0000025002008B5054BDA6912B1D3E908017D
:1096D00008BD4FF42F71B02002F0E4F800250020FF
:1096E000024B323158719A6019857047002500206D
:1096F000044A537903F0FD03012B0CBF108D0020A9
:10970000704700BF00250020054B1B681BB1D3E943
:1097100008200521104710B57621452002F0C2F837
:1097200038250020054B1B681BB1D3E90820042114
:10973000104710B57021452002F0B4F838250020FC
:109740002DE9F0412A4E2B4A06F10803C31ADB101B
:1097500002FB03F305460F46DBB206EB43045A0057
:1097600094F80835C9B93368ABBBD6F84835B3BBF4
:1097700006F5A163134430601F48C6F84835FFF76B
:1097800067FF1E48FFF772FFD6F848355BB3FEF758
:109790006BFF94F8093580462BB9D5E90830394676
:1097A000BDE8F0411847FEF733FD18F12008A8EB9B
:1097B0000000C6F84C0500F08BFD0028FBD0104BD4
:1097C0000022C3F8A8253946C3F8AC25D5E90830EE
:1097D000BDE8F04118478E21452002F063F88F2143
:1097E000452002F05FF84FF4F671452002F05AF878
:1097F00038250020CDCCCCCC25970000099700005F
:1098000000F00140FFF724BFFFF730BF044B0021F9
:10981000402203F5A1601960C3F8481502F032BB7D
:1098200038250020FEF7E4BC704700BF08B5084BA0
:109830001A684AB1002107481960C3F84815D0607A
:10984000BDE80840FEF7BEBDC121452002F02AF860
:1098500038250020419700001F280AD8064B03EB4B
:10986000400393F8082522B1002283F8082501203F
:1098700070470020704700BF3825002070B50023D6
:10988000114C0D4602E00133202B19D004EB430CA0
:109890009CF8082502F0FF01002AF4D1DEB2FF2275
:1098A0008CF8082503EB830304EBC304C4E90A0521
:1098B0000648202200EBC30002F0E4FA304670BDF7
:1098C0001E46304670BD00BF3825002040250020D0
:1098D0001F2812D810B40A4B03EB400494F8084533
:1098E00044B100EB800003EBC003C3E90A1201207E
:1098F00010BC7047002010BC70470020704700BFAC
:109900003825002030B50A7887B00023CDE9003330
:10991000CDE90233CDE904330D460446002A3ED199
:10992000D1E90401203841F1FF316B7A9DF815200F
:109930000191C3F340035B0022F0030243F00103F3
:1099400013438DF815306B68174A297A8DF8141077
:1099500020330293154B039353680090C3F308031D
:109960008BB1103B5BB2002B13DB03F1604303F5BB
:10997000614393F800335B092BB969462046FEF733
:10998000C5FC07B030BD69462046FEF79DFC07B018
:1099900030BD03F00F031A44137D5B09ECE7FEF7BB
:1099A00027FC2B690493C0E700ED00E0419700001D
:1099B0001F285CD830B5044687B0344A02EB400219
:1099C00092F8083513B9002007B030BD4B7A0D4628
:1099D000C3F3800181F0010182F809150022CDE96D
:1099E0000022CDE90222CDE904222A78002A46D1BC
:1099F00028696969203841F1FF319DF815200191EE
:109A0000C3F340035B0022F0030243F0010313435E
:109A10008DF815306B681E4A297A8DF814102033A2
:109A200002931C4B039353680090C3F30803A3B144
:109A3000103B5BB2002B1CDB03F1604303F5614379
:109A400093F800335B0943B9134804EB8404694677
:109A500000EBC400FEF75AFCB6E70F4804EB8404A1
:109A6000694600EBC400FEF72FFC07B030BD0020B4
:109A7000704703F00F031A44137D5B09E3E7FEF719
:109A8000B7FB2B6904936B7AB7E700BF382500203A
:109A900000ED00E041970000402500200D4A53688A
:109AA000C3F308036BB1103B5BB2002B0BDB03F17C
:109AB000604303F5614393F800335B090BB9FEF78C
:109AC00011BDFEF79DBC03F00F031A44137D5B0923
:109AD000F4E700BF00ED00E0124A5368C3F3080347
:109AE00093B1103B5BB2002B15DB03F1604303F530
:109AF000614393F800335B0933B90B4B00EB8000F3
:109B000003EBC000FEF7EEBC074B00EB800003EB5D
:109B1000C000FEF775BC03F00F031A44137D5B0908
:109B2000EAE700BF00ED00E04025002010B5027814
:109B300086B0FAB9D0E90431044640680592203B6A
:109B400000F1200041F1FF3100930290237A8DF85B
:109B500014306846CDE903220191FEF795FDDDE959
:109B6000003220334FF0010042F10002C4E9043218
:109B700006B010BD4FF4AA71452001F093FE00BF5E
:109B80000C4BD3F8483510B573B10446FEF76CFDA5
:109B900020344FF0000343F10003201843EB010190
:109BA000FEF728FB012010BD4FF4F671452001F0AF
:109BB00079FE00BF3825002008B54FF4BA71452062
:109BC00001F070FE10B50B4C0A46D4F8481559B197
:109BD000034619462068FEF7E3FC08B9022010BDD1
:109BE000FEF714FB002010BD40F27911452001F072
:109BF00059FE00BF3825002010B51D4C6368C3F323
:109C0000080386B053B3103B5BB2002B0A4628DB37
:109C100003F1604303F5614393F800335B09EBB94B
:109C20001169547A203900915169CDE90433C4F3A4
:109C300040045368127A8DF8142041F1FF310D4A27
:109C400001916400203344F001046946CDE90232F9
:109C50008DF81540FEF7FAFC06B010BD002006B0E6
:109C600010BD03F00F031C44237D5B09D7E700BF41
:109C700000ED00E0419700001F2805D8244B03EBBE
:109C8000400393F808350BB9002070470A46214974
:109C90004B68C3F30803002BF6D0103B5BB2002BDC
:109CA0002FDB03F1604303F5614393F800335B0955
:109CB000002BE9D110B5D2E9044186B0CDE90433D7
:109CC00092F809C0144B00EB8000203C03EBC0006D
:109CD000CCF3400C5368127A8DF8142041F1FF3117
:109CE0000E4A01914FEA4C0C4CF0010C20336946AE
:109CF000CDE9023200948DF815C0FEF7A7FC06B03E
:109D000010BD03F00F0319440B7D5B09D0E700BFC2
:109D10003825002000ED00E040250020419700009C
:109D2000044BD3F8482512B11868FEF7ABBC0220EB
:109D3000704700BF38250020024B01461868FEF727
:109D4000E3BB00BF38250020FEF76EBB1F2808B517
:109D50000ED80C4B03EB400292F808256AB1083389
:109D600000EB800003EBC000BDE80840FEF75CBBE1
:109D700040F2E511452001F095FD4FF4F3714520C7
:109D800001F090FD3825002008B5074BD3F8483581
:109D90002BB1FEF769FC203041F1000108BD4FF402
:109DA000F671452001F07EFD38250020014BD3F8E7
:109DB0004C05704738250020FEF72EBA704700BFCB
:109DC000FEF728BAFEF72ABAFEF72ABA08B5FFF757
:109DD00087FC002008BD00BF00F0AABC10B50C78BD
:109DE00086B064BB0492D1E904320594203B164C42
:109DF000009342F1FF324B7A019200EB800E04EBAC
:109E000040020834C3F3400C04EBCE00C3F38003DC
:109E10004C68097A8DF8141083F001030B4982F81D
:109E2000093520344FF00002CDE902416CF34102C4
:109E300069468DF81520FEF747FA06B010BD40F2CE
:109E40003121452001F02EFD3825002041970000EA
:109E500070B4EFF3108672B617490D78ADB1174B99
:109E6000D3F80445D3F848314FF6FF7294421FD01F
:109E7000E3B147F6FE739C4218D84B68013306B92C
:109E800062B6C0E9004370BC70470C4AD2F8044582
:109E9000D2F8043153B14B6801334B60C2F804511E
:109EA000D2F80445D2F80431002BF4D14B68E6E730
:109EB000002BFBD11C46F9E7882A002000B00040A7
:109EC00010B50A4C002222742277094B094801215F
:109ED0005960C3F84025C3F840214FF400221961AE
:109EE000C0F8082501F0EAFE206210BD882A002093
:109EF0000080004000F001403749384BF0B44D6A13
:109F0000374C002201204A6058609860C3F808432B
:109F1000C3F84843C3F80421C3F84021C3F84421DF
:109F2000C3F84821002D55D02E4C2F4EC4F8A865FB
:109F30002E4AC4F8AC55C4F85C394FF40023C4F879
:109F400004350523C2F840351060D2F84031002BAB
:109F5000FBD02448002301244FF40025C0F8085505
:109F60005460D460C2F84031C2F84035C0F8A8351A
:109F7000C0F8AC35C0F8AC350B7833B391F8284055
:109F8000184816491A4E1B4DE30003F1804303F5B0
:109F9000F8330122A2404FF6FF774FF48024C0F837
:109FA0000825C1F84443C1F84875C1F80443C3F813
:109FB0001065C3F81455C0F804250F4B4FF4006228
:109FC000C3F88021F0BC1A607047044B0222C3F82A
:109FD0000423F2E71860CFE7882A002000B0004091
:109FE0000200070000F00140408100400080004076
:109FF00048B1004008B0004000E100E00D4B0E4ABF
:10A0000030B4012000210D4C58604FF40025C3F8F6
:10A010004015C3F840114FF480711861C4F8085519
:10A02000C2F88011C2F88010BFF34F8FBFF36F8F5B
:10A0300030BC70470080004000E100E000F00140CB
:10A0400030B41B4A1B4C1C4D1C480023012163608B
:10A0500051609160C2F80853C2F84853C2F8043105
:10A06000C2F84031C2F84431C2F848312278C0F811
:10A07000A835C0F8AC3572B194F828209140D200D0
:10A0800002F1804202F5F832C2F81035C2F81435F8
:10A09000C0F8081523700A4B4FF40062C3F8802102
:10A0A000C3F88020BFF34F8FBFF36F8F30BC704772
:10A0B00000B00040882A00200200070000F00140A4
:10A0C00000E100E0044B4FF080411A6A0123C1F81F
:10A0D00008351360704700BF882A002010B4144C64
:10A0E0001449154A0023C4F8A8350120C4F8AC353A
:10A0F0004FF0FF3448600861C1F808430F48916889
:10A100004FF48074C0F8804141B10D494FF4803064
:10A11000C1F808031374C1F840319360126A10BC8F
:10A120004FF080410023C1F808351360704700BF2D
:10A1300000F0014000800040882A002000E100E09B
:10A1400000B0004070B52E4CA36888B0002B51D1F0
:10A150000DF10B03009304ABA26003AA01F040F8D9
:10A160009DF80B300F2B06D9DDE90432013342F1A3
:10A170000002CDE9043206A8FFF76AFE069B2678A6
:10A18000079800220533DDE9041542F10002B6B953
:10A190004FF08076E0FB0632994275EB020220D345
:10A1A0000B0E43EA052321F07F41164A4FF480301D
:10A1B000C2F84015E360C2F8040308B070BD4FF464
:10A1C0008036E0FB0632994275EB020209D30B0C94
:10A1D0004FF6FF7289B243EA0543002908BF1146D2
:10A1E000E3E7FF232374084B4FF40062C3F8002118
:10A1F00008B070BD40F26121052001F053FB00BFA3
:10A20000882A002000B0004000E100E0064B9A6878
:10A210004AB106494FF48032C1F8082300221A746B
:10A22000C1F840219A607047882A002000B00040A1
:10A2300038B5EFF3108572B621490C78BCB1214BCB
:10A24000D3F80405D3F848314FF6FF7290422ED070
:10A250005BB347F6FE73984227D84C680134CDB102
:10A2600000F07AFF184D0021E4FB050138BD154AC6
:10A27000D2F80405D2F8043153B14B6801334B6076
:10A28000C2F80441D2F80405D2F80431002BF4D10D
:10A290004C681DB962B60B78002BE1D10B4D00F074
:10A2A0005BFF0021E4FB050138BD4C68D7E7002BBC
:10A2B000FBD14C680DB92846ECE7034D1846EEE794
:10A2C000882A002000B0004080841E000080841E88
:10A2D00070B5EFF3108672B6224C217891B1224B03
:10A2E000D3F80405D3F848314FF6FF72904230D0CE
:10A2F0006BB347F6FE73984229D865680135A6B15D
:10A300001A4E17E0184AD2F80405D2F8043153B1B6
:10A31000636801336360C2F80411D2F80405D2F80F
:10A320000431002BF4D165681EB962B62378002B86
:10A33000E6D10F4E00F010FFD4E90C120023E5FB2C
:10A340000603884293412CBF0120002070BD656840
:10A35000D5E7002BFBD165680EB93046E5E7034E23
:10A360001846E7E7882A002000B0004080841E00DD
:10A370000080841E194B1A4810B5012200214FF4A9
:10A3800000245A60C3F84015C3F840111A61C0F8A0
:10A390000845D3F8040520F00300C3F80405D3F8FA
:10A3A000080540F003001021C3F8080591FAA1F157
:10A3B000B1FA81F109290CDC0A48C3F810154FF4F1
:10A3C0008074DA60C0F8804104605A60DA601A6014
:10A3D00010BD05484FF4737101F05AFA0080004037
:10A3E00000F0014000E100E058D002002DE9F04704
:10A3F000444D454E012100234FF4002284B0696092
:10A40000C5F84035C5F840312961C6F80825D5F8AA
:10A41000042522F00302C5F80425D5F8082542F0EA
:10A420000302C5F80825102292FAA2F2B2FA82F2CB
:10A43000092A62DCC5F81025344ADFF8D480E960C7
:10A440004FF48070C2F880011060324A6960E960A0
:10A45000C6F8A82598F80020C6F8AC5502A85AB34B
:10A46000019304E00123C6F808A56B60EB60FFF7D9
:10A47000EFFCDDE90243DDF804904FF4002A4FF4CD
:10A480008037C6F804A5E3FB0749FFF7E1FCDDE9E7
:10A4900002320199E2FB0731494508BFA342E1D1ED
:10A4A000601C49F1000100F065FE02460B46C8E958
:10A4B0000C2304B0BDE8F087019204E00123C6F844
:10A4C00008A56B60EB60FFF7C3FCDDE90243DDF834
:10A4D00004904FF4002A4FF08077C6F804A5E3FB00
:10A4E0000749FFF7B5FCDDE902320199E2FB0731CC
:10A4F000894508BF9C42E1D1D2E707484FF4737108
:10A5000001F0C6F90080004000F0014000E100E0E9
:10A51000882A002000B1004058D0020010B5029CEB
:10A52000201841F10001801A61EB0301B0F1004FE6
:10A5300071F1000100DA10BD40F23131052001F067
:10A54000B1F900BF38B5EFF3108572B621490C7828
:10A55000BCB1214BD3F80405D3F848314FF6FF7254
:10A5600090422ED05BB347F6FE73984227D84C68D2
:10A570000134CDB100F0F0FD184D0021E4FB0501E0
:10A5800038BD154AD2F80405D2F8043153B14B68EE
:10A5900001334B60C2F80441D2F80405D2F804310B
:10A5A000002BF4D14C681DB962B60B78002BE1D1B9
:10A5B0000B4D00F0D1FD0021E4FB050138BD4C68D6
:10A5C000D7E7002BFBD14C680DB92846ECE7034DCB
:10A5D0001846EEE7882A002000B0004080841E0064
:10A5E0000080841E014B5861704700BF882A0020FC
:10A5F000F0B5304C636989B0002B55D0EFF310856E
:10A6000072B60DF10B03009303AA04AB00F0E8FD52
:10A610009DF80B300F2B06D9DDE90432013342F1EE
:10A620000002CDE9043206A8FFF712FC069B27784A
:10A63000079E05334FF00002DDE9041042F10002ED
:10A64000C7B94FF08077E6FB0732994270EB020200
:10A6500022D30B0E43EA002321F07F41164AA36167
:10A660004FF40033C2F84415C2F8043305B962B69A
:10A6700009B0F0BD4FF48037E6FB0732994270EB2A
:10A68000020209D30B0C4FF6FF7289B243EA004372
:10A69000002908BF1146E1E7FF232377074B4FF45A
:10A6A0000062C3F80021E1E740F24131052001F0EA
:10A6B000F9F800BF882A002000B0004000E100E067
:10A6C000014B1878704700BF882A0020024B0122F6
:10A6D0001A7083F828007047882A0020704700BF4E
:10A6E000704700BF024B0122C3F84423704700BFEC
:10A6F00000B00040024B0122C3F84823704700BF5E
:10A7000000B0004008B500F0A7FC30B9074A936BD1
:10A710000133312B936304D808BD044B00229A63A4
:10A7200008BD4FF46271052001F0BCF8882A0020B2
:10A73000014B5862704700BF882A002010B53F4C7B
:10A74000237882B0002B55D03D4BD3F8042352031D
:10A750005BD43B4BE168D3F80423D00334D5D3F862
:10A760004031002B30D0636899425DD800232374B8
:10A77000334AA168C2F840314FF48030C2F8080370
:10A78000002955D0A36088472D4BA169D3F8042335
:10A79000920324D5D3F844310BB363688B423FD383
:10A7A00000222277264B6169C3F844214FF4003020
:10A7B000C3F8080300293BD08847214BD3F8403128
:10A7C0000193019B02B010BD6268237C002BCDD1A8
:10A7D0009142D9D91A4B0022C3F84021D4E76268CC
:10A7E000237F002BDCD18A42E7D2154B0022C3F82D
:10A7F0004421E2E7124AD2F804110029A9D0C2F894
:10A800000431636801336360A3E7D3F84821002A69
:10A810009FD00022C3F8482163680133636098E742
:10A82000237F002BE1D0BBE7237C002BD2D09DE718
:10A8300040F2CA31052001F035F800BF882A002017
:10A8400000B00040014B187D704700BFB0230020CE
:10A85000042810B511D883B104280CBF1024282473
:10A86000A1420AD2064C54F8200018B141568A423F
:10A87000A8BF0A461A70002010BD6FF01500FBE754
:10A88000B023002030B50346114890F91C209A42AD
:10A8900019DD90F924209A4217DA9A1A846AA05C8A
:10A8A0000C4A15569D420DD00E32002918BF0130BA
:10A8B0009442C0B206D129B1013BDBB2012B01D8D1
:10A8C0000130C0B230BD0D20FCE70020FAE700BF28
:10A8D000B023002090C4020008B5054B93F91C304A
:10A8E000984203DAFFF7CEFF024B1B56184608BD0D
:10A8F000B023002090C4020008B5184B93F82C2018
:10A90000FAB9012283F82C20154A1268A2F1080036
:10A91000082803D813490141C90709D5911F0929FE
:10A9200010D9013212D04FF4DF71742000F0BAFF59
:10A930000D4A9A62D8221A6283F8242008229A616A
:10A940001A7708BD094A0A41D207ECD4084A9A622C
:10A95000D8221A6283F824200422F0E7B0230020D2
:10A9600088240020DEFEFFFFCBC40200EEFCFFFFC8
:10A970009EC4020010F0FF0008B508D14FF08043DC
:10A9800001225A60C3F80001034B187008BD8421EE
:10A99000B52000F087FF00BFDD230020014B01221E
:10A9A0001A707047DD23002008B548B94FF0804386
:10A9B000D3F8003113B9044B187808BD0120FCE727
:10A9C000D021B52000F06EFFDD230020044B186875
:10A9D000062818BFB0F1FF3F0CBF012000207047D0
:10A9E0008824002008B5094B1A680A2A02D1084BAE
:10A9F0001B6823B1FFF7EAFF08B9082A04D14FF01A
:10AA000080430222C3F8342C08BD00BF88240020F4
:10AA10008C240020F8B50F4E0127375404460D460C
:10AA200004F0CFFC60B934B94FF08043B770756063
:10AA3000C3F80473F8BD4FF494716D2000F032FF39
:10AA4000002DF7D01CB92046A8477460F2E740F209
:10AA50004311F2E7E0230020044B191800228A700A
:10AA600003EB80011A544A60704700BFE0230020C6
:10AA700010B5034CA08100F045FCE08110BD00BF83
:10AA8000E0230020014B188A704700BFE02300201C
:10AA9000014B9889704700BFE023002010B5EFF309
:10AAA000108472B6064B03449A7C0132D2B29A7477
:10AAB0009B7C012B01D104F078FC04B962B610BD77
:10AAC000E023002010B504F0A4FC04F07AFC4FF061
:10AAD0008044084940B1FFF785FF01232361042327
:10AAE0000B7500234B7510BD03230B750123C4F8B0
:10AAF0000433F6E7E023002010B5EFF3108472B6BC
:10AB0000094B03449A7C22B940F267216D2000F082
:10AB1000C9FE9A7C013AD2B29A749B7C0BB9FFF7BA
:10AB200029FF04B962B610BDE0230020024B187D56
:10AB3000003818BF01207047E023002073B51B4D7B
:10AB4000EB7D63B9686A00F0030004F052FC30B199
:10AB5000EFF3108372B62A7D1AB103B962B602B060
:10AB600070BD01222A7503B962B64FF080430822F6
:10AB7000C3F808234FF42073ADF80630BDF8064043
:10AB8000A4B2631E9BB2ADF80630002CF6D14FF094
:10AB900080460748C6F80C4104F05DFD85F8294061
:10ABA000FFF790FF0823C6F80433D8E7E02300201E
:10ABB000082400202DE9F347484CA37D002B00F02A
:10ABC0008A800323ADF804304FF08043D3F800515E
:10ABD000F5B9D3F80481B8F1000F09D04FF08043E4
:10ABE0000022C3F804210222C3F80823FFF7A6FFBE
:10ABF00094F829603A484FF08047F6B2D7F80C81B4
:10AC000004F02DFD48B340F253316D2000F04AFEB0
:10AC100000258DF804500122D3F80481C3F80823DD
:10AC20000DF10409271DA61C19F8010B03280AD0F1
:10AC3000337843B13B684FF0000A86F800A013B1A7
:10AC40009847C7F800A06B1C022B07F1040706F118
:10AC500001064FF00105E7D1BDE745B1237D032B88
:10AC600005D104232375FFF7BDFE01233B61B8F135
:10AC7000000F1FD04FF080430022C3F80C21237D2A
:10AC8000042B02D040F27931BFE7164B1A680A2A2A
:10AC900002D1154B1B6823B1FFF798FE08B9082AAB
:10ACA00004D14FF080430022C3F8342C02232375D3
:10ACB00004F0B2FB4EB1002384F82930237D022B2F
:10ACC00001D1FFF7FFFE04F0A7FB054802B0BDE885
:10ACD000F04704F0D3BC02B0BDE8F087E0230020C9
:10ACE00008240020882400208C24002010B5054C66
:10ACF000606A00F0030004F07CFB0028F8D000201C
:10AD000010BD00BFE0230020F8B5054650B1027821
:10AD1000042A07D8437842B9013B1F2B02D8837815
:10AD2000212B07D96FF0150076E0002BFAD183783C
:10AD3000002BF7D17B4B0127C3F88070BFF34F8FF7
:10AD4000BFF36F8F4FF08046C3F88071764C0B23B2
:10AD5000C6F808330023C6F80031C6F80431C6F837
:10AD60000C31A374E374AB88238204F02DFB08B18B
:10AD70002770A774D6F80C24D6F80C34D20303D568
:10AD8000DF0701D5FFF70AFE4FF4AF60FFF770FE53
:10AD90002B78A978E3750022626221766275042B14
:10ADA0004DD8DFE803F005033A484A000123636207
:10ADB00004F011FB00284DD004F014FB636A03F08B
:10ADC0000303984246D1AB79002B3DD1FFF78EFFAC
:10ADD000237E6BB12B785BB904F0F3FA054600F0E3
:10ADE000B9FE6FF00043002D00F09980C4E907031D
:10ADF0004FF08043D3F80C24D3F80C34D20303D59E
:10AE0000DB0701D5FFF7CAFD464A01230020207564
:10AE1000A375C2F880311360F8BD04F0FAFA4FF060
:10AE20008043D3F80C14D3F80C24CE03F9D5D00703
:10AE3000F7D50223BBE73D4BB9E73D4BB7E740F2FF
:10AE40002E516D2000F02EFD4FF080430222C3F8FA
:10AE50000423BDE74FF080430122DA600022C3F8EB
:10AE60000421626AC3F81825324A1368A3F10E015F
:10AE7000012904D90A2B02D0FFF7A8FD48B14FF0F1
:10AE800080534FF08041D3F84432C3F34233C1F8CA
:10AE90003C351368A3F10E02012A04D90A2B02D013
:10AEA000FFF794FD20B14FF080430122C3F84C25F9
:10AEB0004FF0804301229A600222C3F80423AA794A
:10AEC000002A85D1D3F80423910702D440F2E1414E
:10AED000B7E7194A1669116941F010011161D3F8F9
:10AEE000043106F010060BB904F0D5FB4FF0804793
:10AEF000D7F8043183B1FFF7F9FE26B90E4A13697A
:10AF000023F0100313614FF080430222C3F808239B
:10AF10000022C3F804215BE704F0BBFBE8E7C4E9C7
:10AF2000073065E700E100E0E023002001000200B7
:10AF3000010003008824002000ED00E010B50D4C56
:10AF400004F1280004F08BFB48B9237D022B01D1CA
:10AF5000FFF7B8FDBDE81040074804F08FBB074A73
:10AF6000012384F82930BDE81040C2F8003104F014
:10AF700050BA00BFE02300200824002000E100E0D8
:10AF800038B50C4B0C46197919B18D216F2000F0A2
:10AF900089FC60B95D790DB1002038BD01225A717C
:10AFA000FFF77CFD21462846FFF734FDF4E76FF0FC
:10AFB0001500F2E70C24002038B50B4D2B79044620
:10AFC0001BB1A4216F2000F06DFC50B96B790BB957
:10AFD000002038BDFFF740FD20466C71FFF78CFD67
:10AFE000F6E76FF01500F4E70C24002010B501B36C
:10AFF000F0B14FF0FF33104A1C46E0FB013494429D
:10B0000003D9E5216F2000F04DFC1A0D42EA04320D
:10B01000C3F30F10094B00EB02404FF22444B2FB84
:10B02000F4F103FB1100B0FBF4F040EA0140013001
:10B0300010BD0846FCE700BF3F420F00000024F4AB
:10B04000014B9B68184700BF0C240020014BDB68B4
:10B05000184700BF0C240020014B1B69184700BF94
:10B060000C240020014B1B6A184700BF0C24002051
:10B07000014BDB69184700BF0C240020034B1A79F1
:10B080000AB9FFF7FFBC988D704700BF0C24002061
:10B09000034B1A790AB9FFF7FBBC988A704700BFC7
:10B0A0000C240020024B1B790BB9FFF747BD7047FA
:10B0B0000C240020014B9B69184700BF0C24002082
:10B0C00010B5144C2379A3B1636A9847002806DBB6
:10B0D00094F82E3023B1012384F83230002010BDC3
:10B0E000FFF7E8FF0028F6DA40F2A5116F2000F024
:10B0F000D9FB094BA361094BE361094B2362094B5F
:10B10000A360094BE360094B2361FFF7FDFD0028B5
:10B11000E1D0E4E70C240020EDAC00003DAF0000DE
:10B120002DAB000013F4000019F400001FF4000020
:10B1300038B5084B1D79044625B140F2F9116F204E
:10B1400000F0B0FBFEF740FA2046FFF791FC2846DE
:10B1500038BD00BF0C24002043F60952C0F3080399
:10B1600002FB03F3400A03F5807302FB00F000EBDF
:10B170005320704710B5C0F34E22C0F30804000EF0
:10B1800040EA012043F60953090E03FB04F403FBD4
:10B1900002F24FEA401E4B01BEEB000E43EAD063C1
:10B1A00004F5807402EB542263EB01044FEA841C23
:10B1B0004FEA8E13B3EB0E034CEA9E6C6CEB040C5F
:10B1C0004FEACC0C4CEA537CDB001B1841EB0C0122
:10B1D000D803C903101841EA534141F1000110BDE1
:10B1E0002DE9F04180460C4617461E46FFF768FAE7
:10B1F000D0B13D4B9C426FD83C493D484FEA585234
:10B2000042EAC422A1FB0243C8F34F149B0B04EB98
:10B21000024400FB1344A1FB0414A40B44EA0344BE
:10B22000344B03FB148819E0334B9C4258D82F4908
:10B230002F484FEA587242EAC402A1FB0243C8F306
:10B240004F349B0B04EB024400FB1344A1FB04149A
:10B25000A40B44EA0344294B03FB148848F23762E9
:10B260004FEA583302FB03F31B0C43F60952244DFB
:10B2700002FB138101FB05F56D0D05FB02F205EBE9
:10B28000432502F574530833B1EB532F21D802F54F
:10B290008072A1EB5221C9B2069B1970FFF710FA18
:10B2A00058B123045D194FEA144444F10004C6E97F
:10B2B0000054C7F80080BDE8F08123065D194FEA0D
:10B2C000142444F10004C6E90054C7F80080BDE826
:10B2D000F08101350021DFE79D219B2000F0E2FA9B
:10B2E000A6219B2000F0DEFA7F841E0083DE1B4334
:10B2F000000024F480841E00FF7F841E0080841ED2
:10B300006F0C0100420B48F2376303FB02F2120C90
:10B3100043F6095C084B0CFB120101FB03F303F538
:10B3200086336E335B0D0CFB03FC5002B1EB5C2FDC
:10B3300088BF0130184470476F0C0100034610B3FA
:10B34000007888B91A79012A1ED85A79012A1BD89F
:10B350009A680E49643A8A4216D8D8680C4B9842CB
:10B360002CBF00200120704701280CD11A79012A36
:10B3700009D85A79012A06D8DA680449643A8A4217
:10B3800001D89868EAE70020704700BF3C860100BA
:10B390000040420FF8B5044620B94FF4DC716A2032
:10B3A00000F080FA90F82C50072900F2FF80DFE8C7
:10B3B00001F004B65D5D8D97A1A890F82A30033B9B
:10B3C000012B02D940F2C311E9E7052380F82A30A6
:10B3D000002380F82D3003789BB32378012B3DD1D7
:10B3E000FEF7D2FC94F8286063686362C4E9060142
:10B3F000BEBB734B0122DA60C3F84065C3F84061FD
:10B40000C3F84465C3F84461C3F84865C3F84861AC
:10B41000C3F84C65C3F84C616A4B4FF48072C3F8B3
:10B4200080213146204604F017F8236A3146284629
:10B4300098470146204600F0F1F8022840F0B98014
:10B44000F8BDFEF7EFF906460F46FEF79DFC1F36E6
:10B4500047F1000786428F41F3D3BEE7D4E90401E8
:10B46000C0E72046BDE8F84000F0AEB890F82A30BA
:10B47000DA1E012A02D940F2FB1190E790F8282049
:10B480002AB121462846BDE8F84003F0CBBF042B83
:10B4900014BF01230223022980F82A30036A0AD14B
:10B4A0000521284698470028CAD00378002BC7D02A
:10B4B0004FF4047173E70621284698470028BFD04F
:10B4C0000378002BBCD040F2152168E790F82A30B1
:10B4D000052B02D04FF4077161E7036A0221A6E74A
:10B4E00090F82A30052B02D040F2222157E7036A58
:10B4F00001219CE790F82A30052BB2D04FF40A7155
:10B500004DE790F82A30052B02D040F22D2146E776
:10B51000036A0A21284698474FF40C713FE790F8D8
:10B520002A30052B07D090F829200AB1032B02D02E
:10B530004FF40D7133E794F82820002AA1D194F834
:10B540002D3093B1022384F82A3084F82D20236A09
:10B5500008212846984700283FF472AF0378002B53
:10B560003FF46EAF4FF4107119E794F8292062B1DF
:10B5700094F82B0084F829302146FEF719FA0028A8
:10B580007FF45EAF40F2452109E7022384F82A30B8
:10B590000721236A2846984700283FF451AF0378D3
:10B5A000002B3FF44DAF4FF41371F8E640F25121F8
:10B5B000F5E60128236A0CBF0421032137E700BF09
:10B5C0000080004000E100E070B50446FEF72AF973
:10B5D000D4E90632656A503342F100025B1942F148
:10B5E000000205F5DF6540F2F966B5FBF6F55B197B
:10B5F00042F1000283428A4103D207212046FFF72D
:10B60000C9FE054C236813B1984700232360BDE8A9
:10B610007040FEF70BB900BF4024002070B504460F
:10B620000D4639B9012380F82D30FFF7CDFF0226F2
:10B63000304670BD0E78032E6AD801A353F826F069
:10B640002FB6000051B60000B3B600006FB6000080
:10B650004868C72801D80026EAE70421FEF7B2FAB5
:10B660000028F8D16968204603F0F6FEE0E790F87C
:10B670002860F6B94D682846FFF760FE002847D0DD
:10B680002B78C3B9012222702B79003B18BF01230C
:10B6900063726B79002B14BF042302232372AB68FF
:10B6A0006F336360EB682361032384F82A3084F8E6
:10B6B00029202046B9E794F82A30052B04D04FF40E
:10B6C000CF716A2000F0EEF826702B7994F82B00E9
:10B6D000003B18BF012363726B79002B14BF042356
:10B6E00002232372EB68A9686F336360D4E90632E2
:10B6F0005B1842EBE172C4E90432042384F82A3077
:10B700002146FEF755F90028D3D14FF4D071D8E780
:10B71000012384F82D30CCE72DE9F843884607460D
:10B7200088B300F035F84FF0000905465FFA89F656
:10B73000B54203D86FF00B00BDE8F883304600F047
:10B740002DF890F82A4009F10109002CEED130467D
:10B7500000F024F80546048580F82A4080F82C6023
:10B7600001460A48FEF78AF8202885F82B0002D106
:10B770006FF02200E0E701232F6285F82A3020468F
:10B7800088F80060D8E76FF01500D5E795B30000A2
:10B79000014B1879704700BF44240020044B1A79EC
:10B7A000824283BF1B68302202FB003000207047BA
:10B7B000442400200A4610F0030110B50AD1074CBA
:10B7C0002271206008B9002010BD30235A4300F0D8
:10B7D00059FBF8E76FF00D00F6E700BF44240020A6
:10B7E000BFF34F8F0549064BCA6802F4E06213436A
:10B7F000CB60BFF34F8F00BFFDE700BF00ED00E05F
:10B800000400FA05094B01225A604FF0FF32C3F8D9
:10B810000823074B4FF48042C3F88020BFF34F8FBB
:10B82000BFF36F8FC3F88021704700BF00E0004076
:10B8300000E100E0094B01225A604FF0FF32C3F8EB
:10B840000823074B4FF48052C3F88020BFF34F8F7B
:10B85000BFF36F8FC3F88021704700BF00C0004066
:10B8600000E100E0084B0022C3F8FC2F0122C3F8DE
:10B87000FC2F064B0222C3F88020BFF34F8FBFF38B
:10B880006F8FC3F8802170470010004000E100E096
:10B8900008B572B6024B5B6803B19847FFF7A0FF8B
:10B8A0004C2400201FB572B6134B5D6895B9FFF7A5
:10B8B00097FF2346B2FBF6F25C1C002AF9D104AED6
:10B8C000DCB256FA83F303F80C2C0A2234B901A82F
:10B8D000A847ECE7024600230A26EDE7631E04AE04
:10B8E000DCB256FA83F3B0FBF2F602FB16003030FE
:10B8F00003F80C0C3046E9E74C240020F8B51F4E45
:10B90000337805460C461746A3BB00F0CBF9FEF78B
:10B91000F3FF77603472FFF7A5FFFFF78BFFFFF7A8
:10B9200071FF174B002D14BF28461846FFF7C8FBC0
:10B930000546E8B9FDF76AFFFFF7B4FB03F0A3FD86
:10B94000FCF738FC18B9BE211120FFF7ABFF002C23
:10B950000CDB04F01F026409A40004F1604404F548
:10B96000614401239340C4F8803123600123337084
:10B970002846F8BD4FF0FF35FAE700BF4C24002001
:10B98000FCC40200074B93F90830002B09DB5A096D
:10B99000012103F01F03994002F14003024A42F8DB
:10B9A000231070474C24002000E100E0014B187880
:10B9B000704700BF4C2400202DE9F047DFF8CC9001
:10B9C000334C344D344F82B00246012699F8008042
:10B9D0005FFA88F8FF2389F80030B8F1000F01D032
:10B9E00089F80130EFF3108172B600236660C4F865
:10B9F0000031C4F80431C4F80425266039B962B6B0
:10BA000005E0D4F8043133B92B69DB0621D4D4F82E
:10BA10000031002BF5D0D4F80431002BE2D1B8F17D
:10BA2000000F13D199F80130DBB289F801800320AF
:10BA30004FF48041C4F80803C4F80481C4F80081BD
:10BA4000C7F8801189F80080002BBFD102B0BDE893
:10BA5000F0874FF48043C7F88031EFF3108A72B655
:10BA60000323C4F80433D4F8003113B9D4F80431F3
:10BA70001BB1BAF1000FCAD1C1E7019203F009FE70
:10BA8000019ABAF1000FC2D1B9E700BF58240020D3
:10BA900000E0004000ED00E000E100E070B5144679
:10BAA000DA078CB01D4686468C4633D5C36842689B
:10BAB0001BBA0093CB681BBA049383681BBA01932B
:10BAC00003681BBA03938B6812BA1BBA02920593E0
:10BAD0004A680B6812BA1BBA6E4606920793304644
:10BAE000FFF76AFFAB070DD5DDE90A10DDE9083283
:10BAF00000BA09BA12BA1BBA20606160A260E360A2
:10BB00000CB070BD08AD0FCD20606160A260E36035
:10BB10000CB070BDDEF80410DEF80820DEF80C3042
:10BB20000068EE46AEE80F00DCF80000DCF8041018
:10BB3000DCF80820DCF80C306E46AEE80F00CEE7EB
:10BB400010B5002482B0CDE90044FFF7A7FF02B092
:10BB500010BD00BF1A4B4FF4805270B5C3F880205F
:10BB6000BFF34F8FBFF36F8F164C174D0021C4F8F2
:10BB70000011C3F880212E692B6943F010032B615B
:10BB80000123C4F8043306F010062360D4F8003112
:10BB90009BB11EB92B6923F010032B610123D4F84C
:10BBA00008056360C4F808330023C4F80031044B6F
:10BBB0004FF48052C3F8802170BD03F06AFDE5E7C1
:10BBC00000E100E000C0004000ED00E00B4938B5A6
:10BBD000042301EBC302157905F0FF042DB1013BED
:10BBE000F7D240216920FFF75DFE41F833000121C3
:10BBF000547194711171D8B238BD00BF5C2400201B
:10BC0000042808B503D947216920FFF74BFE034BF1
:10BC100003EBC00300221A7108BD00BF5C240020A2
:10BC2000042808B503D950216920FFF73BFE094BD2
:10BC300003EBC0000379012B01D05121F4E74379D4
:10BC400082790133DBB29A4218BF4371BDE80840E4
:10BC5000FFF798BE5C24002038B5114D052495F8F7
:10BC6000281005EBC1031A79012A09D158799A796C
:10BC7000904205D05A79D2B29A7155F8313098472E
:10BC800095F828300133DBB2052B04F1FF3428BFCF
:10BC9000002314F0FF0485F82830E0D138BD00BF40
:10BCA0005C2400204FF08052034BD2F83011196011
:10BCB000D2F834215A60704788240020084B1B6852
:10BCC000083B082B0AD840F2211222FA03F313F0A2
:10BCD000010F044B044818BF1846704702487047CC
:10BCE0008824002000E701400C050040144B1B682D
:10BCF000062B03D0013301D020BF7047EFF3108033
:10BD000072B6104A1369116941F0100111610E49B0
:10BD1000D1F80021D1F804110A4303F0100300D038
:10BD200040BF20BF00BF00BF00BF00BF23B9054A0E
:10BD3000136923F01003136100B962B6704700BFA6
:10BD40008824002000ED00E000E100E0914270B5A1
:10BD50003FD2B2FA82F33BB1C3F1200420FA04F4DB
:10BD60009940214398409A40150CB1FBF5FC05FB26
:10BD70001C1E4FEA0E4E030C84B20EEB10401FFA4D
:10BD800082FE0CFB0EF6864206D9361A964294BF06
:10BD900001260226ACEB060C03EB01430CFB12332D
:10BDA000B3FBF5F005FB103304EB034400FB0EFE80
:10BDB000A6454FEA0C4C09D9AEEB040E964594BF4C
:10BDC0004FF0010E4FF0020EA0EB0E0040EA0C0007
:10BDD00070BD73219620FFF765FD00BF2DE9F84384
:10BDE0001C4652EA040349D0074615460E4684B95C
:10BDF000914204D2FFF7AAFF2146BDE8F88321460D
:10BE00003046FFF7A3FF04462A46384604FB156177
:10BE1000F0E74FF00108B4FA84F908FA09F3A3FB3C
:10BE2000021220FA08F003FB042240EAC67026FA48
:10BE300008F1FFF78BFFC9F11F0230FA02F34FF050
:10BE4000000C08D140461946AF42A6413CBF1846F7
:10BE50006146BDE8F8835A1E61466CEB0C0C05FB8D
:10BE60000CFE02FB04EE18461346A5FB0228BA1A84
:10BE70000EEB080766EB07061746E5E7A6219620B6
:10BE8000FFF710FD10F0030FC9B2034607D0BAB395
:10BE900003F8011B13F0030F02F1FF32F7D170B565
:10BEA000032A01EB012404EB04441ED9161FB50834
:10BEB000032E05F1010521D94FEA550E03EBCE0EF5
:10BEC0009C46CCE900440CF1080CF445F9D115F07E
:10BED000010F04D025F0010503EB85052C6026F049
:10BEE00003060433334402F0030232B1012A19700D
:10BEF00003D0022A597018BF997070BD1D46EDE736
:10BF0000704700BF844641EA000313F003037DD16C
:10BF1000403A51D3F0B4F0C9F0C0F0C9F0C0F0C954
:10BF2000F0C0F0C9F0C0403AF5D2F0BC44E0403A6D
:10BF300042D300BF51F8043B40F8043B51F8043BA6
:10BF400040F8043B51F8043B40F8043B51F8043BF3
:10BF500040F8043B51F8043B40F8043B51F8043BE3
:10BF600040F8043B51F8043B40F8043B51F8043BD3
:10BF700040F8043B51F8043B40F8043B51F8043BC3
:10BF800040F8043B51F8043B40F8043B51F8043BB3
:10BF900040F8043B51F8043B40F8043B51F8043BA3
:10BFA00040F8043B51F8043B40F8043B51F8043B93
:10BFB00040F8043B403ABDD2303211D351F8043B33
:10BFC00040F8043B51F8043B40F8043B51F8043B73
:10BFD00040F8043B51F8043B40F8043B103AEDD2E2
:10BFE0000C3205D351F8043B40F8043B043AF9D233
:10BFF000043208D0D2071CBF11F8013B00F8013B06
:10C0000001D30B8803806046704700BF082A14D311
:10C010008B078CD010F0030389D0C3F10403D21A2C
:10C02000DB071CBF11F8013B00F8013BFFF47FAFB9
:10C0300031F8023B20F8023B79E7043AD8D3013AC1
:10C0400011F8013B00F8013BF9D20B7803704B78F3
:10C0500043708B7883706046704700BF53B94AB90C
:10C06000002908BF00281CBF4FF0FF314FF0FF3000
:10C0700000F00CB8ADF1080C6DE904CE03F037FB0D
:10C08000DDF804E0DDE9022304B07047704700BF2B
:10C09000F6F758BE01F024BB01F025BB01F01DBB33
:10C0A0001FB5014601A800F006F801A801F005FF40
:10C0B00005B05DF804FB0B88C3F30B0383804B884A
:10C0C000C380002343724B78C3F30113012B03D0C9
:10C0D0009A1E534253415B00043103720160704762
:10C0E00010B58B880370437803F0F00343708A889F
:10C0F000C2F3032213434370CA888270CA8803F0D4
:10C10000CF03120A4370C2700A7A120102F03002A1
:10C11000134303F03F0343704A7A43EA82134370A8
:10C120000C4609680430814205D0E288FB2A28BF0A
:10C13000FB22FFF7E7FEE0880430C0B210BD70B507
:10C140000B78192B05460C4612D8CBB1013B182BA6
:10C1500016D8DFE803F01A2615999FA5ABB1B5B73D
:10C16000C7CD1515152ABBC1D1D7DDE3E9EFF50021
:10C17000822B4FF0FF0200F0E980832B00F0EA8071
:10C1800040F26721C720F4F7F5FE0C230B7008235B
:10C19000637066780236324621462846FFF7B2FEC3
:10C1A00049E01A230B700123F2E72920F5F7DCF8A8
:10C1B00030B13E232370222363702923A370E8E764
:10C1C0000A20F5F7D1F83E2305F1080204F1080131
:10C1D0002B7090B30A23AB70E378EB70A3882B71BC
:10C1E000A3881B0A6B71A379AB71E379EB71A36828
:10C1F000AB608B889380D4F80E30C5F80E30638A1C
:10C200006B8263696B61238B2B83638BAB76638B50
:10C210001B0AEB76A38B2B77A38B1B0A6B77E38B25
:10C22000AB77E38B1B0AEB7794F8203085F820304E
:10C230001F266E700236304670BD0123AB70E37866
:10C24000EB70A3882B71A3881B0A6B71A379AB7168
:10C25000E37903F00103EB71A368AB608B889380F3
:10C26000638BAB73638B1B0AEB73A38B2B74A38B56
:10C270001B0A6B74E38BAB74E38B1B0AEB7494F8AF
:10C2800020302B751326D4E73E230B7004234B700C
:10C29000142393E73E230B700C234B7004238DE78C
:10C2A0003E230B700A234B70032387E73E230B705A
:10C2B0000D234B70052381E705232370042367E7D3
:10C2C0000823FAE730230B70032361E73E230B704A
:10C2D0000B234B70072371E73E230B7006234B7033
:10C2E0000C236BE713230B708B789B0001334FE714
:10C2F00057230B7002234BE73E230B7006234B7032
:10C3000012235BE73E230B7009234B70132355E781
:10C310003E230B7005234B7020234FE73E230B7009
:10C3200009234B70212349E7FF230B700B234B702C
:10C33000A22343E7FF230B7005234B70A3233DE7A4
:10C34000FF230B700D234B70802337E70A700D22FB
:10C35000627033E70A700222FAE708B510B96FF08D
:10C36000150008BDFFF79CFE0028F8D00020F8E774
:10C3700010B50C4648B141B1F4F750FF00282070C9
:10C380000CBF6FF02200002010BD6FF01500FBE71E
:10C3900008B5F4F7C7FF002008BD00F034BE08B5AB
:10C3A000F4F7D2FF002008BD01F010B901F01EB96A
:10C3B000034602221A709A7090225A713D229A7195
:10C3C0006A22DA716FF00E021A726FF05A025A7214
:10C3D0006FF0520200209A7264225870D87018715F
:10C3E000DA72704700F05CBE70B5044602F02FFFB1
:10C3F000012805461AD1601C02F030FFB0B1A379C4
:10C4000063F03F03A3710020F6F722FFE61D38B169
:10C41000102200213046FFF735FD2570002070BD49
:10C42000304602F02EFF0028F2D0F6E70025F4E7B0
:10C4300010B5102204460021FFF724FD04F110037B
:10C44000102200211846FFF71DFD02F033FF0020E7
:10C45000F6F7FEFE20B1204602F013FF002010BDCB
:10C4600002F0F5FE0028F6D0F8E710B50446FFF715
:10C4700071FBB0F5007F09DA10F5007F08DD031EBF
:10C48000B8BF03339B102370002010BD7F23FAE751
:10C490006FF07E03F7E70120704701F008B90078DC
:10C4A000003818BF012000F002BFF6F737BC8178D2
:10C4B000008801F0C8B801F0E3B837B505460C466E
:10C4C00000880DF1060100F0F7FE2B882380BDF8EF
:10C4D0000630638003B030BDF6F728BC01F005B923
:10C4E00000F07FBD00F0D1BD08B5F4F735FF0020A6
:10C4F00008BDF6F731BA00F00CBF00F0E2BDF6F768
:10C500009DBB00F0AEBD01F000B800F0CABF01F065
:10C5100011B800F0E3BD00F0DCBE00F0ADBD00F0EE
:10C520006CBD03880B8001F036B803880B8001F0E6
:10C5300040B800F0FABDF6F763BAF6F749BA00F072
:10C54000E5BC00F006BD00F03ABD00F046BD00F0CD
:10C5500026BD00F01BBD00F016BE00F03FBEF6F792
:10C5600059BA00F079BE00F06BBD00F01CBE01F0BE
:10C57000A7B8F6F7FBB9F6F779BAF8B5941C0C44EE
:10C580006343B3F5004FA8BF4FF0FF330E4610F0E2
:10C590000301054617469CB203D0B0211420F4F7DE
:10C5A000E9FCB4F5004F01D9B121F7E714220430BA
:10C5B000FFF768FCEF746C802E80F8BD38B50388F7
:10C5C000C48805898B42C4F30E0203D2D121142002
:10C5D000F4F7D0FC84EA0503C3F30E030BB9AC42B5
:10C5E00006D102F118030122C1528274184438BDE9
:10C5F0001846FCE7023101444A43B2F5004FA8BF98
:10C600004FF0FF3290B21B3020F00300B0F5004F26
:10C6100034BF00B24FF0FF30704740881B3020F02D
:10C620000300B0F5004F34BF00B24FF0FF3080B2CE
:10C63000704738B503888B4203D2F7211420F4F7F2
:10C6400099FC857C65B1C388C3F30E031833C25AC5
:10C650008A4207D3C152811DF4F7AEFE00238374D2
:10C66000284638BD0025FBE70346F0B59E88DD88E7
:10C67000B4B2A54200F11800C6F30E0616D05F89C9
:10C68000DD7C845B3D4402353544E41B28440D8841
:10C69000A4B2A54288BF0C805989B1FA81F14FEA52
:10C6A000511188BF25461170DD81F0BD0025284657
:10C6B000FAE7F8B58288C389002604460D4692B28F
:10C6C0000E60CBB1C2F30E024189183287180B44B9
:10C6D000825A9BB29342438104D94FF4A271142031
:10C6E000F4F748FC04D1011DF4F766FE46812F6083
:10C6F0000023E3810120F8BD1846FCE78388028906
:10C700009BB29A42014602D00831F4F755BE7047F9
:10C710008388C0889BB2C31A5842584170478288A8
:10C7200073B5C48895B2AC42C2F30E0202F118028E
:10C7300012D04189C689835A314499420EDB0DF1EA
:10C740000601ADF80650F4F737FEBDF80600001BF1
:10C7500018BF012002B070BD0020FBE70120F9E7FF
:10C7600070B5C488068984EA0602C2F30E02034645
:10C77000C4F30E0518300AB9B4420FD19C891A8847
:10C780000CB1465B921B914207DCDA7C2C440232EE
:10C79000224410440A461A8270BD00221046FAE76D
:10C7A000F8B5038A002B38D08B4236D3C4888589EC
:10C7B00000F11803C4F30E041E1995B91D557570C8
:10C7C00085891E5B0D44ADB2314485811953D2B1C8
:10C7D000811DF4F7F1FD00238381002303820120F2
:10C7E000F8BD1E5BAE4204D04FF4F6711420F4F78E
:10C7F000C1FBC57C878A2644023535445E195F53E8
:10C80000857DB570DCE7C27C254402322A44991844
:10C810009B5A83828B788375DFE70020E0E783886B
:10C82000C2889BB29A4206D0428922B9C3F30E0352
:10C8300018331844704700207047C37C0233C8186F
:10C8400070470230704738B58388C2889BB29A42DD
:10C8500009D043893BB9C5893DB9011DF4F7ACFD49
:10C86000C581012038BD0020FCE71846FAE7002307
:10C8700083810382704703881380C388C3F30E0348
:10C88000183303440B60808970470368002223B982
:10C89000C0E90132031D0360704759681B680A44F0
:10C8A000F5E7072970B5034604D84FF4EC7115205D
:10C8B000F4F760FB0068C0B144681A688C42064611
:10C8C00010D0106860B901F10805AC420DD354686E
:10C8D00050501868651A541800686560505002E09E
:10C8E0001346E9E714681C60304670BD0023C1E9B7
:10C8F000003203680B600160704730B590B18478F6
:10C90000B1FBF4F304FB131300EB430252898A4298
:10C9100001D1D8B230BDC27822B900F10803D0B23B
:10C92000844201D8FF20F5E733F8025F8D4202F11F
:10C930000102F4D1EEE78278038805324B4303EB22
:10C9400042031844704737B50024CDE9004405463A
:10C950008DF806006846ADF80440F4F703FFBDF813
:10C96000044008B103B030BD29462046F4F7D6FE96
:10C970000028EFD040F215211720F4F7FBFA70B52C
:10C980000D4609211E46FFF735FE324604460921B1
:10C990002846FFF72FFE40EA04031B0454BF00198A
:10C9A0004FF0FF3070BD012303707047F8B50C469F
:10C9B00084F001046400054611461E46E4B2FF23DC
:10C9C000837003191B7D012B06D0631CDCB250FA67
:10C9D00083F31B7D012B0AD105EB44073B8B3A8C7B
:10C9E0009819904205DD2C4400233B8323750020D9
:10C9F000F8BD05EB8404324660681844FFF782FAFC
:10CA00003B8B1E443E830023AB700120F0E781F096
:10CA10000101490010B5C9B2FF23837043181C7D82
:10CA2000012C07D10C3120F8112002221A750023A5
:10CA3000837010BD0131CBB250FA81F10C7D012C15
:10CA400005D10C3320F8132002230B75EFE74FF4C8
:10CA50008C710920F4F78EFA30B50246837803F022
:10CA6000FF00F3B9137D022B19D0537D022B15D192
:10CA70000346012089B1D5180C3300242C7522F807
:10CA80001340131803241C7502EB80035B680B60D2
:10CA900000F10C0332F813308B80012030BD0123EC
:10CAA000E8E70020FAE730B50346827802F0FF009D
:10CAB000E2B99A7D022A17D0DC7D022C13D1032221
:10CAC00081B11D190C340020287523F81400981822
:10CAD0000324047503EB82000C32406833F81230F3
:10CAE00008608B80012030BD0324E9E70020FAE7CD
:10CAF000037D012B01D1008B7047437D012B0CBFBF
:10CB0000408B00207047837D012B01D1808B7047C3
:10CB1000C37D012B0CBFC08B00207047038B23B952
:10CB2000408B003818BF0120704701207047838B6D
:10CB300023B9C08B003818BF01207047012070470F
:10CB4000027D022A01D1008B7047437D022B01D167
:10CB5000408B7047032AF6D0032BF9D00020704792
:10CB6000827D022A01D1808B7047C37D022B01D1C7
:10CB7000C08B7047032AF6D0032BF9D000207047F2
:10CB8000F4F758BF2DE9F041044608460D4691F8E8
:10CB9000008001F046F90746284601F03EF90646B6
:10CBA000284601F042F908F003086B78E07084F839
:10CBB00000806770A670A3802046BDE8F081012840
:10CBC00008B506D0022806D040F29D410620F4F7B1
:10CBD000D1F9002008BD0120FCE7F4F777BF10B5BC
:10CBE000044638B1F6F754F924EA0000B0FA80F0B0
:10CBF000400910BD0120FCE707B50023CDE9003353
:10CC000001238DF806306846F4F7ACFD08B100202A
:10CC100004E0009801F0A8FF0028F4D003B05DF80C
:10CC200004FB1FB50022009240F6881303A9FBF70E
:10CC300091FA05B05DF804FB38B5054602F016F828
:10CC4000F0B1284601F090FF08B9002038BD284611
:10CC500001F05AFE0446284601F059FE054688B9FF
:10CC6000002CF2D02088F6F74FFA20882946F4F7F6
:10CC700055FD0028E9D041F6E3413920F4F77AF96F
:10CC80004220E3E70C20E1E72DE9F8430F46B0F836
:10CC90005A60B0F85C50804601F070FE02210446F4
:10CCA00000F007FF02218146204600F002FF4E45BA
:10CCB00028BF4E46B6B21B2E38BF1B26FB2E28BF00
:10CCC000FB26854228BF0546ADB21B2D38BF1B256C
:10CCD000FB2DB8F800303B8028BFFB25B4F5A47FBE
:10CCE00038BF4FF4A47440F648039C4228BF1C464A
:10CCF0007E80FD80BC803C81BDE8F8832DE9F04159
:10CD000086B0054601A9008800F08AFE0446002886
:10CD10006FD1029A92F84631D91E4B424B418DF8A1
:10CD20000230936F98064ABF9DF80230234683F085
:10CD300001038DF8033092F8D8309B0603D49DF898
:10CD40000330002B5BD0EB881B3B9BB2E02B58D809
:10CD50002989A1F5A4739BB244F24810834250D8AC
:10CD60006B881B3B9BB2E02B4BD8AA88A2F5A4731F
:10CD70009BB2834245D840F64807B94243D8BA42ED
:10CD800041D8029E4FF0FF0886F81B819DF80230C3
:10CD90009BBB03A93046FFF777FF6A88BDF81230C6
:10CDA000BDF81410E888934228BF1346A6F8203136
:10CDB000BDF80E30AA88B94228BF3946834228BF41
:10CDC0000346A6F81C31BDF810302889BB4228BFA5
:10CDD0003B46834228BF03468A42A6F81E311346CB
:10CDE00028BF0B46A6F8223186F81A81002386F860
:10CDF0001B31204606B0BDE8F0813A24F6E71A243C
:10CE0000F7E71224F5E71124F3E710B5FFF7F4FE76
:10CE100060B1F5F77FFC044602F000F840B9204607
:10CE200001F0F8FF80F00100C0B210BD0120FCE766
:10CE30000020FAE72DE9F04385B0064688460088D1
:10CE400002A900F0EDFD054640BB039C94F8593162
:10CE500003F0FF051BB1B8F1020518BF012594F8D6
:10CE60008730222B94F8D93043EAD3030CBF85F0E6
:10CE700001094FF00009DB0702D4B9F1000F3BD0E4
:10CE8000B77817B9F6F704F80746F078B0BBF5F7AE
:10CE9000FFFF3FB9B9F1000F29D10925284605B098
:10CEA000BDE8F0830028F5D0FF2384F825310DBBC1
:10CEB00094F8243103F0FF05E3B984F8270184F8DE
:10CEC000248184F82671B3788DF80430F3788DF8D6
:10CED00005303379727901A943EA02232046ADF87F
:10CEE000063000F008FE002384F82531D6E7002044
:10CEF0000746D9E73A25F6E71A25CFE7002FD3D121
:10CF0000C8E708B5F5F7A0FF002008BD10B5037805
:10CF1000012B044601D9122010BDFFF76DFE58B950
:10CF2000207810F0FD000DD104F11703E21D611C03
:10CF3000BDE81040F6F702BBF6F792FB0028EFD0F1
:10CF40000C20E9E7A37903F0C003C02BE3D1012053
:10CF5000EAE710B50378012B04460DD8FFF74CFE25
:10CF600060B9214611F8010B00F0FD00003818BF30
:10CF7000012000F032FD38B9122010BDF6F770FB29
:10CF80000028EED00C20F8E70020F6E708B500886E
:10CF9000F6F76CFB00280CBF3020002008BD38B528
:10CFA0000546FFF729FE044638B92878003818BF2F
:10CFB0000120F6F74FFB204638BD0C20FCE708B5F2
:10CFC000FFF71AFE18B9F6F735FB002008BDF6F793
:10CFD00047FB0028F7D00C20F8E708230370002057
:10CFE00070471022027041F25E03C2705922A0F80D
:10CFF00001308280C3800020704708B50821F4F713
:10D00000FFF8002008BD73B506460D460088694646
:10D0100000F006FD044688B9B3785BB9019B93F92B
:10D020007000A87033882B80F6F7B0FCA8702046FB
:10D0300002B070BD7F20FFF7F4FDF2E70224F6E7AF
:10D0400010B504466FF07F00FFF7EBFDF6F79EFC8E
:10D0500020707F20FFF7E5FDF6F798FC6070002058
:10D0600010BD10B50446F5F755FB01F0D0FEF6F7FC
:10D070008DFC2070002010BD08B50A46072300F182
:10D080001001FEF75DFD002008BD10B50146044605
:10D090000020F6F7C3F808B92060A080002010BD7A
:10D0A00010B50446F5F7CAFE28B900202146F6F768
:10D0B0009DF8002010BDFFF7A8FE0028F5D10C2038
:10D0C000F8E710B50446FFF7A0FE28B1012021467D
:10D0D000F6F78CF8002010BD0C20FCE7F7B50C46E5
:10D0E00005466946008800F09BFCA21C034690B9E7
:10D0F000019901F18F0781F8C330386810603879E1
:10D1000010712888208091F8C36006F0FF00002E7F
:10D11000F1D103B0F0BD0023C4F802300220137136
:10D1200023706370F5E7FFF7E9BD1FB5838844F20C
:10D130009022934217D840F64802934228BF1346E4
:10D140000288ADF804204088ADF80600ADF80A006A
:10D150000A8001A8ADF80830ADF80C30FFF7CEFD1D
:10D1600005B05DF804FB1220FAE737B50D466946B5
:10D1700000F056FC044618B901982946FFF784FDD3
:10D18000204603B030BD10B503466FF00404002004
:10D19000482108221C7058709970DA701C715871FF
:10D1A0009971DA7110BD10B50446FFF725FD78B905
:10D1B0002146E27911F8010B00F0FD00003818BF9C
:10D1C0000120F6F717FB80F001004000C0B210BD4F
:10D1D000F6F746FA0028EBD00C20F8E737B50546FD
:10D1E0000C460088694600F01BFCD8B9019B83F807
:10D1F0006A0093F86820012A06D0022A04D04FF46E
:10D2000061710620F3F7B6FEA27093F86920012A37
:10D2100001D0022AF3D1E27093F86A20002AE6D105
:10D220002B88238003B030BD10B58388022B0446C1
:10D2300010D8C078FFF7D3FC08B9112010BDA07832
:10D24000FFF7CDFC0028F8D020460121BDE81040B2
:10D25000FFF7F0BD1220F1E737B58378C178027986
:10D2600003F0010451EA040503F002031DD052EA61
:10D2700003051AD0002C18BF0021002B18BF002274
:10D280008DF80320037842788DF8021043EA0223D8
:10D29000ADF8003043798279684643EA0223ADF85D
:10D2A0000430FFF7C1FF03B030BD1120FBE708B524
:10D2B000F4F7B2FE002008BD13B50C46694600F035
:10D2C000AFFB20B9019BB3F880300133238002B05B
:10D2D00010BD07B50088694600F0A2FB38B99DF87B
:10D2E0000020019B012A05D093F82B216AB103B0DD
:10D2F0005DF804FB93F8DC21D2B293F8A81011B9C1
:10D3000012F0FB0FF0D10220F1E7FF2283F82B216E
:10D31000EDE710B50446F5F7B5FD2060616000202B
:10D3200010BD2DE9F3410546477800780121F4F757
:10D33000DFF9044600285ED001F059FDEE78864200
:10D3400028BF0646042FB6B22FD1002E39D1204671
:10D3500001F072FD6B78032B37D107F0FD08B8F1AF
:10D36000010F44D1204601F067FD00283CD1012F78
:10D3700008BF4FF00208216B42466846F4F7F2FA04
:10D380006A68206B33460121FFF710FB002834D078
:10D390006B78023B012B2CD8206BFFF7A9FB0121F6
:10D3A0000246206BFFF733FB23E0206BFFF7A0FB67
:10D3B000304480B21F2804D8FB1E012BC7D9002E91
:10D3C000C5D1122002B0BDE8F0810028F9D1042BAC
:10D3D000C3D1204601F0C8FB0028F2D0206BFFF734
:10D3E0009DFB0028B9D1ECE74FF00008C3E7042FFC
:10D3F000C6D10020E6E74220E4E70720E2E72DE976
:10D40000F3410746457890F8038000780121F4F74E
:10D410006FF9044600283CD001F000FD0028206B85
:10D4200008BF4FF00008FFF76EFB00EB0806B6B22E
:10D430001F2E30D8042D2ED0032D0CD1204601F004
:10D44000FBFC20BB012D14BF05220622216B684680
:10D45000F4F788FA08E0B8F1000F1CD0204601F07C
:10D4600083FBD0B9012DE9D07A68206B43460021B7
:10D47000FFF79CFA98B1023D012D04D8206B32468B
:10D480000021FFF7C4FA002002B0BDE8F0810422B9
:10D49000DCE74220F8E71220F6E70C20F4E707204B
:10D4A000F2E713B50446F5F735F94FF44073ADF8DC
:10D4B000003000238DF80230684614F8013B8DF8E7
:10D4C00003300194FFF79BFF02B010BD38B5012176
:10D4D00005460078F4F70CF90446A0B101F044FBCE
:10D4E00028B92046691C01F0D4FB002038BD204635
:10D4F00001F094FC08B10C20F8E7204601F08AFC0A
:10D500000028EED0F7E74220F0E713B50446F5F720
:10D5100001F914F8013B8DF803304FF44073ADF876
:10D520000030684600238DF802300194FFF7F9FEC1
:10D5300002B010BD73B50546F5F7ECF82B7804463C
:10D5400063B100230DF1010101208DF80030F5F7E2
:10D5500065FE18B16846FFF7B9FF88B90026204676
:10D560008DF8006001F05EFC2B788DF80360C0013F
:10D57000012BADF8010005D169462046F5F76AF99F
:10D5800002B070BD2BB9204602B0BDE87040FFF775
:10D5900053BB1220F4E710B5002104460088F4F7CD
:10D5A000A7F820B1A11CBDE8104001F007BE022081
:10D5B00010BD08B500880021F4F79AF820B1BDE845
:10D5C0000840002101F0FABD022008BD37B505462C
:10D5D0000C460088694600F023FA28B92B8823807E
:10D5E000019BB3F8B430638003B030BD37B5038816
:10D5F0000B80044698B2638813B9122003B030BD83
:10D60000694600F00DFA0028F8D16588019B42F2C6
:10D610001072A9B29C695143DA8D62431C8C04FBE1
:10D6200002229142E9D39A699C699442FBD100227B
:10D63000C3F8AC20621E0A44A3F8B450B2FBF4F263
:10D64000C3F8B020DAE710B50C460021F4F750F823
:10D6500090B1022C12D804F00102C4F3400480F807
:10D66000AD2180F8AC4112B190F8AA310BB900207D
:10D6700010BD01F093F9FAE70220F9E71220F7E76D
:10D6800010B504460078FF280AD00121F4F730F8DD
:10D6900058B16378A27843EA0223C384002010BD06
:10D6A000B4F80100F7F77EFEF8E74220F7E708B587
:10D6B0000078003818BF0120F7F740FD002008BDB2
:10D6C00010B50446F5F726F86178C1F3400201F081
:10D6D000010101F0C7FB002010BD0620F5F7C6BB15
:10D6E0000820F5F7C3BB01F093BD1220704710B5B9
:10D6F000044604B910BD236898476468F9E70368D5
:10D700000BB9016070471A465B6813B18A42FAD1BF
:10D7100070478A4218BF5160704708B50020FFF774
:10D7200012F9F4F7A9F8F5F7E3FCF4F729FB20B1B7
:10D7300040F221119320F3F71DFC08BD08B5F7F75F
:10D74000A5FCF8F711FA20B140F241119320F3F74C
:10D7500011FCBDE808400120FFF7F5B808B5FFF758
:10D76000EDFF01F013FD20B14FF4AB719320F3F7FF
:10D7700001FC08BDFDF782BC0B46122203F8032B07
:10D78000D0F80920C1F80320427B1A71704737B5E1
:10D7900004460D46F6F7BEF918B36FF4A873E01807
:10D7A00002210388ADF8003034F8ED3CADF80230CA
:10D7B000684634F8EB3CADF80430FFF73BFB18B19A
:10D7C0004221AE20F3F7D6FBADF800009DF8003003
:10D7D000002063F307009DF8013063F30F2003B0CE
:10D7E00030BD18232B70D4F80930C5F8033004235A
:10D7F000ADF80030EAE708B5436893F886201AB11F
:10D800008521AE20F3F7B6FB202283F8862008BDE1
:10D81000034610F0010007D19A0704D4C3F3800334
:10D820009B00D8B27047022070472DE9F84F074699
:10D83000104692461D46FFF7EBFF83460846FFF76A
:10D84000E7FF4BEA0006F6B2003E0A9C8846814696
:10D8500018BF0126F5F71CFB10EA0A0A18BFDA46C2
:10D86000F5F716FB97F8683010EA080118BF49462B
:10D87000534508BF4FF0000A84F800A097F86930BC
:10D880008B4208BF002161705AEA01010BD1B7F841
:10D890008030013DED1AADB247F6FD739D428CBF5D
:10D8A000002606F001063046BDE8F88F70B54468E2
:10D8B00094F88750A5F12003062B06464DD92E2D4E
:10D8C0004BD0002D47D194F88630252B45D00B79CD
:10D8D00013F0070335D04A7912F0070231D084F8EB
:10D8E000612084F8603094F8253113BB94F824311A
:10D8F000012B1ED094F8693094F86020D91E0129BC
:10D9000098BF04239A4222D194F86830DA1E012A83
:10D9100094F8612098BF04239A4218D10223B4F8E6
:10D92000642084F82431B4F86630A4F82621A4F8E1
:10D930002831222384F88730304600F013FC284633
:10D9400070BD3046C978BDE8704000F03DBC30463F
:10D95000F5F7E8FAEDE70125F1E72025EFE708B54F
:10D96000436893F88720222A05D022B140F2EA3199
:10D97000AE20F3F7FFFA232283F8872008BDF5F7DE
:10D98000B7BB704730B542401C7808785D7860407E
:10D990004C786C4020449D788C786C402044DD7835
:10D9A000CC786C4020441D790C795B7949796C40C6
:10D9B00020444B4018441044B0FA80F0400930BD78
:10D9C000024600200139C9B2FF2900D17047535CDB
:10D9D00083F001030344D8B2F4E708B5F5F744FC3B
:10D9E000082807D0F5F762FC082803D0F5F774FC87
:10D9F000012008BD0020FCE708B5F5F735FC082834
:10DA000003D0BDE80840F5F751BC08BD08B501F0EA
:10DA10000CFC18B1BDE80840F9F78EBA082008BD23
:10DA200010B50C460021F3F763FE606018B10123C6
:10DA30002370002010BD0220FCE70144002388422F
:10DA400003D1B3FA83F04009704710F8012B134358
:10DA5000F5E7F8B5D0E9047605460C46FCF766F81C
:10DA600020B940F207112920F3F784FAECB1D5E987
:10DA70000423D21B63EB0603012A73F100014FF06C
:10DA8000000114DB6FF001009042994102DA40F28C
:10DA90001111E8E7631E1344B3FBF4F35C43E4198C
:10DAA00046F10006C5E904461C462046F8BD0C4672
:10DAB000FBE7CB1E012B10D803290CBF96234FF494
:10DAC000167303F5BC730CBF10224022984210D984
:10DAD000C01A90FBF2F080B27047022904D13C28B2
:10DAE00007D980100F38F6E7702802D9C0100E3819
:10DAF000F1E70020704738B50D460446F5F7C8F940
:10DB00002B78002B08BF034684F864306B78002B19
:10DB100008BF034684F865306B88A4F8663038BDCA
:10DB2000012908B5034606D002290CD040F289111C
:10DB30002920F3F71FFA40F6C41040F2E242002B0E
:10DB400008BF104608BD40F6C410FBE707B5002328
:10DB500001A80193FAF7CEFA019810F0030018BF5C
:10DB6000012003B05DF804FBC2B292FAA2F2030AEC
:10DB700093FAA3F31B0E100E40EA0320704770B512
:10DB80000131C9B20530002210F8013F8B4216D393
:10DB900010F8054C0023012505FA03F626421CBFA8
:10DBA00001F1FF31C9B269B10133082BF4D101325F
:10DBB000D2B2052AE8D199214620F3F7DBF9C91A38
:10DBC000C9B2F4E703EBC200C0B270BD0B6870B518
:10DBD000C0F801300B7903F01F03437100230446A2
:10DBE000C3720546461D15F8010F00F0A1FA6871D1
:10DBF000E37AB5421844E072F5D170BD70B581EAA0
:10DC000011418CB20546C17A032682EA0400FFF76F
:10DC1000ABFF013E00EB0010221816F0FF0690B299
:10DC2000F5D144402522B4FBF2F302FB1343C3F3C6
:10DC3000C4022A44D8B2567803F00703012202FA3C
:10DC400003F31E4207D161432846C1F30741BDE8F3
:10DC50007040FFF794BF70BDF8B590F821506B1E6F
:10DC6000242B044654D80AB90020F8BD807D18B191
:10DC7000012844D01F20F8E794F8233094F82210AC
:10DC800002FB01322523B2FBF3F103FB1123DBB2CC
:10DC900004EBD30284F82330D17D03F00706012280
:10DCA000B240114202D084F82430DDE7B3FBF5F234
:10DCB00005FB1233013303F0FF0304F11B0111F8DC
:10DCC000012F934218D811F8055C0022012606FAAC
:10DCD00002F72F4208D0013B13F0FF0304D102EBFF
:10DCE000C00284F82420BFE70132082AEFD10130B6
:10DCF000C0B20528E3D1BDE79B1ADBB2F7E7228962
:10DD0000C96904F11600FFF779FF84F82400ABE736
:10DD10001220AAE70378890123F0400301F04001B3
:10DD20000B4303707047037803F07F0343EAC1138A
:10DD3000037070471F2A38B50546144603D9B7212A
:10DD40002A20F3F717F909300634FEF7DBF86C7078
:10DD500038BD1F2A38B50546144603D9D9212A20D3
:10DD6000F3F708F909300634FEF7CCF86C7038BDCB
:10DD7000037803F00F03032B02463ED0052B42D15C
:10DD8000C37F90F82000034392F82100034392F8E8
:10DD90002200034392F8230000F01F00184333D001
:10DDA0005378222B2FD1B2F81930B1B1B3F5506F9F
:10DDB00013D940F607518B4225D8B2F81B30B3F582
:10DDC000FA7F20D2B2F81D000A3880B240F67643BE
:10DDD00098428CBF002001207047991F89B240F6FD
:10DDE0007A4081420FD8917D481E07280BD899426E
:10DDF00009D2B2F817109942DEE74078A0F10C037F
:10DE000058425841704700207047037801F00301E1
:10DE100023F003030B43037070470078C0F38000C6
:10DE200070470078C0F3C00070470078C0F300105E
:10DE300070471B2A08B504D940F24D412A20F3F758
:10DE400099F84270BDE808400330FEF75BB8B0F8BF
:10DE50000730B1B1B3F5506F13D940F60752934272
:10DE60001FD8B0F80930B3F5FA7F1AD2B0F80B001A
:10DE70000A3880B240F6764398428CBF00200120D9
:10DE800070479A1F92B240F67A418A4209D80279C5
:10DE9000511E072905D89A4203D2B0F805209A42AC
:10DEA000DEE700207047406890F8AA3123B10023D4
:10DEB00080F8AA3100F072BD704708B5017A19B137
:10DEC00001290AD0002008BD0368C2880221808889
:10DED000F5F7D6FD20B10120F5E70368C288F6E723
:10DEE000F5F7BCFFF7E702230B7001238B70704737
:10DEF000F5F738BF10B521B94FF410711020F3F7C2
:10DF000039F84A600B72EFF3108472B6031D0B6090
:10DF100042681AB1127A012A08BF036003681960C7
:10DF2000016004B962B6BDE81040F5F765BF022292
:10DF3000F5F782BF0322F5F77FBF0422F5F77CBF18
:10DF40000222F5F7BDBF11230B706FF49A731844CA
:10DF50000388A1F80330838FA1F80530B0F8403072
:10DF6000A1F80730C38FA1F80930B0F84230A1F80A
:10DF70000B307047012908B503D10E30C00080B2C4
:10DF800008BD022902D10F308000F8E74FF42E714E
:10DF90000620F2F7EFFF30B587B004460D46F5F7DF
:10DFA000C1FD90B3A4F59F74694624882046FFF70D
:10DFB000DCF820B14FF484712C20F2F7DBFFBDF8C0
:10DFC0000630ADF80E30BDF80830ADF81030BDF8B1
:10DFD0000230ADF8123003A8BDF80430ADF80C40A3
:10DFE000ADF81430FFF79FF810B140F21111E3E7DC
:10DFF000ADF80C009DF80C30002063F307009DF88D
:10E000000D3063F30F2007B030BD2B46172203F805
:10E01000032BD4F80920C5F80320D4F80D205A604A
:10E02000B4F811201A810423ADF80C30E2E74068FF
:10E030007047C08A704710B58A880B89CC88498898
:10E04000A0F85010A0F85440A0F85220A0F8563084
:10E0500010BD8383BDF8003001834283C3837047C2
:10E0600038B5C58B438C04469D42007A28BF1D46B7
:10E07000FFF780FF6389AB4228BF2B46984238BF29
:10E08000184680B238BD2DE9F04106460F4680891A
:10E09000194698461446FFF76DFF4146054630463F
:10E0A000FFF7DEFF854228BF05469DF81810B08AAD
:10E0B000FFF760FFF38A834228BF0346ADB2A01D7D
:10E0C00015FA83F338441844BDE8F08107B590F899
:10E0D0006930009390F86830002296213030FFF7C5
:10E0E000D2FF03B05DF804FB38B50D46194614465F
:10E0F000FFF7ECFF96342044A84294BF281A002072
:10E1000038BD38B50D4611460446FFF7DFFF2844F9
:10E11000606338BD8369006B984228BF184601F1DF
:10E120009C0383423DBF401A9C3840080020704742
:10E1300000F05503400800F05500034403F033009D
:10E140009B0803F03303034403F00F0000EB1310AC
:10E1500070474368002283F8862083F8C220A3F822
:10E16000BE20704743680022A3F8C42093F8C6205D
:10E17000013283F8C620704708B5426892F8C6306D
:10E18000013B5BB2002B82F8C63003DA52214A20F1
:10E19000F2F7F0FE08BD436883F80B1183F80A21FB
:10E1A0007047A0F10A03042B0CD9A0F14303012B03
:10E1B00008D9A0F120032E2818BF062B94BF0120F8
:10E1C00000207047012070474268936F10B513F02C
:10E1D000080408D143F00803936782F80811FFF799
:10E1E000C1FF204610BD0120FCE730F8023CF7B526
:10E1F00030F8A07C05460E4673B1012268468DF8C2
:10E200000020ADF80170ADF80330F4F79DFB18B1B4
:10E2100095216320F2F7AEFE082300243370B4701A
:10E22000A6F803706B7A55F88C0C7371FEF770FAD0
:10E2300008B9BA21EDE73846F4F766FF21463846BB
:10E24000F3F76CFA4FF4017303F00402204662F313
:10E2500007001B0A63F30F2003B0F0BD436893F877
:10E260008820063A012A81BF0A7983F8892006228C
:10E2700083F8882000207047426892F88830063B77
:10E28000012B84BF072382F88830704770B542683D
:10E2900092F88750F5B9B1F80930B2F88060A2F869
:10E2A0003C32013B9B1B9BB247F6FD76B34206D93D
:10E2B000282382F8A930F6F72FF8284670BD4B685E
:10E2C000C2F83E320B7A82F8423243680A2283F85F
:10E2D0008720F2E70125F0E70B46062203F8032B1F
:10E2E000D0F80920C1F80320D0F80D205A60427CF4
:10E2F0001A720023CB70704770B5436893F887504B
:10E3000006460C46002D42D129462046FFF79FFDC8
:10E3100028B9E1783046BDE87040FFF755BF726814
:10E32000B4F80D30B2F88010A2F83C32013B5B1A11
:10E330009BB247F6FD718B4207D9282382F8A9309A
:10E340003046F5F7E9FF284670BDB4F8073040F2D3
:10E35000E2414B43C2F844322379C3EB431003EB51
:10E36000800303EB83035B00A2F83E32B4F8053070
:10E370004B43C2F84032B4F80930A2F84832B4F83E
:10E380000B30A2F84A320D2382F88730DBE70125F3
:10E39000D9E708B5436893F886201AB12621A3204F
:10E3A000F2F7E8FD1D2283F8862008BD73B54568A5
:10E3B00095F886301D3B022B06460C4623D809896A
:10E3C0001A2919D96389B3F5A47F15D3A2881A2A0B
:10E3D00012D9E088B0F5A47F0ED3009005F130008B
:10E3E000FFF737FE7168284601F23511F5F78AFD0F
:10E3F00070680621F6F7B6FE002085F8C20085F8A1
:10E40000860002B070BD0120FBE74268936FD90619
:10E4100010B5044603D4B021A320F2F7ABFD990652
:10E4200001D5B121F8E723F010039367FFF7A4FEAD
:10E4300060680621BDE81040F6F794BE09230B7012
:10E44000D0F80930C1F8023070470B460A2203F8B1
:10E45000022BB0F809204A80C27A9A70704738B50A
:10E46000436893F88740054634B1113C0B2C8CBFB0
:10E4700001240824204638BD93F88C30002BF9D0B5
:10E48000FFF770FE6B68112283F88720F2E708B56A
:10E49000436893F88720152A04D04FF4BD711F20DC
:10E4A000F2F768FD012283F8C720162283F887203F
:10E4B00008BD436893F88720122A03BF1322002067
:10E4C00083F887200220704710B5436893F887309F
:10E4D000182B044607D1FFF74FFE63681C2283F810
:10E4E0008720002010BD0220FCE708B5436893F8A0
:10E4F0008720112A04D040F2A3111F20F2F73AFD21
:10E50000012283F8C720122283F8872008BD08B5AE
:10E51000436893F88720162A04D040F2AB111F20DD
:10E52000F2F728FD182283F8872008BD0B46052244
:10E5300003F8032BD0F80920C1F80320D0F80D20F0
:10E540005A60B0F811201A81C27C9A72704708B5DF
:10E55000436893F886201AB1DD211C20F2F70AFDEA
:10E56000042283F8862008BD426808B5936FD90756
:10E5700003D4EB211C20F2F7FDFC23F00103936789
:10E58000BDE80840FFF7F8BD0C23A0F596700B70AE
:10E5900003884B807047436893F886200F2A01BF99
:10E5A000002283F8B62083F8C22083F8862000205A
:10E5B000704738B54568AB6F13F0040407D1FFF717
:10E5C000D1FDAB6F43F00403AB67204638BD01209B
:10E5D000FCE74268936F23F004039367FFF7CCBD19
:10E5E00008B5436893F886201AB170214B20F2F7E2
:10E5F000C1FC0F2283F8862008BD10B5D0E90D427A
:10E60000A24206D30B8CC98D05334B43121B934298
:10E6100002D3012380F83E3010BD01230B7000238C
:10E620008B7030F8CA3CA1F80330437A4B714389B0
:10E63000CB8083890B81704710B5446894F8C9304A
:10E640009A070ED494F886301BB174214020F2F75B
:10E6500091FC012284F8862084F8C220A4F8BE3000
:10E6600010BDA36F9B0705D5FFF786FDA36F23F0B1
:10E670000203A367002384F82A31F1E710B50B7970
:10E680004C790A68012843EA042108BF41F480312B
:10E69000104610BD07B5FFF7F1FF0DF10702F6F7C1
:10E6A00057F803B05DF804FB08B5FFF74FFA0028F0
:10E6B00014BF1420002008BD10B5F9F767FC04460C
:10E6C000FFF7F2FF04F55F43D0304FF47A72413325
:10E6D000B3FBF2F3184410BD10B5044690F869007E
:10E6E000FFF7EAFF012201462046BDE81040FFF790
:10E6F00008BD7FB5044618B9AA213020F2F73AFCCC
:10E70000072900F2D780DFE801F004C933332ED5A2
:10E71000C1D390F8F431B0F88020DBB1B0F8F23119
:10E72000934208BFB0F8A4319A1AA0F8A621A4F821
:10E730008030D4E982232046C4E98423F8F766FABE
:10E7400094F8AB31002B00F09F8004B0BDE870401E
:10E7500000F025BDB0F8F0319B1AA0F8A631B0F852
:10E76000F0319BB2E3E704B0BDE87040F9F7CEBAF0
:10E77000FBF758F8D4E98423801A61EB03010128E0
:10E7800071F1000302DA40F23C61B6E76FF0010379
:10E7900083424FF000038B4102DA40F23D61ACE767
:10E7A000A3690BB1B0FBF3F394F88710B4F8F2212E
:10E7B0000D2932D10132A4F8F221B4F82A32B4F88A
:10E7C00080500133A4F82A32B4F8BA301D44B4F8AA
:10E7D000B830013DED1AADB202AEB4F8F2116B1AC9
:10E7E000180435D4002300961A462046F6F758F848
:10E7F000012849D1B4F8F221B4F8A011BDF80830CD
:10E800001344521A12049BB204D5EA1A12F4004FB0
:10E8100018BF0B46A4F8F231DFE7B4F880100B44C0
:10E820009BB2D11A0D044DBF0133013293B29BB29A
:10E83000A4F8F23194F8F531002BBED1B4F8A4312C
:10E84000B4F8F221934204BF0133A4F8F231B4E7E3
:10E8500094F88A300394002B14BF08233E2384F8D5
:10E86000A930304601238DF80830F5F755FD2046D4
:10E8700000F097FC002384F8DC3194F8F701FAF7F4
:10E88000EBFF202384F8F73104B070BD0120FBF7C3
:10E8900095FA04B0BDE87040FEF79FB990F8DC31FE
:10E8A000042B01D0D02128E7002380F8DC31EBE7EE
:10E8B000D62122E7DA2120E713B5002380F8DC31E6
:10E8C000A0F828321A46009319460446F5F7E8FFE7
:10E8D00020B140F21D213020F2F74CFB012384F8D7
:10E8E000DC31C4F8D801C4F8D001A4F8F201A4F8CE
:10E8F000F00184F8F501B4F88030A4F82A02013B55
:10E90000A4F8803002B010BDD0F8CC00704710B52C
:10E91000044690F81031EBB1FF2380F81831012143
:10E9200000F09DFA94F81031A3B194F8C800FBF7F9
:10E93000D3F894F8C800FBF709FA94F8C800FAF77E
:10E940008BFF20B940F209213020F2F713FB00239E
:10E9500084F81031002010BD08B590F8182142B994
:10E9600090F8D02042B1D0E93531994202D9F7F779
:10E970006BFA0022104608BD0122FBE710B50446E1
:10E98000FFF792FE00F2DB112046FFF7C3FB40F6D3
:10E990004803984228BF184680B210BD7FB5044690
:10E9A00090F8AB3103F0FF05002B5AD190F8DC3121
:10E9B000032B56D1FAF736FFD4E98423801A61EB92
:10E9C0000301012871F100034BDB6FF00103834267
:10E9D00075EB010104DA40F2E5513020F2F7CAFA92
:10E9E000A269B4F880300AB1B0FBF2F201331344EB
:10E9F0009BB2A4F8F031B4F8F021B4F8A4319B1A1A
:10EA00001BB2002B2DDD94F8F701FBF765F840B33E
:10EA1000FF2384F8F531B4F8BA30B4F880501D44BF
:10EA2000B4F8B830013DED1AADB20DF10E06B4F8F0
:10EA3000F031EB1A1B0414D4B4F8F0110096002343
:10EA4000012289B22046F5F72BFF012809D1B4F83D
:10EA5000F031BDF80E2012FA83F39BB2A4F8F03126
:10EA6000E5E704B070BD70B5044621B1012977D047
:10EA700040F6280171E000F009F994F811310546DB
:10EA80000E46DBB150EA010318D0D4E93832D4E99C
:10EA90004001C01A61EB020133462A46FDF79EF998
:10EAA00005FB01F300FB0633A5FB00021344D4E988
:10EAB0003821121843EB0103C4E93823E08C30B14C
:10EAC000F5F782FAE38CB0FBF3F202FB1300D4E912
:10EAD0003832ED1846EB02062D184FF0000346F1D0
:10EAE00000060222C4E93856C4E9405684F8F030E2
:10EAF000A4F8F82084F8113194F8183103F0FF01DC
:10EB0000DBB9D4E942026FF000439A4208BFB0F18A
:10EB1000FF3F18D02046D4E9405600F0ACF8D4E9C5
:10EB20004232E5305B1B62EB06021B1A62F1000207
:10EB3000002A08DA2046F7F787F9F8F7CDFFBDE895
:10EB40007040FAF773BE94F8C80004F1F001FAF7C8
:10EB50002FFF0028F1D14FF4EA613020F2F70AFAD2
:10EB6000002380F8D030E8E790F81001003818BF93
:10EB7000012070470B46142203F8032BD0F809201C
:10EB8000C1F80320D0F80D205A60704738B50B4605
:10EB9000102203F8032B0C4600F10902293052F829
:10EBA000041B43F8041B8242F9D112781A70A5881D
:10EBB0000123A37100212846F2F79AFD70B1E37892
:10EBC00063B10088F4F7A0FA00212846F2F7A6FD09
:10EBD00020B140F22B212D20F2F7CCF938BD0121D4
:10EBE000F6F7C2BEFFF7FBBF90F87A300BB10120F9
:10EBF000704790F8B22002F0FF03002AF7D190F896
:10EC0000A4201846704737B504460D464FF490725D
:10EC10000021FDF737F9FF2323701323638042F2AD
:10EC20001073E384F2F770FE002201462063684609
:10EC3000F2F798FE206B00220121FDF7E8FE216B20
:10EC400068460422F2F78EFE0022206B1146FDF783
:10EC5000DEFE04F12800A57403B0BDE8304000F0EA
:10EC60003AB9FF23086B0B70FDF79DBE0078FF38A3
:10EC700018BF0120704710B50446283000F081F914
:10EC800061882822F7F712F96D3010BDD0E9020132
:10EC900070470B68C0F815308B88A0F81930012335
:10ECA000C37670472DE9F04F06460C4607460FCE57
:10ECB00091B006AD0FC50FCE0FC596E803000DF15C
:10ECC000100885E80300404600F005F9667894F8DE
:10ECD000149094F80AA094F800B006F07F05B9F1FA
:10ECE000010F2E4607D0B9F1020F04D040F29A313D
:10ECF0000620F2F73FF9617A404600F0F3F8237DF1
:10ED0000227F022B08BF617D02F1010206BF0131A3
:10ED1000C9B20121D2B2404600F0E6F815F008036E
:10ED200062D14046019300F02CF928223146F7F7D2
:10ED3000BDF8E578019B00F2D722207945EA00254D
:10ED4000607940F2712145EA00454D43B2FBF1F292
:10ED50004A43AA420AD9E079A57945EA0025207AF2
:10ED600045EA00454D43954228BF1546227E039350
:10ED7000531E5A425A41A17C386B02910192FDF711
:10ED8000DFFE386BFDF7ECFE039B019A0299ADF8AC
:10ED90001A6008958DF828208DF82B108DF82CA07E
:10EDA0008DF818B08DF81C90099306AE0FCE3D4635
:10EDB0000FC50FCE0FC596E8030085E8030098E85D
:10EDC0000300B862B985E37A03F0FD03003B18BF86
:10EDD000012387F85730E368BB65238AA7F85C30C6
:10EDE000002011B0BDE8F08F00252B46BEE7438818
:10EDF00013F0040F0CBF1F20002070474FF4004396
:10EE0000C38543881D2B08BF00214174704790F9CA
:10EE100012007047408800F0010070478078C0F30E
:10EE2000400070478078C0F3C000704708B5006BA1
:10EE3000FDF77DFE012008BD0120704701207047CD
:10EE400090F8503001624B72D0F85130C1F80A305E
:10EE5000B0F85530CB8170477047F6F7F3BA80F8B9
:10EE60007010704780F8241080F825207047827851
:10EE7000034612F0010002D0D978C90710D59007D7
:10EE800002D5D97889070AD512F0040008D0D878BD
:10EE9000C0F3800080F001008000C0B27047022003
:10EEA0007047C0F34002C0F38003134400F0010038
:10EEB00018447047022808B507D0042807D0012855
:10EEC00007D039212E20F2F755F8262008BD27203B
:10EED000FCE72520FAE70023C0F802300123437045
:10EEE000037070478170704710B542700170807870
:10EEF0001446FFF7D6FF10FB01F010FB04F2FE2AC8
:10EF000003DD5C212E20F2F735F810BD0023C3701D
:10EF100043710371704710B50446FFF7A8FF63798A
:10EF200062780133DBB29A4263710FD1E378A17842
:10EF30000343DBB29942E37008BF23794FF000022C
:10EF400008BF0133627104BFE2702371BDE8104055
:10EF5000FFF7B0BF38B501468078FFF7A2FF04463F
:10EF6000C8784D78FFF79DFF0A790B789B1A13FB41
:10EF700005F34A7913FB04F39B1A00FB1530C0B26A
:10EF800038BD08B501468078FFF78BFF4B780A78CB
:10EF900013FB02F313FB00F0C0B208BD40F2EF20F8
:10EFA000704740F25A335843704738B553680E38AB
:10EFB00014460D4693F8862009283FD8DFE800F074
:10EFC000053E3E3E0F3E173E3E26042A05D1204612
:10EFD000FFF7BFF82046F5F7FDFA002038BD0F2AED
:10EFE000FBD120460021BDE83840FFF7D4BA1D2AE6
:10EFF000F3D12046FFF7ADF8002DEED0626892F80D
:10F00000D83023F0200382F8D830E6E793F8872041
:10F01000232AE2D1002583F887502046FFF7ACF879
:10F02000636893F82431012B03D129462046F3F776
:10F0300051FF6368002283F82421CEE740F2562175
:10F040003120F1F797FF08B590F80E31FE2B04D070
:10F0500040F6B3013120F1F78DFF002380F80E1147
:10F0600080F80F3112B9A0F8C42008BDA0F8BE3056
:10F07000012380F8C230F8E708B5436893F8872089
:10F08000162A04D040F252513120F1F773FF1A22B0
:10F0900083F8872008BD08B5436893F88720312A94
:10F0A00006D1002283F88720BDE80840FFF764B846
:10F0B000162A03D11A2283F8872008BD40F267512F
:10F0C0003120F1F757FF037D63B9C37BA3F1100231
:10F0D000032A07D990F8500028B11C2B8CBF0020C0
:10F0E000012070470120704702464068097990F876
:10F0F00086301D2B14D00BD8042B13D00F2B13D01C
:10F1000090F88730232B0CBF1720FE20F7F7B2B8FA
:10F11000282B0BD02E2B01D0212BF1D11620F5E777
:10F120001420F3E70E20F1E71220EFE72320EDE7AC
:10F13000024640680B4690F8D81041F0040180F870
:10F14000D81059791879F7F795B838B50C460546AF
:10F15000D1E90401F2F77CFB94F8F70120280FD0E5
:10F16000FAF7BAFC94F8F701FAF7F0FD94F8F70112
:10F17000FAF772FB20B940F61D113120F1F7FAFEC3
:10F1800028460221BDE83840F2F7C8BA002070478F
:10F1900008B5F4F763FFBDE80840F5F723B9F2F7C7
:10F1A0001FBF0022A0F8862080F88A2090F8AB319B
:10F1B00013B10221F5F7D6BF0321FBE738B50446AA
:10F1C000084694F8303213B10C25284638BD94F81F
:10F1D0008730153B012BF7D894F8543203F0FF0524
:10F1E000002BF1D191B194F8C63123B940F69921A1
:10F1F0003120F1F7BFFE052304F1F00204F5DB71C5
:10F20000FCF79EFC012384F83032DEE70223FAE7A4
:10F21000F4F798BF08B5F8F713FAF7F7C5FFF7F753
:10F2200013FEBDE80840F7F79BBE08B5C821F7F705
:10F230006BFE022807D1013911F0FF01F7D1EB2154
:10F240003B20F1F797FE431E5842584108BD4FF04E
:10F250008053D3F8A00000F0010070474FF08053B6
:10F26000D3F8A420D3F8A830511C9BB203D14FF699
:10F27000FF718B4203D00260838001207047002021
:10F2800070474FF0805330B5D3F89050D3F8944086
:10F29000D3F89810D3F89C2005EA04030B401340E0
:10F2A00001331FBF056044608160C2600CBF002055
:10F2B000012030BD4FF0805330B5D3F88050D3F8E3
:10F2C0008440D3F88810D3F88C2005EA04030B405F
:10F2D000134001331FBF056044608160C2600CBFF2
:10F2E0000020012030BD10B5F8F7ECF90446FAF71C
:10F2F0004BFD201841F1000110BD10B50446084631
:10F30000F8F744FE4FF47A73B0FBF3F0201A10BD07
:10F3100010B504460846F8F739FE023C00F2E73320
:10F320004FF47A72B3FBF2F3E01A10BD08B5FCF7A4
:10F33000B9FCBDE80840FBF7DFBA801A00F307000C
:10F3400038B540B20D4659B21446FBF7C5FA002352
:10F3500028706B70204440B238BD002303607047B2
:10F360007047002070474FF0FF3070474FF0FF307C
:10F37000704770474FF0FF30704700207047002003
:10F3800070470023037070479DF800300022FFF79C
:10F39000D4BF4FF0FF307047002070474FF0FF3070
:10F3A00070474FF0FF3070477047C0B208B520B9C2
:10F3B0004FF0804301221A6008BD5121B520FCF7AF
:10F3C00071FA0020FBF7F0BA4FF08043D3F808043D
:10F3D00000F0010070474FF08043D3F8140400F0B0
:10F3E000010070474FF08043D3F81C0400F0030085
:10F3F00070474FF08042D2F81834D2F81824C3F383
:10F40000004302F00302824214BF002003F0010017
:10F4100070470020FBF742BB0020FBF76DBB0020CC
:10F42000FBF7C2BA38B5054691F82B000C46FAF73F
:10F4300013FA18B9F6216A20FCF734FA0023238561
:10F4400084F82A300921236A2846984718B103789E
:10F450000BB1FA21EFE738BD08B5426A0346114403
:10F460001A785962012AA1F1500006D1FAF788FBF7
:10F4700040B9DA216A20FCF715FAFAF781FB08B9DE
:10F48000DF21F7E708BD70B5FCF782F900240546D7
:10F490002646E0B2854200D870BDFCF77FF9013402
:10F4A000068580F82A60F4E7F8B504460D46FCF7B7
:10F4B0006FF900270646F8B2864204D8082D0CD909
:10F4C0006FF0150008E0FCF769F990F82A30013771
:10F4D000002BF0D04FF0FF30F8BD2CB1294620466C
:10F4E000BDE8F840FCF766B921462046F8E710B5BC
:10F4F0000446FCF753F9014688B190F828308BB9DF
:10F5000090F82A3073B1013B012B04D82046FFF755
:10F5100089FF002010BD012380F82830F9E76FF043
:10F520000100F7E76FF02200F4E770B50D46FCF735
:10F5300035F90446002848D090F82A60731E012B44
:10F5400049D8002D44D02846FBF7F8FE00283FD0CC
:10F550002B78FBB9012323702B79003B18BF0123C3
:10F5600063726B79002B14BF042302232372AB68F0
:10F570006F336360EB682361032394F82B0084F8F6
:10F580002A302146FAF714FA40BB40F2E2216A2001
:10F59000FCF788F9022E1ED1002323702B79003B43
:10F5A00018BF012363726B79002B18BF04262672E3
:10F5B000EB68A9686F336360D4E906325B1842EBED
:10F5C000E172C4E904320423D7E76FF0010070BD93
:10F5D0006FF01500FBE76FF02200F8E70020F6E778
:10F5E000F8B5037904461BB11B219D20FCF75AF99D
:10F5F0004679017126B901234371217909B96171F5
:10F60000F8BD276826712046B84702280546F4D180
:10F6100003212046B84708B12F21E6E72368294691
:10F62000204698470028E8D03021DEE703460068EE
:10F63000884204D109B10A681A600846704728B99F
:10F640007047884202D10A681A60F6E703460068EC
:10F650000028F6D170470346002018707047EFF37A
:10F66000108272B603780121DBB2017002B962B672
:10F67000012B0CBF6FF0220000207047EFF31083C6
:10F6800072B60022027003B962B600207047FCF720
:10F69000E3BAFCF72BBBFCF729BB00280CBF6FF0CB
:10F6A00015000020704700207047072303700020DA
:10F6B0007047002070470020704710F8012B11F8A8
:10F6C000013B012A28BF9A42F7D0D01A704703465F
:10F6D00011F8012B03F8012B002AF9D170470346DA
:10F6E00013F8012B002AFBD1181A013870472DE9B5
:10F6F000F04786468C460846089E154674461946CD
:10F70000002B40F0C2808542B2FA82F245D94AB15C
:10F71000C2F1200300FA02FC2EFA03F3954043EAFB
:10F720000C0C94404FEA154EA8B2BCFBFEF8230C1B
:10F730000EFB18CC08FB00F943EA0C43994528D985
:10F74000EB1808F1FF3704D2994502D9A8F1020756
:10F750002B44A3EB0903A4B2B3FBFEFC0EFB1C334A
:10F760000CFB00F044EA0344A04214D92C190CF11C
:10F77000FF3304D2A04202D9ACF102032C44241A74
:10F7800043EA07401EB1D440002334607360BDE8F3
:10F79000F0874746DDE76346F1E792BB431B012153
:10F7A0004FEA154EAFB2B3FBFEFC200C0EFB1C3330
:10F7B0000CFB07F840EA0343984562D9EB180CF1BB
:10F7C000FF3004D2984502D9ACF102002B44A3EBE0
:10F7D0000803A4B2B3FBFEFC0EFB1C330CFB07F7C3
:10F7E00044EA0344A7424ED92C190CF1FF3304D24A
:10F7F000A74202D9ACF102032C44E41B43EA0040C7
:10F80000C0E7C2F1200320FA03F1954090402EFAA0
:10F8100003F303434FEA154EAFB2B1FBFEFC0EFB00
:10F820001C10190C0CFB07F841EA0041884504FA4A
:10F8300002F422D969180CF1FF3004D2884502D9AC
:10F84000ACF102002944A1EB08019BB2B1FBFEFC24
:10F850000EFB1C110CFB07F743EA01439F420ED934
:10F86000EB180CF1FF3104D29F4202D9ACF1020136
:10F870002B44DB1B41EA004192E76046E3E7614627
:10F88000F7E76046A3E76346B7E7834206D916B9B0
:10F89000002108467BE7C6E900E0F9E7B3FA83F701
:10F8A0008FB9834201D3724508D8BEEB020460EBE6
:10F8B000030301209C461EB9002168E73846FAE799
:10F8C000C6E9004CF8E7C7F1200CBB4022FA0CF463
:10F8D0001C432EFA0CF120FA0CF3B84001434FEA16
:10F8E00014490EFA07F5B3FBF9F81FFA84FE09FB79
:10F8F00018300B0C08FB0EFA43EA00439A4502FA53
:10F9000007F240D9E31808F1FF3004D29A4502D932
:10F91000A8F102002344A3EB0A0389B2B3FBF9F870
:10F9200009FB183308FB0EFE41EA03418E452CD932
:10F93000611808F1FF3304D28E4502D9A8F1020301
:10F94000214443EA0040A0FB0298A1EB0E0141458F
:10F95000CE46434602D306D14D4504D2B9EB020E42
:10F9600068EB04030138002EA6D0B5EB0E0261EB64
:10F97000030101FA0CFC22FA07F34CEA0303F940F5
:10F98000C6E9003198E74046C5E74346D9E700009D
:10F99000F0B5002285B0114640F6034005F0D6FED2
:10F9A0000446002859D105F023FC214603AA41F260
:10F9B000030005F0CBFE044600284ED1039AB84D53
:10F9C000D168D1F80100D1F8051005F1780303C31F
:10F9D000104604F0C5FB214603AA41F2010005F0E0
:10F9E000B5FE0446002838D10398C3685A7885F8D4
:10F9F00070205A88A5F872201A7985F87120B3F81A
:10FA00000720A5F87420B3F80530A5F8763004F087
:10FA1000A7FB214603AA41F2020005F097FE044627
:10FA2000D8B9039FFA6805F18006531C4132186863
:10FA30005968344603C4083393422646F7D1384602
:10FA400004F08EFB95F87C305B0609D4954A964805
:10FA5000012116F0B1FF6FF01204204605B0F0BD91
:10FA600003AA002142F2030005F070FE04460028BC
:10FA7000F3D1039A8D4BD168D1F80100D1F805106C
:10FA800003C3104604F06CFB214603AA42F20200B5
:10FA900005F05CFE04460028DFD1039EF468B4F84C
:10FAA00001309AB292B1E27882B1A5F80431E378DC
:10FAB000032B06D0032200927B487D4A022116F0D8
:10FAC00051FBE2787B4811461AF01DFC304604F0E9
:10FAD00047FB95F87C601F2316F02006A5F820311F
:10FAE00019D14FF0FF304FF0FF3105F0A9FB04466C
:10FAF000002800F0C88002210C3016F0C1FD01235F
:10FB0000037046702146324640F66D4005F01EFEF9
:10FB100004460028A1D195F89C301F0712D503AAEE
:10FB2000002142F21C0005F011FE0446002894D189
:10FB30000398C368D3F80120D3F80530C5E938230A
:10FB400004F00EFB95F8D8309E0626D50DF10A017B
:10FB500002A805F0DBFE044600287FF47EAF4FF0DC
:10FB6000FF304FF0FF3105F06BFB0646002800F038
:10FB70008A8004210C3016F083FDBDF80830038024
:10FB8000BDF80A3043802246314642F2240005F097
:10FB9000DDFD044600287FF460AF95F8D8305C06A0
:10FBA00010D503AA002142F22A0005F0CFFD044639
:10FBB00000287FF452AF0398C3685B7885F8223140
:10FBC00004F0CEFA4FF0FF304FF0FF3105F038FB74
:10FBD0000446002857D008210C3016F051FD95F846
:10FBE000D81011F0400F024640F2022308BF032351
:10FBF00088074CBF43F02C0043F00C0095F8D93037
:10FC00008F0648BF40F0400013F0090F18BF40F4C2
:10FC10000060CE0748BF40F01000002116F0F0FE53
:10FC20002146002242F2010005F090FD0446002822
:10FC30007FF413AF95F87C30B5F80411980625D4FD
:10FC4000C9B903AA41F2050005F080FD0446002869
:10FC50007FF403AFB5F80431039C4BB9E368B3F804
:10FC60000120A5F804219A88124811461AF04BFB8E
:10FC7000204604F075FA4FF0FF304FF0FF3105F0E9
:10FC8000DFFA0446D0B96FF06804E6E60029F2D145
:10FC9000094A0548012116F08FFE6FF00404DCE6E6
:10FCA000E8130020CBEC0200DCC00200C0140020EE
:10FCB000EFEC0200F014002035ED020008210C30BA
:10FCC00016F0DEFC95F8D830D907024632D4324817
:10FCD0004FF0005116F094FE2146002240F60140FC
:10FCE00005F034FD044600287FF4B7AE014603AAB0
:10FCF0004FF6014005F02AFD0446F8B1274A28488E
:10FD0000022116F059FE17F0A9F8044600287FF4E6
:10FD1000A4AE07F0C3FF044600287FF49EAEEB7943
:10FD2000002B3FF49AAE08211E4816F047FE05F05E
:10FD30007FFB92E616A1D1E90001CBE7039804F01E
:10FD40000FFA214603AA4FF6024005F0FFFC0446D5
:10FD500008B1154AD3E70398C368B3F80130A5F892
:10FD6000C13004F0FDF995F8C1305B07CBD503AA8B
:10FD700021464FF6034005F0E9FC08B10B4ABEE707
:10FD80000398C3685B7885F8C03004F0E9F9BAE7F6
:10FD900090880002008000201088000258ED0200C8
:10FDA000DCC00200BC1400207CED0200A5ED0200C6
:10FDB000F0B585B00D4616461F4903AA1F4616F03A
:10FDC00099FA002835D0039C002C32D1B5F50E6F7E
:10FDD0000BD01A481A4A00954FF40E63012116F011
:10FDE000C1F96FF0150005B0F0BD16492A46384636
:10FDF000B0470028F7DB144D12482C7023468E21A3
:10FE000001FB03F2825C1AB12A780132D2B22A7065
:10FE10000133102BF4D10D4A0848022116F08FF956
:10FE20002B78DBB205480A4A022116F091F900202E
:10FE3000D9E76FF00100D6E7E3DA020084C10200DF
:10FE40009CD10200E4500020C4590020D6D1020009
:10FE5000EFD1020008B502210E480F4A16F06FF9E3
:10FE60000E4B01221A700E4B07221A7000F0A8FCEC
:10FE70004FF4A02200230B4810F0C6FF00230A49CC
:10FE80000A484FF4B02210F091FFBDE8084001F09D
:10FE900035B900BF84C102000FD20200D450002047
:10FEA000C8590020082B0020382B0020682B002088
:10FEB00010B50B4B1B78052B08D04FF48042BDE8E2
:10FEC000104008490848002310F070BF01F0D2F834
:10FED00018B1BDE81040FFF7BDBF4FF48032EEE728
:10FEE000C8590020382B0020682B002010B50B4883
:10FEF0000B4A022116F023F901F0F6F8094B002213
:10FF00001A70094B05221A7000F05AFCBDE8104027
:10FF1000064907480022002310F048BF84C10200B0
:10FF200023D20200D4500020C8590020382B0020D2
:10FF3000682B002037B5174D2B880124164A174827
:10FF4000022116F005F9CDE900442346288822460F
:10FF5000032101F029F8B0B1114A1048022116F02E
:10FF6000EEF82B8823442B800E4B05221A7000F0EC
:10FF700027FC0D490D484FF4C032002303B0BDE803
:10FF8000304010F013BF0A4A0448214616F0D7F853
:10FF9000EAE700BFFC18002044D2020084C102003E
:10FFA00070D20200C8590020382B0020682B002096
:10FFB00094D2020010B50A4815F003FA094B022248
:10FFC0001A7000F0FDFB08481AF079FABDE81040FD
:10FFD000064907484FF40042002310F0E7BE00BF77
:10FFE000AFD20200C8590020382B0020D82A0020A8
:10FFF000682B002007B52A4815F0E3F900F07CFBD8
:020000021000EC
:1000000000F0B4FD274816F0ABF9034620B1264AAC
:100010002648012116F09CF816F065F9034620B138
:10002000234A2248012116F093F800234FF400627E
:10003000204921480093072310F048FE1F4920481B
:100040001AF031FA1F4920481AF02DFA1F492048AA
:100050001AF029FA1F4B1A781F4B82B901221F4848
:100060001A7015F0AEF91E4815F0ABF900F0A8FBB8
:100070004FF0FF314FF0FF301AF026FBF8E7052272
:1000800018481A7015F09DF900F06EFB00F036FE6E
:100090000B4909480022002310F088FEE3E700BF67
:1000A000DDD2020058150020F0D2020084C1020007
:1000B0001DD3020000730020682B0020B1FE000059
:1000C000382B0020EDFE0000082B002035FF00003B
:1000D000D82A0020C4590020C85900203BD3020070
:1000E00079D3020056D30200F8B550781C46111897
:1000F00013788E78013280EA03010025EFB2B8420E
:1001000007D88E420AD0094A0948012114F01DFE81
:1001100008E012F8017F01357940EFE70C2B03D19D
:1001200001F002F82046F8BD024AEDE7C5D302000F
:10013000DCC10200E6D30200F8B50D480D4F1946A8
:1001400014461D4615F03DF96619B44204D10A481B
:1001500015F037F92846F8BD14F8011BA1F120036A
:100160005E2B94BF0A463F22384615F02AF9ECE789
:1001700017D4020058D4020093DF0200124A134839
:1001800008B50B4600211170114A032114F0DDFD62
:10019000104B1B785BB1104910480E2202F030FE64
:1001A000034658B10E4A0948012114F0CEFD00F073
:1001B000A5FFBDE808400B4810F082BD0A4A03487D
:1001C000032114F0C4FDF2E7C7590020DCC102008E
:1001D00066D40200D5500020D65000208FD40200F3
:1001E0009CD4020070440020BDD4020010B51E490A
:1001F000002423468E2202FB03F0085C08B1013480
:10020000E4B20133102BF6D13CB3184A184802214E
:1002100014F09DFD144917484FF40E621BF0B4FA18
:10022000154B13481C70154B00221A700221144AFA
:10023000234614F08AFD134B0D4805221A70022143
:10024000114A14F084FD114911480022002310F0D6
:10025000ADFDBDE8104000F0B3BA0E4A04480121DC
:1002600014F075FDE7E700BFC9590020DDD4020096
:10027000DCC10200E4500020C4590020C559002010
:100280000FD50200C859002063D50200382B00208A
:10029000682B002038D5020030B50F4D0FCD89B046
:1002A00003AC0FC42B68236001240C4B0C49009451
:1002B000022203A806F0E6F9034630B1094A0A48CB
:1002C000214614F042FD09B030BD084A064803211A
:1002D00014F03DFDF7E700BFF0C20200A0C8020025
:1002E000A8C8020085D50200DCC10200ACD502001E
:1002F0000346024A0248012114F027BDDFD502005F
:10030000DCC1020008B50E4B0E4801221A70022112
:100310000D4A14F01CFD0D4B1A78042A0CD105224D
:100320001A700B4B1B782BB10A490B480022002393
:1003300010F03CFD00F044FABDE8084000F0D4BEE7
:10034000C7590020DCC1020008D60200C8590020AD
:10035000C4590020382B0020682B00200B4621B107
:10036000034A0448012114F0F0BCFFF7CBBF00BFE3
:100370001BD60200DCC102000A4930B502464C1C03
:100380000020904201D300200BE0431C9342FADA94
:10039000235C0D5C033303449A42F4DB022D98B2D4
:1003A000EFD130BDAA6200202DE9F04F89B0954E03
:1003B0009548964C02AF1546FB601AF080F83378EA
:1003C000062B0CD0924A9348022114F0C0FC06235D
:1003D000914A337000232380137000F0F1F900215B
:1003E00023888E4E0A46D7F80CC088B284450FD8B1
:1003F00002B123802088DFF82082FFF7BDFF054689
:1004000085B94FF480320023854810F0FDFC4BE0A5
:10041000B3F5007F04D25A1C685CF05493B20122F9
:100420000131E0E798F800907E4B8E2419FB04F42C
:10043000E3187B6000267948DFF8ECC1825D431C3D
:100440009B5DD91CB960B11C0144981903EB010AEA
:100450001CF800E082EA03008C46E24529D186457B
:100460002CD013466B48714A012114F06EFCBB6816
:1004700033449EB2B542DED8644E3488641BA4B2C5
:1004800024B16648224641191BF08CF998F80030D7
:1004900034800F2B40F2B18061481AF010F86048A8
:1004A0000022002310F07CFCF8681C37BD46BDE834
:1004B000F08F1CF801BB8BEA0000CEE7013A0A2A54
:1004C000D5D8DFE802F006650C2033474756565E64
:1004D0005E0078688E2200211BF07EF9C7E7052BAD
:1004E000DFF840A128BF052304F129001A46504433
:1004F0009B461BF049F98E2303FB09AADA4400232B
:100500008AF82930B3E7132BDFF818A128BF13238B
:10051000601C1A4650449B461BF036F98E2303FBA1
:1005200009AADA4400238AF80130A0E7132BDFF888
:10053000F4A028BF132304F115001A4650449B462B
:100540001BF022F98E2303FB09AADA4400238AF860
:1005500015308CE7DFF8CCC004F15B0E04F12F00FE
:100560002C22009260440A460CEB0E0114F0FDFBB5
:100570007DE7DFF8B0C004F1740E04F15C001822CE
:10058000EFE7DFF8A0C004F18D0E04F17500F6E787
:100590008E2202FB09F2234B0121995498F8001096
:1005A000EA468CB0013102AA2148C2E90501611C6A
:1005B0001944D16104F11501194411621D493961D1
:1005C00040F20351B98204F129010B44536207F14F
:1005D000180313E90300184B9062918542F8103F0D
:1005E00000230C484FF4725102F082F898F8003062
:1005F0000133D54688F8003039E72046FFF7BCFEC6
:100600000546FDE6C8590020382B00208850002000
:100610003AD60200DCC10200A9620020AA620020D2
:10062000402C0020C9590020AC620020C5D3020034
:1006300068D602000103020406000003B0B5154AA3
:10064000154B00AF0C1E6D4688B008BF13466A46B6
:100650001249C2E905134FF400739383104B42F81B
:10066000103F104800234FF4E45102F041F8AD462A
:100670005CB10D4B01221A700C4B1A78042A02D07F
:100680001A78062A01D105221A7000F099F8BD46A1
:10069000B0BD00BF8AD6020086D602008DD6020009
:1006A00003000001DCC10200C6590020C859002027
:1006B00080B50C4A0C4B00AF88B0012908BF134627
:1006C0006A460A49C2E905134FF400739383084B45
:1006D00042F8103F074800234FF4E45102F008F8B5
:1006E000BD4680BDAAD60200B2D60200BBD602002B
:1006F00003000001DCC1020010B5002005F050F934
:10070000034630B1BDE810400E4A0F48012114F0F5
:100710001CBB0E4807F0AAFA034620B10C4A0A484F
:10072000012114F012FB0B490B4819F0BCFE0B49D8
:100730000B4819F06BFEBDE810400A4A024802213E
:1007400014F005BBD0D60200DCC1020074150020F5
:10075000EFD60200ED010100402C002099020100BB
:10076000704400201BD7020030B50F4D0FCD89B06B
:1007700003AC0FC42B68236001240C4B0C4900947C
:10078000022203A805F07EFF034630B1094A0A4859
:10079000214614F0DAFA09B030BD084A06480221B1
:1007A00014F0D5FAF7E700BFF0C20200A0C80200BB
:1007B000A8C8020059D70200DCC102007ED702009F
:1007C000F0B54D4B83B01B78013B00AF072B5CD8D5
:1007D000DFE803F0040A111317155E8B474A4848F7
:1007E000022114F0DCFA50E0464A4548022114F098
:1007F000D6FA454AF3E7454AF1E7454AEFE7454A65
:10080000EDE7454A13780BB9444AE8E7444B1878BA
:100810001178884224BF002119701E781578187845
:10082000197893F800C06C468EB0F6B2EDB2C0B243
:10083000C9B25FFA8CFC6A463A4B53610136C2E991
:10084000066501238E2515FB0030374B05FB013172
:1008500015311844516205FB0C3334493960293392
:1008600040F204619362B98007F10803106213E952
:1008700003002F4BD062118642F8103F00234FF443
:1008800089411F4801F034FFA5460C37BD46F0BD35
:10089000234B187819781D786C468CB0C0B2C9B259
:1008A000EDB26A46234B53618E26012316FB0030BE
:1008B0001D4B06FB013115311844D16106FB053390
:1008C0001D493960293340F202411362B98007F1B2
:1008D0000803906113E90300184B5062118542F838
:1008E000103F00234FF45251CBE7154A0448022130
:1008F00014F055FA134A72E7C859002051D8020083
:10090000ECC102008FD80200B1D80200E8D8020082
:1009100025D9020053D90200C459002085D902000C
:10092000C55900209ED90200E450002002040305AE
:1009300007000003CCD902000002010305000003F8
:10094000F3D902001CDA020070B5C3880B2B66D104
:100950008368334E012B12D119F043FF4FF47A72A2
:10096000A0FB020302FB0131C00B40EA4140C90B6E
:10097000C6E900014FF4A0222A48002321E019F023
:1009800030FF4FF47A73A0FB034503FB0155D6E912
:100990000032E40B44EA4544E41A22484FEAD535D4
:1009A00065EB020519F08BFDB4F57A7F75F1000354
:1009B0000BDA1D4A1D4813780133137043F23432A9
:1009C0000023BDE8704010F01FBAB4F57A7142F20E
:1009D000283245F1FF33914273F100034FF00002DA
:1009E000CAD2114B124E11481A7019F068FD3378B3
:1009F000052B0FD122462B460E4814F0E2FC0E4880
:100A000014F0DFFC02233370FFF7DAFEBDE870401C
:100A1000FFF7D0BABDE87040084814F0D2BC70BDF2
:100A2000D02C0020702C0020AA640020A02C0020D4
:100A3000C859002042DA02007CDA0200A1DA020082
:100A400000B5164B9BB008221A70FFF7B9FE4FF4A1
:100A50000E62002112481AF0BFFE124B1248002409
:100A60001C70124B1C70124B1C7015F03FFC11488F
:100A700015F03CFC1049204604F00AFC684614F0CE
:100A8000B8F9FFF79DFE0D4814F09BFC4FF4803041
:100A9000002119F019FE204600F03AFFC859002045
:100AA000E4500020C4590020DCDA0200C5590020BF
:100AB000C65900208FD4020030E50200E9DA0200B6
:100AC00008B5064B1B78062B06D1BDE80840044A42
:100AD0000448012114F063B9FFF7B2FFC8590020A0
:100AE00027DB0200ECC1020038B5194A194C137813
:100AF000013B052B06D8DFE803F0030508050F28A6
:100B0000032313700023237038BD04231370FFF7F1
:100B100057FEFFF729FEF5E70F4803781BB90F488A
:100B200014F04FFCEEE70E4A2178137800780B445E
:100B3000B3FBF0F500FB1533DBB2137012780948F4
:100B400014F03FFCFFF73CFEDCE70748E8E700BF96
:100B5000C8590020AA640020C459002057DB0200B5
:100B6000C55900207ADB0200ABDB020008B507495B
:100B7000074819F098FC0749074819F094FCBDE8AC
:100B80000840064A0648022114F009B9E90A0100A2
:100B9000A02C0020C10A0100702C0020DCDB020028
:100BA000ECC102002DE9F34104468368DB6B002BA6
:100BB0002ED1A368DB6A002B30D1424F424EA3688E
:100BC0001B69002B48D13A8833889342F7D8DFF865
:100BD000FC803F4B98F800503E490B3A92B223F804
:100BE00015203D4B642005FB00300135EDB21AF0B5
:100BF000CBFD132D88F8005002D9384814F0E1FBE2
:100C000000233B8009233380354B01221A7009E011
:100C100098470028CDD102B0BDE8F0812046984722
:100C20000028CAD1A368DB69002B37D12D4A2E4D8D
:100C30002E4E2B68116832681944D21AA368DB68FB
:100C4000002B30D16FF057002FE0294814F0B9FB8A
:100C500000233B803580DEE701220DF107012046AD
:100C60009847C0B20128AED13B88DFF888809DF854
:100C7000072008F803205D1CADB2092D3D809ED1F0
:100C80001D49062240461AF0AFFD0028DDD1B8F814
:100C9000073032885BBA1344338090E72046984788
:100CA0000028B8D0C2E7204698472B68184433681C
:100CB00028609842AFD3A3689B69002BABD0204635
:100CC0009847A8E78A500020FE18002010650020F1
:100CD0008C500020B5640020116500202EDC02003D
:100CE000AB6400208844002080440020844400201D
:100CF0001DDC0200AC64002017DD020010B50A4CB8
:100D0000204619F09AF920B9BDE81040074814F0C0
:100D100058BBA3683BB11B6C2BB120460449BDE80E
:100D200010400022184710BD1CBD02003FDC02002D
:100D3000A50B010010B4074C216007490A60074A5F
:100D40000021116083685B690BB110BC184710BCAF
:100D5000704700BF88440020844400208044002065
:100D60002DE9F84F07460D461B4EB3681B6A0BB1C1
:100D70003046984700244FF4004C40F2E7302146BB
:100D8000ECFB07014FF47A720023FBF767F93D444F
:100D9000013D814695FBF7F58A464FEAE5782746FF
:100DA0000E4B93F800B0BBF1000F09D000221A706F
:100DB000B3685B6A0BB1084898475846BDE8F88F9E
:100DC0004846514619F080FCAC4277EB0802F4D259
:100DD000013447F10007E3E71CBD0200AB640020CB
:100DE00010B59AB00446084611461A46FFF7A2FF0E
:100DF000BDF87410BDF87000FFF7B2FF104B114A38
:100E00001978ADF800104B1E32F81320ADF86620AB
:100E100079B10D49642000FB03110DF102001AF0B5
:100E2000B3FC6822694620461AF0AEFC20461AB090
:100E300010BD64220DF102001AF0CEFCF1E700BFF4
:100E4000106500208C5000201165002030B5002571
:100E50009BB004462946602202A801951AF0BCFC0A
:100E60000548642201A902FB04001AF08DFC034B23
:100E700023F814501BB030BD116500208C500020A9
:100E800010B50024E0B20134FFF7E0FF142CF9D1D3
:100E9000014B00221A7010BD1065002037B50B4CB5
:100EA000A5682B6933B101220DF10701204698474F
:100EB0000128F6D0FFF7E4FF054A00231380054A16
:100EC00009211180044A137003B030BD1CBD02001B
:100ED0008A500020FE180020AB6400202DE9F0416C
:100EE0001C46234B1B789CB00546884616460BB122
:100EF000FFF7C6FF1F4B8DF815809A8818689B79FD
:100F00008DF81230E31CADF810201A0A04F10C071A
:100F100003908DF813208DF814303CB322463146EF
:100F20000DF116001AF030FC0A34E2B2062103A8D3
:100F300013F037FF04F170036B44020A03F8642CCA
:100F400004F170030DEB030441F2883304F8630CE1
:100F50000193BDF888300093284607493B4603AA11
:100F6000FFF73EFF28461CB0BDE8F0810A24DCE70D
:100F70001065002052DC02001CBD0200F8B5084FCD
:100F800006460D460024A54204DCBDE8F8400548AD
:100F900014F017BA315D384614F013FA0134F2E751
:100FA0005ADC020093DF0200F0B59FB016461F46E0
:100FB0000D460446FFF772FF2A4814F002FA04A80F
:100FC00013F0FCFEBDF81010274814F0FAF927487A
:100FD00014F0F7F9BDF876100DF11200FFF7CEFF0F
:100FE000012104A813F0F6FEBDF810101E4814F0FD
:100FF000E8F91E4814F0E5F9BDF876100DF112007D
:10100000FFF7BCFF9DF8943002939DF890302A467C
:101010002146CDE9007304A8334613F0F6FEBDF86F
:101020001010114814F0CDF9104814F0CAF9BDF8A9
:1010300076400DF112002146FFF7A0FF04F178037E
:101040000DEB030414F8683C062B09D114F8673C37
:10105000F22B05D1064814F0B4F901201FB0F0BD01
:101060000020FBE75EDC02007EDC02009EDC02006A
:10107000B5DC0200F0B5B5B0FFF710FF684613F01D
:101080009DFE0121684613F0A5FE144E144F012465
:101090003388A34201DC00201BE00023A2B201211F
:1010A0001AA813F0DAFEBDF8CE30D0336B442146D7
:1010B00013F8682C13F8675C45EA02252A4638467F
:1010C00014F07FF9502D06DD0648214614F079F919
:1010D000012035B0F0BD0134DAE700BFFC18002074
:1010E000CDDC0200F1DC0200024A0348032115F0C6
:1010F00026B800BF1DDD0200E4C1020008B5064AA3
:101100000648032115F01BF8054819F0D8F9BDE889
:101110000840044819F0D3B934DD0200E4C10200EC
:10112000082D0020D82C00200B490B78B3FA83F24D
:1011300052090A70094A106802691268520403D5FC
:1011400023B983681B6903E0002BFAD18368DB684D
:101150004FF48041184700BFE16C0020BC1500200F
:101160002DE9F04F91B08407009302F0040302933D
:10117000C2F3C20303F10103DDF868800392054660
:101180000E46059340F0BA81041D30B1072909D8F5
:101190006FF01B0011B0BDE8F08F01F0070634447A
:1011A000C6F10806009B4FF00009591E4FF0040AD3
:1011B0004FF0FF330193CDF810904F46CB46534686
:1011C0000DB1009A22600598002800F3E880984845
:1011D000009A824203D397488242C0F0E080039A8B
:1011E000A4EB050E92074FEA9E0000F103810F2F3A
:1011F00000F2B180002D00F0058107F140020DEBF7
:10120000020C019A0CF8200C0CF8102C04980130F8
:101210000490E7E07A285DD84B280ED8472859D8A3
:1012200029282DD8252852D054D820287AD02338E0
:10123000D0F1000B4BEB000B74E04C382E2849D852
:10124000DFE800F07048484848484848484848485F
:101250004B484848484848484859484B4B595959C1
:10126000704B6D487048184B184848827F4B48486F
:101270004B487F0000204FF0000B4FF0040A38E08D
:101280002A38C0B2012202FA00F010EA0E0F49D14A
:1012900010F0625C2FD110EA020B43D06046013C93
:1012A0005444B4FBFAF40AFB04F4002D61D0A3EB20
:1012B000050CA444B4453FF66BAF002868D1042B5D
:1012C00047D158F8043B2360043404232AE0019AF0
:1012D000013A01924FF0000B24E011F8010C6C2848
:1012E00034D111F8023C00206C2B8346C5D14FF05D
:1012F000080A5346D3E708F1070828F0070807341F
:10130000F8E802AB24F0070435B106982044B04257
:101310003FF63EAFC4E900AB08344FF0000B4FF08E
:10132000080A534611F8010F002878D0BBF1000FCE
:101330007FF470AF2528F5D1019B013301934FF065
:10134000010B4FF0040AECE7584694E7002083466F
:10135000A5E7082B02D06FF015001BE708F107087E
:1013600028F00708F8E80223C4E90023083408231A
:10137000D8E768B9042B02D108F10408A4E7082BC8
:10138000E9D108F1070828F0070808F10808EDE797
:10139000059A013A059258F8042B009210E7039A37
:1013A000900720D5A4EB050E4FEA9E004FF0010CEC
:1013B000BEF5007FCFD20F2FCDD8F5B107F1400297
:1013C0000DEB020EC0B2019A0EF8200C0EF8102C94
:1013D000BCF1000F3FF41AAF60F07F000EF8200C54
:1013E00009F101090137C5F10802043406924FF6EC
:1013F000DA7E97E74FF0000CDAE7BCF1000F01D07E
:101400000136EFE7029802360028EBD10098CDE9CB
:101410000631FEF764F9DDE906310644E2E7631BB5
:10142000B3F5806F97D23DB9A6F10804E018B1E694
:10143000ECBB02001C0B0300029A28609B082B7077
:101440009DF81030C2B1EB7085F80290B9F1000F31
:1014500005D008A80022C5F1010C97420ED1C5F1B4
:1014600001030DF120084FF0000A01930DF1300B3C
:10147000574512D1601B8DE66B70E5E710F8013B14
:10148000190608D50CEB040EB64503F07F033FF6B2
:101490007FAE04F8013B0132DFE7B9F1000F03D062
:1014A00098F90020002A17DB029BD3B11AF80B2011
:1014B00004F8012B0022019B18191044B0423FF69A
:1014C00067AE98F8000004F8010B009903922046DB
:1014D0001AF05AF9039A14440AF1010A08F10108B2
:1014E000C6E798F8002055F822300093029B45F893
:1014F00022300098FEF7F3F8421CDCE76FF00D0095
:1015000048E600BF2DE9F04F97B000AF90F802A079
:10151000D7F880B03B62CBF3C0030446FA62BB61EC
:10152000894641B9457800780AEB800020444D4552
:1015300017D8A0EB0409E378FB61BAF1000F02D0E1
:101540001BF0010F16D1FB6953BBFB6A1BB13A6A52
:101550004946204698474D4628465C37BD46BDE87B
:10156000F08F461C3046FEF7BAF80130304409F1DE
:101570000109DCE7237862687A62FA6A9900796186
:1015800004EB8301002A40F000814D460E4601EB3A
:101590000A094FF000084E454CD101EB0A0610E055
:1015A0001BF0020FD1D023789A007A6162687A62C8
:1015B000FA6A04EB8301002A77D14D4601EB0A0653
:1015C00090461BF0050F0CBF02230123FB62FB6951
:1015D00006EB430A0BF00203BB625645BCD016F87B
:1015E000021B16F8013C54F82390994B994502D3FD
:1015F000984B994536D3BB69002B40D0786A13F0DD
:10160000B7FE00283BD0E9468AB06A46924B536148
:101610007B6AC2E906314FF4007313848F4B42F8A2
:10162000103F8F4800234FF4125101F061F8023D42
:10163000CD46D2E716F8013BF96254F82300FEF7D5
:101640004EF8D7F88430F96A01304BB1D7F88830BA
:1016500098453EBFD7F8843023F8180008F10108F8
:10166000054498E7BB6923B1786A13F081FE00282E
:10167000C9D11BF0010F05D1FB6AED1AADE7BB6ABA
:10168000002BAAD04846FEF72AF8D7F8843053B189
:10169000D7F8883098453FBFD7F88420431C22F8FC
:1016A000183008F10108054497E7BAF1000F72D02D
:1016B0001BF0040672D0D046002607F148005246BF
:1016C0003B61B9621AF060F8B96A3B6901EB0A0242
:1016D000BA62FA69F9695200FA60BA6A02EB410229
:1016E0003A610BF00202BA603A69B96A8A4257D18C
:1016F00062787A621BF0020F32440CBF4FEA580145
:1017000000211BF0010FD2B240F09F801BF0040FAC
:1017100014BF40460020BB616270A070E1703A6A5D
:101720007969FB6A20469847051EFFF615AFBB692D
:1017300023707B6A6370FB69E37041463A6AFB6A17
:1017400084F802A007F148009847B0F10008C0F201
:10175000BB807B693A6AA9EB0A01C91AFB68C91AFE
:10176000D7E90A0398470028C0F2B080A84408EBE4
:1017700000054FF0000B07F1380AB34572D3002182
:101780003A6AFB6A08469847E6E656464FF0000874
:1017900007F1380093E75646D04697E7B04695E7FD
:1017A000BA6A12F8021BBA6212F8015C284A54F8AD
:1017B0002500904202D3274A90421ED3BA6932B123
:1017C000786A7B6013F0D4FD7B6800288CD1BA68FE
:1017D00002BB08F1280207F1300C08F10100944423
:1017E00007F1580252FA80F008F102080CF8101CB8
:1017F0005FFA88F800F8105C76E7BA693AB1786A5F
:101800007B6013F0B5FD7B6800287FF46DAF1BF0A3
:10181000010F09D006F1280207F13000711C1618DB
:1018200006F8205CCEB25FE71BF0040F3FF45CAF1C
:1018300008F1280207F1300008F1010102EB00086D
:1018400008F8105C5FFA81F84EE7002063E700BFFC
:10185000ECBB02001C0B030057DD0200040000017A
:1018600024C102001BF80A3087F8373054F823905F
:10187000D7F884302BB3D7F888309B4521D2D7F8DE
:10188000843033F81B803A6AFB6A012107F1370084
:10189000984700281ADB0544B8F1000F06D14846E6
:1018A000FDF71DFF00F101081FFA88F83A6AFB6A8C
:1018B000414648469847002808DB05440BF1010BD8
:1018C0005BE74FF00008DEE7454645E6054643E6A0
:1018D000014B1860704700BFC015002080B5054659
:1018E0000E46174698460FF019FE03461AF074F993
:1018F000DFF81890044649F8003042463046394631
:10190000A84754F8090002F069F800BF0800000079
:1019100008B50446EFF31183402383F31288BFF325
:101920006F8F72B60CF0B0FC204602F055FC0348F5
:1019300013F047FD14F007FEFCE700BF0BDE0200CA
:101940002DE9F047058B04462807904611D402295B
:1019500005F0070540F0CC80204614F02FF878B150
:101960000138218B042811D8DFE800F0C2106D8502
:10197000950001290CBF45F0100545F02005258391
:1019800088F31188BFF36F8FBDE8F08701F0070A75
:10199000AA4500F0A5800027B9463E46A368002B63
:1019A00000F0BC8041F00801218388F31188BFF367
:1019B0006F8FA168002900F0BA800D68002900F03F
:1019C000B680D1F80480334652462046C047002DE9
:1019D00076D02B6829461D46F0E701F007035A1F11
:1019E000012A1BD8002221F00701062B276889B2A3
:1019F000C4E9002209D13B4603E0628B01326283D5
:101A00001B68002BF9D141F002012183204613F01D
:101A1000D5FF00287AD041F0200176E0042B0AD1CE
:101A200021F0070189B22183204613F0C7FF10B1CE
:101A300041F020012183218B01F0070AAA454FD0F4
:101A40000027B946AAE7236921F0070141F0060102
:101A5000062DD3F8009021832DD1B9F1000F3FD08E
:101A600041F00801218388F31188BFF36F8F3A4951
:101A70002046C84729E021F00701236941F004010D
:101A800089B2042DD3F804902183E6D000273E4686
:101A90004FF0040A82E721F00701236941F00501B4
:101AA00089B2052DD3F808902183D6D000273E4671
:101AB0004FF0050A72E700273E464FF0060A6DE731
:101AC0002B4687E7B9F1000FD1D1EFF311884023FE
:101AD00083F31288BFF36F8F238B23F008032383D4
:101AE000258BEA062ED525F01003238305F0070584
:101AF0006669218B002EBFF670AF00232768C4E90A
:101B0000003321F0070141F001012183218B01F015
:101B1000070AAA454FF000097FF440AF002F9CD080
:101B200041F00801218388F31188BFF36F8F002FE4
:101B3000C8D03D68394633465246204613F06AFF06
:101B40002F46F4E7AB067FF51BAF25F02003238378
:101B500005F0070500E700BF415A02002DE9F743F1
:101B60000F4606460821C06ADFF8509014F079F855
:101B70003C68241A80463C6004EA0905AC4203D85C
:101B8000002003B0BDE8F08308236A4621463046B2
:101B900013F0FBFF0028F4D16946304614F06BF8CF
:101BA00040B1BDF80230BDF804203C6005EA0905EB
:101BB00013441D44A4EB0804E0E700BF0000FFFF4E
:101BC00073B504460821C06A124E14F04AF84FF665
:101BD000FF726368ADF800208DF80620E2681918DE
:101BE00033401344181A002560606846ADF80210AF
:101BF000ADF8045014F028F86946204614F0FBF8BC
:101C00002046211D13F0FAFF636828463340A36085
:101C100002B070BD0000FFFF2DE9F04704468AB016
:101C200000F11407384618F0B8FAA06A8368DB6838
:101C30009847E06248B99349934814F00EF86FF062
:101C4000150528460AB0BDE8F087A06A8368DB68FE
:101C500098470368013B1F2B01D98C49ECE7E368E7
:101C6000B3F5803F08D94FF4803200928648884A05
:101C7000012114F077FAE2E7A06A216807AA16F0BA
:101C800064FE08B18349D7E7E5682DB1089BB5FB31
:101C9000F3F203FB12550DB17F49CDE7238A012BE7
:101CA00001D87E49C8E7E36A029593F805904FF0A2
:101CB000FF334FF0FF3238460EF0F6FCE06A0821A1
:101CC00013F0CFFFA8460646238A1FFA85FA53452C
:101CD00008D8238A434523D138460EF05DFD6FF0C6
:101CE0002C05AEE7E1682B04891B13FA81F14A4603
:101CF00008232046029113F056FF78B102A920462E
:101D000013F07CFF08F10108029908234A46204697
:101D10001FFA88F813F047FF0028DAD00135D3E71F
:101D200053450BD1029908234A46891B204613F0DC
:101D30003AFF18B902A9204613F060FF02A9204615
:101D4000FFF70CFF054618B138460EF025FD78E781
:101D5000029B63604FEA13484FEA0848C4F80880C2
:101D6000D4E9011399420FD3082303AA204613F0A4
:101D70000CFF05460028E7D103AB13F8012B914572
:101D800035D10135082DF8D163681B0C1B0402A95D
:101D90002046029313F032FFE36802994A46204638
:101DA00013F001FF051ECFDB636800F0898006EBAE
:101DB00003084FF6FF79E368CDF808801FFA88F230
:101DC0009B1B9A422FD300236168002B44D0090C3F
:101DD00009040291204602A913F010FF029920463F
:101DE00013F019FF0546002D00F08680ACE703A92B
:101DF000204613F040FF626810B9921B6260AFE7A3
:101E0000BDF81050BDF80E10E06AC4F808802944EF
:101E100013F027FF40449042A060EED1002DECD09B
:101E20006FF01C0579E0082305AA4146204613F00F
:101E3000ACFE0546002887D105A9204613F01BFFFC
:101E400030B1BDF814304B4502D1BDF818300BB19C
:101E5000B044B0E70123B7E7204613F0DCFE0546A7
:101E600000287FF471AF63680D4AE16813400B44AA
:101E7000A3EB460363601340A360204613F0E3FF27
:101E8000B0E700BF48DE02004CC102006ADE02007B
:101E900087DE0200B0DE0200C8DE0200DCDE0200E7
:101EA0000000FFFF5B1A4A46204613F07CFE051E29
:101EB000FFF64AAF08D0E26AA36812681344A36031
:101EC000D4E901318B42EDD86168E36801EB460249
:101ED0009A4288D1DFF85080A26801EA08039A424A
:101EE00081D0204613F097FE054600287FF42CAFE2
:101EF000636803EA0803A360E368A288A3EB4603D0
:101F00009A4206D038460EF047FC0123A374002500
:101F100097E6204613F080FF054638460EF03CFC5D
:101F2000002DF2D08DE600BF0000FFFF2DE9F04F3D
:101F30001D4691B0837C0291044600924BB96449DE
:101F4000644813F08AFE6FF00C06304611B0BDE80D
:101F5000F08FC26A0821104613F083FE29460190D3
:101F6000104613F07EFEE368019AA3EB8203AB42B6
:101F70000746C0F0A9801DB1009B002B00F0A48093
:101F80006368059306AA05A92046DDF814A013F09E
:101F9000AFFE06460028D8D1BDF81830029A934209
:101FA00006D06268059B9A42ECD1002D36D1CCE771
:101FB00006A9204613F05FFE0028F2D0BDF81A8073
:101FC000BDF81C3045B39D4228D1E36ADDF800B06E
:101FD0001B684FEA1A4A5B424FEA0A4A03F02003A1
:101FE000D0440393AA46DDF80C90D14528BFD146D2
:101FF0004B4608AA4146204613F0C7FD00284AD1A7
:102000004A4608A9584619F0EFFB38B9BAEB090A55
:10201000C844CB44E7D198E7002B96D0002F3DD1A0
:10202000B84604F1140A4FF0FF324FF0FF33504628
:102030000EF03AFB238A9E4243D0A168626808EB07
:1020400001039A422FD3029BADF82030FF238DF875
:102050002630009AADF822102B462046ADF82450C9
:1020600013F090FE29460746E06A13F0FAFDA368D4
:102070000344A36057B908A813F0E6FD08A9204659
:1020800013F0B9FE002814BF07462F4650460EF045
:1020900083FB3E4659E7C1DC064656E7019B1F44D9
:1020A0001FFA87F8BDE72046FFF78AFD074600289C
:1020B000ECD1204613F0C7FE07460028E6D10136D2
:1020C000B8E76FF01B07E1E76FF015063DE700BFCB
:1020D00034DE02004CC102002DE9FF471E46837C1E
:1020E000BDF8309004460F46904643B92C482D4920
:1020F00013F0B3FD6FF00C0004B0BDE8F087C06AC8
:10210000082113F0AEFDE368A3EB4003B34243D3D1
:10211000D4F804A0CDF804A000254D455146DDF8C3
:1021200004A009D9636853451ED1BDF80830BB42ED
:102130001AD06FF00100DFE702AA01A9204613F0D0
:10214000D7FD0028D8D1BDF80830BB4206D102A97E
:10215000204613F090FD08B10135ADB26268019BD5
:102160009A42DAD15146E0E7BDF80C30002BE0D0BE
:10217000A945DED8BDF80A00090CB3424FEA014177
:1021800028BF334601444246204613F0FEFC002897
:10219000B2D1BDF80C00AFE76FF01500ACE700BF9F
:1021A0004CC1020034DE02002DE9F047DFF8588010
:1021B000044607464FF0010914B93846BDE8F087D8
:1021C00094FAA4F5B5FA85F509FA05F32E0108EBA2
:1021D00005156FEA030A24EA03042B7B002BEBD0DE
:1021E00058F806301B694BB94644042273682846E8
:1021F000196807EA0A0713F032FFDDE72846984717
:102200000028D9D1F0E700BFF4C1020030B5104971
:10221000104889B0002218F02CFB0F4D0F49002206
:102220000023CDE9062300240E23CDE90334CDE9B4
:1022300001440B4B00944FF4407228460EF0AAFE66
:10224000084928460EF020FE204609B030BD00BFE8
:1022500069220100F8310020382D0020407B002049
:102260009525010006DF020001480EF017BB00BFF4
:10227000541A00202DE9F047804621480F4613F0FC
:10228000CEFE0646002833D000252846BDE8F0875C
:10229000237B83B12368DB680BB1204698476368D2
:1022A00083F8069023681B69D3B963680422196810
:1022B000204613F0D4FE013610345445E8D3B8F16B
:1022C000000FE2D0002DDFD02846FFF76DFF054656
:1022D000002FF7D000214FF4A47018F0F5F9F1E7C2
:1022E000204698470028E0D009FA06F31D43E2E7AC
:1022F000044CDFF814A005464FF00109DDE700BFEC
:102300009C440020F4C1020004C20200014B53F8B7
:1023100020007047CCC8020008B5034608462BB120
:10232000044A136000F07AFC002008BD6FF015002D
:10233000FBE700BFC415002010B5044C237813B987
:1023400003480EF0ABFA0123237010BDE26C0020AD
:10235000541A002010B504460B4813F060FE5CB11F
:10236000BFF35B8F094B53E8001F013943E80012AC
:10237000002AF8D1BFF35B8F054818F086FA0548AC
:10238000BDE810400EF08ABA944400209844002022
:10239000F8310020541A00200020064BBFF35B8F59
:1023A000014653E8000F43E80012002AF9D1BFF3B9
:1023B0005B8F70479444002070B5FFF7EDFF084C29
:1023C000084E0546B44200D370BD63685B792BB1FB
:1023D00023685B6813B12946204698471034F1E71B
:1023E000F4C1020004C2020010B5044C04492046A6
:1023F00013F004F9034B1C6010BD00BF2819002026
:10240000B8C802008C4400200D4A0E48002310B5C5
:1024100013700D4A13600D4A4FF400411360FFF72B
:102420007BFFFFF7E1FF0A4B0A4918468B4200D3B6
:1024300010BD1A1A5C681211013222711033F5E7CF
:10244000E36C00201B6002009444002098440020AC
:10245000F4C1020004C20200014600220148002328
:1024600013F0EDB828190020014813F086B900BF19
:1024700028190020024B0146186813F0D2B900BF9A
:102480008C440020014813F007BA00BF281900202F
:1024900070B5294B187800284DD0FFF7E5FF0546A9
:1024A000002845D1254B264C1B68002B19DD18F060
:1024B00098F94FF47A72A0FB020302FB0131C30BBF
:1024C000D4E9002043EA41439B1A4FEAD13140F25C
:1024D000E93261EB0001934271F1000101D3FFF792
:1024E0006BFFD4E9003213F57A7342F10002C4E9BC
:1024F0000032BDE87040FFF7C5BF63685B7923B168
:10250000236829461B68204698471034B442F4D308
:102510002846FFF7AFFFBFF35B8F0A4B53E8001F5E
:10252000013943E80012002AF8D1BFF35B8FB9E705
:10253000054C064EEAE770BDE26C00209444002092
:10254000F031002098440020F4C1020004C20200CF
:1025500070B50D4D297861B90120FFF78BFE0B4C4A
:102560000B4EB44206D3FFF793FF0028FBD10123A3
:102570002B7070BD63685B791BB1236820469B6834
:1025800098471034EDE700BFE36C0020F4C102006F
:1025900004C2020000212DE9F0470846FFF76AFE59
:1025A000044658B340F267684FF0000919F014FB75
:1025B0001B4B1C4A1B58136033B11B4B1B68092B68
:1025C00002DD1A480EF06AF9194FDFF860A0002505
:1025D00044B12046FFF7E8FD044618B94FF0FF3834
:1025E0004FF0FF39FFF754FF064628B9B5B9424608
:1025F0004B4650460EF08CF93546E9E74FF0FF3870
:102600004FF0FF39D2E72B689B691BB100221146BE
:10261000284698471035BD42F5D3E8E7054DFAE75F
:10262000080000009044002098440020541A002024
:1026300004C20200F4C1020013B5184813F0EFFC05
:10264000174B1B7873B1EFF31184402383F3128887
:10265000BFF36F8FFFF71CFF84F31188BFF36F8FF9
:1026600002B010BD0F4B1B68002BF9D050B90022EF
:102670000023CDE900230C484FF4004200230FF063
:1026800069FAEDE70928EBD1074818F0FEF807488A
:1026900002B0BDE810400EF001B900BF9844002020
:1026A000E36C002090440020F8310020541A0020F0
:1026B00010B5064B1B68044698472146A0600448A5
:1026C00013F03CF8BDE81040FFF7B6BFC41500207A
:1026D00028190020044A054B9B1AB1EBD30F34BFD5
:1026E00052F83100002070479CC00200F4C1020083
:1026F0002DE9F04F8FB004AFC1F34A28B8600D4602
:1027000091467B600C0DB8F1000F63D0002607F1F5
:1027100014034FF0040B4FF00A0AC7F80C80C7E906
:1027200007667E620193CDF808B0CDF800A007F1EE
:102730001C03F96832464846FEF7E4FEB0F5006F28
:1027400003461CD36C468AB0D9F8041004AB264863
:10275000C3E9050140F2FF71D9611A464FF40071D7
:102760001984224B42F8103F214833464FF412514E
:10277000FFF7BEFFA5462C37BD46BDE8F08FC0F37E
:102780000A0804F11700184420F0070080083B6095
:10279000FFF762FE68F35325044690B13B68154A83
:1027A000C7E9083600F1100107F11403F961CDE91A
:1027B00000A3CDF808B0F96807F11C034846FEF7FE
:1027C000A1FE68F353257B68B9682A46204613F0BA
:1027D00066FCD0E704F1170020F007008008FFF73F
:1027E0003BFE0446EDE700BF1BDF020004000001D2
:1027F00074C10200716002002DE9F04F87B0DDE97D
:102800001279DDE9105A0446039193469846BFB108
:10281000CDF800903B46524610210020CDF8149090
:10282000FEF79EFCB0F5006F06460AD3184A194819
:1028300040F2FF73022107B0BDE8F04F13F088BCEF
:102840003E4605F11700304420F0070004F007046D
:102850008008FFF701FE0BF0070BE40044EA8B143D
:1028600044EA462444EA0554054640B13FB1CDF858
:1028700000903B46524631461030FEF771FC0399FA
:1028800043462246284607B0BDE8F04F13F007BC88
:102890005ADF020074C10200406820B1034BC01A25
:1028A00040F3CF0070474FF0FF3070479CC00200EC
:1028B0000EB403B503AB014653F8042B044801934F
:1028C00001F040FB02B05DF804EB03B0704700BFBD
:1028D000B3610200CA0605D48B064CBF0249034906
:1028E000FFF7E6BF704700BF93DF020092DF0200F0
:1028F0002DE9F04F89B09B46149B06939DF84CA0A0
:10290000159B0593169B179E049304460D4690460F
:10291000BAF1000F00F09D8006F48073079313F066
:102920009CFB06F00209024600283ED09149204651
:10293000FFF7BEFF0746B9F1000F08D016F0440FAD
:1029400035D18D492A462046FFF7B2FF074406F0ED
:10295000010353B1894B8A4953F82A20894B2046F9
:10296000002A08BF1A46FFF7A3FF06F48073002B66
:1029700049D006F00803002B63D1B8F1000F66D0F0
:10298000814942462046FFF793FF0546069B3D449A
:10299000002B6DD1049B002B73D1F30700F1E48071
:1029A00031462046FFF796FFD8E00746C3E7774B4E
:1029B00018680028CAD0764B4FF47A791B68B5FBAB
:1029C000F3F54FF46163B5FBF0F100FB115509FB22
:1029D00005F54FF03C0CB1FBF3F203FB1211B5FB14
:1029E000F0FEB1FBFCF300FB1E550CFB131109FBC1
:1029F00005F50091B5FBF0F56649CDE901E5204606
:102A0000FFF756FFA2E706F00803EBB1624B6349FC
:102A100053F82A202046FFF74BFF0546B8F1000F78
:102A200005D0594942462046FFF742FF0544BBF115
:102A3000000FABD05A495A462046FFF739FF0544EC
:102A4000A4E74FF0000BE1E706F00805E6E745468E
:102A50009CE7BBF1010F069B06D1002B64D1049BC0
:102A6000002B7BD000250CE0002BF8D04D485CE01B
:102A70004D48069B4D49224612F049FC049B002B11
:102A800068D0DFF82C81DFF82C91049F3146102F9D
:102A9000204628BF1027FFF71DFF4FF0000B5D45B4
:102AA00045DC059B49461A782046FFF701FF4FF0A9
:102AB000010B1BF0070F03D141462046FFF7F8FE3C
:102AC0005F453BD9059B494613F80B202046FFF78D
:102AD000EFFE0BF1010BBBF1100FEAD13649204696
:102AE0004FF0000BFFF7E4FE5A46059B9A5CA2F1FB
:102AF00020015F2928BF2E2230492046FFF7D8FE4B
:102B00000BF1010BBBF1100F1DD01BF0070F03D110
:102B100041462046FFF7CCFE5F455A46E5D8414680
:102B20002046FFF7C5FEEBE71F485546A1E74146A3
:102B30002046FFF7BDFE0BF1010BB0E72049204610
:102B4000FFF7B6FEC5E7059B3B440593049BDB1BE3
:102B500004939AD1BAF1000F7FF41FAF204609B059
:102B6000BDE8F04F13F018BB064A05492046FFF7B1
:102B70009FFE15E79ADF02009EDF0200DCC802001C
:102B8000A7D6020095DF0200C3DF0200A4440020A4
:102B9000A0440020A7DF0200F0C80200C7DF020047
:102BA000CDDF0200E9610200B3610200453F010090
:102BB000DADF0200D2DF0200DCDF0200DEDF02002B
:102BC000D8DF020073B542F20F738B4228BF0B4669
:102BD00005680F4A04460521684610F011FF636836
:102BE0000C495B6806460B22284613F0C7FA636857
:102BF0003246694628465B6813F0C0FA63680649A6
:102C00005B681B22284613F0B9FA02B070BD00BF02
:102C100046090300FDDF0200E1DF0200074A002150
:102C20000123904206D8064A01B901231360054BDF
:102C30001860704740085B000121F2E740420F0036
:102C4000A0440020A4440020014B01221A707047C8
:102C5000E46C0020014B002019607047BC44002048
:102C60000148FFF7AFBF00BF20C9020010B5064BF7
:102C700018680C46FFF74AFB21460346BDE81040A2
:102C800002480F22184700BFBC44002020C90200A0
:102C9000F8B5094D094B0A4ED5E9004701221A70D3
:102CA0000CB92C60F8BD214630463A4600F01EF8BB
:102CB000241A0644F4E700BFB0440020E56C00206D
:102CC000E66C002010B9074B18707047064B1B7854
:102CD0001BB141F2883017F094B9A420002117F0FD
:102CE000F3BC00BFE46C0020E56C00202DE9F04748
:102CF000DFF878901E4F80460E46042499F8005065
:102D0000A5B917F071F932468246414628460DF0C2
:102D100059F90546504617F06FF9E5B101233B70AC
:102D200099F8003073B93046BDE8F0873246414625
:102D300000200DF047F90546EFE72046FFF7C2FFF8
:102D4000651E2C4600200DF0C7F90028EBD03B781B
:102D5000002BF2D1E7E73B78002BE4D0013C204682
:102D6000FFF7B0FF3B78002BC8D1DCE7E56C002013
:102D7000E46C0020014B03600020704730C9020062
:102D800070B5104B1C680D46B4B10F4B1968002389
:102D90008B4202DB6FF0010070BD224612F8106B0F
:102DA000864202D001331446F2E7E06817F045F995
:102DB00028B12C600020EFE76FF00C00ECE76FF01B
:102DC0001200E9E7E415002030C9020010B588B010
:102DD000436802938368C068CDE903320A68002320
:102DE000CDE906230C4601AA0449059315F0B1FD6F
:102DF000079808B9059B236008B010BD71620200F6
:102E00002DE9F0410C4B1C6805460E4617467CB177
:102E100000F06CF963682046D3F8108032463B46D8
:102E20002946C047044600F06BF92046BDE8F08112
:102E30006FF00104F9E700BFC044002000230360E5
:102E4000044B5A6812B9C3E900007047106058601B
:102E5000704700BFC4440020014B1860704700BF9A
:102E6000C044002030B585B00023CDE902330546CB
:102E7000019000F03BF9094B1C6844B9284600F06A
:102E8000D5F8044600F03CF9204605B030BD636833
:102E900020461B6801A998472468EEE7C444002037
:102EA0001FB5CDE90101039200F020F9074B1C6822
:102EB00024B900F025F9204604B010BD636820460F
:102EC0001B6801A998472468F2E700BFC4440020AA
:102ED000024B0022C3E90022704700BFC444002017
:102EE000024B0022C3E90022FFF7F2BFCC440020CE
:102EF0002DE9F74307460C4609B100230B601F4D2F
:102F0000DFF87C9000264D450FD31E4B1D6885B31E
:102F100055F8188C01AA41463846183D13F0EAF9D5
:102F200010B3D6B914BB2E461EE0D5F8008001AA16
:102F30004146384613F0DEF950B116B954B92E4661
:102F400006E031680022404613F0D4F90028F5D19C
:102F50001835D8E7019B2360F1E73168002240462D
:102F600013F0C8F90028DDD1AD69D0E7019B2360DB
:102F7000D9E7304603B0BDE8F08300BF48C2020085
:102F8000D8C20200CC4400202DE9F04784B002AF43
:102F90000446D7F8289078600D4616469846B9F151
:102FA000000F07D0D9F8001031BBD9F804A0BAF14E
:102FB000000F28D1391D2046FFF79AFF08B3D0F83B
:102FC0000C907868434632462946C847C8B16D46DA
:102FD0008AB002AA124BD061C2E905344FF40073E3
:102FE0001384104B42F8103F0F4800234FF4115147
:102FF000FFF77EFBAD4604E03A1D13F07BF9002895
:10300000D3D1002007E0D9F8083000937868434610
:1030100032462946D0470837BD46BDE8F08700BF95
:1030200039E0020004000001BCC102002DE9F047B4
:10303000DFF8AC90DFF8ACA080464FF000470026E8
:10304000294C3D464C450DD3DAF80040002C42D0C7
:10305000183CB8F1000F25D122695ABBA469F5E7E5
:103060002F46EDE7B8F1000F03D122694AB91834B1
:10307000E8E720680022414613F03CF90028F4D12B
:10308000F5E76368BB4205DDAF4209D09D42A8BFAA
:103090001D46ECE7EBD19047002E08BF0646E6E759
:1030A0001D46E4E720680022414613F023F900287A
:1030B000D2D1D3E76368BB4205DDBD4209D09D4252
:1030C000A8BF1D46CAE7C9D19047002E08BF0646D3
:1030D000C4E71D46C2E7AF42C2D13046BDE8F08723
:1030E000D8C20200CC44002048C2020003484FF07E
:1030F000FF324FF0FF330DF0D7BA00BF101A002097
:1031000001480DF049BB00BF101A0020F8B5194C5A
:10311000194E05460F46B4420DD3184EFFF7E6FF91
:1031200034687CB1286854F8181C183CFCF7C5FAC0
:10313000C8B1A469F5E721682868FCF7BEFAA8B110
:103140001834E8E700226F60AA61726805F118037D
:1031500032B9C6E900330024FFF7D2FF2046F8BD9C
:1031600013607360F7E76FF01004F5E76FF0100479
:10317000F4E700BF48C20200D8C20200CC440020DD
:1031800038B5094DFFF7B2FF2B783BB9FFF7A8FE22
:1031900000F06AF8044610B901232B700024FFF7F1
:1031A000AFFF204638BD00BFF66C00202DE9F04788
:1031B000048FDFF8B0A0013498B006468946A4B267
:1031C00000F10807651EADB2B5F5004F47D04A23A0
:1031D00005AA2946384612F007FF04F57F543F340C
:1031E000A4B28046214601230DF10B02384612F0AD
:1031F000FBFEB8F1000F014610DC002810DC338F15
:10320000AB4209D132466B1E22F8383F4FF40041E1
:1032100002233846FEF78AFE2C46D3E7002808DC56
:103220002946384612F0DCFE2146384612F0D8FE18
:10323000E5E708F160030DEB0308002308F84C3CB8
:103240005246CDF8009003AB05A80397ADF81040A7
:10325000FFF79AFE0028DFD018B0BDE8F087002005
:10326000FAE700BF6B6302007FB501256946284677
:103270000195FFF785FD044660BB02AA01A9284617
:1032800013F018F8044610B110F10C0F22D1039975
:10329000B1F5803F23D2009A002394681846084471
:1032A00084421AD30133082BF9D10E4D69612B8367
:1032B0005368AB602846D368EB6313F0EEF804461E
:1032C00040B9094E6E602846FFF7B8FD28466E608B
:1032D000FFF7C2FD204604B070BD9BB2E5E76FF07A
:1032E0002004F7E7D4440020C815002008B504489E
:1032F00012F067F8BDE80840024812F062B800BF5B
:103300005EE0020093E0020008B50348034A002192
:10331000121A13F0F7F808BDD01B0020F872002035
:103320000748084A084908B5121A13F0EDF807488B
:10333000074A0849BDE80840121A13F0E5B800BF73
:10334000C0100020D01B0020240B0300B810002068
:10335000C01000201C0B03002DE9F047064600AF0B
:103360000C46002936D0E9468AB0D1E90012A3689C
:103370006D462148A8464FF0050AC5E90501C5E993
:10338000072348F810AF1D48424600234FF421514F
:10339000FFF7AEF9CD46D4E903126369AD4618488C
:1033A000C5F810A0C5E90501C5E9072313480023A6
:1033B00042464FF42151FFF79BF9CD46E369114A8C
:1033C0000E48012112F0C4FEA3690F4A0B480121E7
:1033D00012F0BEFE012E07D1EFF305830B4A07481A
:1033E000103B314612F0B4FE214630460CF0A4FEEC
:1033F000BD46BDE8F08700BFC1E00200B4C10200D5
:10340000F0E002001FE102002EE102005CE1020098
:1034100030BFFFF7FDBF00BF2DE9F0410B4EDFF8D5
:10342000308006EB0807CC1B05463246094920468A
:1034300018F0AAF9A01942460021083C18F0CCF96E
:10344000C5F8A84007F10800BDE8F08100000000C1
:1034500008000000E4C20200054B5A699B689A42CA
:103460001FBF044A536843F080535360704700BF46
:103470005049002000ED00E070B5294C06460D468D
:103480002848294913F04DF8A36AD9043CD52548AA
:10349000264913F046F81720A36A1A0504D52148D7
:1034A000234913F03EF818201D4CA36A9B0512D542
:1034B0001C48204913F035F8A36BA26A100409D503
:1034C0001D4A1848012112F043FE1EB1A36A23F4DD
:1034D0000043A3621920124CA36A590504D5114870
:1034E000164913F01EF81A20A36ADA050ED50D4806
:1034F000134913F016F81B20094A936A43F47F43DB
:10350000936200232B7070BD1620C5E7A36A9B044D
:10351000F2D504480B4913F004F81C20ECE700BF77
:1035200000ED00E0B4C102006FE1020085E102009D
:1035300096E10200A9E10200C2E10200D7E1020027
:10354000F2E102000AE2020010B5204C20492148B5
:1035500012F0E7FFA36A990136D51E481E4912F002
:10356000E0FF1E20A36ADA0104D51A481B4912F0B5
:10357000D8FF1F20154CA36A1B0304D51548184912
:1035800012F0CFFF2120A36A590304D51148154931
:1035900012F0C7FF22200D4CA36A9A0304D50D48F0
:1035A000114912F0BEFF2320A36ADB0304D50948AA
:1035B0000E4912F0B6FF2420044A936A6FEA0343CF
:1035C0006FEA1343936210BD1D20CBE700ED00E0CE
:1035D00039E20200B4C1020051E2020064E20200DA
:1035E0007EE202009CE20200C1E20200DBE2020095
:1035F0002DE9F843364D8046894636483649174608
:1036000012F08FFFAB6ADE0627D53449314812F03D
:1036100088FF1124AB6A1D0704D531492D4812F0EB
:1036200080FF12242A4DAB6A980718D52D492948E6
:1036300012F077FF6E6BAB6A190646D52A4A254809
:103640003346012112F084FDB9F1000F03D0AB6ABB
:1036500023F08003AB62132403E01024DAE76FF059
:1036600015061B4DAB6ADA0704D52049194812F03C
:1036700058FF1424AB6A9B0604D51D49154812F067
:1036800050FF1524124B9A6AD50602D49A6A900705
:103690000AD55B68190507D54146304600F080FA27
:1036A00010B180F309880224094B9A6A920642BF3E
:1036B0005A6A22F400525A629A6A42F0FF029A62EF
:1036C00000233B702046BDE8F8836FF01506C2E783
:1036D00000ED00E0B4C1020006E302001CE30200BA
:1036E00096E102004FE3020067E302007DE302007F
:1036F0000AE202002DE9F041664B8AB0D3F804805B
:1037000000AF0446C8F30805002686F31188BFF30E
:103710006F8F02F07F43B3F17F4F07D102F00C03AC
:10372000082B12D15C495D4812F0FBFE002634469E
:103730000023FB71EB1E092B00F28A80DFE803F007
:103740000A80837C88888888888610074CBF0C464E
:103750000126EDE7524951484E4D12F0E2FE00239A
:10376000FB71EB6A9A0705D54E494C4812F0D9FE19
:10377000002332E0EB6A002B01DA4B49F5E7EB6AF4
:103780005B00F5D54949454812F0CBFE6B69A2694B
:1037900043F480736B61BFF34F8FBFF36F8F6B691F
:1037A00032F8022C23F480736B61BFF34F8FBFF3A9
:1037B0006F8F4DF602739A4208D0AB6ADBB273B3D7
:1037C000FA1D01212046FFF713FF37E02368384A2E
:1037D0003248012112F0BCFC2368FA79DAB907F10A
:1037E000080504F1200C206861682A4603C20834E9
:1037F00064451546F7D17A6A002E45D0C2F3080118
:1038000021B96FEA52226FEA42227A6207F1080177
:103810001846FFF7A1FD2837BD46BDE8F081AB6A29
:1038200013F47F4F04D0F91D0120FFF725FE05E0BA
:10383000AB6AB3F5803F9BD3FFF786FE0346CCE728
:10384000FA1D0021BEE7F91D0020EEE719498CE7BB
:10385000194A1A4B18F4F87FE8468AB018BF134685
:103860006A461749C2E905134FF400731384103DEB
:10387000144BD56142F8103F084800234FF4115112
:10388000FEF736FFC54673E722F4FF7222F001020D
:10389000BBE700BF00ED00E0CAE30200B4C10200D4
:1038A000F5E302000CE402002DE402003BE4020018
:1038B0005AE4020076E40200B1E302009CE3020055
:1038C0009AE4020004000001044B5A6942F010021D
:1038D0005A615A6922F008025A61704700ED00E00F
:1038E000EFF30880EFF3098101B57246FFF702FF9D
:1038F00001BD00BF002080F31488BFF36F8F114813
:1039000080F308880020104908700BF0F1FB0020BC
:103910000E490860BFF34F8F00F02EF8402080F36F
:1039200011880B484FF40461401880F30988EFF3C5
:1039300014800221084380F31488BFF36F8F00F0D6
:10394000FFF8000040A90020F372002094ED00E091
:10395000809700200749D1F890200023C2F3072266
:103960001846934200DB7047C1F89830C1F8A000B8
:103970000133F6E700ED00E008B572B6002383F3EB
:103980001388FFF7E7FF144B4FF0FF32C3F8802096
:10399000C3F88420C3F88820C3F88C20C3F8902093
:1039A000C3F89420C3F89820C3F89C20C3F8802162
:1039B000C3F88421C3F88821C3F88C21C3F890216F
:1039C000C3F89421C3F89821C3F89C2162B6BFF3D1
:1039D0004F8FBFF36F8F08BD00E100E0084B9B687D
:1039E00083420BD1EFF3058343B1064B5A6842F093
:1039F00080525A605A6A22F400425A620DF094BD15
:103A00005049002000ED00E015498A684FF0300071
:103A10001044EFF3098C80E8F01F402080F31288F7
:103A2000BFF36F8F0F4F4FF000664A698A603E60A8
:103A3000D2F8A8000C4C2060D2F8AC000023C2F8E9
:103A4000AC3080F3118804B5104600F011F9BDE8E0
:103A5000044002F1300090E8F01F8CF309887047B1
:103A60005049002004ED00E0144500201EF0040F32
:103A70000CBFEFF30880EFF30980816911F8021C95
:103A80000229FFD001B5724612F040FD01BD00BF12
:103A900040B2002807DB044A4109012300F01F005F
:103AA000834042F82130704700E100E040B2002836
:103AB0000CDB4309064900F01F002033012282403D
:103AC00041F82320BFF34F8FBFF36F8F704700BFC4
:103AD00000E100E0054B420900F01F0053F82220EE
:103AE000012303FA00F01040704700BF00E100E03E
:103AF00040B2D30754BF023100210028ACBF00F10F
:103B00006040074A4FEA4113ACBF00F5614000F046
:103B10000F00DBB2B4BF135480F80033704700BF0E
:103B200014ED00E0044B054A23F07F039360BFF3DC
:103B30004F8FBFF36F8F70470000000000ED00E073
:103B400008B5FFF7EFFF074AD2F8883023F4700377
:103B5000C2F88830FFF7D8FBFFF7E2FB00F05EF811
:103B60000CF012FC00ED00E042F8203C009B42F813
:103B70001C3C0A49019B42F8183C029B42F8143C49
:103B800021F001014FF0807342F8043C42F8081C18
:103B90000023203A0265C0F8AC307047DD18010000
:103BA0000A4A0346906878B113F1160FD0F89800CE
:103BB00005D0A0F140029A4205D8834203D2814247
:103BC00028BF002070470020704700BF50490020E8
:103BD00008B515460C4A0D4B9060D0F8A8201A6025
:103BE0000E4600F045F82C4686F309880020044B69
:103BF00098472046002100220023024C2047000065
:103C000039650200DD1801005049002014450020EC
:103C1000014B10221A61704700ED00E004480023B8
:103C20004021C2180133272B82F80013F9D17047C5
:103C300000E100E008B5EFF30583064A103B02EB14
:103C4000C30152F8330049688847BDE80840FFF7D0
:103C500003BC00BFFCBD0200024B034A0348012124
:103C600000F08CB8000001200000002054C90200C0
:103C7000D0F89820054B403A1A60054A4021C3E924
:103C800001121846012100F083B800BF184500203A
:103C900000000B1508B503461048D0F89020C2F379
:103CA0000722013A934207D90D480E4A012112F02A
:103CB0004FFA6FF0150008BDC0F898300A6822F07E
:103CC0001F021A4342F01002C0F89C208A6842F09A
:103CD0000102C0F8A0201846EDE700BF00ED00E0AB
:103CE00094C10200B1E40200F0B50E4685B01F4653
:103CF00004460025B5420DDA606810B397B1431E43
:103D000018420AD0104A11482B46012112F020FA1D
:103D10006FF01502104605B0F0BD1F28F2D92168DA
:103D20000B42EFD12368019312F029FCA36801A98B
:103D30000343D0B20393FFF7ADFF10F1160FE7D0A6
:103D4000421C01350C34D5E7D7E4020094C10200CF
:103D5000044B0522C3F89420BFF34F8FBFF36F8F3E
:103D6000704700BF00ED00E0BFF35F8F024B002201
:103D7000C3F89420704700BF00ED00E010B5034C7D
:103D800001232278FFF7B0FF207010BDF76C0020F0
:103D900008B50B4A00231278FFF7A6FF10F1160FA3
:103DA00007D0084A0021D2F89030C3F30723984285
:103DB00000DB08BDC2F89800C2F8A0100130F2E79D
:103DC000F76C002000ED00E02DE9F043574858491A
:103DD000D0F890300D68C3F307239D4285B000F200
:103DE000A180FFF7C1FF49680022954201F10C0153
:103DF0001AD1504C504F25706846FEF7BBFFDFF8D4
:103E00003C81DFF83C9106460025AE421FD1237865
:103E100046490020D1F89020C2F3072293427BDB71
:103E2000FFF796FF00204CE0C0F8982051F80C3CBA
:103E300023F01F03134343F01003C0F89C3051F8E4
:103E4000043C43F00103C0F8A0300132CDE70098F4
:103E500000EB05114FEA051CCB683B40B3F5000FA2
:103E600044D00AD8B3F5001F2ED0B3F5800F34D05C
:103E7000B3F5801F10D00135C7E7B3F1807F3ED086
:103E8000B3F1007FF7D150F80C3088684A6812F01F
:103E900076FB40F4802009E050F80C3088684A68CE
:103EA00012F06DFB40F0885040F43020039001A9DF
:103EB0002078CDE90123FFF7EDFE002828DA6FF026
:103EC000150005B0BDE8F08350F80C3088684A68EA
:103ED00012F055FB40EA0800E8E750F80C3088681B
:103EE0004A6812F04CFB40EA0900DFE750F80C305A
:103EF00088684A6812F043FB40F08270D6E750F8B9
:103F00000C3088684A6812F03AFB40F08870CDE7C0
:103F1000237801332370AEE7C1F89830C1F8A000D0
:103F2000013377E74FF0FF30CBE700BF00ED00E053
:103F300060C90200F76C00200000F0FF00000811CB
:103F400000000202F0B587B007460E461446002175
:103F5000102268461D4617F03FFC02238DF8023000
:103F60002A46054B019321466846CDE904760FF0B9
:103F700075FE07B0F0BD00BF9F65020008B502489E
:103F80000FF01EFDFEE700BF09E5020008B5024B79
:103F90001B689847002008BD24450020034B044AB5
:103FA0001860937843F00203937070472445002013
:103FB000E815002008B50649064821F00701C1F1BF
:103FC000005202F5803211F04AF9002008BD00BF0E
:103FD0006BBE00202845002070B54169867A0B4DE4
:103FE000044659B1437ADB0706D42C2303FB06535E
:103FF0005B6A1B689B689847002363612C202146FD
:1040000006FB0050BDE8704016F06FB99C1A002006
:10401000024B2C2202FB0030704700BF9C1A00208C
:10402000827A064B2C2101FB02339A6A1B7F1B33D9
:10403000801A23F00303B0FBF3F070479C1A0020B2
:1040400038B5074B827A2C2404FB02335B6AD3E930
:1040500001240C601568FFF7E3FF04FB005038BD36
:104060009C1A00202DE9F04385B00546684603916F
:1040700090461C4616F0B7FBDDE90067EFF31189A7
:10408000402383F31288BFF36F8F6B8B002B41D0DB
:104090002A8B9A4225D90022002328460CF0CCFB1B
:1040A0000446F0B189F31188BFF36F8F039B002B97
:1040B00041D032463B46684616F0BAFBA27A264B00
:1040C0002C2101FB023320465B6A1B6803A91D6893
:1040D000DDE90023A847606170BB2046FFF77CFF45
:1040E00024E0698B4B1E6B8389F31188BFF36F8FBC
:1040F0002B7F2A8BAC6A1B3323F00303521A02FB7B
:104100000344154B154AEB1A9B105343A3722B7FA4
:10411000E372CBE789F31188BFF36F8F23464246E2
:1041200028460CF089FB04460028BFD10024204615
:1041300005B0BDE8F0836361012300252381039B63
:104140006382E27A6560294604F1180017F044FBA7
:1041500063692582E360EAE79C1A0020A38B2EBAEC
:1041600070B50D4C2C2500B970BD037A4668002B44
:10417000FAD0013BDBB20372002BF5D1C360436080
:10418000837A05FB03431B6A13B198473046EAE77D
:10419000FFF722FFFAE700BF9C1A0020044A012320
:1041A000C2F840354FF080420020C2F878357047A1
:1041B00000E0014048B1054B054A1B68B3FBF2F330
:1041C0005843044B43F0010318477047CC180020B4
:1041D00040420F0040C50200BFF34F8F0549064B18
:1041E000CA6802F4E0621343CB60BFF34F8F00BF95
:1041F000FDE700BF00ED00E00400FA0508B5044843
:10420000044A3F23C0E900230BF0AEF8002008BDAC
:1042100034450020FFFF01000E4B402970B528BF38
:1042200040210D4C46181D46B04203F1020304D153
:10423000002305F81130074870BD02781209A25C0E
:1042400003F8022C10F8012B02F00F02A25C03F815
:10425000012CE9E7166D002088E5020030B50378EF
:104260008BB0044607AD032B21D8DFE803F0021A18
:104270001C1E12492846FBF72AFA05956378049319
:10428000A3780393E37802932379019363790093EE
:10429000A3790B4A0B481E210FF0B2FB09480BB063
:1042A00030BD0949E6E70949E4E70949E2E7094A77
:1042B0000A2128460FF0A4FBDFE700BF43E5020018
:1042C00065E50200F86C00204AE5020051E50200B5
:1042D0005BE50200310003002DE9F341234DBFF3FC
:1042E0005B8F98462B68BFF35B8F1746DA0704464F
:1042F00020D538B91E4A1F48012111F020FF6FF068
:10430000010018E001A912F019F81B4902462046E5
:1043100017F07AFA0028F2D1BFF35B8F2B68BFF356
:104320005B8FC3F3C0061B0708D5144A114802214E
:1043300011F005FF002002B0BDE8F081A5F1D40422
:10434000072221464046B84706280AD80C4A0948A1
:10435000012111F0F4FE45F8D46CE671C4F8036055
:10436000E8E70723B0FBF3F0E071E3E7BC140020BB
:10437000A0E5020014C1020058E50200C1E50200F8
:10438000E5E502002DE9F04188B09C79DDF8388040
:104390005D791E79DF7893F802C093F801E01B780D
:1043A000B8F1000F0ED0CDE90638CDE904CE1346A2
:1043B000CDE90267CDE90045084A0FF021FB08B0BE
:1043C000BDE8F081CDE905E3CDE9037C1346CDE9F5
:1043D0000156034A00940FF013FBF0E70AE60200CF
:1043E0002EE6020010B5FEF7CBFE044628B1044AC3
:1043F00003460121034811F0ABFE204610BD00BF6B
:104400004FE6020014C1020070B504468CB01E468F
:104410001546A2B129B10A4602A8042111F055FAA5
:1044200002A900912B462246242103A8FFF7AAFFE8
:10443000109A314603A8FEF7E3FC0CB070BD0346AA
:10444000044A242103A80FF0DBFA0028F0DA6FF009
:104450001500F2E774E6020007B50B4B0B48DA795A
:10446000C2EBC202009200221146FFF7CDFF0346C5
:1044700038B1074A0748012103B05DF804EB11F099
:1044800067BE03B05DF804FBE813002058E50200A6
:104490007AE6020014C1020030B504468DB015461C
:1044A00092B129B10A4602A8042111F00EFA02A91C
:1044B00000912B462246242103A8FFF763FF03A89F
:1044C00011F014FF0DB030BD0346054A242103A8A6
:1044D0000FF096FA0028F2DA6FF01500F2E700BF4D
:1044E00074E6020007B5009313460A4601460348E6
:1044F000FFF78AFF03B05DF804FB00BFCFFD0200A9
:104500000A4601460148FFF7C7BF00BFCFFD0200C2
:1045100007B5009313460A4601460348FFF774FFA8
:1045200003B05DF804FB00BFC9FD02000A46014666
:104530000148FFF7B1BF00BFC9FD020007B50093F6
:1045400013460A4601460348FFF75EFF03B05DF8D5
:1045500004FB00BFECFC02000A4601460148FFF7DD
:104560009BBF00BFECFC020007B500220346009190
:1045700003481146FFF748FF03B05DF804FB00BF96
:10458000C1FD020008B502480CF09AFB002008BDEE
:1045900068160020F8B51E4DBFF35B8F2B68BFF384
:1045A0005B8F13F0010F2E462FD015F8CD3CA5F1EF
:1045B000D4078BB901F068FE044630B1154A16489D
:1045C000012111F0BCFD2046F8BDFB7923B901F0B3
:1045D0006BFE04460028F1D1BFF35B8F2B68BFF35D
:1045E0005B8F5A0701D400F023FFBFF35B8F56E8BF
:1045F000003F23F4006246E800210029F7D1BFF311
:104600005B8F1B0501D5FFF7BDFF0024DBE700BF73
:10461000BC14002095E6020014C1020007B5009307
:1046200013460A4601460348FFF7EEFE03B05DF865
:1046300004FB00BF4C0203000A4601460148FFF795
:104640002BBF00BF4C02030030B50B4D0B4B87B0A6
:10465000002428460393CDE9044415F01EFF03AB64
:104660000093284606490A234FF4E8620CF02EFB1B
:10467000204607B030BD00BF30320020C8E602003F
:10468000807E0020014601480CF060BB30320020E3
:104690000146014815F0D6BE303200200378012BC8
:1046A00030B513D0022B27D07BB9194B0A4603F142
:1046B000100453F8045B42F8045BA342F9D11B7861
:1046C000137043884B731B0A8B7330BD104B0A4623
:1046D00003F1100453F8045B42F8045BA342F9D1E0
:1046E0001B78137043684B73C3F307221B0CCB7307
:1046F0001B0A8A730B74E8E700F1100350F8042BCF
:1047000041F8042B9842F9D103780B70DDE700BF24
:10471000D1E6020010B512F0C9F815F020FF0E4CDA
:1047200030B1BFF35B8F2368BFF35B8F7BB910BDE4
:104730000CF000FEBFF35B8F2368BFF35B8F1BB9E8
:10474000BDE810400CF00ABE0A209847F8E7BDE823
:1047500010400A20184700BF3C45002038B50446E9
:10476000084811F02DFF054648B1631EDBB21F2B30
:1047700096BF054A0021D15C0C3011F090FF28460D
:1047800038BD00BF781B0020E2E60200054BBFF3F6
:104790005B8F53E8002F43E800010029F9D1BFF3F4
:1047A0005B8F70473C4500200F2810B50CD80D28B2
:1047B0000CD90A4811F004FF044618B104210C304A
:1047C00011F06DFF204610BD1328F2D009B1044846
:1047D000F0E7BDE810400220FFF7C0BFA41B002097
:1047E000F41A0020C368034A1B780348022112F020
:1047F000F4B800BF11E70200DCC00200F8B50646BD
:104800000F4603F005F9044640B18378012B24D00C
:10481000132112F00BFC204602F0B8FC394630465A
:1048200007F0D6FC054628BB3946304606F03CF971
:10483000144B1B6823B31C6804B10C3C53F8043CB4
:1048400013B1394630469847D4B12346E4689B6893
:10485000A4B10C3C002BF4D1F7E70023D0F8A4500E
:10486000C0F8A430132112F0E1FB204602F08EFCC8
:10487000002DD3D0284613F01EFFD5E7002BE0D142
:10488000F8BD00BFB445002070B5C6683378B6F8EF
:10489000014083B90F21204602F0A0FDF3780546C0
:1048A00050B90A4A118831B96FEA04506FEA1050C2
:1048B0001080074A137070BD0373012102F0A6FC3B
:1048C0002846BDE8704002F061BC00BFB450002033
:1048D000976D002070B5C3681D78BDB9B3F801604D
:1048E0000F21304602F07AFD044638B93346084AB3
:1048F0000848BDE87040012112F06FB8294602F067
:1049000085FC2046BDE8704002F040BC70BD00BF91
:1049100039E70200DCC0020010B5C368B3F80140FB
:104920000121204602F05AFD38B92346054A0648BF
:10493000BDE81040012112F050B8BDE8104002F06F
:1049400025BC00BF5FE70200DCC0020010B5C368F1
:104950001C880121204602F041FD38B92346054A52
:104960000548BDE81040012112F037B8BDE81040FD
:1049700002F00CBC5FE70200DCC0020010B50121B0
:104980000C3011F0ADFEBDE810400378024A034838
:10499000012112F022B800BF83E70200DCC0020050
:1049A000014610B5084811F00FFE0849084815F0F7
:1049B00049FD031E06DABDE81040064A06480121FB
:1049C00012F00BB810BD00BF34150020881600206F
:1049D00008330020A5E70200DCC0020010B5084C37
:1049E0000146062294F86F0003F064F838B994F891
:1049F0006F000449BDE81040052203F05BB810BD0C
:104A0000E813002029E50200024A0348012111F0C1
:104A1000D3BF00BFC2E70200DCC0020070B5C568AA
:104A2000B5F801600121304602F0D8FC044638B9DF
:104A300033460D4A0D48BDE87040012111F0CDBF4D
:104A40002B783BB9D5F80330C0F89930D5F807304A
:104A5000C0F89D30201D4FF4803111F0AFFF20468B
:104A6000BDE8704002F092BB5FE70200DCC00200CC
:104A7000B0B50B460D8A00AF04462946D868FFF74B
:104A8000CBFB8AB06A46094BC2E9053440F20243C7
:104A90009384074BC2E9075042F8103F05480023B2
:104AA0004FF43251FDF724FEBD46B0BDDCE70200F5
:104AB00005000001DCC00200B0B53C2800AF044690
:104AC0001AD101F0DBFD6FF48071103011F08CFF12
:104AD0000020FFF783FF054630B9124A1248012132
:104AE00011F06AFFBD46B0BD0473002102F08EFBD9
:104AF000284602F04BFBF5E76D468AB06A460B4B41
:104B0000C2E905300A4BD36140F201331384094BEB
:104B100042F8103F044800234FF41251FDF7E8FD1E
:104B2000AD46DFE7FEE70200DCC002001FE802003E
:104B300059DC0200040000012DE9F74FDFF81CA149
:104B4000BFF35B8F80468946174600235AE8004F23
:104B50004AE80032002AF9D1BFF35B8F264644B9F8
:104B60003F4A40484346012103B0BDE8F04F11F0F1
:104B700034BF2046FFF754FA3B4D4FF00C0B0BFBB4
:104B80000050438843451FD02046FFF749FA0BFBEE
:104B900000504388354A009332484346012111F0C2
:104BA000E1FABFF35B8F5AE8003F4AE80062002A4F
:104BB000F9D1BFF35B8F002B4DD01E46304603B0BA
:104BC000BDE8F04FFFF7CCBAA74208D0204611F05D
:104BD000F2FC3A8AF96804F10C0011F057FD204606
:104BE000FFF71EFA0C2707FB00504368ABB1B9F181
:104BF000000F12D12046FFF713FA07FB00500121E6
:104C00004268D2E90003127A03F01F07B9405B093A
:104C1000DAB100EB830011F0D1FE2046FFF700FA75
:104C20000C2707FB00508368002BC7D02046FFF7F6
:104C3000F7F9784305F800902046FFF7F1F907FBF4
:104C40000055A8680BF02AFEB8E7C94300EB8300C3
:104C500011F0CAFEE1E703B0BDE8F08F3015002087
:104C60003BE80200DCC002004045002063E802008F
:104C700037B502EBC303044608469A4202D16FF0EF
:104C80005E0010E0114611F8085BA54211D1038ABD
:104C90005178994209D90848084A0094012111F035
:104CA00061FA6FF0150003B030BD536898470020DB
:104CB000F9E70A46E1E700BFDCC0020096E802001F
:104CC0002DE9F8430C460CF035FBE168238A0A789D
:104CD000022A71D0042A0BD013463C483C4A0121D9
:104CE00011F07BFE2046FFF73BFA6FF015040AE057
:104CF000022B0DD8374A3548012111F06EFE2046AF
:104D0000FFF72EFA00240CF029FB2046BDE8F883BB
:104D100048783E280AD1032B01D12F4AEBE7CB7804
:104D2000012B01D00A2B47D1032604E011F032FEFB
:104D30000646F0073ED504F10C05284611F0E8FCC4
:104D4000012107462846B4F8109011F0C1FC022159
:104D5000284611F0C5FC804600783E2816D1E3684D
:104D60001B78012B2CD00A2B2AD002251B4A1C4968
:104D70001C4841F2451310F031FB002383F31188E6
:104D8000BFF36F8F0323184602DF04E011F002FE29
:104D9000C1070546EAD5144A98F8000006232146C3
:104DA00011F03EFEAA070DD56369A4F8109013FA1E
:104DB00087F7E760B307A5D52046FFF7F1FDA1E728
:104DC0000325E8E72046FFF7CBF9F3E7DCC0020054
:104DD0005EE90200B8E80200D4E80200F4E802004C
:104DE00028E9020041E90200CCC9020010B5012106
:104DF00004460C3011F074FC2146034A0078BDE8EB
:104E00001040022311F00CBEFCC9020073B53E48ED
:104E100011F0EFFB0446002873D000F10C05284682
:104E200011F066FC0228034603D0042847D0374A15
:104E300003E0238A032B05D8354A3648012111F0B7
:104E4000CCFD13E00421284611F04AFCFF234288E0
:104E500006882376238AC6F30B009A42608309D022
:104E60002C48009201212C4A11F07CF92046FFF7D2
:104E700077F912E00F2102F0B1FA054610B9638B01
:104E8000264ADAE702F0D0FA320B2076214628468D
:104E900002F002F9284602F079F9214BD3F84C319F
:104EA0007BB32049204815F0CDFA031E29DA1F4AAA
:104EB0001848012102B0BDE8704011F08EBD2846AF
:104EC000022111F00DFC054600783E2812D011F0A9
:104ED00061FD10F002060DD1154A1649164840F63C
:104EE000A84310F07BFA86F31188BFF36F8F03237A
:104EF000184602DF114A28780623214611F090FD5A
:104F0000B4E702B070BD00BF3415002007EA02000C
:104F100072E90200DCC0020093E90200B7E9020076
:104F2000E81300208816002008330020A5E70200BF
:104F3000F4E80200D9E9020041E902000CCA0200CB
:104F400010B5012104460C3011F0CAFB2146034A7A
:104F50000078BDE81040082311F062BD3CCA020091
:104F6000F8B5012100AF04460C3011F0B9FB06780A
:104F7000114A002321463046FFF77AFE5F3019D1EF
:104F8000258AE0682946FFF747F96C468AB06A46E9
:104F90000A4BC2E9053640F202439384084BC2E94A
:104FA000075042F8103F074800234FF43251FDF7F5
:104FB0009FFBA546BD46F8BD7CCA02001BEA020065
:104FC00005000001DCC002002DE9F04F83B0D0F8ED
:104FD0000C80018A98F80040012303EB84038B4284
:104FE00000AF63D96D468AB06A463348C2E90731DB
:104FF0000523C2E9050442F8103F304800234FF46E
:105000002151FDF775FBAD460C37BD46BDE8F08F6D
:105010002B4A2A484B46012111F0DFFC013598F854
:1050200000309D42F0DA08EB85030F21B3F80190C0
:10503000B3F80360484602F0D1F904460028E7D0EF
:1050400000F1C00936B1636943B91C485A460121D1
:1050500011F0B2FC204602F099F8DFE7A1691A6866
:1050600062618B4208BFA26120467B6001F0B2FF03
:105070000BF014FC7B68C3F800A0226A9AB9C4E95B
:105080000733BFF35B8F59E8003F013B49E800322B
:10509000002AF8D1BFF35B8F00212046013E01F0CA
:1050A000A5FFB6B2CEE713602362EAE70025DFF87A
:1050B00014B0AA46B3E700BF4DEA0200DCC002000C
:1050C00078EA020094EA020073B5C568B5F8016099
:1050D0000121304602F082F9044640B93E4A3F4879
:1050E0003346012102B0BDE8704011F076BC2B7848
:1050F0001A2B00F1040619D1C378012B50D14FF4BB
:105100008041304611F05AFC42040FD4D4F88C3060
:1051100000936946D4F894300193204602F0C8FF0A
:10512000204602B0BDE8704002F030B82B78BBBB1F
:10513000B5F803302A4940F2E2425343C4F88830BC
:10514000B5F80520A4F89020B5F80720A4F892201F
:10515000A3F5EA520C3A8A4204D9224A1F48022196
:1051600011F03BFCB4F89030B3F5FA7F04D31E4A3B
:105170001A48022111F031FCB4F89230A3F10A026E
:1051800092B240F676418A4204D9184A1348022165
:1051900011F023FC6FF48051304611F025FC17E02C
:1051A000BFF35B8F6368BFF35B8FDB04F2D52B78B3
:1051B000202BEFD194F89830002BEBD0013B84F8F2
:1051C00098304FF42032002304F140000BF0E8FD4A
:1051D000204602F009FBA3E75FE70200DCC0020003
:1051E00095F03C00ABEA0200D2EA0200F9EA0200C4
:1051F000094BBFF35B8F1A68BFF35B8F02F00B02A2
:10520000BFF35B8F53E8001F43E800200028F9D16B
:10521000BFF35B8F704700BFBC14002010B5C1E91D
:1052200000239DF808300B720C46FEF7F9FE034B85
:105230000C2202FB00335C6010BD00BF4045002023
:10524000F8B502460B46104811F0BAF90446C0B151
:1052500004210C3011F009FA2046FEF7E1FE0B4D57
:105260000C2707FB0050002646802046FEF7D8FE9C
:1052700007FB005086602046FEF7D2FE07FB005574
:105280006E602046F8BD00BF4C1B0020404500204A
:1052900037B504460D468DF80700A0B929B10B4972
:1052A0000722284616F0A0FA40B909490DF1070275
:1052B000002006F0F5FE002003B030BD2946204650
:1052C000FFF79CFAF7E76FF01500F5E730E502000D
:1052D000DF69020029289ABF014B185C092070473A
:1052E0005FEE020070B5C368B3F801601D780F214E
:1052F000304602F073F8044638B93346184A194864
:10530000BDE87040012111F068BB65B12846FFF788
:10531000E1FF29460246204602F026FB2046BDE872
:10532000704001F033BF8678012EEFD106F0CEFD3C
:10533000204611F017FB0028E8D10520FFF7CAFF2F
:1053400005210246204602F00FFB3146064A054879
:1053500011F032FB0521204611F068FEDEE700BFA8
:1053600039E70200DCC0020025EB02002DE9F04124
:10537000C668B6F8017035780F21384602F02EF86D
:10538000044638B93B46214A2148BDE8F041012195
:1053900011F023BB45B12846FFF79CFF2946024682
:1053A000204602F0E1FA08E0F278C37A934209D18C
:1053B000184A1748022111F010FB2046BDE8F041C1
:1053C00001F0E4BE8378C272012B05D00020FFF704
:1053D00081FF00210246E3E70AB106F077FD20468F
:1053E00011F0C0FA0028F1D10520FFF773FF052165
:1053F0000246204602F0B8FA074A0548012111F09A
:10540000DBFA0521204611F011FED6E739E702004C
:10541000DCC002004BEB020025EB0200034B01460F
:10542000D3F86C0182689268104700BFE81300202F
:105430000148042111F0C2BABC1400200048704792
:105440003DD8020001480BF03BBC00BF781600209D
:1054500070B505460C4659B94FF0FF304FF0FF319B
:10546000FFF7EEFE044618B96FF06805284670BDD8
:105470002046FEF7D5FD194B0C2202FB0033A6187F
:1054800030465D8011F044F903280BD903213046E2
:1054900011F00DF90580238A033B8370012130460A
:1054A00011F00DF940F635439D420FD12046FFF72C
:1054B000B5FF05460028D9D00346094A094801210D
:1054C00011F08BFA2046FEF74BFECFE70648214647
:1054D00014F000FF0025FFF7B5FFC7E740450020A7
:1054E0007AEB0200DCC002003C150020F0B5C56874
:1054F0002F88BCB287B00121204601F06FFF06461D
:1055000040B9284A28482346012107B0BDE8F040A9
:1055100011F063BA02ACD5F80220D5F80630019438
:105520006989009112F0C2FF48B34FF0FF304FF08D
:10553000FF31FFF785FE054648B91C4A1A4801218C
:1055400011F03AFA304601F021FE07B0F0BD122109
:105550000C3011F095F80346224623F8027B06AF83
:10556000144603CCBC4218605960224603F108037C
:10557000F6D1294642F21A00FFF76AFFE2E74FF040
:10558000FF304FF0FF31FFF75BFE04460028D4D018
:1055900002210C3011F074F82146078042F21B0002
:1055A000EAE700BF5FE70200DCC002009CEB0200FC
:1055B00073B5C368D9789A781E8842EA0122ADF89B
:1055C000002059791A7942EA0122ADF80220D979EE
:1055D0009A7942EA0122ADF804201A7A5B7AB4B2D1
:1055E00042EA032301212046ADF8063001F0F6FE21
:1055F000054658B91D481E4A0121234611F0EDF910
:105600000221204611F064FA02B070BD694602F032
:105610003FF938B91E21204611F05AFA284601F008
:10562000B5FDF1E74FF0FF304FF0FF31FFF708FE17
:1056300004460028F2D00E210C3011F021F800238E
:105640000680C0F80A30BDF800304380BDF8023053
:105650008380BDF80430C380BDF806300381214645
:1056600042F22000FFF7F4FED8E700BFDCC00200E2
:105670005FE7020038B502460B462B4DD5F85411B2
:1056800009B9002038BD05F598700BF041F90028E4
:10569000F7D10022002305F5AA700BF0CDF80446DF
:1056A00068B9224A2249234840F6B8430FF096FED3
:1056B00084F31188BFF36F8F0323184602DFD5F8F8
:1056C00048315BB11C4A1D48012111F075F9D5F82C
:1056D0004801FEF745FD0023C5F84831204610F08B
:1056E0009EFFC5F848012046FFF798FE0346C8B163
:1056F000134A1248012111F070F912480BF0CEF84C
:105700002046FEF78DFC104B0C2202FB003358881C
:1057100018B122461F21FFF70FFA2046FEF720FDA1
:10572000FFF790FE0120ADE7E8130020F4E8020047
:1057300005E7020041E90200B3EB0200DCC0020011
:105740007AEB020018150020404500202DE9F04FAB
:1057500087B0064600AF90460C4671B94FF0FF3057
:105760004FF0FF31FFF76CFD044668B96FF0680534
:1057700028461C37BD46BDE8F08F887AFEF748FC06
:10578000534B834240F09D8001220021384614F0A3
:10579000BAFD2046FEF744FCDFF838B10C2303FBCA
:1057A00000B08760204610F03AFF01463046FFF710
:1057B0004FFE054618B12046FEF7D2FCD8E716F09A
:1057C0000BFA454B1A58454B9A421ED1444814F0E7
:1057D00096FD002182464FF4A020FFF74BFF814643
:1057E00088B9404A404941484FF4F9730FF0F6FD3B
:1057F0003F4831460FF0F2FD89F31188BFF36F8FF8
:105800000323184602DF5445E0D14FF4A0220023C1
:1058100038460BF07DF8814698B14FF4FC73314A5D
:10582000344932480FF0DAFD33484A4631460FF02A
:10583000D5FD002383F31188BFF36F8F0323184630
:1058400002DF2046FEF7ECFB0C2358431BF80090C8
:10585000B9F1000F2ED06D468AB06A46274BC2F8C8
:105860001C90C2E90536264B136240F20243938432
:10587000244B42F8103F244800234FF43251FCF7E8
:1058800037FF2046AD46A9F10909FEF769FCB9F1D9
:10589000090F0CD8DFE809F0180B0B08050B0B0BF0
:1058A0000B156FF00B0563E76FF00C0560E76FF009
:1058B00004055DE7B8F1000F3FF47DAFC8F8004084
:1058C00056E76FF0150553E76FF06E0550E700BF20
:1058D0004C1B00204045002008000000C042002072
:1058E0003C150020F4E80200CEEB020041E9020082
:1058F000D6EB0200F6EB0200FFEB020044EC0200E4
:1059000059DC020005000001DCC0020073B5064648
:105910000D4601AA002142F22F00FFF717FF0446AF
:1059200038B1154A1548012111F046F8204602B059
:1059300070BD0198C368B3F801203280B3F803301A
:105940002B80FEF70DFC3388A3F11B02E02A04D95B
:105950000B4A0A48022111F040F82B88A3F5A472E3
:1059600092B244F248118A42E0D9064A0348022121
:1059700011F033F8DAE700BF63EC0200DCC002008C
:1059800083EC0200A8EC020010B5FAF701F8034B13
:105990001B6813B1BDE81040184710BD64450020D6
:1059A00073B52D4D0646D5F86C0114F046FB48B989
:1059B0002A4A2B48012110F0FFFF6FF01204204605
:1059C00002B070BD6FF0020105F1D40011F00CF8C7
:1059D000012110F0F3FFC3073AD4FEF703FD04469C
:1059E0000028ECD11F4B1E600122114605F598706E
:1059F00014F089FC05F5AA7014F060FC1A4814F044
:105A00004CFD1A49184800946FF0070340F69802BD
:105A10000BF05CF9164914480BF036FAD5F86C0116
:105A2000144983681B689847044630B10346124AFC
:105A30000B48012110F0D1FFC1E726B902B0BDE843
:105A40007040F9F7A5BF05F1C4000BF039F9B6E7CE
:105A50006FF07704B3E700BFE8130020CEED02003B
:105A6000DCC00200644500200833002000860020CE
:105A7000E6ED0200C14C0100EFED02002DE9F04718
:105A800084B05C4BB0F80190198849F4704291429F
:105A90004FF0000608BF1E80054608BF564B00AFFA
:105AA00008BF1E7800F0FEFAEB78012B08BF534BBD
:105AB00005F1040840460CBF93F86F40002410F035
:105AC000F1FE414670B307F1080010F0E0FED5F892
:105AD0001130C7F80130B5F81530A7F805304FF090
:105AE000010AEB78012B32D04046FEF7B7FB6C463B
:105AF00088B06A46424BC2E905304FF40073938385
:105B0000404B42F8103F40484FF4E2510023FCF76D
:105B1000EFFD1321A546484610F0F6FF1037BD46AD
:105B2000BDE8F087204611F05AF903460068B860D6
:105B30009A889B796868BA81BB73B8F8042098F892
:105B4000063095F804A03860BA80BB71C9E707F148
:105B50000800FEF743FF04460028C5D00346B5F809
:105B6000012023F8702BB868BA7BB98920679A7135
:105B70009980B5F8173040F2E2425343C4F88830B8
:105B8000B5F81930A4F89030B5F81B30A4F892306D
:105B9000EB78E3700022012B22731AD187F800A062
:105BA000BA88BB793868A4F87B2084F87D30C4F8C3
:105BB000770000F063FD237A1049C3EBC3035A1842
:105BC000CB58C4F87E309388A4F88230937984F857
:105BD00084300721204601F019FB26B126730121EC
:105BE000204601F013FB204601F05AFC204601F04C
:105BF000CDFA93E7B4500020976D0020E813002001
:105C00000BEE020003000001DCC0020000B5C36817
:105C1000187889B020B109B05DF804EBFEF74CBFED
:105C2000B3F80120ADF80120DA788DF800008DF886
:105C30000320B3F80B20ADF81720B3F80D20ADF812
:105C40001920B3F80F20ADF81B205A7C8DF81D20C9
:105C5000586801901A899B7A8DF80A30094BADF883
:105C6000082068461A689B88CDF80B20ADF80F30E5
:105C7000CDF81120ADF81530FFF700FF09B05DF841
:105C800004FB00BF3DE5020038B5042104460C309A
:105C900010F026FD034640885D7818B11978224639
:105CA000FEF74AFF35B104480AF0F8FDBDE8384078
:105CB000FFF7C8BB38BD00BF18150020B0B50321E1
:105CC000044600AF0C3010F00BFDE3680578B0F827
:105CD0000100197840F63543984216D16C468AB0D7
:105CE0006A46104BC2E905310F4BD36140F20133D4
:105CF00013840E4B42F8103F0D4800234FF412510D
:105D0000FCF7F6FCA546BD46B0BD10B12246FEF735
:105D100013FF002DF7D007480AF0C0FDFFF792FBF4
:105D2000F1E700BF27EE020059DC02000400000189
:105D3000DCC0020018150020F8B50A4DEF790646C0
:105D40000024E3B29F4202D86FF0010007E0294629
:105D5000304610F06EFF0735631C08B12046F8BDD1
:105D60001C46EEE7E813002037B504460D46B9B1EE
:105D70001649284610F05DFF90B91548C4EBC404DD
:105D80002946204410F05FFF124810F063FF4307DC
:105D900003D5FEF7F7FB10F01CFD002003B030BD6B
:105DA000684610F066FD0028F8D16846FFF7C4FF8A
:105DB0000028F5DA064BC4EBC4001844694610F01D
:105DC00042FF002DE0D001462846DBE730E5020027
:105DD000E8130020BC14002070B51A4E062231468C
:105DE000054615F001FD38B34FF0FF304FF0FF319D
:105DF000FFF726FA044608B3062229460C3010F0B5
:105E000045FC2146002242F20500FFF79FFC0446B4
:105E100048B110F10D0F04D10B4A0C48022110F0CB
:105E200010FF204670BD33462A6843F86929AA88C6
:105E3000B280012283F868200024F2E76FF0680442
:105E4000EFE700BF51140020DAEE0200E4C00200C8
:105E5000084BBFF35B8F53E800CF4CF4806C43E8F2
:105E600000C2002AF7D1BFF35B8F037A1943017296
:105E7000704700BFBC140020F7B500210446022281
:105E8000084601F017FE064648B120460121FFF7FB
:105E9000DFFF304603B0BDE8F04001F077B93B4D7D
:105EA00001463B4800F0E4FB95F823317BB13046D6
:105EB00010F013FF58B1374A0221374810F0C1FEE5
:105EC0003648002103B0BDE8F04000F0D1BB95F8A2
:105ED000232195F822319A4218D1314A2E480221C5
:105EE00010F0AFFE0022114642F22900FFF72EFC0F
:105EF00010B12C4A0121E0E795F82331013385F8F0
:105F00002331237A43F004032372D9E72246671C26
:105F100012F82A0B394610F0A3FE064610B1224AA9
:105F200001210EE095F82331013385F82331237ADE
:105F300043F00403237295F8A7305B0708D41B4A8B
:105F40000221154810F07DFE012010F0C6FEB7E7D3
:105F50003946684610F077FE01234FF0FF304FF0CE
:105F6000FF318DF80730FFF76BF9044660B1082266
:105F700069460C3010F08AFB3246214642F24E0050
:105F8000FFF7E4FB0028DFD0094AC9E7E813002047
:105F9000A76D0200E9EE0200E4C002000D6D0200F0
:105FA0000EEF02003FEF02005FEF02007FEF020002
:105FB000A9EF020000212DE9F04102220446084623
:105FC00001F078FD054640B120460221FFF740FF71
:105FD0002846BDE8F04101F0D9B801462A4800F052
:105FE00047FB284610F079FE284D064688B1284A1E
:105FF00003460121274810F0ABF895F8233113B17F
:10600000012010F06AFEBDE8F0412348002100F0B5
:106010002FBB95F8233195F822219A420CD2013BEF
:1060200085F82331237A1D4923F0040302462372A5
:10603000022006F057F8E0E74FF0FF304FF0FF3155
:10604000FFF7FEF804F10108074668B107210C309C
:1060500010F016FB414610F0F6FD3246394642F28A
:106060002800FFF773FB28B10D4A0A48012110F000
:10607000E8FDC2E795F82331013B85F82331237A07
:1060800023F004032372B8E7A76D0200E813002091
:10609000C4EF0200E4C002000D6D0200C56C0200F6
:1060A000F1EF02000A4BBFF35B8F53E8002F22F49D
:1060B000806143E800100028F7D1BFF35B8F5305E0
:1060C00004D504490022022006F00CB8704700BF36
:1060D000BC1400203D6E02001FB50023CDE9023341
:1060E00001908DF80C1001AA0349022005F0FAFF77
:1060F000029805B05DF804FB7D6D020010B4034604
:1061000070B10A4991F8224191F823210CB19442CF
:1061100008D2013281F823211A7A42F004021A725D
:1061200010BC704710BCFFF7A7BE00BFE8130020EB
:1061300010B4034698B10B4C94F8221194F8232123
:1061400029B101318A4203DC10BCFFF733BF12B121
:10615000013A84F823211A7A22F004021A7210BC40
:10616000704700BFE813002070B50446B1B9C0B154
:106170001F4910F05EFDA0B92046FFF7DDFD0028A5
:106180002FDA2378012B04D1A37903F0C003C02BAD
:1061900007D0184A1848012110F053FD6FF0150080
:1061A00070BD164DEB79012B1ED005F1D40010F017
:1061B00051FDC30707D4002CF0D00D49204610F044
:1061C00038FD0028EAD1EE792146731C3046EB7188
:1061D000FFF7CAFD08B93046E2E7EB79013BEB7106
:1061E000DEE76FF07700DBE76FF00B00D8E700BF6A
:1061F00030E5020016F00200E4C00200E8130020BF
:106200002DE9F341044640B91A4A1B48022110F017
:1062100018FD002002B0BDE8F08101AA002141F282
:106220000900FFF793FA054608B1144AEDE7019E0D
:106230001349D6F80C8008F101070622384615F0FC
:10624000D3FA28B10F490622384615F0CDFA18B90D
:106250003046FDF785FFDCE7D8F80130C4F801309F
:10626000BB88A4F8053030462570FDF779FF012082
:10627000D0E700BF44F00200E4C002005DF002007D
:106280003DE5020037E5020007B56846FFF7B8FFB5
:10629000044BD87118B169460020FFF765FD03B0C3
:1062A0005DF804FBE8130020F0B5304DEC7989B0BF
:1062B000002C53D195F8C26016F0010610D12C4A7B
:1062C0002C48022110F0BDFCEC7116260024012799
:1062D000EB79E0B298422CD3002B3FD000203BE07A
:1062E0006A4621464FF60940FFF730FA08B1224AC4
:1062F000E6E7DDF800C0DCF80C104B7823B9604607
:10630000FDF72EFF1D4ADBE78B1C02AA01F11204E8
:1063100018685968174603C70833A3423A46F7D1AD
:10632000186838609B88BB806046FDF719FF3446CB
:10633000CAE708AB06FB0033694653F8182C33F85C
:10634000143CCDF80120ADF805308DF80070FFF752
:106350000BFD01340028BBD009B0F0BD0021084678
:1063600009B0BDE8F040FFF7FFBE00BFE813002012
:106370007BF00200E4C00200A7F00200C7F00200B8
:106380002DE9F0410D4617461C46064650B14BB16B
:106390000A03037811D56D0708D52E4A2E4801212E
:1063A00010F04FFC6FF01500BDE8F08110F02BFDF0
:1063B0000028F9D101232370F6E7A9072ED027483A
:1063C0000FB1AA0608D4C3EBC302825C012A13D022
:1063D00002B922700020E7E790F8D820510635D5A1
:1063E000C3EBC302825C012A06D002B92270237873
:1063F00043F002032370EDE74FF00108072111FB82
:1064000003810144304610F0F6FC0028CCD184F81A
:106410000080002FDED0AB06DCD5E8E76A0712D596
:106420000E49C3EBC3028E5C012E09D1072212FB79
:106430000363194410F0DFFC0028B5D12670EAE7A9
:10644000002EE8D1FAE710F0DEFCB3E76FF085002C
:10645000AAE700BFF0F00200E4C00200E813002049
:106460002DE9F74F8A4601904FF0FF314FF0FF3092
:10647000FEF7E6FE044600284ED020210C3010F036
:10648000FFF82022002180464FF0000915F0A4F902
:10649000DAF8007008F1010B4D46DAF80420914556
:1064A00009D3019888F800500022214603B0BDE8C6
:1064B000F04FFFF74BB97A7897F800C0A81C811805
:1064C0001F2915D9BCF1090FC0F11F0201D1002A03
:1064D0000CDC134A134801210FF031FE2046FDF772
:1064E0003FFE6FF0150003B0BDE8F08F4FF0080CD1
:1064F000D6B2711C0BF80510691CC9B202360BF834
:1065000001C079685BFA80F02E4415F03DF9F5B2D0
:1065100009F101090837C0E76FF06800E3E700BF41
:1065200015F102009CC00200F8B5456869050646F1
:1065300035D4046914B115F0030330D0194F307805
:10654000FB7983422BD9C0EBC0001749072238449E
:1065500015F04AF9A8B115F0030306D197F8702099
:10656000082A02D8B2689F2A19D915F0300F09D02D
:10657000ACB1EA060AD405F46035B5F5603018BF51
:106580000120F8BDEB0601D4002CF4D1D6E902239A
:106590009A4204D81F2A02D9B3F5804FEBD90020C4
:1065A000EFE700BFE813002030E50200F7B5CDE9C2
:1065B0000001694642F208009DF8207016461D460B
:1065C000FFF74EFF044668B97FB9BFF35B8F0C4BF2
:1065D00053E8001F41F0040143E80012002AF7D1FC
:1065E000BFF35B8F204603B0F0BD694642F209005D
:1065F000CDE90065FFF734FF0028E6D00446F1E757
:1066000010140020F8B50446164B14F8097B83F8E3
:106610006F7005460E4607221349204615F0E4F830
:1066200070B91249384601F0C7F9044610B96FF045
:106630000B00F8BD052100F0E9FD34600020F8E70B
:106640002146384601F0FEF940B92146287801F08C
:10665000B3F904460028EAD00621ECE76FF01500F4
:10666000E7E700BFE813002030E5020029E502005B
:1066700003460148184700BF001400200048704737
:10668000001400202DE9F04F8E4ED0F810B089B0E4
:106690009A460023BBEB03040546304618BF01248D
:1066A000039310F0ECFB0F464107914640F1EA805E
:1066B0002846FFF739FF60B96FF01504384600230C
:1066C00040F20111994540F0E680204609B0BDE84E
:1066D000F08F284610F0AEFB80460028ECD0A6F1E3
:1066E000AC0010F0CCFBC205C0F3002300F1CD805C
:1066F000CDE90533CDF81B30AB686868ADF81030D4
:10670000EB68ADF8123010F0ABFB8DF81D00BFF355
:106710005B8F56E8003F23F4807346E80032002A7E
:10672000F7D1BFF35B8F2A7806F8BC2C06F8652CEE
:10673000696822460DF11503A6F1BC00FFF720FEA3
:1067400004460028BAD1A6F1B303BBF1000F11D063
:106750002A69116846F8B31C9188998092799A71D8
:106760006B689E074AD1980502D4BAF1000F59D040
:1067700002230BE0544A116846F8B31C91889279C1
:1067800099809A716B689C07EDD05B468DF8143048
:106790004FF0FF304FF0FF31FEF752FD0446002866
:1067A00076D00F2204A90C300FF070FF2146002292
:1067B00042F20600FEF7CAFF044600287FF47EAFCF
:1067C000BBF1000F32D06B6899073BD13F480121E4
:1067D00010F076FB044600283CD03D4A3D4801219C
:1067E0000FF0ADFC039D002D3FF468AF284600215B
:1067F00000F00CFD284600F0C9FC5FE713F0100F15
:106800000CBF012304238DF814302B691A68CDF8CE
:1068100016209A88ADF81A209B798DF81C304FF01D
:106820000008B5E703238DF81430F8E7129BCDF884
:106830000080524649463846FFF7B8FE0446002815
:10684000C1D03BE7214803A9FFF7DCFE044600283E
:10685000BCD033E7039808B100F098FC6A681E4882
:1068600012F0030218BF0122092110F00EFB42466C
:106870000A2110F00AFB6A680C21C2F3800210F0B2
:1068800004FB1BE76FF00A0418E76FF0770415E7C5
:106890006FF0680412E702888A4204D1426812B19C
:1068A0001278D20702D4013308300BE70B490C48A9
:1068B00013F0F9FD4FF47022002309480AF0A4FAFE
:1068C00003E700BFBC14002030E5020000140020E4
:1068D0002EF102009CC0020010140020616901002A
:1068E0001814002010B5184810F012FB174810F0CB
:1068F000C6FA0346DA05C0F3002023D5134810F08A
:10690000BEFA830515D512491248072214F06CFF10
:1069100011490346087E93B91049052201F0CAF8CF
:10692000044630B10021017300F070FC204600F0F5
:106930002DFCBDE810400448002110F0C1BA062229
:106940002131EBE710BD00BF00140020101400201F
:1069500030E5020009140020E813002029E50200B8
:1069600010B5FFF7BFFF034630B1044A0448BDE845
:10697000104002210FF0ECBB10BD00BF49F1020036
:106980009CC0020070B59AB0414B029318220021BE
:1069900003A814F021FF44F2010309A8099310F0A1
:1069A000BAFA099B049369463A4B059302A814F07E
:1069B000F2FA034638B3384A384801210FF0C8FBD1
:1069C0001F25374BBFF35B8F53E8001F21F00101F8
:1069D00043E80012002AF7D1BFF35B8F314E0AF073
:1069E000A9FC3468002C4BD0002DA4F104042E4DDA
:1069F00018BF002523680BB1284698476468002C0F
:106A00003ED0043CF6E701AB0098412209A914F0FE
:106A100094F9034608B1254ACEE7254A0DF125032E
:106A20000DF1650153F8040B42F8040B8B42F9D1C8
:106A300001AB20490098202214F02DF9034608B13B
:106A40001D4AB9E700980BF0BBFD054610B11B4A83
:106A50000346B1E71649144810F06AFA1848203185
:106A600010F066FABFF35B8F164B53E8001F41F03E
:106A7000100143E80012002AF7D1BFF35B8FA0E7B3
:106A80000023C6E900330AF069FC1AB070BD00BFEC
:106A900012710001000002096FF10200CCC0020077
:106AA0006845002070450020F86D00208DF102003F
:106AB000B86D0020986D0020B0F10200D4F1020002
:106AC000186E0020BC14002030B5A7B004233D226E
:106AD000002116A8159314F07FFE324B069318225E
:106AE000002107A814F078FE44F201030DA80D93CD
:106AF00010F011FA0D9B08932B4B09932B4904AB13
:106B0000202206A80BF09EFD034600B3284A294820
:106B100001210FF01DFB6FF004040AF00BFC264B63
:106B20001D6885B100201860244BBFF35B8F53E8CC
:106B3000001F21F0020143E80012002AF7D1BFF341
:106B40005B8F44B3A8470AF009FC27B030BD1C4B4B
:106B50000DF1550203F14000194653F8044B42F879
:106B6000044B8342F9D105AB02932023CDE90013F6
:106B70000D480499412315AA14F0BFF9034608B142
:106B8000104AC4E704980BF01BFD04460028C4D04B
:106B90000D4A0346BBE70DA8094910F0C9F90DA835
:106BA000D0E700BF1271000100000209986D0020BB
:106BB000F4F10200CCC002006C45002068450020C2
:106BC000B86D00202AF2020046F2020008B504491E
:106BD000402214F009FEB0FA80F0400908BD00BF61
:106BE000AEF2020010B59AB0182204461B4B029375
:106BF000002103A814F0F0FD4FF4804309A8099385
:106C000010F089F9099B0493154B05932146042341
:106C10000DF125008DF8243010F08AF904F12001DF
:106C20000DF1450010F084F901AB412209A902A839
:106C30000BF008FD044602A814F025FA2CB90198BF
:106C40000BF0BEFC01201AB010BD0648064A2346D0
:106C500001210FF07DFA0020F5E700BF124100018D
:106C600000000209CCC0020063F2020010B5002847
:106C70003FD0234A136823B1043B98423CD05B6861
:106C8000F9E7204BBFF35B8F1968BFF35B8F890770
:106C900007D51D481D4A02210FF051FA6FF00F0071
:106CA00010BD14684460011D5068116000B9516046
:106CB000BFF35B8F53E8002F42F0010143E800105F
:106CC0000028F7D1BFF35B8FD30701D50020E7E79A
:106CD0000F4BBFF35B8F53E8001F21F0100143E817
:106CE0000012002AF7D1BFF35B8F0A48FDF7D0FCF2
:106CF000ECE76FF01500D3E76FF07700D0E700BF47
:106D00007045002068450020CCC0020087F20200D8
:106D1000BC140020A8160020054BBFF35B8F1B6836
:106D20000448BFF35B8F13F0100F08BF00207047BB
:106D3000BC140020F86D002070B505461E4803689D
:106D40008B4232D0BFF35B8F1C4B1B68BFF35B8F52
:106D5000DA062DD5036813B16FF00F0070BD184A25
:106D6000BFF35B8F1368BFF35B8FDB07F4D4BFF314
:106D70005B8F52E8003F43F0020442E80046002ED9
:106D8000F7D1BFF35B8F13F00204E5D101600D482A
:106D9000294610F0CDF80C4805F1200110F0C8F894
:106DA0000A48FDF775FC2046D8E76FF07700D5E775
:106DB0006FF07C00D2E700BF6C450020BC140020BF
:106DC00068450020B86D0020D86D0020981600207E
:106DD00070B50C4B1C68054644B154F81C3C1C3C77
:106DE00013B1297B28469847E469F5E7064C074E1E
:106DF000B44200D370BD236813B1297B284698475D
:106E00002034F5E7AC45002044C0020084C00200F5
:106E100010B50446FDF704F9044901EB00112046C2
:106E20000FF081FDBDE81040FEF70CBB7845002057
:106E300070B5D1E9015600220446C1E90122064895
:106E400013F048FA3DB1314620462B466FF06D02F3
:106E5000BDE87040184770BD841A002030B54FF46B
:106E6000806185B00446043010F088F840054AD4AB
:106E7000BFF35B8F6368254DBFF35B8F13F4803FD7
:106E800030D095F8D930D90710D5022300211A4601
:106E9000009120460FF096FE034620B11C4A1D4883
:106EA000012110F069F8637B072B2CD195F8D830BD
:106EB0009B0628D50FF0DEFD28B30DF10E0103A8C7
:106EC000FEF724FDF8B9BDF80E20BDF80C102046E1
:106ED0000FF059FE0346B0B10F4A0E48012110F0E1
:106EE0004BF810E095F8D8301A07CAD520460FF0B5
:106EF0002FFE034620B1094A0648012110F03CF854
:106F0000637B072BBDD005B030BD00BFE813002068
:106F100016F30200B4C002002DF30200F5F20200E5
:106F200070B505460F480022002309F0F1FCB8B9FE
:106F30000D4B1C6834B154F8143C1C3C03B1984709
:106F4000E469F7E7094C0A4EB44204D32846BDE889
:106F5000704009F0B5BEA36803B198472034F3E749
:106F600070BD00BF6C1A0020AC45002044C0020078
:106F700084C002002DE9F843DFF85480044640271E
:106F80000025EFF3118387F31288BFF36F8FE16958
:106F900029B983F31188BFF36F8FBDE8F883206AA6
:106FA0000A68E261814208BF226283F31188BFF35D
:106FB0006F8FD1E901694046C1E9015513F08AF9A3
:106FC0001EB1002249462046B047FEF73BFAD8E7FB
:106FD000841A00200448B0F80431002B00F58470B6
:106FE00008BF0020704700BFE813002030B50446FA
:106FF00014F0F2FD0D4A0D460D490858D2F8B810AC
:1070000088428BB005D120460BB0BDE83040FFF779
:10701000B1BF24342146104613F014FA1DB169465D
:10702000204613F01FFA0BB030BD00BFC042002055
:107030000800000038B5002204468A4202D100242C
:10704000204638BD04F1C8030120BFF35B8F53E82D
:10705000005F002D04D143E8000CBCF1000FF6D115
:10706000BFF35B8F02D0D0340244E6E7002CE6D0B9
:10707000C8220021204614F0AFFB04F1400004496F
:1070800013F011FA034904F1240013F0BFF9D7E714
:10709000657B0100A76F0200F7B516460D4601217A
:1070A0000446FFF7A3FF012E23D0022E50D12369FF
:1070B0003BB13048304A01210FF041F820460FF033
:1070C00090FF256121690B8A012B51D9CA6812886A
:1070D000043292B293424BD341D926480092012107
:1070E000264A0FF03FF8204603B0BDE8F0400FF00D
:1070F00078BF206940B9224A1E4831460FF01FF878
:1071000020460FF06EFF01E02F8A2FB9284603B00A
:10711000BDE8F040FDF724B80C300FF0FDFA8742CF
:107120000CD9184A134831460FF009F8216900229A
:10713000204600F091FF00232361E7E720692A8AB7
:10714000E9680C300FF0A2FA2846FDF709F8B9E714
:107150000D4A0848334601210FF00EFFD0E7002307
:1071600001222046236103B0BDE8F04000F074BF67
:1071700003B0F0BDB4C0020049F30200C9F302003D
:1071800066F3020084F30200ABF3020008B5C830D6
:10719000BFF35B8F50E8003F013B40E80032002A1C
:1071A000F8D1BFF35B8F3BB9044809F077FBBDE82A
:1071B0000840034809F084BD08BD00BF6C1A0020D8
:1071C000C816002010B504460FF014FF0AF0B2F8FC
:1071D0000C4BD3F8243104F1BC012BB90A480FF051
:1071E000B1FE0AF0BBF806E0994208D10AF0B6F801
:1071F0002046FFF7CBFFBDE81040FEF723B91B6820
:10720000EBE700BFE81300200C150020F8B5467B23
:107210008E4200AF04460D461AD1082E96BF554B3C
:10722000554B53F826306C4688B06A465349C2E93C
:1072300005134FF400739383514B42F8103F5148AC
:1072400000234FF4E451FBF753FAA546BD46F8BDC1
:1072500041730EB90FF0CEFE637B082B00F28680DF
:1072600001A252F823F000BFBD72010013730100A8
:107270004D7201004D7201004D7201004D7201000E
:107280004D7201008D7201004D7201003E480021D7
:107290000AF098FC0023C4E90D33E378012BD5D123
:1072A000A378012B04BF032384F898304FF42032D5
:1072B000002304F1400009F073FDC7E7082EC5D88C
:1072C000DFE806F02005171C1C1C1720200004F125
:1072D0004005284613F0F3F801212046FFF786FE0B
:1072E00020460FF07EFE00220023284609F08CFD88
:1072F000ACE7237B13B12046FFF76AFD2046FFF77A
:1073000045FFA3E7214A2B461E4802210FF034FE19
:107310009CE7237B3E2B0FD16D4688B06A461C4B01
:10732000C2E90534032342F8103F164800234FF406
:10733000C451FBF7DDF9AD46164D05F5847661695C
:1073400011B9FEF77FF881E7A2690B68636191428A
:1073500008BFA3612046FFF76BFDB5F80431002B91
:1073600014BF3046002009F099FAE8E70A4A2B4694
:10737000CAE700BF90CA0200E4F30200EEF3020085
:1073800003000001B4C00200D8160020FFF3020081
:1073900016F40200E81300203DF40200F8B5074699
:1073A00009480D4616460FF025FE044650B1837875
:1073B0001F4203D1BDE8F840FFF7E8BE3146A847B9
:1073C0002046F7E7F8BD00BFE03300200249002265
:1073D0000120FFF7E3BF00BF9B6F020070B50546B9
:1073E0000E480E460FF006FE0446A0B1437B012B6B
:1073F00002D0073B012B0CD82388AB4208D1A378DD
:107400001E4209D1064A07482B4602210FF0B4FD5F
:107410002046FFF7BBFE0024204670BDE03300206D
:1074200059F40200B4C00200034BC01A034B001110
:107430005843C0B2704700BFE0330020C54EECC4D3
:1074400070B51C46144305460E460DD00F4914F086
:10745000C3FBD1F8B8400E4909588C4206D10D4AF9
:107460000D4802210EF06BFE002213460B49002D41
:1074700014BF284608460FF0A3F8044618B1711D42
:107480000C300FF0F2F8204670BD00BFC042002063
:107490000800000070F40200B4C002009C1A002032
:1074A00010B50446054809F00BFC204600F01AFD13
:1074B0002046BDE81040FFF78BBC00BFB816002087
:1074C0002DE9F04F87B000AF0023FB607B61BE4B1E
:1074D0005A8B3AB1BD4DD5F824413CB91C37BD4655
:1074E000BDE8F08F1B68002BF4D1F7E754F8BC39E6
:1074F00003B1BC3BB649002601E01C461346B5F873
:107500000421002A00F05E81D5F810214AB904F167
:10751000BC06002BE2D0D3F8BC20002AEDD0BC3A48
:10752000EBE70A68002AF2D0D4F8A820002AEED0AF
:10753000D4F8AC20002AEAD0D4F8B020002AE6D053
:10754000637B072B6AD120469047002866D0BFF3A3
:107550005B8FD4F8C030BFF35B8F022B5EDC20461C
:107560000FF048FD04460028B8D0637B072B40F09D
:107570002681D4F8A830B5F8041107F1100220468E
:1075800098478146002800F00D81B5F804213B6939
:107590009A4208D30146D4F8AC6007F1140307F10E
:1075A0000C022046B0477B693B60B9F81030D7E940
:1075B000038A002B00F0FD8048460FF0CAF978607E
:1075C000002840F0F980B5F80431DFF808B2002B4C
:1075D00014BF584600200022002309F099F978B919
:1075E0007B480022002309F027F9064600283BD1FA
:1075F000B5F80431002B18BF5E46304609F04EF94D
:107600006FF00B054846FCF7ABFDB8F1000F00F03A
:10761000B38039682A462046C047ADE0D4F8BC3074
:1076200004F1BC02C6B9D5F82811C5F824318A4244
:1076300001D1C5F828310023C4F8BC302046D4F865
:10764000B0309847002890D0637B072B40F0B7807C
:107650002046FFF7B7FD88E73360D5F828319A4216
:1076600008BFC5F82861E6E73B68C0F8048083607E
:10767000B5F804B15448DA454FF000024FF000036A
:107680004FF0000198BF1FFA8AFBFCF7EBFC804625
:1076900050B1FCF7C5FC504B5A4603EB001349466A
:1076A00040460FF01BF98046B5F8043194F8C490B9
:1076B0009A4584BF01237B607B6884F8C4309CBFFB
:1076C00009F102095FFA89F904F1C00ABFF35B8F7F
:1076D0005AE8003F01334AE80032002AF8D1BFF3EC
:1076E0005B8F04F1140B314658460FF02BFCA37846
:1076F000012B5BD108F10C03042118467B600EF0CE
:10770000D6FF22887B6809F0FD0942EA093202802F
:10771000B8F81020043A4280022118460EF0CFFF3C
:107720004046FDF77BFE8146002848D0BFF35B8FC3
:107730005AE8003F013B4AE80032002AF8D1BFF383
:107740005B8F314658460FF031FC4B46234A2448A4
:1077500001210FF011FC4046FCF702FD20463146A6
:10776000FFF766FBB5F804311A48002B08BF00206C
:1077700009F094F86FF004056E4688B06B46194A1C
:10778000DC61C3E905251A46042342F8103F14487A
:107790004FF401510023FAF7ABFF1321B546204601
:1077A0000FF044FC2046FFF7F1FC97E66FF0150957
:1077B000BCE76FF0790525E76FF0040522E7FDF7D8
:1077C00041FEEFE79368FFDE201B0020E813002056
:1077D000841A0020F0140020784500207AEB020083
:1077E000B4C0020099F402002DE9F041D0F888609D
:1077F000BFF35B8F4268BFF35B8F920440F2E243BA
:107800000446B6FBF3F600F10403B6B217D5B0F8A0
:107810008C20B24213D8B0F88E20B2420FD3D0E9F8
:10782000241291420BD1BFF35B8F53E8001F21F468
:10783000005143E80012002AF7D1BFF35B8F114BD0
:107840001D6865B155F80C7C1C3D37B1B4F8923019
:10785000B4F8902031462046B847ED69F1E70A4D6B
:10786000DFF82880454501D3BDE8F0812F6937B1A5
:10787000B4F89230B4F8902031462046B84720350D
:10788000F0E700BFAC45002044C0020084C0020005
:107890002DE9F041074608460D460FF0EDF8064683
:1078A00018B900263046BDE8F081144B1C6884B13D
:1078B00054F8103C1C3C0BB9E469F8E729463846FB
:1078C00098470028EDD028460FF0D6F80028F3D1CD
:1078D000E7E70B4CDFF82C804445E3D2E3680BB9B3
:1078E0002034F9E72946384698470028D9D0284659
:1078F0000FF0C2F80028F3D1D3E700BFAC45002059
:1079000044C0020084C002002DE9F041C37804465F
:107910008BB900F17E06114B1D687DB11C3D04F151
:1079200070076B691BB13A46314620469847ED69AE
:1079300025B11C3DF5E700F17706ECE7084D094F4E
:1079400004F17008BD4201D3BDE8F0816B691BB141
:1079500042463146204698472035F3E7AC450020A3
:1079600044C0020084C00200F8B5437A8372054621
:1079700016460FF0A3FC0D4B1C684CB154F8043CA8
:107980001C3C1BB1697A324628469847E469F4E703
:10799000074C084FBC4200D3F8BDA3691BB1697AFC
:1079A0003246284698472034F4E700BFAC45002013
:1079B00044C0020084C0020038B505460C460F489A
:1079C0000121FFF737FBC0B1057223680367A38865
:1079D000A0F87430A37980F8763001234372837263
:1079E0008370074BC0F8A830064BC0F8AC30064B8C
:1079F000C0F8B030054BC0F88C3038BDE033002003
:107A0000D97D0100656F0200596F0200180028003F
:107A100070B505460A480E460FF0ECFA044620B150
:107A20008378012B04D0FFF7B1FB0024204670BD02
:107A3000324629460FF06CFB0028F7D12046F2E7CA
:107A4000E0330020B0B500AF0D46FFF7E1FF04467C
:107A500008B32846FCF702FC637B082B96BF0F4A4D
:107A60000F4B52F823306D468AB06A460D49C2E981
:107A700007030D4B53620D4BC2E9051442F8103F4A
:107A80000B4800234FF44251FAF732FE2046AD4630
:107A9000FFF77CFB0120BD46B0BD00BF90CA0200CD
:107AA000E4F30200BCF4020001030204050000023A
:107AB000B4C00200F8B505460E480E4617460FF052
:107AC00099FA044620B18378012B03D0FFF75EFBBF
:107AD00000240DE036B1324629460FF019FB08B9F3
:107AE0002046F3E7637BBB42FAD1237AAB42F7D15E
:107AF0002046F8BDE033002038B5044608460D4660
:107B00000EF0BAFF48B3164B93F8D830990707D454
:107B1000E37883B129462046BDE8384000F0C8BA72
:107B200094F899309A07F3D5BFF35B8F6368BFF37E
:107B30005B8F5B04ECD4294620460FF00FFB58B94D
:107B40002B88A4F88C306B88A4F88E30AB88A4F80E
:107B50009430EB88A4F8963038BD6FF01500FBE741
:107B6000E8130020F7B510F8333C0446A0F14006B6
:107B70000BBB30460FF045FB354B1D684DB155F83A
:107B8000183C1C3D1BB114F8341C30469847ED6975
:107B9000F4E7304D304FBD4205D3304603B0BDE869
:107BA000F040FFF7F3BA6B681BB114F8341C304691
:107BB00098472035EFE710F83E3C012B46D1BFF344
:107BC0005B8FA0F13C0555E8003F23F4005245E8E7
:107BD00000210029F7D1BFF35B8F990423D5E36C13
:107BE00000936946636D01933046FFF785FF0346B6
:107BF00098B9BFF35B8F55E8003F23F4805345E805
:107C00000032002AF7D1BFF35B8F4FF400612846A2
:107C100003B0BDE8F0400FF0B1B9104A104802219E
:107C20000FF0AAF9F1E70F4A4FF4281369463046DE
:107C3000CDE90023FFF760FF034628B94FF48051D8
:107C400028460FF09BF9E0E7074AE7E703B0F0BDED
:107C5000AC45002044C0020084C00200F5F40200DC
:107C6000B4C00200180028001AF5020008B568B177
:107C7000094B1A6800F10C0122B907480FF062F9AC
:107C8000104608BD914204D01268F5E76FF0150068
:107C9000F7E76FF07700F4E7B445002010B50C4823
:107CA00012F00CFB0B490A4812F014FB0A49084871
:107CB00012F010FB0949064812F00CFB0FF012FFFE
:107CC00004F0AAF9044608B90FF062FB204610BD83
:107CD000841A00208845002094450020A0450020FB
:107CE00008B50346034A044801210EF031FA00208A
:107CF00008BD00BFCDF50200F4C0020080B500AFA2
:107D000088B06A46074BC2E90530032342F8103FAA
:107D1000054800234FF4C251FAF7EAFC6FF00B005C
:107D2000BD4680BDF5F50200F4C00200044B1A68A0
:107D30000AB1FFF7E3BF034858600B601046704775
:107D4000C0450020DCCA020070B5044652EA0300B8
:107D50000AD013F041FF074D074ED5F8B850305800
:107D6000854204BF0022134620460431BDE870401E
:107D7000FFF766BBC04200200800000073B505464F
:107D800018462B680BB35B7B072B1ED1002A0E7A9B
:107D900014BF022301239E4209DD0D4A0D480096BF
:107DA00001210EF0DFF96FF0150002B070BDCB7A43
:107DB000072BF8D9C8618A6105F1300012F08AFA00
:107DC00028460FF0F5F90020EFE76FF07F00ECE7B1
:107DD0001CF60200F4C002002DE9F047D0F8B440D0
:107DE00000AF0E4691464CB1483C236B6BB104F199
:107DF000300A504612F083FA054660B9FDF722FBBF
:107E000000252846BD46BDE8F0872068B4300FF055
:107E1000EEF9A46CE7E70EF09CFD80B16C4688B0EB
:107E20006A462D4BC2E90535032342F8103F2B4823
:107E300000234FF4C251FAF75BFCA546E0E7284661
:107E40000EF0EDFBE36C0546B3B9A38CB0F81080DF
:107E5000403B9BB23F2B03D8238D984528BF9846C3
:107E6000042105F10C000EF022FCA0F80080A38C88
:107E7000438008F10403E364E36C2A8AB3420FD819
:107E8000934216D0A38C403B9BB23F2B21D9206854
:107E9000B4300FF0ACF9236B13B120460FF088F922
:107EA000E36CC9F800309E4234BF9E1B0026E66496
:107EB000A7E700220023504608F0BEFCFCF750F96B
:107EC000A38CA3F140023F2AE1D8054AAA61EB61E5
:107ED000DDE700221346F9E73CF60200F4C0020099
:107EE00041730200F7B5284D284F04460026BD42D5
:107EF00001D303B0F0BD298820460FF017FA6B6854
:107F0000019001A920469847002838DB019B2A8868
:107F10009A829A8403F11002BFF35B8F52E8001F2C
:107F200042E800600028F9D1BFF35B8F9E64DE64F5
:107F30009E60A16B03F1080219BBC4E90D221C600D
:107F4000DE6003F1300012F0B9F9019843681B6854
:107F500003B19847019BBFF35B8F103353E8001FB9
:107F600041F0010143E80012002AF7D1BFF35B8F13
:107F700001984368DB6913B100F110019847083597
:107F8000B5E70A60A263DAE72CC0020044C0020031
:107F900073B50D460646042105F10C000EF0A0FB5A
:107FA0002B8A42889A42044607D000921C4A1D48F8
:107FB00001210EF0D7F802B070BD43783BB91A4AE0
:107FC0001848012102B0BDE870400EF0B8B803783F
:107FD000012BF0D0132B06D1022AECD00223009300
:107FE0001346124AE3E7124A0E4802210EF0B0F897
:107FF00061783568022201200FF07DF904460028DF
:10800000D9D002210C300EF03BFB002303704370EB
:108010002146284602B0BDE870400FF09EB900BF6F
:1080200054F60200F4C0020075F6020096F6020053
:10803000C1F6020008B50B8A032B06D8044A05488E
:1080400001210EF07CF8002008BDFFF7A1FFFAE740
:10805000E9F60200F4C0020038B50B8A032B05468E
:108060000C4609D80F4A104801210EF068F8204646
:10807000BDE83840FCF774B8042104F10C000EF0A0
:108080002FFB418828460FF079F930B9074A064896
:108090000B4602210EF05CF8E9E7436821465B6974
:1080A0009847E4E707F70200F4C0020024F7020053
:1080B00070B5124B0C4619780131C9B2012938BF8D
:1080C000012105460822122019700FF014F9064606
:1080D00088B108210C300EF0D3FA22880280628821
:1080E0004280A2888280E288C28031462846BDE86C
:1080F00070400FF032B96FF00B0070BD386E002089
:1081000023281FD81A2804D8431E182B0ED906205E
:108110007047A0F11B03082B1ED8DFE803F0051DF4
:108120001B231D19251D0500032070470F4A01233D
:1081300083401A40C2B90E4A1A40002A14BF0120D7
:108140000620704700F07F03522B05D100207047B6
:10815000012070470520704710F0400F0CBF06202B
:10816000002070470420704702207047AAAA8A02A4
:10817000545545012DE9F84F074608460C46FBF7D4
:108180004FFFDFF8BC80E1681823434308EB03028C
:108190000646D2F808A0BFF35B8F786DBFF35B8F04
:1081A000C00709D4274A284801210FF014F96FF0BD
:1081B00015052846BDE8F88FE068007810710022A8
:1081C00048F803200B78D22B0FD13B682146186862
:1081D00010F0DEF9054640B11C4A1B4801210FF0A2
:1081E000FAF82046FBF7BCFFE3E704F10C000EF0C1
:1081F0008FFA182303FB0683B4F810B09F600023A6
:1082000081461A462146381DFFF7B8FD054600286D
:10821000CFD010F1690F04D10D4A0B4801210FF0A6
:10822000DAF86369A4F810B013FA89F3E36018234D
:108230005E4308EB060348F80650C3F808A0B8E709
:108240001046002060F70200A4C002007AF7020086
:108250008DF70200011F014811F040BF881900206E
:10826000024A034801210FF0B6B800BFB0F7020080
:10827000A4C0020010B500F150030446BFF35B8FA9
:1082800053E8001F41F0010143E80012002AF7D132
:10829000BFF35B8F201F0FF07DF904F174000449D8
:1082A00012F001F92068BDE8104002F07DBB00BF6C
:1082B0002193010070B503788AB004460E4607ADDD
:1082C000032B20D8DFE803F002191B1D11492846B3
:1082D000F7F7FDF9059563780493A3780393E378A2
:1082E00002932379019363790093A3790A4A1E21AB
:1082F00030460BF085FB0AB070BD0849E7E7084936
:10830000E5E70849E3E7084A0A2128460BF078FB2D
:10831000E0E700BF43E5020065E502004AE5020030
:1083200051E502005BE50200310003002DE9FF4149
:1083300005460E464FF000084FF4205300681768BA
:108340008DF8088002A91446ADF80A300EF043FA01
:10835000A0B142F6010328688DF80C8003A9ADF89E
:108360000E300EF038FA48B123691BB15A88B24278
:1083700000D25E80012004B0BDE8F0816168286809
:108380000EF029FA10B100232361F3E7E368A06837
:108390001A786AB1B7F81AC0798D038A8C4594BFF0
:1083A000C3EB0C03C3EB0103934201DA0020E2E7C5
:1083B00004210C300EF064F92061068023695E8090
:1083C000074B00930194A2680023294638460FF01A
:1083D0003DF90028EADB2069003818BF0120CAE710
:1083E000FB75020073B50E46438D418B8B4202F143
:1083F000010228BF0B469A42054609D91D48009242
:1084000002211D4A0DF0AEFE0024204602B070BDD0
:108410003046FFF775FE022812D0042810D013F062
:10842000DBFB164B1958164BD3F8B83099421FD0C6
:10843000144B1B685A1A18BF4FF0FF32134602E064
:108440004FF47022002310480021FFF77DFC044602
:108450000028DAD0FBF7E4FD0C4B182202FB0033B6
:10846000012104F10C009D600EF00AF90670CCE7C2
:108470000022E3E7A4C00200CDF7020008000000DC
:10848000C042002058460020C81A00201046002094
:10849000F0B51D4603680E46003987B0044618BF84
:1084A0000121186817460FF07BFE40B904F1540013
:1084B0000FF08CF9002846D0002007B0F0BD002D49
:1084C00043D018220021684613F086F96FB10022CC
:1084D00039462046FFF786FF019030B91C481D4AF7
:1084E00001210EF078FF1120E7E723681A4A1B6884
:1084F00000930023ADF812300C9B0393BDF8343089
:10850000ADF8103001238DF8143029466B4628460B
:108510008DF808600EF0C9FF9DF8143063B1002F8C
:10852000CAD00198FBF71CFE9DF814302A4631464C
:1085300020460FF05AF9BFE701990029BCD0204628
:108540000EF0BEFFB8E71220B7E70120B5E700BF85
:10855000A4C00200F2F70200397402002DE9F347CB
:1085600017680546894600685168D7F804A0144684
:108570000EF031F9804600284BD19522294650460D
:108580000FF09CFD0646207540B1E3681B780BB1E7
:1085900084F81480002002B0BDE8F08729465046D8
:1085A0000FF038FE10B908232375F3E7A06826758D
:1085B0000EF039F802210C300EF062F8164B2061F3
:1085C000A0F8009000930194A268334629463846EB
:1085D0000FF03CF8002807DA10F1FF0F26BF4042E9
:1085E000C0B20E202075D5E72369002BD2D0A06839
:1085F0000EF0D9FE7B8D7A8B9A4294BFC0EB0200BD
:10860000C0EB0300E3681B78984294BF0020012070
:10861000C1E70120BFE700BFB7730200F7B50B8ABF
:10862000076804460D463BB9284A294801210EF047
:10863000D2FE002003B0F0BD012105F10C000EF0C8
:108640004FF87B7B072B0646F3D154F8043C002BF4
:10865000EFD003781F48043C002210F832709F428C
:1086600000EBC2010FD12A8A48788F78904220D936
:108670001748009301211346174A0DF073FD012F8F
:10868000D7D104231EE001320C2AE6D11048134A48
:1086900002210DF05DFD31780846FFF731FD00281D
:1086A000C7D00528C5D00623002220460FF09DF82C
:1086B000BFE74B68204629469847012F0346B8D1AB
:1086C0000028B6D031780022EFE700BF0BF8020097
:1086D000A4C0020004CB020040F8020026F8020009
:1086E0002DE9F04F91B0166880460F46002542F6FE
:1086F00001030068D6F804908DF82C500BA914469D
:10870000ADF82E300EF067F8002870D04FF42053EB
:10871000D8F800008DF82C500BA9ADF82E300EF0D3
:108720005AF838B1A3681BB15A88BA4200D25F80A8
:1087300001200EE0616808460EF035FE728D738BE5
:108740009A4294BFC0EB0200C0EB0300032803D899
:10875000002011B0BDE8F08F08460DF064FF05461B
:1087600060680EF020FE728B738D05F10C0B9A423F
:1087700094BFC0EB020AC0EB030A58460DF0CCFFD1
:10878000824537D260680EF00EFE728D738B9A426E
:1087900094BFC0EB0200C0EB030070B96368987A25
:1087A000FBF736FC002200230DF00AFF05460028E7
:1087B000CED0014660680DF047FF00230093D8F843
:1087C0000460102302AA41464846B047061E0EDB4D
:1087D000227CE068B2422BD001460BA80EF029F8AB
:1087E00060B9237C144A154802210DF0B1FC002326
:1087F000A3609DE758460DF08FFFCEE7F2B202A9C5
:1088000006A80EF016F810B90D4A3346EBE706A994
:108810000BA80DF0E0FF0028E9D1002363740421C8
:1088200005F10C000DF02CFFA0600780A3687EE727
:1088300002A912F0D9FFEEE75FF80200A4C002001F
:108840007EF80200F8B54FF4702207460023114865
:108850000D460DF0B5FE044638B90F4A0F482B46B9
:1088600001210DF075FC2046F8BD00F10C06092130
:1088700030460DF0FAFE2046FBF7D2FB084B1822DB
:1088800002FB0033012130469F600DF0F9FE0570B8
:10889000E9E700BFC81A0020CDF50200A4C002001D
:1088A000104600202DE9F0410E8A043EF6B2022E59
:1088B00004468CB0084601D0102E64D104210C303F
:1088C0000DF00EFF0DF1080805884788011D32469E
:1088D00040460DF0AEFF002857D09DB3002687B369
:1088E000AF422FD34FF4205301A940468DF80460C6
:1088F000ADF806300DF06FFF40BB1422002107A831
:1089000012F06AFF11212046FFF79CFF0990002812
:1089100037D001210C30CDE907480DF0B1FE00231E
:108920000A901B4A037039460B93284607AB0EF09A
:10893000BCFD0A9B1B78FBB90998FBF711FC0A23C5
:1089400001E03D4601232A4610210EE042F60103D4
:1089500007A940468DF81C60ADF81E300DF03BFFB6
:108960000028CAD010232A46194620460EF03DFFA3
:1089700000200CB0BDE8F081099920460EF0A0FD62
:10898000F6E71120F5E70420F3E70E20F1E700BF3A
:108990002D8301002DE9F043036885B004460D46A0
:1089A000186801210FF0FCFB40B904F154000EF0EF
:1089B0000DFFB0BB122005B0BDE8F08310220021EE
:1089C000684612F009FF21212046FFF73BFF029085
:1089D00048B3DFF85890009405F10C074FF00108F8
:1089E0002B8A012B04D8029920460EF069FD18E06D
:1089F00038460DF085FE6B464A46014606468DF820
:108A00000C800EF052FD9DF80C30002BE8D002983F
:108A1000FBF7A6FB9DF80C303246202120460EF0D5
:108A2000E4FE0020C7E71120C5E700BFD9780200A7
:108A30002DE9F043036885B004460D46186801210E
:108A40000FF0AEFB40B904F154000EF0BFFEB0BB16
:108A5000122005B0BDE8F08310220021684612F014
:108A6000BBFE0F212046FFF7EDFE029048B3DFF872
:108A70005890009405F10C074FF001082B8A012B48
:108A800004D8029920460EF01BFD18E038460DF080
:108A900037FE6B464A46014606468DF80C800EF0BE
:108AA00004FD9DF80C30002BE8D00298FBF758FB32
:108AB0009DF80C3032460E2120460EF096FE002026
:108AC000C7E71120C5E700BF79780200F0B51D4661
:108AD000036885B004460E461868012117460FF05A
:108AE0005FFB38B904F154000EF070FE48BB122051
:108AF00005B0F0BD65B310220021684612F06CFE8F
:108B000039462046FFF79EFE029018B3BDF8283084
:108B1000ADF8043001238DF80C300F4A00946B46F9
:108B2000294628460EF0C1FC9DF80C305BB1029836
:108B3000FBF716FB9DF80C302A46314620460EF016
:108B400054FE0020D4E7029920460EF0B9FCF8E765
:108B50000120CDE71120CBE7797802002DE9F04123
:108B60000E8A043EF6B2022E04468CB0084601D0AE
:108B7000102E76D104210C300DF0B2FD0DF1040859
:108B800005884788011D324640460DF052FE0028F8
:108B900069D085B377B3BD422DD8606801210FF04D
:108BA000FFFA064678BB8DF8000042F602036946DC
:108BB0004046ADF802300DF00EFE20B342F603033E
:108BC00006A940468DF81860ADF81A300DF003FE86
:108BD000C8B1012D03D14FF6FF739F4213D004F1AA
:108BE00054000EF0F3FD002814BF002012200CB03A
:108BF000BDE8F0813D4601232A46082120460EF0BB
:108C0000F4FD0020F3E7182200210DEB020012F022
:108C1000E3FD09212046FFF715FE0890F8B1012178
:108C20000C30CDE906480DF02BFD002309900370B0
:108C30000A238DF82C300D4A06AB394628460EF033
:108C400034FC9DF82C302BB10898FBF789FA9DF87D
:108C50002C30D1E7089920460EF032FCD1E71120E4
:108C6000C5E70420C3E70E20C1E700BF5D85010012
:108C70002DE9F0430F4687B00446062107F10C00AA
:108C80000DF02EFD0588B0F802808288D7F80C9090
:108C9000C5B10023B8F1000F13D0454512D88DF8A7
:108CA00000308DF8043001A94FF420536846ADF828
:108CB0000220ADF806300DF08EFD064660B10A23A5
:108CC00001E0454601232A46062120460EF08DFD8F
:108CD000002007B0BDE8F0830146142201A83F7CC4
:108CE00012F07AFD07212046FFF7ACFD0290D8B1C3
:108CF0000A238DF815300D4A019401AB41462846F0
:108D0000CDE903698DF814700EF0CFFB9DF8153096
:108D10002BB10298FBF724FA9DF81530D3E702999E
:108D200020460EF0CDFBD3E71120D2E7E18601000B
:108D30007FB5CB681D885E88044685B176B1B542A3
:108D40000DD810220021684612F046FD052120466C
:108D5000FFF778FD019058B9112007E0354601234F
:108D60002A46042120460EF040FD002004B070BDCC
:108D70006B46094A0094314628460EF096FB029B4A
:108D800023B90198FBF7ECF90A23E9E7019920469A
:108D90000EF096FBE9E700BFDD7402002DE9F0411B
:108DA00082B000AF044688463E4800220023394680
:108DB00007F078FB0546B0B16D4688B06A463A4B7D
:108DC000C2E90534032342F8103F384800234FF42A
:108DD000C251F9F78DFCAD466FF00B0630460837EF
:108DE000BD46BDE8F08112F0F7FE314B3E681A58DF
:108DF000304B29461A60301D282212F0EDFC3460F9
:108E00003C682D487D60C4E90155C4E9095500223C
:108E10000023391D07F046FB064688B123686C46DF
:108E200088B06A462549C2E90513032342F8103F7A
:108E30001E482B464FF4C451F9F75AFCA546CBE720
:108E40007B680146B022184612F0C6FC1C4A8260BC
:108E50005C3011F033FA7B68BFF35B8F543353E817
:108E6000002F43E800610029F9D1BFF35B8F7B68D5
:108E70001C60636A7D681BB904F10C0011F01EFAD6
:108E8000626AC5F8A820A26A05F1A803636202B964
:108E9000A3627B6817225A855A830433C8F80030CE
:108EA0009CE700BF6C1900209DF80200A4C00200DE
:108EB000080000005846002088190020C2F802006F
:108EC000E816002008B5437B072B06D00C4A022188
:108ED0000C480EF080FA002008BD04210EF04EFA76
:108EE00010B9094A0121F3E7BFF35B8F036DBFF3AC
:108EF0005B8FDB0701D4054AF4E750F8040CEBE77D
:108F0000E7F80200A4C00200F5F8020060F70200D2
:108F10002DE9F14F0546FBF783F83D49182202FB86
:108F200000F3C81851F803800779B0F80690D0F81C
:108F300010A00021D0E9024612F04EFCA87AFBF7FF
:108F400067F86969834651B16B7AD80705D4DBF8B5
:108F500024301B6828469B68984700236B6129468C
:108F6000584611F0C2F9002F45D0002C43D0236899
:108F7000002B40D01B68002B3DD0B8F1000F08D06B
:108F8000244A25484346012101B0BDE8F04F0DF0C9
:108F9000DFB8201D0EF022FD3846FFF7B1F8052896
:108FA00029D8DFE800F01E03281E2803BFF35B8FDB
:108FB000636DBFF35B8FDA0707D4184A16480121A7
:108FC00001B0BDE8F04F0EF006BAA36D9BB14FF4AF
:108FD0007022002304F1780001B0BDE8F04F07F0E3
:108FE00013BF23681D68BFF35B8F636DBFF35B8F97
:108FF000DB07E2D556B901B0BDE8F08F51462846EF
:10900000B0470134A3B29945F8D8F4E70024F9E752
:109010001046002010F90200A4C0020060F7020010
:10902000F8B50F461646FFF74DFFB0B1446A20462B
:109030001CB150F8A84904B1A83C731C194638B1BA
:10904000428D458BAA4228BF2A469A4207D264B96C
:109050000A4A0B4802210DF07BF80020F8BD324689
:109060003946BDE8F840FFF7BDB9D4F8A85005B1BE
:10907000A83D20460B462C46E2E700BF2FF9020030
:10908000A4C0020007B50B460246002112F0A4FD61
:1090900001910F4909580F480068884204D00E48D2
:1090A000D0F8B800884201D10022134601A90B482C
:1090B00007F0F8F9014648B9019B1C22184612F046
:1090C0008BFB0346184603B05DF804FB0023F9E769
:1090D0000800000058460020C0420020A4190020CB
:1090E00010B50446806818B1FBF73AF80023A36076
:1090F00021460248BDE8104010F0F0BFA41900203E
:109100002DE9F347044678300E4617461D4611F008
:10911000D6F9A06D58B91848184A02210EF05BF92B
:10912000204600F0DDF8002002B0BDE8F087144BC7
:1091300098424FF0000805D12068C4F858800EF01E
:1091400082FCF0E7D0F80490C0F80480A06DD0F85D
:1091500018A0FFF7C5FF2068C4F858800EF073FC14
:10916000B9F1000FDFD02068CDF800A000683B46C1
:1091700032462946C847D6E7A4C002004AF9020091
:109180005C46002070B5054650F8043C55F804696B
:109190000446002B3AD039B1436D002B36D01B7CEE
:1091A000DA0733D505231BE0304601F065FC737AFE
:1091B000012B2BD0646D4CB3237CDB0726D5E368F1
:1091C000002BEFD06269617C2846FFF70BF9064659
:1091D00068B9637C0E4A0F4801210CF0B9FF0E23D9
:1091E000002228461146BDE87040FFF789BFD4E948
:1091F0000512E368984718B13046FAF7B1FFEEE779
:1092000031462846FEF7B6FF0028F5D170BD00BFF5
:1092100061F90200A4C00200F7B550F8044C0546FD
:10922000002C59D000F1A40104F124000EF0B5FA8D
:109230002E1F05F1580700220023384607F0FCFADC
:10924000024678BB6B6D2BB101466FF06703304669
:10925000FFF756FF002345F8043C05F15003BFF328
:109260005B8F53E8001F21F0010143E80012002A40
:10927000F7D1BFF35B8F636A73BB04F10C06002266
:109280000023304607F0D8FA78B9666886B91348E3
:109290002660214610F022FF286803B0BDE8F040A8
:1092A00001F02CBCFAF75CFFC5E7FAF759FFE6E7D7
:1092B000A26833686360964208BFA36077683FB1D5
:1092C000B3690093002320681A466FF06701B8471E
:1092D0003046FFF705FFD8E703B0F0BD6C1900205A
:1092E00030B5054689B055F8043B044618680DF0C2
:1092F0002FFF6946FEF7DEFF2846FFF78DFF606807
:1093000013210DF093FE034620B1034A03480121C7
:109310000CF01EFF09B030BD81F90200A4C00200AC
:10932000B0B5044688B054F8783D00AF18680DF029
:109330000FFF3946FEF7BEFF6D4688B06A460B4BFD
:10934000C2E905374FF400739383094B42F8103F8D
:1093500000234FF4E2510748F9F7CAF92046AD4619
:10936000FFF7BEFF2037BD46B0BD00BF9FF902002A
:1093700003000001A4C00200F8B51D460F461646C2
:10938000FAF74EFE044C182303FB0040C0E90376B5
:109390000123C3800575F8BD1046002008B511F003
:1093A00054FD38B10346044A044801210EF033FC51
:1093B0006FF0040008BD00BFD2F90200D4C0020063
:1093C00010B50849144618461022A047041E07DAB3
:1093D000054A0648234601210EF01DFC204610BD1B
:1093E0000024FBE708350020E8F90200D4C00200A1
:1093F00070B50D4C2378834206460D4604D1611C9E
:1094000028460EF05DFC58B9237CB3420AD10749C7
:1094100028460EF055FC10B1012004EB001070BD81
:109420000020FAE70020FAE790460020A14600203D
:1094300070B50D4C2378834206460D4604D1611C5D
:1094400028460EF03DFC58B9237BB3420AD10749A8
:1094500028460EF035FC0028054808BF002070BDE6
:109460002046FCE70020FAE7B0340020BD3400209D
:10947000BC34002070B50D4C2378834205460E465F
:1094800003D1601C0EF01CFC60B9237BAB420BD1F6
:10949000074831460EF014FC18B101200C2303FBE1
:1094A000004070BD0020F9E70020FAE7BA50002024
:1094B000C750002070B5204B144682689A420FD1E5
:1094C000A568C66875B92279216830460EF000FC9F
:1094D000024628B1194901300EF027FC157015819C
:1094E000012070BDE0680028FBD02B888B420AD099
:1094F000F6D2E068A36801380433E0600038A36066
:1095000018BF0120EDE725682279294630460EF084
:10951000DFFB024660B9094930460EF0D9FB02462E
:109520000028E6D0294601300EF0FFFB23791370A6
:10953000A3685B881381DCE7E59A010030E502004F
:1095400010B507481021FBF70FF8034630B1BDE80E
:109550001040044A044801210EF05DBB10BD00BF5D
:10956000F834002009FA0200D4C0020070B5144D8E
:10957000064640B115F8011C2A466C1E0DF0C8FDC8
:1095800098B120460CE00F4928460EF099FB40B9EF
:109590000C4905F110000EF093FB20B105F10F000E
:1095A00070BD681EFCE70020FAE7217C04F111027F
:1095B00030460DF0ADFD0028F5D004F11000EFE7C6
:1095C0009146002030E5020010B54A1C0C4638B127
:1095D00009780DF09DFD08B1204610BD0020FCE784
:1095E000024910460EF06CFBF5E700BF30E50200C3
:1095F0002DE9F04106460F4690460DF060FA50B353
:1096000039463046FFF714FF054698B913480EF067
:1096100093FB0446E8B112480EF08EFB50B9114D91
:1096200001240C235C43104A601C394610440EF0A0
:109630007CFB1655012101FA08F105F108000EF036
:1096400056FBBDE8F04109484FF40042002307F003
:10965000DBBB054DE5E7BDE8F08100BFB834002075
:10966000C4340020BC340020B0340020C8340020B2
:1096700010B501460246042311F8010B0832FAF72F
:1096800031FF034630B1BDE81040034A03480121D1
:109690000EF0C1BA10BD00BF2FFA0200D4C0020004
:1096A0002DE9F04180460F4616461D46FFF7E2FEC3
:1096B000044680B91549FFF7DDFE044630B9BDE820
:1096C000F041134A134801210EF03CBB00F8018B16
:1096D00039460EF02AFB228963896AB973B926815B
:1096E0006581214611F8010B0DF0E9F940B12046E2
:1096F000BDE8F041FFF7BCBF964203D39D42EFD8CF
:10970000BDE8F0819D422681EBD9E9E730E5020012
:109710004BFA0200D4C0020008B5034A03480121F5
:109720000EF010FB002008BD6AFA0200D4C002004F
:1097300038B50F4B144682689A420D4615D12279EE
:109740002168C0680EF0C4FA78B1D4F8C8302F2B65
:1097500003D9BDE83840FFF7DFBF04EB83020133D4
:10976000158101895181C4F8C830012038BD00BF7E
:10977000E59A010008B5044A044801210EF0E2FA16
:109780006FF0150008BD00BFBEFA0200D4C0020091
:109790001FB51046074A19464FF42813CDE9022396
:1097A00008230093BDF818206B440EF0E5FA05B0CD
:1097B0005DF804FB1800280038B5094B154682688F
:1097C0009A420AD1C4682968013420460EF078FA1A
:1097D00018B1696820460EF0A8FA012038BD00BF14
:1097E000E59A010008B513468168074A914209D1FC
:1097F0001A791968C0680EF06BFA18B1002303607B
:1098000043600381012008BDE59A010002484FF43E
:10981000A472002307F0F8BA9035002008B504219F
:1098200008480EF064FA07486FF002010EF06EFA75
:1098300004480EF081FAC30701D5FFF7E7FF0020C7
:1098400008BD00BFC0350020024608B508490130F8
:109850000EF06BFA002313720C32BFF35B8F52E8E9
:10986000001F42E800300028F9D1BFF35B8F08BD2C
:1098700030E5020010B5FFF7FDFD044678B1014662
:1098800011F8010BFAF73CFE034620B1054A0648E1
:1098900001210EF0C0F9002323606360A360002063
:1098A00010BD00BFCAFA0200D4C0020070B500F1BA
:1098B000700605463146007A0DF001F9044631463E
:1098C000287A54B1FFF7D6FF034660B1BDE8704077
:1098D000054A064801210EF09EB9FFF7CBFD10B1F5
:1098E00004604460846070BDE7FA0200D4C00200E6
:1098F00037B504460D46FFF77BFD0246C0B1037A3B
:109900008DF804300C300EF017FA00F001008DF8DD
:109910000500022301AA29462046FAF7F9FD03466D
:1099200020B1044A044801210EF075F903B030BD9E
:109930000346F0E7FDFA0200D4C002002DE9F0432F
:1099400085B00E4600AF90469946044658B9354A50
:10995000354801210EF0F6F96FF015052846143749
:10996000BD46BDE8F08307F108010CF00EFF054687
:1099700098B16D4688B06A462C4BC2E905344FF465
:10998000007393832A4B42F8103F274800234FF47B
:10999000E251F8F7ADFEAD46DEE7391D20460CF08A
:1099A000CDFC786858B10A2229460AF055F80346DA
:1099B00028B1204A1C4801210EF02DF9CCE707F10F
:1099C00008010020FFF756FD044620BB002EC5D03D
:1099D0001949FFF74FFD044638B9184A12480121CA
:1099E0000EF0B0F96FF00B05B8E7002300F8013B6B
:1099F00007F108010EF099F904F108010422484624
:109A0000C047041EAADA0E4A0748234601210EF079
:109A100002F92546A2E7002EEED106604660866078
:109A20009CE700BFA0E50200D4C0020026FB0200B4
:109A30000300000142FB020030E502005DFB020072
:109A4000E8F902002DE9F041234B154682689A425D
:109A5000074602D1C468638933BB0120BDE8F081A9
:109A6000FDF794FBE36800216181002BF5D03846B7
:109A70009847F2E705F17008287A41460DF01FF883
:109A800068B9164B9C4202D12846FFF70FFF1449D4
:109A900030460EF04AF9002323702381E2E7414665
:109AA00030460EF042F9DDE72389002BDAD0264656
:109AB000284616F8011B32460DF02AFB0028D9D1A2
:109AC00020783146FDF7A4FF0028CBD0437B072B3D
:109AD000C6D1FDF75BFBC0E7E59A0100381700200F
:109AE00030E502002DE9F0471F46BDF82030D1F8DF
:109AF0000C9006468846002B4ED17B1E012B4ED87B
:109B0000012F4946157818BF1588FFF75DFD0446FB
:109B1000B8B915B93846BDE8F0874946FFF754FD96
:109B2000044638B91F48204A02210EF00BF96FF0A5
:109B30001000F0E706F1700101300EF0F6F8337A0C
:109B40002370D9F81030DBB9B4F808A02581B9F832
:109B50000A30AB4203D0494640460EF0F5F8AA451C
:109B600005D0307A002206F17001FFF741FD002D8B
:109B7000D0D10E49601C0EF0D8F825702581C9E7B8
:109B80002A464146304698470028C4DB0138012860
:109B9000DAD96FF00D00BEE76FF00600BBE76FF09B
:109BA0000C00B8E7D4C002007FFB020030E50200E1
:109BB00008B5124801210EF09AF810F0010F104B71
:109BC0000AD1104A9A610D480EF0B6F8830713D4F3
:109BD000BDE80840FFF71ABE1A8B588B012A4FF6D2
:109BE000FF7205D8904207D04FF6FF725A83EAE71A
:109BF00090421983E7D0F7E708BD00BFC0350020C9
:109C0000703500200100FFFF10B5104C10492046B0
:109C10000EF056F8014638B9601E0EF049F914F8F6
:109C2000010C2146FFF764FE09490A480EF048F886
:109C3000014650B908480EF03BF9084BBDE810400A
:109C4000187C03F11101FFF753BE10BD91460020AF
:109C500030E50200A1460020A046002090460020EA
:109C60002DE9F0411F46BDF81830012B06469046FD
:109C700035D83B44012B3D4634DCFFF777FC0446E6
:109C800068B9FFF773FC044648B9194A194802211C
:109C90000EF058F86FF010052846BDE8F08197B136
:109CA000217A98F80020002321FA03F0C70703D592
:109CB00022FA03F0C00718D50133032BF4D102F0C8
:109CC00007021143217206F17001601C0EF02DF89D
:109CD000337A2370012120460EF0FAF8DCE76FF0AA
:109CE0000605D9E76FF00C05D6E76FF01205D3E74C
:109CF00099FB0200D4C0020010B56FF002010446C7
:109D00000E480EF003F80D480EF016F8C20704D501
:109D10000B480022002307F077F820460DF033FFB0
:109D200058B12046FFF722FC38B1037ADB0704D58F
:109D3000BDE8104001210EF0CBB810BDC0350020A9
:109D4000903500202DE9F04385B0894600AF1646D6
:109D50009846044658B9424A424801210DF0F2FFA4
:109D60006FF0150528461437BD46BDE8F08307F1AE
:109D700008010CF00AFD054698B16D4688B06A46A8
:109D8000394BC2E905344FF400739383374B42F8E3
:109D9000103F344800234FF4E251F8F7A9FCAD46D8
:109DA000DEE7391D20460CF0C9FA786858B10A225E
:109DB000294609F051FE034628B12D4A29480121C0
:109DC0000DF029FFCCE707F108010020FFF710FB99
:109DD000044690B9FFF7CAFB044638B9254A214822
:109DE00001210DF0AFFF6FF00B05BBE7002300F87A
:109DF000013B07F108010DF098FFB9F1000F2AD0DF
:109E0000022239464046B047061E07DA1A4A15486C
:109E1000334601210DF0FFFE3546A3E73B78237260
:109E2000022E09D0154A0F4802210DF08BFF0021A8
:109E300020460EF04DF895E77B78012B05D9104AA6
:109E4000084831460DF0E7FEF1E703F00101204636
:109E50000EF02EF886E72046FFF7F6FC82E700BFFB
:109E6000A0E50200D4C0020026FB020003000001AE
:109E700042FB0200C5FB0200E8F90200E7FB02001A
:109E80003BFC020010B51B4801210DF030FFC30759
:109E90002ED4022117480DF02AFF084007D1164999
:109EA000164A0B88164CA2421CD300B10B801549F0
:109EB000154810F0F8FA4FF4A47200231248FAF78C
:109EC000E1FB1249124810F0EEFA022111480DF0A0
:109ED0000EFF1148114910F0E6FABDE81040104895
:109EE000FDF7C4BE506803449BB208320120DAE794
:109EF00010BD00BFB0460020D250002084C0020038
:109F00009CC00200058002001835002011A7010046
:109F100090350020C0350020C83400209D8002000C
:109F2000101700202DE9F041034648B1008A38B9E6
:109F30001249DFF84CE001244FF0140C714501D3B5
:109F4000BDE8F081D1E90076BB4204D30CFB067278
:109F5000143A93420ED93444A2B208311446EDE7C4
:109F60000CFB0578434507D001356219B54292B222
:109F7000F6D1F2E70025F8E71046E1E784C00200D9
:109F80009CC002002DE9F74FBDF830500091994672
:109F90004FF6FF73002D08BF1D46244B1B888342DC
:109FA000074690463CD203B0BDE8F08F7368234467
:109FB000BB4232D29CB208361D4B9E42F6D3F2E72A
:109FC0008958019340460CF006FC019B90B1013486
:109FD0000AF1010AA4B273685345ECD9009B9C4274
:109FE000E1D8BC423168F2D30BFB0AF28B18B8F10E
:109FF000000FE5D1B9F1000F0BD1013DADB218460C
:10A000000E9A0D9B21469847002DCCD00028DED11A
:10A01000C9E7DA689145DAD1EFE74FF0000ADAE7ED
:10A02000044E01244FF0140BC6E700BFD2500020AD
:10A030009CC0020084C0020010B51822E4B00021C8
:10A040000DEB0200CDE90111CDE9031111F0C4FBC4
:10A050004FF41053ADF81430254C8023ADF8163072
:10A060004FF48063CDE90734102262AB01A905A843
:10A0700008F0E8FA034630B11E4A1F4801210DF0EE
:10A08000CAFD64B010BD01464FF4AC720CA811F0CB
:10A09000A3FB629922460CA810F0D4FE034608B137
:10A0A000164AEAE7164A0CAB4FF6FF7101200DF095
:10A0B0009EFF144905AB10220CA810F0DAFE0446EE
:10A0C000629808F07DFA14B10F4A2346D5E70D4B8C
:10A0D000214603F110020131187812F8014D03F8FE
:10A0E000014B08291070F6D108480DF000FEC8E7B2
:10A0F0000002C0038CFC0200D4C00200B5FC0200C8
:10A100001B7C0200F8340020D3FC0200C035002084
:10A110002DE9F0411849BDF818700446A1F130004E
:10A1200015461E4610F0DEF914480DF005FE010735
:10A1300005D4FFF781FFFFF767FDFFF701FA20461F
:10A14000FFF714FA68B1037ADA070AD500F10C04B4
:10A1500020460DF0F1FDC30703D4022120460DF087
:10A16000C6FD102306933A4631462846044BBDE807
:10A17000F0410DF001BE00BF48350020C035002081
:10A18000F834002010B51A480DF0D6FDC0F3C00019
:10A1900080F0010408B9FFF74FFF15480DF0CCFD22
:10A1A000034613480DF0C8FDDA061FD5830606D511
:10A1B000E4B1FFF729FDBDE81040FFF7C1B9202148
:10A1C0000B480DF094FD0B491022881811F00CFB80
:10A1D00048B9094810F073F9BDE8104004486FF021
:10A1E00001010DF093BDFFF7E3FCE2E710BD00BFF6
:10A1F000C0350020F83400209035002008B510212B
:10A2000003480DF074FDFFF7BDFF002008BD00BF3F
:10A21000C03500202DE9F04FB9B000AF0C46904694
:10A220003749D7F808013A4699460CF063F838B92F
:10A23000FFF7A0FA05462846E437BD46BDE8F08F93
:10A240003E68391D30460CF079F83EB92D4A2E484B
:10A2500001210DF077FD6FF015043EE07868F8B944
:10A2600007F1080A4FF0000B5146304687F814B04A
:10A270000CF08BFA054600B36C4688B06A46234B57
:10A28000C2E905364FF400739383214B42F8103F27
:10A290001D485B464FF4E251F8F72AFAA546DAE783
:10A2A0000A22002109F0D8FB03460028D8D0194A19
:10A2B000154801210DF0AFFCCDE7C7F810A0E4B1BF
:10A2C000C02207F120014846C047041E07DA124A9F
:10A2D0000D48234601210DF09EFC2546ABE7A4085E
:10A2E00007F12003C7E906340C4A07F110034FF6C3
:10A2F000FF7101200DF07BFE9DE72346F2E700BFD2
:10A30000E9FC0200A0E50200D4C0020026FB020026
:10A310000300000142FB0200E8F90200B5940100CD
:10A3200030B5B5B0002301918DF8080033930E4A83
:10A3300001AB04460D4601204FF6FF710DF057FEAC
:10A34000339B73B19B0003AA29462046FAF7F6F81F
:10A35000034620B1054A064801210DF05CFC35B0EA
:10A3600030BD1A46F0E700BF31970100F0FC020053
:10A37000D4C002002DE9F34100F17008CDE90012CC
:10A3800004460F46007A414616460CF098FB0F4AE9
:10A3900005466B464FF6FF7101200DF028FE1DB1FA
:10A3A000207A4146FFF7BCFF207A3946FFF720F8B4
:10A3B00040B1314601300DF0B8FC1DB1207A414664
:10A3C000FFF796FA02B0BDE8F08100BFB99701002F
:10A3D00007B500230193FFF7A5FD411C89B208468C
:10A3E000034A01AB0DF003FE019803B05DF804FBD6
:10A3F000D77B02002DE9F04387B0437B072B02AFE8
:10A4000080460C46164640F0A58000233B7342F67A
:10A4100003032068FB8107F10C010CF0DCF9054611
:10A42000002834D1D4F80490B9F1000F05D14C4A7A
:10A430004C4801210DF086FC8CE00123009007F1CF
:10A4400008022146C847031E11DA6E4688B002AAE8
:10A450004549D3610423C2E9051442F8103F41483D
:10A460002B464FF40151F8F743F9B54672E0012B42
:10A4700005D03E4A3B4801210DF0CDFB6AE03B7A16
:10A4800013F0300F66D02046FFF7A2FF04460023EA
:10A4900020683B7342F60213FB8107F10C010CF0BC
:10A4A0009AF918B12046FFF793FF0446002542F6BB
:10A4B000021920683D703946A7F802900CF08BF91C
:10A4C00010BB002320683B7342F60213FB8107F1A7
:10A4D0000C010CF080F9054600283BD1D4F804901B
:10A4E000B9F1000FA3D00090022307F10C0221461E
:10A4F0004046C847031EA8DB022BBAD1BB891E42C7
:10A5000014BF0120002026E020683D7142F60303BD
:10A51000391DFB800CF05FF90028D2D04FF4205396
:10A5200020683D727B8107F108010CF054F9002886
:10A53000C7D042F6010320683D73FB8107F10C018F
:10A540000CF049F90028BCD02046FFF741FF044633
:10A550000028AED100201437BD46BDE8F08300BF0F
:10A560000EFD0200D4C0020022FD020048FD0200E0
:10A570002DE9F843154689469422696806460DF090
:10A580009DFD8046002842D1696802223046FFF7CF
:10A5900031FF00283ED04FF470200021AF8AFEF733
:10A5A00071FD0237044680B11C4B47611D21417487
:10A5B000C0F80C80436085613A463046FEF730FDB6
:10A5C000074638B92046FEF78BFD6FF00B0528468D
:10A5D000BDE8F883012342464146FEF7CDFEA98A35
:10A5E00007F10C0002310CF04BF820F8029BAA8A0C
:10A5F000296911F0C9F8A760214630460DF0A6FA86
:10A6000005460028E3D02046FEF76AFDDFE74FF05D
:10A61000FF35DCE76FF01505D9E700BFDD7B0200F1
:10A6200030B504468BB037480DF086FB42070D4627
:10A6300061D514B1637B072B60D168680590FFF783
:10A6400071FC2A68ADF818003AB305A902912E49A9
:10A6500001910121002300914FF6FF710593FFF74F
:10A6600091FC059B1BB96FF001000BB030BD6B6016
:10A67000059B186800238DF8103004A942F60303E7
:10A68000ADF812300CF0A7F870B90598C3689B7943
:10A690009B0605D46FF01500E7E70028E8D1E2E754
:10A6A0000DF05EFCADF81800BDF818003CB10123B8
:10A6B0000146AB752A462046FFF75AFFD5E76FF0F3
:10A6C0007F0307930223ADF8203042F60213ADF862
:10A6D000123005ABAC7502930C4B01930123009330
:10A6E00004AA23464FF6FF7109958DF81040FFF735
:10A6F00049FC0798B9E76FF00A00B6E76FF07F00F2
:10A70000B3E700BFBC1400200B7C02008DA8010041
:10A7100073B500F13005044650F8083C0193A0F1F0
:10A7200020066FF0010128460DF0F0FA0D4B44F8B9
:10A730001C3C0D4B44F8183C01AB002044F8103C85
:10A74000042324F8080C24F8060C24F80C3C3146A9
:10A75000FFF766FF18B9022128460DF0C8FA02B0CB
:10A7600070BD00BFA0CB0200F99C01002DE9F843A9
:10A770003D4B1468904682689A4200AF054620D14E
:10A78000C6683389721CE3B1317820460CF0C0FCF6
:10A79000B8B14FF49572294620460DF08FFC30B3C6
:10A7A000032812D16C4688B06A46304BC2E90535A1
:10A7B00042F8100F2E4800234FF4C451F7F798FFCA
:10A7C000A5460120BD46BDE8F883052820460CBFFC
:10A7D0004FF003094FF002090CF094FC814506D9B3
:10A7E00098F804304B45ECD288F80490E9E73146FC
:10A7F00028460DF0A9FA1F4B9E42E2D1207A04F1BF
:10A800007001FEF737FE05460028DAD0038913B938
:10A810004389002BD5D02046FCF706FE164A2B892B
:10A8200022F8203002EB8003698959801349144DC6
:10A83000182303FB001300B202EB800200EB400080
:10A840005D601A610F4D9D60042201EBC00120463E
:10A850009A82FFF7E5FE0028B3D00B4A0448012195
:10A860000DF070FAADE700BFE59A010061FD02004E
:10A87000D4C0020038170020B650002078460020CF
:10A88000A0CB0200ED7E020075FD02002DE9F84329
:10A89000414B144682689A42074603D00127384646
:10A8A000BDE8F883C6683D4B9E4211D03289A3892A
:10A8B0009A4206F10101F1D13078FDF7A9F8054679
:10A8C0000028EBD0437B072B26D0FCF75FFCE5E7A5
:10A8D000334DDFF8D0904FF00008494628460DF080
:10A8E000EFF978B915F8010C07222946FDF7E2F8CF
:10A8F00078B9236915F8010C1A692946538812881A
:10A90000FEF7CEFE0C35B8F1000FCFD14FF00108A5
:10A91000E3E7FCF73BFCF5E7736923B13946984759
:10A9200008B92846D1E73946942228460DF0C6FBDF
:10A9300007460028F5D1A389022B14D1338913F0DF
:10A94000020604D12846FCF721FCA660A6E722698E
:10A95000A1882846FFF70CFE0646A8B92269937D18
:10A9600001339375EEE7012B04D02846FCF70EFC6B
:10A97000A76093E7338913F00106E3D02269A18829
:10A9800028460DF0D6FB06462846FCF7FFFB002EB6
:10A99000A66084DB82E700BFE59A0100381700203B
:10A9A000BB50002030E5020070B58EB000F170059C
:10A9B000044603900123007A8DF8103029460CF0EC
:10A9C0007EF890B1227A52B302AE042130460AF0EA
:10A9D0007CFF0096134A242105A82B46F9F7D2FCE8
:10A9E00005AA11491046F8F75BFA4FF6FF710F4AB6
:10A9F00003AB01200DF0FBFA20460CF083FB9DF821
:10AA00001010884209D220460CF047FB034620B1C3
:10AA1000074A084802210DF0FEF80EB070BD009202
:10AA2000D8E700BFECFC020015A201006DA70100F1
:10AA300092FD0200D4C00200F8B50E4B1B6805461B
:10AA40000E461746A3B11C6804B1043C53F8043CFD
:10AA50001BB13A463146284698474CB123466468B4
:10AA60001B681CB1043C002BF3D1F7E7002BF0D19D
:10AA7000F8BD00BFB446002013B50A4A0090044652
:10AA80004FF6FF7101206B468DF804000DF0AFFA10
:10AA9000002120460DF084FB08B9FFF789F802B0C9
:10AAA00010BD00BF6DA7010037B5134A00910446E1
:10AAB0000D468DF804006B464FF6FF7101200DF036
:10AAC00096FA29462046F9F747FD002812DB294669
:10AAD0002046FEF7CFFE00280CDB29462046FEF775
:10AAE00087FC08B1FEF7B0FE29462046F9F71EFDA7
:10AAF00000EAE07003B030BDE597010073B504468D
:10AB000003461A4A4FF6FF71012004F170060DF05A
:10AB10006EFA207A31460DF087FA207A31460BF032
:10AB2000CEFF50B1237A8DF80430114A00966B465F
:10AB30004FF6FF7101200DF05AFA2046FEF716FD80
:10AB4000054688B1207A31460BF0B9FF28B928466E
:10AB500002B0BDE87040FEF777BE3146681C02B017
:10AB6000BDE870400DF0E1B802B070BD459A01003B
:10AB7000E597010008B5054B014618460DF052FB5C
:10AB8000043B002814BF1846002008BDCC35002027
:10AB900010B50C4A11680C4ABFF35B8F00F5B8730F
:10ABA00053E8004F944204D143E8001CBCF1000F6D
:10ABB000F6D1BFF35B8FBFF35B8FD0F87001BFF3AB
:10ABC0005B8F10BDBC450020C835002008B5FFF7DD
:10ABD000DFFF0346C8B1D0E9001221B9002A0CBF3B
:10ABE0000320022010E032B1836813B9094B1B78AF
:10ABF00033B9042008E00749087828B19B6833B9C5
:10AC0000003A18BF0122500008BD0320FCE70120D4
:10AC1000FAE700BF396E002008B5034A0348012156
:10AC20000DF0FEFA002008BDDAFD02001CC1020092
:10AC3000024A034802210DF0F3BA00BFF5FD0200FD
:10AC40001CC1020038B5002304461A46EC300D46FC
:10AC5000FDF794F858B1693004D1074A074801213B
:10AC60000DF0DEFA2846BDE83840F9F779BA2046FB
:10AC7000BDE838400DF030BB8DF702001CC102006A
:10AC800038B5051D0446082128460DF02EFB08495D
:10AC900004F15700FCF750F848B1082128460DF0A0
:10ACA000FFFA0448044A01210DF0BAFA082038BD21
:10ACB000978502001CC102000EFE020038B5EC228E
:10ACC0000546002110F088FD102105F1270004F051
:10ACD00025F8044648B9052128460DF006FBFCF787
:10ACE0001BF8034B1860204638BD0824FBE700BF63
:10ACF000BC46002070B50E4686B00446FFF748FFFC
:10AD0000F36804F137020546114603F1100053F8C9
:10AD1000046B41F8046B8342F9D1237A052B00F2CE
:10AD20009580DFE803F017232303936A02AB4B49B6
:10AD30000093096804F1270304F1570001F0BAFBFE
:10AD400058BB0A21201D0DF0D0FAAB680299D4F847
:10AD5000EC00984720460D210DF0C7FA201D102168
:10AD60000DF0C3FA20460DF0F3FA20E094F8DC1061
:10AD7000D4F8D83002ADCB403849009503F0010338
:10AD8000096843F0800304F157000DF0BFFC30B1B7
:10AD9000334A344801210DF043FA082007E010221D
:10ADA000294604F1170010F01FFD10B1042006B071
:10ADB00070BD032120460DF098FA0DF0C9FA002865
:10ADC000F5D194F8DC300133DBB2142B84F8DC309D
:10ADD00009D10D2120460DF088FA1021201D0DF01B
:10ADE00084FA0020E3E7102104F1270003F096FF26
:10ADF000003818BF0120C000D9E7102104F1270056
:10AE000003F08CFF0028C8D135B3EB6823B3164B91
:10AE1000E27A1B88ADF80830A37CD20703F0010367
:10AE200012D4002B14BF012303238DF80930002313
:10AE3000C4E93833201D0C210DF057FAEB68D4F823
:10AE4000EC0002A99847CCE75B00EEE7074A05480B
:10AE500001210DF034FAA0E70220A8E7BC4600204B
:10AE600027FE02001CC1020004C5020040FE0200D1
:10AE70002DE9F04790B004460CAD10220021284681
:10AE800010F0AAFC237A052B34D8DFE803F0060380
:10AE900003063323D4F8D8300C93D4F8EC3004F103
:10AEA000470204F1C707CDE9017204F1370803F145
:10AEB0007E0204F12709009277334A46414604F1A5
:10AEC000970001F08FFAF0B1454A464801210DF094
:10AED000A7F914E0D4F8E430002BDED02E4603F1BD
:10AEE000100718685968324603C20833BB42164639
:10AEF000F7D1D2E73C4A3B4801210DF0E0F90820A8
:10AF000010B0BDE8F087D4F8EC3003F177027E335F
:10AF100008AE019304F111030292009303962B46AD
:10AF20004246494638460DF016FC08B12F4ACCE798
:10AF3000237A052B0ED1D4F8E01011B30B46AC46A2
:10AF400001F1100E18685968624603C20833734550
:10AF50009446F7D1D4F8EC3003F17E0277330DF14B
:10AF6000100A019304F10A0302920093CDF80CA099
:10AF70002B464A46414638460DF0EDFB30B11C4A9F
:10AF8000A3E71022284610F027FCE3E710225146E1
:10AF900004F1B70010F028FCF8B90D2120460DF09F
:10AFA000B8F907460028AAD010210C300BF068FB36
:10AFB00032460346164603CEAE421860596032460A
:10AFC00003F10803F6D139462046FFF73BFE201D6A
:10AFD00001210DF08AF9002092E70B2090E700BFD5
:10AFE0005CFE02001CC1020040FE020071FE020075
:10AFF00094FE020073B5047A022C054623D844B1AE
:10B0000090F8DC30D0F8D840DC4004F0010444F083
:10B010008004032128460DF07CF90646D8B11021A2
:10B020000C300BF02DFB009012482346006805F110
:10B03000270205F157010DF069FB044680B1304647
:10B04000F9F78EF807E0032C08D00B4A0B4823468B
:10B0500001210DF034F9082002B070BD0024D8E7BA
:10B0600031462846FFF7EEFD281D21460DF018F960
:10B070002046F1E7BC46002040FE02001CC1020051
:10B0800070B5061DCD6804460B2130460DF008F959
:10B090002B4604F1170205F1100153F8040B42F896
:10B0A000040B8B42F9D1237A012B09D0022B13D147
:10B0B000204604210DF019F9BDE87040FFF79ABF52
:10B0C0000A2130460DF0AEF80028F1D030460021BC
:10B0D0000DF00BF9002070BD0348044A01210DF06A
:10B0E000EEF80820F7E700BF1CC1020040FE020096
:10B0F000F7B50446FFF74CFD251D06460E212846F0
:10B100000DF090F870B94E4B2022196804F15700E9
:10B1100010F06AFB30B94B4A4B4802210DF080F821
:10B12000082033E00C2120460DF0F3F807460028F4
:10B13000F6D040210C300BF0A3FA414B1B680246BD
:10B14000014603F1200053F804CB41F804CB8342BD
:10B15000F9D1203203F1200153F8040B42F8040B1B
:10B160008B42F9D139462046FFF76CFD237A052B37
:10B170005DD8DFE803F0033C0D035C590421204651
:10B180000DF0B3F8FFF736FF00283FD003B0F0BD55
:10B190002046D4F8EC70FFF7FBFC042106464FF084
:10B1A000FF330DEB0100019303F0B8FD0028B7D188
:10B1B000019B264AB3FBF2F102FB11330193C4F861
:10B1C000D83084F8DC0056B1336843B10B212846EF
:10B1D0000DF08BF83368D4F8D8103846984703211F
:10B1E00020460DF082F80E210DF07FF80EE020468B
:10B1F00003210DF07AF80E210DF077F828460A2188
:10B200000DF073F87368D4F8EC00984728460721CE
:10B210000DF06BF80820FFF7ADFC70B9204603B0C5
:10B22000BDE8F040FFF72CBD04212046DCE7084ACA
:10B23000054801210DF043F872E70020A6E700BFA2
:10B24000BC460020B8FE02001CC1020040420F00B4
:10B2500040FE020070B50E460446FFF799FCF36805
:10B2600004F157052A4603F1200153F8040B42F874
:10B27000040B8B42F9D104F1770203F1200153F85A
:10B28000040B42F8040B8B42F9D12846FBF79EFCD5
:10B29000D8B10E21201D0DF028F8D4F8EC50D5F8C7
:10B2A000A43033B9287A05F1700100F0D3FEC5F857
:10B2B000A400D5F8A4309BB1DA8902F024027AB157
:10B2C0005B7B9B070CD4032070BD2846FBF78AFCF0
:10B2D00030B90A480A4A02210CF0A2FF0B20F3E71A
:10B2E000084B1D682DB9201D06210CF0FEFF2846D5
:10B2F000EAE72046BDE87040FFF7FABE1CC1020035
:10B30000D3FE0200BC46002038B512490446A0F125
:10B31000EC0554300FF0C7F828460DF080F8BFF365
:10B320005B8F0D4A04F1840353E8001F43E80020BB
:10B330000028F9D1BFF35B8FBFF35B8F88344FF0E8
:10B34000FF3354E8002F44E800310029F9D1BFF35E
:10B350005B8F38BD85BE0100C835002080B500AFC9
:10B3600088B06A46074BC2E90530032342F8103F14
:10B37000054800234FF4C251F7F7BAF96FF00B00FC
:10B38000BD4680BDEFFE02001CC10200064BD3F893
:10B39000EC200AB1FFF7E2BF0448C3F8F000EC3339
:10B3A0000B601046704700BFC8350020A4CC0200D7
:10B3B0002DE9F0410B4600AF06460D2104300CF09C
:10B3C00031FF78B3DD68D6F8EC3003F17008197AF4
:10B3D000424602200DF05BF90446C8B94046F8F732
:10B3E0003DFF6D4688B06A46114BC2E905304FF407
:10B3F000007393830F4B42F8103F0F4823464FF4DE
:10B40000E251F7F775F90820AD46BD46BDE8F08179
:10B410002B462A3405F1100253F8041B44F8041B90
:10B420009342F9D1304609210CF05FFF0020ECE790
:10B4300014FF0200030000011CC1020038B5174BC5
:10B440001B78054623B301F00F042846FFF7BEFB27
:10B45000134A03280CBF04F00B0444F0040405F560
:10B46000BA731278BFF35B8F53E8001F013103D129
:10B4700043E800200028F7D1BFF35B8FBFF35B8F59
:10B48000D5F87431BFF35B8F2BB144F0010038BDA8
:10B4900001F00704D9E704F0FE00F8E7396E002058
:10B4A00011190020F8B50D46D0F8EC600446FFF7FE
:10B4B0006FFBEF68FB78102B01D00620F8BDD6F8A3
:10B4C000A4305BB1251D0F2128460CF0ABFE80B9DE
:10B4D0002046FFF7F3FB60B1C0B2EFE7307A06F128
:10B4E000700100F0B7FDC6F8A4000028EAD10820DA
:10B4F000E4E7012363723B68C4F80A30BB88E38148
:10B5000002232374B9782046FFF798FFE0742046A1
:10B51000FFF75CFB1023607423753B7903F0030392
:10B5200063757B7903F00103A375E37C1A070CD5DF
:10B53000BB781B0709D5052128460CF0D6FE637D94
:10B5400003F0020363750023A375052128460CF060
:10B5500069FE002843D04C4B1B78A374E37C98060B
:10B5600006D5BB78990603D5142128460CF0BDFEFC
:10B57000E37CDA0735D5BB78DB0732D50D212846C9
:10B580000CF0B3FEA37D84F8E830637D84F8E930E5
:10B59000032128460CF0A9FE237BE17C3F7803EAD7
:10B5A0000102100704D5E27AA07C0243D2071CD422
:10B5B000042F1CD80B4313F0040307D02046FFF7D9
:10B5C00005FB324B07EB87073B441B5C2372D6F825
:10B5D000A41020460CF02FFE58B903206EE72C4B28
:10B5E000BAE700236375A375CCE70523EEE70023D4
:10B5F000ECE7D4F8EC309B7A032B36D024D8013B0F
:10B60000012B3FF674AF052128460CF00BFE0028F5
:10B61000E3D00C2120460CF068FE02210CF079FEEC
:10B62000054600283FF463AF06210C300BF028F8E4
:10B63000D4F811300360B4F81530838029462046D1
:10B64000FFF700FB002039E7042B7FF450AF237D88
:10B65000627B934228BF1346102B7FF42EAF052147
:10B6600028460CF0DFFD0028B7D0237A002BB4D099
:10B67000052128460CF0D6FD0028C4D1237A013BD1
:10B68000012BC0D8A9E700BF3B6E002028010300B2
:10B690003A6E00202DE9F041C678012E044604D010
:10B6A0006FF015042046BDE8F0810CF00AFE054657
:10B6B000002800F0AB80071D042138460CF0B2FDD5
:10B6C000002840F0A680032138460CF0ABFD10B1F5
:10B6D0006FF00F04E6E7314638460CF0A3FD002872
:10B6E000F6D12846FFF754FAD5F8EC309B7A032BB5
:10B6F000064642D032D8013B012B48D90F21201DEC
:10B700000CF090FD0028CBD1D4F8A43083B904F11B
:10B710007006217A3246202000F0FCFCC4F8A40018
:10B7200030B9217A3246042000F0F4FCC4F8A400B9
:10B73000D4F8A430002BB3D0DA8912F0240FAFD0A4
:10B74000A17A022923D9587BC007A9D503291ED085
:10B750009206A5D51B7B102BA2D118E0042BCDD1CE
:10B760002846FFF733FA032804D1002EC6D0F36829
:10B77000002BC3D0284B1B7807E02846FFF726FA9A
:10B78000032804D1002EB9D0F368002BB6D0D4F82A
:10B79000A4303BB12846FFF791FA044670B16FF030
:10B7A00068047FE7207A04F1700100F053FCC4F8CC
:10B7B000A4000028EED16FF00B0473E70B2128469C
:10B7C0000CF0A7FD06460028E9D001210C300AF054
:10B7D00057FF092180462846FFF730FE234688F8A8
:10B7E00000002246314605F1EC00FCF7C7FA04469A
:10B7F00018B13046F8F7B4FC54E738460F210CF086
:10B8000074FD012128460CF070FD4BE76FF07F04BA
:10B8100048E76FF0040445E7396E0020F8B5D0F82A
:10B82000EC40D4F8A4300646051D002B32D102218D
:10B83000404A41480CF0F4FC0721404B5F5CD4F8CF
:10B84000A4304BB11B7B002B5CD1D4F8A4000CF0CE
:10B8500032FF0023C4F8A430022128460CF0E2FC99
:10B8600040B9072F96BF364B1F21D95D3A46204677
:10B87000FCF77AF8032128460CF0D4FC68B3314B6E
:10B880001B6853B31D6805B10C3D53F8083C002BF1
:10B8900041D143E081BB0D2128460CF0C3FC074693
:10B8A00020B1D4F8A40008B100F084FD254B1B683A
:10B8B0009BB11D6805B10C3D53F80C3C13B13946E2
:10B8C000204698474DB12B46ED681B681DB10C3DD5
:10B8D000002BF4D1F7E7002BF1D130460CF09FFD9F
:10B8E000637B072B24D1627AA37A9A4220D0204628
:10B8F000BDE8F840FFF7CEBE0139C9B20E299CD988
:10B9000009279CE7022128460CF08CFC00289CD1DA
:10B91000A2E70C3D23B1394620469847002DDCD0E4
:10B920002B46ED685B68002DF3D1002BF3D1D4E7F3
:10B93000F8BD00BF2EFF02001CC102001901030068
:10B9400008010300B4450020F8B5031D06460F4664
:10B95000184602210CF066FC044620B1B6F8E84017
:10B96000B4FA84F46409032118460CF05BFC80B13E
:10B9700039463046FFF752FFC4B11A481A4A02212D
:10B980000CF04EFCD6F8EC0005210BF04FFB00202C
:10B99000F8BD012118460CF045FC0028E8D10F2124
:10B9A00018460CF03FFC0028E2D1E5E705213046BF
:10B9B0000CF0AFFC054688B101210C300AF060FEA6
:10B9C000234607702246294606F1EC00FCF7D6F91B
:10B9D0000028DCD02846F8F7C3FBD8E76FF06800F2
:10B9E000D6E700BF1CC1020058FF0200134B10B580
:10B9F000044618604FF0FF324FF0FF33104804F058
:10BA000053FE104805F006FA0D4804F0C5FE1CB9B7
:10BA1000BDE81040FFF70CB90B4CBFF35B8F54F837
:10BA20000439BFF35B8F5B0607D52046FFF760FB49
:10BA3000014610B12046FFF787FF10BDBC4600202D
:10BA4000681700207C170020CC3500202DE9F34139
:10BA50000B8A04460E4643B92D4A2E4801210CF0AC
:10BA6000DFFB002002B0BDE8F081012106F10C00EF
:10BA70000AF036FEA4F1EC05E83C07460421204616
:10BA80000CF0D0FB3B7828B1234A224802210CF06D
:10BA900016FCE6E70E2B01D9204AF6E7DFF8808096
:10BAA00058F833204AB902211E4A1A480CF007FC04
:10BAB00007212846FFF748FFD3E7194628460CF030
:10BAC00098FC3B7860B91348174A02210CF0F7FB49
:10BAD000032120460CF0A6FB0028C2D00821E8E78D
:10BAE00008EBC301328A0979914208D00121009301
:10BAF000084813460D4A0AF035FB0A21D9E73146BA
:10BB000058F833302846984701460028A9D0D0E796
:10BB1000B0FF02001CC10200CBFF0200FCFF0200CC
:10BB2000CCCC02001E0003003800030040F80200E5
:10BB30002DE9F04784B090F8E930D1F80C80D0F8C6
:10BB4000EC6023F0020380F8E93098F8003000AF91
:10BB5000054606F17009BBB398F8063003F0C00340
:10BB6000C02B31D04046F8F779FB6E4688B06C4662
:10BB70005C4BDFF8748125464FF4007AC4E9053048
:10BB8000A4F81CA045F8108F00232A464FF4E25178
:10BB90005648F6F7ADFD4846B546F8F75FFBA546B3
:10BBA000534BA4F81CA0C4E90530C4F810804F48DA
:10BBB00000232A464FF4E251F6F79AFD0A20B546D3
:10BBC0001037BD46BDE8F0870722414648460FF0D2
:10BBD0000BFE68B1307A414600F0FAFA044638B1FB
:10BBE000014628460CF027FB28B320460CF063FDE5
:10BBF0000D21281D0CF016FB002862D0317A4A4630
:10BC000002200CF044FD0446B8B94846F8F726FB7C
:10BC10006D4688B06A46374BC2E905304FF4007371
:10BC20009383314B42F8103F304823464FF4E251A2
:10BC3000F6F75EFDAD460820C2E7F378002B3AD157
:10BC400006F17E031878012829D19A7902F0C00202
:10BC5000402A24D1D3F80120C4F83A20B3F80530A3
:10BC6000E38796F87030D3B196F8763003F0C003CE
:10BC7000C02B14D02049FC603A1DC7E90198FBF79E
:10BC80008DFBD8F80030C4F80130B8F80430A4F8BF
:10BC9000053098F80630E3713046FBF735FE002199
:10BCA0002046FAF719FA48B11048144A02210CF05C
:10BCB000B7FA032084E706F17703C3E72046FAF7D3
:10BCC0001DFA95F8E9305B0703D50A2128460CF0E8
:10BCD0000CFBB5F8E81009B1002071E72846FFF722
:10BCE0009DFDF9E753000300030000011CC10200A1
:10BCF000D100030014FF0200658402006700030006
:10BD00002DE9F0410E460446D0F8EC80FEF740FFE6
:10BD1000F668114A337801210546271D0F480CF0BB
:10BD2000CEFA0A2138460CF064FB38B16DB92046D2
:10BD30003178FFF773FD0020BDE8F0810B21384614
:10BD40000CF057FB0028F1D1F1E72B69002BEED066
:10BD500040469847EBE700BFA20003001CC1020069
:10BD60002DE9F8430546A0F1E80600AF04468846F1
:10BD70003046012155F8EC990CF03BFB28B3B8F1A3
:10BD8000000F17D0032130460CF04CFAE8B14046C2
:10BD9000F9F7A0FA0138C0B208289ABF354B1C5CED
:10BDA0000024022130460CF0A0FA21462846FFF775
:10BDB00035FD0AE099F80B303BB1032130460CF019
:10BDC00031FA28B928460CF02AFBBD46BDE8F883B5
:10BDD000052130460CF026FAB8B114F8043C1B07D4
:10BDE00007D514F8033C180703D5112130460CF091
:10BDF0007CFA14F8043C23F0080304F8043C14F81B
:10BE0000033C23F0080304F8033C14F8033CD9076F
:10BE100010D5062128460CF068FA304602210CF0B5
:10BE200064FA2068D0F8A46066B134F8041C0029D4
:10BE3000CBD1BBE79A0701D50821EBE75B07ECD52F
:10BE40000A21E7E77030F8F709FA6C4688B06A46CD
:10BE5000094BC2E905304FF400739383074B42F856
:10BE6000103F074833464FF4E251F6F741FCA54630
:10BE7000ABE700BF10010300C40003000300000192
:10BE80001CC1020037B5A0F5A075A0F59E74BFF3E4
:10BE90005B8F2368BFF35B8FBFF35B8F2A68BFF3B1
:10BEA0005B8F084800920121074A0AF05BF9284697
:10BEB0000821FFF7B3FC0421204603B0BDE8304061
:10BEC0000CF013BA1CC10200D90003002DE9F8439D
:10BED00000AF04460CF0F5F9054670B3061D0321CA
:10BEE00030460CF09FF940B3D4F8A40008B10CF030
:10BEF000E2FB04F17009207A494600F0ABF8804675
:10BF0000C4F8A400E0B94846F8F7A8F96C4688B030
:10BF10006A463E4BC2E905304FF4007393833C4BB5
:10BF200042F8103F3B484FF4E2514346F6F7E0FB3E
:10BF30000821A5462846FFF707FDBD46BDE8F88362
:10BF40000E2130460CF06EF928B1D4F8A420537BB2
:10BF500043F0020353732B7A032B11D823B105212D
:10BF600030460CF05FF9A0B9D4F8A420537B23F03D
:10BF700020035373D4F8A420537B23F001030DE076
:10BF8000053B012BF0D8D4F8A420537B43F02003C9
:10BF90005373D4F8A420537B43F0010353732B7DD8
:10BFA000697BD4F8A4208B4228BF0B46137305216C
:10BFB00030460CF037F9D4F8A4305A7B10B342F075
:10BFC00010025A730D2130460CF02CF90028B4D021
:10BFD000D4F8A40020210CF06AFBD4F8A43005F1B9
:10BFE00047021A33573552F8041B43F8041BAA4280
:10BFF000F9D1D4F8A420002313615361D4F8A4200C
:10C0000013839AE722F010025A7396E714FF020096
:10C01000030000011CC1020008B5044B04480122C2
:10C020001A70FAF723FE002008BD00BF396E002009
:10C030008417002008B5437B5B0607D40121F9F77C
:10C0400007FFBDE80840024804F03ABE08BD00BF43
:10C050008C17002070B50F4C14F8013B8342064644
:10C060000D4604D1072220460FF0BEFB68B10A49F5
:10C070000A4807220FF0B8FB48B904F8016C2B6896
:10C080002360AB88A380AB79A371024870BD002008
:10C09000FCE700BFC046002030E50200C14600209A
:10C0A000F7B50E4F04460D4616460023F9893A7837
:10C0B0000BB103B0F0BD0029FBD0A242F9D1084B6F
:10C0C00018689A8800909B798DF80630314668464A
:10C0D000ADF80420A8470123E8E700BFC0460020D0
:10C0E000C146002010B40B461146044AD4890442CC
:10C0F00002D010BC1046184710BC7047C046002044
:10C1000008B5034900220220FFF7ECFF002008BD1C
:10C1100035C00100F8B50C4CE389074620463B408A
:10C120000D464FF00006114610F8012B07D095423E
:10C1300003D107220FF058FB18B1304600E0184633
:10C14000F8BD2046FCE700BFC0460020F8B50B78DC
:10C15000012B06460C4601D00020F8BD8B7903F078
:10C16000C003402BF8D1174DEF892946BF0711F8BE
:10C170003A2B4FF0000304F1010006D5B24204D17E
:10C1800006220FF031FBD0B10023EA89297802F0B2
:10C190000202002BE0D1002ADED0B142DCD1671CC4
:10C1A000094839460AF0DEFA01230028EDD0D4F818
:10C1B0000130C5F83A30054BB4F805209A800148A3
:10C1C000CBE700BFC0460020EA460020FA46002028
:10C1D00010B5074C2378834208D10722601C0FF06A
:10C1E00003FB00280CBF2046002010BD0020FCE708
:10C1F000C04600202DE9F04192B0144602AF05463A
:10C2000038B9624A6248012109F099FF6FF01506BA
:10C2100040E0342207F10C011846A047041E06DA5C
:10C220005C4A23465A48012109F092FFEEE7391D86
:10C2300028460AF0AAFA064698B16C4688B002AAC7
:10C24000554BC2E905354FF400739383534B42F8C5
:10C25000103F4F4800234FF4E251F6F749FAA54644
:10C26000D4E7394628460AF069F8386838B10A2216
:10C27000314607F0F1FB034608B1494AD2E72CBB2F
:10C280003A1D21463F20FFF745FF40B1402221469D
:10C290000FF0A2FA30464037BD46BDE8F081381DA8
:10C2A000F7F7DCFF6D4688B002AA3E4BC2E90530C5
:10C2B0004FF400739383394B42F8103F34482346C0
:10C2C0004FF4E451F6F714FAAD46E3E7391D0020C8
:10C2D000FFF7C0FE0546C0B9381DF7F7BFFF6C4633
:10C2E00088B002AA304BC2E905304FF40073938343
:10C2F0002A4B42F8103F26482B464FF4E251F6F7FE
:10C30000F7F96FF00B06A546C4E7342C0BD03423A5
:10C310000093264A1E482346012109F023FF2846A0
:10C320000CF0C9F972E707F10C0300F10C0207F1F8
:10C330003C0C1C4603CC644510605160234602F15E
:10C340000802F6D1206810606B7BDA07A2D513F0E3
:10C3500030049FD1381DF7F781FFE84688B002AA64
:10C36000134BC2E905304FF4007393830B4B42F833
:10C37000103F074823464FF4E451F6F7B9F96B7BB9
:10C3800023F00103C5466B7384E700BFA0E50200FC
:10C39000ECC002004801030026FB0200030000017C
:10C3A00042FB0200670103008A010300A9010300A8
:10C3B000C701030010B501460246342311F8010BF2
:10C3C0000C32F8F72BF9044628B1044A0346012140
:10C3D000034809F0BDFE204610BD00BF2C0203003B
:10C3E000ECC002002DE9F0479AB01D46DDE9239725
:10C3F0002E4B16460CAA84468A4603F1300E904610
:10C4000018685968144603C4083373452246F7D1A7
:10C4100018681B79206023716146202204A80CF063
:10C420005DF923486B46202204A900F071F8044608
:10C43000C0BB102251460DF135000CF04FF910220F
:10C4400031460DF145000CF049F92946062211F854
:10C45000013B8DF855300DF156000CF03FF9229953
:10C46000062211F8013B8DF85C300DF15D000CF0F7
:10C4700035F94B4635224146684600F049F80446F6
:10C4800080B948460CF034F901238DF8303035225C
:10C490003B464146684600F03BF8044610B9384632
:10C4A0000CF026F920461AB0BDE8F08706C5020058
:10C4B0005902030070B598B00E461446014620227A
:10C4C00004A81D460CF00AF9202231460CA80CF0F5
:10C4D00005F91022294614A80CF000F91022214673
:10C4E00068460CF0FBF86B46502204A9184600F091
:10C4F0000FF840B9039B054A1BBAB3FBF2F102FBEC
:10C5000011331C9A136018B070BD00BF40420F0079
:10C510002DE9F0418EB007460C4615460021182241
:10C5200008A81E460FF058F94FF41053ADF81C3010
:10C53000DFF85C808023ADF81E304FF44063CDE916
:10C540000938102205AB394607A806F07BF80346E8
:10C5500048B1104A1048012109F0FAFD6FF00400BB
:10C560000EB0BDE8F08106AB029310232246CDE960
:10C57000006341462B4605980EF0B2FC0446059830
:10C5800006F01EF82043EBD0044A2346E2E700BF42
:10C590000002C00373020300BCC002008F0203004C
:10C5A00010B5094C0A44914200D110BD11F8013B6D
:10C5B000584003090001E35CC0B2434018091B0165
:10C5C000205CDBB25840EEE7A8020300F0B5114D45
:10C5D000114E124F85B04FF0FF334FF0FF3201A9DB
:10C5E000284603F0FDFF034690B10D483A4601216D
:10C5F00009F0AEFDEFE7236813B1019A934203D12E
:10C60000D4E9013101A898470C34B442F3D3E2E7EE
:10C61000044CFAE7241A0020E4C20200B802030026
:10C620006CC10200D8C20200F0B585B0DDE90C543F
:10C6300017461E46019023469DF828008DF80800F5
:10C640002C432A468DF80910ADF80A7003960AD0DB
:10C650000D490FF0C1FAD1F8B8400C4909588C4285
:10C6600004BF002213460A4801A90DF087FD041EED
:10C6700007DA084A0848022109F061FD204605B0A2
:10C68000F0BD0024FAE700BFC0420020080000000F
:10C69000241A0020CD0203006CC10200084B70B5C3
:10C6A000C31A0D4607499B100446594306484022C9
:10C6B0000CF0AAF82B4601462046BDE8704018470A
:10C6C00014470020B76DDBB6BCBC020073B50C4C40
:10C6D0000C4A4023041B00930D460B460A49A41044
:10C6E0006143064609480CF0BAF8011E05DA3046E7
:10C6F0002B4602B0BDE87040184702B070BD00BFC5
:10C7000014470020C7880200B76DDBB6BCBC02002E
:10C710000022F8B5012105461046F7F7E9F910485F
:10C7200002F0DAFB0446B8B90CF0DFFE2F690D49C0
:10C73000384609F092F9031E09DB01263E642D6993
:10C74000084905F11C0009F088F9031E02DA1C46AD
:10C750002046F8BDEE64FBE76FF00404F8E700BF85
:10C76000BDC8010044CD02007FB500220123CDE900
:10C77000022304ABCDE90433094ACDF800D06B465F
:10C78000CDF804D00CF098F8002805DB4FF4804277
:10C790000023684604F0BCF807B05DF804FB00BF56
:10C7A000D988020010B5064C23782BB94FF4A57038
:10C7B0000DF027FC01232370BDE8104002F076BB8A
:10C7C0003C6E002010B5EFF31184402383F31288F0
:10C7D000BFF36F8F074A136823F00201DB07116074
:10C7E00002D401200CF07BFE84F31188BFF36F8F1D
:10C7F00010BD00BF6447002030B4104B0C2202FB78
:10C80000003301460020D3E90E529863EFF3118004
:10C81000402484F31288BFF36F8F1C6C04F0C004B3
:10C8200044F002041C6480F31188BFF36F8F1DB1C4
:10C830002B46034830BC184730BC704714470020D3
:10C84000BCBC020010B4EFF31182402383F31288C2
:10C85000BFF36F8F1748016841F002040460C807F6
:10C8600007D482F31188BFF36F8F012010BC02F050
:10C8700023BB4FF08041D1F80C04D1F80C14C90748
:10C88000EFD5EFF3118083F31288BFF36F8F0A495E
:10C890000B6C03F0C00343F002030B6480F31188B8
:10C8A000BFF36F8F82F31188BFF36F8F002010BC2E
:10C8B000FFF7A2BF644700201447002010B10128F1
:10C8C00004D07047034B1B6C5B0701D1FFF794BF8B
:10C8D000704700BF144700202DE9F0413849BFF3ED
:10C8E0005B8F0746012251E8003F41E80020002805
:10C8F000F9D1BFF35B8F33B9324933484B60CB601A
:10C900008A6009F0BDF87B1E012B2BD8012F07D1BF
:10C910004FF08043D3F81C3403F00303012B21D0E4
:10C920000DF01DFE0546F8B9284B1B78E3B14FF01A
:10C9300080430222C3F808230646DFF894804FF0B4
:10C940008044D4F81824D4F81834D20315D503F051
:10C950000303012B01D0012F0FD155B386F31188AA
:10C96000BFF36F8FBDE8F081EFF31186402383F3AF
:10C970001288BFF36F8F0125DFE7ADB1304609F0B4
:10C98000EFFDD4F81835002BDBD1D4F80421002AB0
:10C99000D7D0C4F80431D4F804310123C4F81835D1
:10C9A000C8F88031A360CCE7002121200DF08CFE77
:10C9B000E7E74FF080430222C3F80423D2E700BF29
:10C9C000104700200047002030470020F37200206D
:10C9D00000E100E010B5044C2046F4F779FF204652
:10C9E000F7F7DCFA002010BDEDC9010073B5104E59
:10C9F0008DF807000446032501220DF107010020F0
:10CA000003F050FB20B101233370204602B070BD0B
:10CA10003378002BF9D0013D08D00DF0A0FD00289F
:10CA2000EAD1002142200DF04FFEE5E73570ECE73A
:10CA30003D6E0020EFF31182402383F31288BFF391
:10CA40006F8F0A4BD3F8001161B10021D3F80805AC
:10CA5000C3F80011D3F80031C0B282F31188BFF3DC
:10CA60006F8F70476FF00A00F7E700BF00D00040FB
:10CA7000F0B5034610469C7893F803C0EFF311829B
:10CA8000402585F31288BFF36F8F1F7893F801E07C
:10CA9000E41B04EA0C04A04288BFA0B23E180CEAD2
:10CAA00006063D461E7082F31188BFF36F8F0A1889
:10CAB0008A4216D177450CD1EFF31182402181F3E0
:10CAC0001288BFF36F8F1978597082F31188BFF302
:10CAD0006F8F1B79241AA34222BF064B01221A60D2
:10CAE000F0BD5E190135767901F8016B05EA0C0598
:10CAF000DEE700BF00D00040DB432DE9F04713F034
:10CB000001050E46144604D02248FFF7B1FFBDE8E8
:10CB1000F0879AB3EFF31188402383F31288BFF3B1
:10CB20006F8F0D20F6F7D6FF07460D20F6F7BEFFF4
:10CB300088F31188BFF36F8FDFF85CA0DFF85C80AB
:10CB4000CAF80051DAF800314FF400590123CAF84D
:10CB500000302546C8F88091DAF8003183B1FFF73C
:10CB600069FF031EC8F88091F6DB013DADB2735535
:10CB7000002DF1D117B10D20F6F78AFF2046C6E748
:10CB8000EFF31180402383F31288BFF36F8F09F016
:10CB9000E7FCE1E79847002000D0004000E100E01A
:10CBA0002DE9F041124F0D46144607F1450814B91E
:10CBB0002046BDE8F0814FF0FF334FF0FF3238469A
:10CBC00003F0A6FE224629464046FFF751FF0646DF
:10CBD000384603F063FE3EB94FF0FF324FF0FF33AB
:10CBE000044803F095FEE6E7A41BA4B23544DEE753
:10CBF000684700208047002038B5194C01221146B3
:10CC000020460DF080FB0122002104F118000DF0F8
:10CC10007AFB40F20743A4F848304FF07063236377
:10CC20000C2384F8343000250E4B84F84550A4F8CA
:10CC30004650D3F8042522F00102C3F8042501214F
:10CC4000C3F80051D3F80021C3F804132A46196031
:10CC50000D20F6F74DFF0D20F6F71AFF284638BDD8
:10CC60006847002000D0004010B5FFF7E3FE002821
:10CC700020DB174B93F8322093F8314093F83310B0
:10CC8000141B31EA0404C0B20DD193F8472093F885
:10CC9000464093F84810141B31EA04040BD10D4BA5
:10CCA00001225A600EE09C180132114084F83500D0
:10CCB00083F8321010BD9C180132114084F84A00EC
:10CCC00083F847100448BDE8104003F0E7BD00BFFB
:10CCD0006847002000D0004080470020024B0B60D6
:10CCE00001231360704700BFBC4700200048704715
:10CCF00068CD020007B50346054A009105480121A9
:10CD000009F030FA6FF0150003B05DF804FB00BFC6
:10CD10003E0303003CC1020010B501221146074842
:10CD2000074C0DF0F0FA02F025F90CF09FFF20609F
:10CD30000CF098FF6060002010BD00BFC4470020C9
:10CD4000BC47002038B5037B04460BB10CF0DCFB7C
:10CD50000125A368032B06D8124AD2F80034DB075A
:10CD6000FBD5002038BD23686068196802F0A6FB77
:10CD7000636804336360236804332360A368043B5F
:10CD8000A360237B0135002BE3D0284602F080F915
:10CD90000028DED0034AD2F80034D907FBD50120A1
:10CDA000E0E700BF00E00140F0B589B00E4615464F
:10CDB0000CF058FF2946074630460BF023FE60B3BF
:10CDC000B6FBF7F307FB136323B9B5FBF7F407FBD7
:10CDD00014545CB11F4A009533461F48012109F0E5
:10CDE000C1F96FF01504204609B0F0BDAF42FAD882
:10CDF0004FF0FF334FF0FF32184803F089FD0CF07D
:10CE000077FB04AB014660B9102218460EF0E4FC33
:10CE1000CDE905650BF0D2FD16E0114A00953346C9
:10CE2000DBE71022214618460EF0D6FC01228DF8D1
:10CE30001C200C4ACDE902200B48CDE9056502F023
:10CE4000A1F802A802F0A4F80446044803F026FD65
:10CE5000C9E700BF5B0303003CC10200C4470020D8
:10CE60003E030300BD890200645E010070B50D46FB
:10CE700088B01946284616461C460BF0C3FD58B923
:10CE80001D4A00942B461D48012109F06BF96FF0F3
:10CE90001504204608B070BD45EA04039B0703D083
:10CEA000174A00942B46EEE7002CF2D04FF0FF33E8
:10CEB0004FF0FF32134803F02BFD0CF019FB034633
:10CEC000CDE9046504A806948BB101238DF81C30CC
:10CED0000D4BCDE9023041F64C5002F053F802A858
:10CEE00002F056F80446074803F0D8FCD1E78DF865
:10CEF0001C30FFF727FFF5E73E0303003CC10200AB
:10CF00007A030300C447002045CD0100430970B5F2
:10CF100007D10B4B596821B101250C68094E85409A
:10CF200001B970BD8A682A4002D04B6830469847E4
:10CF30001CB1236821461C46F2E72346FAE700BFEE
:10CF4000DC470020DCBC020038B54568A86890B119
:10CF50000CF076FD014670B9A8680CF055FD04464A
:10CF600058B902460649A8680CF03FFD2246052143
:10CF70000620F6F7BDFD002038BD6FF00400FBE78A
:10CF80000DCF0100044A054B9362054A1A60012146
:10CF900000220320F6F7ACBD9C170020E8470020D4
:10CFA000003000402DE9F04F89B002AF9346BB60DE
:10CFB00003693B614368D3F820A09B8AFB604FF074
:10CFC000FF324FF0FF3305460C460BF0F6FE3B698F
:10CFD00048337B61002378690022002603F098FC27
:10CFE00033465E4501D3002340E0207A010700F17B
:10CFF000938001365E4521680BD2820709D4227DD9
:10D0000080EA020C0CF0010C02F004025CEA020C53
:10D0100008D023B901F06042B2F1005F3FD04FF079
:10D02000000801E04FF001086268D7F80CE003EB5C
:10D03000020CF44524D96C468CB0286802A9384EFD
:10D04000CA61C1E90563FB680A46C1E9083040F2DC
:10D0500003530B85334B42F8103F002332484FF403
:10D060005151F5F745FB6FF01B03A54628467B6140
:10D070000BF0A7FE7B691C371846BD46BDE8F08F54
:10D08000C00705D40AEB03007B600EF07DFB7B68D4
:10D0900062681A4493B2B8F1000F26D1D3B9D4F81C
:10D0A0000090A3884FF00008BA68217A00922846C1
:10D0B0004A4600F05FF8031ED8DB4FF480427869DF
:10D0C000002303F025FC40B128460BF08DFE6FF0E5
:10D0D0000403CBE79846D146E6E73B691B6E002B7D
:10D0E000F5DB237ADB0702D400230C3479E7CA4549
:10D0F000FAD123460AE0A8EB0201D8687B601FFA48
:10D1000081F819FA81F10EF03FFB7B685A6890456F
:10D11000A3F10C03EFD2E7E76FF08503A6E700BFAA
:10D12000CE0303000600000164C1020008B5CA076F
:10D1300043680AD4C1F34201012909D002290FD062
:10D140000A4A0B48012108F0FAFF6FF0150006E0CB
:10D150009B6A1B684FF0CC72C3F82425002008BDE1
:10D160009B6A4FF0C8621B68F6E700BFB404030077
:10D1700064C10200F0B589B047680C46164600212C
:10D1800012220DF10E001D460EF026FB04F00103E5
:10D190008DF80C30BDF838308DF80D30BB8C04950F
:10D1A000AB4206960AD20A4800930A4A2B4601214E
:10D1B00008F0D8FF6FF01B0009B0F0BD84F0020248
:10D1C000C2F34002B86A520103A902F0D1FBF3E7AF
:10D1D00064C10200C6040300B0B5456800AFAB6986
:10D1E00004469847E86901210BF0EFFD2A69A86A17
:10D1F000234629460CF03CFE002817DA23686C46CB
:10D2000088B06A460C49C2E905134FF40073938352
:10D210000A4B42F8103F0A4800234FF4E251F5F759
:10D2200067FA6FF00400A546BD46B0BD20460BF07E
:10D23000F3FD0020F8E700BF0D0503000300000127
:10D2400064C10200F0B5034685B053F8186D7268EA
:10D25000D16892685C1A164BE4105C430C2363435C
:10D26000D71805463979D0580BF0F5FD031E08DABA
:10D27000104A009310482346012108F073FF05B0BF
:10D28000F0BD15F9082C9A42F9D005F8083C4FF08A
:10D29000FF304FF0FF313A89003BCDE902014FF0FA
:10D2A0000101009118BF01233046FFF7BDF9E6E701
:10D2B000398EE3382D05030054C102002DE9F04FEB
:10D2C00085B04668F56802AF183578604FF0000900
:10D2D0003D6073684B4505DC337D002B40F0A38037
:10D2E000002423E00C23D6F808A003FB09F80AEB7E
:10D2F00008045AF808000CF0A0FE0346D8B95AF802
:10D3000008206C4688B0116802AA5048C2E905019D
:10D310004FF4007191834E4942F8101F4D484FF46D
:10D32000E251F5F7E5F9A5466FF0120420460C37F7
:10D33000BD46BDE8F08FE3885AF80800217943F430
:10D3400080320469D0F808E013F0010F4FF0010CAF
:10D3500023680CFA01FC14BF4CEA030323EA0C0314
:10D360002360DEF800309847044638B13A4A00900E
:10D370004B463848012108F0F5FED7E77B6845F8B1
:10D38000183C316928460DF08EF8337D002B46D1CC
:10D39000D6F808B00BEB080A01239AF8042003FA28
:10D3A00002F22E4B45E904325BF808008268D4692A
:10D3B000A5F1140164B10122A047041E0BDA284A2A
:10D3C0002448012108F0BBFE264A00944B46D0E7D2
:10D3D0006FF05704F3E79AF804105BF808000BF0BD
:10D3E0003AFD05F8080CBAF806305BF808009AF820
:10D3F000041003F04003826894696CB143F0C06389
:10D400004FF0A072A047041E09DA174A11482346BC
:10D41000012108F09DFED7E76FF05704F5E709F109
:10D420000109483555E735684FF4004440F2E730CC
:10D4300000214FF47A720023E5FB0401EEF70EFEA3
:10D4400002460B46386803F0DFFC49E74905030054
:10D450000300000154C10200590503007F8E020041
:10D4600079050300950503009C0503002DE9F043B1
:10D470005B4E5C4F00EB810140F2FF15814202D10F
:10D480000020BDE8F083046814F4804FC4F3C32C7B
:10D49000C4F3080340F09080240E16F80CC0AB4291
:10D4A00008BF4FF0FF33192C00F28980DFE804F049
:10D4B0000D13191C1F251C8787878736638787876D
:10D4C000878787878787667B7E81C2F80C355C1CDF
:10D4D0005ED10430D2E7C2F814355C1CF9D00024C8
:10D4E0005FE0C2F80835F2E7C2F81035F5E75C1CDA
:10D4F000C2F80835EDD0002404E05C1CC2F80C35FD
:10D50000E7D001245FEA531E5CD14FF001084FF0D1
:10D51000A04E08FA03F9CEF80C950AE0C2F80835D7
:10D52000BCF1000FD9D15C1CD3D00024A0464FF031
:10D53000060CD0F8009009F4004EBEF1000F1CBF9D
:10D540004FF00008012403F01F0E5B0942D14FEA9F
:10D550008E0E0EF1A04EC9F34129DEF800373B4094
:10D5600043EA890343EA0C2343EA080343EA4403FA
:10D57000CEF80037ADE7C2F80C35D1E7C2F8603518
:10D58000B3F1FF3F0468A4D0C4F30044002CB8D02A
:10D590005C091BD101244FF0A04E04FA03F8CEF829
:10D5A0000885A046C5E7C2F86435E9E7C2F86835E2
:10D5B000E6E7C2F86C35E3E76FF0150061E76FF05E
:10D5C00085005EE70023C3F80C35FFDE0023C3F8B7
:10D5D0000835FAE70EF5E07E002353F82E30F4E725
:10D5E000D1050300F0F8FCFF2DE9F041044647683F
:10D5F0000D460CF0B4FF4FF0400888B9264B1B785D
:10D6000073B1642660680BF016FDF0B901200BF0D1
:10D610008DFF013EF6D1002121200DF055F8F0E7F5
:10D62000EFF31186314688F31288BFF36F8F60687D
:10D630000BF001FDA8B986F31188BFF36F8FEFE7F8
:10D6400086F31188BFF36F8FE5E7EFF3118631465C
:10D6500088F31288BFF36F8F60680BF0ECFC002832
:10D66000EED0BB691D706368BA691B680020C3F8FF
:10D6700044250122C3F84825C3F82001D3F82041EE
:10D68000C3F85801D3F858019A6081F31188BFF3A9
:10D690006F8FBDE8F08100BFF37200202DE9F041EB
:10D6A0000022054601210220F6F722FA0220F6F7B1
:10D6B000EFF96C680121E0680BF011FD6B681A68E6
:10D6C0002369C2F82435637D217D0B43C2F86C3594
:10D6D0006F68D7E9004313F0010346D0D5F81080F6
:10D6E00004F10C0108F10C0204F590700BF05BFFE3
:10D6F000061E07DA2A4A2B48012108F020FD304691
:10D70000BDE8F08198F80C0001F042FE0823C4F84F
:10D710000035BB69C4F844350023C4F848350123FB
:10D72000A360D4F85831002BFBD00026C4F8006564
:10D730006B683146D8680BF0D2FC6D6831462C68B6
:10D74000E8680BF0CCFC0823C4F800352A7A52B9FB
:10D75000EB69C4F834350123C4F83835C4F8102116
:10D76000D4F8102123600026C9E70822C4F8002558
:10D77000BA69C4F84425C4F848350123A360D4F835
:10D780002031002BFBD00023C4F82031D4F8203105
:10D790000123E3604FF48073C4F80433C1E700BF92
:10D7A000D9050300D4C102002DE9F04383B04568D8
:10D7B0000669D5F8208000AF3A1D002140460BF0E5
:10D7C00078FB041E19DB7B68D8F8002019791868EB
:10D7D000FFF74CFE041E10DBA96A481C1AD0686AC9
:10D7E0000BF069FD10F1130F04460BD1304A31489C
:10D7F00001210BF0CFFC6FF0120420460C37BD4620
:10D80000BDE8F083411D05D12B4A2A4801210BF0C8
:10D81000C1FCF2E7EB699847B5684FF00108D6E91B
:10D82000023203EBC2039D4204D330460BF0E5FC09
:10D830000024E2E728680CF000FC0346B0B92A682F
:10D84000297910686C468AB06A461C4DD1614FF444
:10D85000007111841A49C2E9055042F8101F154899
:10D860004FF41151F4F744FFA546C4E7286829791D
:10D87000EB88D0F810C0D0F80890DCF80040DA0748
:10D8800054BF43F4B01383F4D01323F4801208FA86
:10D8900001FEDB074CBF44EA0E0424EA0E04CCF878
:10D8A0000040D9F800309847041EA6DB0835B6E7DB
:10D8B00016060300CCC10200410603005E06030009
:10D8C0000400000138B503780C4663B98D6E5DB96C
:10D8D0004B6E1C696FF07303236404F1280002F09F
:10D8E000DDFF84F86C5038BD8B6D33B19D4213D988
:10D8F000224A234801210BF04DFC236EA26E33B166
:10D900009A4221D91D4A1E4801210BF043FC606E4A
:10D91000BDE838400BF09BBC5B1B8B6573B94B6C4F
:10D9200008334B648B6C013B8B6401F1580204F1AA
:10D93000440048310BF03AFC6065DEE74B6D002B8C
:10D94000DBD02B444B65D8E79B1A23667BB9E36C8D
:10D950000833E364236D013B236504F1600204F1A5
:10D96000500104F14C000BF021FCE065CFE7E36DC2
:10D97000002BCCD01344E365C9E700BF8206030047
:10D98000CCC102002DE9F04F8BB000AFC7E90232E5
:10D9900043687B608B88046989469904804631D44A
:10D9A0004FF0FF324FF0FF3304F1100002F0B0FFF0
:10D9B000C4F80490D8F810A0D8F804B09AF86D30E4
:10D9C00023B1DAF80030994500F0D680B9F8046048
:10D9D00016F400631DD0B24AB24801210BF0DAFB05
:10D9E0006FF08505236813B19B889B0405D4002341
:10D9F000636004F1100002F051FF28462C37BD4649
:10DA0000BDE8F08FA369002BCAD163689945C7D1DF
:10DA1000D0E7F20716D56D4688B0D8F800106A46F0
:10DA2000A148C2E905014FF4007191839F4942F872
:10DA3000101F9C484FF4E251F4F75AFEAD466FF0C8
:10DA40001505CFE7350705D5994A964801210BF012
:10DA5000A1FBF4E7C6F34513082B01D0954AF4E780
:10DA6000D9F80050944B9D4201D8944AEDE70BF150
:10DA7000080EBEE80F0007F1140CACE80F00DEF84A
:10DA80000030CCF800308E4B9D4254D98D4B9D42D6
:10DA900054D98D4B9D4254D98C4B9D4254D98C4BBB
:10DAA0009D4254D98B4B9D422CBF4FF000454FF007
:10DAB0008045B007FD6106F004034BD5002B14BF71
:10DAC0000323022387F82030C6F3001387F82130A0
:10DAD000DBF80030D3F80825511C12D016F0020FE5
:10DAE00002F01F00C6F340014FEA52124FF001034B
:10DAF00034D1002A40F029814FF0A0428340C2F87F
:10DB00000C359AF86D302BB1584601F0D1FD002349
:10DB10008AF86D305346704A07F11401584601F0F7
:10DB200097FD034618B36D4A5E48012108F010FBCB
:10DB30006FF0040556E74FF00075BAE74FF08065C7
:10DB4000B7E74FF00065B4E74FF08055B1E74FF00D
:10DB50000055AEE7003B18BF0123B3E7002A40F0B1
:10DB6000F7804FF0A0428340C2F80835C9E701238F
:10DB70008AF86D30CAF80090012384F86C307B6815
:10DB8000996A4A1C09D0586A00F0E6F8743004D14A
:10DB9000534A444802210BF0FDFAFB68002B76D172
:10DBA00063640023A36404F1580204F1480104F102
:10DBB00044000BF0FBFABB686065002B40F09480DA
:10DBC000E3640023236504F1600204F1500104F1D1
:10DBD0004C000BF0EBFAE06520680023236448B1A9
:10DBE00083683BB1012108300BF0F3FA2368186910
:10DBF0000CF007FA40460BF02AFB0023A06C1A46F3
:10DC000082427AD10022256D1146A9427CD19342ED
:10DC1000264638BF13464FF4FA5202FB03F556F876
:10DC2000283B4FF4004C1B68B5FBF3F540F2E7309E
:10DC3000C83500214FF47A720023E5FB0C01EEF7A2
:10DC40000DFA02460B46304602F062FE002862D012
:10DC5000244A144801210BF09DFA4FF0000978681E
:10DC6000C4F8689001F024FD84F86D90D8F8105045
:10DC70006FF07308C5F8408005F1280002F00EFE31
:10DC800085F86C90304602F069FE454647E0FB6837
:10DC90001B686364002B84D0FB685B6882E700BF6D
:10DCA000A0060300CCC10200BA0603000300000175
:10DCB000DC060300FB06030047E801002A07030017
:10DCC0008FD003001FA107003F420F007F841E007A
:10DCD000FF083D0000127A00C5D801005B07030071
:10DCE00080070300AA070300BB681B68E364002BDE
:10DCF0003FF467AFBB685B6864E7616C01EBC2012E
:10DD0000013249680B447BE7E06C00EBC100013154
:10DD10004068024479E7256C15F1740F9DD02368A3
:10DD2000002B3FF45FAE9A68002A3FF45BAE9988FF
:10DD300011F480567FF456AE18690CF062F9206831
:10DD4000314608300BF045FA4CE6C1F80C15FFDE01
:10DD50000023C3F80835FAE72DE9F0410D460646E1
:10DD60000BF0BFFE00220746294630460BF070FE3E
:10DD70006B0905F01F0429D1A40004F1A044164B3F
:10DD8000D4F80027134043F00C03C4F800370BF01D
:10DD9000C6FA80463368DB597BB1002730462946F6
:10DDA0000BF09DFED4F800270B4B134043F0040307
:10DDB000C4F800373846BDE8F0810BF0B0FAA0EBAC
:10DDC00008000628E6D96FF07307E7E704F5E0746A
:10DDD000002353F82430FFDEF0F8FCFF70B5012378
:10DDE00083400E4ABFF35B8FDC4352E8001F01EA19
:10DDF000040542E80056002EF7D1BFF35B8F4FF4C5
:10DE0000803282400648C0F80823BFF35F8FBFF31B
:10DE10006F8F0B4214BF0120002070BD54480020BA
:10DE20000010014070B40E49D1E90034D01AC31873
:10DE300044F10004C2F30E06C1E90034A6F5805394
:10DE4000B3F5C04F09D2074B1B685A0CDB039C1972
:10DE5000054B42F10005C3E9004570BC03F07ABDF3
:10DE600038390020584800204039002011B3BFF352
:10DE70005B8F0123104A834052E800CF4CEA030C29
:10DE800042E800C10029F7D1BFF35B8F0B4A4FF482
:10DE900080338340C2F80433094BBFF35B8F1B68A8
:10DEA000BFF35B8FC340DB0742BF064B4FF400322A
:10DEB000C3F80021704700BF544800200010014003
:10DEC0004C48002000E100E030B5144B1868410CCC
:10DED000C003BFF35F8F124BD3F8043547F6FF72D0
:10DEE00093420AD10F4AD2E90045844275EB010200
:10DEF00009D3C01841F1000130BD181841F10001EB
:10DF0000B3F5006FF8D2074BD3E90023904271EBD1
:10DF10000303F1D210F50040ECE700BF58480020A1
:10DF200000100140403900202DE9F04F85B0164621
:10DF30001F469DF840A00446FFF750FF0190FFF7F1
:10DF4000C3FFB04271EB07035CD2301A44F2010305
:10DF500067EB0101984271F1000156D23D4B03EB92
:10DF60000413D3E902239F4208BF964265D03A4981
:10DF70004FF4803804F1500508FA04F8AD0020464B
:10DF8000C1F84883ADB20BF0BEF9C6F30E0B05F134
:10DF9000804504F5A87305F5883558464FF0030908
:10DFA0000293C0F30E03002B029A08BF0120C0F3B6
:10DFB0000E0341F82230C1F84483D1F804356FF0E4
:10DFC000020CACEB030C6044C0F30E0043F6FD7290
:10DFD000904232D9286868B1D1F804350393A3EB95
:10DFE0000B00C0F30E00B0F5804F26D920460BF091
:10DFF0008AF9039BBAF1000F07D109EB030009F17D
:10E000000109CEE7BAF1000F09D06FF015052046DF
:10E010000199FFF72BFF284605B0BDE8F08F0123DB
:10E020000E4ABFF35B8FA34052E8000F184342E84B
:10E0300000010029F8D1BFF35B8F06490E98230138
:10E0400001EB0412C8500F9B5360C2E90267002520
:10E05000DDE700BF18390020001001404C480020C7
:10E0600070B5294C294BC4F80833C4F84833284B01
:10E07000284A00254FF0FF304FF0FF314FF4803633
:10E08000C4F80855C3E90201C4F80463C3E90601F2
:10E090004FF4003386B00121C4F804331120C2F8D4
:10E0A00080312A46F5F724FD1120F5F7F1FC1A4BD3
:10E0B00001200322A06020601A60184B009343F6F1
:10E0C000FF720023CDE90155FFF72EFF0220FEF776
:10E0D00003FC134A13491368134823F00103136028
:10E0E00047F6FF73C4F844630DF11702C4F84035D6
:10E0F0000BF059FA002804DB9DF8170001F048F9ED
:10E10000284606B070BD00BF0010014001000F009E
:10E110001839002000E100E05448002025DE01000D
:10E120005048002008100140401101402DE9F743FC
:10E13000334CD4F80433D90319D54023002299086D
:10E1400010290CD1D4F84031002B3BD00023C4F867
:10E150004031D4F840314FF480324423EFE70433A8
:10E16000502BECD11AB1274A136801331360D4F84D
:10E1700004339A0323D5BFF35B8F234B53E8002F5F
:10E1800022F0020143E800100028F7D1BFF35B8FB3
:10E19000930702D4D4F844318BB10025C4F844511C
:10E1A000D4F84431FFF790FEEFF3108272B6174BAC
:10E1B000D3E90667B042B94106D282F3108803B0B2
:10E1C000BDE8F0834423BAE74FF0FF384FF0FF3942
:10E1D000C3E90689D3E904101D614FF40033C4F884
:10E1E0004833C4F84451D4F8443182F310880029EC
:10E1F000E5D0009032463B4601208847DFE700BF6C
:10E2000000100140584800204C48002018390020D8
:10E2100030B5431C85B043F6FF7223D09042A8BFAF
:10E22000104601280446B8BF0124FFF74DFE0F4BEE
:10E23000D3E90013401AB0F5804F43F6FF7513D2AF
:10E240002218AA4228BF2A4652184FF00000084957
:10E250000091CDE9010043F100030120FFF764FEC6
:10E2600005B030BD1446E0E72A46EDE73839002016
:10E2700025DE010008B5FFF727FE024B1B68C01A18
:10E2800008BD00BF3839002010B5084C0123636079
:10E290001120F5F70BFC064BC4F80833C4F84833DB
:10E2A000044B4FF40032C3F8802110BD0010014030
:10E2B00001000F0000E100E002460B46014802F0B9
:10E2C000F3B900BFFC190020014802F065BA00BF95
:10E2D000FC190020B0B584B000AF00243B1D7C6069
:10E2E0000A22BC60C7F80B403960014618460DF0A1
:10E2F0009DFA6D468AB0396803466A460D48D16179
:10E30000C2E905034FF4007313840B4B42F8103F2E
:10E310000A4823464FF41151F4F7EAF9AD4684F365
:10E320001188BFF36F8F0323184602DF1037BD46F5
:10E33000B0BD00BFF7070300040000010CC10200DC
:10E34000014902480CF07EB8604800207840002067
:10E35000094B93F84A30042B02D1810709D4704746
:10E36000022B02D1020704D47047082B03D1830685
:10E3700001D5FFF7E5BF70476070002010B4034679
:10E380000A46034881680C681946234610BC1847A2
:10E39000FCBC020070B5064688B029480D462949E4
:10E3A0000CF034F803A8E2F7F9FE27480BF045FE1D
:10E3B00048B9264A2648012107F0C1FE6FF0120431
:10E3C000204608B070BD234B019301A8E2F710FF6F
:10E3D000034638B1204A1E48012107F0B9FE6FF00C
:10E3E0001504EDE74FF0FF304FF0FF31FFF764FF0A
:10E3F00004460028E4D119491948E2F791FE044681
:10E4000010B1FFF761FFDBE741F64C5302A802931E
:10E41000EEF74BF820B1FFF757FF6FF08504CFE719
:10E42000012368468DF80030EEF737F80028F2D166
:10E43000FFF74AFF33690B481D60F6F7A7F9BFE7FE
:10E4400060480020CB930200FCBC02001C080300C3
:10E450000CC102007DE301003C08030048390020A4
:10E4600039E5010051E3010030B5304887B0E2F7EB
:10E47000D5FD0446002854D1E2F7A2FE0125E2F7BB
:10E48000ABFEEDF705FEEDF705FEEDF705FEEDF74A
:10E4900005FE03AA022120468DF80C50E2F7F2FD9A
:10E4A00000283DDB082303AA07212046ADF80C30E5
:10E4B000E2F7E8FD002833DB4FF04513039303AA8E
:10E4C00040F2032303212046ADF81030E2F7DAFDD5
:10E4D000002825DB03AA042120468DF80C50E2F722
:10E4E000D1FD00281CDB1F2303AA06212046ADF81E
:10E4F0000C30E2F7C7FD002812DB40F22A73984285
:10E5000012DD0B4A009029460A4807F02BFE84F3DF
:10E510001188BFF36F8F0423184602DF6FF00B00E2
:10E520000446204607B030BD2046F9E7D5E2010099
:10E53000600803000CC1020073B5474C94F84A30E0
:10E5400023B394F84A30042B5BD120783E2830D096
:10E55000FF2834D00025637802334A2B34D94A226D
:10E5600000923E483E4A012107F0FCFD3D4A3B48EF
:10E570006FF00B03012107F0EBFD002383F31188FB
:10E58000BFF36F8F0423184602DF26E04FF0FF3001
:10E590004FF0FF31FFF790FE48B904F14A012046E1
:10E5A00000F0A6FB0546FFF78FFE002DC9D002B094
:10E5B00070BDA578022D14BF00250125CBE7A578F5
:10E5C00005F0FD05802DF6E7002200232946F6F729
:10E5D000EBF8064648B9002DE9D0002384F84A300C
:10E5E00002B0BDE87040FFF7ABBE62781A49023254
:10E5F0000C3008F04BF81C4B1B6831461B48984701
:10E60000EBE7022B15D1002200230820F6F7A6F82D
:10E6100005460028CBD0638804334A2B9FD80E4987
:10E620001A4605F10C0008F031F80F4B29461B681B
:10E63000E4E7082B09D1002300222020F6F78EF80A
:10E64000638805460028E7D1B1E7094A034801215C
:10E6500007F07EFDC1E700BF607000200CC1020022
:10E6600083080300DD0803005C4800203CBD020075
:10E67000A4080300F7B5804D2B780646002B40F028
:10E68000328304238DF807307C4B04881F68B7B1B0
:10E690000DF106030DF10702691CB84701280ED0E1
:10E6A0009DF80630002B40F05B819DF80730AB7081
:10E6B0000E2201236A70EB70AC80A87159E1B4F5A9
:10E6C000105F4FEA94230AD2002B4ED0013B072B58
:10E6D00008D8DFE803F00907367A070707C13F2BA0
:10E6E00000F00782012055E0304640F2064230F942
:10E6F000033B93420FD040F21D4293421ED00120B3
:10E7000040F206439C4200F02B8140F21D439C42A4
:10E7100000F026813EE0EDF72CFF42F264039C42BC
:10E7200040F2B68242F285039C4233D842F267033C
:10E730009C4200F2C18242F26603E8E7EDF71BFF5C
:10E74000EBE7304640F6634230F9033B934230D06A
:10E750000DDC40F6034293421FD040F62D42934217
:10E760001ED040F60142934212D00120F8E040F65C
:10E770007B42934220D040F67C429342F5D19DF8F3
:10E7800007303F4902338DF80730EDF70FFE01E007
:10E79000EDF7FEFD0128E8D087E7E2F7FFFDF9E796
:10E7A0009DF80730364903338DF80730EDF7F5FD56
:10E7B000F0E7EDF7F4FDEDE79DF80730304904335D
:10E7C0008DF80730EDF7F0FDE4E73388A3F58053CB
:10E7D000013B082BC9D801A252F823F001E801003F
:10E7E00013E8010027E801006BE701006BE7010077
:10E7F0006BE701006BE701006BE7010047E80100F0
:10E800009DF807301E4808338DF80730EDF768FE95
:10E81000C0E79DF807301A4840338DF807300AF0FA
:10E82000D6FD002041E79DF8073008338DF807300A
:10E83000134B00221A605A60EB7A23F0600343F016
:10E840006003EB72EDE79DF807300D4806338DF855
:10E850000730EDF747FE9DE7304642F24E0130F8B3
:10E86000033B1AB28A4242F264016BDCB2F5005FEC
:10E8700008DC8C425EE000BFAB70002070480020D6
:10E88000B2700020A3F50053013B4D2B4FD8DFE8B9
:10E8900013F0600075007E004E0087008A008D0036
:10E8A000960099009C004E004E004E004E004E0017
:10E8B0004E004E004E004E004E009F00A800AB00E0
:10E8C000B4004E00BD00C600CF004E004E004E000A
:10E8D0004E004E00DF00E800F1004E004E00F40054
:10E8E000F700FA00FD004E004E00060109010C0180
:10E8F00015011E0121014E004E004E004E004E003B
:10E900004E004E004E004E004E004E004E004E0097
:10E910004E004E004E004E004E004E004E004E0087
:10E920004E004E004E0024014E004E002D0142F2DA
:10E9300064039C423FF419AF40F2BA8142F285036E
:10E940000120F1E642F27C039A4292D1EDF70FFEEC
:10E9500001E0EDF7C9FD42F264039C427FF4DDAEB5
:10E960000F236B700423AB700123E8702B71A5F8A3
:10E97000054001232B70002003B0F0BD9DF8073047
:10E98000CC4803338DF80730EDF7B3FDE3E79DF88E
:10E990000730C84808338DF80730EDF7ACFDDAE7EB
:10E9A000EDF7ABFDD7E7EDF7AAFDD4E79DF807300B
:10E9B000C04801338DF80730EDF7A3FDCBE7EDF745
:10E9C000A2FDC8E7EDF7A1FDC5E7EDF7A0FDC2E7A1
:10E9D0009DF80730B74907338DF80730EDF799FDFB
:10E9E000B9E7EDF798FDB6E79DF80730B149103368
:10E9F0008DF80730EDF791FDADE79DF80730AD4894
:10EA000008338DF80730EDF78AFDA4E79DF807304D
:10EA1000A84902338DF80730EDF783FD9BE79DF899
:10EA20000730A44902338DF80730EDF77EFD92E7F9
:10EA30009DF8073008338DF807308F23EB71C02322
:10EA4000EB7242F264039C4240F01C81002087E795
:10EA50009DF80730974902338DF80730EDF769FDCF
:10EA600079E79DF80730934804338DF80730EDF7C8
:10EA700062FD70E7EDF761FD6DE7EDF760FD6AE7B8
:10EA8000EDF75FFD67E7EDF75EFD64E79DF80730A2
:10EA9000884801338DF80730EDF757FD5BE7EDF758
:10EAA00056FD58E7EDF755FD55E79DF807308148CD
:10EAB00008338DF80730EDF74EFD4CE79DF8073031
:10EAC0007C4904338DF80730EDF747FD43E7EDF758
:10EAD00046FD40E7EDF745FD3DE79DF807307548F9
:10EAE00002338DF80730EDF73EFD34E7EDF73DFDDD
:10EAF00031E730464FF6165230F8033B93425BD86D
:10EB00004FF60152934206D803F2FF3292B20A2A1C
:10EB100034D901205FE0A3F57D43023B142BF8D8E4
:10EB200001A252F823F000BF49EC01004FEC0100B4
:10EB300055EC01005BEC010013EB010013EB01004D
:10EB400013EB010061EC010013EB010013EB01007A
:10EB500067EC010013EB010013EB010013EB010064
:10EB600013EB010013EB010013EB010013EB0100A9
:10EB70006DEC010013EB01007FEC0100A3F57C4379
:10EB8000013B0A2BC5D801A252F823F0C7EB0100C4
:10EB9000E3EB010013EB010013EB010013EB0100A9
:10EBA00031EC010013EB010013EB01000DEC01004F
:10EBB0001FEC010037EC01004FF61D529342A8D123
:10EBC000EDF78CFC07E09DF807303A480C338DF8E0
:10EBD0000730EDF7EDFB24F008034FF602529342A5
:10EBE00096E59DF8073040338DF80730314B002013
:10EBF0001880EB7923F0230343F02303EB712B7A86
:10EC000023F0070343F007032B72E4E79DF8073076
:10EC1000284817338DF80730EDF7E6FBDBE79DF862
:10EC20000730244820338DF80730EDF701FCD2E798
:10EC3000EDF7D8FBCFE79DF807301E4801338DF87C
:10EC40000730EDF712FCC6E7EDF725FCC3E7EDF75B
:10EC500024FCC0E7EDF723FCBDE7EDF726FCBAE79F
:10EC6000EDF725FCB7E7EDF726FCB4E79DF8073094
:10EC7000104904338DF80730EDF71FFCABE7EDF7D3
:10EC80002BFCA8E703D942F2850300204CE50020C5
:10EC900042F219039C421AD842F20C039C427FF6BE
:10ECA0002FADA4F500530D3B9BB241F2412208E089
:10ECB0000120EDE7B2700020A4F50153283B0B4A78
:10ECC0009BB222FA03F3DB077FF564AD48E642F21C
:10ECD00032039C423FF444AEA4F50153033B012BA5
:10ECE0003FF658AD3CE64FF0FF3045E62F80402020
:10ECF00038B5094C23780D461BB9BDE83840EDF70F
:10ED000037BBA278611C02320CF03EFD00200423C8
:10ED100020702B7038BD00BFAB70002070B5054669
:10ED20000E46084C20460BF088F938B1A368B2B201
:10ED3000294620461B68BDE8704018476FF0120056
:10ED400070BD00BFFCBC020002484FF4007103F02C
:10ED5000F7B800BFF370002037B53223ADF80430A8
:10ED6000154A00230125192168468DF80630ADF8B3
:10ED700000508DF80230ECF7C1FD0446C8B909F027
:10ED8000B0FD80B2ECF7D4F90C482946F0F78CFBC3
:10ED9000044670B901462A460820F4F7A9FE2A461F
:10EDA00021460B20F4F7A4FE2A4621462846F4F714
:10EDB0009FFE204603B030BDD1ED01007448002015
:10EDC000014902480BF03EBBA448002078400020D7
:10EDD000B0B584B000AF00243B1D7C600A22BC604B
:10EDE000C7F80B403960014618460CF01FFD6D4610
:10EDF0008AB0396803466A460D48D161C2E9050305
:10EE00004FF4007313840B4B42F8103F0A4823461B
:10EE10004FF41151F3F76CFCAD4684F31188BFF346
:10EE20006F8F0323184602DF1037BD46B0BD00BF09
:10EE300035090300040000018CC1020037B50D4DF7
:10EE40000D49002400946FF009034FF480622846B6
:10EE500001F03CFF0949284602F016F80849094824
:10EE60000BF0D4FA224604211920F4F741FE204683
:10EE700003B030BD784000204093002049090300D2
:10EE800077940200A44800200346024A0248022167
:10EE900007F05EB95D090300ACC1020010B9024B76
:10EEA0001B681847FFF7F0BFB4480020014B012052
:10EEB0001B681847B448002028B1012807D104492D
:10EEC0000020ECF75DB8034B01201B681847704722
:10EED0009DEE0100B4480020014B186000207047EF
:10EEE000B448002010B51F48BFF35B8F0368BFF321
:10EEF0005B8F23B9062904D8042926D839B100200C
:10EF000010BD0729FBD1403801F0C8FCF7E750F8E5
:10EF1000203CA0F14004D3E900209047012808D00C
:10EF2000114B984203D00223E06384F834300F4839
:10EF3000E6E742F210732363032384F8343004F1CC
:10EF4000240384F82900A363F1E700F8173C084B79
:10EF500040F8103CA0F11C014038007EF0F7E5FAC3
:10EF6000CDE700BFF84800201F646602EC4800208F
:10EF7000FF3F420F0248012200210BF0C4B900BF3D
:10EF8000B8480020014BD861704700BFB848002046
:10EF900038B54FF0FF3105464FF0FF30FFF78CF9E1
:10EFA00034493548ECF7B8FB0446FFF78DF9002CDF
:10EFB00008DA3248324A2346012107F0C9F86FF0D7
:10EFC0000B0038BD2F4C40F201132385E369256205
:10EFD0006433E36242F21073236300226FF0730321
:10EFE00084F82420E36304F14005BFF35B8F55E808
:10EFF000003F45E800210029F9D1BFF35B8F4FF0B6
:10F00000FF314FF0FF30FFF757F904F12401207E64
:10F01000F0F78BFAFFF758F91B4A0023204601F05E
:10F0200077FC00280FDA194A1448012107F087F805
:10F03000BFF35B8F012355E8002F45E8003100291D
:10F04000F9D1BFF35B8F4FF0FF314FF0FF30FFF787
:10F0500033F9207EF0F74BFAFFF736F9BFF35B8FF9
:10F06000236CBFF35B8F13B1064801F077FCE06BB4
:10F07000A7E700BFD0480020E5EE010044C1020030
:10F0800089090300B8480020447B0B00F4FF02000C
:10F09000074B01221A64D3F84035B3FBF0F0184453
:10F0A000044BDB69984234BF00200120704700BF49
:10F0B00000800040B84800204FF0704393F8E02FE4
:10F0C000062A09D1D3F8E83FC3F30313033B042B0B
:10F0D00002D8024AD05C704700207047CE09030076
:10F0E000024AD2F80034002BFBD0704700E0014008
:10F0F00010B50AF00AFA40B14FF080538E4AD3F8A7
:10F100002433C3F30423C2F84035FFF7D5FF10B111
:10F110008A4B8B4A5A670AF0F8F948B14FF080538E
:10F120004FF08042D3F84432C3F34233C2F83C3547
:10F13000FFF7C2FF30B1834AD2F8FC3023F080736E
:10F14000C2F8FC300AF0E1F940B14FF080430022F0
:10F15000C3F80C21C3F81021C3F83825FFF7ACFF22
:10F1600020B14FF080430322C3F8A025FFF7A4FF8E
:10F1700060B1754B0522C3F810260122C3F888261A
:10F180000022C3F818263F22C3F814264FF08053FC
:10F19000D3F83021511C09BF4FF07043D3F83431FC
:10F1A00093F8E02FD3F8E83F08BFC3F30313062A10
:10F1B0004DD1033B042B03D8644AD35C002B46D0CB
:10F1C0004FF08052624BD2F80414C3F82015D2F8E5
:10F1D0000814C3F82415D2F80C14C3F82815D2F873
:10F1E0001014C3F82C15D2F81414C3F83015D2F843
:10F1F0001814C3F83415D2F81C14C3F84015D2F80B
:10F200002014C3F84415D2F82414C3F84815D2F8D2
:10F210002814C3F84C15D2F82C14C3F85015D2F8A2
:10F220003014C3F85415D2F83414C3F86015D2F86A
:10F230003814C3F86415D2F83C14C3F86815D2F832
:10F240004014C3F86C15D2F84424C3F870250AF0B2
:10F250005CF948B14FF080534FF08042D3F85832F8
:10F2600003F04F03C2F8E43E0AF04FF948B14FF003
:10F270008043D3F80024D20744BF6FF00102C3F8E3
:10F2800000244FF08053D3F83021062A26D1D3F83A
:10F290003431033B042B02D82E4AD35C63B12E4A8F
:10F2A000D2F83C3743F48063C2F83C374FF08053C8
:10F2B000D3F83031062B11D14FF08053D3F83431CD
:10F2C000033B042B02D8254AD35C3BB14FF01023FB
:10F2D000D3F808224FF08043C3F858254FF010238D
:10F2E000D3F80022002A03DBD3F80432002B22DA01
:10F2F0001B4901234FF01020C1F804351524FFF7F6
:10F30000EFFEC0F80042FFF7EBFEC0F80442FFF743
:10F31000E7FE0023C1F80435FFF7E2FEBFF34F8F8D
:10F320000849104BCA6802F4E0621343CB60BFF394
:10F330004F8F00BFFDE710BD0030014000C0074007
:10F340000DF0ADBA00ED00E000500040C909030027
:10F3500000C00040C409030000100040BF090300C2
:10F3600000E001400400FA05014B1860704700BF3F
:10F37000FC48002010B5054B186814460AF0D8F870
:10F380000028A4BF2070002010BD00BFFC48002052
:10F39000024A01238340C2F80435704700F001405F
:10F3A0004FF08053D3F83021511C09BF4FF0704308
:10F3B000D3F8343193F8E02FD3F8E83F08BFC3F314
:10F3C0000313062A05D1033B042B04D8034AD05C5F
:10F3D0007047002070470120704700BFD309030029
:10F3E00073B5CEB200EB46060446B38ADB070D4682
:10F3F00025D50AF0DBF9B38A9A0608D55A0B23689B
:10F4000003EB82030022C3F81025C3F81025204621
:10F41000294600240AF05CF9B48201A801950AF09B
:10F42000D8F8019B00EB8300064BD0F8002713406F
:10F4300043F00203C0F80037204602B070BD6FF001
:10F440001500FAE7F0F8FCFF01480AF08FB800BF9A
:10F45000D018002010B504480C460AF069F80028BE
:10F46000A4BF2070002010BDD0180020044AD2F89C
:10F470000034DB07FBD50160BFF35F8F704700BF2F
:10F4800000E001404FF080531A69B0FBF2F302FB39
:10F4900013036BB9084B0222C3F80425C3F808050F
:10F4A000D3F80024D207FBD50020C3F80405704729
:10F4B0006FF00C00704700BF00E0014010B5054C34
:10F4C0000123C4F80435FFF7D1FF0023C4F8043545
:10F4D00010BD00BF00E0014007B5019001A80AF08F
:10F4E000C9FB019B00EB8300054BD0F800271340BC
:10F4F00043F00303C0F8003703B05DF804FB00BF1E
:10F50000F0F8FCFF73B5CB7B0446002B38D10B7BA6
:10F510000878012B77D80AF0C4FB0B78019301A877
:10F520000AF0A8FB019B00EB83003C4BD0F80027BE
:10F53000134043F00103C0F800374878FF2804D097
:10F540000AF0AFFB4878FFF7C7FF8B78FF2B0FD08F
:10F5500001A88D7B01930AF08DFB019B00EB8300DA
:10F560002E4BD0F80027134043EA8503C0F800373C
:10F57000C878FF2804D00AF087FBC878FFF7ACFFF3
:10F5800023792748CA78282505FB03039A770B7C43
:10F590009BB94B7825680E78FF2B18BF1A468B78DD
:10F5A000C5F8086508BF4FF0FF32FF2B08BF4FF0CA
:10F5B000FF33C5F80C25C5F8103523688A68C3F8F1
:10F5C00024254B7B0A7B2568003B18BF0123022AB8
:10F5D0001CD0032A1DD0012A01D143F00203C5F833
:10F5E000543523794979282202FB0303D9772379FB
:10F5F0005343C35883B1206840F3073002B0BDE8DD
:10F600007040F4F745BA0AF03FFB86E743F0040385
:10F61000E5E743F00603E2E702B070BDF0F8FCFF57
:10F620000049002007B5019001A80AF023FB019BC7
:10F6300000EB8300054BD0F80027134043F0020392
:10F64000C0F8003703B05DF804FB00BFF0F8FCFF22
:10F650002DE9F04190F80480144C4FF0280C0CFB7D
:10F6600008FC04EB0C06074696F81CE0BEF1000F00
:10F6700018D144F80C20736041B1CB7B86F825305B
:10F68000CB78B3774B79F377FFF73CFF3A680123E8
:10F69000C2F80035282202FB084400206077237757
:10F6A000BDE8F0816FF07700FAE700BF0049002065
:10F6B00070B50679194C056828237343E35833B1B4
:10F6C00045F30730F4F7F2F90423C5F808330023B3
:10F6D000C5F80035282303FB064393F82530BBB952
:10F6E000D5F80805FFF79EFFD5F81005421C01D09C
:10F6F000FFF798FFD5F80C05431C01D0FFF792FFE8
:10F70000282303FB0643987FFF2801D0FFF78AFFD9
:10F71000282303FB06440023237770BD0049002003
:10F720002DE9F84307793A4C28237B439046E218A9
:10F730000E46517F8146002967D1E3580BB1012362
:10F74000537796E80F00282505FB074505F10C0CBB
:10F750008CE80F00A87F0023FF2885F8243001D013
:10F760000AF09FFA2823B8F1000F07D003FB0743E4
:10F7700000225A776FF08500BDE8F883D9F8005071
:10F7800003FB07430422C5F80823C3F82080C5F80B
:10F790000881D5F8082172689AB133681B78C5F8DA
:10F7A0001C357368012B0ED933685B78C5F81C359E
:10F7B00028237B43E65876B10423C5F804330020A0
:10F7C000DAE7DB7FEBE7F368012BF1D9282303FBB2
:10F7D0000743DB7FEAE707EB870104EBC101D5F8BC
:10F7E0000831002BFBD0C5F808612846D5F8083150
:10F7F0000AF064FA0028F2D1282303FB0744A07F13
:10F80000FF28DCD00AF040FAD9E76FF00F00B3E729
:10F810000049002002494FF040200AF082BA00BFA0
:10F8200000490020014902480AF07BBA284900201B
:10F83000003002404FF08053D3F83021511C09BFF3
:10F840004FF07043D3F8343193F8E02FD3F8E83F0A
:10F8500008BFC3F30313062A05D1033B042B04D8C6
:10F86000034AD05C7047002070470120704700BFFA
:10F87000D809030000F01F0340090BD19B0003F1DE
:10F88000A043074AD3F800170A4042F00202C3F827
:10F8900000277047002203F5E07352F82330FFDEA3
:10F8A000F0F8FCFF30B5847BF4B9016801F01F0368
:10F8B00049091BD19B0003F1A043114DD3F8002748
:10F8C00040F20C642A402243C3F80027426802F049
:10F8D0001F0352090FD19B0003F1A043D3F8002767
:10F8E0002A402243C3F80027012030BD03F5E0730E
:10F8F00054F82330FFDE03F5E07351F82330F9E7C5
:10F90000F0F8FCFF02680023C360174BC2F808330D
:10F91000D2F8003223F4BC53C2F800324FF08053C7
:10F92000D3F83011B1F1FF3F09BF4FF07043D3F866
:10F93000343193F8E01FD3F8E83F08BFC3F3031353
:10F94000062908D1033B042B02D80849CB5C13B12C
:10F950000923C2F800350023C2F80035012280F8DF
:10F96000262080F82830704702029C01DD09030040
:10F970002DE9F84F002380F827304B6804680546CE
:10F980000E46174633B1CB6803F06043B3F1005F16
:10F9900040F073813378023B012B06D8336903F0C2
:10F9A0006043B3F1005F40F06881B54BC4F80833A1
:10F9B00095F8282002F0FF033AB1EB68C4F804334D
:10F9C0006FF00F084046BDE8F88F17F0140F0CBF1A
:10F9D0000122002285F82820327885F824207278C8
:10F9E00085F82520F2682A6172686A613269AA6125
:10F9F000B268EA61C7F3001285F829202F62727895
:10FA0000C4F88825C4F86031D4F86021C4F84831BE
:10FA1000D4F84821C4F82431D4F82421C4F804319E
:10FA2000D4F8043117F0010318BF0123C4F850358E
:10FA300017F0020318BF0123C4F840353378032BB5
:10FA400000F29E80DFE803F07B9367024FF480733F
:10FA5000C4F80032D5E90423C4F84425C4F8483575
:10FA60000123A3604FF4801120460AF0B6F9002864
:10FA7000F8D1D5E90623C4F84425C4F848354FF435
:10FA80008023EB604FF0000817F008096A6810D176
:10FA90003378032B0DD0012B40F08A802360002A9D
:10FAA00071D072686B6822B9002B00F0C48001230A
:10FAB00063616B68002B00F0BE80780744BF0023B1
:10FAC000EB6079065EBFEB6843F00203EB60EB6826
:10FAD00043F40073EB60EB68C4F80433FFF7AAFE4D
:10FAE00000283FF46FAFB9F1000F00F09880337831
:10FAF000012B00F094800023C4F85035C4F8403541
:10FB0000C4F82435C4F85031D4F850314FF4801380
:10FB1000C4F8043356E7D5E90423C4F84425C4F8EF
:10FB20004835D5E90623C4F83425C4F838354FF4F0
:10FB30008453C4F80032012323620223A1E7D5E9EC
:10FB40000423C4F84425BA06C4F848354BBF4FF423
:10FB500080734FF40073C4F80032C4F800324CBF15
:10FB60004FF480230223EB60012323628AE7D5E967
:10FB70000423C4F83425C4F838354FF48053D8E74B
:10FB80006FF0150880E76A6902B963613D49DFF8E3
:10FB9000F8A04FF0010B20460AF01FF910F4007F87
:10FBA00018BFC4F814B010EA0A0F3649F3D078E74A
:10FBB0000123A360002A7FF474AF6A6922B1DFF8E1
:10FBC000C8A04FF0000B06E06361F8E70123236251
:10FBD00063614FF0000B1BEA0A0F7FF462AF294903
:10FBE00020460AF0FAF810F4007F8346F3D04FF075
:10FBF000807120460AF0F1F8D4F800220028E5D000
:10FC000012F4007103D1012323628B466361D30593
:10FC1000E1D54FF4802120460AF0DFF8D9E7ED6AFC
:10FC2000FFF708FE20B1B5F1C86F08BF4FF0C465FB
:10FC3000C4F82455C6E6D4F8C434C4F8C434002249
:10FC400085F828206BB19A075ABF03F00108A8F184
:10FC50008C086FF00D0813F0040F18BF6FF00A083E
:10FC6000B0E67B063FF5AEAE291D20460AF073F8DC
:10FC7000002808BF6FF08B08A4E66FF00C08A1E61F
:10FC800002029C01020204000200040070B586B06A
:10FC900004680546FFF7CEFD78B34FF48011204687
:10FCA0000AF09BF848B34FF48013C4F80833D4F833
:10FCB000243513BBC4F800350623C4F80035FFF71C
:10FCC000B9FDEB6A20B1B3F1C86F08BF4FF0C46350
:10FCD000C4F824352B6A13F0010318BF0123C4F8BC
:10FCE00050352B6A012213F0020314BFC4F84025DB
:10FCF000C4F84035A26006B070BD022120460AF06B
:10FD00006CF84FF40071064620460AF066F8C8B158
:10FD1000D6B9EB68C4F808330223EB60EB68C4F88B
:10FD200004334FF0807120460AF057F818B1D4F828
:10FD300000329B0502D4012323626361012385F80D
:10FD40002730D8E7002E6AD02B6A5E060AD495F8D1
:10FD500027303BB9291D204609F0FDFF80F0010046
:10FD600085F827002B6A13F0040324D1C4F860310E
:10FD7000D4F86021C4F85C31D4F85C3195F82930AE
:10FD80001BB195F82730002B55D00023C4F8003262
:10FD9000EB603B4BC4F8083344F30733002B4ADBDA
:10FDA0005A09012103F01F03994002F16003354A0B
:10FDB00042F823103FE0FFF73DFD70B195F8243085
:10FDC000012B0AD00023C4F85035C4F84035C4F8DC
:10FDD00024354FF48013C4F80433D4F8C434C4F881
:10FDE000C434980745D4590745D4DA0745D495F863
:10FDF00027309B00DBB28DF8003095F829300BB925
:10FE000085F828302B6A5B0704D595F82730002B3E
:10FE10003FF471AFD5E90131684698476BE74FF47D
:10FE20008021204609F0D9FF95F824307BB995F858
:10FE30002930002BAAD0AB8CADF804302B69049389
:10FE40006B690293AB690593EB690393C5E74FF4C4
:10FE50000073C4F8003240F20223EB6003F1CE736A
:10FE6000C4F80833EB68C4F804330123A3602362A9
:10FE700041E70123BFE70223BDE70323BBE700BF40
:10FE800002029C0100E100E0F7B506460AF04CF8DA
:10FE900008460AF049F801A801960AF03BF8019BD0
:10FEA0002F4D00EB83000C46D0F80037019440F250
:10FEB0000D612B400B43C0F8003701A80AF02AF867
:10FEC000019B00EB83000127D0F800372B400B4348
:10FED000C0F80037042009F029FB092501A8019486
:10FEE0000AF018F8019AD0F81035D340DB0715D482
:10FEF00001A801960AF00EF8019B07FA03F3C0F877
:10FF00000C35042009F012FB30460AF00DF8013DD3
:10FF1000042009F00BFB15F0FF05DFD101A80194C7
:10FF200009F0F8FF019A01239340C0F80C35042032
:10FF300009F0FCFA204609F0F7FF042009F0F6FA70
:10FF400001A8019409F0E6FF019AD0F81035D340DA
:10FF500013F0010F0CBF6FF08B00002003B0F0BD59
:10FF6000F0F8FCFF08B5124BA822002118460BF050
:10FF700033FC032202610F4942610F4A8161C26171
:10FF80004FF480520262002282624262C2620166C3
:10FF90000A49416610218166094902670346C26623
:10FFA000426711F8010D98540132102AF9D108BDA9
:10FFB00010100020E20903001000002000000020C3
:10FFC000FB0903002DE9F84FDFF87C80182606FBBB
:10FFD000008E00FB06664644DEF82440DEF828C0AA
:10FFE0007368A44507468946154603EB040022D8EA
:10FFF000DEF820B0ABEB040A0AF1FF339A4203D8D3
:020000022000DC
:100000000BF0C2FB2C440FE063449A4219D85246CD
:100010002C440BF0B9FBB4EB0B0405D070682246FE
:1000200009EB0A010BF0B0FB182303FB0783012047
:100030005C62BDE8F88F0CF1FF3CACEB040C94451E
:10004000DED20020F5E700BF10100020F8B5144BF9
:10005000182700FB07751D4407FB00330E46DB6ABB
:10006000012B14460AD0022B14D023B9284609F0DC
:1000700068FF844208D900242046F8BD284609F0CC
:1000800060FF844228BF044622463146284609F0D4
:1000900061FFF1E72846BDE8F84009F076BF00BFF0
:1000A00010100020F8B50B4B1B78532B04460E465E
:1000B000174601D0FFF756FF09F096FF3A4605466E
:1000C00031462046FFF7C2FF0446284609F094FF58
:1000D0002046F8BD10100020034B182202FB00330D
:1000E0009A6A586A801A70471010002010B4084AA3
:1000F00008490023C85C12F8014D844204D1013341
:10010000102BF7D110BC704710BCFFF72BBF00BFFE
:10011000FB0903001010002010B50446F2F718FA8E
:100120000348044A012106F00AF8204609F090FF2E
:10013000B4C10200FC0903002DE9F843044600AFF6
:100140000D46EFF31188402383F31288BFF36F8FBE
:100150000428294A98BF294B9668117C94BF53F80C
:100160002030274BE9468AB06A462648C2E9073163
:1001700040F201339384244BC2E9050442F8103F56
:10018000224800234FF43151F2F7B2FACD4645B17F
:10019000EB69C3F3080323B11D4A1C48012105F094
:1001A000CEFF2EB130460AF0E0F908B1037803B96A
:1001B0001848E9468AB06A46174BD061C2E905364D
:1001C00040F201331384154B42F8103F00230F48CF
:1001D0004FF41151F2F78CFA2946CD462046FFF72D
:1001E0009BFF88F31188BFF36F8F3046F3F7F6FB60
:1001F000BD46BDE8F88300BF5049002020CF020073
:100200000B0A0300210A030005000001B4C102002B
:10021000490A0300190A03006A0A030004000001E6
:1002200038B50A4B53F82040013053F82050A5420E
:1002300000D838BD606830B1037FDB0701D409F016
:10024000E4FE0834F3E723689847FAE734CF020066
:1002500070B52A4B2A4C2B4D012286B003201A7010
:10026000FFF7DEFFF3F742F80420FFF7D9FF264639
:10027000AE4204F1300410D301F05CF8204C224E61
:10028000AC4226D301F06AF8EFF7B4FE1F4A137BA5
:1002900023F00103137306B070BD54F80C3C0593B2
:1002A00054F8103C049354F8143C039354F8183C4D
:1002B000029354F81C3C019354F8203C009354E9F9
:1002C0000A2354E90C0100F0EFFD54F8303C5E6560
:1002D000CDE7D4E90A23B3F1FF3F08BFB2F1FF3FF6
:1002E00005D052EA0301206803D101F0F3F830345D
:1002F000C6E73146183001F09DFAF8E7F3720020A6
:1003000038BF020068BF02005DA60200084200205C
:1003100070B5174E174D184986B0B82303FB006619
:10032000164B059301220F23CDE903320023CDE9BB
:100330000133142303FB005504464FF4C07000FB47
:1003400004110F4B00954FF4A072304600F0ACFD45
:10035000737B0C4AEE6023F0040373734FF4046361
:1003600004FB033313442C746B6006B070BD00BFF4
:100370005041002050490020C09F0020CC0A0300BB
:100380004DA1020080970020BFB50020FFF748FF75
:100390002A4B83F308882A4C2A4F636943F400737D
:1003A0006361E02384F8223000252023E37725765B
:1003B0006576A57684F82050636A43F4E02363628F
:1003C00084F82350F3F780FAF3F722FC4FF0FF3361
:1003D000A362E362F3F7F8FCF3F73EFCF2F714F8DC
:1003E00019481A4C00F002FE0120FFF719FF022005
:1003F000FFF716FF00F0E6FF154B16495C61164B40
:1004000005930123CDE903534FF400623B46CDE948
:1004100001550095204600F047FD627B064622F01C
:100420000402204662730AF0DCF82846FFF770FFEA
:100430003A4631462046F3F7CBFB00BFC09F002071
:1004400000ED00E051020200984300200842002025
:100450005049002040A10020D10A030038B5064CC5
:10046000064DAC4201D3002038BDD4E9011220462C
:1004700009F0F6FD1434F4E7C0190020C01900207B
:1004800038B5064C064D0020AC4200D338BD20469E
:1004900009F00AFE0028F9DB1C34F5E76C1900208E
:1004A000C019002073B50C46EFF31181402585F388
:1004B0001288BFF36F8FC5685DB125602B68C3607C
:1004C000836901338361002081F31188BFF36F8F4B
:1004D00011E052EA030603D125606FF00B00F3E749
:1004E000CDE900230246083000F06AFE18B9034B3C
:1004F0009B681B69236002B070BD00BF504900209B
:100500002DE9F34104460E469DF8200004F1080849
:10051000EFF31187402181F31288BFF36F8F256AB3
:10052000E1688D4246D22568AC4218D0BDB128465C
:1005300009F017FE05F118000AF027F9A2682869EA
:1005400031460BF021F90023C5F8B03028460AF0F7
:1005500048F84046394600F0C7FE002037E0A26860
:10056000D8B1E06931460BF00FF9E369A268134492
:100570006269E361934201D12369E361236A013334
:100580002362102104F124000AF0DEF90028E0D1F2
:1005900087F31188BFF36F8F19E0A169236999422E
:1005A00004BF6369A361A069801AA06131460BF0A2
:1005B000EBF8E3E752EA03010CD0084989684046AA
:1005C0000E61CDE900233946224600F0F9FD02B064
:1005D000BDE8F0816FF02200DAE700BF504900204B
:1005E000F7B5044604F108070846EFF311864021E9
:1005F00081F31288BFF36F8F216A00293AD0A26875
:10060000A1690BF0C1F8A369A26825681344626967
:10061000A361934204BF2369A361236AAC4203F13F
:10062000FF33236234D02846002D32D009F099FDE3
:1006300005F118000AF0A9F8A2682969E0690BF031
:10064000A3F8E369A26813446269E361934204BFBB
:100650002369E361236A0133236200242846C5F835
:10066000B04009F0BEFF3846314600F03DFE20465E
:1006700003B0F0BD52EA030110D00A49896808614D
:10068000CDE9002331462246384600F099FDEFE7D8
:10069000002086F31188BFF36F8FE9E76FF0220027
:1006A000F7E700BF504900202DE9F3410446174603
:1006B0001E46EFF31188402383F31288BFF36F8F38
:1006C000C368334A7BB180689168884219D057EA81
:1006D000060318D188F31188BFF36F8F6FF00F00F6
:1006E00002B0BDE8F081916891F90E1021610133EB
:1006F000E3609368A36088F31188BFF36F8F0020D5
:10070000EEE72169F2E791F90E1090F90E30994267
:10071000A8BF19466FF07E029142B8BF11468B42C6
:100720002DDD09F032FD0546CDE900761948224657
:10073000414600F045FD0028E1D0EFF3118640234B
:1007400083F31288BFF36F8FA068D0B1236821694B
:100750009C420AD04BB193F90E309942A8BF19467A
:100760006FF07E039942B8BF194609F00EFD40B103
:100770000848314600F0B8FD6FF00A00B0E70025E8
:10078000D2E7002DF4D186F31188BFF36F8FF3E722
:1007900050490020F4720020F8B583680546002B0C
:1007A00040D0234A926893423FD1C368012B03D9BA
:1007B000013BC3600020F8BDEFF31187402383F3B2
:1007C0001288BFF36F8F0169806809F0DEFC2C6826
:1007D000AC4207D10023C5E9023387F31188BFF388
:1007E0006F8FE7E7002CF5D0D4E9003213605A6030
:1007F000637B002623F002036373C4E90066A660EE
:1008000004F1180009F0C1FFAC6094F90E302B61BF
:100810002046C4F8B06009F0E4FE0648394600F00E
:1008200063FDC7E76FF01500C5E74FF0FF30C2E783
:1008300050490020F472002037B51146EFF31185BE
:10084000402282F31288BFF36F8F04689CB1236843
:10085000426823F003039442036008BF4360012110
:10086000204609F01FFD044685F31188BFF36F8F02
:10087000204603B030BD51EA0302F5D000F1080272
:10088000CDE900131046294600F09AFC0028EFD16C
:10089000014B9B681C69EBE75049002070B5EFF3F2
:1008A0001186402383F31288BFF36F8F0468A04240
:1008B0001BD0D4B1D4E9003213605A60637B0025A9
:1008C00023F00203C4E900556373A56004F1180026
:1008D00009F05BFFC4F8B050204609F082FE3146B3
:1008E0000A48BDE8704000F0FFBCD0E902329A42ED
:1008F00018BF01338360022110300AF025F8002868
:10090000EDD186F31188BFF36F8F70BDF4720020B4
:1009100013B5EFF31181402484F31288BFF36F8F76
:10092000846844B1013C846081F31188BFF36F8F08
:10093000002002B010BD52EA030406D181F31188F1
:10094000BFF36F8F6FF00F00F3E7CDE9002302468E
:10095000014800F035FCECE7F47200202DE9F84383
:100960000546EFF31188402383F31288BFF36F8F9E
:10097000002637466FF00A092C68A54216D0ACB1A4
:10098000D4E9003213605A60637BA76023F002034E
:100990006373C4E9007704F1180009F0F6FEC4F8A7
:1009A000B090204609F01DFE0126E5E70023AB606C
:1009B000022105F1100009F0C7FF30B92EB988F304
:1009C0001188BFF36F8FBDE8F88341460248BDE848
:1009D000F84300F089BC00BFF472002007B5074B54
:1009E0000093074907484FF0FF334FF4006200F0CF
:1009F0006DF9002003B05DF804FB00BF4CCF02008E
:100A000080A90020C04200202DE9FF414F4E04463E
:100A10004027EFF3118887F31288BFF36F8FD4F864
:100A2000BC50F5B9022104F1D40009F07CFC002887
:100A300068D004F1CC0500220121284609F06BFEA4
:100A40000028F8D1002302934FF0FF324FF0FF331C
:100A5000CDE90023414604F1C4023D4800F006FE02
:100A6000D7E7D4F8C0202B68C4F8BC30954208BF43
:100A7000C4F8C030D4F8D43043F00203C4F8D43002
:100A8000EB6823F0040343F00103EB606B6888F329
:100A90001188BFF36F8F28469847EFF3118887F3CB
:100AA0001288BFF36F8FEB68D80623F0010236D4AB
:100AB000EA60EB689A0716D5306823F00203EB6012
:100AC00088B10368002170B14268954235D103684E
:100AD00069BB72683360824200D17360002340F8C2
:100AE000083BFFF7DBFED4F8D43023F00203C4F850
:100AF000D43088F31188BFF36F8FDB0589D400F001
:100B000069FC86E7D4F8D430D9069BD5C4F8D40064
:100B100088F31188BFF36F8F04B0BDE8F08123F034
:100B20001103EB6005F11000FFF7B8FEC1E70B60A1
:100B30007368834208BF7160D0E723B11A68014629
:100B400018461346BFE71A46F9E700BF744900206C
:100B5000F472002070B5C368C3F340069B070546D6
:100B60000C460DD50122002104F1080009F0CBFB51
:100B700000232360054B65605A681AB9C3E9004435
:100B8000304670BD14605C60FAE700BF7449002015
:100B9000F8B5C3689A0704460F46C3F340062ED43F
:100BA0005B071CD40B680BB983680B60E368DD0737
:100BB00044BFA3683B603D684CBF02260126002D60
:100BC0003CD0204B9A68D5F8B8309A420AD0D5F874
:100BD000D430D807C3F3800214D46FF01206002378
:100BE0003B6025E009F0BBFCD5F8D4300028F0D1FB
:100BF000D907C3F3C002F0D552B15B0708D46FF038
:100C00000F06ECE7002AFAD1C3F3C003002BF6D19C
:100C100000232360D5F8C03063B9C5E92F442846C6
:100C200009F09CFBE36843F00403E3603B68A360C6
:100C30003046F8BD1C60C5F8C040F0E76FF01506FF
:100C4000CDE700BF50490020F8B5C36803F00503A5
:100C5000002B06460C4614BF012700271CD08568D0
:100C60000122002104F1100009F04DFB1349204638
:100C700009F0CCFBE36843F01003E360F3685B0723
:100C800012D5336823606BB9D5F8C03033B9C5E9E4
:100C90002F44284609F062FB3846F8BD1C60C5F8B1
:100CA000C040F6E73460F4E7D5F8BC302360D5F8EF
:100CB000C030C5F8BC40002BEBD1F0E73DA30200EB
:100CC0000146014809F0BEBBC0420020F0B589B022
:100CD00004460020C4E92F000E9D04F1C400C4E9BD
:100CE000310004F1CC00C4E9330055B32879002861
:100CF00040F2011008BF0120C4F8D40000204FF0DA
:100D0000FF364FF0FF37CDE90330CDE90100CDE9E3
:100D100006670D4B0094204600F03CF955B1296858
:100D200011B1204600F0B0F86B791BB1237B43F082
:100D300001032373204600F0CDFBC4F8B84009B08E
:100D4000F0BD0120D8E700BF090A020037B50190C5
:100D50000846EFF31184402181F31288BFF36F8FAF
:100D6000C16811F01E0F16D153EA020508D101A97E
:100D7000FFF70EFF84F31188BFF36F8F03B030BD10
:100D800041F00801C160019981620449103000F00E
:100D900051FD0120EEE70020ECE700BFD1A30200E7
:100DA00001460148FFF7D2BFC0420020F7B50C460C
:100DB000019016461D46EFF31187402383F31288F6
:100DC000BFF36F8F084609F0BAFA55EA060309D156
:100DD00001A92046FFF7DCFE87F31188BFF36F8F70
:100DE00003B0F0BDE368074943F00803E360019BEB
:100DF000A36232462B4604F1100000F01BFD0120D7
:100E0000EAE700BFD1A3020001460148FFF7CEBFC9
:100E1000C04200202DE9F0410546EFF31187402341
:100E200083F31288BFF36F8F0468A04223D014B3FA
:100E3000204609F087FB04F1180009F0A6FC002603
:100E4000B046C4F8B080204609F0CBFB2C68A54220
:100E500006F1010608D03CB1204609F073FB04F10D
:100E6000180009F092FCECE70648394600F03CFA1D
:100E70003046BDE8F08187F31188BFF36F8F0026FD
:100E8000F6E700BFF472002010B5044608B9054B20
:100E90009C681F2204F178000AF0C8FC002084F846
:100EA000970010BD504900202DE9F04F073285B062
:100EB00022F0070204461E467F3200F15803C0E9C3
:100EC000163322F03F02129B237300200D46119B24
:100ED000DDF838A0139FA06004213F2AC4E9060072
:100EE0006173A373E07305F14009A2F1400B05D8CB
:100EF00080F31188BFF36F8F084602DF05EB02080D
:100F000041462046F2F788FA0730109B20F0070090
:100F1000C4E9269BC4F8A00002930F9BA8EB000B2A
:100F2000CDE900A35A46334629462046F2F71CFE77
:100F30000F9BE3664FF00008109BC4F85480C4E98F
:100F4000196A2367EFF31182402181F31288BFF3FE
:100F50006F8F0F4D296A61672C6282F31188BFF38E
:100F60006F8F8FB11F22394604F178000AF05EFCC2
:100F700084F89780AB680BB1D3F8A430C4F8A430E0
:100F8000584605B0BDE8F08F84F87870F2E700BFEE
:100F900050490020F0B587B000250595109D0495B7
:100FA0000F9D03950E9D0295DDE912760D9D01952D
:100FB0000C9D00950446FFF777FFB6F1FF3F08BF91
:100FC000B7F1FF3F05D056EA070305D1204600F0F0
:100FD00081FA204607B0F0BD3A46334604F11800C6
:100FE000014900F027FCF4E75DA6020040F201137E
:100FF00083810023C0E92633C0F8A430014B9860F8
:10100000704700BF504900200A4A93686FF00A01F8
:10101000C3F8B0100849C3F8AC004B6843F08053E4
:101020004B60002383F31188BFF36F8F9368D3F86D
:10103000B00070475049002000ED00E070B590F915
:101040000D20437B002A36DBD90634D11B4C63F0DC
:101050007F032246437352F8183FE169934207D158
:10106000C0E900210860E06111E09942F8D01B68F6
:10107000002BF5D090F90E5093F90E60B542F4D0E4
:10108000AE42F2DD5968C0E9003108605860A569D8
:10109000954200D005B9E568A3685A7BD20604D111
:1010A000DA897F2A01D9AA6932B1AB4202D0284637
:1010B00000F01CFB656170BD6361FCE750490020D6
:1010C00038B590F90D20437B002A014604DA03F07D
:1010D0007F03437309F04BFA0D4D2A46AB6852F873
:1010E000184F944200D004B9EC688B4207D05A7B69
:1010F000D20604D1DA897F2A01D9A2692AB1A34292
:1011000002D0204600F0F2FA23466B6138BD00BFE2
:1011100050490020B3F1FF3F08BFB2F1FF3F03D0B9
:101120000249183000F086BB704700BF5DA6020080
:1011300070B590F90D20437B002A014604DA03F0D4
:101140007F03437309F013FA4B7B1C4C63F07F035E
:1011500022464B7352F8183FE069934207D1C1E928
:1011600000200160E16111E09842F8D01B68002B7B
:10117000F5D091F90E5093F90E60B542F4D0AE421D
:10118000F2DD5868C1E9003001605960A569A368C3
:10119000954200D005B9E5688B4207D05A7BD2064C
:1011A00004D1DA897F2A01D9AA692AB1AB4202D0D7
:1011B000284600F09BFA2B46636170BD5049002021
:1011C000F8B50E4B0C4611460D4A98681060DDE9E3
:1011D0000667EFF31182402282F31288BFF36F8F0C
:1011E0009D68284609F0D5F9284632463B46FFF768
:1011F00091FF2046BDE8F840FFF706BF50490020A8
:101200007C490020F8B50446EFF31187402383F3AF
:101210001288BFF36F8F437B03F01F02002A0CBFBD
:101220000126002649B239D103F07F03437309F048
:101230009EF92C4D437B817363F07F032A464373F1
:1012400052F8183F934227D1E869C4E900200460AE
:10125000EC610FE09842F8D01B68002BF5D093F9B1
:101260000EC06145F6D08C45F4DD5968C4E9003103
:101270000C605C60AC69944200D004B9EC68AB6867
:101280009C4202D0204600F031FA6C6187F311884D
:10129000BFF36F8F3046F8BDE869DEE79B071ED5C8
:1012A000856809F064F981732B689D4209D16B68E8
:1012B000C4E900531C606C60E8E76A689342F6D0AA
:1012C0001B68002BF3D093F90E209142F5D08A428F
:1012D000F3DD5A68C4E9003214605C60D6E78173BC
:1012E000D4E700BF5049002049B9EFF3058030B979
:1012F000054B5A699B689A4201D0FFF785BE81F37E
:101300001188BFF36F8F704750490020034648B9DA
:10131000EFF3058232B9064A51699268914201D0D1
:10132000FFF772BE83F31188BFF36F8F704700BF62
:1013300050490020EFF31181402383F31288BFF35B
:101340006F8F054B9A68D37B013BD37381F3118870
:10135000BFF36F8F704700BF5049002070B5EFF3A7
:101360001186402383F31288BFF36F8F144DAB684F
:10137000DA7B0132DA732A4652F8184F944200D0D1
:1013800004B9EC685A7BD20604D1DA897F2A01D9E4
:10139000A2692AB1A34202D0204600F0A7F9234651
:1013A0006B6186F31188BFF36F8FEFF311804023D9
:1013B00083F31288BFF36F8FBDE87040FFF7A6BFBD
:1013C00050490020024B03F11802C3E9062270477E
:1013D0005049002070B5EFF31186402383F3128843
:1013E000BFF36F8F1B4CA168E0690B68814214BF8B
:1013F0001A46002249680B605960A368E1692AB95E
:10140000154AC3E900210B60E3610CE093F90E007B
:1014100092F90E50A84218D0854216DD5168C3E9F2
:1014200000210B605360A5690B4B9D4200D005B9AC
:10143000E568A3689D4202D0284600F057F965612F
:101440003046BDE87040FFF7DFBD8A42D8D0126851
:10145000D5E700BF5049002068490020F8B550EAA0
:10146000010306460C4603D1FFF7B4FF0020F8BD88
:10147000EFF31187402383F31288BFF36F8F124D70
:10148000124BA8681860FFF71BFEA8681049234696
:101490003246183000F0CEF9AA68537B43F00403BB
:1014A000537304463846FFF7AFFDAB68D3E90A2310
:1014B000B3F1004F08BF002AD8D109F08EF9201AE5
:1014C00020EAE070D3E700BF504900207C490020AB
:1014D0005DA6020038B50446EFF31185402383F37F
:1014E0001288BFF36F8F437B5B070FD5183009F06D
:1014F0004CF9637B23F0040320466373FFF79EFDE2
:1015000029460548BDE83840FFF7EEBE85F311884F
:10151000BFF36F8F38BD00BFF4720020014B986895
:10152000704700BF504900202DE9F8430446077B6F
:10153000EFF31185402383F31288BFF36F8F437B52
:10154000190705D585F31188BFF36F8FBDE8F883C0
:10155000D90943F0080260D14273A36813B1204651
:1015600009F00DF804F1180009F00FF9A66D04F167
:101570005808B04511D04FF0000976B1304608F058
:10158000FEFF06F1180009F000F9C6F8B0903046E9
:10159000FFF754FDA66DB045EFD1DFF8C480D8F851
:1015A00008309C4241D1EFF30589B9F1000918BF19
:1015B0004FF00109D8F818602A4A964200D00EB9B7
:1015C000D8F80C60B34202D0304600F08FF82046C5
:1015D000C8F8146004F0ADFF204600F0DFF8B9F160
:1015E000000F02D02048FFF701FDD8F808309C42D8
:1015F00031D1EFF3058373BB227BD20718D4284681
:10160000FFF702FDFB07A1D5002383F31188BFF389
:101610006F8F0423184602DF98E703F07F0343F03F
:101620000803437308F0A3FF97E74FF00009C1E7F1
:1016300085F31188BFF36F8F83F31188BFF36F8F2A
:101640000423184602DFEFF31180402383F312884E
:10165000BFF36F8FD4E785F31188BFF36F8FD1E7A6
:10166000504900206849002098430020D3B5DDE9A7
:101670000667089CCDE90067FFF7A2FD1CB1034B8C
:101680009B681B69236002B0D0BD00BF5049002099
:10169000044BC01A044BC0105843044B01221A5487
:1016A000704700BF50440020ABAAAAAAF4720020E1
:1016B000C3897F2B12D80A4B1B6863B1094B90F981
:1016C0000E201B689A4209DB437BDB0606D1064BE2
:1016D000C31A18BF012303F0010070470023FAE783
:1016E000D4180020804900205041002070B50E4BD6
:1016F0000E4C1E7C06EB460304EBC3040546204655
:1017000009F043F80A4B002228469A55FFF7D0FF0C
:1017100048B1084B08491A68013A2046D317BDE87A
:10172000704000F087B870BD504900205044002040
:10173000F4720020D41800209116020038B5EFF39F
:101740001185402383F31288BFF36F8F104B114A2A
:101750009C681068A04206D1FFF7C8FF85F3118886
:10176000BFF36F8F38BD00211B7C11600A4AD35C28
:10177000002BF3D02046FFF79BFF0028EED0637BC1
:10178000DB0602D12046FFF7D3FC2046E4E700BF8A
:10179000504900207C490020F4720020EFF31181B1
:1017A000402383F31288BFF36F8F0A4A136A834280
:1017B00007D15B6F136281F31188BFF36F8F70479E
:1017C0001346002BF7D05A6F8242F9D1426F5A6705
:1017D000F1E700BF50490020024B1868984208BF4B
:1017E00000207047D8180020034B1B680BB9FCF78A
:1017F00041BD0020704700BF8449002030B570B162
:101800000B4B5B6898420AD0036843B1D3E90421CB
:10181000D0E90445121941EB0501C3E90421D0E9DF
:10182000003213605A600023C0E9003330BD00BFAE
:10183000D8180020B3F1FF3F08BFB2F1FF3F2DE9F8
:10184000F84F0446994615461F467AD08160EFF35B
:101850001188402383F31288BFF36F8FB9F1000F13
:10186000DFF8E4A020DBFFF7BFFFDAE9002701354E
:1018700049F100092D1849EBE073C4E90453AD1890
:10188000064643EB07074FF00109FFF7A5FFDFF816
:10189000BCE0DEF804A00346EBB9C4E900EACAF8EC
:1018A0000040CEF8044028E0DAE900126FF00103AE
:1018B0005B1A4FF0FF3161EB02025B1B62EB090226
:1018C000012B72F10001BCBF01230022C0E90432E8
:1018D0004FF00009D9E7D3E9041CD4E904208A4277
:1018E00070EB0C0B24DA891A5A686CEB0000C3E920
:1018F0000410C4E9003214605C60FFF76DFF84429D
:101900000ED1134B1B685BB9B9F1000F02D1FFF781
:101910006BFF0646304608F021FF0021FCF778FCFB
:1019200088F31188BFF36F8F28463946BDE8F88FDA
:10193000521A60EB0C009A45C4E90420ADD01B6834
:10194000AAE700252F46EFE768440020D8180020BA
:10195000844900202DE9F047EFF31185402383F3FC
:101960001288BFF36F8FDFF8A490DFF8A480C9F866
:101970000000FFF731FF00260027D9F80030D8E932
:1019800000ECD91750B1D0E90442A34271EB020A2E
:101990001CDAE41A62EB0102C0E9044213EB0E0305
:1019A0004FF000044CEB01012046C8E90031C9F8B2
:1019B000004008F0D3FE2146FCF72AFC85F311888D
:1019C000BFF36F8FBDE8F047FFF7B8BE14EB0E0210
:1019D0004CEBE473C0E90467C8E90023FFF70EFF8E
:1019E00085F31188BFF36F8F83689847EFF31185F4
:1019F000402383F31288BFF36F8FD9F800301B1B8D
:101A0000C9F80030FFF7E8FEB7E700BF84490020BF
:101A10006844002010B5EFF31184402383F312884B
:101A2000BFF36F8FFFF7E0FE054A0346D2E90001DE
:101A3000181841EBE37184F31188BFF36F8F10BD69
:101A400068440020F8B50546EFF31187402383F37F
:101A50001288BFF36F8F036823B187F31188BFF338
:101A60006F8FF8BDD0E90A46611C46F100020229D9
:101A700072F1000236D3012C76F10002BCBF0124C2
:101A80001E46013C46F1FF3608F0ABFE013041F145
:101A90000001001946EB0101012871F1000130DB62
:101AA00008F09FFE013041F100016FF002030019C0
:101AB00046EB010183426FF000438B4126DB08F0C7
:101AC00090FE013041F100016FF00102001946EB78
:101AD0000103121A4FF0FF3161EB03031C49284642
:101AE000FFF7A8FE2B6B01332B632B6A93B93C469F
:101AF0002B4653F8185F9D4200D0D5B984F3118866
:101B0000ADE76FF001024FF0FF33E7E700224FF03F
:101B10000043E3E787F31188BFF36F8F2B6A2846F2
:101B20009847EFF31184402383F31288BFF36F8F3C
:101B3000DEE7284608F064FD0023C5F8B03084F3E2
:101B40001188BFF36F8F2846BDE8F84008F049BD03
:101B5000451A02002DE9F04105461C4690461F46F5
:101B6000EFF31186402383F31288BFF36F8FB4F134
:101B7000FF3F08BFB2F1FF3F05D186F31188BFF3E5
:101B80006F8FBDE8F081002C09DB012A74F100039E
:101B9000BCBF0122002412F1FF3844F1FF37284670
:101BA00008F0F3FDDDE906010023C5E90A012B6316
:101BB00042463B4628460249FFF73CFEDDE700BFB0
:101BC000451A020038B50346EFF31185402282F32F
:101BD0001288BFF36F8FC16001218160006883426A
:101BE00006D185F31188BFF36F8F0024204638BDDE
:101BF000D0E9003213605A600023C0E9003308F0D6
:101C000060FE294604460248FFF76EFBEEE700BF80
:101C1000F5720020F8B507460C46164608F09FFC02
:101C200008B10020F8BD0E4B9B68D3F8A450002DDE
:101C3000F7D0221DF5D2EFF31184402383F31288ED
:101C4000BFF36F8F47F004012846B04784F3118833
:101C5000BFF36F8F0028E4D040F8045BE2E700BFD9
:101C6000504900200146024A0020FFF7D3BF00BFC1
:101C70005952020001680E4A9142034615D1C169CA
:101C8000A2F11022A2F1EF1291420ED18268012A34
:101C90000BD8C26812B101698A4206D0586928B1CE
:101CA0009B691B1A5842584170470120704700BF7A
:101CB00055AA00FF70B50D4B9E68A6B13046FFF7E0
:101CC000D9FF044678B9F3686BB935690DB9204678
:101CD00070BD2846FFF7CEFF28B9EB68B34202D1AA
:101CE0002E462D69F2E70124F1E700BF8849002064
:101CF0002DE9F041444B454C1B680546204688467B
:101D0000984718B100242046BDE8F081A4F11407DB
:101D100054F8144CFB68DCB1BC68CCB1002D66D023
:101D2000B8F1000F65D008FB05F6B6FBF5F5A84540
:101D300061D1311D5FD8B20711D026F00302043201
:101D40001C4603E06168914257D2A469002CF9D186
:101D50002F4B2E481B6898470028D4D0D2E7324634
:101D6000EEE7891A232904F120051CD80123A3607A
:101D7000D4E90523AAB19361A3690BB162695A61E1
:101D80000023C4E905333B69DB0703D5FFF792FF66
:101D9000002835D13246002128462C4609F01CFD8A
:101DA000D6E7FB60E8E702F1200C04EB0C032039D6
:101DB000C3E90110DC6017482169196144F80C007F
:101DC000A0F11020A0F1EF10D86101B1CB606169E2
:101DD0005961A069986141B18B61996901B14B6109
:101DE0000121C4E901212361CAE7FB60F5E72C4624
:101DF000AEE74446ACE70446AAE7A0680028B0D0A6
:101E0000012001F0CFFD00BFF01800209C49002008
:101E1000EC18002055AA00FF70B5464B464C1B68D5
:101E2000054620469847002840F08280002D43D088
:101E300054F8143CA4F11406002B3DD0B268002ADB
:101E40003AD09D4203D3726813449D4202D30120CD
:101E500001F0A8FDA5F120042046FFF70BFF0028A4
:101E6000F5D155F8183C012BF1D155F8143C45F843
:101E7000180C3BB39A682ABB55F81C2C02F12001C0
:101E80005A680A445A6055E905321A6155F8145CDB
:101E90002B6903B1DD6020220021204609F09CFC63
:101EA000286910B18368002B2ED033699B0703D5B6
:101EB000FFF700FF0028CAD1204B1F481B68BDE870
:101EC0007040184755F8100C00282AD0836843BB8F
:101ED0004268636813442033636003692361D4E973
:101EE00005239AB9CBB9436963618269A261B3B131
:101EF0009C61A36903B15C61236903B1DC602022AA
:101F0000002109F069FCD0E72C46E1E79361A36961
:101F1000002BE8D062695A61E5E7F360F7E7F46007
:101F2000E7E7F36845F8083C03B15C61F460BCE79F
:101F300070BD00BFF01800209C490020EC18002064
:101F400038B528220C4605460021154809F044FC06
:101F5000144B15481B6898471449154800F038F889
:101F6000232C1CD915F003031FBF043CE418C3F154
:101F70000403ED1822460021284609F02DFC084BE9
:101F80000C499D60C3E90054203C6C609A68116064
:101F90009A68DA60A1F11021A1F1EF11D16138BD89
:101FA00088490020F81800209C490020191E0200D2
:101FB000F11C020055AA00FF014B1B68184700BF27
:101FC000E4180020014B1B68184700BFE0180020F0
:101FD000024B1860024B002019607047E418002083
:101FE000E018002010B50A46044619B1024B002142
:101FF0001B68984710BD00BFE8180020F8B50D4ECB
:102000000D4C0E4D33680E48984767782B680C4886
:10201000984733680B489847022F08D12478E31F6C
:102020005C425C412B68074898472046F8BD002475
:10203000F8E700BFF0180020B0490020EC1800209D
:10204000E8190020D41900200E4B0340B3F1607F43
:1020500006D1B1F5885F14BF6FF08600002070478D
:10206000B3F1707F0BD101F4E043B3F5005F06D10B
:1020700011F4E06F0CBF6FF08600002070476FF026
:10208000860070470000C07F8A4270B506460D4644
:1020900000F0ED80784922F4FF7323F001038B42B6
:1020A00013D022F0FF0001F5885188420DD0734C07
:1020B00022F47F7121F00301A14206D070498842C9
:1020C00003D001F574518B422CD16E4B25F0FF01EA
:1020D00099420FD115F0FF000BD06B4B40F0007010
:1020E000984240F0C68082EA0500FF288CBF00209D
:1020F000012070BD654B9942ECD0A3F588539942FD
:10210000E8D025F4FF7323F00103B3F1062FE1D0EB
:102110005B488142DED05E498B42DBD0A1F5844131
:102120008B42D7D005F0FE43B3F1A06F13D102F07C
:10213000FE43B3F1A06F40F0888082EA050333F4D8
:102140007E1340F082802E047FD5C5F30540C2F394
:1021500005429042CAE74F498D420BD14E4B9A42FD
:1021600000F085804D4B22F47E10984214BF002071
:102170000120BEE7B3F1407F67D102F0FE43B3F127
:10218000407F62D182EA050030F47E145DD1314691
:102190002846FFF759FF00286BD1414B12F47C1100
:1021A00003EA020318D0B3F1607FC2F305413DD1C9
:1021B0003C48D3B243F0007383423BD003F17E43EB
:1021C000043B112B01D83848C45C15F47C1FC5F3BF
:1021D000054331D18C42C9E7B3F1607F0DD131485D
:1021E000D3B243F0007383421ED003F17E43043B1D
:1021F000112BDDD82D49C95CDAE7B3F1707FE4D14A
:1022000006F4E043B3F5005F03D1C6F302230121D6
:10221000994006F4E043B3F5005FD6D1C6F3022639
:10222000012000FA06F4D0E71021C1E7B3F1707F76
:10223000CBD1EEE71024C8E712F47C1F01D1A342F2
:1022400015D02C0401D58B4250E725F0004323F430
:102250007F03B3F1106F0CD102F0FE43B3F1106FA6
:1022600007D11348104040F01060A8427EE70120DB
:102270003FE700203DE700BF000200060004000623
:102280000009000600030006FF000002001300061C
:10229000004600060093C0040013C004000140057E
:1022A0000000C07F03000002E20A0300E20A03000C
:1022B0000000FFF62DE9F843884617461C4600F05B
:1022C00013FC054688BBD8F80060B6F8009009F406
:1022D000E043B3F5804FB36808BF27F0010737EA42
:1022E00003031AD10CB3274B24F0FF029A421FD1EB
:1022F00014F0FF0304D0244A43F00073934236D015
:10230000F16822464846FFF7BFFE074668B93169C3
:1023100022464846FFF7B8FE90BB6FF084050023C5
:10232000C8F80030304600F013FC2846BDE8F883BA
:10233000164B9A42DCD0A3F588539A42D8D024F4A5
:10234000FF7323F00103B3F1062FD1D010498A4265
:10235000CED0104A9342CBD0A2F584429342C7D04C
:1023600004F0FE43B3F1407F04D12304C8D56FF0DD
:102370008605D4E7B3F1A06FF7D0034B9C42BEE7CC
:102380003D46D2E700030006FF00000200130006EE
:10239000000900060046000670B5114B05461B6893
:1023A00010480E469847044618B16FF08F04204637
:1023B00070BD6B6933602B7F012B04BF02232B7729
:1023C000094B18BF30601B68064818BF6FF09604B1
:1023D00098470028EBD0002CE7D06FF09604E6E792
:1023E000F0180020C0190020EC18002038B500F0CB
:1023F000FE43B3F1407F04460D4602D06FF08600E5
:1024000038BDFFF721FE0028FAD114F47C1F12D04A
:10241000C4F30543032B137022D9284A2240B2F19A
:10242000607F3DD1264AE4B244F0007494422BD13F
:10243000102BE5D9E2E7214B2340B3F1607F15D1A2
:102440001F49E3B243F000738B4202D11023137093
:10245000D6E703F17E43043B112B04D9002313700C
:102460006FF08500CCE71749CB5CD3E7B3F1707F01
:10247000F4D101F4E043B3F5005FEFD1C1F30221E1
:1024800001238B40DBB2C5E704F17E44043C112CF0
:10249000B4D80D4A125D9342B0D8142BB0D9DFE7FF
:1024A000B2F1707FAAD105F4E042B2F5005FA5D188
:1024B000C5F302250122AA40EDE700BF0000C07F5E
:1024C00003000002E20A0300E20A03002DE9F341DF
:1024D000002313604768D0F8148004460E4638463F
:1024E000114608F0FAFD054688B9384608F0F7FDB0
:1024F000054660B9FFB277B9B8F1000F05D1A368FE
:1025000023F0031323F47F4363B16FF0860528465D
:1025100002B0BDE8F0816069012108F0B8FD002833
:10252000EDD1F2E762884FF6F8739A4227D8154B3F
:1025300015481B682779984710B16FF08F05E6E7BB
:1025400007B901A8314600F087FA104B05461B6811
:102550000D48984710B1002DD9D1EEE7002DD6D106
:102560000FCCD6F800C066460FC694E8070086E890
:102570000700002FCBD1019BCCF81430C7E76FF0D8
:102580008505C4E7F0180020C0190020EC180020D1
:1025900010B5044660B1074B07481B6898472046B2
:1025A00008F024FB054B04481B68BDE810401847A1
:1025B00010BD00BFF0180020C0190020EC1800204A
:1025C00037B50446C0B101A900F08EFA044698B9A7
:1025D000194B1A481B681A4D9847F0B90198037FA8
:1025E000032B11D108F064FD2B680446134898476B
:1025F00028B10CB96FF08F04204603B030BD002C19
:1026000008BF6FF08704F7E7022B12D1032303778B
:102610000379FF2B08BF6FF08404019808F048FD90
:102620002B68002818BF0446044898470028E3D0C8
:10263000DFE76FF09604F0E7F0180020C0190020E3
:10264000EC1800202DE9F0411F4688B01646002204
:1026500003880796CDE90422054688463A60002E95
:1026600062D0B6F1005F80F09E8023F0FF03B3F5E7
:10267000E24F02D0B3F5824F22D1284608F097F9F5
:102680000446002840F08380EB686BB16A885AB139
:102690002B8803F44F41B1F5824F05D1DBB2222BD9
:1026A00037D02DD8122B39D0424608EB0601002333
:1026B00012F8010B914243EA0003F9D1002B33D009
:1026C00005AA04A92846FFF701FF0446A0B9049B08
:1026D0009B6A63B3049B5A88069206AA029203F18E
:1026E000280201929A6A00925B6A32464146284665
:1026F00008F027FD044678B30498FFF749FF46E049
:10270000273BDBB21B2BCFD8284921FA03F3DB0789
:10271000CAD50732B6EBD20FC6D205E040F2092384
:102720009A42F6D1402EBFD86FF086042FE06B6836
:102730001B0A07D10799049808F018FA04460028E4
:10274000C8D0D9E707AB32464146284608F0D1FC4D
:1027500004460028EED0CFE70499069B4A88D2B9F8
:102760004B80069A04984FF6F8739A4218D82B8833
:1027700013B102889A4210D16B8813B142889A42F1
:102780000BD13946FFF708FE04460028B4D1204695
:1027900008B0BDE8F0819A42E3D06FF08604ABE761
:1027A0006FF08504A8E76FF08504F0E70102000CE4
:1027B00038B504460D46FFF721FC30B12A462146C4
:1027C0000348BDE8384008F06EBD6FF0880038BDA2
:1027D000B449002070B51D4E1D4C33681D48984704
:1027E0002378590744BF23F00403237023789A0702
:1027F00005D500F017F9237823F002032370164D56
:1028000014482B689847336814489847637813B185
:10281000134808F04AFD00234FF4A8711048637074
:10282000FFF7E0FB2B680D48984733680948984745
:102830002378DB0705D508F05BFC237823F0010340
:1028400023702B680348BDE870401847F01800203B
:10285000B0490020D4190020EC180020E81900200D
:10286000B44900202DE9F041FFF7C8FB18B100245E
:102870002046BDE8F081364F36483B68984704460D
:1028800020B16FF08F04FFF7A5FFF1E7324D2B78F1
:10289000D80706D408F02AFC2B7843F0010304463D
:1028A0002B702E4E2B483368984710B1002CE8D07F
:1028B000E9E7002CE7D13B68264898470446002802
:1028C000DFD12B78990706D400F0A4F82B7843F0D9
:1028D000020304462B7033681E4898470028E5D150
:1028E000002CD0D13B681B4898470028C9D13368D9
:1028F000184895F8008098470028C2D13B681848CE
:10290000984704460028BCD16B7843B918F0010FF2
:1029100005D0144808F0C5FC022304466B703368E8
:102920000F4898470028C1D1002CACD13B6809481A
:1029300098470028A5D12B7806485A075CBF43F07A
:1029400004032B7033689847002890D099E700BFA4
:10295000F0180020D4190020B0490020EC18002005
:10296000E8190020B449002038B5074C074B204631
:102970001B689847064B93F88055064B20461B680A
:102980009847284638BD00BFD4190020F018002011
:10299000044B0020EC18002000F140421F2A38B5FB
:1029A00004460D460CD81A4B2C2101FB02331A7F2A
:1029B000022A02D15A69824218D06FF08B001FE0C0
:1029C000012108F064FBE0B1114A00201346117F99
:1029D000022902D15169A14205D00130202802F11B
:1029E0002C02F4D1E9E72C2202FB00331A7F022AE1
:1029F0000AD11A6A511C07D001321A6200202B60DA
:102A000038BD6FF08700FBE76FF09600F8E700BF76
:102A1000044B0020024B012283F8802500207047E0
:102A2000044B00202DE9F0410A4C002526464FF0CA
:102A300001080327C4F8208027772046013508F0D5
:102A4000D5F8202D04F12C04F4D1002386F880352C
:102A5000BDE8F081044B0020F8B506460F46FFF7AD
:102A600083FF002835D01E4B002422461D46197FC7
:102A7000F9B13CB9022905D1196A19B919790029A6
:102A800018BF1C460132202A03F12C03EFD114B9E0
:102A90006FF08C000BE0237F022B04D1236A5A1CB9
:102AA0001CBF01332362204608F0A0F810B10024B7
:102AB0000DE01C46237F7BB90123237736B1094BF8
:102AC000651BAD105D4305F18045356000203C601D
:102AD000F8BD6FF08800EAE76FF09600E7E700BF07
:102AE000044B0020A38B2EBA002370B50B60044664
:102AF0000D46FFF739FF08B3124B13481B68984780
:102B0000064618B16FF08F04204670BD2046294656
:102B1000FFF742FF10F18C0F0C4B044607D01B68E7
:102B2000094898470028EFD0002CEDD1EAE72E6045
:102B30001B68054898476FF08704E5E76FF0880445
:102B4000E2E700BFF0180020C0190020EC180020B8
:102B500010B50B4B04461B680A48984718B16FF034
:102B60008F04204610BD204608F0A2FA064B04460A
:102B70001B68044898470028F3D0002CF1D1EEE7F9
:102B8000F0180020C0190020EC18002070B40A4E84
:102B90004568DCB244F00074B4424FEA152503D016
:102BA00035B970BC00F0CCB86FF0850070BC7047D0
:102BB0006FF08600FAE700BF05000002F7B5089E37
:102BC0000D4FF5B2044645F000754868BD424FEA26
:102BD00010200AD060B9009604F1080000F07CF8DB
:102BE00008B91C23236003B0F0BD6FF08500FAE73D
:102BF0006FF08600F7E700BF05000002F7B5089EFA
:102C00000D4FF5B2044645F000754868BD424FEAE5
:102C100010200AD060B9009604F1080008F045FCC5
:102C200008B91C23236003B0F0BD6FF08500FAE7FC
:102C30006FF08600F7E700BF050000022DE9F041C4
:102C40004FF6FF749C4228BF1C460D461FFA84F8BD
:102C50001646AAB1A1B19BB10B4F384607F0EDF96A
:102C600018B96FF09200BDE8F081BB6842461B685E
:102C70003146384698470028F3D1E4002C60F2E74B
:102C80006FF08600EFE700BFFCBC02007FB50024B8
:102C9000C0F848410F4C0094054608F0A8FA0446D5
:102CA00098B903AB102205F59C7601930092334648
:102CB00005F59471284608F0ADFA044628B9304667
:102CC00008F021FB204604B070BD284608F0AEFA9B
:102CD000F8E700BF004440042DE9F0411E46069B82
:102CE0001746154A23F47E13934204460D461BD122
:102CF0000B88B3F5105F17D1A6F11002102A17D870
:102D00000E4BD340DB0713D54FF4A672002108F019
:102D100063FD022384F84C313A4633462946204667
:102D2000BDE8F041FFF7B2BF6FF08500BDE8F0816C
:102D30006FF08600FAE700BF0002C0030101010046
:102D40002DE9F04323F47E16124BDDF82C909E42C1
:102D5000DDE9077CDDE909E815D10388B3F5105FEB
:102D600011D1A2F11004102C11D80B4D25FA04F446
:102D7000E3070CD5CDE90989CDE907CE3B46BDE88F
:102D8000F04308F069BB6FF08500BDE8F0836FF099
:102D90008600FAE70002C0030101010073B50C468A
:102DA00011461A462388069EB3F5105F054619D1D1
:102DB000A2F11004102C12D80C4BE340DB070ED507
:102DC0000B4B9E420ED100240094234600F03AF9AA
:102DD00085F81C41C5F81861204602B070BD6FF03F
:102DE0008600FAE76FF08500F7E700BF01010100F8
:102DF000004440042DE9F04116461F46D0F8182142
:102E00000E4B9A420546884611D1314600F03AF9F8
:102E1000069B984204460DD833462846424639461A
:102E200000F03EF9079B00201C60BDE8F0816FF0C8
:102E30008500FAE76FF08900F7E700BF004440041F
:102E400030B58BB0044618220D4604A8002108F0C6
:102E5000C3FC4FF41053ADF80C3020464FF4807390
:102E6000ADF80E30059308F0E1F94FF494720021AB
:102E7000204608F0B1FC0B4B00932A46202303A9FF
:102E8000204608F0B4F950B905F1200304F5947414
:102E9000303553F8042B44F8042BAB42F9D10BB076
:102EA00030BD00BF0044400410B5164B8EB01B6807
:102EB000044600F59E7098473022002102A808F0D1
:102EC0008BFC02A92046FFF7BBFF034660B9302305
:102ED00002AA01A908F0EBF9034628B9019BB3F552
:102EE000C07F04D26FF0930318460EB010BD02A944
:102EF000204608F06CFB03460028F5D10122C4F8F7
:102F00003821F1E7F8180020F0B5284B00F59E763F
:102F10008FB004461B6830460F461546984718B1D7
:102F20006FF083000FB0F0BDD4F83831002B36D0ED
:102F3000B5F5803F36D842F21072934215D930234E
:102F400002AA01A908F0B3F90028EBD1019BFF2BDD
:102F500002D86FF09300E5E702A9204608F037FB9E
:102F60000028DFD10123C4F838312B463A4600212E
:102F7000204608F0D7FA0028D4D10146204608F0B0
:102F800026FB0028CED1D4F838310133C4F83831CB
:102F9000074B30461B6898470028C3D0C0E76FF046
:102FA0008800BFE76FF08600BCE700BFF018002084
:102FB000EC18002010B5044608F038F9064B04F56B
:102FC0009E701B6898474FF4A8720021204608F0B5
:102FD00003FC002010BD00BFF418002070B5184E8F
:102FE000049C4588B34202D06FF0850070BDEE1D91
:102FF000B2EBD60F4FEAD60302D06FF08600F5E7AA
:10300000079A934218D8089A1360008847F2121260
:103010009042E9D1059A5B0001339342EDD12378C8
:10302000042BEAD1B5F5807FDED10698621C00F052
:1030300067F90028DAD0E0E76FF08900D6E700BF33
:1030400000000209F8B5069F04461D4661B1164608
:10305000AFB9DDF745FA002384F8116184F8103127
:1030600084F8127184F8133145B11022294604F115
:10307000F00008F089FB012384F81331F8BDDDF777
:10308000C3FBE8E751B190F8103190F812210B44DE
:1030900002F001029B1A23F00F00704708467047A8
:1030A0002DE9F04F044687B090F8120194F8109182
:1030B0000090002B55D0924600F00108C9F1100293
:1030C0001E4608EB0203B34204F5807700F2C48089
:1030D0000D46002A40F0B380009B002B6AD194F883
:1030E000133104F1F009C846002B40F0C18094F878
:1030F0001131224639464846DDF79EF80F2E40F240
:10310000CE80A6F1100323F00F031033019305EBDB
:10311000030BD04694F813C1102341464A46384663
:10312000BCF1000F20D0DDF7A1FD10224946284652
:1031300008F02AFB103594F81131224639464846EA
:10314000DDF77AF85D4508F11008E3D116F00F06B7
:1031500021D184F81061C84610224146584608F033
:1031600013FB07B0BDE8F08F102208F00DFB102212
:103170004946284608F008FB103594F811312246DC
:1031800039464846DDF758F8AB4508F11008C1D17B
:1031900016F00F06DDD0019B9A4451463846324660
:1031A00008F0F2FA009B84F81061002B7DD00DF13D
:1031B0000808D1E794F811312246394602A8DDF714
:1031C000D1F994F81331002B5BD1B8F1000F0CBF8B
:1031D0004FF010094FF011094E4529D304F1F008C2
:1031E00001E04E4524D3514610223846924408F05F
:1031F000CBFA102202A9284608F0C6FA94F8113139
:103200002246394602A8DDF7ADF994F81331103E95
:103210001035002BE5D002A9084642461023DDF701
:1032200025FD10223946404608F0AEFA4E45DAD266
:103230002EBB84F81061AB460DF108088CE75146AF
:1032400007EB0900924408F09FFA009B103E4E44A1
:10325000002B3FF444AFADE707EB0900514632467F
:1032600008F092FAB14484F8109107B0BDE8F08FED
:1032700010234A4639463846DDF7F8FC37E7AB46B7
:103280008BE702A904F1F0094A4608461023DDF74E
:10329000EDFC48461022394608F076FA95E7002EF4
:1032A000EDD184F81061AB4656E704F1F00952E71E
:1032B00000B589B00146684600F03CF809B05DF8F9
:1032C00004FB00BF00B591B00146684600F06AF902
:1032D00011B05DF804FB00BF30B599B005466846F3
:1032E00000F028F86946044608A800F053FA08A937
:1032F0000443284600F08AF9204619B030BD00BFCB
:1033000070B598B005466846164600F013F8314689
:10331000044608A800F046F908A96A46044308468E
:1033200000F082F908A90443284600F06DF9204610
:1033300018B070BD70B50B68124E1BBAC3614B68F4
:103340001BBA83618B681BBA4361CB681BBA0361EC
:103350000B691BBAC3604B691BBA83608B691BBACC
:103360004360CB691BBA3246036001460446DDF771
:103370006DFA3146054602462046DDF787FA681E9B
:1033800070BD00BF58CF02002DE9F04188B00C4657
:10339000064602F12001684606F120079046DDF757
:1033A0004FFD6A4669466846DDF76CFC694638465B
:1033B000DDF746FD3A463946384604F12005DDF78B
:1033C00061FC6A4669466846DDF75CFC4146284672
:1033D000DDF736FD6A4641463046DDF719FD2A46DF
:1033E00029466846DDF74EFC2A4669466846DDF701
:1033F00049FC124A69466846DDF744FC69462046A6
:10340000DDF71EFD324621462046DDF779FC3246C7
:1034100021462046DDF774FC224631462846DDF77A
:103420006FFC6A4629462846DDF7F2FC3A462946F3
:103430002846DDF765FC08B0BDE8F08138D0020011
:10344000F0B599B004460D460A4601466846DDF7D8
:1034500057FC69466846DDF7F3FC6A46214608A832
:1034600005F1200604F12007DDF7D2FC6A46294663
:103470006846DDF7CDFC3246394610A8DDF702FC80
:10348000324639463046DDF73BFC31462846DDF70B
:10349000D7FC6A4608A92046DDF7F4FB22462946F8
:1034A0002846DDF72DFC6A4608A96846DDF728FCAA
:1034B0006A4639463846DDF7ABFC2A4608A9684615
:1034C000DDF71EFC6A4631463046DDF7A1FC3A4680
:1034D00031463046DDF714FC10A96846DDF7B0FC34
:1034E000224669462046DDF70BFC08A9224608461D
:1034F000DDF706FC10A908AA0846DDF789FC3A4664
:1035000010A93846DDF7FCFB19B0F0BD2DE9F041FC
:1035100088B00C46054690460A4601466846DDF7E7
:10352000EFFB69466846DDF78BFC6A46294628466C
:1035300004F12006DDF76CFC05F120076A46214600
:103540006846DDF765FC324639463046DDF7D8FB84
:1035500031462046DDF774FC2A4621462046DDF739
:10356000CFFB6A4621462046DDF7CAFB6A4629465C
:103570004046DDF7C5FB424639463846DDF748FC94
:10358000224629466846DDF7BBFB6A46314630468F
:10359000DDF73EFC3A4631463046DDF7B1FB08B078
:1035A000BDE8F08170B500F1200690B00D460446EC
:1035B00000F014F905F12001304600F00FF9214622
:1035C00008A8DDF73DFC08A908460D4ADDF75AFBBF
:1035D00008A922460846DDF71BFC08A9094A084647
:1035E000DDF750FB31466846DDF72AFC20226946AC
:1035F0000DEB0200DDF718FB013810B070BD00BF05
:1036000038D0020018D0020000F002B938B50446E4
:103610000D4600F0FDF805F1200104F12000BDE8A1
:10362000384000F0F5B800BF2DE9F0471346B8B0B8
:10363000544A89468046194610A8DDF707F95249D1
:10364000024610A8DDF722F9179E4E4900EAD67609
:103650000746C6F1010210A8DDF718F9179B4A4684
:103660006FEA030A28A918A8FFF78EFE4FEADA7A54
:1036700020A9CAF10102084600F092F8C7F101073B
:10368000FE246A4618A928A8FFF740FF631138AA4C
:1036900002EB830304F01F0253F8A03CD3405546CD
:1036A00003F0010A8AEA05052A4628A918A8DDF7C9
:1036B00049F92A4630A920A8DDF744F9013C28A998
:1036C00018A8FFF7BDFE631CDBD1CAF1010220A9D7
:1036D00008A800F065F886EA0A066A4618A928A82C
:1036E000FFF714FF28A9324618A8DDF72BF9324658
:1036F00030A920A8DDF726F908A96A460846DDF7B3
:1037000087FB08A9084600F09DF808A908F12004E5
:1037100009F120020846DDF77BFB20A908AA204614
:10372000DDF776FB08AA18A96846DDF771FB694644
:103730006846DDF785FB18AA694608A8DDF768FB2F
:1037400021466846DDF77CFB08AA69461046DDF78E
:10375000D7FA0E4A08A96846DDF7D2FA204620219A
:10376000DDF776FA08A9024644426846DDF7EAF832
:103770004046074A6946DDF74BFB3C43204638B0DC
:10378000BDE8F08798CF0200B8CF020018D0020041
:1037900078CF02000A460149FFF746BFD8CF0200A2
:1037A00070B588B004460D461646002120226846B2
:1037B00008F012F80023294620222046009307F043
:1037C000E3FF2A4669466846DDF79AFA32466946BB
:1037D0002046DDF7B7F808B070BD00BF0B681BBA14
:1037E000C3614B681BBA83618B681BBA4361CB68AA
:1037F0001BBA03610B691BBAC3604B691BBA8360B8
:103800008B691BBA4360CB691BBA0360704700BF6A
:10381000CB691BBA03608B691BBA43604B691BBA47
:1038200083600B691BBAC360CB681BBA03618B68EA
:103830001BBA43614B681BBA83610B681BBAC36137
:10384000704700BF70B598B00D46064610A8DDF76A
:10385000F7FA2A4610A96846DDF7DAFA694610A891
:10386000DDF7EEFA10A90846DDF7EAFA6A4610A974
:1038700008A8DDF7CDFA08A910A8DDF7E1FA10A92C
:103880000846DDF7DDFA10A90846DDF7D9FA10A9D8
:103890000846DDF7D5FA10A908AA0846DDF7B8FAF8
:1038A00010A90846DDF7CCFA10A90846DDF7C8FADA
:1038B00010A96A4608A8DDF7ABFA052408A910A8E4
:1038C000DDF7BEFA10A90846DDF7BAFA013C10A9E7
:1038D000F5D108AA0846DDF79BFA052410A9084689
:1038E000DDF7AEFA10A90846DDF7AAFA013CF5D1DA
:1038F00010A908AA0846DDF78BFA10A908A8DDF779
:103900009FFA08A90846DDF79BFA08A96A466846A7
:10391000DDF77EFA1024694610A8DDF791FA10A9A8
:103920000846DDF78DFA013C10A9F5D12A46084674
:10393000DDF76EFA402410A90846DDF781FA10A9D8
:103940000846DDF77DFA013CF5D110A96A46084624
:10395000DDF75EFA102410A90846DDF771FA10A908
:103960000846DDF76DFA013CF5D110A96A46084614
:10397000DDF74EFA102410A90846DDF761FA10A908
:103980000846DDF75DFA013CF5D110A908AA084602
:10399000DDF73EFA2A4610A93046DDF739FA18B0AD
:1039A00070BD00BF08B5054B044613B10021AFF34D
:1039B000008001F0B3F92046F0F7E0FA00000000C3
:1039C000F8B50E4B1D68AB789B07064612D56F689D
:1039D00016F8014B29462CB90A20B847002805DB08
:1039E000204609E02046B8470028F1DAAB7843F0DA
:1039F0000403AB704FF0FF30F8BD00BF80C9020078
:103A00000CB430B589B005460C461C22002101A833
:103A100007F0E2FE02238DF806300E4B0293059567
:103A200023462CB1B4F1004F28BF4FF00043013BB7
:103A30001D440DAA0C99069501A8009200F00EF9FC
:103A400014B1059B00221A7009B0BDE8304002B0E5
:103A5000704700BFC7BB0200242AF0B5044601D856
:103A6000012A40D108F0B8F82D4B16221A5001B1A6
:103A70000C600020F0BD2F463D4615F8010B2028B4
:103A8000F9D0A0F10906042E0346F4D92B282CD036
:103A90002D282CD101267B78BD1C302B2DD12878E8
:103AA00040F02000782824D132F0100021D16B782A
:103AB0002C46102202350020392B82BF03F1FF3340
:103AC00043F02003263B303B9A421AD9A0FB020464
:103AD0000CB9C01801D346F002062F462C4617F841
:103AE000013B3D46E8E70746C6E70026D3E7002648
:103AF000D3E7002A08BF0822DDE7002A08BF0A2210
:103B0000D9E701B10C60F20748BF4042B307B1D515
:103B100008F062F8024B22221A504FF0FF30A9E75A
:103B20000C0000002DE9F04101260746B24201DCFD
:103B3000BDE8F0813B461F4613F8014B002CF7D03F
:103B4000252CF8D11C78252C07F10207F2D0002390
:103B5000DFF804819C461D461F2D18D8A4F1200EC5
:103B6000BEF1100F09D9A4F1300EBEF1090F1ED815
:103B70000A2404FB03E3202504E028FA0EFE1EF0CD
:103B8000010F06D017F8014B002CE5D128E07F2D5E
:103B90001CD8A4F1300EBEF1090FE9D9242C10D1A4
:103BA000BCF1000F46D0B34246D00023EAE724F030
:103BB000040EBEF12A0FF8D06C2C09D145F0800517
:103BC000E0E724F0040EBEF12A0FEED06C2C22D0D8
:103BD0006C2C1BD8682C23D06A2C28D04C2C26D0D7
:103BE000BCF1000FA4D0B445A0D144F02007A7F148
:103BF000650CBCF1020F0B6801D9612F1ED1073390
:103C000023F0070308330B6001368EE7742CB9D01C
:103C10007A2CB7D0E4E72C0648BF45F40075CDE711
:103C2000EC0548BF45F4007545F48075AAE745F4F6
:103C30002075A7E79C46B8E76324D6E7692C02D035
:103C400007D8632C03D02F0601D5AC05D7D4043395
:103C5000D9E7732CF6E700BF892801002DE9F04F62
:103C600095B043680393837880469807CDE908129E
:103C700017D50D920B4600251F78A7B1252F16D01A
:103C800001330793039B414638469847002805F1C6
:103C9000010580F2398498F8023043F0040388F873
:103CA00002304FF0FF35284615B0BDE8F08F5F7841
:103CB0009A1C252F0792E5D000242646A246A3464B
:103CC000BBF11F0F32D8A7F12003102B0AD8DFE871
:103CD00003F02409092A0909091B090909220927EE
:103CE00009091900A7F13003092B2DD92A2F39D141
:103CF00054B90D9B1BF0400F53F8042B0D9329D0A2
:103D0000164601E04BF0010B079B13F8017B07936C
:103D1000002FD5D15BE04BF0020B4BF0040BF3E727
:103D20004BF0080BF0E74BF0100BEDE7BBF17F0F0A
:103D30003FD8A7F13003092BD8D81BF0400F03D090
:103D40000A2202FB0636DFE70A2202FB0A3A4BF0A0
:103D5000200BD9E7B2F1000AF9DACAF1000A4BF0F8
:103D6000280BD1E72E2F05D11BF0400F9BD14BF034
:103D7000400BC9E7242F1CD1002C00F04281099B85
:103D80000D931BF0400F0AD1524608980DA9FFF77A
:103D9000C9FE0D9B1A1DD3F800A00D92B4E7324660
:103DA00008980DA9FFF7BEFE0D9B1A1D1E680D9207
:103DB000AAE76C2F00F0128100F20981682F00F051
:103DC00015816A2F00F01A814C2F00F0178134B151
:103DD000099B08980D9322460DA9FFF7A3FE002E1C
:103DE00047F02009B8BF2BF0400BA9F16503BCBF19
:103DF0001FFA8BFB0026022B40F20881B9F1610FFC
:103E000040F06782FF4307F0200306930D9B0733C2
:103E100023F007031BF0400FD3E9000103F1080270
:103E200008BF4FF0FF36069B0D9200930EAA334653
:103E300007F035FE0130C3B2B3424BF4C0540493D3
:103E400001DB049B5E1E01230E9F0593A3464FF0EA
:103E5000700907F10903122B0DD907F16303C62B73
:103E600040F20F8107F2E73340F2CE72934294BFE3
:103E70000323042305939DF83C2002F00C0312F069
:103E8000010240F019811BF0020F40F012811BF07B
:103E9000040400F0F880002B40F0118120231BF473
:103EA000405F1FD1049A5032002E6A4408BF012699
:103EB000133A049921B112F8011D302900F036811E
:103EC0001BF0100F049A18BF3246391DC0F233811F
:103ED000B74280F23081BA424BF4005B40F32D814F
:103EE0007E1C961B1BF400520A9200F0288127EAE0
:103EF000E774013403B10134002E00F02881721CF4
:103F00001444A245CCBFAAEB040400241BF0090F03
:103F100004D12C44A54240F01F81002443B118462F
:103F20004146039B9847002805F10105FFF6B3AE13
:103F30001BF4006F13D0039B4146302098470028A4
:103F4000FFF6A9AE069BC3F178004146039B00F043
:103F5000F8009847002805F10205FFF69CAE1BF01B
:103F6000080F05D12C44AC4240F0028125460024C4
:103F70000A9B002B00F01C8127EAE77AA7EB0A07CF
:103F80007642049BBB4284BF0EABFB180AF1FF3A9A
:103F900088BF5879039B98BF3020564505F1010929
:103FA000414600F3EF809847002807F10107FFF62C
:103FB00072AEBAF1FF3F08D1039B41462E209847CD
:103FC0000028FFF668AE05F102094D46D9E7742FC7
:103FD0003FF49AAE7A2F3FF497AEF8E61BF0800FCD
:103FE00018BF4BF4007B4BF0800B8DE61BF4807FF9
:103FF00018BF4BF4007B4BF4807B85E64BF4207BB1
:1040000082E62646B3465446B2467DE6FF4307F0B5
:10401000200306930D9B073323F007031BF0400F8B
:1040200003F1080208BF0626B9F1650FD3E90001C4
:104030000D9213D1731C0022DBB24BF4805B14464B
:10404000112BCDE9002428BF11230EAA00F0FCFAA1
:10405000C3B2049302230E9F0593FAE6B9F1660FEB
:1040600005D14BF4005B344601221123E8E7F3B29B
:10407000012B4FF0000238BF012314464FF06509B1
:10408000DEE70223F6E6002B3FF409AFBAF1030F97
:104090003BDC9DF83C30A64E13F0080FA54B08BF43
:1040A0001E463746B94617F8010BB0BBAE1BB144EC
:1040B0007BE033BB2B23F2E62BBB2D23EFE6202244
:1040C000BAF1040F13DD1BF0080FAAF104040FD19D
:1040D0002C44039B0492414620209847002805F178
:1040E0000105FFF6D8ADA542049AF2D19AB1002499
:1040F000039B414610469847002805F10105C8DAA0
:10410000C9E52B22DCE72D22DAE71BF0080FAAF124
:104110000304BED1DCE71446BBE7069BC01A414648
:10412000039BC0B298470028BCDAB4E50499013972
:10413000C9B20491BDE6561ED4E60026D2E61BF4B1
:10414000006F059A0CBF032405241444D2E61BF02B
:10415000100F18BF0134D4E60B934146039B202077
:10416000984700280B9B05F10105BFF6D3AE92E5F9
:10417000039B414630209847002805F10105BFF612
:10418000F2AE88E598470028FFF685AD1BF0100FCA
:104190000BD0BAF1FF3F08D105F1020941462E20AC
:1041A000039B98470028FFF676AD4D464C4433E21A
:1041B0009DF83D00039B414698470028FFF66BADF4
:1041C000002E69DD039B41462E2098470028FFF60C
:1041D00062AD4FF0010A049B9A45BBBF0EAB53443E
:1041E00030205879039B414698470028D346FFF674
:1041F00052AD0AF1010A5645EDDA02355D44069BDF
:10420000A9EB03004146039BC0B298470028FFF684
:1042100042AD002FB4BF2D202B20039B4146B8BFD9
:104220007F4298470028FFF636AD059B042B41D10D
:104230004FF47A79B7FBF9F606F13000039B41465B
:10424000C0B29847002805F10305FFF624AD09FB2D
:1042500016774FF06409B7FBF9F606F13000039BBF
:104260004146C0B29847002805F10105FFF613AD9D
:1042700009FB16774FF00A09B7FBF9F606F1300093
:10428000039B4146C0B29847002805F10105FFF69F
:1042900002AD09FB167715E01BF0100F01D10135B7
:1042A000ADE7039B41462E209847002805F1020503
:1042B000A5DAF0E4059B032B05F10205C9D0059BA7
:1042C000012BD7D107F1300005F101094146C0B2F9
:1042D00066E7A7F16303122B00F2FF80DFE813F01B
:1042E00013005700FD00FD00FD00FD005700FD001C
:1042F000FD00FD00FD00FD001701F800FD00FD00C0
:104300002C00FD00B9000D9B1A1D1B680D928DF845
:10431000383001240EAF1BF0080F2ED03E19B946DD
:10432000B1452CD1EF1BB944AAEB04043DE700BF13
:104330000F0B030021E002000D9B1A1D0D921F6858
:10434000AB4B002F08BF1F461BF0400F14BF314678
:104350004FF0FF31384607F079FA0446DBE7039B5C
:104360004146202098470028FFF695AC013EB44214
:10437000F5D35544AD1BB246D0E75646F7E719F8DA
:10438000010B039B414698470028C9DA83E41BF0E0
:10439000800F0D9B35D01BF4007F2DD0073323F009
:1043A0000703D3E9000103F108020D922BF0100975
:1043B00000291FFA89F936DA404261EB410149F4DC
:1043C00080690DF1380B0A235A4607F04BFA19F0B1
:1043D000400FA0EB0B0B65D029F001025E4592B2B5
:1043E00040F3B280002F00F0A98019F0100334468A
:1043F000914626D002345CE01A1D18680D92C11750
:10440000D4E71A1D1BF4807F19680D9201D108466C
:10441000F5E71BF4007F15BF48B208B241F3C011A5
:1044200041F3C031C2E750EA0103CAD11BF0400F8B
:10443000C7D0002EC5D12BF0110B1FFA8BF93446D3
:10444000B34640F2064319EA03031CBF01340023BC
:104450002FE02BF0100B1FFA8BFB0A231BF08004BC
:104460000D9A57D01BF400711DBF073222F00702CE
:1044700002F10801101D19BF0D91D2E900010D9044
:10448000106850EA010252D12BF016091BF0400FC0
:104490001FFA89F94FD0002E4DD12BF0170B1FFAC0
:1044A0008BF9B34619F0100352D0002F4ED10BF107
:1044B000010419F0080F5ED119F0010F06D0A245D2
:1044C0006EDDAAEB040404EB0B06544622464DE0D5
:1044D0004BF0100B10237827C0E7B9F1780F04D107
:1044E000C7F1780343F01003B8E7039B414625204A
:1044F00098470028FFF6CFAB039B414638469847C4
:104500000028FFF6C8AB0235079BFFF7B5BB0823B1
:104510000027A3E7111D0D911BF480711068B0D026
:104520001BF400711ABFC0B2214680B2A9E72BF07C
:10453000060B1FFA8BF90DF1380B45E729F011092D
:104540001FFA89F934467CE79146ABE75C4651E7B0
:104550005C4676E7CDE904234146039B202098473B
:104560000028FFF698AB049A059B01329245F1DCD6
:104570002C1BA5181446F3B1039B414630209847E5
:104580000028FFF688AB6FB90135A9462E44A6EB8B
:1045900009035B4521DC5D460EAE5DBBD944C3E635
:1045A0005E4693E7023541463846039B984700280C
:1045B000EBDAFFF770BB40F2064319EA030FE4D0D1
:1045C00019F0020F14BF2B20202019F4806F05F181
:1045D0000105414618BF2D20E7E7039B41463020E7
:1045E0009847002809F10109D1DAFFF754BB00BF51
:1045F000130B0300013D039B705D41469847002863
:10460000CBDAFFF748BB039B4146202098470028A0
:1046100005F10105FFF63FAB631B002BF3DC73E7ED
:104620001FB502AB0093074A4FF0CC3307F0FDF9FA
:10463000DDE90201C00840EA4170C90805B05DF833
:1046400004FB00BFCDCCCCCC2DE9F04F9BB0044691
:1046500005920A460A93C2F30A559DF890300B93CF
:10466000D20FC1F313030992090D7DB950EA030279
:104670001BD1059A30235371099B156043F0020347
:104680001371012738461BB0BDE8F08F40F2FF726E
:1046900095424AD10343099B059A14BF43F008038E
:1046A00043F0040313710027ECE700F001020892C5
:1046B0004FEA83080122AC4D48EA907887009A4679
:1046C0001646C5F1000B5846069200F011FAB5F1F6
:1046D000FF3FACBF8146A0F10109ABEB090B09EB31
:1046E00005035846049300F009FA16A9A0F17D05C8
:1046F000584600F023FA12AB069A0193A9EB050580
:1047000010AB0292009320462B4616AA514607F0A2
:10471000D1F8B9F1010F04460D4600F2D280089B92
:10472000002B40F0C58001276BE043F4801A00F0B5
:1047300001024FEA8A080343A5F23545089248EA88
:1047400090784FEA800749D140F2FE7319420CBFBE
:1047500001260026002D3246B3DB284600F0C2F9C0
:10476000032DC8BF0138049000F0C8F9049B7C30C9
:104770005D1B054416A9184600F054FA12AB0193CC
:1047800010AB009320462B46029616AA514607F01E
:1047900091F8049B152B04460D4600F2868014AB5D
:1047A000724A009338464FF0CC33414607F03DF94A
:1047B000149B159A9B0843EA827303EB8303BB4265
:1047C000DDE9109A0CD13846414600F09FF9049B70
:1047D00083428CBF00270127002612E00126B9E79B
:1047E000089B002B51D1013F48F1FF31B81B61F10B
:1047F000000100F08BF9049B089F83428CBF0026C8
:1048000001260B9B002B40F09180DDF828B04FF083
:104810000008CDE906884FF00A0ADDE91001FFF72C
:10482000FFFE129B0E93CDE90C0118461399FFF77A
:10483000F7FE0C9B0D9A0F9198420B4693418146CF
:1048400080F08E8020462946FFF7EAFE0E9A0AFB8A
:1048500009F3934214BF002606F001060C9B109347
:104860000D9BCDE911390F9B1393079BB8F1000FF6
:1048700014BF002707F0010701330AFB10485FFA55
:1048800088F8079304460D46C7E7B81C48F10001B5
:1048900000F03CF9049B83428CBF00200120B9EB5F
:1048A00000006AF10002CDE9100200273E46A8E7A9
:1048B000109B119A013B42F1FF32CDE910320127E2
:1048C0008AE7B9F13E0FF0D84FF0FF33A9F120008D
:1048D00003FA09F203FA00F0C9F1200123FA01F109
:1048E00002430A4303FA09F327EA030728EA020806
:1048F00057EA08070CBF012700276DE700FB02FC01
:10490000A1FB0012013362448C4275EB020CF5D21C
:10491000049ADDF828B01344259A1344D20F934229
:10492000B8BF13469B45A8BF9B4670E70A210022EB
:1049300001230846E8E70AFB03F0A2FB0A23013142
:104940000344944275EB0300F5D2594510DDBBF1E9
:10495000000F02D154EA05030AD00123069371E740
:104960000A2200230121ECE7CCFBFFFFCDCCCCCC0D
:10497000002E2FD04FF00A0A129B13990D93184660
:10498000FFF74EFE0D9B0C910AFB00F29A42814606
:1049900020D1DDE91001FFF743FE0E900D91204676
:1049A0002946FFF73DFE0D9B0E9A1092CDE9113975
:1049B0000C9B1393079BB8F1000F14BF002707F05F
:1049C000010701330AFB10485FFA88F80793044691
:1049D0000D46D1E7DDF81090079B9944002F5AD07F
:1049E000B8F1050F57D114F001034AD1069A32B934
:1049F000DDE912239D4208BF94425FD0069B18193F
:104A00004FF00A0445F10001002201262546A0428C
:104A100071EB020755D2EBB1B3451BDA0B9B6BB1BF
:104A2000259ADDF828B006EB09031344012BB8BF23
:104A300001239B45A8BF9B465E450BDD05304FF02B
:104A40000A024FF0000341F10001E7F707FB09F10B
:104A50000109013E5E45A8BF5E4637B20FFA89F9EB
:104A6000059B09FA86F607F10508013E98444FF0C8
:104A70000009B9452CDB059B1A461E60099B137182
:104A800000E6069B2BB9DDE912239D4208BF944244
:104A900009D00123B3E7069B53B9DDE912239D42F8
:104AA00008BF944204D1089B002BF2D1002EF0D015
:104AB000B8F1040F94BF00230123A0E74FF00408CE
:104AC000F1E705FB02F7A4FB054201363A449EE7F5
:104AD0000A220023E7F7C2FA303208F8012D09F163
:104AE0000109C6E7014B5843800C7047413401006F
:104AF000014B5843000D7047FB2E0B00024B5843EF
:104B0000C00C0130704700BF4F9312000A4A70B5C5
:104B100003464FF0CC3600204FF0333506FB03F44C
:104B200002FB0144A3FB023121449D4275EB0104C9
:104B300001D30130F2E770BDCDCCCCCC2DE9F04FE4
:104B40001A23354EB0FBF3FA03FB1A0389B004466F
:104B50000D4606EB0A1653B9D6E90023C1E9002336
:104B6000D6E90201C5E9020109B0BDE8F08F2B4A80
:104B700002EBC303D3E9008904AB0093D6E9022317
:104B80004046494606F051FF06AB0093D6E90023A4
:104B900083460F464046494606F047FFDDE9066278
:104BA00016EB0B0652EB07084FF0000328BF01235A
:104BB000814633B1049B059A013342F10002CDE9ED
:104BC000043220460391FFF799FF07461A2000FBA5
:104BD0000AF0FFF793FF3F1A3246434603990097C6
:104BE000484606F03DFF4FEA141C0D4A640004F0ED
:104BF0001E0352F82C40DC4004F00304241841F159
:104C00000001C5E90041DDE9042300973046414633
:104C100006F026FFA6E700BF18C6020048C502003E
:104C200080D002002DE9F04F1A27DFF8E4A000F150
:104C30001905B5FBF7F56F433A1A4FEA051B89B022
:104C400004460E460AEB05150AD1D5E90023C1E951
:104C50000023D5E90201C6E9020109B0BDE8F08FE1
:104C60002C4B03EBC203D3E9008904AB0093D5E9D5
:104C700002234046494606F0D8FE5AF80B206B68DE
:104C8000013ACDE9020106A963F100030091404613
:104C9000494606F0CAFEDDE906528A4602996D18B9
:104CA000039952EB01084FF0000328BF012381460E
:104CB00033B1049B059A013342F10002CDE904327D
:104CC0003846FFF71BFF07462046FFF717FF3F1A3E
:104CD0002A46434600974846514606F0C1FE4FEA31
:104CE000141C0D4A640004F01E0352F82C40DC40F2
:104CF00004F003040134241841F10001C6E9004125
:104D0000DDE9042300972846414606F0A9FEA2E704
:104D1000E8C6020048C50200D4D0020038B5074DED
:104D2000074C641BA41024B9064B0BB1AFF30080F1
:104D300038BD013C55F824309847F4E700000000E6
:104D40000000000000000000704701F001BA01F00F
:104D5000F6B91FB50E240294CC680194BDF8184032
:104D6000009403F0E0F804B010BD70B50D469DF856
:104D70001040064618462B78E41AE4B2844228BF55
:104D8000044611463CB12246F01806F0FDFC2B7893
:104D90001C442C7070BDBDE87040EBF7A9BA01F05F
:104DA000CEB910B5431800208A4201D880B210BD98
:104DB00013F8014B0131204489B2F5E713B50A23FA
:104DC000009300231A46D4210446ECF787F82046C6
:104DD00002B010BD1FB50A238DF80F1000930DF11E
:104DE0000F020123D2210446ECF778F8204604B0E4
:104DF00010BD13B50A23009300231A460D21044663
:104E0000ECF76CF8204602B010BD7FB59DF820602D
:104E10009DF824508DF80A2049BA9B000446ADF84D
:104E200008109DF82800DBB20EB143F008030DB95D
:104E300043F0100308B943F020038DF80C30002232
:104E40000A238DF80B2000932046052302AA312166
:104E5000ECF744F8204604B070BD1FB59B008DF8F8
:104E600008108DF80A20110A8DF80C3000224FF43A
:104E70007A738DF809108DF80B20009302AA052390
:104E800032210446ECF72AF8204604B010BD8368AE
:104E900000EBC101B3F5004F2CBF51F8220031F8EF
:104EA0001200704700EBC1018068B0F5004F2CBFC5
:104EB00041F8223021F81230704708B50122FFF77F
:104EC000E6FFD04008BD8368B3F5004F00EBC10199
:104ED00008D34B681AB143F001034B60704723F0CD
:104EE0000103FAE74B881AB143F001034B80704786
:104EF00023F00103FAE753000122FFF7D3BF8368D1
:104F0000B3F5004F34BF04230823C91A081AC00898
:104F100070478368B3F5004F34BF04230823481C4F
:104F20000833A0EBD300B0FA80F0C0F11F00704747
:104F30002DE9F041174603220E460446FFF7A7FF6E
:104F40008642054607F104080AD1E3680122BA4007
:104F500023EA0203E360002344F82830BDE8F0812F
:104F6000314602222046FFF792FF2B4606460146B5
:104F700044F8285020460322FFF794FF3346294681
:104F800020460222BDE8F041FFF78CBF70B50D4608
:104F900086680446FFF791FFB6F5004F014601D33E
:104FA000012809D02046FFF7B4FF294602462046D3
:104FB000BDE87040FFF7BCBF70BD2DE9F047054666
:104FC000FFF7A7FF05EB800A8846DAF8109006463F
:104FD000B9F1000F1BD00327DAF81040284621460C
:104FE000FFF76BFF404507D3324621462846FFF7BF
:104FF0009FFF2046BDE8F087032221462846FFF7A1
:1050000046FF013FCAF8100001D08145E4D1EB68AA
:1050100001364FF0FF34B4401C40EAD094FAA4F2B9
:10502000B2FA82F2131D55F82340DEE72DE9F04174
:10503000144605460E46FFF740FFA4EB0608371B53
:105040000744424631462846FFF755FF3A46214677
:105050002846FFF750FF4346002221462846FFF727
:1050600021FF21462846FFF728FF3B462118002252
:105070002846BDE8F041FFF715BF2DE9F04116467F
:1050800004460F46FFF719FF314605462046FFF755
:1050900014FF05442A4639462046FFF72CFF3146C7
:1050A0002046FFF70AFF2B46311800222046BDE8B4
:1050B000F041FFF7F7BE2DE9F0410D468668044642
:1050C000FFF7FBFEB6F5004F014601D3012832D0B1
:1050D0002046FFF71EFF04EB80010E6996B9E368D6
:1050E000012282401343E36002220D612B462946D0
:1050F0002046FFF7D7FE032229462046BDE8F041AF
:10510000FFF7D0BE022231462046FFF7C0FE2946F7
:10511000034607462046FFF7C5FE032233462946CD
:105120002046FFF7BFFE39462B462046FFF7BAFE62
:1051300002223146E1E7BDE8F081F8B50C460546AC
:10514000FFF7BBFE2618012231462846FFF79FFED7
:10515000C3070CD431462846FFF718FF21462846DE
:10516000FFF7ABFE214622182846FFF786FF0022F4
:1051700021462846FFF78BFE271A0122394628468A
:10518000FFF785FE10EA020613D139462846FFF7DD
:10519000FDFE214632462846FFF779FE2246211AB7
:1051A0002846FFF76AFF214632462846FFF76FFE82
:1051B000241A21462846BDE8F840FFF77CBF38B5E1
:1051C00071B105682846FFF79AFE002204460146A1
:1051D0002846FFF778FE2146BDE83840FFF7ADBF0F
:1051E00038BD70B5056809B9002070BDAB6801F025
:1051F0000704B3F5004F2CBF0822042207341444DF
:10520000E40804EBD1049C4228BF1C4621462846F2
:10521000FFF7D3FE06460028E6D001462846FFF7F2
:105220004CFEA04209D93444314628462246FFF7B5
:10523000FDFE21462846FFF73EFF28460122314663
:10524000FFF741FEAB68B3F5004F34BF04230823DA
:1052500003EBC6031844C8E71146FFF7C2BFB2F517
:10526000802F2CBF08230423D21A2DE9F0418C187B
:10527000CD1D25F0070524F00704641B0026E40873
:1052800005602146AC60EE602846FFF742FE421DF5
:105290009200013002F107074FEAD707A2F110028E
:1052A0003146B8BF324605F1100006F095FA3A468D
:1052B00031462846FFF71FFE334632463146284620
:1052C000FFF7F0FDA4EB0708284631460122FFF75F
:1052D000FAFD42463946FFF70EFE3B463246394656
:1052E0002846FFF7DFFD21462846FFF704FE434628
:1052F000324621462846FFF7D5FD214628460122A1
:10530000FFF7E1FD3946BDE8F041FFF7D4BE2DE9D6
:10531000F04706460D46174698462BB398F80040CE
:1053200093F80190DB78A40004EB430498F8023072
:105330001C4444444FF0000ACA4509D3D8F804205D
:1053400008F1080339463046AC46BDE8F0476047EF
:1053500014F8013B48F823402046EAF7C0F9013031
:1053600004440AF1010AE7E76FF01500BDE8F08791
:1053700070B5002502462846144614F8013B0BB9C7
:10538000184609E098B18D4207D1702B04D0A3F1E3
:1053900040023A2A0BD8002070BDA3F140063A2EF5
:1053A00005D853780135941C002BE9D00020252B1B
:1053B00008BF80F001002246DEE70020704700F0C1
:1053C0003BBE0FB407B504A951F8040B019100F0DE
:1053D00033FE03B05DF804EB04B070470FB407B5BB
:1053E00004A951F8040B0191FFF7E9FF03B05DF840
:1053F00004EB04B0704710B50369024613F00800CF
:1054000009D11368D4689C4297BF126AE31AD31A71
:1054100001200B6010BD00231846FAE713B501A95F
:105420000446FFF7E8FF20B1019BE268013B13440B
:105430000193206A019BC01A013802B010BD10B55B
:10544000044650182269236AD20702D5013B18404E
:1054500010BD984228BFC01AFAE710B504460A46A4
:10546000C168FFF7ECFF2369E06023F008032361C4
:1054700010BD38B50D46C2698B00016843F00203C8
:1054800042F82130044601682A46FFF7D8FFE36856
:1054900061682060984202BF236943F008032361DA
:1054A0002A462046FFF7CBFF606038BD2DE9F74F55
:1054B000C768C6699B4606EB8703009316F827303A
:1054C00003F00303022B0446884691464FF0000385
:1054D0000BD01360CBF8003023699B0713D44FF037
:1054E000000A504603B0BDE8F08F56F8271013604D
:1054F0008908CBF80030EFD0FFF7AFFFE368A36077
:105500004FF0010AEDE7A36906EB8700984716F80C
:10551000272012F0010A0546E1D012F002021FD046
:10552000B8F1000F03D041462046FFF7A2FF6168A3
:105530002A462046FFF783FFD4E9022191426060AA
:1055400006D12A462046FFF77AFF4FF0000AA060F6
:10555000A2682260E260226942F008022261C0E78C
:10556000014620460192FFF778FFE368A360B8F197
:10557000000F04D02168E369019A43F8212005EB6C
:105580000802CBF8002021682046FFF758FF236966
:10559000206043F00803236116F827306FF30003FF
:1055A00006F82730009BC9F80030A9E770B504461B
:1055B0001546FFF744FF2368834205D12369216024
:1055C00023F00803236170BDE269AB0043F00203DE
:1055D00042F82130204661682A46FFF730FF6060BC
:1055E000F1E738B503695B07044606D5456AFFF75E
:1055F00015FF85422CBF6562606238BD38B50D4627
:1056000004461C22002106F0E7F8EB68A361AB68B2
:1056100063612B68E3616B682362002262622A691E
:1056200023B1591E194208BF42F001022261012232
:1056300004F128000021BDE8384004F064BE2DE9E3
:10564000F04F87B000250093036A03958B42044610
:105650000E4692460595A94639D3EFF3118B4023A8
:1056600083F31288BFF36F8F059AD8462AB1294673
:105670002046FFF79BFF0023059304A92046FFF770
:10568000BAFE0499B14207462AD32268E36913F8A7
:10569000221021F0030103F8221003EB8209216894
:1056A00032462046FFF7CBFEE3682060984212D0D6
:1056B000002788F31188BFF36F8F039929B16269BE
:1056C0000AB12046904700230393002FC5D14846D6
:1056D00007B0BDE8F08F236943F008032361E7E7D3
:1056E00018B12046FFF7C5FEE3E7009B5AEA030224
:1056F0001CD0019104F033FF0199B8B9BBF1000F40
:1057000014D187F31188BFF36F8F009B524604F1C9
:105710002800FBF7FDF8EFF31188402383F312888C
:10572000BFF36F8FB0FA80F77F09C2E705AB03AA1A
:1057300020462568FFF7BAFE0746BAE770B504466B
:10574000836908460D4698470246EFF311864023C9
:1057500083F31288BFF36F8F2B7843F001032B7014
:1057600061682046FFF76BFE60602046FFF739FF57
:1057700086F31188BFF36F8F70BD2DE9F0410446A9
:105780004027EFF3118687F31288BFF36F8F2369E9
:1057900013F0080FA36802D16268934200D9226A0D
:1057A000E169D21A32B986F31188BFF36F8F4FF0D7
:1057B000000833E011F8232012F0030001EB830806
:1057C000F1D0022803D151F82350AD0805D1D007FC
:1057D00012D4A369404698470546A1682A46204648
:1057E000FFF72DFE2946A0602046FFF736FE86F320
:1057F0001188BFF36F8FC4E742F0020201F8232043
:105800004046A369A5689847294602462046FFF707
:1058100016FEA06086F31188BFF36F8F4046BDE887
:10582000F081F8B50446836908460D469847064658
:10583000EFF31187402383F31288BFF36F8F2B7828
:105840006FF300032B7023699B0705D5E268E369BA
:1058500003EB82039D421AD12B786FF341032B7027
:10586000D4E90231994204D132462046FFF7E7FDE0
:10587000A06031462046FFF7F0FD87F31188BFF3A3
:105880006F8F04F12800BDE8F840FBF707B82B68DC
:1058900060F39F032B60F0E7EFF31181402383F364
:1058A0001288BFF36F8F036913F0080F836802D16A
:1058B0004268934200D9026AD31A81F31188BFF378
:1058C0006F8F181E18BF01207047F0B5642305467E
:1058D000042600200A2769B9F0BD9A42B2FBF3F40E
:1058E0000CD2012B0AD048B903FB1422D2B20A24ED
:1058F000B3FBF4F3013EF0D12E70EDE7303405F840
:10590000014BB2FBF3F4013903FB14220130B3FB6A
:10591000F7F3C9B2C0B2D2B2DBB2DCE7A0F1300318
:10592000DBB2092B02D80B7000207047A0F1610395
:10593000052B02D85738C3B2F5E7A0F14103052B78
:1059400001D83738F7E76FF015007047F7B505460F
:1059500001F0010000EB51069E424FEA510703D9C6
:105960000026304603B0F0BD58B128780DF107018C
:10597000FFF7D4FF0028F3DB9DF8073002F8013B66
:10598000013501351744BA42EBD015F8010C0DF181
:105990000701FFF7C3FF0028E2DB9DF80740240161
:1059A000E4B2147015F8020BFFF7B8FF0028D7DB3C
:1059B0009DF807301C4402F8014BE4E7038B13F019
:1059C000070305D10368002B0CBF0020032070479C
:1059D000022B05D1408BB0FA80F04009800070475F
:1059E000012B05D10368002B0CBF00200520704758
:1059F0000020704710B50C4600B111B96FF01500CA
:105A000010BD081D00F093F80028F9D1A368032BFE
:105A1000F6D9F3E72DE9F0410D4607461946281D52
:105A200090461E4600F097F8044638B13346424689
:105A300029463846A446BDE8F0416047BDE8F081FC
:105A400010B4EFF31182402484F31288BFF36F8FF8
:105A5000416110BC0121EBF773BF38B50C46054618
:105A600058B151B10B6843B14B6833B11C220021CE
:105A700005F0B2FE2C61002038BD6FF01500FBE789
:105A800070B505460E46FFF7B5FF041E14DBEFF3B5
:105A90001182402383F31288BFF36F8F6B8B2C8BA3
:105AA0004FF6FF718B4204F0070407D182F311888F
:105AB000BFF36F8F6FF00A04204670BD022C0CD12B
:105AC00001336B8382F31188BFF36F8F002322466B
:105AD00031462846FFF79EFFEEE7062C14D8DFE894
:105AE00004F004131313041A0400002333606B68DA
:105AF0003BB9C5E90066ACB902212846EBF720FFA7
:105B0000DAE71E606E60F6E782F31188BFF36F8FED
:105B10006FF00404D0E782F31188BFF36F8F6FF04A
:105B20008504C9E782F31188BFF36F8FC4E703468A
:105B300040B1426802F00302022A06D0032A04D0D0
:105B4000012A05D06FF0150070471A68002AF9D0B5
:105B500000209860704710B54268816002F003022F
:105B6000022A03464FF0000407D0032A02D05C60EB
:105B7000002001E018685C6010BD18685C600028B7
:105B8000F6D0FCF71FF8F3E7704770B4C6680468F6
:105B9000806A0D0C06FB054414FA81F184682468C0
:105BA000A44670BC60472DE9F0431C46C36A1D68DB
:105BB0006D4289B006468846174605F020051CB997
:105BC000204609B0BDE8F083AC42A14628BFA946F3
:105BD0004B466A4641463046FFF7D7FF0028F0D1D2
:105BE0006B46484502D1241A8044E8E713F8012B9C
:105BF000BA4201D10130F4E70120E2E70B6803F576
:105C000080330B60008A1A0CB0EB134F04BFA3EB78
:105C100002430B60704738B5C26803680D0C090C6D
:105C200004462D04806A02FB013100F057FC50B994
:105C3000E26AE368527929462046FFF7B4FF00285C
:105C400018BF6FF0050038BD10B5014604460722A5
:105C5000FF20F6F7A5FCE07110BD0A46012100F017
:105C60006EBA0368012B81BFC91801F1FF315B4295
:105C70001940084670472DE9F0410C4605460821B9
:105C8000C06AFFF7EEFF072207462146FF2066881D
:105C9000B4F80480F6F784FCE379834208D1E8681D
:105CA0004644C01BB04294BF00200120BDE8F081F3
:105CB0000020FBE738B505460C46FFF7DCFFA0B136
:105CC000A08898B922884FF6FF739A420DD1E86AEE
:105CD0000821FFF7C6FF6288EB689B1AB3FBF0F25E
:105CE00002FB1030B0FA80F0400938BD0020FCE71C
:105CF000F7B504460D46C06A0821FFF7B2FF2968D0
:105D0000074608232046FFF740FF0646002836D105
:105D10002B683B442B60E26899B2D21B91422ED192
:105D20001A0C03BF228A02F1FF3203EB0241A3F5F2
:105D30008031296008236A462046FFF726FFE8B92C
:105D4000E36A5A796B4613F8011B8A420CD1013081
:105D50000828F8D1636805E02B68BDF802201B0C09
:105D60001B0413442B600AE069462046FFF7A2FF9C
:105D70000028F1D129462046EBF7F0FE06463046D2
:105D800003B0F0BD2DE9F043074689B090461C46AC
:105D90001BB9002009B0BDE8F083FD683B68080C22
:105DA00005FB003313FA81F6FB6A1D686D4225403E
:105DB0000CD0B86A83683146D3F804902B46C847A4
:105DC0000028E7D1641BE4D02E44A8442246414673
:105DD000684605F0D9FCFD6A2A686979121B0DEB4B
:105DE000040005F0F9FCB86A2B68826831465468F3
:105DF0006A46A047CEE710B50A4608234168044624
:105E0000FFF7C0FF08210246E06AFFF72AFF636838
:105E10001B1A6360104610BD13B54FF6FF730022C6
:105E20000446ADF800308DF806308368ADF80420E4
:105E30006846ADF80230FFF707FF69462046FFF7D6
:105E4000DAFF02B010BD2DE9F04F044695B0C06AEC
:105E50000821FFF706FF63681B0C1B04054603A916
:105E600020460393FFF7CAFEDDF80CB0E6685E44F7
:105E7000761B06AA0823314620460496FFF785FEC6
:105E8000021EC0F2A980E36A06AA5979002312F81B
:105E9000010B814240F08F800133082BF7D1A368BA
:105EA00062682B449A427ED259462046FFF7B3FEE1
:105EB000024691E0BDF81A30360C36041E440496B2
:105EC00008AA04A92046DDF810A0FFF711FF02463A
:105ED000002840F0818008A92046FFF7CCFE18B9C1
:105EE000019B9A45ECD1DAE7636805930AAA05A9F4
:105EF0002046059EFFF7FCFE024600286CD1BDF847
:105F00002820BDF820309A4227D06268059B9A422B
:105F1000ECD15645E4D1BDF82430002BE0D0BDF8DB
:105F200022704FEA1A431B041F4408A8A368ADF867
:105F30002230FFF789FEE36ABDF824901E6876429E
:105F400006F02006B9F1000F0ED108A92046FFF790
:105F500052FF02460028C3D03EE00AA92046FFF7C0
:105F60008AFE0028D1D0D4E74E45B04628BFC846A7
:105F70000CAA434639462046FFF707FE024658BBA7
:105F80004346A1680CAA2046FFF7FCFE41460246A4
:105F9000E06AFFF766FEA3680344A360E2B9A9EBD9
:105FA00008094744CEE72046FFF736FF024600289F
:105FB0003FF47AAF10E0731B06A920460193FFF768
:105FC00079FE00287FF476AF04A92046EBF7C6FDE2
:105FD000024600283FF474AF104615B0BDE8F08FBC
:105FE00000231A46EBF7A2BF13B500240094ECF788
:105FF00073F802B010BD03785B075FBF0368428887
:10600000C3F34A2303EB12105DBF173020F00700E3
:106010008008002070470020704703F080B90346D5
:10602000BFF35B8F53E8000F421C43E800210029B7
:10603000F8D1BFF35B8F70471FB50023CDE9020194
:10604000CDE900331A4619461846ECF7D5FB05B0E2
:106050005DF804FB0120ECF77DB900207047436830
:10606000DA7143681960436801225A71ECF764B928
:1060700070B515460C4669B1D2E901369B1B9942B1
:106080000AD813680A460146981905F07DFBAB68EB
:106090002344AB60204670BD6FF01B00FBE770B57A
:1060A0000E4615461946044618B9BDE87040ECF78F
:1060B00051B933B1C2F34A231030120D184405F020
:1060C00063FBC4E900562046BDE87040ECF7F0BA27
:1060D0002DE9F3415F1C4FEA8708064608F11700D7
:1060E00020F0070080080C461546ECF7B5F90023B0
:1060F000ADF805308DF807308DF8047068B10346AF
:10610000019A43F8102FA8F104012A46294452F8B5
:10611000045B43F8045F8A42F9D1A20102F4E07201
:1061200042EA482222F07F4222F47002002322F049
:106130003F02314602B0BDE8F041FFF7B0BF07B5FE
:106140000123019201AAFFF7C3FF03B05DF804FB2E
:1061500007B5CDE9002302236A46FFF7B9FF03B074
:106160005DF804FB1FB5CDE90123069B039301AA4B
:106170000323FFF7ADFF05B05DF804FBF8B5064655
:106180000D4614461F4604B9F8BD214628463A4636
:10619000B047241A0544F6E710B542688168044602
:1061A000D2E900230068FFF7E9FF636800221A6064
:1061B00010BD38B54B681A68CB689A4205460C4644
:1061C00002D10846FFF7E8FF6368BFF35B8F53E82F
:1061D000002F511C43E800100028F8D1BFF35B8F5B
:1061E000A3689D54002038BD0A2838B504460D46E2
:1061F00002D10D20FFF7DDFF29462046FFF7D9FF2A
:10620000002038BD2DE9F043054687B008460E88CA
:1062100091F80090D1F808800C461746ECF73CFB4B
:10622000011EC6F38216C9F3C2091EDB4846ECF70D
:1062300051FA03462146608851F8102B0196C2F3AB
:106240004A22002A01EB0204C0F30B1008BF002110
:106250000022CDE90407CDE9021400924146284608
:10626000ECF746FB07B0BDE8F0830023E2E7704798
:1062700070B54C680368A34201D2012070BD8A68E2
:106280002244934201D30020F8E7D1E903254E6967
:10629000B54203D36FF00B038B61F4E71B1B42F88D
:1062A00035304368086902EBC00253600B69013363
:1062B0000B61E2E737B50C46C0B201A91546ECF711
:1062C0005FFD00280CDB019850B121462A46ECF70F
:1062D0007DFD04460198FFF7CAFF204603B030BD9C
:1062E0006FF01504F9E70020ECF7BCBD0022114661
:1062F000ECF786BD034610B508460AB100211160CF
:1063000053B1D0B1411E11F8010F80B113F8014B08
:10631000A04201D13D28F6D100200EE001331360E8
:106320000AE03D2808D0B0FA80F0400905E018786E
:106330002F28F6D1002AF1D1012010BD10B509B1E6
:1063400000230B6058B103461A781C4601332AB16A
:106350003D2A03D02F2AF7D101B10B60201A10BDBE
:106360000021ECF7D3BE0830704710B51346144631
:106370000A4681880068FFF737FEA042A8BF204682
:1063800010BD2DE9F04F97B0044601929A46894618
:1063900000297CD0DAB1BAFA8AF67609258F013560
:1063A000ADB2A84604F1080B6F1EBFB2B7F5004F9F
:1063B00026D04A2303AA39465846FFF715FE00287F
:1063C00007DA10F1020F08BFB8463D46ECE7012698
:1063D000E4E700F158030DEB0300002300F84C3C08
:1063E00003A94846E9F769F90028EED126B33946F2
:1063F0005846FFF7F5FD002805DA17B0BDE8F08F25
:10640000BEB30020F9E705F57F513F3189B2584608
:10641000FFF7E6FD0028F0DB238FBB42F1D12246D7
:10642000013B22F8383F4FF4004102235846EBF776
:106430007DFD00EAE070E0E7B846B8F5404F29D0AE
:10644000238F434504F1080515D308F58041019ACF
:10645000534689B22846EBF769FD0028CDDB002EB4
:10646000CFD04846E9F73BF94A460346414628461D
:10647000DDE70126E1E72246022322F8388F4FF4B8
:1064800000412846EBF752FD0028DEDAB5E76FF051
:106490001500B2E76FF00B00AFE773B5C36B036392
:1064A0000446C3B100F108063046EBF7B5FB0546DC
:1064B00070B902230DF106024FF400413046FFF798
:1064C00093FD0028ACBFBDF806304FF4004323878E
:1064D000284602B070BD6FF01205F9E72DE9F041D2
:1064E0008768FB6804460D4616469847BB682BB183
:1064F000324629462046BDE8F04118476FF0570064
:10650000BDE8F08105F068B905F03EB901460068C4
:10651000ECF722BF08B5ECF77BFFBDE80840ECF7CD
:106520009BBF0A460121FFF70ABE00210120ECF7BC
:1065300013BF6FF08500704761B662B680F31188B3
:10654000BFF36F8F704772B6002383F31188BFF3D8
:106550006F8FBFF34F8F30BF62B6BFF36F8F70473F
:1065600072B6002383F31188BFF36F8FBFF34F8F91
:1065700020BF80F31188BFF36F8F62B67047202869
:1065800009D9B0F1004F08D80138B0FA80F0C0F155
:106590001F0040007047082070473E20704708B534
:1065A000D1E904319847002008BD08B5EDF7EEFCAD
:1065B000002008BD7047002303824369C360704711
:1065C000416A8968EDF74EBDEFF31182402383F3F2
:1065D0001288BFF36F8F00230B60436833B9C0E9A3
:1065E000001182F31188BFF36F8F7047196041600B
:1065F000F7E710B50346EFF31181402282F31288CA
:10660000BFF36F8F006828B15C6802681A60A0420F
:1066100008BF5A6081F31188BFF36F8F10BD027AF3
:10662000013202727047034618465B68002BFBD1AB
:106630007047426810B52AB10B461C465B68002BB8
:10664000FBD16260416010BD10B5044620B90B7AE1
:1066500001330B72084610BD034618465B68002BD9
:10666000FBD1FFF7E6FF2046F5E783680B440360A4
:10667000704703680B6043684B6083688B607047AA
:106680008388026819448180D018704730B48488A8
:106690000568A3188380281930BC05F075B810B5BB
:1066A000838802685C1C8480D154D01810BD0346D6
:1066B00000689A88401A11441860998070470268EF
:1066C000531E036083880133838002F8011C7047E6
:1066D0008288521A03468280006808441860704716
:1066E000034600689A88521A01449A8019607047DC
:1066F00010B503681C780121FFF7EAFF204610BDA2
:1067000010B503681C880221FFF7E2FF204610BD88
:1067100002688068101A70478388C2888168D21A1C
:1067200003685B1AD01A704730B585B014460A88E2
:106730008B78ADF8002005460D2200210DF10300F5
:106740008DF8023005F048F86A466946284602F09E
:1067500078FE28B9BDF800209DF802302280A37091
:1067600005B030BD13B50C4601AA0331FFF7DCFFBD
:1067700048B9032201A9204605F036F8B0FA80F0A6
:10678000400902B010BD0020FBE770B50D460021A6
:106790000446FFF7D3FD0D2818D1237B302B13D0EF
:1067A000312B13D1012305F8063B04F10C062A46D0
:1067B0002046012302210234FFF7C8F8B44205F154
:1067C000FF35F4D1002070BD0023ECE76FF0150019
:1067D000F9E70020704710B50C46017822788A420C
:1067E0008AB00FD06946EDF759FF05A92046EDF7AD
:1067F00055FF10220DF115010DF1010004F0F4FF19
:106800000AB010BD012A06D0022A07D072B940880A
:106810006388C01AF4E740686368FAE71022611CD5
:1068200001300AB0BDE8104004F0DEBF6FF0150083
:10683000E6E7042A0AD0102A0DD0022A4FF00003FE
:1068400015D103700B88438001207047012303702A
:106850000B684360F8E7022300F8013B01F11003E5
:1068600051F8042B40F8042B9942F9D1ECE7184673
:106870007047012310B50621044600F8013BF8F7E4
:106880004DFA18B9A37963F03F03A37110BD0B68EB
:1068900003608B8883808B798371037823F00203F4
:1068A000037070470078C0F34000704738B5044665
:1068B000807AEDF7ADFB6169054649B1637ADB0784
:1068C00004D4436A1B6820469B6898470023636191
:1068D00021462846BDE8384003F007BD2DE9F041C8
:1068E00001F10C080C46054600F10C014046174624
:1068F0001E46FFF7BEFE4046FFF70AFF012310FACF
:1069000087F068826B722F8239464046FFF7E0FEBF
:10691000E3687360628A0023E3607281638234609B
:106920002846BDE8F08138B5D1E90032DA600B685D
:106930004A895A820C4605460868EDF711FC204644
:106940001022002104F048FF2846BDE83840FFF738
:10695000ADBF438A23B9C068B0FA80F040097047E0
:1069600000207047D0F8A43083B15A7BD1070DD5F1
:10697000D2060DD51B7B102B14BF032304234372B7
:10698000807A98428CBF0020012070470223F6E7EE
:106990000323F4E70F2807D80D280BD8052808BFD4
:1069A000032018BF02207047132803D01A2808BFFD
:1069B0000120F6E701207047FFF7C1BB10B5034681
:1069C000BFF35B8F53E8000F40EA010243E8002465
:1069D000002CF7D1BFF35B8F10BDFFF7B9BB0B469F
:1069E00001461878EDF70ABFBFF35B8F50E8003F10
:1069F0000B4040E80032002AF8D1BFF35B8F7047AC
:106A0000C0F307231070000E5370D0700023C1F341
:106A10000720090E9370137150719371D1717047F3
:106A200038B504460D46EEF723F95F3005D1294607
:106A30002046BDE83840EEF71BB838BD10B5EFF77B
:106A40001DFE6FF4807104461030FFF7CDFF204625
:106A5000BDE8104000F05CBAC368DB78012B01D1BF
:106A6000FFF7ECBF7047C368DB78012B01D1FFF75C
:106A7000E5BF70470020704710B5038842889342F5
:106A800019D8052B17D9B2F5486F14D88388B3F5F8
:106A9000FA7F10D2C088A0F10A0189B240F676448C
:106AA000A14208D801339BB25343B3EB800F34BFEC
:106AB0000120002010BD0020FCE70020704708B531
:106AC000F5F786FB18B1C089003818BF012008BD52
:106AD00070B506460D464FF0FF304FF0FF31EEF730
:106AE000AFFB044618B9BDE87040EDF78DBF032138
:106AF0000C30FFF7C5FD06808570214642F221006B
:106B0000BDE87040EEF7A4BC70B506460D464FF0E8
:106B1000FF304FF0FF31EEF793FB044668B10321DD
:106B20000C30FFF7ADFD0680857021460022BDE8E0
:106B3000704040F20640EEF709BE6FF0680070BD8D
:106B4000C368187808B1EDF7B7BF1846EEF796BFDF
:106B500038B54FF0FF3105464FF0FF30EEF770FBD0
:106B6000044668B102210C30FFF78AFD2B880380B0
:106B700021460022BDE8384042F21600EEF7E6BD9D
:106B80006FF0680038BDF8B507460E464FF0FF308D
:106B90004FF0FF311546EEF753FB044678B106215E
:106BA0000C30FFF76DFD3B880380468085802146D1
:106BB0000022BDE8F84042F22200EEF7C7BD6FF0B8
:106BC0006800F8BD2DE9F047814688464FF0FF3058
:106BD0004FF0FF319DF820A017461E46EEF730FB20
:106BE0000546A0B107210C30FFF74AFDB9F8003087
:106BF000038080F80280C7700671A0F805A02946BE
:106C00000022BDE8F04742F23200EEF79FBD6FF080
:106C10006800BDE8F08708B500200021EEF72AFDE6
:106C200018B1BDE80840EEF70DBCBDE80840F0F72C
:106C300047BC08B5072204F0D7FDB0FA80F0400940
:106C400008BDFFF77CBA0B6803608B8883808B7963
:106C500083717047BFF35B8F0068BFF35B8F704732
:106C6000F8B50F46144638BB4FF0FF304FF0FF31F8
:106C7000EEF7E6FA054610B327210C30FFF700FDCA
:106C80003946FFF7E0FF06462246C31D04F1100116
:106C900052F8040B43F8040B8A42F9D11022002168
:106CA00006F1170004F098FD29460022BDE8F840DF
:106CB00042F22700EEF74ABD6FF01500F8BD6FF005
:106CC0006800FBE7037A5B07024605D501462A32D6
:106CD00011F8010BFFF7C4BF704738B54FF0FF3113
:106CE00005464FF0FF30EEF7ABFA044658B129469F
:106CF0000C30FFF7D4FC21460022BDE8384042F2B8
:106D00002D00EEF723BD6FF0680038BD10B400F120
:106D10001003BFF35B8F53E8002F22F4005143E8C8
:106D20000014002CF7D1BFF35B8F930403D510BC84
:106D3000012100F0EBB810BC704770B5044686B076
:106D40000E4601300131FFF774FF2A34162200216C
:106D50000546684604F040FD10226946204604F0CE
:106D600043FD40B1102206F12A01204604F03CFD0B
:106D7000002808BF0125284606B070BD38B54B680D
:106D800005460C4673B90B7A13B9037A5B0709D52C
:106D900020682A7803789A4204D02946FFF7CDFF6D
:106DA00000B1656038BD00F1100208B50346104619
:106DB000FFF750FFC10511D5BFF35B8F52E8000FFD
:106DC00040F4005042E800010029F7D1BFF35B8F87
:106DD00018460021BDE8084000F098B808BD10B57D
:106DE0000C4630B919B1F5F7B1F900B1441C204691
:106DF00010BD0024FBE718B111B10846EEF7ECBF57
:106E00006FF01500704713B5044680B1062168463F
:106E1000F7F784FF48B99DF80530694603F03F0352
:106E200020468DF80530FFF7E6FF02B010BD6FF089
:106E30001500FAE7003818BF01207047037AD90718
:106E400004D523F001030372EFF758B9990704D56D
:106E500023F002030372EFF76BB97047002070470D
:106E6000034610F4004F0CBF07200620DA0348BF8A
:106E700000F005009B0348BF00F0FB007047BFF324
:106E80005B8F0068BFF35B8F7047012303FA01F14A
:106E90005AB1BFF35B8F50E8003F0B4340E800322C
:106EA000002AF8D1BFF35B8F7047C943BFF35B8FF4
:106EB00050E8003F0B4040E80032002AF2D0F7E7EC
:106EC00070B5064686B00D464FF0FF304FF0FF31EB
:106ED000EEF7B6F90446B0B10C3095B10121FFF7D9
:106EE000DEFB06F1100203A9204600950823EEF709
:106EF00095F90022214642F20A00EEF727FC06B07F
:106F000070BD2946EBE76FF06800F8E7FFF7D8BFE0
:106F1000183003F0D4BA0368D90444BF43F4806343
:106F2000036003689A0444BF43F40063036070473E
:106F300001F12003013813F8012D00F8012F8B42D5
:106F4000F9D1704700230B60436813B9C0E9001101
:106F50007047196041607047D0F8B400003818BF1E
:106F600001207047084689691160C2691A60C27AB7
:106F70000021183004F030BCFFF7EAB810B5034622
:106F8000BFF35B8F53E8000F40EA010243E800249F
:106F9000002CF7D1BFF35B8F10BD437B072B01D1D2
:106FA000EFF75CBF70472438EFF7E4BF03680022B7
:106FB0000BB9184670478B4210D10B6842B9426832
:106FC0000360914200D1436000230B6001207047B1
:106FD00013604368994208BF4260F5E71A461B6890
:106FE000E6E710B50446006918B1EDF7B9F80023DB
:106FF000236110BD10B5BFF35B8FD0F8C830BFF36D
:107000005B8F00F1C8027BB1BFF35B8F591C52E864
:10701000004F9C4204D142E8001CBCF1000FF6D1A5
:10702000BFF35B8FE7D110BD1846FCE710B5437B7B
:10703000023B0446062B16D8DFE803F009041515B9
:10704000150B0900017300212046F0F7DFF800203E
:1070500010BD0088FFF758FD0028F9D1637B072B8E
:10706000F5D10821F0E76FF07F00F1E710B5044695
:10707000D0F8A40028B9207A04F17001F5F7A8F837
:1070800038B1E278C3892AB913F0210F14BF012067
:10709000002010BD13F0240FF8E738B58378012BDA
:1070A000044629D1437B072B29D10B0601F07F052C
:1070B0000BD54FF400410430FFF760FFA572204666
:1070C000F4F7E8FAA8B9002038BD437AAB42FAD207
:1070D000837AAB42F7D2BFF35B8F031D53E8001FE7
:1070E00021F4004143E80012002AF7D1BFF35B8F7F
:1070F000E4E7637AA372E7E76FF01500E4E76FF067
:107100007F00E1E78378012B0CBF407A00207047B5
:1071100038B5037A8B420446154615D100F170014B
:107120000722284604F060FB80B1E378072243B9C8
:1071300004F17E01284604F057FBB0FA80F04009C4
:1071400038BD04F17701F5E70020F9E70120F7E702
:107150008378012B0CBF703000207047F8B50746CC
:107160000D464FF0FF304FF0FF31EEF769F806465D
:10717000D0B10E210C30FFF783FA0E220446002115
:1071800004F02AFB3B8823802B8863806B88A380D4
:10719000AB88E380EB88238131460022BDE8F840CC
:1071A00042F21300EEF7D2BA6FF06800F8BD7047F4
:1071B00010B50446FAF7BEF8234653F8482BD2F828
:1071C000B41061B9A164D2F8B81061B9C2E92D3325
:1071D000FAF7C4F82068BDE81040EFF7F3BF8B4220
:1071E000F6D00968EDE70B60C2F8B830F0E7036845
:1071F0002BB141681A6802608B4208BF4260704739
:1072000070472DE9F843446B002C55D054F80859C9
:1072100005B1083D002701E02C461D46D4E9006871
:107220002EB3FAF787F8D6F8B43004F148010022FB
:1072300063B1994232D1A36C42BBD6F8B820C6F8EC
:10724000B430914201D1C6F8B830A764FAF786F895
:1072500004F13009002200234846F9F7EDFA06460A
:10726000F8B9D8F804300BB1204698472760E36896
:107270000BB120469847D8F820300BB120469847EC
:10728000D5B1AB68002BC7D0083BC5E71360D6F873
:10729000B830994208BFC6F8B820D6E71A461B682E
:1072A000C6E7B36923B1F16920686FF06D029847B2
:1072B0003046ECF755FFCDE7BDE8F88338B5436BB2
:1072C0000D46BBB1184650F8084904B1083C53F8C4
:1072D000043C9B680BB1294698475CB12046A468E2
:1072E000436824B19B68083C002BF4D1F6E79B6807
:1072F000002BF0D138BDF8B50F46002105461646E3
:1073000000234FF480320846F0F71EFD044620B9F2
:107310002846BDE8F840F0F7E3BC04210C30FFF745
:10732000AFF90570477046802046F8BD406B30B11C
:10733000838B8B42A0F1080001D08068F7E770478B
:1073400010B54AB989B2FFF7F1FF28B143689B69CC
:1073500013B1BDE81040184710BD38B50D460521E2
:10736000FFF7E4FF00231A462946F0F707FD04461D
:1073700010B12846ECF7F4FE204638BD406B30B122
:1073800083898B42A0F1080001D08068F7E770473D
:1073900070470346006828B1596802681A6088423D
:1073A00008BF5A6070470346002003B970471A8A25
:1073B0005B681044F9E710B5D4682378023113B93B
:1073C0002170012010BD8B42FBD0038A023B038257
:1073D00000201061F6E7FEF7B2BE2DE9F041044649
:1073E0008868FFF7E0FF638D628B934228BF1346E6
:1073F00083420D461DD3A165D1F8088000278F6018
:10740000F9F798FF41462046F0F7B4FE064638B13A
:10741000C5F80880A765F9F7A1FF3046BDE8F081FF
:10742000618D638B994228BF1946284600F0F1FE12
:10743000F1E76FF07906F0E773B5144601460546AB
:107440004FF49572206800F039FE207530B920683D
:10745000294600F0E1FE20B908232375002002B080
:1074600070BD237AB3B1A3F11802534253419B007C
:107470000193638A0093AE68238AE26820682946F4
:10748000B047002808DB238A98420CD100232375DB
:107490000120E4E70223EBE710F1FF0F03D34042A2
:1074A000C0B22075DAE70E20FBE71FB5CDE9012356
:1074B000002300931A46F2F765FD05B05DF804FB62
:1074C00038B504460D46F0F755FE30B1294604F1B3
:1074D0005C00BDE8384002F0FDBE38BDF8B59368E9
:1074E000166805460F46144663B9506801210C30F2
:1074F000FFF7C6F8A0602B681B78002B14BF02238F
:1075000001230370A3681B78012B03D0022B1FD02B
:1075100000201CE02B681B78002BF9D16068042147
:107520000C30FFF7ADF8E06007802A68E368528806
:107530005A806168728D738B088A9A4294BFC0EB3F
:107540000200C0EB0300042894BF00200120F8BD16
:107550002B681B78022BDBD1606812210C30FFF7FF
:107560008FF8E06007802B68E268591C0232113303
:1075700051F8040B42F8040B9942F9D16168728DFD
:10758000738B088A9A4294BFC0EB0200C0EB0300E1
:107590001228D9E770B405686A6A52B3136803B158
:1075A000A83BA2F1A8040022114600E0A83B8442B7
:1075B00007D0668D648BB14238BF3146A24238BFD6
:1075C00022461C462BB1D3F8A830002BEED18442C2
:1075D000EFD1438D408B8B4201D890420BD9824230
:1075E00038BF02469942286838BF194670BCF3F785
:1075F00023BA1146EDE770BC7047D06803780431B8
:1076000013B90170012070478B42FBD091680B8A3F
:107610000020043B0B821061704770B504460E4693
:10762000002200230846F9F707F9054658B101463C
:107630002046F0F79FFD044618B12946304602F077
:1076400054FE204670BD6FF00104FAE72DE9F04FBB
:10765000044685B0104690469946FFF7A4FE638B1A
:10766000628D934228BF134683428B4640F293803B
:10767000636803934046FEF7D6FF4FF0000A0646C4
:107680004046FFF790FE628B638D06F10C079A422D
:1076900094BFC0EB0205C0EB03053846FFF73CF88A
:1076A000854217D24046FFF77EFE628B638D9A4279
:1076B00094BFC0EB0205C0EB03058DBB98F80A0030
:1076C000ECF7A6FC00220023FEF77AFF064630B94D
:1076D000574636E03846FFF71FF80546EDE7014606
:1076E0004046FEF7B1FF4046FFF75DFE628D638BBB
:1076F00006F10C079A4294BFC0EB0205C0EB0305EC
:107700003846FFF709F885421FD24046FFF74BFE87
:10771000628D638B9A4294BFC0EB0205C0EB0305F8
:10772000F168328ACDF80090DBF8047003980A44BF
:10773000ABB25946B847071E0CDABAF1000F18BFB2
:107740005746384605B0BDE8F08F3846FEF7E4FFEF
:107750000546E5E70E9BB3B9394606F10C00FEF786
:107760008FFF4046FFF71FFE638D628B934228BF59
:107770001346B9448342BA441FFA89F9A8D9AF42E3
:107780003FF47EAFA4E70F9A0E9B394630469847E8
:107790000028E1D19CE70027D3E70368002203B962
:1077A00070478B420FD10B683AB94268036091422F
:1077B00000D1436000230B60704713604368994217
:1077C00008BF4260F6E71A461B68E8E7BFF35B8F25
:1077D00050E8003F43F0080240E800210029F7D1BB
:1077E000BFF35B8FC3F3C00070472DE9F04106463D
:1077F00090461F460D46B9B104220121F0F7F2FD73
:10780000044618B9BDE8F041F0F72ABD04210C3058
:10781000FEF736FF0570A0F80180C770214630469C
:10782000BDE8F041FFF74CBEBDE8F08137B50C462E
:10783000054601F10C00FEF763FF228A0192E2681F
:1078400000920346132212212846F0F721FE03B0CE
:1078500030BD37B50C46054601F10C00FEF750FF70
:10786000228A0192E26800920022034611462846CD
:10787000F0F70EFE03B030BD2DE9F3411768D7F8DD
:1078800004800023144613730146064695224046A1
:1078900000F014FC0546207330B93146404600F034
:1078A000B9FC28B908232373002002B0BDE8F08199
:1078B000CDE900553146A388A2683846FFF7C6FED9
:1078C000002807DA10F1FF0F26BF4042C0B20E2099
:1078D0002073E9E70120E8E72DE9F3411768D7F8BD
:1078E0000480002314461373014606469522404641
:1078F00000F0E4FB0546207330B93146404600F005
:1079000089FC28B908232373002002B0BDE8F08168
:10791000A068798D7A8B038A914294BFC3EB0103EF
:10792000C3EB0203012BEFDD02210C30FEF7A8FEB2
:10793000CDE900558046A388A26831463846FFF756
:1079400085FE031E06DA13F1FF0F26BF5B42DBB292
:107950000E23D8E7A8F800300120D6E707B5CA689B
:107960001388528800920C210D22F1F7AFF803B072
:107970005DF804FB07B5CB6800221B8800920A2142
:107980000B22F1F7A3F803B05DF804FB2DE9F041F9
:10799000CB681F88BBB2162B05461BD90321F0F715
:1079A00051FF0646C0B102210C30FEF769FE0024EB
:1079B0004FF0410880F80080447031462846FFF7B8
:1079C0007FFD2846A5F81A806F85FFF7E3FD204666
:1079D000BDE8F0810420FBE70E20F9E7F8B5054685
:1079E000071F00F1500350F8044CBFF35B8F53E8BE
:1079F000001F21F0040143E80012002AF7D1BFF371
:107A00005B8FFCB16B6D83B9636873B1201DFFF7A9
:107A1000C0FC064601463846FFF7DFFC90B16368BC
:107A20003360A368666003B9A66005F15801384663
:107A3000FFF7F3FD30B104F10C013846BDE8F84022
:107A4000FFF7EBBDF8BD2DE9F041446A074634B3BA
:107A500054F8A86906B1A83E00231D4607F10408A2
:107A600001E034461646A26D92B905B983B9404685
:107A7000FFF78FFC054650B101462046FFF7ADFCED
:107A800068B17B682B60BB687D6003B9BD6023462D
:107A90002EB1D6F8A820002AE3D0A83AE1E7BDE845
:107AA000F08138B5BFF35B8F0B68BFF35B8FDB07EB
:107AB000054616D550F8040C98B16B6D8BB904309F
:107AC000FFF767FC044660B10146281FFFF785FCFD
:107AD00038B155F8043C5A6822609A685C6002B973
:107AE0009C6038BDF2F7CEB90A8AC9680023F1F765
:107AF00007BB70B50E46F1F7E5F9044628B93046E4
:107B0000ECF72EFB6FF07F0070BD00F10C052846EE
:107B1000314602F0DFFB606A38B150F8A84904B181
:107B2000A83C2946FFF779FD20B90020ECE71C4668
:107B30006FF00100002CF8D0D4F8A83023B902303F
:107B4000F5D020461C46ECE7A83BF8E738B50546DB
:107B50000C46F9F7EFFB2846F1F7B4F920B9F9F72D
:107B6000FDFB6FF07F0038BD0023236083683BB9C5
:107B7000C0E90144FFF767FFF9F7F0FB0020F2E7E7
:107B80001C608460F6E70120704708B5F1F79AF9A8
:107B900098B1436A8BB1BFF35B8FA83B03F15402EA
:107BA00052E8000F20F0080042E800010029F7D158
:107BB000BFF35B8FD3F8A830ECE708BD08B504210C
:107BC000FFF7DCFB30B1BFF35B8F006DBFF35B8F62
:107BD000C0F3C00008BD10600020704710B5029CC3
:107BE000A36833B1B1F5807F28BF0E21CAB2214608
:107BF0009847A37DE268013BDBB2A37522B11BB9B4
:107C00002046BDE81040104710BD10609180002054
:107C1000704700207047FEF79BBAF0B507683D78C3
:107C200089B006461446E5B97B88B3F5245F04D0D5
:107C300011D8A3F52053032B13D8ADF80A10022254
:107C40000DF10A012046F1F7A9FB70B16FF01502A2
:107C5000C4F85C2106E003F55643FF339BB2042BC6
:107C60001DD90125284609B0F0BD7B88ADF80A3042
:107C700002220DF10A012046F1F790FB0028E5D120
:107C8000009003AA776813233146B847021EDFDB52
:107C900003A92046F1F782FB0028E2D0D6E7ADF831
:107CA0000A1002220DF10A012046F1F777FB0028A5
:107CB000CCD17B88ADF80A3002220DF10A01E8E749
:107CC00008B5072203F090FDB0FA80F0400908BD26
:107CD00010B503789342044607D10130FFF7F0FF57
:107CE000002814BF2046002010BD0020FCE710B57E
:107CF0000346BFF35B8F53E8000F40EA010243E8FD
:107D00000024002CF7D1BFF35B8F10BD10B50346E4
:107D1000BFF35B8F53E8000F00EA010243E8002441
:107D2000002CF7D1BFF35B8F10BD0B6803608B880D
:107D300083808B7983717047BFF35B8F0068BFF3DB
:107D40005B8F7047FEF7FBB970B50D46064611F81C
:107D5000010BEFF75DFE044610B12C89EFF716FA20
:107D60006B89A34207D0EB686C8123B12146304672
:107D7000BDE87040184770BD38B5BDF81040A2424C
:107D800015460CD84CB16BB1A21A8A42A8BF0A465C
:107D900094B22246591903F0F7FC204638BD6FF023
:107DA0000600FBE76FF00D00F8E730B585B0C96855
:107DB00014461D46F1F708FC00B10089ADF80E002D
:107DC00002230093BDF820200DF10E032946204622
:107DD000FFF7D2FF05B030BD1FB50C461946E3686A
:107DE0001C781046BDF818203CB1102401330694CD
:107DF00004B0BDE81040FFF7BFBF5B88ADF80E30A0
:107E0000022300930DF10E03FFF7B6FF04B010BD7F
:107E100030B585B01D46002314468DF80C30F1F7BF
:107E2000A5FB10B1037A8DF80C3001230093BDF847
:107E3000202003AB29462046FFF79EFF05B030BD4A
:107E40002DE9F04114461D46BDF81870EDF7F6FA1D
:107E50000646E7F744FC80B2069033463A46294688
:107E60002046BDE8F041FFF787BF30B585B0144626
:107E70001D46FEF722FE0223ADF80E000093BDF86A
:107E800020200DF10E0329462046FFF775FF05B0AF
:107E900030BD022A10B508D1002300F170011A4646
:107EA000007AF1F7FDFB022010BDF1F7FFFCFAE7C5
:107EB00008B50C3029B10121FFF719FFC043084074
:107EC00008BD6FF00101FFF721FF00F00100F7E7A7
:107ED00010B50446FFF7ECFF38B121460122BDE89A
:107EE000104011F8010BF1F783BB10BD38B5044603
:107EF0001546FFF748FE48B12046F1F737FB28B199
:107F0000037ADB0702D50121FFF7E2FF55B9207A9A
:107F100004F17001F1F7AEFA20B18560BDE8384098
:107F2000F1F7A6BB38BD38B5BDF81010BDF8184044
:107F3000059DA14210461A460CD84CB16DB1631A8A
:107F40009A42A8BF1A4694B22246294403F01CFC68
:107F5000204638BD6FF00600FBE76FF00D00F8E734
:107F600013B5044610B9002002B010BD00238DF8EF
:107F70000430006842F6030301A9ADF80630FEF7AD
:107F80002AFC0028EFD1E36898880028ECD120462D
:107F9000F1F7C8FF013080B2E6E770B5CC6888B071
:107FA00008461E46A3798DF80C301546FFF7D8FF1A
:107FB000ADF80D00246823786BB96388ADF80F30F5
:107FC00005230093BDF8302003AB31462846FFF768
:107FD000D3FE08B070BD631C0DF10F02113453F8CD
:107FE000041B42F8041BA342F9D11323E9E71FB590
:107FF000CDE90123002300931A46F1F7C3FF05B032
:108000005DF804FBF2F7BEB838B5044659B100F18B
:1080100070052946007AF2F783F9207A2946BDE8EF
:108020003840F1F765BC38BDF8B506460F46F1F7A4
:10803000FFF9394604463046FEF741FD68B364B3A4
:1080400004F108056FF001012846FFF75FFEC20743
:1080500003D539463046F2F763F96FF0020128463E
:10806000FFF754FE830703D539463046F1F740FC4D
:108070002846FFF761FE80B9234603F8010BC4F8D8
:108080000100C3F80300BFF35B8F55E8003F45E8EC
:108090000002002AF9D1BFF35B8FF8BD10B504468A
:1080A000A0F1170110F8180CFFF7BEFF14F80C0C24
:1080B000A4F10B01BDE81040FFF7B6BF38B54C8AFC
:1080C000D3070546C4F30E0404D514F0950F2AD047
:1080D0004B6843B3900704D514F4957F25D08B6883
:1080E0001BB3144014F4DE7F0DD0EB7A2BB9284675
:1080F000FEF7BCFFD8B9052038BD14F0300F04D10D
:1081000014F4C07F07D10020F6E72846FEF7FAFFF7
:108110000228F5D8EFE7D5F8A430002BEBD05B7B35
:10812000DB06E8D5EFE70220E6E70320E4E70F20CF
:10813000E2E7F8B514460F46942261680646FFF759
:10814000BDFF20BB616801223046F2F753F908B346
:10815000A2891B2102323046F0F762FF0546E0B1EA
:10816000A1890C300231FEF78BFA20F8027BA2893C
:10817000A16803F009FBD4E9041228460123F1F7B2
:10818000FBF829463046BDE8F840FFF7B2BC4FF097
:10819000FF30F8BD6FF01500FBE76FF00B00F8E75C
:1081A0002DE9F04105468846F1F7E0F90446E0B1D3
:1081B000037ADB0719D500F10C073846FFF7BCFD41
:1081C00010F0010611D1B8F1000F0FD06FF00201CD
:1081D0003846FFF79BFD10F0020F284609D0FFF745
:1081E000D4FC01212046FFF773FE01263046BDE88E
:1081F000F081FFF7C8FC0028F8D02846FFF7DEFC26
:108200000028F3D06FF002013846FFF77FFD2846C3
:10821000E5E770470120704701207047072070474D
:10822000FDF78DBFBFF35B8F0068BFF35B8F084125
:1082300000F00100704738B50A46034609B901202D
:1082400038BDC88910F0240FF9D0197D5D7B147BEF
:10825000A94228BF29468C4201D90020F0E78406B4
:1082600008D4507B197AC0070BD4187A003818BF8D
:108270000120E5E70521181DFFF7D4FF0028F0D104
:10828000EBE70029E9D00521181DFFF7CBFF18B94E
:10829000197A01390129E0D9527BD207CFD4E4E71A
:1082A00001238B40DB43BFF35B8F50E8002F1A4064
:1082B00040E800210029F8D1BFF35B8F7047FDF73C
:1082C00047BF08B50621FFF759F818B9BDE80840BF
:1082D000F2F7A2BCEC3808BD4FF47022002300F581
:1082E000A070F8F791BD0720704701238B40BFF3C2
:1082F0005B8F50E8002F1A4340E800210029F8D195
:10830000BFF35B8F704708B50E21FFF7EEFF00202B
:1083100008BD70B5051D0E4628460421FFF782FFF3
:1083200068B10022002100230846EFF70DFD044646
:1083300040B904212846FFF7D8FF204670BD4FF40E
:108340007022EFE701210C30FEF79AF90670F4E78E
:1083500038B504210446FFF7DCFF054698B110212B
:108360000C30FEF78DF904F1270304F1370253F8BE
:10837000041B40F8041B9342F9D120462946F2F72A
:1083800061FC002038BD0820FCE770B5D0F8EC3067
:10839000DB78012B044619D1CD68061D102130462B
:1083A000FFF77EFF2B4604F1B70205F1100153F8E9
:1083B000040B42F8040B8B42F9D107213046FFF73A
:1083C00031FF28B109213046FFF78FFF002070BD33
:1083D0000A213046FFF726FF0028F3D12046BDE8EA
:1083E0007040F2F745BD072070470720704707200F
:1083F000704730B5012303FA01F1CA43BFF35B8F25
:1084000050E8003F03EA020440E80045002DF7D1A0
:10841000BFF35B8F194214BF0120002030BD38B577
:108420000446031D0025BFF35B8F53E8002F43E88C
:1084300000510029F9D1BFF35B8F04F5A07002F061
:108440003EF82572BFF35B8F54E8003F44E80052CA
:10845000002AF9D1BFF35B8F20460121BDE83840E7
:10846000FFF743BF70B500F1700605460C460722C2
:108470000968304603F0B8F9B8B963681A682A6722
:108480009A88A5F874209B7985F87630D5F8A430C1
:108490005BB1A268934208D062681168C3F801100A
:1084A0009188A3F805109279DA7170BD2DE9F84F23
:1084B000DDF82C80BDF82890044692461F46FFF751
:1084C00000FF054600285AD0061DB9F1000F27D13C
:1084D0005AEA070324D103213046FFF7A3FED0B3A5
:1084E00001213046FFF79EFEA8B32C7D6B7B9C429A
:1084F00028BF1C46224605F14701404603F044F9D7
:108500000F2C06D8C4F11002002108EB040003F080
:1085100063F930460121FFF7E8FE0120BDE8F88F3E
:10852000D4F8A430F3B904F1700B217A5A46202014
:10853000F3F7F0FDC4F8A40030B9217A5A460120BF
:10854000F3F7E8FDC4F8A400B9F1000F0AD15AEA24
:10855000070704D006E0D4F8A430002BE3D0D4F809
:10856000A41071B90F213046FFF75CFE20B1022242
:1085700006212046EFF7F8F92846FFF750FF0020C4
:10858000CCE7CB899B06EDD50C7B1A312246B4E7AC
:108590006FF08500704770B504460820F2F7EAFADC
:1085A0000546E0B1061D08213046FFF779FEBCB351
:1085B0000721FFF775FE234605F1970204F120011C
:1085C00053F8040B42F8040B8B42F9D10A213046D0
:1085D000FFF728FE70B109213046FFF786FE07201D
:1085E000F2F7C8FA0446E8B1F2F74AFB0146C8B10F
:1085F000204612E010213046FFF714FE0921002822
:10860000EAD13046FFF70EFE0028E8D02846F2F700
:108610002FFC01460028E2D02846F3F795F9DEE763
:108620000B21F9E770BD70B50446A0F1EC0650F8D7
:10863000543BE83CD3F8A45001F041FF032120460D
:10864000FFF7F0FDA0B108213046F3F7E7F83DB1A0
:10865000EB8913B16B7B9B0702D5284600F02BF802
:1086600030464FF4BC72BDE87040002103F0B4B84E
:1086700001212046FFF7D6FD0028E4D10F21204636
:10868000FFF7D0FD0028DED1E1E7EDF70BBD70B5B7
:1086900004460D461646F3F73DFD38B931462846E7
:1086A000F3F7D8FC10B1C3891C43C48170BDC389E2
:1086B0001943C181704710B5037A5B07044601D5A1
:1086C000EDF736FD214611F8010BEBF7B5FF20461B
:1086D0004022BDE81040002103F07EB8531E19442B
:1086E000024411F8013900F8013B9042F9D170477A
:1086F00010B5431E00F11002073013F8011F12F8E5
:10870000014D1C7083421170F7D110BDF0B597B0C8
:1087100014460E462022014605A81D461C9FFFF761
:10872000DDFF202231460DA8FFF7D8FF2146102299
:1087300001A88DF85450FFF7D1FF3B46412205A90F
:1087400001A8F3F7E5FE044610B93846FFF7D0FF5D
:10875000204617B0F0BD2DE9F04397B00446164609
:1087600005A810221D46DDE91F98219FFFF7B6FFDF
:108770001022314609A8FFF7B1FF102229460DA8A3
:10878000FFF7ACFF1E99032211A8FFF7A7FF494688
:10879000D9F8010011F8013B8DF8473012908B8811
:1087A000ADF84C30062212A8FFF798FF414606228A
:1087B00011F8013B8DF84E30D8F80130CDF84F302C
:1087C0000DF14F008B88ADF85330FFF787FF21463E
:1087D000102201A8FFF782FF3B46412205A901A80C
:1087E000F3F796FE044610B93846FFF781FF20469E
:1087F00017B0BDE8F0830369C9B20C2201FB023354
:10880000186C00F00700704770B5C9B20369EFF348
:108810001185402484F31288BFF36F8F0C2606FB6A
:108820000134246C14F0C00408D0A24206D085F3B1
:108830001188BFF36F8F4FF0FF3070BD71430B4451
:1088400001221A6485F31188BFF36F8F43680B44CC
:108850005B6898470020F0E78022FFF7D5BFF8B5A6
:10886000069F0469C9B2EFF31186402585F312888B
:10887000BFF36F8F0C2569430C44256C05F0070C82
:10888000BCF1010F0BD1276486F31188BFF36F8F02
:10889000C4E90E2343685B5898470020F8BD05F0F3
:1088A000C005AF4286F31188BFF36F8F0CBF6FF026
:1088B00077004FF0FF30F1E713B580240094FFF705
:1088C000CEFF02B010BD10B40069CBB21C2403FB74
:1088D0000400002110BC10471046F7F7DFBF00F07E
:1088E000FDBD4FF4AF607047F7B51C461646002338
:1088F00082682360A36053690D4601AA69469847C0
:10890000019B5A1E01921BB96FF0150003B0F0BD18
:108910000098A26847682168676085B9B31AD0F8E3
:1089200000C0634528BF63461A4403FB071121605A
:10893000A26002689A4206D808300090E0E76B1AFD
:10894000B3FBF7F3EBE70020E0E713460022FFF765
:10895000CBBF2DE9F047836886B05B6988469146B6
:1089600001A902AA98470024A2462546029BAB42D1
:1089700002D806B0BDE8F087019F07EBC5070026C7
:108980007B6804933A68B2420AEB060302D80135C9
:108990009A46EBE703940593494603A8C04700288D
:1089A000E7D0049B01361C44ECE710B50C4601F0FF
:1089B00053F90023C4E90003184610BD70B50446FE
:1089C00001F050F9237B05460BB100F09DFD002618
:1089D0006068F6F757FDA3685B1BA36063682B44D0
:1089E0006360237B01363BB9A368002BF0D1A068FC
:1089F000003818BF012070BD3046F6F749FB00284B
:108A0000F2D0F4E738B505460C4601F025F9002D03
:108A100007DBA84205D9401B84428CBF00200120FF
:108A200038BD0020FCE770B50D46284619461646AD
:108A30001C46FFF7E7FF28B921462846BDE87040ED
:108A4000F4F758B924B122462946304602F09CFE7C
:108A5000002070BD43685B68D3F810350B600020C0
:108A6000704743685B6802EA010021EA0201C3F82B
:108A70000805C3F80C150020704743685B680020A8
:108A8000C3F80815704743685B680020C3F80C15ED
:108A9000704743685A68D2F8043521EA03000B4056
:108AA000C2F80805C2F80C350020704710B50369FC
:108AB0005868F8B1884219D19C6808685860A1428A
:108AC00000D19860002008602AB15A680A609A684C
:108AD000596002B99960002010E0814206D108680F
:108AE000206098688142EDD19C60EBE70446006805
:108AF0000028F2D1002AE8D16FF0150010BD00F077
:108B0000F2BF2DE9F043476840F20636D0063B7CC1
:108B100087B002EA060654BFC2F3401C4FF0030CB4
:108B200001F01F05B6F5837F144645EA43158DF81D
:108B300003C043D00DD8062E16D005D8A6B1022EFC
:108B40003ED06FF0150036E0B6F5807FF9D10126F2
:108B50000AE040F20222964234D0B6F5407F33D08C
:108B6000B6F5007FEDD102260123220303FA01F1BD
:108B70002CD57B68C3F80815B86868BB05F01F02E0
:108B80006D0972D1920002F1A04284F48031D2F8D2
:108B90000037C1F30041C4F3404423F4E16344EAE5
:108BA000410423F007031C4344EA8C0444EA0624EE
:108BB000C2F80047002007B0BDE8F0830726D3E7DE
:108BC0000426D1E70526CFE70326CDE7630344BF9C
:108BD0007B68C3F80C15CFE70DF10202294600F0BF
:108BE00007FF14F4403F80460CD1B868294600F0D6
:108BF0002DFFB8F1000FDDD19DF80210B868F6F72F
:108C000023FCD7E74FF0000901ABCDE90199CDE98D
:108C10000439CDF80C90B86803AA294600F0E3FDAA
:108C20004845C7DB14F4003314D084F480349DF835
:108C300003308DF80E30C4F300448DF80C608DF8CD
:108C40000D40B8684B4603AA294600F067FE00288D
:108C5000CFDAAFE7CDE904330DF103030393B8682E
:108C600003AA294600F0BFFDF1E702F5E07250F8D3
:108C70002230FFDEF0B544681646A068227C01F081
:108C80001F0587B045EA4215002865D0B6F5001FDC
:108C900004D1294600F023FF00204EE001AA002065
:108CA000B6F5800F0190506036D1B3F1007F14BF4C
:108CB000052304238DF804300023CDE90423039316
:108CC000E36823FA01F111F001010DF1030736D138
:108CD000B6F1A07F33D105F01F036A0903F5E073F5
:108CE0003DD14FF0A04252F82330DB0727D4A068D3
:108CF0003A46294600F07CFE163018D00297A0684C
:108D000003AA294600F06FFD002816DBA0680122A7
:108D1000294600F09DFEBFE7B3F1C06F05D0B3F167
:108D2000007F14BF01230223C4E70323C2E7A06826
:108D30003946F6F78FFB0028E0DA07B0F0BDA068EF
:108D40003A46294600F054FE0028D8D19DF8031079
:108D5000A068F6F779FBD2E76FF08500EDE751F8F0
:108D60002330FFDE02780B69012A07D0022A08D0DF
:108D700052B91A6603F14800F7F790BD6FF00D0283
:108D8000F7E76FF00A02F4E76FF00402F1E700F092
:108D900059B838B5044605690122114605F130007D
:108DA00001F0B1FA012205F14800002101F0ABFA0F
:108DB0002046BDE83840F4F70FBA00693030F7F7C5
:108DC000A7BD00693030F7F769BD13B501AA0446A5
:108DD00000F06FF8002805DB019B226819791868FC
:108DE000F4F744FB02B010BD70B54568A86A03688B
:108DF000D3F80845D3F80C65F6F784FD31462046D4
:108E0000F7F742F800210446E869FFF7DEFFA86A99
:108E100001F05AF8204670BD10B544680021E069A1
:108E2000FFF7D3FFA06ABDE8104001F04DB810B5C0
:108E30004468A06AF6F766FDE0690121BDE81040CC
:108E4000FFF7C3BF10B54468FFF7F1FFA06A01F058
:108E500043F8002010BD37B50C460569836801A9A9
:108E60005B68984748B9019B2A685A40012303FA76
:108E700004F10A4214BF1846002003B030BD70B59B
:108E800051F8043C5B681E680C464FF4004540F204
:108E9000E73000214FF47A720023E6FB0501E3F787
:108EA000DDF802460B4604F11400BDE87040F7F708
:108EB000ABBF30B543681360057A446804EBC50462
:108EC000A34202D36FF0010030BD5C798C4201D027
:108ED0000833F0E70020F7E743681B68D3F8800405
:108EE000C3F88004704742681368D3F8100150B18A
:108EF000D269002012780A70C3F81001D3F810214B
:108F000001221A6070474FF0FF307047002A0FDDD2
:108F100042681368D3F8100158B10020C3F810015B
:108F2000D269D3F8100112780A70012018607047D6
:108F30000020704710B543681C680369EFF3118087
:108F4000402282F31288BFF36F8F1A68D17B39B940
:108F500091731B680122DA734FF48003C4F8043361
:108F600080F31188BFF36F8F10BD03691A68D17B3E
:108F700021B1012191731B680022DA7370470269E5
:108F800011680346C87B40B15B681B68D3F8580181
:108F900018B100230B6113689889704743681B68F8
:108FA000D3F81001003818BF0120704743681B68D0
:108FB000D3F80423D2065CBF1022C3F80423704701
:108FC00043681B68D3F80423D20644BF1022C3F8B9
:108FD0000823704743681B684FF40072C3F80423EA
:108FE000704743681B684FF40072C3F8082370474A
:108FF00038B543681D68D5F804335B02044605D4D0
:10900000D5F8040310F0100006D138BDFFF7B7FF04
:109010000028F5D00120F8E72046FFF7BFFF003811
:1090200018BF0120F1E7012070470369186801604B
:109030001B685A60704702680346D2F8580140B96D
:109040005B68DB0706D4D2F82001003818BF012086
:1090500070470120704710B4436802691B68D3F859
:109060000413C90517D5D3F82011A1B1EFF311816D
:10907000402484F31288BFF36F8FD3F8204134B1BA
:109080000024C3F82041D3F820410124DC6081F39F
:109090001188BFF36F8F1168D3F8584171B17CB15B
:1090A00000240C611168C97B19B94FF48001C3F821
:1090B000081311688C7B1CB100238B7310BC7047A4
:1090C000D3F8241121B10021C3F82411D3F824319D
:1090D00012681368002BF1D0516810BC184713B503
:1090E00001AA0446FFF7E5FE002805DB019B226884
:1090F00019791868F4F7BAF902B010BD6FF085005D
:1091000070472DE9F041066933689C89BFF35B8F96
:1091100094420546A8BF14461033012753E8002F98
:10912000002A03D143E800700028F7D1BFF35B8F1A
:109130000CBF3B4600232BD133682246986802F0CF
:1091400023FBEFF31188402383F31288BFF36F8F63
:1091500069680846FFF76FFF326840B9106104463E
:1091600088F31188BFF36F8F2046BDE8F0810B684C
:109170009268C3F844250022C3F84845C3F820216B
:10918000D3F82011C3F85821D3F858219F60E7E79E
:109190001C46E9E7FCF7D3BF002201210420EAF7CF
:1091A000A7BC002201212320EAF7A2BC10B50B685E
:1091B00013B91360184605E003685C681CB11460BD
:1091C0000368186810BD083303600B68013B0B602F
:1091D000EDE703460A4600681979012303FA01F115
:1091E00003691B68194218BF82F0010212B183683B
:1091F000DB68184783681B69FBE710B50368044602
:109200004BB19A683AB1186900F0FBFE2068002162
:109210000830FFF7DEFFA36933B9636004F1100083
:10922000BDE81040F7F73ABB10BD10B50069036800
:109230008B4206D190F86C4034B9FFF7DEFF204630
:1092400010BD6FF01500FBE76FF00F00F8E77FB57A
:109250000546406829698A6D0B6EFAB99BB14C6D61
:109260008B6616461A46C96D0291CDE9004601B3D8
:10927000002B18BF1346002269460393F6F750FAF5
:1092800050B16FF004032C69236404F12800F7F750
:1092900005FB002384F86C3004B070BD4C6D13B135
:1092A0009A4228BF1A46002C8A6614BF164600262A
:1092B000D9E70B46DFE7F0B587B001238DF8023020
:1092C00002238DF804306B4403930E4601AB0DF17D
:1092D000030100270546029104930597F6F7BAF8B3
:1092E000041E0BDB03AA3146284600F07CFA041E5C
:1092F00007DA9DF803102846F6F7A6F8204607B0CF
:10930000F0BD3C46FAE700F150039B009BB203F12D
:10931000804303F5883300221A601B68704708B544
:10932000F4F7D2FD08BD10B54FF0FF304FF0FF311C
:10933000F4F7C2FF044628B9D7F720FF044618B156
:10934000F4F7C2FF204610BDF4F7BEFF2046EBF74E
:109350001DFAF7E738B50B8A0D463BB101F10C0059
:10936000FDF7C6F9012818D0022803D06FF01504C4
:10937000204638BD4FF0FF304FF0FF31F4F79CFF2F
:1093800004460028F4D1E868E2F7E7FF0446F4F762
:109390009BFFACB1F4F7D4FFEAE74FF0FF304FF09A
:1093A000FF31F4F789FF04460028E1D1E868F5F7BA
:1093B00061F90446F4F788FF002CD9D1F4F7C0FF17
:1093C0002846EAF7CDFE0024D2E7F5F7B5B810B588
:1093D00031220446002102F0FFF92023237080236C
:1093E000A3706FF03F0363710423A3722823A37358
:1093F0000223E3730423A3756FF00803637603234A
:10940000A3766FF00F03E3767E232377302384F86F
:1094100020306FF03F0384F82130792384F8223024
:109420006FF0010384F82330012384F82430802373
:1094300084F82630042384F82730402384F82D3024
:1094400010BD08B50323E2F77BFB002008BD08B57B
:10945000F5F77AFC002008BD08B5F9F703FA48B122
:10946000002383F31188BFF36F8F0423184602DFB4
:109470006FF0040008BD08B54FF0FF314FF0FF302A
:10948000F4F71AFFE6F703F9BDE80840F4F71CBF4C
:10949000684620F007018D4601B5E1F74FF9BDE8B8
:1094A000014085467047684620F007018D4601B5AA
:1094B000E0F7F6F8BDE8014085467047684620F0C1
:1094C00007018D4601B5E0F7DFF8BDE801408546AC
:1094D000704708B5E5F72AFF002008BD704701284E
:1094E00002D10020E1F768BD70477047E1F762BB29
:1094F00008B5E2F75BFA30B1EFF3058003380328D3
:1095000094BF0020012008BD70474FF08053D3F86E
:109510003001421C04BF4FF0704393F8E00F831FEB
:1095200058425841704703460020184700F069BD73
:1095300010B502461168B1B1BFF35B8FB1FA81F388
:10954000C3F11F000123834021EA030352E8004FC7
:109550008C4204D142E8003CBCF1000FF6D1BFF3CD
:109560005B8FE7D110BD6FF00B00FBE710B5036810
:10957000CB40DB0714D401238B400268BFF35B8F21
:1095800043EA020150E8004F944204D140E8001C35
:10959000BCF1000FF6D1BFF35B8FEED1002010BD00
:1095A0006FF01500FBE770B50C4600210546084634
:1095B0001646F5F7DFFE00280ADB3378DB0003F1FF
:1095C000804303F5F8330020C3F81055C3F8144561
:1095D00070BD036803F01F025B0902600CBF4FF00F
:1095E000A04000207047F7B5019001A8DDE90847C9
:1095F00016461D46FFF7EDFF019BB6F1000C18BFA4
:109600004FF0010C00EB83000B1E18BF0123002D4F
:1096100043EA4C0314BF4FF00C0C4FF0000C002C2D
:1096200043EA0C0314BF4FF4E06C4FF0000C002F22
:1096300043EA0C03D0F8002714BF4FF4403C4FF02E
:10964000000C43EA0C0322EA030301B109780EB1CE
:109650003678760019430DB12D78AD0031430CB149
:109660002478240229430FB13F783F040C433C4344
:10967000C0F8004703B0F0BD1FB50DF10F03019313
:1096800000238DF80F1000931A461946FFF7ABFF21
:1096900005B05DF804FB70B5CBB20833164630F860
:1096A0001330DA0504460D4609D5C3F3432300EB16
:1096B000C302314650F83330526828469847A368B1
:1096C0002BB1E26831462846BDE87040184770BDAE
:1096D00010B4CBB200EB43039A8AD1051BD5C2F379
:1096E000432122F4F8529A8200F1520400F112024E
:1096F00032F8023F13F4807F03D0C3F3432399422F
:1097000009D0A242F4D100EBC10300225A6010BC80
:109710005830FFF72BBF10BC704770B511F0010433
:109720000CD04FF0A046D6F820550560C6F820555D
:10973000F5F736FE08B1D6F8203505B900242046E5
:1097400070BDF0B5034600F5807400200546012782
:10975000844695420AD1D3F87C2132B10022C3F865
:109760007C21D3F87C3140F00040F0BD25F040462C
:1097700007FA06F6314209D0D4F800E0BEF1000F36
:1097800004D0C4F800C0D4F800E0304301350434FC
:10979000DFE7C9B200EB4100808A830643BF400B7C
:1097A000800000F580704FF4BE7070470246CBB267
:1097B00002EB430308469B8A990611D599070FD4FB
:1097C00010685B0B01219940C0F80813126802EB86
:1097D0008303D3F8102522F00302C3F81025704745
:1097E0000021FFF749BFF0B5136885B005460C4668
:1097F0001646DBB1CFB200EB4707BA8A02F022026D
:10980000222A1ED00022CDE900228DF80E208DF8EC
:109810000F200DF10E010DF10F022046FFF7E3FEC0
:10982000BB8A23F0020343F00103BB82736823B3B6
:109830001A785868E3B205EB4303998A8F0703D57A
:10984000A8B16FF015001BE021F4604121F0200168
:10985000998260B1032AF4D871684868296807784A
:1098600001EB870172B9C1F81025C1F81025998A5A
:1098700021F01C0141EA82029A82B3684BBB0020AE
:1098800005B0F0BDD1F8100520F00300C1F81005B7
:10989000286800EB8700D0F8101521F4473121F437
:1098A0004071C0F810152102D0F810C501F4F8512C
:1098B00041EA024141EA0C01C0F8101505EB4701ED
:1098C000A1F85C40998A41EA473141F02001998230
:1098D000CDE7D3E9006721462846FFF7F9FE002EC1
:1098E000CDD06B689E4206D005F15800FFF720FEF0
:1098F000002804DAC4E7AB689F42F5D1002005EBED
:10990000C003C3E90167E4B205EB4404C0B2A38A13
:1099100043EA402343F48073A382B0E7F0B50746DF
:1099200085B00C461D46F2B1CEB200EB4606B38AB6
:10993000980701D499061ED413F01C0F02D0537857
:10994000012B18D001238DF80F300023CDE900231F
:109950000DF10F01931C20460132FFF744FEB38A3C
:1099600043F00303B382002D3DD0E2B207EB420285
:10997000938A9B0703D46FF0150005B0F0BD2878DB
:109980003B6803EB80030021C3F81015C3F81015E2
:10999000938A23F4604323F0200393826E784FEA86
:1099A000800C06B33968AD7861443604D1F81035BF
:1099B00023F4981323F4F853C1F81035230203F469
:1099C000F85306F440362D05D1F81075334305F4ED
:1099D00080152B433B43C1F81035938A43EA40334B
:1099E00043F0200393820020C7E7C0E903127047C9
:1099F000C9B200EB4100838A990643BF5B0B00208C
:109A000013706FF01500704738B590F86C4005463C
:109A10009CB940222146143001F0DEFE2868C0F8CF
:109A20007C41D0F87C3140F30730EAF731F801236C
:109A300085F86C30AB65204638BD6FF07700FBE7EA
:109A400090F86C00003818BF01207047F5F7C8BCCB
:109A500073B50C46C9B200EB410105688B8A9E06BE
:109A600019D513F0020616D15B0B9C0004F580712A
:109A70006E50695801682144D1F8104544F0010442
:109A8000C1F810452AB10168012202FA03F3C1F8B6
:109A9000043302B070BDD5F80433002BA4BF4FF0DF
:109AA0000043C5F804338B8AC3F38203042B12D01E
:109AB000052B12D001A80194FFF78BFD019AD0F875
:109AC0001035D34003F00103991C204602B0BDE8D5
:109AD0007040FFF7D1BD0321F7E70221F5E7FFF75B
:109AE00065BEFFF756BE2DE9F04F074685B057F823
:109AF000049BD9F80413C9B28046082241F0004102
:109B00004846FFF71EFE051E16DA0023012102A8B3
:109B10000293FFF702FE4FF0010A029A92B94FF04A
:109B200000414846FFF70DFE012102A8FFF7F5FDB1
:109B30000028F2D125F000450124002D76D105B092
:109B4000BDE8F08F92FAA2F4B4FA84F408EB44036F
:109B5000E0089E8A039402AB04F007021B5C0AFA39
:109B600002F223EA020302AAB108135403A8FFF782
:109B700030FD039B03F5E073C6F3820B50F82330EE
:109B80004A075E46C3F3014332D532463846214682
:109B90005FFA83FBFFF77FFD03A80394FFF719FD2E
:109BA000039B03F5E07350F82330C3F301439B4557
:109BB00007D100212046FFF75FFD59462046FFF7F9
:109BC0005BFD03A80394FFF704FD039B0AFA03F36C
:109BD000C0F820350446F5F7E3FB00289DD0D4F803
:109BE0002035D4F82035D4F82035D4F8203594E742
:109BF000022B0DD103212046FFF73EFD0BF005039C
:109C0000012BDED1324621463846FFF744FDD8E726
:109C1000022120460193FFF72FFDBBF1030FF1D086
:109C2000019B032BCDD1BBF1020FEAE795FAA5F317
:109C3000B3FA83F304FA03F225EA020503F5A272EC
:109C400008EB430359F82220B3F85C10C2F3014239
:109C50003846FFF720FD70E74FF080531A695869C6
:109C6000504370474FF08053186970474FF080534E
:109C700058697047036803F01F025B0902600CBF5C
:109C80004FF0A0400020704707B5019001A8FFF7F2
:109C9000F1FF019A01239340C0F8083503B05DF845
:109CA00004FB07B5019001A8FFF7E4FF019A012327
:109CB0009340C0F80C3503B05DF804FB37B5D0F81D
:109CC00018358A69DBB28DF807300B6A93423EBFC4
:109CD0004A699DF80740D4540B6A91F824500C69E6
:109CE0005A1C0A62023335B1A3428C6938BF0B613A
:109CF0009C4288BF8B610D699D4205D9CA68D35CBF
:109D0000C0F81C3501200AE08C699C4201D9CB7F48
:109D1000F6E7AA42F6D3A2422CBF0020012003B0EE
:109D200030BD70B503460025C0F80851D3F808319E
:109D30000C46FFF7C3FF68B9887FFF2801D0FFF703
:109D4000A3FF204665772572616850F8083BBDE89F
:109D50007040184770BD91F820200346032A29D887
:109D6000DFE802F0212519028A68500304D5D3F8F0
:109D70004C250869904207D18A6852031AD4D3F857
:109D80004C258969914215D000200622C3F80005B0
:109D9000C3F800257047D3F84C2508699042F3D1E9
:109DA000D3F83C25EDE7D3F84C250969EAE7D3F869
:109DB0003C25FAE70120704730B5A2F58075AD0863
:109DC0000124AC400C4207D0815829B100218150B8
:109DD00082581A6822431A6030BD13B500230C461E
:109DE00001934FF4A47201ABFFF7E6FF21464FF455
:109DF0008272FFF7E1FF21464FF49272FFF7DCFF1A
:109E000021464FF4A872FFF7D7FF21464FF4A67200
:109E1000FFF7D2FF21464FF4B072FFF7CDFF4FF4AA
:109E2000AE722146FFF7C8FF019802B010BDF8B529
:109E300005468E68CF7B0C46F5F7FCFC20B1B6F1E9
:109E4000C86F08BF4FF0C4662B682FB9D4E9001261
:109E5000C3F80815C3F80C25C3F824656B6833B143
:109E60002868BDE8F84040F30730E9F711BEF8BDB7
:109E700038B50D4690F826100446F9B9C160C0E91E
:109E8000012380F8291080F8281095B1AB7B80F869
:109E90002B302846F5F706FD98B16B7B84F82A3005
:109EA000F5F7C8FC08B1AB68E36229462046FFF726
:109EB000BEFF012384F82630002038BD6FF0770004
:109EC000FBE76FF01500F8E703680622C3F80025EA
:109ED000022380F82630704738B50446006840F306
:109EE0000730E9F7E3FD2046F5F70CFD94F82B3039
:109EF00063B994F82A304BB92368D3F80805D3F82E
:109F00000C55F5F7B7FC2846F5F7B4FC002384F8A8
:109F1000263038BD036803F01F025B0902600CBFE6
:109F20004FF0A0400020704707B5019001A8FFF74F
:109F3000F1FF019A01239340C0F8083503B05DF8A2
:109F400004FB0369C26893429CBF81685B18013BB4
:109F5000981A70472DE9F041D0E902840546A8EB34
:109F600004064068964220440F46144404D901F088
:109F70000BFCEC60BDE8F0813246A4EB080401F074
:109F800003FC68682246B919F1E72DE9F843C56872
:109F90000646894617464FF000083369B468706872
:109FA0009D4228BF1B19641BBC4203F1FF3328BF2D
:109FB0003C465B1B9C4228BF1C464946284422461F
:109FC00001F0E2FBB3682544AB4208BF00253F1B0C
:109FD000A044A144F560E0D14046BDE8F88308B54F
:109FE000F6F784F8002008BDEFF31180402383F3D7
:109FF0001288BFF36F8F704780F31188BFF36F8FA4
:10A00000704708B1EAF7D6B8704710B543690446FF
:10A010003BB90020E268537843F00103537040429B
:10A0200010BD98470028F4D00028B8BF4042E3682C
:10A03000FF28A8BFFF201870ECE740B1C36858782C
:10A0400010F001001EBF1878B0FA80F04009704788
:10A05000EFF31183402383F31288BFF36F8FFEE782
:10A0600010B400F10C04C0E9034410BCFBF7F7B8CE
:10A0700038B50446EFF31185402383F31288BFF30C
:10A080006F8FFBF79CF804F10C0000F009FB30B176
:10A09000294604F11400BDE83840F7F725B985F3E7
:10A0A0001188BFF36F8F38BD4169826842EA0103AE
:10A0B00013F003030FD1C3600369013B03FB0122CB
:10A0C000002B01DA00207047C16811604169C2604D
:10A0D000013B521AF4E76FF0150070472DE9F0418B
:10A0E00005460F46EFF31188402383F31288BFF330
:10A0F0006F8FC668FEB90468A0421CD0DCB1D4E9F9
:10A10000003213605A60637BA66023F0020363731E
:10A11000C4E9006604F1180000F037FB2046C4F8DB
:10A12000B060276100F05DFA414605F10800BDE826
:10A13000F041F7F7D9B83E60AB69EF60013BAB6126
:10A1400088F31188BFF36F8FBDE8F08108B5402414
:10A15000EFF3118384F31288BFF36F8FFCF7F3F9E9
:10A16000F6E7D0E9003213605A60427B002322F008
:10A170000202C0E9003342738360704713B50124C3
:10A180000094F6F7BDF902B010BD90F90E308B4285
:10A1900001D0F7F737B80020704703460020C3E925
:10A1A0000200C3E900337047D0E9003213605A60FF
:10A1B000427B002322F00202C0E900334273836035
:10A1C00070472DE9F843914604469DF820200D463E
:10A1D00000F10807EFF31186402181F31288BFF3E5
:10A1E0006F8F02B14568D4F80880474518D0B8F1A0
:10A1F000000F15D04046FFF7D7FF08F1180000F018
:10A20000C4FA0023C8F8B030C8F81090404600F0F7
:10A21000E8F938463146F7F767F80020BDE8F883DB
:10A22000A3B10820F7F71EFD002838D00122C0F89E
:10A2300004900260016801F003015DB922680A43DD
:10A240000260626820606AB960600BE0C9F80030A3
:10A250004846EFE72A68032A16D80160616869B9A1
:10A26000C4E90000042104F1100000F06DFB002897
:10A27000CFD186F31188BFF36F8FCFE70A6802F062
:10A28000030202430A60DFE722F003020A4302608E
:10A290002A6802F0030240EA02032B60E2E76FF053
:10A2A0000B00E6E710B5044630B10268930703D00F
:10A2B000446809B100F067FB204610BD0023C0E9E7
:10A2C000003300F10803C0E9023300F11003C0E9D4
:10A2D0000433704707B50123009300230A4619464B
:10A2E000FFF76FFF03B05DF804FB07B500230A46D4
:10A2F00000931946FFF765FF03B05DF804FB0068A3
:10A300000021FFF7CFBF5AB18A4209D300F11003F1
:10A31000C0E90212C0E90000C0E904330020704720
:10A320006FF015007047026801238B4022EA030397
:10A33000036022FA01F000F001007047704710B589
:10A34000032104460C30FFF7EEFF30B104F110009A
:10A3500000F01BFAB0FA80F0400910BD20B10022D5
:10A360001146C43000F0D7B9704770B5C368C3F365
:10A3700040069B07044616D4856802210C30FFF77F
:10A38000D2FF80B1D5F8BC206AB194421DD12268B9
:10A390009EB9D5F8C030C5F8BC209C4201D1C5F8A3
:10A3A000C02000232360E36813F01F001EBF43F0AA
:10A3B0000203E36040F0020070BD3260D5F8C020B7
:10A3C000944208BFC5F8C060EBE716461268DBE7A9
:10A3D00073B50446EFF31185402383F31288BFF36E
:10A3E0006F8F0023A0F11006032104380193FFF7BB
:10A3F0009AFF28B1A369019301A93046F6F7C8FB7B
:10A4000085F31188BFF36F8F02B070BD38B5044675
:10A410000D461022002101F0DFF9656038BD13B54B
:10A4200001900846EFF31184402383F31288BFF3B1
:10A430006F8F01A9F6F7ACFB84F31188BFF36F8F20
:10A4400002B010BD10B5FFF7EAFF041E08DDEFF300
:10A450001180402383F31288BFF36F8FF6F756FF06
:10A46000204610BD70B50D46EFF31186402383F3EF
:10A470001288BFF36F8FF6F7E7FB044686F3118867
:10A48000BFF36F8F38B14FF0FF324FF0FF3305F15C
:10A490001000F6F73DFA204670BD08B5D82200211D
:10A4A00001F09AF908BD38B5302204460D46002166
:10A4B00001F092F94FF480736560E36038BD38B500
:10A4C0000446EFF31185402383F31288BFF36F8FA7
:10A4D000FFF735FF2046FFF748FF85F31188BFF3EC
:10A4E0006F8F38BDF8B504460D46EFF31186402353
:10A4F00083F31288BFF36F8FC36803F01F03002B31
:10A5000014BF0127002705D186F31188BFF36F8F91
:10A510003846F8BDFFF713FF2046FFF726FF294610
:10A520002046F6F717FB86F31188BFF36F8F0028DC
:10A53000EED04FF0FF324FF0FF3305F10800F6F791
:10A54000E7F9E5E7D0E9003213605A60427B002367
:10A5500022F00202C0E90033427383607047EFF3D8
:10A560000580003818BF0120704778307047D0E967
:10A57000003213605A600023C0E90033704708B509
:10A58000FFF7F5FF437B23F002034373002383604F
:10A5900008BD38B504460D46F6F792FD637B43F0DF
:10A5A00002036373E5B1A5602B689D4209D16B6816
:10A5B000C4E900531C606C6012E06A689A42F6D0ED
:10A5C0001B68002BF3D094F90E2093F90E108A42E9
:10A5D000F3D09142F1DD5A68C4E9003214605C6046
:10A5E00038BD10B5EFF31184402383F31288BFF315
:10A5F0006F8FF6F723FD84F31188BFF36F8F10BDC3
:10A6000008B5EFF31181402282F31288BFF36F8FF8
:10A6100083680BB1FFF7B3FF81F31188BFF36F8F2E
:10A6200008BD10B50146EFF31184402383F312886F
:10A63000BFF36F8F437B13F0280F0AD183680BB1F0
:10A64000FFF79DFF4B7B23F004034B730846F6F79F
:10A65000F5FC84F31188BFF36F8F10BD012118380A
:10A66000FFF7DFBF08B50346EFF31181402282F305
:10A670001288BFF36F8F0068834207D008B1FFF7DD
:10A680007EFF81F31188BFF36F8F08BD0020F8E7CC
:10A6900010B5FFF7B5FFBDE81040183000F075B8F1
:10A6A00038B504680546AC424FF0000000D138BD13
:10A6B000002CFCD02046FFF7EBFF2046FFF791FF70
:10A6C0002C680120A542F1E738B504460D46F6F79F
:10A6D000C5FEB5F1FF3F08BFB4F1FF3F024620467B
:10A6E00018D000204FF47A7447F6FF730146C2FB7E
:10A6F0000431B3F5004F71F100020BD36FF4004247
:10A700009A4243F6FF728A4126BFD80B40EA414085
:10A710006FF0004038BD38B5EFF31185402383F367
:10A720001288BFF36F8F0468A04213D0A4B1C4F89D
:10A73000B01022612046FFF722FF04F1180000F05C
:10A7400024F82046F6F77AFC012085F31188BFF340
:10A750006F8F38BD0020F8E72046F6E708B50246BF
:10A76000F7F73AF870B1D0E904319B1A61EBE27265
:10A77000B3F1004F72F1000104DA002AACBF1846B1
:10A78000002008BD6FF00040FBE738B50246EFF34C
:10A790001185402383F31288BFF36F8F0368CBB119
:10A7A000F7F71AF804461046F7F728F800224FF09A
:10A7B00000438442C0E9042306D1F7F715F8FFF7F8
:10A7C000CDFF0021F3F724FD002085F31188BFF3AE
:10A7D0006F8F38BD6FF01500F7E708B5F7F71AF976
:10A7E00008BDF7F717B9B3F1FF3F08BFB2F1FF3F5C
:10A7F00070B506461D46144614D01A4316D0002BD9
:10A8000008DBF7F707F9041941EB0501C6E9004138
:10A81000304670BD6FF001031C1B4FF0FF3363EB3C
:10A820000501F3E74FF0FF342146EFE70024FBE793
:10A83000B3F1FF3F08BFB2F1FF3FF8B50746164638
:10A840001C4610D054EA020311D0F7F7E3F8B042E7
:10A850000A46A14103460AD2F31A64EB0204C7E98F
:10A8600000343846F8BD4FF0FF331C46F7E70023AD
:10A87000FBE70023C0E9081200F11802C0E9062234
:10A88000C0E9003303634363704710B50446FFF724
:10A890007CFFA8B9636A0BB12046984704F1180001
:10A8A000FFF7E0FE60B1FFF79CFEEFF3118040235D
:10A8B00083F31288BFF36F8FBDE81040F6F726BD13
:10A8C00010BD2DE9F041846805460E46D4B1637889
:10A8D000012B22D114F8533C9A0711D5A4F160073B
:10A8E0003846FFF7D5FE082E0CBF6FF00303002398
:10A8F000236514F8533CDB0602D13846FFF771FE9E
:10A9000000232370EB68C3F386321643002066F3FE
:10A910009433A860EB60BDE8F081022BF0D123787E
:10A92000002BEDD054F8048CB8F1000FE8D004F1FE
:10A930001400FFF72AFFA4F114070023E36239464D
:10A940004046FFF76CFDDBE738B5EFF31185402398
:10A9500083F31288BFF36F8F0468A04211D0D4E94B
:10A96000003213605A600023C4E900332046FFF729
:10A97000A8FF85F31188BFF36F8F201E18BF012039
:10A9800038BD0024F5E720B1011F50F8040CFFF793
:10A990006FBB704700207047704710B5044608B180
:10A9A000F7F720FB2046BDE81040F7F70BBB034646
:10A9B000C068E0B15888D0B11B8803F44F42B2F5AB
:10A9C000824F09D1DBB2272B2AD008D8172B0FD002
:10A9D000222B34D0122B16D06FF085007047302B0D
:10A9E0002FD0413B012BF7D8FF2839D100207047E9
:10A9F000C028FBD0E128F9D0B0F5807F0CBF002043
:10AA00006FF08600704720F02003C02BEED020F0BE
:10AA10008003B3F5807FE9D040F209239842EDE747
:10AA2000E928E3D0EF28E1D040F21B139842DDD0B3
:10AA300040F299139842D9D040F23B23EEE7E9283F
:10AA4000F1E720F02003C02BD0D020F04003B3F575
:10AA5000807FCBD0B0F5C07FC8D0B0F5007FCDE708
:10AA6000B0F5E07FCAE73AB1002918BF0023D21A37
:10AA70002121184400F0B0BE70472DE9F04F89B095
:10AA80009B4600238DF81B30159BDDF85080002B72
:10AA900091460B460D460CBF4FF400624FF48062A6
:10AAA00007A9DDE912A7F7F705FC0446D0B9079E10
:10AAB0000DF11B0231882846F7F798FC044688B947
:10AAC0009DF81B30BB421FD8CDE90338CDE901BA50
:10AAD000CDF80090D6E909122B463046F8F756F823
:10AAE000044608B1C8F80070D8F800303A4621464C
:10AAF0005046FFF7B8FF0798F8F72AF8002C18BF60
:10AB0000204609B0BDE8F08F6FF08904EAE741F212
:10AB1000062398421AD8B0F5905F09D241F201039A
:10AB200098420CD0B0F5885F09D06FF0850070476F
:10AB3000A0F5905080B26923C340DB07F5D511F032
:10AB4000070F0CBF00206FF086007047B0F5105F54
:10AB5000EBD121F04003802B06D0B1F5807F0CBFF4
:10AB600000206FF0860070470020704770B5446A7F
:10AB700005460E463CB90120F7F71EFA686228B177
:10AB8000AE62204670BD6FF08A00FBE76FF08C006C
:10AB9000F8E7F8B51E460F4603881546C2B103F420
:10ABA000E043B3F5805F02D0B3F5005F10D1089B9E
:10ABB000E90019600088FFF7AAFF044630B92A4669
:10ABC0003946304600F0E0FD079B1D602046F8BD89
:10ABD0006FF08504FAE710B50446406A10B1A16A27
:10ABE000FFF7DBFE0020C4E9090010BD38B50546BB
:10ABF000FFF7F1FF2B7F012B04460ED0023B012B08
:10AC00000ED82B6A012B18BF6FF096042C2200215E
:10AC1000284600F0E1FD204638BD2B6A002BF2E704
:10AC20006FF09604F2E770B50488049E154604F4AC
:10AC3000E042B2F5805F19D0B2F5005F16D024F47F
:10AC4000405044F20102904210D004F44F42B2F559
:10AC5000824F0BD0B2F5884F08D0B2F58E4F05D099
:10AC6000803C24F0FF04B4F5485F0ED1B5420FD804
:10AC700018462A4600F088FD721B0021284400F087
:10AC8000ABFD059B00201D6070BD6FF08500FBE7EC
:10AC90006FF08900F8E77FB50E461D461446BAB13D
:10ACA00000232B60012203A9F7F704FB70B9CDE95B
:10ACB000004503983346D0E9091200F06BFA0446C8
:10ACC0000398F7F745FF002C18BF204604B070BD6D
:10ACD0006FF08900FAE770B50488049E154604F405
:10ACE000E042B2F5804F22D124F4405044F20102F8
:10ACF00090420DD004F44F44B4F5824F08D0B4F51F
:10AD0000844F05D0B4F5884F02D0B4F58E4F0ED1E4
:10AD1000B5420FD818462A4600F036FD721B0021B6
:10AD2000284400F059FD059B00201D6070BD6FF0A8
:10AD30008500FBE76FF08900F8E7F0B50F4685B0B6
:10AD40001E4615460AB3002333601A4603A9F7F7D7
:10AD5000B1FA044638B9039803885B0406D4F7F7C0
:10AD6000F7FE6FF08604204605B0F0BDCDE9005631
:10AD70003B46D0E9091200F018FA04460398F7F7A9
:10AD8000E7FE002C08BF0446EDE76FF08904EAE710
:10AD900010B50368044653B100F070FA0023236035
:10ADA000A38823F4FF7323F00103A38010BD18468A
:10ADB000FCE72DE9FF410C46016898460023054653
:10ADC00017460393A9BB4FF4A872083000F004FDA6
:10ADD000B8F1000F20463B4614BF4FF480624FF499
:10ADE000006203A9F7F766FA044620BB039E2A1DFA
:10ADF00031883846F7F7FAFA0446E0B96B7968F318
:10AE000000036B710097D6E9092331462846B8F153
:10AE1000000F0BD0F7F7D2FE044660B90398F7F79E
:10AE200097FE0446204604B0BDE8F081F7F7E6FE41
:10AE3000F2E76FF088042846FFF7AAFF0398F7F7B8
:10AE400087FEEFE70123FFF7B4BF38B50468054676
:10AE500064B112B90024204638BD00F0FAF9044666
:10AE60000028F7D02846FFF793FFF4E76FF0880437
:10AE7000F1E72DE9F0411746026805460E4698466F
:10AE800082B14279D2070DD502795AB1BA4216D8A9
:10AE900000F0E8F9044638B9A6B92846BDE8F04103
:10AEA000FFF776BF6FF088040023C8F800702B719D
:10AEB00046B92846FFF76CFF2046BDE8F0816FF0E9
:10AEC0008904F1E72146D8F800303A463046FFF7CA
:10AED000CAFD2846FFF75CFF002C08BF0446EBE7DD
:10AEE0001FB501240394089C0294079C0194069CBE
:10AEF0000094FFF7C2FD04B010BD2DE9F04788B003
:10AF000005469A460023079325F0004323F47F0368
:10AF1000B3F1106FDDE91096DDF84880084617465A
:10AF20001CD12B464FF4804207A9F7F7C3F904461A
:10AF3000B0B9CDE90368CDE901A907980097D0E938
:10AF400009122B4600F0A2F9044648B90798F7F712
:10AF5000FFFD0446204608B0BDE8F0876FF0860488
:10AF600031464846F7F724FC0798C8F80060F7F721
:10AF7000EFFDEFE7034608461B8803F4E043B3F513
:10AF8000805F114602D0B3F5005F01D1F7F710BC26
:10AF90006FF0850070477FB5002203880A60CDE915
:10AFA0000122428806460D46002A69D0028802F432
:10AFB000E042B2F5804F63D023F0FF03B3F5E24FD8
:10AFC00002D0B3F5824F04D13046FFF7F0FC0446BF
:10AFD000D8B902AA01A93046F7F778FA0446002842
:10AFE00043D1019B9B6A9BB10199304601F1280333
:10AFF000D1E9091200F087F80446002839D10198F8
:10B000002946F7F7C9F9044678BB204604B070BD5D
:10B0100073681B0A22D13088718800F4E043B3F5CD
:10B02000805F15D0B3F5005F12D020F0FF03B3F5B9
:10B03000E24F22D1C0B242280ED10831C908039193
:10B0400003990198FFF792FD04460028CCD00CE04C
:10B05000FFF75DFD044640B90731EFE703A930462D
:10B0600000F04CF804460028EAD00198F7F790FA6F
:10B07000CBE70198FFF7AFFDF7E76FF08504F4E742
:10B080006FF08604C1E71C22002100F0A5BB034637
:10B090006FF040420846591E914207D338B103F180
:10B0A000404393428CBF002001207047012070472D
:10B0B000034668B1017F8A1E012A0BD80329026A60
:10B0C00003D1012A01D1FFF791BD1AB1013A1A62E9
:10B0D000002070476FF09600704700207047C0B2A4
:10B0E000002814BF6FF085000020704700207047D3
:10B0F000704700221A606FF08600704700230B60D3
:10B100006FF0860070472DE9F04147683F0A04461A
:10B110000D461646984611D107887F0407D443464A
:10B12000324629462046BDE8F041FFF723BF00F034
:10B13000DCF810F1860FF2D0BDE8F0816FF08600E8
:10B14000FAE72DE9F04F476885B03F0ADDE90E9A2E
:10B15000DDF840B004460D461646984615D1CDE9B7
:10B1600001ABCDF8009000F0B2F810F1860F0ED1CF
:10B170004346324629462046CDE90FABCDF83890FC
:10B1800005B0BDE8F04FFFF704BD6FF0860005B0D5
:10B19000BDE8F08F10B44468240A02D110BCFFF758
:10B1A00042BD6FF0860010BC70472DE9F347476839
:10B1B0003F0ADDE90A9A04460D461646984611D123
:10B1C000CDE9009A00F075F810F1860F0CD14346D6
:10B1D000324629462046CDE90A9A02B0BDE8F0473A
:10B1E000FFF779BD6FF0860002B0BDE8F08713B5B8
:10B1F00004464868000A0AD10498009004F1080047
:10B20000F7F7CCFD08B91C23236002B010BD6FF026
:10B210008600FAE710B404681C2C03D110BC083077
:10B22000F7F7E8BD6FF0860010BC704738B50368CB
:10B230001C2B0CD100F10804204600F05DF94FF4FE
:10B24000907105462046F6F7CDFE284638BD00250C
:10B25000FBE703681C2B02D1083000F028B96FF01F
:10B260008600704710B404681C2C03D110BC083051
:10B2700000F026B96FF0860010BC704703681C2BE5
:10B2800002D1083000F028B90020704710B444689B
:10B29000240A02D110BC00F037B96FF0860010BC50
:10B2A0007047F7F701BEF7F72FBEF7F783BEF7F742
:10B2B000C5BC10B4048804F44F44B4F5824F02D1E5
:10B2C00010BC00F0A9B96FF0850010BC704710B435
:10B2D000048804F44F44B4F5824F02D110BC00F04E
:10B2E000CBB96FF0850010BC704710B4048824F00F
:10B2F000FF04B4F5E24F02D110BC00F010BA6FF0B9
:10B30000850010BC7047024612F8103BDB0903EBC6
:10B31000C303C3EB031312F8011D83EA41039042F8
:10B3200013704FEA1323F6D170472DE9FF47054606
:10B330008846144622B3D0F8486100F5947786B960
:10B34000A0444FF010090DF10C0A102CA8EB0402D8
:10B3500037D823463946384600F051F9C5F84841F8
:10B360000EE0C6F110094A450FD8B9191346084630
:10B37000424600F044F9D5F848312344C5F8483135
:10B380000026304604B0BDE8F087B9F1000F08D0C0
:10B39000B91942464B46084600F031F9103EC84400
:10B3A000344403AB1022019300923B4639462846B1
:10B3B000FFF730FF06460028C2D02846FFF736FFC9
:10B3C000DFE710233946384600F019F9CDE9009A35
:10B3D0003B46102239462846FFF71CFF0646002848
:10B3E000EBD1103CB1E72DE9F0439846D0F8483155
:10B3F000102B174685B00446894600F59C7200F56F
:10B4000094751CD12946284600F0F9F803AB1022A8
:10B41000019300922B4629462046FFF7FBFE064685
:10B4200030B93A462946484600F0AEF9C8F80070EF
:10B430002046FFF7FBFE304605B0BDE8F083C61896
:10B44000104696F8283183F0800386F82831FFF7FC
:10B450005AFF10230246D5E7F0B5D5B004460E4694
:10B46000174600214FF4A67201A81D4600F0B4F95A
:10B4700021463B46324601A8F7F708FC044680B94E
:10B480005A9A294601A8FFF750FF044648B9DDE95A
:10B490005C235B9901A8FFF7A6FF0446204655B040
:10B4A000F0BD01A8FFF7C2FEF8E7F7F715BC90F86A
:10B4B0004C31022B01D1FFF738BF6FF08800704785
:10B4C00010B490F84C41022C02D110BCFFF78BBF96
:10B4D0006FF0880010BC704710B590F84C31022B0B
:10B4E000044607D1FFF7A2FE4FF4A87200212046C0
:10B4F00000F072F9002010BD08B54FF490720021E1
:10B5000000F06AF9002008BD10B4048804F44F4428
:10B51000B4F5824F02D110BCF7F760BD6FF0850023
:10B5200010BC70472DE9F04F89B005460E461C4609
:10B5300002EB030800F5947A0DF110090F2CA8EB2B
:10B54000040704D81CBB002009B0BDE8F08FD5F873
:10B550002831002E03F1010303AA4FF0100BC5F8A8
:10B560002831514614BF4B463B460192CDF800B0FE
:10B570005A462846FFF74EFE0028E5D12EB15B461D
:10B5800032464946384600F03AF8103CD6E7D5F83E
:10B5900028310133C5F82831102203AB0193009202
:10B5A0000DEB020305F594712846FFF733FE0028E2
:10B5B000CAD136B12346324604A9384600F01FF8F6
:10B5C000C1E7224604A9384600F0DEF8BBE710B513
:10B5D0008CB030236A460446FFF7A4FF18B96946C9
:10B5E0002046F7F72DFC0CB010BD034601440020A7
:10B5F00013F8012B8B4240EA0200F9D1704730B5B5
:10B600000B4411F8014B12F8015B994284EA0504DE
:10B6100000F8014BF5D130BDF8B5054614466F88EA
:10B620002D8805F4E04CBCF5804F1846DDE9063660
:10B6300006D19A421DD800F0A7F834600020F8BD6A
:10B6400047F21212954202D06FF08500F7E76400CE
:10B6500001349C420DD80423B7F5807F3460037019
:10B66000F2D10130F7F738FE0028E7D06FF08600FE
:10B67000E5E76FF08900E2E72DE9F0411F46038816
:10B68000DDF820800E4644F212118B4215464288A6
:10B690002ED047F212118B423BD102B9EA00B2F52B
:10B6A000807F36D1202D03D06FF08600BDE8F08179
:10B6B00029463046FFF799FF0028F5D03046F7F7C6
:10B6C000F7FD0028F0D1D8F8004034F48074EBD1B5
:10B6D000069B9D4220D82A463146384600F054F851
:10B6E000079B1D604FF48073C8F800302046DDE7EB
:10B6F0001AB9EB07D8D56A08D200B2F5807F08D115
:10B70000412DD1D13378042BCED1701CF7F7DAFD5F
:10B71000D7E76FF08500C9E76FF08900C6E7F8B595
:10B720000D46478801881E4647F21213FC1D9942B8
:10B730004FEAD40402D06FF08500F8BD944215D8CA
:10B7400021462846F7F734F80028F6D12146284646
:10B75000FFF74BFF0028F3D0B7F5807FEBD12846E9
:10B76000F7F7A6FD0028EBD13460E6E76FF089001B
:10B77000E3E77047F5F710B84FF0FF324FF0FF33B3
:10B78000F4F792BFFEF709BD0A44914200F1FF337E
:10B7900000D1704710B511F8014B03F8014F9142E9
:10B7A000F9D110BD884210B501EB020402D98442E0
:10B7B000234607D8431EA14208D011F8012B03F8F5
:10B7C000012FF8E7024401468A4200D110BD13F868
:10B7D000014D02F8014DF7E702440346934200D1C0
:10B7E000704703F8011BF9E710B501390244904294
:10B7F00001D1002005E0037811F8014FA34201D0E8
:10B80000181B10BD0130F2E710B56AB10139841878
:10B8100010F8012B11F8013F9A4203D1A04201D048
:10B82000002AF5D1D01A10BD1046FCE710B5013939
:10B83000044632B111F8013F00F8013B013A002BF8
:10B84000F7D10021FFF7C8FF204610BD10B5024612
:10B8500001448A42134603D01C780132002CF8D1EF
:10B86000181A10BD2DE9F047C3F13709074688467D
:10B870005FFA89F903F01F0516464FF0000A3846B3
:10B8800041462A465346E0F7E9FBD4B2092C88BF6B
:10B890004C443A46434688BFE4B2AA4204F130041D
:10B8A00073EB0A0306F8014B07468846E7D2304699
:10B8B000BDE8F0872DE9F04F87B00618994602AB36
:10B8C00041EB0104009315463046D2E9002321469E
:10B8D000DDF844B000F0A9F804AB0093D5E90223E9
:10B8E000074688463046214600F09FF8DDE90263AE
:10B8F000841951EB0306049BD5E900014FF00002C7
:10B9000028BF0122D218059B43F10003381848EBE9
:10B910000101B84271EB0801D5E902C134BF012031
:10B92000002014EB0C0C46EB010110EB0C0041F174
:10B930000001A04271EB060C34BF4FF0010C4FF038
:10B94000000CCDE90423A9F1410A1CEB020243F1EA
:10B950000003CDF800A000F083F8109BC3E90001BC
:10B96000129B012BDDE9042329D1D5E90201D5E998
:10B9700000C5201A66EB0101674578EB050534BF69
:10B9800001250025401B61F10001844276EB010591
:10B9900034BF01250025521BCDF800A063F1000340
:10B9A00000F05EF8DDE90423CBE90001CDF800A04A
:10B9B0002046314600F054F807B0BDE8F08F17EB91
:10B9C000070E48EB080C201946EB0601BE457CEB40
:10B9D000080834BF01270027C71941F10008D5E93D
:10B9E000000186457CEB010CD5E9021534BF01202E
:10B9F0000020381A68F1000C401A6CEB050192180F
:10BA00005B41A74278EB060534BF0125002552199A
:10BA100043F10003874278EB010834BF012500257C
:10BA2000521BA9F140050095B8E7F0B50F46044652
:10BA3000A0FB0201A7FB02524919A3FB044542F1F6
:10BA40000002A7FB0373611845F10004D219059E9B
:10BA500043F10003121943F10003C6E90023F0BDCE
:10BA6000F0B5059CC4F14007C4F1200602FA06F6C1
:10BA7000A4F12005BB4022FA05F53343C4F12006AA
:10BA80002B4301FA06F6A4F12005E04021FA05F562
:10BA90003043BA402843E14010431943F0BD2DE93B
:10BAA000F0410446CD0FC1F30A50C1F3130154EA2B
:10BAB0000107157140F2FF7607D0B0420CD145F076
:10BAC000080515710020BDE8F081002863D0B04260
:10BAD0005ED145F00405F4E7002859D10120A0F219
:10BAE000FF30002B106059DB0C2B59DCC3F10D0526
:10BAF000AD00012005F1FF3CA5F12107C5F12106AC
:10BB000020FA06F600FA07F700FA0CF03743061899
:10BB100047EB0708D6F1000E68EB480C013E48F1F0
:10BB2000FF38264008EA0108B04277EB08080FDB2F
:10BB3000C5F12008B5F1200601FA08F824FA05F548
:10BB400045EA08055CBF41FA06F63543ED0703D523
:10BB50002018044641EB070104EA0E0401EA0C0137
:10BB60009DF81860123218460D25C6F127064FF0D1
:10BB7000300E04F00F03240944EA017405F1FF3C80
:10BB80000911571EB3B9A8420CDA65463A46F0E7E8
:10BB900041F48011A3E704460146A2E70023DFE752
:10BBA0000D23DDE782F800E01CF1010365463A460B
:10BBB000DFD188E7092BC8BF9B193033A842137027
:10BBC000B8BF2846F0E7D1E9043293421EBF5A1CA1
:10BBD0000A61187070470000014800687047000053
:04BBE00014450020E8
:08BBE400D63AFE7F01000000CB
:10BBEC009D41010000000000FD410100000000002B
:10BBFC0000000000BCBC0200DF9F0200000000003F
:10BC0C005D0402000000000081040200000000003E
:10BC1C0000000000DCBC0200D5C9010000000000DF
:10BC2C0059ED010000000000D39402000000000058
:10BC3C0000000000FCBC0200000000001CBD020063
:10BC4C0061E00100000000000D2201000000000076
:10BC5C00B53F010000000000000000003CBD0200E8
:10BC6C003DEE010000000000DD09020000000000B4
:10BC7C00000000007CBD020000000000BCBD020002
:10BC8C00000000009CBD0200000000005CBD020032
:10BC9C0049460100000000004F9402000000000023
:10BCAC00599402000000000000000000DCBD0200FE
:10BCBC000503030050CD0200CCBF02001419002074
:10BCCC001447002011C70100000000000000000014
:10BCDC00BC03030070CD020088BF02001A190020BB
:10BCEC00DC47002049CF01000000000000000000EC
:10BCFC002E0303000000000068BF0200161900208C
:10BD0C0068470020F9CB0100000000000000000093
:10BD1C00F8050300F8CD0200E8BF0200201900204E
:10BD2C00C81700209DD60100FD9002000000000005
:10BD3C000A0903000000000014CF0200261900209D
:10BD4C005C48002069E401000000000000000000D5
:10BD5C00980303000000000070BF020018190020B7
:10BD6C000000000019CD01000000000000000000E0
:10BD7C00990403009C170020ACBF02001C19002082
:10BD8C00E8470020938D02008F8D02000000000018
:10BD9C00D007030044CE0200C4BF020022190020C9
:10BDAC00EC170020A9D701000000000000000000E3
:10BDBC00DD070300ACCE0200C4BF02002419002032
:10BDCC005C180020A9D70100000000000000000052
:10BDDC00BF050300B0CD0200000000001E190020BA
:10BDEC003E700020BDD201000000000000000000E9
:10BDFC00ED94020027950200000000002B65020064
:10BE0C001CBD020057900200E84700208DFC010089
:10BE1C0015F8010027950200000000002B650200B8
:10BE2C00F8150020FF8A0200000000002B650200BC
:10BE3C00000000002B650200000000002B650200D2
:10BE4C00000000002B650200000000002B650200C2
:10BE5C00000000002B6502006847002069CC01003F
:10BE6C00000000002B650200000000002B650200A2
:10BE7C00000000002B650200000000002DE1010015
:10BE8C00000000002B650200000000002B65020082
:10BE9C00000000002B650200000000002B65020072
:10BEAC00000000002B650200000000002B65020062
:10BEBC00000000002B65020000000000C1ED010035
:10BECC00000000002B650200000000002B65020042
:10BEDC00000000002B650200000000002B65020032
:10BEEC00000000002B650200000000002B65020022
:10BEFC00000000002B650200000000002B65020012
:10BF0C00000000002B65020025F8010027950200B7
:10BF1C00000000002B650200000000002B650200F1
:08BF2C00000000002B6502007B
:10BF380040370020008F002000040000CDC501001C
:10BF48000000000000000000000000000E000000DB
:10BF580000000000FF0203000000000000000000D5
:08BF6800A1CB0100F9CA0100A0
:10BF7000278A02006DCE0100A9CD0100EDCC0100A1
:08BF8000AB890200DDCC0100D9
:10BF8800038B0200558A0200638A02007B8A020042
:10BF9800878A0200938A0200758C0200AD8A02002B
:04BFA8000000000095
:10BFAC002DD1010000000000A5CF01000000000011
:08BFBC0000000000E98D020005
:08BFC40085D901002B92020057
:10BFCC0069C7010059880200B9880200000000000E
:0CBFDC00F78702000000000000000000D9
:10BFE800E78E0200E9D50100D98E02000391020014
:10BFF8000D8F0200358F02006B8F02007F8F0200C9
:10C00800AD8F0200C18F02007F8F02009D8F02005A
:10C01800D58F0200E38F0200F18F02002790020003
:04C028002B90020057
:10C02C00050000002D7D0100060000008DB301000D
:08C03C00040000009D8D0100CD
:10C044005D0301007D01010000000000000000000C
:10C0540000000000000000000000000000000000DC
:10C0640000000000000000000000000000000000CC
:10C074000000000075A301000000000000000000A3
:10C0840078CB02000800000018CC02000700000072
:08C09400D8C702000A000000F9
:10C09C0068F1020002000000CBF90200020000006F
:10C0AC0002E7020002000000C5F5020002000000D9
:10C0BC00690203000200000009E702000200000010
:10C0CC00EEF2020002000000D2FD020002000000AD
:10C0DC00CEEE0200020000000FF102000200000090
:10C0EC00510203000200000057F70200020000009A
:10C0FC0099E502000200000027090300020000007D
:10C10C001509030002000000BCE60200020000005A
:10C11C004101030002000000FADD020002000000F1
:10C12C002003030002000000DFE502000200000013
:10C13C00B203030002000000AF090300020000007C
:10C14C00FFDE020002000000C70503000200000031
:10C15C00CA03030002000000A60403000200000052
:10C16C00FF020300020000000EDF020002000000CC
:10C17C0012DF020002000000BCD30200030000002A
:10C18C005309030002000000ADE4020002000000AD
:10C19C000EE502000200000016E50200020000009D
:10C1AC007909030002000000D60A03000200000017
:10C1BC00BFE602000200000025E5020002000000BC
:10C1CC00EA0703000200000006060300020000005C
:10C1DC0045D80200030000004BDD02000300000004
:08C1EC0012DC02000300000058
:10C1F40004C90200A844002029E002000100000054
:10C20400040000000F00000001000000080000000E
:10C214002000000064000000740000000D00000015
:10C224000C0000000E000000500000007800000028
:10C23400AC000000FFFFFFFFFFFFFFFFFFFFFFFF5A
:04C24400FFFFFFFFFA
:10C24800B9E602000000000000000000D942010029
:10C258009545010000000000E9FC02000100000013
:10C2680000000000137C0200000000000000000035
:10C27800C6FD02000100000000000000459D01000D
:10C288000000000000000000BEFD020001000000E8
:10C2980000000000C1930100FDA1010000000000A2
:10C2A800490203000100000000000000F5C1010080
:10C2B80001C1010000000000CCFD020001000000E7
:10C2C800000000003D9901001D98010000000000D9
:0CC2D80000000000490901000000000007
:10C2F00000000000030000003000000060000000AB
:10C300000000000001000100000101000001000127
:10C31000000001000100000001000B0002000A0003
:10C32000050009000A000800140007001E000600AE
:10C33000320005004B000400640003009600020078
:10C34000FA000100F401000002030100F401FA0008
:10C35000960064004B0032001E0014000A00050025
:10C36000020001000C0802170D0101020909010178
:10C370000602091818030101090903030503020154
:10C38000230202240910040405050B0B040B2B1BCC
:10C390001B159A9A1C021D16130501490D15050857
:10C3A000061B1B0F0A060601010000FEFEFEFEFE34
:10C3B000FEFEFEFEFEFEFEFEFEFEFEFE16FEFEFE85
:10C3C000FEFEFEFEFEFEFEFE1F1FFEFE26FEFEFE23
:10C3D000FEFEFEFEFEFEFEFEFEFEFEFEFEFEFE3E3D
:10C3E0003EFEFEFEFE3B3B00A301B103BF05EF0294
:10C3F0004906A309C505F50B25120E021C045A03B4
:10C40000B4063006600C000001000000101100406E
:10C41000000000000000000000000000000000001C
:10C420000406080A0C0E10121416181C1E202224D2
:10C4300026282A2C2E30323436383A3C3E404244AC
:10C4400046484A4C4E021A500000000028000000E6
:10C450001800000000000000141E00003011000051
:10C460000000000070170000A00F00000000DC05B5
:10C47000E803000000000000141E0000301100005E
:10C4800000002CA6E0A100003408E803000103022C
:10C49000D8ECF0F4F8FC00020304050607080000DD
:10C4A000000000000000000000000000000000008C
:10C4B000000001010101020202020303030304045C
:10C4C000040405050505060606080900000000002D
:10C4D000000000000000000000000000000000015B
:10C4E0000101010202020203030303040404040520
:10C4F00005050506060708090A0B0C0D00100200C9
:10C50000FA00000001030062746C65000000000086
:10C51000000000000000000000000000000000001B
:10C52000000000000000000000000000000000000B
:10C5300000000000000000000001000000000000FA
:10C540000338FDD870470000010000000000000023
:10C5500005000000000000001900000000000000BD
:10C560007D000000000000007102000000000000DB
:10C57000350C000000000000093D00000000000034
:10C580002D31010000000000E1F505000000000071
:10C5900065CD1D0000000000F902950000000000BC
:10C5A000DD0EE90200000000514A8D0E000000007F
:10C5B0009573C24800000000E941CC6B0100000007
:10C5C0008D49FD1A07000000C16FF28623000000AC
:10C5D000C52EBCA2B1000000D9E9AC2D7803000043
:10C5E0003D9160E45811000031D6E275BC56000060
:10C5F000F52E6E4DAEB10100C9EA268367780800BA
:10C60000ED95C28F055A2A00A1EDCCCE1BC2D300F6
:10C6100025A4000A8BCA22040000000000000000CC
:10C6200000000000000000100000000000000000FA
:10C63000B9340332B7F4AD1410DB1AB30892540EB8
:10C640000D307D951447BA1A66088F4D26ADC66D1C
:10C65000F598BF85E2B74511CA96853D92BD1DEBA1
:10C66000FCA11860DCEF52163C92AE220BB8C1B4AC
:10C67000839D2D5B0562DA1C304C7E8F4E8BB25B46
:10C6800016F4529F8B56A512FBD4827643ED8AF0A6
:10C690008FE7F9311565191850F19BD94A13EEB49B
:10C6A000284CF0A686C1251F035FC270CB9E491699
:10C6B000E642889C44EB2014B0650836AD6EA58533
:10C6C00085F0CA14E2FD031A0B899979D5B13D09A9
:10C6D000D8DA973A35EBCF10AC363F5E73BB38CF24
:10C6E0003E6752FA44AFBA15010000000000000096
:10C6F0000000000000000020345065C05FC9A65251
:10C70000BB13CBAEC440C21806C8DF7100D5A87CED
:10C71000F56F0FDA58FC27136E4756357D242065D8
:10C7200002C7E768E48CA41DE9E60268D7CD396149
:10C730007977FCC2405BEF16798CDE43FFA751F995
:10C7400091F3B278F5BDBE11E857E9D6E8BEE87BB3
:10C75000B054AC8F848D751BEA23A499E9F9D38B6F
:10C76000B7A3714061DA3E15CEE33ECB73F94808BA
:10C770008C97B427D51B7010A2BFEFB9EB8532158B
:10C780004DB44DB49BBB6F1996B6076CF8E7EEAD90
:10C7900036D9B4F59135AE13222218AF4E6A684DE2
:10C7A00091DAAA3D4F40741E9FBD9EE006A1C0983D
:10C7B00057C2A7FDA40E90170E7D497173E3208F19
:10C7C000B220D87605143B12853D7434811343B0F2
:10C7D000AD297A5F27F4351C3CD10200D97D0200D7
:10C7E000000000002CD802000000010038D1020037
:10C7F0009B7F020000000000B41500200000010033
:10C800000AD80200534D020000000000D65000205C
:10C810000000010034D10200AB7D0200E59A010066
:10C820009C1500200000030030D102009B7F020015
:10C83000000000009415002000000100E8D702006D
:10C8400000000000A9030100000000000000020039
:10C850002CD102009B7F0200000000008C150020FC
:10C8600000000100C6D702000000000039010100ED
:10C87000000000000000020028D102009B7F02009F
:10C88000000000008415002000000100A4D7020071
:10C8900000000000E90001000000000000000200AC
:10C8A000090700003DD80200010100001019002016
:10C8B0000710000000190020F02D002000010000EA
:10C8C00055600200F75F02000200000005620200EE
:10C8D0000000000000000000000000000000000058
:10C8E00009E0020011E0020000000000000000006A
:10C8F0000000000019E002001DE0020021E002003B
:10C9000025E002006D2C0100612C0100912C01003A
:10C91000492C010000000000552C0100000000001F
:10C92000ED2C0100B0440020E66C00201000000057
:10C9300002000000000000000000000000E007000E
:10C940005CBD02000100000000E0070000200000C4
:10C950005CBD0200C01000200000000000000B06BB
:10C960000200000068C9020000000000FAE40200B2
:10C97000240002020000002002E502001E000B114C
:10C98000E81500204140010000000000B5650200EC
:10C9900084C90200A0C902004A0000000000000093
:10C9A00070B2002084C90200B4C902002E00000049
:10C9B0000000000038B7002084C90200C8C9020086
:10C9C00002010000000000000CB800200E0300006F
:10C9D000BD5C01000F040000895C01001A01000029
:10C9E000E54701000504000089480100130100002B
:10C9F000C94F01003E010000ED4D01000112000091
:10CA0000676A02000A1E0000596A0200FF01000066
:10CA1000614F01003E010000414F0100050400008C
:10CA2000D5480100080400006D53010030030000E8
:10CA3000E5520100100100007D49010001120000D3
:10CA40000D5C01000A1E0000416B0200030900009A
:10CA5000C9500100040B00001D4A0100060A000035
:10CA6000B1550100070A00004D4901000C05000006
:10CA700019490100050C0000ED54010084C90200B1
:10CA80008CCA0200470000000000000028B9002006
:10CA900044F5020051F5020071F5020065F502004F
:10CAA0007CF5020093F50200A3F50200EBF802000A
:10CAB000B7F5020084C90200C4CA020000000000E9
:10CAC0000000000048BA002084C90200D8CA020051
:10CAD0004A0000000000000070BA0020AF710200A0
:10CAE00001720200000000000000000000000000D1
:10CAF0003580010000000000000000000000000080
:10CB000000000000020201008D790200040401000F
:10CB1000318D010006060100718C0100080401003E
:10CB20005D8B01000A020100757902000C0401000E
:10CB30005D7902000E040100318A01002004010029
:10CB40009589010010040100A5880100120201006E
:10CB50002D7802001E000400E97A02005202000053
:10CB60005378020084C9020074CB02004C0000001C
:10CB700000000000C8BB00206CD10200D97D02007B
:10CB80000000000068D102000000010064D1020032
:10CB90009B7F020000000000301700200000010011
:10CBA0005CD1020000000000000000000000000056
:10CBB0000000000058D10200AB7D0200E59A0100A0
:10CBC000381700200000030054D102009B7F0200B0
:10CBD0000000000028170020000001004CD10200D6
:10CBE000117E0200619C01000000000000000300B3
:10CBF00048D102009B7F02000000000020170020A7
:10CC00000000010040D1020011A10100000000005D
:10CC1000000000000000010098D10200D97D020050
:10CC20000000000094D102000000010090D1020039
:10CC30009B7F020000000000601700200000010040
:10CC400088D10200417E02000000000000000000C8
:10CC50000000010084D102009B7F02000000000060
:10CC600058170020000001007CD102006B7E0200FA
:10CC700000000000000000000000010078D1020068
:10CC80009B7F020000000000501700200000010000
:10CC900070D1020091970100000000000000000028
:10CCA0000000010009B301002786020061BD0100F8
:10CCB00000000000000000004DBA0100000000006C
:10CCC0000000000000000000000000000000000064
:10CCD00000000000A5B4010006000000EB83020084
:10CCE0000600000081B0010010000000F5AC01005A
:10CCF0001000000001BD0100010000001D820200C3
:10CD000010000000E78302000A000000B1B3010038
:10CD10001000000031BB010007000000EF8302009B
:10CD200010000000E78202000100000055B201007F
:10CD3000400000008B830200100000000783020007
:10CD400001000000CDC601009DC6010000000000EA
:10CD500045C80100C5C7010014030300A5C70100B1
:10CD6000DF8802001A0303000400000000FF000037
:10CD7000FFFFFFFF00000050F8150020000000003A
:10CD8000000000000030004090CD020002000000D2
:10CD9000A8CD020002000000A0CD020002010000A8
:10CDA0001A80000C1B80000B1A06000C1B06000BDF
:10CDB0003200000004000000C8CD0200F837002057
:10CDC00045D2010000000000DCBC02000D00110093
:10CDD0000B000000DCBC02000E001100020000008D
:10CDE000DCBC02000F00110003000000DCBC0200EC
:10CDF00010001100040000000020004001000000AD
:10CE00000000000018CE02000000D6010000000063
:10CE10003F7000203E7000200020004024CE020021
:10CE2000020000003CCE02000200000034CE0200EE
:10CE300002010000068000000B80000106000000D7
:10CE40000B0000010030024001000000000000FF64
:10CE500000FF0000000000000000000101000000D1
:10CE6000A391020070CE020000000000FFFFFFFF50
:10CE7000003002407CCE02000200000098CE02008A
:10CE8000030000008CCE02000301000019800004A2
:10CE9000178000051880000619000004170000051F
:10CEA00018000006DCBC0200160001000040004033
:10CEB00000000000000000FF00FF00000000000074
:10CEC000000000010100000099910200D8CE02008C
:10CED00000000000FFFFFFFF00400040E4CE020022
:10CEE0000200000000CF020003000000F4CE0200A8
:10CEF000030100001F8000041E8000051D80000645
:10CF00001F0000041E0000051D00000600000000B8
:10CF10000000000095E301002793020055930200F2
:10CF2000820A0300900A0300A40A0300B30A030064
:10CF3000BF0A0300ECBB0200ECBB02004CBC0200C9
:10CF400054BC0200BCBC0200BCBC0200D90A0300F5
:10CF50000001000000000000512563FCC2CAB9F3C3
:10CF6000849E17A7ADFAE6BCFFFFFFFFFFFFFFFFA0
:10CF700000000000FFFFFFFFAAAAAAAAAAAAAAAA65
:10CF8000AAAAAAAA555555555555555555555555FD
:10CF90000000000055555555522563FCC2CAB9F32F
:10CFA000849E17A7ADFAE6BCFFFFFFFFFFFFFFFF60
:10CFB00000000000FFFFFFFF512563FCC2CAB9F368
:10CFC000849E17A7ADFAE6BCFFFFFFFFFFFFFFFF40
:10CFD00000000000FFFFFFFF96C298D84539A1F47A
:10CFE000A033EB2D817D0377F240A463E5E6BCF826
:10CFF00047422CE1F2D1176BF551BF376840B6CBF1
:10D00000CE5E316B5733CE2B169E0F7C4AEBE78EEC
:10D010009B7F1AFEE242E34F4B60D2273E3CCE3B61
:10D02000F6B053CCB0061D65BC86987655BDEBB303
:10D03000E7933AAAD835C65AFCFFFFFFFFFFFFFF70
:10D04000FFFFFFFF000000000000000000000000E4
:10D0500001000000FFFFFFFF647261676F6F6E2FBA
:10D060006C6962732F73636865642F7372632F73C7
:10D07000636865645F68616C5F7274632E6300004F
:10D0800000000000000000000000000000000000A0
:10D090000000004095596959555554551555555638
:10D0A00004051541105455404551554440455044E0
:10D0B000505555450040004040044496655556552E
:10D0C0004540455451411540559155555555405190
:10D0D0000501000054455454455505040010041042
:10D0E000140440000000014055551541540400004F
:10D0F00044000100000000404100004450444550FD
:10D100005400555554556551004000400100000140
:10D1100000050100115451515455550500000000FF
:10D1200000000000000000000000032800000328A9
:10D130000000032800000229000003280000002846
:10D1400000002A2B00002A2B000003280000292BB6
:10D150000000292B00000328000002290000052AF6
:10D160000000052A00000328000001180000002824
:10D170000000042A0000042A000003280000012AFD
:10D180000000012A000003280000002A0000002AF5
:10D190000000032800000018000000285365747484
:10D1A000696E6773206C656E677468206D69736D56
:10D1B0006174636820666F722063617264732120FA
:10D1C000457870656374656420257A752C20676FD7
:10D1D0007420257A75002D2D2D204E564D204C4F54
:10D1E00041442053554343455353202D2D2D005288
:10D1F0006573746F72656420256420636172647363
:10D200002066726F6D2073746F726167652E004DBA
:10D21000415443482120556E6C6F636B696E672ED5
:10D220002E2E00524649442054696D656F75742056
:10D23000726561636865642E2052656C6F636B690B
:10D240006E672E005374617274696E672041646466
:10D250002046696E6765727072696E7420726F75B0
:10D2600074696E6520666F722049443A2025640017
:10D270004E65772066696E6765727072696E74209C
:10D280007375636365737366756C6C792061646430
:10D29000656421004661696C656420746F20616477
:10D2A000642066696E6765727072696E742E0045DF
:10D2B0006E726F6C6C6D656E7420747269676765F1
:10D2C00072656421205374617274696E6720696E9F
:10D2D0002031207365636F6E642E2E2E0057616CB3
:10D2E0006C4E657420426F6F74696E672E2E2E002F
:10D2F0004661696C656420746F2072656769737438
:10D3000065722073657474696E67732068616E64FA
:10D310006C6572202865727220256429005365743B
:10D3200074696E6773206C6F6164206661696C65F7
:10D330006420286572722025642900456E74657228
:10D34000696E672046697273742D54696D65205348
:10D35000657475702E004578697374696E67206412
:10D3600061746120666F756E642E205661756C74F1
:10D37000204C6F636B65642E0046696E6765727042
:10D3800072696E742F426C7565746F6F7468207368
:10D39000657475702C206D6F76696E67206F6E20D6
:10D3A000746F206576656E7420696E74657272752F
:10D3B0007074732E0077616C6C6574006D61696EBA
:10D3C0005F61707000436865636B73756D206661A3
:10D3D000696C656420666F7220666C61673A203004
:10D3E000782530325800556E6B6E6F776E20666C04
:10D3F000616720726563656976656420666F722077
:10D4000062757A7A657220636F6E74726F6C3A20FF
:10D41000307825303258005265636569766564203E
:10D42000777269746520746F2077616C6C65742005
:10D430007061636B657420636861726163746572A7
:10D4400069737469632E2044617461206C656E6732
:10D4500074683A2025640A00307825303258202834
:10D46000272563272900446973636F6E6E656374B3
:10D4700065642066726F6D2050686F6E652028723B
:10D480006561736F6E20307825303278292E006701
:10D4900070732F6C6173745F666978004661696CA4
:10D4A000656420746F20616E63686F72204750530B
:10D4B00020746F204E564D202825642900416E634C
:10D4C000686F726564204C617374204B6E6F776E69
:10D4D0002047505320746F204E564D2E0056616CDD
:10D4E00069646174696F6E207061737365642E2066
:10D4F00050726F6D6F74696E6720736861646F77C7
:10D5000020636172647320746F204E564D2E004E5E
:10D51000564D205361766520537563636573733A86
:10D520002053797374656D20686F6C647320256473
:10D530002063617264732E00424C452053796E6300
:10D540002054696D656F75743A204E6F2076616C5A
:10D5500069642063617264732072656365697665CE
:10D56000642E00424C452053796E6320436F6D70EA
:10D570006C6574652E2053797374656D204C6F63F0
:10D580006B65642E004661696C656420746F20725F
:10D59000657374617274206164766572746973690D
:10D5A0006E672028657272202564290041647665C3
:10D5B00072746973696E67207265737461727465E1
:10D5C000642E2057616974696E6720666F722070DF
:10D5D00061697265642070686F6E652E2E2E00463C
:10D5E00069656C64206F766572666C6F77202D209C
:10D5F00043616E6E6F7420617070656E6420256487
:10D600002062797465732E00436F6E6E6563746576
:10D610006420746F2050686F6E6500436F6E6E6596
:10D620006374696F6E206661696C65642028657239
:10D63000722030782530327829004E657720576186
:10D640006C6C6574205061636B65742E20456E743C
:10D650006572696E6720424C452053796E63205392
:10D66000746174652E2E2E005061727365642043C0
:10D670006172642025643A20257320257320282EAA
:10D680002E2E25732900596573004E6F0050616975
:10D6900072696E6720436F6D706C6574652E2042F1
:10D6A0006F6E6465643A20257300656E61626C6517
:10D6B000640064697361626C656400475053206E56
:10D6C0006F74696669636174696F6E732025730096
:10D6D000426C7565746F6F746820696E697420663A
:10D6E00061696C6564202865727220256429004692
:10D6F00061696C656420746F207265676973746515
:10D7000072206175746820696E666F2063616C6C4D
:10D710006261636B73202825642900424C452053C5
:10D720007461636B20496E697469616C697A6564C0
:10D730002E2057616974696E6720666F72204E569D
:10D740004D20746F206C6F6164204D4143206164F3
:10D7500064726573732E2E2E00416476657274694F
:10D7600073696E67206661696C656420746F2073ED
:10D770007461727420286572722025642900424CFD
:10D7800045204164766572746973696E67207375AC
:10D79000636365737366756C6C79207374617274FE
:10D7A00065642E0002F5DEBC9A7856341278563441
:10D7B000127856341202F5DEBC9A78563412785636
:10D7C00034127856341202F4DEBC9A785634127849
:10D7D0005634127856341202F4DEBC9A785634125B
:10D7E000785634127856341202F3DEBC9A785634E6
:10D7F00012785634127856341202F3DEBC9A7856F8
:10D800003412785634127856341202F1DEBC9A780B
:10D81000563412785634127856341202F1DEBC9A1D
:10D8200078563412785634127856341202F0DEBC30
:10D830009A78563412785634127856341257616CEE
:10D840006C4E65740077616C6C6E65745F626C65BC
:10D85000000A5B452D494E4B5D2053657475702061
:10D86000312F323A20507265737320627574746F71
:10D870006E20746F20656E726F6C6C2041646D69F0
:10D880006E2046696E6765727072696E742E000A4A
:10D890005B452D494E4B5D20456E726F6C6C696E19
:10D8A000672046696E6765727072696E742E2E2EDF
:10D8B000000A5B452D494E4B5D2052617069646CD6
:10D8C0007920706C6163652066696E676572206F90
:10D8D0006E2073656E736F72207468726565207454
:10D8E000696D65732E2E2E000A5B452D494E4B5DEA
:10D8F00020536574757020322F323A205072657350
:10D900007320627574746F6E20746F20626567692E
:10D910006E20426C7565746F6F74682070616972F7
:10D92000696E672E000A5B452D494E4B5D205061A4
:10D930006972696E67204D6F64653A204F70656E3D
:10D940002041707020746F20436F6E6E6563742E7B
:10D950002E2E000A5B452D494E4B5D2053796E6398
:10D96000696E672043617264732077697468205020
:10D97000686F6E652E2E2E20506C65617365205782
:10D980006169742E000A5B452D494E4B5D204E6F38
:10D990002043617264732053617665642E000A5BD4
:10D9A000452D494E4B5D20446973706C6179696EF9
:10D9B0006720436172642025642F25643A20257313
:10D9C00020257320282E2E2E257329000A5B452D35
:10D9D000494E4B5D205452414E534D495454494E8B
:10D9E000473A202573202573202D20282E2E2E2502
:10D9F0007329000A5B452D494E4B5D2021212120D2
:10DA0000464143544F525920524553455420494EA4
:10DA10004954494154454420212121000A5B452DA8
:10DA2000494E4B5D20416C6C2064617461207769C4
:10DA30007065642E205265626F6F74696E672E2E5A
:10DA40002E00486F6C64206465746563746564209F
:10DA500028256C6C64206D73292E20456E746572C8
:10DA6000696E672046696E6765727072696E7420B0
:10DA7000456E726F6C6C6D656E742E00456E7465CC
:10DA800072696E67204164646974696F6E616C20AD
:10DA9000456E726F6C6C6D656E74204D6F64652E93
:10DAA00000486F6C6420646574656374656420620B
:10DAB00075742073797374656D206973206E6F744B
:10DAC00020696E204C4F434B45442073746174654C
:10DAD0002E2049676E6F72696E672E0077616C6CDD
:10DAE00065742F63617264730057616C6C65742098
:10DAF00077697065642E205265626F6F74696E6716
:10DB00002073797374656D20696E203220736563AC
:10DB10006F6E647320746F20636C65617220737420
:10DB20006174652E2E2E00526573657420626C6FD1
:10DB3000636B65643A2053797374656D2069732053
:10DB400063757272656E746C79206C6F636B696E4D
:10DB500067204E564D2E004E6F2063617264732015
:10DB6000696E2077616C6C65742E2049676E6F72E8
:10DB7000696E6720746170732E00526567697374F3
:10DB80006572656420256420746170732E20416382
:10DB900074697665204361726420496E64657820FB
:10DBA0006973206E6F772025642E00446576696363
:10DBB000652069732073796E63696E67206F76657F
:10DBC0007220424C452E2049676E6F72696E672045
:10DBD000627574746F6E207461702E005549205305
:10DBE000756273797374656D20496E697469616CCF
:10DBF000697A65642E20496E7075742063616C6C5F
:10DC00006261636B732072656769737465726564C2
:10DC10002E0077616C6C6E65745F75690048656194
:10DC2000646572206D69736D617463680A00426196
:10DC3000636B6C6F672066756C6C2121210A00464E
:10DC4000502055415254206E6F7420726561647982
:10DC50000A00EF01FFFFFFFF010025582000537469
:10DC6000617274696E6720656E726F6C6C6D656E43
:10DC7000742070726F636573732E2E2E0A004E75BA
:10DC80006D626572206F66207061636B65747320CE
:10DC900072656365697665643A2025640A004C61A3
:10DCA0007374207061636B65742072656365697657
:10DCB00065643A2000456E726F6C6C6D656E742001
:10DCC0007375636365737366756C210A00496465D7
:10DCD0006E74696669636174696F6E2073636F72D5
:10DCE0006520666F722049442025643A2025640A25
:10DCF000004964656E74696669636174696F6E205A
:10DD00007375636365737366756C20666F72204903
:10DD100044202564210A00EF01FFFFFFFF537461D7
:10DD20007274696E672047505320547261636B6947
:10DD30006E672E0053746F7070696E672047505382
:10DD400020547261636B696E672E0077616C6C6E34
:10DD500065745F6770730028756E7369676E6564BC
:10DD6000292063686172202A207573656420666FBC
:10DD7000722025257020617267756D656E742E2086
:10DD800049742773207265636F6D6D656E64656499
:10DD900020746F206361737420697420746F20761F
:10DDA0006F6964202A2062656361757365206974F8
:10DDB000206D6179206361757365206D697362659B
:10DDC000686176696F7220696E206365727461693B
:10DDD0006E20636F6E66696775726174696F6E73CA
:10DDE0002E20537472696E673A2225732220617265
:10DDF00067756D656E743A25640063627072696E52
:10DE000074665F7061636B616765004661696C652C
:10DE10006420746F207265626F6F743A207370694A
:10DE20006E6E696E6720656E646C6573736C792EB7
:10DE30002E2E0A004E5653206E6F7420696E697440
:10DE400069616C697A656400436F756C64206E6FFC
:10DE500074206F627461696E20666C6173682070F3
:10DE60006172616D657465727300556E7375707063
:10DE70006F7274656420777269746520626C6F6379
:10DE80006B2073697A6500536563746F72207369E0
:10DE90007A6520257520746F6F206C617267652C20
:10DEA000206D6178696D756D20697320257A750024
:10DEB000556E61626C6520746F20676574207061B7
:10DEC000676520696E666F00496E76616C696420D3
:10DED000736563746F722073697A6500436F6E6651
:10DEE000696775726174696F6E206572726F7220F6
:10DEF0002D20736563746F7220636F756E74006696
:10DF0000735F6E7673006C6F6767696E67006C6F26
:10DF100067006C6F675F6D676D74004D657373614B
:10DF20006765202822257322292064726F7070652E
:10DF30006420626563617573652069742065786328
:10DF4000656564732073697A65206C696D697461B5
:10DF500074696F6E2028257529004D65737361679C
:10DF6000652064726F7070656420626563617573AB
:10DF70006520697420657863656564732073697AC8
:10DF800065206C696D69746174696F6E20282575F0
:10DF900029000D0A001B5B306D00257320005B25F6
:10DFA00030386C755D20005B253032753A25303293
:10DFB000753A253032752E253033752C2530337562
:10DFC0005D200025732F003C25733E200025733A09
:10DFD0002000253032782000202020007C0025639E
:10DFE00000206D657373616765732064726F707074
:10DFF0006564202D2D2D0D0A1B5B306D001B5B31E0
:10E000003B33316D2D2D2D20001B5B313B33316DAA
:10E01000001B5B313B33336D006572720077726EAB
:10E0200000696E6600646267006C6F675F626163BF
:10E030006B656E645F727474007365742D76616CC9
:10E040007565206661696C7572652E206B65793A1D
:10E05000202573206572726F7228256429002A2A90
:10E060002A20426F6F74696E67206E524620436F9C
:10E070006E6E6563742053444B2076332E322E32FD
:10E080002D373438343565313639626532202A2AE5
:10E090002A0A002A2A2A205573696E67205A657059
:10E0A000687972204F532076342E322E39392D66FE
:10E0B0006534663031303638303365202A2A2A0AF2
:10E0C0000072302F61313A202030782530387820A6
:10E0D0002072312F61323A20203078253038782074
:10E0E0002072322F61333A20203078253038780082
:10E0F00072332F61343A20203078253038782072FE
:10E1000031322F69703A20203078253038782072EB
:10E1100031342F6C723A2020307825303878002046
:10E12000787073723A202030782530387800466154
:10E13000756C74696E6720696E7374727563746947
:10E140006F6E206164647265737320287231352F9D
:10E150007063293A2030782530387800556E686130
:10E160006E646C6564204952516E3A202564002A21
:10E170002A2A2A2A20425553204641554C54202A07
:10E180002A2A2A2A002020537461636B696E672053
:10E190006572726F72002020556E737461636B69D3
:10E1A0006E67206572726F7200202050726563691D
:10E1B0007365206461746120627573206572726F8B
:10E1C000720020204246415220416464726573739C
:10E1D0003A2030782578002020496D707265636997
:10E1E0007365206461746120627573206572726F5B
:10E1F00072002020496E737472756374696F6E20AB
:10E20000627573206572726F72002020466C6F61B8
:10E2100074696E672D706F696E74206C617A7920F5
:10E220007374617465207072657365727661746968
:10E230006F6E206572726F72002A2A2A2A2A205570
:10E2400053414745204641554C54202A2A2A2A2A20
:10E250000020204469766973696F6E206279207AA4
:10E2600065726F002020556E616C69676E65642071
:10E270006D656D6F72792061636365737300202033
:10E280004E6F20636F70726F636573736F72206976
:10E290006E737472756374696F6E73002020496CBD
:10E2A0006C6567616C206C6F6164206F66204558F7
:10E2B000435F52455455524E20696E746F2050434F
:10E2C000002020496C6C6567616C20757365206F58
:10E2D00066207468652045505352002020417474B4
:10E2E000656D707420746F20657865637574652042
:10E2F000756E646566696E656420696E73747275A7
:10E300006374696F6E002A2A2A2A2A204D505520EC
:10E310004641554C54202A2A2A2A2A002020537488
:10E3200061636B696E67206572726F722028636F1C
:10E330006E746578742061726561206D69676874B8
:10E34000206265206E6F742076616C6964290020FC
:10E350002044617461204163636573732056696F63
:10E360006C6174696F6E0020204D4D464152204112
:10E370006464726573733A203078257800202049F0
:10E380006E737472756374696F6E20416363657335
:10E39000732056696F6C6174696F6E0052657365A6
:10E3A0007276656420457863657074696F6E2028A5
:10E3B0000053707572696F757320696E746572723F
:10E3C00075707420284952512000535053454C20F9
:10E3D000696E20746872656164206D6F6465206485
:10E3E0006F6573206E6F7420696E64696361746514
:10E3F00020505350002A2A2A2A2A204841524420D9
:10E400004641554C54202A2A2A2A2A0020204275A7
:10E4100073206661756C74206F6E20766563746F0F
:10E4200072207461626C6520726561640020204412
:10E4300065627567206576656E740020204661759B
:10E440006C7420657363616C6174696F6E202873EE
:10E4500065652062656C6F772900415243485F45CE
:10E460005843455054207769746820726561736F12
:10E470006E2025780A002A2A2A2A2A2044656275F5
:10E4800067206D6F6E69746F722065786365707454
:10E49000696F6E202A2A2A2A2A002A2A2A2A2A2052
:10E4A000257320256429202A2A2A2A2A006D7075BE
:10E4B000004661696C656420746F20616C6C6F63E9
:10E4C000617465206E6577204D50552072656769CF
:10E4D0006F6E2025750A00506172746974696F6EE1
:10E4E0002025753A2073616E6974792063686563CD
:10E4F0006B206661696C65642E00464C4153485F31
:10E5000030005352414D5F300065786974006E658C
:10E51000745F627566006E65745F6275665F7369CD
:10E520006D706C6500736F630000FFFFFFFFFFFFFE
:10E5300000000000000000FFFFFFFFFFFF000000E1
:10E540000000007075626C69630072616E646F6DCB
:10E55000007075626C69632D69640072616E646F2E
:10E560006D2D696400253032583A253032583A25ED
:10E570003032583A253032583A253032583A253020
:10E58000325820282573290030313233343536375C
:10E5900038396162636465660062745F727061003D
:10E5A000496E73756666696369656E74206E756D14
:10E5B000626572206F6620617267756D656E747337
:10E5C0000049676E6F72696E67206964656E746971
:10E5D000746965732073746F72656420696E206658
:10E5E0006C61736800496E76616C6964206C656E5D
:10E5F000677468204944206164647265737320699C
:10E600006E2073746F726167650062742F25732FBB
:10E6100025303278253032782530327825303278FE
:10E62000253032782530327825752F2573006274B5
:10E630002F25732F253032782530327825303278E7
:10E6400025303278253032782530327825750073C0
:10E65000657474696E67735F7375627379735F69EC
:10E660006E6974206661696C656420286572722029
:10E670002564290062742F2573004661696C656406
:10E6800020746F207361766520494420286572727A
:10E690002025642900556E61626C6520746F2073BB
:10E6A0006574757020616E206964656E7469747933
:10E6B00020616464726573730062740062745F73D6
:10E6C000657474696E6773004254204C572057512B
:10E6D0000002FB349B5F80000080001000000000FF
:10E6E0000000010400020000000200000000000021
:10E6F0000005000000000000000000000000000015
:10E70000000562745F6275660062745F64617461C3
:10E71000004461746120627566666572206F76657B
:10E7200072666C6F7720286C696E6B2074797065E7
:10E73000203078253032782900556E61626C652072
:10E74000746F206C6F6F6B20757020636F6E6E201E
:10E75000776974682068616E646C65202575005562
:10E760006E61626C6520746F206C6F6F6B757020CA
:10E77000636F6E6E20666F722068616E646C6520D8
:10E780002575004861726477617265206572726FE9
:10E79000722C20686172647761726520636F6465B2
:10E7A0003A20256400436F756C64206E6F7420738B
:10E7B00075626D69742072785F776F726B3A20258D
:10E7C0006400556E61626C6520746F20616C6C6FC3
:10E7D000636174652062756666657200556E686176
:10E7E0006E646C6564206576656E742030782530C3
:10E7F0003278206C656E2025753A202573004E6FA7
:10E800002070656E64696E672070657269706865F6
:10E8100072616C20636F6E6E656374696F6E005514
:10E820006E65787065637465642073746174757364
:10E8300020307825303278202573004E6F20636FAA
:10E840006D6D616E642073656E7420666F722063F7
:10E850006D6420636F6D706C657465203078253051
:10E860003478004F70436F646520307825303478F9
:10E8700020636F6D706C6574656420696E73746578
:10E880006164206F6620657870656374656420300C
:10E89000782530347800546F6F20736D616C6C2074
:10E8A00028257520627974657329206576656E74F4
:10E8B0002030782530327800496E76616C696420AA
:10E8C000484349206576656E742073697A6520280F
:10E8D00025752900496E76616C6964204C45206D70
:10E8E000657461206576656E742073697A65202889
:10E8F00025752900574553545F544F504449522FB2
:10E900007A65706879722F7375627379732F626C90
:10E910007565746F6F74682F686F73742F6863699F
:10E920005F636F72652E63006576745F666C616706
:10E93000732026202831554C203C3C2028302929A2
:10E9400000415353455254494F4E204641494C20B3
:10E950005B25735D20402025733A25640A00496ECB
:10E9600076616C6964206275662074797065202513
:10E970007500496E76616C696420484349204143C3
:10E980004C207061636B65742073697A652028255B
:10E9900075290041434C2064617461206C656E6789
:10E9A0007468206D69736D61746368202825752013
:10E9B000213D2025752900556E61626C6520746FBC
:10E9C0002066696E6420636F6E6E20666F722068C9
:10E9D000616E646C652025750062745F6863695FB1
:10E9E0006576745F6765745F666C616773286864D9
:10E9F000722D3E657674292026202831554C203C06
:10EA00003C202831292900556E6B6E6F776E20628D
:10EA10007566207479706520257500556E68616E85
:10EA2000646C65642076656E646F722D73706563C7
:10EA300069666963206576656E74203078253032AA
:10EA400078206C656E2025753A20257300657674F4
:10EA5000206E756D5F68616E646C657320283D255E
:10EA6000752920746F6F206C617267652028257A84
:10EA700075203E20257529004E6F20636F6E6E65F0
:10EA80006374696F6E20666F722068616E646C6576
:10EA9000202575007061636B65747320636F756EFC
:10EAA00074206D69736D6174636800696E7465725A
:10EAB00076616C2065786365656473207468652091
:10EAC00076616C69642072616E67652025752075BA
:10EAD00073006C6174656E63792065786365656445
:10EAE00073207468652076616C69642072616E675A
:10EAF000652030782530347800737570765F7469DE
:10EB00006D656F75742065786365656473207468DE
:10EB1000652076616C69642072616E67652030786B
:10EB200025303478004661696C656420746F207309
:10EB300065742072657175697265642073656375AB
:10EB400072697479206C6576656C004E6F2063681D
:10EB5000616E676520746F20656E63727970746989
:10EB60006F6E2073746174652028656E63727970AE
:10EB700074203078253032782900556E61626C65DA
:10EB800020746F2073656E6420746F2064726976E0
:10EB90006572202865727220256429004F757420E3
:10EBA0006F6620636F6D6D616E6420627566666569
:10EBB000727300556E636C65617265642070656E7A
:10EBC00064696E672073656E745F636D640073754E
:10EBD00063636573730009636F6D6D616E64206FAD
:10EBE00070636F6465203078253034782074696DE7
:10EBF000656F75740A00657272203D3D2030000912
:10EC0000436F6E74726F6C6C657220756E72657393
:10EC1000706F6E736976652C20636F6D6D616E64C5
:10EC2000206F70636F6465203078253034782074ED
:10EC3000696D656F757420776974682065727220DC
:10EC400025640A006F70636F646520307825303466
:10EC50007820737461747573203078253032782091
:10EC60002573004661696C656420746F207265616C
:10EC70006420444C45206D61782064617461206C8F
:10EC8000656E0074785F6F63746574732065786374
:10EC900065656473207468652076616C69642072B0
:10ECA000616E67652025750074785F74696D6520F5
:10ECB00065786365656473207468652076616C6946
:10ECC000642072616E6765202575004E6F6E2D4C55
:10ECD000452063617061626C6520636F6E74726F52
:10ECE0006C6C657220646574656374656421004EA4
:10ECF000756D206F6620436F6E74726F6C6C6572F9
:10ED000027732041434C207061636B65747320212D
:10ED10003D2041434C2062745F636F6E6E5F747878
:10ED200020636F6E74657874732028257520213DEB
:10ED3000202575290041434C2042522F4544522042
:10ED400062756666657273206E6F7420696E697491
:10ED500069616C697A65640056656E646F722048FB
:10ED6000434920657874656E73696F6E73206E6FAA
:10ED70007420617661696C61626C65004661696CE2
:10ED8000656420746F207265616420737570706FA4
:10ED9000727465642076656E646F7220636F6D6D4A
:10EDA000616E6473004661696C656420746F2072E3
:10EDB00065616420737570706F7274656420766528
:10EDC0006E646F7220666561747572657300484386
:10EDD0004920647269766572206973206E6F7420B1
:10EDE000726561647900425420525820575100489E
:10EDF000434920647269766572206F70656E206683
:10EE000061696C65642028256429004E6F20706557
:10EE10006E64696E6720636F6E6E20666F7220701D
:10EE200065657220257300556E657870656374653D
:10EE30006420484F53545F4E554D5F434F4D504CE7
:10EE4000455445445F5041434B4554532C20737403
:10EE50006174757320307825303278202573000076
:10EE60000909090901020909090909090909090921
:10EE70000907090909090906090909090909090907
:10EE8000090909090909090905312E306200312EE5
:10EE90003100312E3200322E3000322E3100332E2E
:10EEA0003000342E3000342E3100342E3200352E16
:10EEB0003000352E3100352E3200352E3300352E00
:10EEC0003400362E3000362E3100362E3200627479
:10EED0005F6863695F636F726500636D6420646976
:10EEE00073616C6C6F776564004661696C65642062
:10EEF000746F2064697361626C652061646472651B
:10EF00007373207265736F6C7574696F6E005265F0
:10EF1000736F6C76696E67206C6973742073697A9D
:10EF2000652065786365656465642E205377697430
:10EF30006368696E6720746F20686F73742E004673
:10EF400061696C656420746F20636C656172207206
:10EF500065736F6C7574696F6E206C6973740046AD
:10EF600061696C656420746F206164642049524B50
:10EF700020746F20636F6E74726F6C6C65720053D7
:10EF800065742070726976616379206D6F646520A5
:10EF9000636F6D6D616E64206973206E6F74207392
:10EFA0007570706F72746564004661696C65642089
:10EFB000746F207365742070726976616379206D57
:10EFC0006F64650044697361626C696E6720616497
:10EFD0006472657373207265736F6C7574696F6E9C
:10EFE000206661696C656420286572722025642939
:10EFF000004661696C656420746F2072656D6F7680
:10F00000652049524B2066726F6D20636F6E74727B
:10F010006F6C6C6572004F6E6C792072616E646FFC
:10F020006D20737461746963206964656E746974BA
:10F0300079206164647265737320737570706F7288
:10F0400074656400496E76616C696420696E7075E0
:10F050007420706172616D657465727300466169D8
:10F060006C656420746F2072656164207075626CD9
:10F070006963206164647265737300526561642022
:10F08000537461746963204164647265737365735A
:10F0900020636F6D6D616E64206E6F7420617661A8
:10F0A000696C61626C65004661696C656420746FAF
:10F0B00020726561642073746174696320616464A3
:10F0C000726573736573004E6F2073746174696346
:10F0D000206164647265737365732073746F726505
:10F0E0006420696E20636F6E74726F6C6C65720061
:10F0F00043616E27742073657420626F74682049C1
:10F1000044454E544954592026204E5250410062E5
:10F11000745F696400546F6F206269672061647670
:10F120006572746973696E67206461746100466119
:10F13000696C656420746F207374617274206164FB
:10F140007665727469736572004661696C656420E6
:10F15000746F2073746F7020616476657274697364
:10F16000696E673A2025640062745F6164760046C8
:10F1700061696C656420746F2067656E6572617487
:10F180006520454343206B6579202564004661690D
:10F190006C656420746F206578706F7274204543CD
:10F1A00043207075626C6963206B6579202564006B
:10F1B0004661696C656420746F206578706F727445
:10F1C000204543432070726976617465206B6579D0
:10F1D000202564004661696C656420746F20646555
:10F1E0007374726F7920454343206B6579204944DD
:10F1F000202564004661696C656420746F20696D28
:10F20000706F7274207468652070726976617465BD
:10F21000206B657920666F72206B6579206167725B
:10F2200065656D656E7420256400526177206B659D
:10F23000792061677265656D656E74206661696CC1
:10F240006564202564004661696C656420746F20E4
:10F2500064657374726F7920746865206B657920BA
:10F260002564007073615F696D706F72745F6B65A8
:10F270007928292072657475726E656420737461D3
:10F280007475732025640042757379207065726609
:10F290006F726D696E6720616E6F7468657220456C
:10F2A000434448206F7065726174696F6E00E69D1B
:10F2B000350E480103CCDBFDF4AC1191F4EFB9A598
:10F2C000F9E9A7832C5E2CBE97F2D203B0208BD233
:10F2D0008915D08E1C742430ED8FC24563765C1581
:10F2E000525ABF9A32636DEB2A65499C80DC627486
:10F2F0005F656363004661696C6564207265616483
:10F300002072656D6F7465206665617475726573D2
:10F310002028256429004661696C6564204C4520DD
:10F320005365742050485920282564290046616996
:10F330006C656420746F207365742064617461204F
:10F340006C656E202825642900556E6578706563AC
:10F35000746564206669727374204C324341502096
:10F360006672616D6500556E65787065637465647D
:10F37000204C3243415020636F6E74696E75617426
:10F38000696F6E004E6F7420656E6F7567682062DE
:10F39000756666657220737061636520666F7220A2
:10F3A0004C32434150206461746100556E65787041
:10F3B00065637465642041434C20666C616773200B
:10F3C00028307825303278290041434C206C656E16
:10F3D000206D69736D6174636820282575203E2057
:10F3E0002575290028756E6B6E6F776E29006E6F1C
:10F3F000207472616E736974696F6E2025730049A1
:10F400006E76616C69642028257529206F6C6420F4
:10F41000737461746500636F6E6E20257020666181
:10F42000696C656420746F2065737461626C6973C4
:10F43000682E205246206E6F6973653F006E6F2004
:10F4400076616C6964202825752920737461746560
:10F45000207761732073657400696E636F6D7061EE
:10F460007469626C652068616E646C652025750046
:10F4700054696D656F757420646973636172646546
:10F48000642E204E6F20626C6F636B696E6720691B
:10F490006E2073797377712E00466174616C2065FC
:10F4A00072726F7220282564292E20446973636F5D
:10F4B0006E6E656374696E6720257000466F756EA9
:10F4C000642076616C696420636F6E6E6563746935
:10F4D0006F6E202825702920776974682061646424
:10F4E0007265737320257320696E202573207374F1
:10F4F000617465200053656E64204C452070617214
:10F50000616D20757064617465206661696C656405
:10F510002028657272202564290053656E6420617D
:10F5200075746F204C4520706172616D2075706438
:10F53000617465206661696C65642028657272205B
:10F5400025642900646973636F6E6E656374656416
:10F5500000646973636F6E6E6563742D636F6D70A5
:10F560006C657465007363616E2D6265666F7265AC
:10F570002D696E6974696174696E6700696E69747A
:10F58000696174696E672D66696C7465722D6C694A
:10F590007374006164762D636F6E6E65637461626F
:10F5A0006C65006164762D6469722D636F6E6E65A3
:10F5B000637461626C6500646973636F6E6E65632A
:10F5C00074696E670062745F636F6E6E00556E6182
:10F5D000626C6520746F20616C6C6F636174652070
:10F5E00062756666657220666F72206F7020307873
:10F5F00025303278004E6F20617661696C61626CF3
:10F6000065204C3243415020636F6E7465787420DE
:10F61000666F7220636F6E6E20257000457870658E
:10F620006374696E6720757020746F202564207282
:10F630006566732C20676F7420256400616C7265A9
:10F6400061647920686176652076696577206F6EE0
:10F65000202570004C32434150206C656E67746801
:10F66000206D69736D617463682028257520213DC4
:10F670002025752900496E76616C6964206964658E
:10F680006E742076616C756520696E204C32434142
:10F69000502050445500496E76616C6964204C4599
:10F6A00020636F6E6E20706172616D2072737020C6
:10F6B00073697A652028257520213D20257A7529D2
:10F6C0000052656A656374696E6720756E6B6E6F54
:10F6D000776E204C324341502050445520636F6474
:10F6E000652030782530327800546F6F20736D615B
:10F6F0006C6C204C32434150207369676E616C69B9
:10F700006E672050445500546F6F20736D616C6CB0
:10F71000204C324341502050445520726563656946
:10F720007665640049676E6F72696E672064617404
:10F730006120666F7220756E6B6E6F776E206368E6
:10F74000616E6E656C204944203078253034780035
:10F75000636F6E6669670062745F6C32636170002C
:10F76000415454206368616E6E656C206E6F742026
:10F77000636F6E6E6563746564004572726F7220AC
:10F780007369676E696E6720646174610052616EAF
:10F79000206F7574206F6620545820627566666508
:10F7A0007273206F7220636F6E74657874732E00AD
:10F7B000556E61626C6520746F206372656174655B
:10F7C0002065727220727370205044550041545469
:10F7D000204D54552065786365656465642C206D03
:10F7E00061782025752C2077616E74656420257AF8
:10F7F0007500556E61626C6520746F20637265617F
:10F800007465207273702050445500546F6F2073DC
:10F810006D616C6C204154542050445520726563D6
:10F82000656976656400556E68616E646C65642018
:10F8300041545420636F646520307825303278005D
:10F84000496E76616C6964206C656E202575206652
:10F850006F7220636F6465203078253032780055F0
:10F860006E61626C6520746F2063726561746520DF
:10F87000555549443A2073697A6520257500556EBF
:10F8800061626C6520746F206372656174652055D8
:10F890005549443A2073697A65202564004E6F20EB
:10F8A000617661696C61626C652041545420636FBC
:10F8B0006E7465787420666F7220636F6E6E20259B
:10F8C00070004E6F20617661696C61626C652041E9
:10F8D0005454206368616E6E656C20666F7220639D
:10F8E0006F6E6E202570004E6F7420636F6E6E65B4
:10F8F0006374656400556E61626C6520746F206688
:10F90000696E6420415454206368616E6E656C00BA
:10F91000476F74206572722025642C206E6F7420EE
:10F9200063616C6C696E6720415454206362004EC1
:10F930006F20415454206368616E6E656C20666F61
:10F9400072204D545520257A75004E6F2070656EDB
:10F9500064696E67204154542072657175657374D3
:10F9600000556E61626C6520746F2063726561740E
:10F9700065207265747279205044552028257529B8
:10F9800000446973636F6E6E656374696E672066A9
:10F9900061696C65642028657272202564290041C4
:10F9A00054542054696D656F757420666F722064BD
:10F9B00065766963652025732E20446973636F6ED5
:10F9C0006E656374696E672E2E2E0062745F6174BB
:10F9D0007400434D41432075706461746520666115
:10F9E000696C6564202564004661696C65642074F7
:10F9F0006F206465636F64652076616C756520288F
:10FA000065727220257A6429004661696C656420FC
:10FA1000746F2073617665204461746162617365FF
:10FA20002048617368202865727220256429006669
:10FA300061696C656420746F2073746F7265205304
:10FA40004320286572722025642900756E61626CFE
:10FA50006520746F20736176652053433A206E6F82
:10FA600020636667206C65667400546F6F206D615B
:10FA70006E7920436C69656E7420436861726163BE
:10FA8000746572697374696320436F6E6669677524
:10FA9000726174696F6E2E2053656520434F4E4628
:10FAA00049475F42545F53455454494E47535F435F
:10FAB00043435F53544F52455F4D41580A00496ECE
:10FAC00076616C6964206B6579006661696C656458
:10FAD00020746F2064656C6574652053432028652D
:10FAE000727220256429004661696C656420746F18
:10FAF00020636C6561722053432025640046616970
:10FB00006C656420746F2073746F726520436C6938
:10FB1000656E742046656174757265732028657220
:10FB2000722025642900556E61626C6520746F2017
:10FB30006465636F64652061646472657373202516
:10FB40007300496E76616C6964206C6F63616C2030
:10FB50006964656E7469747920256C7500556E61F1
:10FB6000626C6520746F20726573746F72652053C8
:10FB7000433A206E6F20636667206C656674004EA2
:10FB80006F20737061636520746F2073746F72658A
:10FB90002043434320636667004E6F2073706163A8
:10FBA0006520746F2073746F726520436C69656E95
:10FBB0007420537570706F7274656420466561744B
:10FBC0007572657300556E61626C6520746F20728A
:10FBD0006573746F72652043463A206E6F206366CA
:10FBE00067206C656674004368616E67652D617798
:10FBF00061726520737461747573206E6F74206612
:10FC00006F756E6420696E2073657474696E6773B6
:10FC10002C2064656661756C74696E67207065651B
:10FC2000722073746174757320746F206368616EE1
:10FC300067652D756E61776172650052656164203C
:10FC40006261636B20626164206368616E67652D29
:10FC500061776172652076616C75653A2030782530
:10FC6000782C2064656661756C74696E67207065B8
:10FC700065722073746174757320746F206368619A
:10FC80006E67652D756E617761726500556E616294
:10FC90006C6520746F20696D706F72742074686574
:10FCA000206B657920666F722041455320434D419A
:10FCB0004320256400434D4143206F706572617499
:10FCC000696F6E20696E6974206661696C65642075
:10FCD000256400434D41432066696E697368206660
:10FCE00061696C65642025640062742F636363003E
:10FCF0004661696C656420746F2073746F7265204F
:10FD0000434343732028657272202564290052659D
:10FD10006164206D6574686F64206E6F7420736514
:10FD200074004661696C656420746F20726561645B
:10FD3000206174747269627574652025702028656D
:10FD4000727220257A642900496E76616C6964209C
:10FD500072656164206C656E6774683A20257A6408
:10FD600000434343202570206E6F742077726974BE
:10FD700061626C6500534320726573746F72652015
:10FD8000696E6469636174696F6E206661696C6530
:10FD900064004661696C656420746F20736574202B
:10FDA000736563757269747920666F7220626F6E15
:10FDB000646564207065657220282564290062747A
:10FDC0002F686173680062742F63660062742F731A
:10FDD000630062745F6761747400556E61626C6584
:10FDE00020746F2066696E6420534D5020636861F3
:10FDF0006E6E656C005075626C6963206B6579206E
:10FE00006E6F7420617661696C61626C6500466139
:10FE1000696C656420746F2067656E6572617465D6
:10FE20002044484B65790043616C63756C6174656F
:10FE300020636F6E6669726D206661696C6564002F
:10FE4000556E6B6E6F776E2070616972696E672098
:10FE50006D6574686F6420282575290043616C63A3
:10FE6000756C617465204C544B206661696C6564E7
:10FE70000043616C63756C617465206C6F63616CC9
:10FE80002044484B657920636865636B206661692F
:10FE90006C65640043616C63756C617465207265A8
:10FEA0006D6F74652044484B657920636865636BAA
:10FEB000206661696C65640052656D6F74652070C1
:10FEC00075626C6963206B65792072656A6563741D
:10FED000656400526563656976656420696E766164
:10FEE0006C6964207075626C6963206B6579004E83
:10FEF0006F20617661696C61626C6520534D5020A2
:10FF0000636F6E7465787420666F7220636F6E6EB7
:10FF100020257000556E61626C6520746F206765E6
:10FF200074206B65797320666F72202573005468A6
:10FF30006520696E2D70726F6772657373207061D2
:10FF40006972696E6720686173206265656E2064FE
:10FF5000656C657465642100534D5020646F657352
:10FF6000206E6F7420616C6C6F7720612070616906
:10FF700072696E67206661696C75726520617420B4
:10FF80007468697320706F696E742E204B6E6F7782
:10FF90006E2069737375652E20446973636F6E6E8E
:10FFA000656374696E6720696E73746561642E00A1
:10FFB000546F6F20736D616C6C20534D5020504412
:10FFC0005520726563656976656400534D50206302
:10FFD0006F6D6D616E642028636F646520307825D5
:10FFE00030327829207265636569766564206166C0
:10FFF0007465722074696D656F7574005265636510
:020000023000CC
:100000006976656420726573657276656420534D08
:100010005020636F64652030782530327800556E4B
:1000200068616E646C656420534D5020636F646535
:100030002030782530327800556E657870656374AD
:10004000656420534D5020636F64652030782530FF
:10005000327800496E76616C6964206964656E74FB
:10006000697479202573005265667573696E67201F
:100070006E65772070616972696E672E20546865BD
:10008000206F6C6420626F6E64206D7573742062E3
:100090006520756E7061697265642066697273743B
:1000A0002E0070616972696E67206661696C6564B3
:1000B00020287065657220726561736F6E203078DC
:1000C000257829004E6F206B65797320737061630A
:1000D0006520666F7220257300534D502054696D62
:1000E000656F75742028666C6167733A30782530C7
:1000F000387820616C6C6F7765645F636D64733A08
:1001000030782530387829000005061F1F2918127D
:100110000308020305080A00080103040105040599
:10012000090607010106060800000100010003019D
:1001300000030202010002000000000002030100AF
:100140000362745F736D70004661696C656420744E
:100150006F20726561642076616C75652028657218
:100160007220257A642900556E61626C6520746F77
:100170002066696E642064656C65746564206B65D7
:10018000797320666F72202573004661696C65641F
:1001900020746F20616C6C6F63617465206B65798E
:1001A0007320666F7220257300496E76616C6964F6
:1001B000206B6579206C656E67746820257A6420F1
:1001C000213D20257A7500546865206B6579732080
:1001D000666F722025732061726520646F776E6789
:1001E000726164656420746F20756E6175746865F2
:1001F0006E746963617465642061732074686579E5
:10020000206E6F206C6F6E676572206D656574205F
:1002100061757468656E7469636174696F6E20726C
:100220006571756972656D656E7473004661696CA0
:10023000656420746F2073617665206B6579732027
:1002400028657272202564290062742F6B657973AA
:100250000062745F6B657973006C888391AAF5A561
:100260003860370BDB5A6083BE62745F63727970EB
:10027000746F004661696C656420746F20696D70ED
:100280006F727420414553206B65792025640046C8
:1002900061696C656420746F20636F6D707574653F
:1002A000204D41432025640000070E091C1B121538
:1002B000383F363124232A2D6B5F6D7367715F677A
:1002C0006574206572726F723A2025640045766508
:1002D0006E742064726F707065642C207175657522
:1002E000652066756C6C2C206E6F7420626C6F6379
:1002F0006B696E6720696E2073797377712E006960
:100300006E70757400636C6F636B403430303030E6
:10031000303030006866636C6B006C66636C6B0039
:10032000636C6F636B5F636F6E74726F6C0072618E
:100330006E646F6D40343030306430303000696E40
:1003400076616C696420616464726573733A20300D
:10035000782530386C783A257A7500756E616C694D
:10036000676E656420616464726573733A203078E7
:100370002530386C783A257A75006E6F7420776F67
:1003800072642D616C69676E65643A20307825303F
:10039000386C783A257A7500666C6173682D636FE6
:1003A0006E74726F6C6C6572403430303165303011
:1003B0003000666C6173685F6E7266006770696FAB
:1003C00040353030303030303000693263004E65B7
:1003D000656420746F207573652074686520696E8C
:1003E0007465726E616C20647269766572206275E4
:1003F0006666657220627574206974732073697A09
:100400006520697320696E73756666696369656ED8
:100410007420282575202B202575203E2025752940
:100420002E2041646A75737420746865207A657043
:100430006879722C636F6E6361742D6275662D73BB
:10044000697A65206F72207A65706879722C666CA3
:100450006173682D6275662D6D61782D73697A659B
:100460002070726F70657274792028746865206FCF
:100470006E652077697468206772656174657220A3
:1004800076616C75652920696E2074686520222567
:100490007322206E6F64652E006932634034303001
:1004A0003033303030006932635F6E7266785F746B
:1004B00077696D00756E737570706F727465642006
:1004C000737065656400547279696E6720746F207B
:1004D0007472616E73666572206D6F7265207468E8
:1004E000616E20746865206D6178696D756D20732B
:1004F000697A6520666F7220746869732064657616
:100500006963653A202564203E20256400466169C0
:100510006C656420746F20696E697469616C697AB6
:1005200065206465766963653A202573006B65799B
:100530005F696E6465782025642067657420666154
:10054000696C65643A202564002573206973206E08
:100550006F742072656164790050696E2025642093
:10056000636F6E66696775726174696F6E2066612C
:10057000696C65643A20256400436F756C64206E75
:100580006F7420736574206770696F2063616C6C91
:100590006261636B0050696E20256420696E74652A
:1005A000727275707420636F6E66696775726174BC
:1005B000696F6E206661696C65643A20256400622B
:1005C0007574746F6E73006770696F5F6B657973B4
:1005D0000000010203040506074661696C6564209A
:1005E000746F20616C6C6F6361746520505049209A
:1005F0004368616E6E656C007561727440343030B2
:10060000303230303000756172745F6E7266785FC0
:100610007561727465004661696C656420746F2051
:10062000616C6C6F63617465204750494F5445207D
:100630006368616E6E656C20666F722057414B4532
:10064000004661696C656420746F20636F6E666933
:10065000677572652057414B452070696E004353A2
:10066000204750494F20706F7274202573207069A5
:100670006E202564206973206E6F7420726561643A
:10068000790055706461746520657863656564738D
:100690002063757272656E7420627566666572009D
:1006A00048616C662D6475706C6578206E6F74207F
:1006B000737570706F7274656400536C6176652039
:1006C0006D6F6465206973206E6F74207375707030
:1006D0006F72746564206F6E202573004C6F6F70AD
:1006E0006261636B206D6F6465206973206E6F7447
:1006F00020737570706F7274656400576F72642038
:1007000073697A6573206F74686572207468616EAE
:100710002038206269747320617265206E6F7420C6
:10072000737570706F72746564004672657175657B
:100730006E63696573206C6F776572207468616E93
:1007400020313235206B487A20617265206E6F74DB
:1007500020737570706F72746564004661696C65B2
:100760006420746F20696E697469616C697A6520B0
:100770006E726678206472697665723A202564002C
:1007800057616974696E6720666F722057414B45E7
:100790002061636B6E6F776C6564676D656E742046
:1007A00074696D6564206F75740054696D656F754B
:1007B000742077616974696E6720666F7220747245
:1007C000616E7366657220636F6D706C6574650031
:1007D00073706940343030323330303000737069B8
:1007E000403430303034303030007370695F6E72B6
:1007F00066785F73706900536F66744465766963E9
:100800006520436F6E74726F6C6C65722041535338
:100810004552543A2025732C20256400456E74728D
:100820006F707920736F7572636520646576696394
:1008300065206E6F74207265616479004661696C31
:10084000656420746F2072656769737465722072C5
:10085000616E6420736F75726365202825642900BA
:10086000416C6C6F6361746564206D656D6F727946
:1008700020746F6F206C6F773A20257A75203C20AA
:100880002575004576656E74206275666665722012
:10089000746F6F20736D616C6C2E20257A75203E0D
:1008A00020257500556E6578706563746564206DEC
:1008B00073675F747970653A2025752E20546869D6
:1008C000732069662D656C7365206E6565647320A1
:1008D00061206E6577206272616E636800556E6B91
:1008E0006E6F776E206572726F72207768656E200A
:1008F00070726F63657373696E6720686369206DDA
:100900006573736167652025640062745F6863695D
:100910005F7364630062745F7364635F6863695FDD
:100920006472697665720062745F7364635F637298
:100930007970746F004D50534C20415353455254BD
:100940003A2025732C202564004D50534C20576FBE
:10095000726B006D70736C5F696E697400556E73B5
:100960007570706F72746564204846434C4B206507
:1009700076656E743A202564006E7266785F636CEB
:100980006F636B5F6D70736C006D70736C5F746917
:100990006D65736C6F745F73657373696F6E5F6F92
:1009A00070656E206661696C65643A202564006636
:1009B0006C6173685F73796E635F6D70736C000058
:1009C0000000000100000001010000010101010020
:1009D000000000000001010100000101010001010F
:1009E00001015465726D696E616C000000000000C9
:1009F00000545452205245474745530048616C7497
:100A0000696E672073797374656D00556E6B6E6FD8
:100A1000776E206572726F7200756E6B6E6F776E97
:100A2000003E3E3E205A45504859522046415441CE
:100A30004C204552524F522025643A202573206F96
:100A40006E20435055202564004661756C74206407
:100A50007572696E6720696E746572727570742044
:100A600068616E646C696E670A0043757272656EC8
:100A700074207468726561643A202570202825739B
:100A8000290043505520657863657074696F6E0066
:100A9000556E68616E646C656420696E746572720F
:100AA00075707400537461636B206F766572666C49
:100AB0006F77004B65726E656C206F6F7073004BC3
:100AC00065726E656C2070616E69630069646C6547
:100AD000006D61696E006F7300737973776F726B6D
:100AE0007100141400001C2030401C2000001C2049
:100AF00030400040903D6AF1A5AD641DCD273EBF5A
:100B0000FC680F404099CAAC00FFFFFFFF1F006E5A
:0C0B1000616E00286E756C6C29000000FE
:100B2400FFFFFFFFFF1F00001F0000000000000088
:100B34001D40000000000000FFFFFFFF1FFF00003A
:100B4400BAABBABA101010100000000000800040C8
:100B540000000000000000000C0000000000000085
:100B640000FF7F0000000000000000000000000003
:100B740000000000612D0000000000003DD70000CF
:100B840000000000792D0000000000005DD7000087
:100B9400000000001BD7000000000000000000005F
:100BA4000000000000000000000000000000000041
:100BB4000000000000000000000000000000000031
:100BC4000000000000000000000000000000000021
:100BD4000000000000000000000000000000000011
:100BE4000000000000000000000000000000000001
:100BF40000000000000000000000000000000000F1
:100C040000000000000000000000000000000000E0
:100C140000000000000000000000000000000000D0
:100C240000000000000000000000000000000000C0
:100C340000000000000000000000000000000000B0
:100C440000000000000000000000000000000000A0
:100C54000000000000000000000000000000000090
:100C64000000000000000000000000000000000080
:100C74000000000000000000000000000000000070
:100C84000000000000000000000000000000000060
:100C94000000000000000000000000000000000050
:100CA4000000000000000000000000000000000040
:100CB4000000000000000000000000000000000030
:100CC4000000000000000000000000000000000020
:100CD4000000000000000000000000000000000010
:100CE4000000000000000000000000000000000000
:100CF40000000000000000000000000000000000F0
:100D040000000000000000000000000000000000DF
:100D140000000000000000000000000000000000CF
:100D240000000000000000000000000000000000BF
:100D340000000000000000000000000000000000AF
:100D4400000000000000000000000000000000009F
:100D5400000000000000000000000000000000008F
:100D6400000000000000000000000000000000007F
:100D7400000000000000000000000000000000006F
:100D8400000000000000000000000000000000005F
:100D9400000000000000000000000000000000004F
:100DA400000000000000000000000000000000003F
:100DB400000000000000000000000000000000002F
:100DC400000000000000000000000000000000001F
:100DD400000000000000000000000000000000000F
:100DE40000000000000000008C1300205BF30000F2
:100DF40061F3000063F3000089F3000067F300006F
:100E040093F300006DF300009DF3000073F3000002
:100E1400A9F300007FF3000083F3000075F30000E2
:100E24007BF3000099F30000A3F30000D413002027
:100E340001FF00009BF60000A7F60000ABF60000DF
:100E4400B3F60000B7F60000000000000000000048
:100E5400000000000000000000000000000000008E
:100E6400000000000000000000000000000000007E
:100E7400000000000000000000000000000000006E
:100E8400000000000000000000000000000000005E
:100E9400000000000000000000000000000000004E
:100EA400000000000000000000000000000000003E
:100EB400000000000000000000000000000000002E
:100EC400000000000000000000000000000000001E
:100ED400000000000000000000000000000000000E
:100EE40000000000000000000000000000000000FE
:100EF40000000000000000000000000000000000EE
:100F040000000000000000000000000000000000DD
:100F140089590100000000000000000000000000EA
:100F240000000000000000000000000000000000BD
:100F340000000000000000000000000000000000AD
:100F4400000000000000000000000000000000009D
:100F5400000000000000000000000000000000008D
:100F6400000000000000000000000000000000007D
:100F7400000000000000000000000000000000006D
:100F8400000000000000000000000000000000005D
:100F9400000000000000000000000000000000004D
:100FA400000000000000000000000000000000003D
:100FB400000000003CBD0200B5D3020000000000A8
:100FC40000000000B1FD000000000000000000006F
:100FD400000000003D0601000000000000000000C9
:100FE40000000000B5D7020000000800D7D70200B7
:100FF40000000800F9D7020000000800000000000B
:101004000000000000000000B10601000000000024
:10101400000000001BD8020000001200DCBC02002B
:10102400BB53020017600200AD3101000000000054
:1010340000000000000000008363020000000000C4
:101044006763020034C9020000000000AB650200BF
:1010540000000000000000000060004000000000EC
:10106400000000000000000000000000000000007C
:10107400000000000000000000000000000000006C
:10108400000000000000000000000000000000005C
:10109400000000000000000000000000000000004C
:1010A400000000000000000000000000000000003C
:1010B400000000000000000000000000000000002C
:1010C400000000000000000000000000594401007E
:1010D400000000000000000000000000176C020087
:1010E4000000000000000000000000000D4E0100A0
:1010F400000000000000000000000000C96A0100B8
:1011040000000000000000000000000085690100EC
:10111400000000000000000000000000CD7301008A
:10112400000000000000000000000000216F01002A
:101134000000000000000000D8160020D81600208F
:1011440000000000000000007582010019920100F7
:101154008591010000000000000000001D860100D0
:10116400DD790200A37A020055820100000000002C
:1011740009800200000000000000000000000000E0
:1011840044D102000000020050D1020000000A0015
:1011940060D10200000020000000000000000000F8
:1011A4000000000000000000937E02000000000028
:1011B40074D102000000020080D10200000002008D
:1011C4008CD102000000020068170020681700207C
:1011D40000000000000000000E0000007C1700204A
:1011E4007C170020EDB901000000000000000000A1
:1011F4008B860200000000000000000000000000D8
:10120400000000000000980100000101658D02004B
:101214000002000085CF010084CD02003E6E002054
:10122400FF00000000000000D817002000000000AC
:1012340000000000000000000000000000000000AA
:1012440040700020200000000000000000000000AA
:1012540000000000A4CE020001000000FC170020E2
:10126400FC17002000000000010000000C18002002
:101274000C1800201418002014180020000000008E
:1012840001000000241800202418002000000000A1
:10129400000000000000000000000000000000004A
:1012A400000000000000000000000000000000003A
:1012B4009CBD0200000000000000000000000000CF
:1012C400000000000CCF0200000000006C18002099
:1012D4006C18002000000000010000007C180020B1
:1012E4007C180020841800208418002000000000CE
:1012F4000100000094180020941800200000000051
:1013040000000000000000000000000000000000D9
:1013140000000000000000000000000000000000C9
:10132400BCBD020000000000000000000090D003DB
:10133400FF00000090020000D8180020D8180020F8
:1013440099A9020095A90200D9B7020075B7020055
:1013540079B7020073B7020085B7020002000900E2
:10136400F0DEBC9A78563412785634127856341219
:02137400060170
:101376000000000000000000000000000000000067
:0613860000000000000061
:10138C000000000000000000000000000000000051
:10139C000000000000000000000000000000000041
:1013AC000000000000000000000000000000000031
:1013BC000000000000000000000000000000000021
:0413CC00000000001D
:1013D0006C1900206C19002024BD002000000000C2
:1013E000010000002C00000000000000881900200F
:1013F00088190020C0B1002000000000010000009A
:10140000B000000000000000A4190020A419002072
:1014100050BD002000000000030000001C00000080
:0414200000000000C8
:10142400C0190020C01900200000000000000000C6
:101434000E000000D4190020D41900200000000080
:10144400000000000E000000E8190020E819002048
:1014540000000000000000000E000000FC19002045
:10146400FC19002000000000000000000E00000035
:10147400101A0020101A00200000000000000000D4
:041484000E00000056
:10148800241A0020241A00200C000000100000007C
:10149800A4BD002064BE0020A4BD0020A4BD00207F
:1014A80000000000481A0020481A00200000000030
:1014B800541A0020541A0020000000000100000007
:1014C800641A0020641A00206C1A00206C1A00208C
:1014D80000000000FFFFFFFF7C1A00207C1A00209C
:1014E80000000000000000008C1A00208C1A002068
:0814F800941A0020941A002050
:101500000000000000000000A41A0020A41A00201F
:10151000AC1A0020AC1A00200300030010000000E9
:1015200000000000C8CA020050BB002000000000FC
:1015300000000000D01A0020D01A0020D81A002085
:10154000D81A00200300030010000000118F0100D2
:1015500064CB0200ACBC00200000000000000000D2
:10156000FC1A0020FC1A0020041B0020041B002091
:10157000030003000000000000000000A4C90200F6
:10158000C4B700200000000000000000281B00205D
:10159000281B0020301B0020301B00200100010010
:1015A00010000000116E0100B4CA020048BA002009
:1015B0000000000000000000541B0020541B00200D
:1015C0005C1B00205C1B00200300030000000000E7
:1015D000000000007CCA020000BA002000000000E9
:1015E00000000000801B0020801B0020881B0020C2
:1015F000881B00200C000C000400000015470100AF
:1016000090C90200E8B500200000000000000000C2
:10161000AC1B0020AC1B0020B41B0020B41B00201E
:10162000010001000000000000000000B8C9020035
:0416300010B90020CD
:0416340015E015E0C8
:04000003100038F5BC
:00000001FF
